input_id	path	type	exists	size_bytes	mtime	index_present	reference_build	n_sq	pg_chain_ids	pg_last_cl_truncated
HCC1395.TF0.rep1	/bip7_disk/pingting114/mixed_bam/HCC1395/TF0_25x/TF0_25x.rep1.bam	BAM	TRUE	81714977134	2026-07-08T22:25:39.488027	True	GRCh38_no_alt_analysis_set	195	minimap2;samtools;samtools.1;samtools.2;samtools.3;samtools.4	samtools view -@ 32 -b -s 101.94768764 -o /bip8_disk/pingting114/temp_mixed_bam_v2/TF0_25x/TF0_25x.rep1.bam /bip8_disk/pingting114/dedup_source_v2/HCC1395BL.normal.dedup.bam
HCC1395.TF0.rep2	/bip7_disk/pingting114/mixed_bam/HCC1395/TF0_25x/TF0_25x.rep2.bam	BAM	TRUE	81712440712	2026-07-08T22:25:39.468027	True	GRCh38_no_alt_analysis_set	195	minimap2;samtools;samtools.1;samtools.2;samtools.3;samtools.4	samtools view -@ 32 -b -s 102.94768764 -o /bip8_disk/pingting114/temp_mixed_bam_v2/TF0_25x/TF0_25x.rep2.bam /bip8_disk/pingting114/dedup_source_v2/HCC1395BL.normal.dedup.bam
HCC1395.TF0.rep3	/bip7_disk/pingting114/mixed_bam/HCC1395/TF0_25x/TF0_25x.rep3.bam	BAM	TRUE	81670238160	2026-07-08T22:25:38.812027	True	GRCh38_no_alt_analysis_set	195	minimap2;samtools;samtools.1;samtools.2;samtools.3;samtools.4	samtools view -@ 32 -b -s 103.94768764 -o /bip8_disk/pingting114/temp_mixed_bam_v2/TF0_25x/TF0_25x.rep3.bam /bip8_disk/pingting114/dedup_source_v2/HCC1395BL.normal.dedup.bam
HCC1395.TF0.rep4	/bip7_disk/pingting114/mixed_bam/HCC1395/TF0_25x/TF0_25x.rep4.bam	BAM	TRUE	81632558471	2026-07-08T22:25:38.448027	True	GRCh38_no_alt_analysis_set	195	minimap2;samtools;samtools.1;samtools.2;samtools.3;samtools.4	samtools view -@ 32 -b -s 104.94768764 -o /bip8_disk/pingting114/temp_mixed_bam_v2/TF0_25x/TF0_25x.rep4.bam /bip8_disk/pingting114/dedup_source_v2/HCC1395BL.normal.dedup.bam
HCC1395.TF0.rep5	/bip7_disk/pingting114/mixed_bam/HCC1395/TF0_25x/TF0_25x.rep5.bam	BAM	TRUE	81656272699	2026-07-08T22:25:37.604027	True	GRCh38_no_alt_analysis_set	195	minimap2;samtools;samtools.1;samtools.2;samtools.3;samtools.4	samtools view -@ 32 -b -s 105.94768764 -o /bip8_disk/pingting114/temp_mixed_bam_v2/TF0_25x/TF0_25x.rep5.bam /bip8_disk/pingting114/dedup_source_v2/HCC1395BL.normal.dedup.bam
HCC1395.TF1e-2.rep1	/bip7_disk/pingting114/mixed_bam/HCC1395/TF1e-2_25x/TF1e-2_25x.rep1.bam	BAM	TRUE	81316490175	2026-07-09T02:27:14.900413	True	GRCh38_no_alt_analysis_set	195	minimap2;samtools;samtools.1;samtools.2;samtools.3;samtools.4;minimap2-432DD722;samtools-6EC8F64;samtools.1-772E66DE;samtools.2-32FBDFD5;samtools.3-312561C4;samtools.4-29090DD6;samtools.5;samtools.6	samtools merge -@ 32 -o /bip8_disk/pingting114/temp_mixed_bam_v2/TF1e-2_25x/TF1e-2_25x.rep1.bam /bip8_disk/pingting114/temp_mixed_bam_v2/TF1e-2_25x/tmp_TF1e-2_tumor.rep1.bam /bip8_disk/pingting114/temp_mixed_bam_v2/TF1e-
HCC1395.TF1e-2.rep2	/bip7_disk/pingting114/mixed_bam/HCC1395/TF1e-2_25x/TF1e-2_25x.rep2.bam	BAM	TRUE	81309118966	2026-07-09T02:27:14.780413	True	GRCh38_no_alt_analysis_set	195	minimap2;samtools;samtools.1;samtools.2;samtools.3;samtools.4;minimap2-731305D9;samtools-162DDD4F;samtools.1-40A1B5ED;samtools.2-75F00338;samtools.3-42764EB;samtools.4-9AD6F71;samtools.5;samtools.6	samtools merge -@ 32 -o /bip8_disk/pingting114/temp_mixed_bam_v2/TF1e-2_25x/TF1e-2_25x.rep2.bam /bip8_disk/pingting114/temp_mixed_bam_v2/TF1e-2_25x/tmp_TF1e-2_tumor.rep2.bam /bip8_disk/pingting114/temp_mixed_bam_v2/TF1e-
HCC1395.TF1e-2.rep3	/bip7_disk/pingting114/mixed_bam/HCC1395/TF1e-2_25x/TF1e-2_25x.rep3.bam	BAM	TRUE	81295378269	2026-07-09T02:27:13.764413	True	GRCh38_no_alt_analysis_set	195	minimap2;samtools;samtools.1;samtools.2;samtools.3;samtools.4;minimap2-F725A47;samtools-797E175C;samtools.1-7877A840;samtools.2-62CC4F58;samtools.3-274F01C2;samtools.4-3131EDC6;samtools.5;samtools.6	samtools merge -@ 32 -o /bip8_disk/pingting114/temp_mixed_bam_v2/TF1e-2_25x/TF1e-2_25x.rep3.bam /bip8_disk/pingting114/temp_mixed_bam_v2/TF1e-2_25x/tmp_TF1e-2_tumor.rep3.bam /bip8_disk/pingting114/temp_mixed_bam_v2/TF1e-
HCC1395.TF1e-3.rep1	/bip7_disk/pingting114/mixed_bam/HCC1395/TF1e-3_25x/TF1e-3_25x.rep1.bam	BAM	TRUE	81308181613	2026-07-09T11:44:56.685304	True	GRCh38_no_alt_analysis_set	195	minimap2;samtools;samtools.1;samtools.2;samtools.3;samtools.4;minimap2-6240FEEA;samtools-3A8A2C3;samtools.1-5AC78D1B;samtools.2-6A518297;samtools.3-67246D95;samtools.4-7E74689D;samtools.5;samtools.6	samtools merge -@ 32 -o /bip8_disk/pingting114/temp_mixed_bam_v2/TF1e-3_25x/TF1e-3_25x.rep1.bam /bip8_disk/pingting114/temp_mixed_bam_v2/TF1e-3_25x/tmp_TF1e-3_tumor.rep1.bam /bip8_disk/pingting114/temp_mixed_bam_v2/TF1e-
HCC1395.TF1e-3.rep2	/bip7_disk/pingting114/mixed_bam/HCC1395/TF1e-3_25x/TF1e-3_25x.rep2.bam	BAM	TRUE	81281037040	2026-07-09T11:44:56.081305	True	GRCh38_no_alt_analysis_set	195	minimap2;samtools;samtools.1;samtools.2;samtools.3;samtools.4;minimap2-19CA0D8;samtools-6D19F5E2;samtools.1-2C03E84;samtools.2-68DBD583;samtools.3-38A350DA;samtools.4-7ABD9E34;samtools.5;samtools.6	samtools merge -@ 32 -o /bip8_disk/pingting114/temp_mixed_bam_v2/TF1e-3_25x/TF1e-3_25x.rep2.bam /bip8_disk/pingting114/temp_mixed_bam_v2/TF1e-3_25x/tmp_TF1e-3_tumor.rep2.bam /bip8_disk/pingting114/temp_mixed_bam_v2/TF1e-
HCC1395.TF1e-3.rep3	/bip7_disk/pingting114/mixed_bam/HCC1395/TF1e-3_25x/TF1e-3_25x.rep3.bam	BAM	TRUE	81277173988	2026-07-09T11:44:55.653304	True	GRCh38_no_alt_analysis_set	195	minimap2;samtools;samtools.1;samtools.2;samtools.3;samtools.4;minimap2-1116C262;samtools-44EAACDB;samtools.1-17176953;samtools.2-6BCC966F;samtools.3-377FF08D;samtools.4-39B5FC35;samtools.5;samtools.6	samtools merge -@ 32 -o /bip8_disk/pingting114/temp_mixed_bam_v2/TF1e-3_25x/TF1e-3_25x.rep3.bam /bip8_disk/pingting114/temp_mixed_bam_v2/TF1e-3_25x/tmp_TF1e-3_tumor.rep3.bam /bip8_disk/pingting114/temp_mixed_bam_v2/TF1e-
HCC1395.TF1e-4.rep1	/bip7_disk/pingting114/mixed_bam/HCC1395/TF1e-4_25x/TF1e-4_25x.rep1.bam	BAM	TRUE	81277761529	2026-07-09T15:00:44.133617	True	GRCh38_no_alt_analysis_set	195	minimap2;samtools;samtools.1;samtools.2;samtools.3;samtools.4;minimap2-6D2077B6;samtools-3FEFE668;samtools.1-6D780B92;samtools.2-2840B879;samtools.3-6948F798;samtools.4-3C511A;samtools.5;samtools.6	samtools merge -@ 32 -o /bip8_disk/pingting114/temp_mixed_bam_v2/TF1e-4_25x/TF1e-4_25x.rep1.bam /bip8_disk/pingting114/temp_mixed_bam_v2/TF1e-4_25x/tmp_TF1e-4_tumor.rep1.bam /bip8_disk/pingting114/temp_mixed_bam_v2/TF1e-
HCC1395.TF1e-4.rep2	/bip7_disk/pingting114/mixed_bam/HCC1395/TF1e-4_25x/TF1e-4_25x.rep2.bam	BAM	TRUE	81331203954	2026-07-09T15:00:44.537617	True	GRCh38_no_alt_analysis_set	195	minimap2;samtools;samtools.1;samtools.2;samtools.3;samtools.4;minimap2-4EA24CC9;samtools-40A124B6;samtools.1-1B5B3392;samtools.2-38724D42;samtools.3-40D45A64;samtools.4-DF236C0;samtools.5;samtools.6	samtools merge -@ 32 -o /bip8_disk/pingting114/temp_mixed_bam_v2/TF1e-4_25x/TF1e-4_25x.rep2.bam /bip8_disk/pingting114/temp_mixed_bam_v2/TF1e-4_25x/tmp_TF1e-4_tumor.rep2.bam /bip8_disk/pingting114/temp_mixed_bam_v2/TF1e-
HCC1395.TF1e-4.rep3	/bip7_disk/pingting114/mixed_bam/HCC1395/TF1e-4_25x/TF1e-4_25x.rep3.bam	BAM	TRUE	81301148658	2026-07-09T15:00:42.909617	True	GRCh38_no_alt_analysis_set	195	minimap2;samtools;samtools.1;samtools.2;samtools.3;samtools.4;minimap2-22BD566;samtools-6A32EA58;samtools.1-62CA58C2;samtools.2-55E4B5E9;samtools.3-710E8048;samtools.4-6A65A40A;samtools.5;samtools.6	samtools merge -@ 32 -o /bip8_disk/pingting114/temp_mixed_bam_v2/TF1e-4_25x/TF1e-4_25x.rep3.bam /bip8_disk/pingting114/temp_mixed_bam_v2/TF1e-4_25x/tmp_TF1e-4_tumor.rep3.bam /bip8_disk/pingting114/temp_mixed_bam_v2/TF1e-
COLO829.TF0.rep1	/bip7_disk/pingting114/mixed_bam/COLO829_PAO/TF0_25x/TF0_25x.rep1.bam	BAM	TRUE	78421937842	2026-08-24T01:41:07.361322	True	GRCh38_no_alt_analysis_set	195	minimap2;samtools;samtools.1;minimap2-43394878;samtools-525D8839;samtools.1-40BD4459;minimap2-47BA3BFD;samtools-21550203;samtools.1-23E66F73;minimap2-9B61420;samtools-3F6A1A63;samtools.1-57E9495;minimap2-130F2BBC;samtools-45982FE6;samtools.1-1C8E3CB8;minimap2-4D4FA50E;samtools-26F1516C;samtools.1-126CAAF0;minimap2-AD8AB2A;samtools-85B8B2E;samtools.1-145ABB19;minimap2-3C1FD1B7;samtools-576AAA1;samtools.1-38801924;minimap2-52B07B5A;samtools-212E6580;samtools.1-56577952;minimap2-30711B5;samtools-720FE8A6;samtools.1-7FBCB799;minimap2-10F10271;samtools-33F09705;samtools.1-2FC1455A;minimap2-4B31FE31;samtools-5896DB03;samtools.1-5B97C06;minimap2-2C85A5D9;samtools-6B7DDCD5;samtools.1-662AF9D1;minimap2-41F5027A;samtools-4C01D6CD;samtools.1-6953BA83;minimap2-18B4BC78;samtools-48C02FA6;samtools.1-77A2258C;minimap2-45871F6C;samtools-5761EB9E;samtools.1-6F0D8195;minimap2-15EF0C97;samtools-1EEDF44B;samtools.1-6ABE903F;minimap2-68AA6F05;samtools-7788E63C;samtools.1-65611D5D;minimap2-69AB8C25;samtools-1F4CBBF3;samtools.1-7D00E75B;minimap2-4F418AFC;samtools-29E90776;samtools.1-1A8C4CBE;minimap2-66A7C445;samtools-78EF79DC;samtools.1-4B08E567;minimap2-6E0EC1FA;samtools-354E81C0;samtools.1-3C833CE0;minimap2-366E920F;samtools-65F4C6D4;samtools.1-7EFC1427;minimap2-1F728A9A;samtools-AC49B56;samtools.1-4A6D9C1D;minimap2-1CE28EAE;samtools-7942E85E;samtools.1-2A25A70C;minimap2-28D409F5;samtools-288C4C4;samtools.1-39996D01;minimap2-73D7816;samtools-7B808215;samtools.1-45495F91;minimap2-5681B533;samtools-27FFD4C2;samtools.1-142EDCB8;minimap2-6516899F;samtools-49498376;samtools.1-675E403C;minimap2-2C12BA27;samtools-C017294;samtools.1-E6C25BA;minimap2-1FC2991A;samtools-6F1C32E0;samtools.1-63770D1D;minimap2-B605A97;samtools-1D23CF12;samtools.1-61F2062;minimap2-789788E7;samtools-154D1026;samtools.1-586B01CB;minimap2-4029E898;samtools-42A42AC7;samtools.1-1954F67D;minimap2-59B27AD0;samtools-42FD55DF;samtools.1-475744FA;minimap2-37EE7FC5;samtools-10CD14A1;samtools.1-3E5A5B6;minimap2-3343186;samtools-583D87F9;samtools.1-A9BC0E4;minimap2-65CD9801;samtools-1B9950BF;samtools.1-3D7E3C;minimap2-71FFFB9;samtools-51E6E8FA;samtools.1-BBC2DE5;minimap2-465E89D7;samtools-6B153A2B;samtools.1-1A503FB5;minimap2-4CD80BEB;samtools-3EA5C4CF;samtools.1-3D4811C2;minimap2-40573B4D;samtools-26D93C53;samtools.1-5808461F;minimap2-6B01D735;samtools-6AF5E8B0;samtools.1-1DD3C234;minimap2-103A5597;samtools-58CF7A3C;samtools.1-78958B04;minimap2-2FB9E35D;samtools-827C351;samtools.1-28CE6484;minimap2-2D9540B5;samtools-6D2F6994;samtools.1-475FFCCB;minimap2-A9ED1BC;samtools-4631AF1D;samtools.1-6A2075F7;minimap2-89019A6;samtools-7A4256CC;samtools.1-26D37ECE;minimap2-130EE884;samtools-3E4EB9FA;samtools.1-7BA66A26;minimap2-741D127F;samtools-48F77DB4;samtools.1-19A13054;minimap2-385DF34;samtools-78EC8290;samtools.1-275FE441;minimap2-505F114D;samtools-50C966F1;samtools.1-A8D873B;minimap2-50B12D09;samtools-90E2C8;samtools.1-22BE4794;minimap2-7B279B59;samtools-5896170B;samtools.1-B844C7;minimap2-717B9D66;samtools-72AF41CE;samtools.1-50CAD98E;minimap2-573B8DEA;samtools-1C196B5;samtools.1-13E5F793;minimap2-4AC42E60;samtools-32947586;samtools.1-59A33CE1;minimap2-2BE2FC5E;samtools-61ED7E3C;samtools.1-801055E;minimap2-6E827C93;samtools-1FD7BBF0;samtools.1-2B1A3145;minimap2-48EFAD01;samtools-606F3F0E;samtools.1-18E541FB;minimap2-6C4445AF;samtools-33D2F0C0;samtools.1-2DF5869D;minimap2-5584C2AD;samtools-3BF26E7D;samtools.1-916CE49;minimap2-2F3A02C;samtools-79DBE1DD;samtools.1-73C21C64;minimap2-3990E4;samtools-54509BF3;samtools.1-6CF602D1;minimap2-19B5F2CF;samtools-352B6F4A;samtools.1-6A7C5F4D;minimap2-6AE68AAA;samtools-62F4AFC;samtools.1-5EB3ED1D;minimap2-48A5C1A7;samtools-1FEC9F6D;samtools.1-59018743;minimap2-1519A09;samtools-13A84693;samtools.1-356F8DAE;minimap2-68F81877;samtools-46786875;samtools.1-78FA26FC;minimap2-57B39EDB;samtools-62943765;samtools.1-47DC75E5;minimap2-2C7C7B74;samtools-6D19CA22;samtools.1-AD5747A;minimap2-153ABEEF;samtools-671A79AA;samtools.1-12394A00;minimap2-19B05F81;samtools-366ED8D7;samtools.1-74C1D6F7;minimap2-2FC8C067;samtools-4788A989;samtools.1-5B3C6ACA;minimap2-1D8D8217;samtools-30BD338B;samtools.1-65B842E4;minimap2-17A4C0B4;samtools-251D05F5;samtools.1-72DFCD4A;minimap2-3A03174C;samtools-3A8C71BE;samtools.1-4726079E;minimap2-7EFFE736;samtools-27EF2A21;samtools.1-5A7AB467;minimap2-1E727158;samtools-E758D40;samtools.1-2B72F4CE;minimap2-38FB9A3E;samtools-12D4FCCC;samtools.1-52814102;minimap2-7A680949;samtools-A480D39;samtools.1-6446EE5E;minimap2-31D867A8;samtools-23CE1AB8;samtools.1-6FEA08B5;minimap2-407CF39D;samtools-25FA6C7C;samtools.1-4D4AAE31;minimap2-FC1280B;samtools-29EE36D6;samtools.1-1B61420E;minimap2-3A93D59A;samtools-64B344CB;samtools.1-2AA7D9C3;minimap2-DE08BFC;samtools-13B876AF;samtools.1-4D167E98;minimap2-3782961;samtools-50315B63;samtools.1-49EC022;minimap2-81DA6A0;samtools-5C1FFCDF;samtools.1-4F5D07E2;minimap2-31B98EDD;samtools-74E5A8B6;samtools.1-186DD1B2;minimap2-27184F47;samtools-5DFFA563;samtools.1-62D22C0D;minimap2-3F8D56C5;samtools-43C885D9;samtools.1-40BBB754;minimap2-5D514593;samtools-78F38CE;samtools.1-447F4142;minimap2-54FA6B0F;samtools-5081B5E7;samtools.1-3A5821BC;minimap2-7558816;samtools-84B9372;samtools.1-634CCF9;minimap2-7FE2FD4C;samtools-23D63004;samtools.1-255E03BD;minimap2-5AFCAD3D;samtools-B31B4BB;samtools.1-3A37B498;minimap2-34D17F94;samtools-1309488C;samtools.1-6C88B396;minimap2-7DA070AA;samtools-1906923;samtools.1-4A221097;minimap2-FC4A7AD;samtools-5834C467;samtools.1-663AEF5C;minimap2-16AFF508;samtools-6DDF0E26;samtools.1-3FDD51F9;minimap2-58C79E5B;samtools-552AE937;samtools.1-242D3FAD;minimap2-5B2C1AD6;samtools-249953EB;samtools.1-40F7CB85;minimap2-3BAECDC9;samtools-6929E7A2;samtools.1-6008BA22;minimap2-D772859;samtools-21FB234A;samtools.1-1C204C2;minimap2-20DF8A27;samtools-4352F2B5;samtools.1-712B79DF;minimap2-6598FD7F;samtools-5DA5F914;samtools.1-1AA0EC74;minimap2-1B9D56C4;samtools-2BFB9FD2;samtools.1-6406D0F6;minimap2-1BD11822;samtools-2CBAE098;samtools.1-EDE32D2;minimap2-1514D7F1;samtools-333B2E77;samtools.1-4C39804C;minimap2-4C3869B7;samtools-2F044781;samtools.1-6313B172;samtools.2;samtools.3;samtools.4;samtools.5;samtools.6;samtools.7;samtools.8;samtools.9;samtools.10;samtools.11;samtools.12;samtools.13;samtools.14;samtools.15;samtools.16;samtools.17;samtools.18;samtools.19;samtools.20;samtools.21;samtools.22;samtools.23;samtools.24;samtools.25;samtools.26;samtools.27;samtools.28;samtools.29;samtools.30;samtools.31;samtools.32;samtools.33;samtools.34;samtools.35;samtools.36;samtools.37;samtools.38;samtools.39;samtools.40;samtools.41;samtools.42;samtools.43;samtools.44;samtools.45;samtools.46;samtools.47;samtools.48;samtools.49;samtools.50;samtools.51;samtools.52;samtools.53;samtools.54;samtools.55;samtools.56;samtools.57;samtools.58;samtools.59;samtools.60;samtools.61;samtools.62;samtools.63;samtools.64;samtools.65;samtools.66;samtools.67;samtools.68;samtools.69;samtools.70;samtools.71;samtools.72;samtools.73;samtools.74;samtools.75;samtools.76;samtools.77;samtools.78;samtools.79;samtools.80;samtools.81;samtools.82;samtools.83;samtools.84;samtools.85;samtools.86;samtools.87;samtools.88;samtools.89;samtools.90;samtools.91;samtools.92;samtools.93;samtools.94;samtools.95;samtools.96;samtools.97;samtools.98;samtools.99;samtools.100;samtools.101;samtools.102;samtools.103;samtools.104;samtools.105;samtools.106;samtools.107;samtools.108;samtools.109;samtools.110;samtools.111;samtools.112;samtools.113;samtools.114;samtools.115;samtools.116;samtools.117;samtools.118;samtools.119;samtools.120;samtools.121;samtools.122;samtools.123;samtools.124;samtools.125;samtools.126;samtools.127;samtools.128;samtools.129;samtools.130;samtools.131;samtools.132;samtools.133;samtools.134;samtools.135;samtools.136;samtools.137;samtools.138;samtools.139;samtools.140;samtools.141;samtools.142;samtools.143;samtools.144;samtools.145;samtools.146;samtools.147;samtools.148;samtools.149;samtools.150;samtools.151;samtools.152;samtools.153;samtools.154;samtools.155;samtools.156;samtools.157;samtools.158;samtools.159;samtools.160;samtools.161;samtools.162;samtools.163;samtools.164;samtools.165;samtools.166;samtools.167;samtools.168;samtools.169;samtools.170;samtools.171;samtools.172;samtools.173;samtools.174;samtools.175;samtools.176;samtools.177;samtools.178;samtools.179;samtools.180;samtools.181;samtools.182;samtools.183;samtools.184;samtools.185;samtools.186;samtools.187;samtools.188;samtools.189;samtools.190;samtools.191;samtools.192;samtools.193;samtools.194;samtools.195;samtools.196;samtools.197;samtools.198;samtools.199;samtools.200;samtools.201;samtools.202;samtools.203;samtools.204;samtools.205;samtools.206;samtools.207;samtools.208;samtools.209;samtools.210;samtools.211;samtools.212;samtools.213;samtools.214;samtools.215;samtools.216;samtools.217;samtools.218;samtools.219;samtools.220;samtools.221;samtools.222;samtools.223;samtools.224;samtools.225;samtools.226;samtools.227;samtools.228;samtools.229;samtools.230;samtools.231;samtools.232;samtools.233;samtools.234;samtools.235;samtools.236;samtools.237;samtools.238;samtools.239;samtools.240;samtools.241;samtools.242;samtools.243;samtools.244;samtools.245;samtools.246;samtools.247;samtools.248;samtools.249;samtools.250;samtools.251;samtools.252;samtools.253;samtools.254;samtools.255;samtools.256;samtools.257;samtools.258;samtools.259;samtools.260;samtools.261;samtools.262;samtools.263;samtools.264;samtools.265;samtools.266;samtools.267;samtools.268;samtools.269;samtools.270;samtools.271;samtools.272;samtools.273;samtools.274;samtools.275;samtools.276;samtools.277;samtools.278;samtools.279;samtools.280;samtools.281;samtools.282;samtools.283;samtools.284;samtools.285;samtools.286;samtools.287;samtools.288;samtools.289;samtools.290;samtools.291;samtools.292;samtools.293;samtools.294;samtools.295;samtools.296;samtools.297;samtools.298;samtools.299;samtools.300;samtools.301;samtools.302;samtools.303;samtools.304;samtools.305;samtools.306;samtools.307;samtools.308;samtools.309;samtools.310;samtools.311;samtools.312;samtools.313;samtools.314;samtools.315;samtools.316;samtools.317;samtools.318;samtools.319;samtools.320;samtools.321;samtools.322;samtools.323;samtools.324;samtools.325;samtools.326;samtools.327;samtools.328;samtools.329;samtools.330;samtools.331	samtools view -@ 32 -b -s 101.62766759 -o /bip8_disk/pingting114/mixed_bam_COLO829_PAO/TF0_25x/TF0_25x.rep1.bam /big8_disk/data/COLO829/ONT_PAO/PAO33946.bam
COLO829.TF0.rep2	/bip7_disk/pingting114/mixed_bam/COLO829_PAO/TF0_25x/TF0_25x.rep2.bam	BAM	TRUE	78432839357	2026-08-24T01:41:07.873322	True	GRCh38_no_alt_analysis_set	195	minimap2;samtools;samtools.1;minimap2-43394878;samtools-525D8839;samtools.1-40BD4459;minimap2-47BA3BFD;samtools-21550203;samtools.1-23E66F73;minimap2-9B61420;samtools-3F6A1A63;samtools.1-57E9495;minimap2-130F2BBC;samtools-45982FE6;samtools.1-1C8E3CB8;minimap2-4D4FA50E;samtools-26F1516C;samtools.1-126CAAF0;minimap2-AD8AB2A;samtools-85B8B2E;samtools.1-145ABB19;minimap2-3C1FD1B7;samtools-576AAA1;samtools.1-38801924;minimap2-52B07B5A;samtools-212E6580;samtools.1-56577952;minimap2-30711B5;samtools-720FE8A6;samtools.1-7FBCB799;minimap2-10F10271;samtools-33F09705;samtools.1-2FC1455A;minimap2-4B31FE31;samtools-5896DB03;samtools.1-5B97C06;minimap2-2C85A5D9;samtools-6B7DDCD5;samtools.1-662AF9D1;minimap2-41F5027A;samtools-4C01D6CD;samtools.1-6953BA83;minimap2-18B4BC78;samtools-48C02FA6;samtools.1-77A2258C;minimap2-45871F6C;samtools-5761EB9E;samtools.1-6F0D8195;minimap2-15EF0C97;samtools-1EEDF44B;samtools.1-6ABE903F;minimap2-68AA6F05;samtools-7788E63C;samtools.1-65611D5D;minimap2-69AB8C25;samtools-1F4CBBF3;samtools.1-7D00E75B;minimap2-4F418AFC;samtools-29E90776;samtools.1-1A8C4CBE;minimap2-66A7C445;samtools-78EF79DC;samtools.1-4B08E567;minimap2-6E0EC1FA;samtools-354E81C0;samtools.1-3C833CE0;minimap2-366E920F;samtools-65F4C6D4;samtools.1-7EFC1427;minimap2-1F728A9A;samtools-AC49B56;samtools.1-4A6D9C1D;minimap2-1CE28EAE;samtools-7942E85E;samtools.1-2A25A70C;minimap2-28D409F5;samtools-288C4C4;samtools.1-39996D01;minimap2-73D7816;samtools-7B808215;samtools.1-45495F91;minimap2-5681B533;samtools-27FFD4C2;samtools.1-142EDCB8;minimap2-6516899F;samtools-49498376;samtools.1-675E403C;minimap2-2C12BA27;samtools-C017294;samtools.1-E6C25BA;minimap2-1FC2991A;samtools-6F1C32E0;samtools.1-63770D1D;minimap2-B605A97;samtools-1D23CF12;samtools.1-61F2062;minimap2-789788E7;samtools-154D1026;samtools.1-586B01CB;minimap2-4029E898;samtools-42A42AC7;samtools.1-1954F67D;minimap2-59B27AD0;samtools-42FD55DF;samtools.1-475744FA;minimap2-37EE7FC5;samtools-10CD14A1;samtools.1-3E5A5B6;minimap2-3343186;samtools-583D87F9;samtools.1-A9BC0E4;minimap2-65CD9801;samtools-1B9950BF;samtools.1-3D7E3C;minimap2-71FFFB9;samtools-51E6E8FA;samtools.1-BBC2DE5;minimap2-465E89D7;samtools-6B153A2B;samtools.1-1A503FB5;minimap2-4CD80BEB;samtools-3EA5C4CF;samtools.1-3D4811C2;minimap2-40573B4D;samtools-26D93C53;samtools.1-5808461F;minimap2-6B01D735;samtools-6AF5E8B0;samtools.1-1DD3C234;minimap2-103A5597;samtools-58CF7A3C;samtools.1-78958B04;minimap2-2FB9E35D;samtools-827C351;samtools.1-28CE6484;minimap2-2D9540B5;samtools-6D2F6994;samtools.1-475FFCCB;minimap2-A9ED1BC;samtools-4631AF1D;samtools.1-6A2075F7;minimap2-89019A6;samtools-7A4256CC;samtools.1-26D37ECE;minimap2-130EE884;samtools-3E4EB9FA;samtools.1-7BA66A26;minimap2-741D127F;samtools-48F77DB4;samtools.1-19A13054;minimap2-385DF34;samtools-78EC8290;samtools.1-275FE441;minimap2-505F114D;samtools-50C966F1;samtools.1-A8D873B;minimap2-50B12D09;samtools-90E2C8;samtools.1-22BE4794;minimap2-7B279B59;samtools-5896170B;samtools.1-B844C7;minimap2-717B9D66;samtools-72AF41CE;samtools.1-50CAD98E;minimap2-573B8DEA;samtools-1C196B5;samtools.1-13E5F793;minimap2-4AC42E60;samtools-32947586;samtools.1-59A33CE1;minimap2-2BE2FC5E;samtools-61ED7E3C;samtools.1-801055E;minimap2-6E827C93;samtools-1FD7BBF0;samtools.1-2B1A3145;minimap2-48EFAD01;samtools-606F3F0E;samtools.1-18E541FB;minimap2-6C4445AF;samtools-33D2F0C0;samtools.1-2DF5869D;minimap2-5584C2AD;samtools-3BF26E7D;samtools.1-916CE49;minimap2-2F3A02C;samtools-79DBE1DD;samtools.1-73C21C64;minimap2-3990E4;samtools-54509BF3;samtools.1-6CF602D1;minimap2-19B5F2CF;samtools-352B6F4A;samtools.1-6A7C5F4D;minimap2-6AE68AAA;samtools-62F4AFC;samtools.1-5EB3ED1D;minimap2-48A5C1A7;samtools-1FEC9F6D;samtools.1-59018743;minimap2-1519A09;samtools-13A84693;samtools.1-356F8DAE;minimap2-68F81877;samtools-46786875;samtools.1-78FA26FC;minimap2-57B39EDB;samtools-62943765;samtools.1-47DC75E5;minimap2-2C7C7B74;samtools-6D19CA22;samtools.1-AD5747A;minimap2-153ABEEF;samtools-671A79AA;samtools.1-12394A00;minimap2-19B05F81;samtools-366ED8D7;samtools.1-74C1D6F7;minimap2-2FC8C067;samtools-4788A989;samtools.1-5B3C6ACA;minimap2-1D8D8217;samtools-30BD338B;samtools.1-65B842E4;minimap2-17A4C0B4;samtools-251D05F5;samtools.1-72DFCD4A;minimap2-3A03174C;samtools-3A8C71BE;samtools.1-4726079E;minimap2-7EFFE736;samtools-27EF2A21;samtools.1-5A7AB467;minimap2-1E727158;samtools-E758D40;samtools.1-2B72F4CE;minimap2-38FB9A3E;samtools-12D4FCCC;samtools.1-52814102;minimap2-7A680949;samtools-A480D39;samtools.1-6446EE5E;minimap2-31D867A8;samtools-23CE1AB8;samtools.1-6FEA08B5;minimap2-407CF39D;samtools-25FA6C7C;samtools.1-4D4AAE31;minimap2-FC1280B;samtools-29EE36D6;samtools.1-1B61420E;minimap2-3A93D59A;samtools-64B344CB;samtools.1-2AA7D9C3;minimap2-DE08BFC;samtools-13B876AF;samtools.1-4D167E98;minimap2-3782961;samtools-50315B63;samtools.1-49EC022;minimap2-81DA6A0;samtools-5C1FFCDF;samtools.1-4F5D07E2;minimap2-31B98EDD;samtools-74E5A8B6;samtools.1-186DD1B2;minimap2-27184F47;samtools-5DFFA563;samtools.1-62D22C0D;minimap2-3F8D56C5;samtools-43C885D9;samtools.1-40BBB754;minimap2-5D514593;samtools-78F38CE;samtools.1-447F4142;minimap2-54FA6B0F;samtools-5081B5E7;samtools.1-3A5821BC;minimap2-7558816;samtools-84B9372;samtools.1-634CCF9;minimap2-7FE2FD4C;samtools-23D63004;samtools.1-255E03BD;minimap2-5AFCAD3D;samtools-B31B4BB;samtools.1-3A37B498;minimap2-34D17F94;samtools-1309488C;samtools.1-6C88B396;minimap2-7DA070AA;samtools-1906923;samtools.1-4A221097;minimap2-FC4A7AD;samtools-5834C467;samtools.1-663AEF5C;minimap2-16AFF508;samtools-6DDF0E26;samtools.1-3FDD51F9;minimap2-58C79E5B;samtools-552AE937;samtools.1-242D3FAD;minimap2-5B2C1AD6;samtools-249953EB;samtools.1-40F7CB85;minimap2-3BAECDC9;samtools-6929E7A2;samtools.1-6008BA22;minimap2-D772859;samtools-21FB234A;samtools.1-1C204C2;minimap2-20DF8A27;samtools-4352F2B5;samtools.1-712B79DF;minimap2-6598FD7F;samtools-5DA5F914;samtools.1-1AA0EC74;minimap2-1B9D56C4;samtools-2BFB9FD2;samtools.1-6406D0F6;minimap2-1BD11822;samtools-2CBAE098;samtools.1-EDE32D2;minimap2-1514D7F1;samtools-333B2E77;samtools.1-4C39804C;minimap2-4C3869B7;samtools-2F044781;samtools.1-6313B172;samtools.2;samtools.3;samtools.4;samtools.5;samtools.6;samtools.7;samtools.8;samtools.9;samtools.10;samtools.11;samtools.12;samtools.13;samtools.14;samtools.15;samtools.16;samtools.17;samtools.18;samtools.19;samtools.20;samtools.21;samtools.22;samtools.23;samtools.24;samtools.25;samtools.26;samtools.27;samtools.28;samtools.29;samtools.30;samtools.31;samtools.32;samtools.33;samtools.34;samtools.35;samtools.36;samtools.37;samtools.38;samtools.39;samtools.40;samtools.41;samtools.42;samtools.43;samtools.44;samtools.45;samtools.46;samtools.47;samtools.48;samtools.49;samtools.50;samtools.51;samtools.52;samtools.53;samtools.54;samtools.55;samtools.56;samtools.57;samtools.58;samtools.59;samtools.60;samtools.61;samtools.62;samtools.63;samtools.64;samtools.65;samtools.66;samtools.67;samtools.68;samtools.69;samtools.70;samtools.71;samtools.72;samtools.73;samtools.74;samtools.75;samtools.76;samtools.77;samtools.78;samtools.79;samtools.80;samtools.81;samtools.82;samtools.83;samtools.84;samtools.85;samtools.86;samtools.87;samtools.88;samtools.89;samtools.90;samtools.91;samtools.92;samtools.93;samtools.94;samtools.95;samtools.96;samtools.97;samtools.98;samtools.99;samtools.100;samtools.101;samtools.102;samtools.103;samtools.104;samtools.105;samtools.106;samtools.107;samtools.108;samtools.109;samtools.110;samtools.111;samtools.112;samtools.113;samtools.114;samtools.115;samtools.116;samtools.117;samtools.118;samtools.119;samtools.120;samtools.121;samtools.122;samtools.123;samtools.124;samtools.125;samtools.126;samtools.127;samtools.128;samtools.129;samtools.130;samtools.131;samtools.132;samtools.133;samtools.134;samtools.135;samtools.136;samtools.137;samtools.138;samtools.139;samtools.140;samtools.141;samtools.142;samtools.143;samtools.144;samtools.145;samtools.146;samtools.147;samtools.148;samtools.149;samtools.150;samtools.151;samtools.152;samtools.153;samtools.154;samtools.155;samtools.156;samtools.157;samtools.158;samtools.159;samtools.160;samtools.161;samtools.162;samtools.163;samtools.164;samtools.165;samtools.166;samtools.167;samtools.168;samtools.169;samtools.170;samtools.171;samtools.172;samtools.173;samtools.174;samtools.175;samtools.176;samtools.177;samtools.178;samtools.179;samtools.180;samtools.181;samtools.182;samtools.183;samtools.184;samtools.185;samtools.186;samtools.187;samtools.188;samtools.189;samtools.190;samtools.191;samtools.192;samtools.193;samtools.194;samtools.195;samtools.196;samtools.197;samtools.198;samtools.199;samtools.200;samtools.201;samtools.202;samtools.203;samtools.204;samtools.205;samtools.206;samtools.207;samtools.208;samtools.209;samtools.210;samtools.211;samtools.212;samtools.213;samtools.214;samtools.215;samtools.216;samtools.217;samtools.218;samtools.219;samtools.220;samtools.221;samtools.222;samtools.223;samtools.224;samtools.225;samtools.226;samtools.227;samtools.228;samtools.229;samtools.230;samtools.231;samtools.232;samtools.233;samtools.234;samtools.235;samtools.236;samtools.237;samtools.238;samtools.239;samtools.240;samtools.241;samtools.242;samtools.243;samtools.244;samtools.245;samtools.246;samtools.247;samtools.248;samtools.249;samtools.250;samtools.251;samtools.252;samtools.253;samtools.254;samtools.255;samtools.256;samtools.257;samtools.258;samtools.259;samtools.260;samtools.261;samtools.262;samtools.263;samtools.264;samtools.265;samtools.266;samtools.267;samtools.268;samtools.269;samtools.270;samtools.271;samtools.272;samtools.273;samtools.274;samtools.275;samtools.276;samtools.277;samtools.278;samtools.279;samtools.280;samtools.281;samtools.282;samtools.283;samtools.284;samtools.285;samtools.286;samtools.287;samtools.288;samtools.289;samtools.290;samtools.291;samtools.292;samtools.293;samtools.294;samtools.295;samtools.296;samtools.297;samtools.298;samtools.299;samtools.300;samtools.301;samtools.302;samtools.303;samtools.304;samtools.305;samtools.306;samtools.307;samtools.308;samtools.309;samtools.310;samtools.311;samtools.312;samtools.313;samtools.314;samtools.315;samtools.316;samtools.317;samtools.318;samtools.319;samtools.320;samtools.321;samtools.322;samtools.323;samtools.324;samtools.325;samtools.326;samtools.327;samtools.328;samtools.329;samtools.330;samtools.331	samtools view -@ 32 -b -s 102.62766759 -o /bip8_disk/pingting114/mixed_bam_COLO829_PAO/TF0_25x/TF0_25x.rep2.bam /big8_disk/data/COLO829/ONT_PAO/PAO33946.bam
COLO829.TF0.rep3	/bip7_disk/pingting114/mixed_bam/COLO829_PAO/TF0_25x/TF0_25x.rep3.bam	BAM	TRUE	78376335833	2026-08-24T01:41:06.973322	True	GRCh38_no_alt_analysis_set	195	minimap2;samtools;samtools.1;minimap2-43394878;samtools-525D8839;samtools.1-40BD4459;minimap2-47BA3BFD;samtools-21550203;samtools.1-23E66F73;minimap2-9B61420;samtools-3F6A1A63;samtools.1-57E9495;minimap2-130F2BBC;samtools-45982FE6;samtools.1-1C8E3CB8;minimap2-4D4FA50E;samtools-26F1516C;samtools.1-126CAAF0;minimap2-AD8AB2A;samtools-85B8B2E;samtools.1-145ABB19;minimap2-3C1FD1B7;samtools-576AAA1;samtools.1-38801924;minimap2-52B07B5A;samtools-212E6580;samtools.1-56577952;minimap2-30711B5;samtools-720FE8A6;samtools.1-7FBCB799;minimap2-10F10271;samtools-33F09705;samtools.1-2FC1455A;minimap2-4B31FE31;samtools-5896DB03;samtools.1-5B97C06;minimap2-2C85A5D9;samtools-6B7DDCD5;samtools.1-662AF9D1;minimap2-41F5027A;samtools-4C01D6CD;samtools.1-6953BA83;minimap2-18B4BC78;samtools-48C02FA6;samtools.1-77A2258C;minimap2-45871F6C;samtools-5761EB9E;samtools.1-6F0D8195;minimap2-15EF0C97;samtools-1EEDF44B;samtools.1-6ABE903F;minimap2-68AA6F05;samtools-7788E63C;samtools.1-65611D5D;minimap2-69AB8C25;samtools-1F4CBBF3;samtools.1-7D00E75B;minimap2-4F418AFC;samtools-29E90776;samtools.1-1A8C4CBE;minimap2-66A7C445;samtools-78EF79DC;samtools.1-4B08E567;minimap2-6E0EC1FA;samtools-354E81C0;samtools.1-3C833CE0;minimap2-366E920F;samtools-65F4C6D4;samtools.1-7EFC1427;minimap2-1F728A9A;samtools-AC49B56;samtools.1-4A6D9C1D;minimap2-1CE28EAE;samtools-7942E85E;samtools.1-2A25A70C;minimap2-28D409F5;samtools-288C4C4;samtools.1-39996D01;minimap2-73D7816;samtools-7B808215;samtools.1-45495F91;minimap2-5681B533;samtools-27FFD4C2;samtools.1-142EDCB8;minimap2-6516899F;samtools-49498376;samtools.1-675E403C;minimap2-2C12BA27;samtools-C017294;samtools.1-E6C25BA;minimap2-1FC2991A;samtools-6F1C32E0;samtools.1-63770D1D;minimap2-B605A97;samtools-1D23CF12;samtools.1-61F2062;minimap2-789788E7;samtools-154D1026;samtools.1-586B01CB;minimap2-4029E898;samtools-42A42AC7;samtools.1-1954F67D;minimap2-59B27AD0;samtools-42FD55DF;samtools.1-475744FA;minimap2-37EE7FC5;samtools-10CD14A1;samtools.1-3E5A5B6;minimap2-3343186;samtools-583D87F9;samtools.1-A9BC0E4;minimap2-65CD9801;samtools-1B9950BF;samtools.1-3D7E3C;minimap2-71FFFB9;samtools-51E6E8FA;samtools.1-BBC2DE5;minimap2-465E89D7;samtools-6B153A2B;samtools.1-1A503FB5;minimap2-4CD80BEB;samtools-3EA5C4CF;samtools.1-3D4811C2;minimap2-40573B4D;samtools-26D93C53;samtools.1-5808461F;minimap2-6B01D735;samtools-6AF5E8B0;samtools.1-1DD3C234;minimap2-103A5597;samtools-58CF7A3C;samtools.1-78958B04;minimap2-2FB9E35D;samtools-827C351;samtools.1-28CE6484;minimap2-2D9540B5;samtools-6D2F6994;samtools.1-475FFCCB;minimap2-A9ED1BC;samtools-4631AF1D;samtools.1-6A2075F7;minimap2-89019A6;samtools-7A4256CC;samtools.1-26D37ECE;minimap2-130EE884;samtools-3E4EB9FA;samtools.1-7BA66A26;minimap2-741D127F;samtools-48F77DB4;samtools.1-19A13054;minimap2-385DF34;samtools-78EC8290;samtools.1-275FE441;minimap2-505F114D;samtools-50C966F1;samtools.1-A8D873B;minimap2-50B12D09;samtools-90E2C8;samtools.1-22BE4794;minimap2-7B279B59;samtools-5896170B;samtools.1-B844C7;minimap2-717B9D66;samtools-72AF41CE;samtools.1-50CAD98E;minimap2-573B8DEA;samtools-1C196B5;samtools.1-13E5F793;minimap2-4AC42E60;samtools-32947586;samtools.1-59A33CE1;minimap2-2BE2FC5E;samtools-61ED7E3C;samtools.1-801055E;minimap2-6E827C93;samtools-1FD7BBF0;samtools.1-2B1A3145;minimap2-48EFAD01;samtools-606F3F0E;samtools.1-18E541FB;minimap2-6C4445AF;samtools-33D2F0C0;samtools.1-2DF5869D;minimap2-5584C2AD;samtools-3BF26E7D;samtools.1-916CE49;minimap2-2F3A02C;samtools-79DBE1DD;samtools.1-73C21C64;minimap2-3990E4;samtools-54509BF3;samtools.1-6CF602D1;minimap2-19B5F2CF;samtools-352B6F4A;samtools.1-6A7C5F4D;minimap2-6AE68AAA;samtools-62F4AFC;samtools.1-5EB3ED1D;minimap2-48A5C1A7;samtools-1FEC9F6D;samtools.1-59018743;minimap2-1519A09;samtools-13A84693;samtools.1-356F8DAE;minimap2-68F81877;samtools-46786875;samtools.1-78FA26FC;minimap2-57B39EDB;samtools-62943765;samtools.1-47DC75E5;minimap2-2C7C7B74;samtools-6D19CA22;samtools.1-AD5747A;minimap2-153ABEEF;samtools-671A79AA;samtools.1-12394A00;minimap2-19B05F81;samtools-366ED8D7;samtools.1-74C1D6F7;minimap2-2FC8C067;samtools-4788A989;samtools.1-5B3C6ACA;minimap2-1D8D8217;samtools-30BD338B;samtools.1-65B842E4;minimap2-17A4C0B4;samtools-251D05F5;samtools.1-72DFCD4A;minimap2-3A03174C;samtools-3A8C71BE;samtools.1-4726079E;minimap2-7EFFE736;samtools-27EF2A21;samtools.1-5A7AB467;minimap2-1E727158;samtools-E758D40;samtools.1-2B72F4CE;minimap2-38FB9A3E;samtools-12D4FCCC;samtools.1-52814102;minimap2-7A680949;samtools-A480D39;samtools.1-6446EE5E;minimap2-31D867A8;samtools-23CE1AB8;samtools.1-6FEA08B5;minimap2-407CF39D;samtools-25FA6C7C;samtools.1-4D4AAE31;minimap2-FC1280B;samtools-29EE36D6;samtools.1-1B61420E;minimap2-3A93D59A;samtools-64B344CB;samtools.1-2AA7D9C3;minimap2-DE08BFC;samtools-13B876AF;samtools.1-4D167E98;minimap2-3782961;samtools-50315B63;samtools.1-49EC022;minimap2-81DA6A0;samtools-5C1FFCDF;samtools.1-4F5D07E2;minimap2-31B98EDD;samtools-74E5A8B6;samtools.1-186DD1B2;minimap2-27184F47;samtools-5DFFA563;samtools.1-62D22C0D;minimap2-3F8D56C5;samtools-43C885D9;samtools.1-40BBB754;minimap2-5D514593;samtools-78F38CE;samtools.1-447F4142;minimap2-54FA6B0F;samtools-5081B5E7;samtools.1-3A5821BC;minimap2-7558816;samtools-84B9372;samtools.1-634CCF9;minimap2-7FE2FD4C;samtools-23D63004;samtools.1-255E03BD;minimap2-5AFCAD3D;samtools-B31B4BB;samtools.1-3A37B498;minimap2-34D17F94;samtools-1309488C;samtools.1-6C88B396;minimap2-7DA070AA;samtools-1906923;samtools.1-4A221097;minimap2-FC4A7AD;samtools-5834C467;samtools.1-663AEF5C;minimap2-16AFF508;samtools-6DDF0E26;samtools.1-3FDD51F9;minimap2-58C79E5B;samtools-552AE937;samtools.1-242D3FAD;minimap2-5B2C1AD6;samtools-249953EB;samtools.1-40F7CB85;minimap2-3BAECDC9;samtools-6929E7A2;samtools.1-6008BA22;minimap2-D772859;samtools-21FB234A;samtools.1-1C204C2;minimap2-20DF8A27;samtools-4352F2B5;samtools.1-712B79DF;minimap2-6598FD7F;samtools-5DA5F914;samtools.1-1AA0EC74;minimap2-1B9D56C4;samtools-2BFB9FD2;samtools.1-6406D0F6;minimap2-1BD11822;samtools-2CBAE098;samtools.1-EDE32D2;minimap2-1514D7F1;samtools-333B2E77;samtools.1-4C39804C;minimap2-4C3869B7;samtools-2F044781;samtools.1-6313B172;samtools.2;samtools.3;samtools.4;samtools.5;samtools.6;samtools.7;samtools.8;samtools.9;samtools.10;samtools.11;samtools.12;samtools.13;samtools.14;samtools.15;samtools.16;samtools.17;samtools.18;samtools.19;samtools.20;samtools.21;samtools.22;samtools.23;samtools.24;samtools.25;samtools.26;samtools.27;samtools.28;samtools.29;samtools.30;samtools.31;samtools.32;samtools.33;samtools.34;samtools.35;samtools.36;samtools.37;samtools.38;samtools.39;samtools.40;samtools.41;samtools.42;samtools.43;samtools.44;samtools.45;samtools.46;samtools.47;samtools.48;samtools.49;samtools.50;samtools.51;samtools.52;samtools.53;samtools.54;samtools.55;samtools.56;samtools.57;samtools.58;samtools.59;samtools.60;samtools.61;samtools.62;samtools.63;samtools.64;samtools.65;samtools.66;samtools.67;samtools.68;samtools.69;samtools.70;samtools.71;samtools.72;samtools.73;samtools.74;samtools.75;samtools.76;samtools.77;samtools.78;samtools.79;samtools.80;samtools.81;samtools.82;samtools.83;samtools.84;samtools.85;samtools.86;samtools.87;samtools.88;samtools.89;samtools.90;samtools.91;samtools.92;samtools.93;samtools.94;samtools.95;samtools.96;samtools.97;samtools.98;samtools.99;samtools.100;samtools.101;samtools.102;samtools.103;samtools.104;samtools.105;samtools.106;samtools.107;samtools.108;samtools.109;samtools.110;samtools.111;samtools.112;samtools.113;samtools.114;samtools.115;samtools.116;samtools.117;samtools.118;samtools.119;samtools.120;samtools.121;samtools.122;samtools.123;samtools.124;samtools.125;samtools.126;samtools.127;samtools.128;samtools.129;samtools.130;samtools.131;samtools.132;samtools.133;samtools.134;samtools.135;samtools.136;samtools.137;samtools.138;samtools.139;samtools.140;samtools.141;samtools.142;samtools.143;samtools.144;samtools.145;samtools.146;samtools.147;samtools.148;samtools.149;samtools.150;samtools.151;samtools.152;samtools.153;samtools.154;samtools.155;samtools.156;samtools.157;samtools.158;samtools.159;samtools.160;samtools.161;samtools.162;samtools.163;samtools.164;samtools.165;samtools.166;samtools.167;samtools.168;samtools.169;samtools.170;samtools.171;samtools.172;samtools.173;samtools.174;samtools.175;samtools.176;samtools.177;samtools.178;samtools.179;samtools.180;samtools.181;samtools.182;samtools.183;samtools.184;samtools.185;samtools.186;samtools.187;samtools.188;samtools.189;samtools.190;samtools.191;samtools.192;samtools.193;samtools.194;samtools.195;samtools.196;samtools.197;samtools.198;samtools.199;samtools.200;samtools.201;samtools.202;samtools.203;samtools.204;samtools.205;samtools.206;samtools.207;samtools.208;samtools.209;samtools.210;samtools.211;samtools.212;samtools.213;samtools.214;samtools.215;samtools.216;samtools.217;samtools.218;samtools.219;samtools.220;samtools.221;samtools.222;samtools.223;samtools.224;samtools.225;samtools.226;samtools.227;samtools.228;samtools.229;samtools.230;samtools.231;samtools.232;samtools.233;samtools.234;samtools.235;samtools.236;samtools.237;samtools.238;samtools.239;samtools.240;samtools.241;samtools.242;samtools.243;samtools.244;samtools.245;samtools.246;samtools.247;samtools.248;samtools.249;samtools.250;samtools.251;samtools.252;samtools.253;samtools.254;samtools.255;samtools.256;samtools.257;samtools.258;samtools.259;samtools.260;samtools.261;samtools.262;samtools.263;samtools.264;samtools.265;samtools.266;samtools.267;samtools.268;samtools.269;samtools.270;samtools.271;samtools.272;samtools.273;samtools.274;samtools.275;samtools.276;samtools.277;samtools.278;samtools.279;samtools.280;samtools.281;samtools.282;samtools.283;samtools.284;samtools.285;samtools.286;samtools.287;samtools.288;samtools.289;samtools.290;samtools.291;samtools.292;samtools.293;samtools.294;samtools.295;samtools.296;samtools.297;samtools.298;samtools.299;samtools.300;samtools.301;samtools.302;samtools.303;samtools.304;samtools.305;samtools.306;samtools.307;samtools.308;samtools.309;samtools.310;samtools.311;samtools.312;samtools.313;samtools.314;samtools.315;samtools.316;samtools.317;samtools.318;samtools.319;samtools.320;samtools.321;samtools.322;samtools.323;samtools.324;samtools.325;samtools.326;samtools.327;samtools.328;samtools.329;samtools.330;samtools.331	samtools view -@ 32 -b -s 103.62766759 -o /bip8_disk/pingting114/mixed_bam_COLO829_PAO/TF0_25x/TF0_25x.rep3.bam /big8_disk/data/COLO829/ONT_PAO/PAO33946.bam
COLO829.TF0.rep4	/bip7_disk/pingting114/mixed_bam/COLO829_PAO/TF0_25x/TF0_25x.rep4.bam	BAM	TRUE	78414760049	2026-08-24T01:41:07.961322	True	GRCh38_no_alt_analysis_set	195	minimap2;samtools;samtools.1;minimap2-43394878;samtools-525D8839;samtools.1-40BD4459;minimap2-47BA3BFD;samtools-21550203;samtools.1-23E66F73;minimap2-9B61420;samtools-3F6A1A63;samtools.1-57E9495;minimap2-130F2BBC;samtools-45982FE6;samtools.1-1C8E3CB8;minimap2-4D4FA50E;samtools-26F1516C;samtools.1-126CAAF0;minimap2-AD8AB2A;samtools-85B8B2E;samtools.1-145ABB19;minimap2-3C1FD1B7;samtools-576AAA1;samtools.1-38801924;minimap2-52B07B5A;samtools-212E6580;samtools.1-56577952;minimap2-30711B5;samtools-720FE8A6;samtools.1-7FBCB799;minimap2-10F10271;samtools-33F09705;samtools.1-2FC1455A;minimap2-4B31FE31;samtools-5896DB03;samtools.1-5B97C06;minimap2-2C85A5D9;samtools-6B7DDCD5;samtools.1-662AF9D1;minimap2-41F5027A;samtools-4C01D6CD;samtools.1-6953BA83;minimap2-18B4BC78;samtools-48C02FA6;samtools.1-77A2258C;minimap2-45871F6C;samtools-5761EB9E;samtools.1-6F0D8195;minimap2-15EF0C97;samtools-1EEDF44B;samtools.1-6ABE903F;minimap2-68AA6F05;samtools-7788E63C;samtools.1-65611D5D;minimap2-69AB8C25;samtools-1F4CBBF3;samtools.1-7D00E75B;minimap2-4F418AFC;samtools-29E90776;samtools.1-1A8C4CBE;minimap2-66A7C445;samtools-78EF79DC;samtools.1-4B08E567;minimap2-6E0EC1FA;samtools-354E81C0;samtools.1-3C833CE0;minimap2-366E920F;samtools-65F4C6D4;samtools.1-7EFC1427;minimap2-1F728A9A;samtools-AC49B56;samtools.1-4A6D9C1D;minimap2-1CE28EAE;samtools-7942E85E;samtools.1-2A25A70C;minimap2-28D409F5;samtools-288C4C4;samtools.1-39996D01;minimap2-73D7816;samtools-7B808215;samtools.1-45495F91;minimap2-5681B533;samtools-27FFD4C2;samtools.1-142EDCB8;minimap2-6516899F;samtools-49498376;samtools.1-675E403C;minimap2-2C12BA27;samtools-C017294;samtools.1-E6C25BA;minimap2-1FC2991A;samtools-6F1C32E0;samtools.1-63770D1D;minimap2-B605A97;samtools-1D23CF12;samtools.1-61F2062;minimap2-789788E7;samtools-154D1026;samtools.1-586B01CB;minimap2-4029E898;samtools-42A42AC7;samtools.1-1954F67D;minimap2-59B27AD0;samtools-42FD55DF;samtools.1-475744FA;minimap2-37EE7FC5;samtools-10CD14A1;samtools.1-3E5A5B6;minimap2-3343186;samtools-583D87F9;samtools.1-A9BC0E4;minimap2-65CD9801;samtools-1B9950BF;samtools.1-3D7E3C;minimap2-71FFFB9;samtools-51E6E8FA;samtools.1-BBC2DE5;minimap2-465E89D7;samtools-6B153A2B;samtools.1-1A503FB5;minimap2-4CD80BEB;samtools-3EA5C4CF;samtools.1-3D4811C2;minimap2-40573B4D;samtools-26D93C53;samtools.1-5808461F;minimap2-6B01D735;samtools-6AF5E8B0;samtools.1-1DD3C234;minimap2-103A5597;samtools-58CF7A3C;samtools.1-78958B04;minimap2-2FB9E35D;samtools-827C351;samtools.1-28CE6484;minimap2-2D9540B5;samtools-6D2F6994;samtools.1-475FFCCB;minimap2-A9ED1BC;samtools-4631AF1D;samtools.1-6A2075F7;minimap2-89019A6;samtools-7A4256CC;samtools.1-26D37ECE;minimap2-130EE884;samtools-3E4EB9FA;samtools.1-7BA66A26;minimap2-741D127F;samtools-48F77DB4;samtools.1-19A13054;minimap2-385DF34;samtools-78EC8290;samtools.1-275FE441;minimap2-505F114D;samtools-50C966F1;samtools.1-A8D873B;minimap2-50B12D09;samtools-90E2C8;samtools.1-22BE4794;minimap2-7B279B59;samtools-5896170B;samtools.1-B844C7;minimap2-717B9D66;samtools-72AF41CE;samtools.1-50CAD98E;minimap2-573B8DEA;samtools-1C196B5;samtools.1-13E5F793;minimap2-4AC42E60;samtools-32947586;samtools.1-59A33CE1;minimap2-2BE2FC5E;samtools-61ED7E3C;samtools.1-801055E;minimap2-6E827C93;samtools-1FD7BBF0;samtools.1-2B1A3145;minimap2-48EFAD01;samtools-606F3F0E;samtools.1-18E541FB;minimap2-6C4445AF;samtools-33D2F0C0;samtools.1-2DF5869D;minimap2-5584C2AD;samtools-3BF26E7D;samtools.1-916CE49;minimap2-2F3A02C;samtools-79DBE1DD;samtools.1-73C21C64;minimap2-3990E4;samtools-54509BF3;samtools.1-6CF602D1;minimap2-19B5F2CF;samtools-352B6F4A;samtools.1-6A7C5F4D;minimap2-6AE68AAA;samtools-62F4AFC;samtools.1-5EB3ED1D;minimap2-48A5C1A7;samtools-1FEC9F6D;samtools.1-59018743;minimap2-1519A09;samtools-13A84693;samtools.1-356F8DAE;minimap2-68F81877;samtools-46786875;samtools.1-78FA26FC;minimap2-57B39EDB;samtools-62943765;samtools.1-47DC75E5;minimap2-2C7C7B74;samtools-6D19CA22;samtools.1-AD5747A;minimap2-153ABEEF;samtools-671A79AA;samtools.1-12394A00;minimap2-19B05F81;samtools-366ED8D7;samtools.1-74C1D6F7;minimap2-2FC8C067;samtools-4788A989;samtools.1-5B3C6ACA;minimap2-1D8D8217;samtools-30BD338B;samtools.1-65B842E4;minimap2-17A4C0B4;samtools-251D05F5;samtools.1-72DFCD4A;minimap2-3A03174C;samtools-3A8C71BE;samtools.1-4726079E;minimap2-7EFFE736;samtools-27EF2A21;samtools.1-5A7AB467;minimap2-1E727158;samtools-E758D40;samtools.1-2B72F4CE;minimap2-38FB9A3E;samtools-12D4FCCC;samtools.1-52814102;minimap2-7A680949;samtools-A480D39;samtools.1-6446EE5E;minimap2-31D867A8;samtools-23CE1AB8;samtools.1-6FEA08B5;minimap2-407CF39D;samtools-25FA6C7C;samtools.1-4D4AAE31;minimap2-FC1280B;samtools-29EE36D6;samtools.1-1B61420E;minimap2-3A93D59A;samtools-64B344CB;samtools.1-2AA7D9C3;minimap2-DE08BFC;samtools-13B876AF;samtools.1-4D167E98;minimap2-3782961;samtools-50315B63;samtools.1-49EC022;minimap2-81DA6A0;samtools-5C1FFCDF;samtools.1-4F5D07E2;minimap2-31B98EDD;samtools-74E5A8B6;samtools.1-186DD1B2;minimap2-27184F47;samtools-5DFFA563;samtools.1-62D22C0D;minimap2-3F8D56C5;samtools-43C885D9;samtools.1-40BBB754;minimap2-5D514593;samtools-78F38CE;samtools.1-447F4142;minimap2-54FA6B0F;samtools-5081B5E7;samtools.1-3A5821BC;minimap2-7558816;samtools-84B9372;samtools.1-634CCF9;minimap2-7FE2FD4C;samtools-23D63004;samtools.1-255E03BD;minimap2-5AFCAD3D;samtools-B31B4BB;samtools.1-3A37B498;minimap2-34D17F94;samtools-1309488C;samtools.1-6C88B396;minimap2-7DA070AA;samtools-1906923;samtools.1-4A221097;minimap2-FC4A7AD;samtools-5834C467;samtools.1-663AEF5C;minimap2-16AFF508;samtools-6DDF0E26;samtools.1-3FDD51F9;minimap2-58C79E5B;samtools-552AE937;samtools.1-242D3FAD;minimap2-5B2C1AD6;samtools-249953EB;samtools.1-40F7CB85;minimap2-3BAECDC9;samtools-6929E7A2;samtools.1-6008BA22;minimap2-D772859;samtools-21FB234A;samtools.1-1C204C2;minimap2-20DF8A27;samtools-4352F2B5;samtools.1-712B79DF;minimap2-6598FD7F;samtools-5DA5F914;samtools.1-1AA0EC74;minimap2-1B9D56C4;samtools-2BFB9FD2;samtools.1-6406D0F6;minimap2-1BD11822;samtools-2CBAE098;samtools.1-EDE32D2;minimap2-1514D7F1;samtools-333B2E77;samtools.1-4C39804C;minimap2-4C3869B7;samtools-2F044781;samtools.1-6313B172;samtools.2;samtools.3;samtools.4;samtools.5;samtools.6;samtools.7;samtools.8;samtools.9;samtools.10;samtools.11;samtools.12;samtools.13;samtools.14;samtools.15;samtools.16;samtools.17;samtools.18;samtools.19;samtools.20;samtools.21;samtools.22;samtools.23;samtools.24;samtools.25;samtools.26;samtools.27;samtools.28;samtools.29;samtools.30;samtools.31;samtools.32;samtools.33;samtools.34;samtools.35;samtools.36;samtools.37;samtools.38;samtools.39;samtools.40;samtools.41;samtools.42;samtools.43;samtools.44;samtools.45;samtools.46;samtools.47;samtools.48;samtools.49;samtools.50;samtools.51;samtools.52;samtools.53;samtools.54;samtools.55;samtools.56;samtools.57;samtools.58;samtools.59;samtools.60;samtools.61;samtools.62;samtools.63;samtools.64;samtools.65;samtools.66;samtools.67;samtools.68;samtools.69;samtools.70;samtools.71;samtools.72;samtools.73;samtools.74;samtools.75;samtools.76;samtools.77;samtools.78;samtools.79;samtools.80;samtools.81;samtools.82;samtools.83;samtools.84;samtools.85;samtools.86;samtools.87;samtools.88;samtools.89;samtools.90;samtools.91;samtools.92;samtools.93;samtools.94;samtools.95;samtools.96;samtools.97;samtools.98;samtools.99;samtools.100;samtools.101;samtools.102;samtools.103;samtools.104;samtools.105;samtools.106;samtools.107;samtools.108;samtools.109;samtools.110;samtools.111;samtools.112;samtools.113;samtools.114;samtools.115;samtools.116;samtools.117;samtools.118;samtools.119;samtools.120;samtools.121;samtools.122;samtools.123;samtools.124;samtools.125;samtools.126;samtools.127;samtools.128;samtools.129;samtools.130;samtools.131;samtools.132;samtools.133;samtools.134;samtools.135;samtools.136;samtools.137;samtools.138;samtools.139;samtools.140;samtools.141;samtools.142;samtools.143;samtools.144;samtools.145;samtools.146;samtools.147;samtools.148;samtools.149;samtools.150;samtools.151;samtools.152;samtools.153;samtools.154;samtools.155;samtools.156;samtools.157;samtools.158;samtools.159;samtools.160;samtools.161;samtools.162;samtools.163;samtools.164;samtools.165;samtools.166;samtools.167;samtools.168;samtools.169;samtools.170;samtools.171;samtools.172;samtools.173;samtools.174;samtools.175;samtools.176;samtools.177;samtools.178;samtools.179;samtools.180;samtools.181;samtools.182;samtools.183;samtools.184;samtools.185;samtools.186;samtools.187;samtools.188;samtools.189;samtools.190;samtools.191;samtools.192;samtools.193;samtools.194;samtools.195;samtools.196;samtools.197;samtools.198;samtools.199;samtools.200;samtools.201;samtools.202;samtools.203;samtools.204;samtools.205;samtools.206;samtools.207;samtools.208;samtools.209;samtools.210;samtools.211;samtools.212;samtools.213;samtools.214;samtools.215;samtools.216;samtools.217;samtools.218;samtools.219;samtools.220;samtools.221;samtools.222;samtools.223;samtools.224;samtools.225;samtools.226;samtools.227;samtools.228;samtools.229;samtools.230;samtools.231;samtools.232;samtools.233;samtools.234;samtools.235;samtools.236;samtools.237;samtools.238;samtools.239;samtools.240;samtools.241;samtools.242;samtools.243;samtools.244;samtools.245;samtools.246;samtools.247;samtools.248;samtools.249;samtools.250;samtools.251;samtools.252;samtools.253;samtools.254;samtools.255;samtools.256;samtools.257;samtools.258;samtools.259;samtools.260;samtools.261;samtools.262;samtools.263;samtools.264;samtools.265;samtools.266;samtools.267;samtools.268;samtools.269;samtools.270;samtools.271;samtools.272;samtools.273;samtools.274;samtools.275;samtools.276;samtools.277;samtools.278;samtools.279;samtools.280;samtools.281;samtools.282;samtools.283;samtools.284;samtools.285;samtools.286;samtools.287;samtools.288;samtools.289;samtools.290;samtools.291;samtools.292;samtools.293;samtools.294;samtools.295;samtools.296;samtools.297;samtools.298;samtools.299;samtools.300;samtools.301;samtools.302;samtools.303;samtools.304;samtools.305;samtools.306;samtools.307;samtools.308;samtools.309;samtools.310;samtools.311;samtools.312;samtools.313;samtools.314;samtools.315;samtools.316;samtools.317;samtools.318;samtools.319;samtools.320;samtools.321;samtools.322;samtools.323;samtools.324;samtools.325;samtools.326;samtools.327;samtools.328;samtools.329;samtools.330;samtools.331	samtools view -@ 32 -b -s 104.62766759 -o /bip8_disk/pingting114/mixed_bam_COLO829_PAO/TF0_25x/TF0_25x.rep4.bam /big8_disk/data/COLO829/ONT_PAO/PAO33946.bam
COLO829.TF0.rep5	/bip7_disk/pingting114/mixed_bam/COLO829_PAO/TF0_25x/TF0_25x.rep5.bam	BAM	TRUE	78383541981	2026-08-24T01:41:07.293322	True	GRCh38_no_alt_analysis_set	195	minimap2;samtools;samtools.1;minimap2-43394878;samtools-525D8839;samtools.1-40BD4459;minimap2-47BA3BFD;samtools-21550203;samtools.1-23E66F73;minimap2-9B61420;samtools-3F6A1A63;samtools.1-57E9495;minimap2-130F2BBC;samtools-45982FE6;samtools.1-1C8E3CB8;minimap2-4D4FA50E;samtools-26F1516C;samtools.1-126CAAF0;minimap2-AD8AB2A;samtools-85B8B2E;samtools.1-145ABB19;minimap2-3C1FD1B7;samtools-576AAA1;samtools.1-38801924;minimap2-52B07B5A;samtools-212E6580;samtools.1-56577952;minimap2-30711B5;samtools-720FE8A6;samtools.1-7FBCB799;minimap2-10F10271;samtools-33F09705;samtools.1-2FC1455A;minimap2-4B31FE31;samtools-5896DB03;samtools.1-5B97C06;minimap2-2C85A5D9;samtools-6B7DDCD5;samtools.1-662AF9D1;minimap2-41F5027A;samtools-4C01D6CD;samtools.1-6953BA83;minimap2-18B4BC78;samtools-48C02FA6;samtools.1-77A2258C;minimap2-45871F6C;samtools-5761EB9E;samtools.1-6F0D8195;minimap2-15EF0C97;samtools-1EEDF44B;samtools.1-6ABE903F;minimap2-68AA6F05;samtools-7788E63C;samtools.1-65611D5D;minimap2-69AB8C25;samtools-1F4CBBF3;samtools.1-7D00E75B;minimap2-4F418AFC;samtools-29E90776;samtools.1-1A8C4CBE;minimap2-66A7C445;samtools-78EF79DC;samtools.1-4B08E567;minimap2-6E0EC1FA;samtools-354E81C0;samtools.1-3C833CE0;minimap2-366E920F;samtools-65F4C6D4;samtools.1-7EFC1427;minimap2-1F728A9A;samtools-AC49B56;samtools.1-4A6D9C1D;minimap2-1CE28EAE;samtools-7942E85E;samtools.1-2A25A70C;minimap2-28D409F5;samtools-288C4C4;samtools.1-39996D01;minimap2-73D7816;samtools-7B808215;samtools.1-45495F91;minimap2-5681B533;samtools-27FFD4C2;samtools.1-142EDCB8;minimap2-6516899F;samtools-49498376;samtools.1-675E403C;minimap2-2C12BA27;samtools-C017294;samtools.1-E6C25BA;minimap2-1FC2991A;samtools-6F1C32E0;samtools.1-63770D1D;minimap2-B605A97;samtools-1D23CF12;samtools.1-61F2062;minimap2-789788E7;samtools-154D1026;samtools.1-586B01CB;minimap2-4029E898;samtools-42A42AC7;samtools.1-1954F67D;minimap2-59B27AD0;samtools-42FD55DF;samtools.1-475744FA;minimap2-37EE7FC5;samtools-10CD14A1;samtools.1-3E5A5B6;minimap2-3343186;samtools-583D87F9;samtools.1-A9BC0E4;minimap2-65CD9801;samtools-1B9950BF;samtools.1-3D7E3C;minimap2-71FFFB9;samtools-51E6E8FA;samtools.1-BBC2DE5;minimap2-465E89D7;samtools-6B153A2B;samtools.1-1A503FB5;minimap2-4CD80BEB;samtools-3EA5C4CF;samtools.1-3D4811C2;minimap2-40573B4D;samtools-26D93C53;samtools.1-5808461F;minimap2-6B01D735;samtools-6AF5E8B0;samtools.1-1DD3C234;minimap2-103A5597;samtools-58CF7A3C;samtools.1-78958B04;minimap2-2FB9E35D;samtools-827C351;samtools.1-28CE6484;minimap2-2D9540B5;samtools-6D2F6994;samtools.1-475FFCCB;minimap2-A9ED1BC;samtools-4631AF1D;samtools.1-6A2075F7;minimap2-89019A6;samtools-7A4256CC;samtools.1-26D37ECE;minimap2-130EE884;samtools-3E4EB9FA;samtools.1-7BA66A26;minimap2-741D127F;samtools-48F77DB4;samtools.1-19A13054;minimap2-385DF34;samtools-78EC8290;samtools.1-275FE441;minimap2-505F114D;samtools-50C966F1;samtools.1-A8D873B;minimap2-50B12D09;samtools-90E2C8;samtools.1-22BE4794;minimap2-7B279B59;samtools-5896170B;samtools.1-B844C7;minimap2-717B9D66;samtools-72AF41CE;samtools.1-50CAD98E;minimap2-573B8DEA;samtools-1C196B5;samtools.1-13E5F793;minimap2-4AC42E60;samtools-32947586;samtools.1-59A33CE1;minimap2-2BE2FC5E;samtools-61ED7E3C;samtools.1-801055E;minimap2-6E827C93;samtools-1FD7BBF0;samtools.1-2B1A3145;minimap2-48EFAD01;samtools-606F3F0E;samtools.1-18E541FB;minimap2-6C4445AF;samtools-33D2F0C0;samtools.1-2DF5869D;minimap2-5584C2AD;samtools-3BF26E7D;samtools.1-916CE49;minimap2-2F3A02C;samtools-79DBE1DD;samtools.1-73C21C64;minimap2-3990E4;samtools-54509BF3;samtools.1-6CF602D1;minimap2-19B5F2CF;samtools-352B6F4A;samtools.1-6A7C5F4D;minimap2-6AE68AAA;samtools-62F4AFC;samtools.1-5EB3ED1D;minimap2-48A5C1A7;samtools-1FEC9F6D;samtools.1-59018743;minimap2-1519A09;samtools-13A84693;samtools.1-356F8DAE;minimap2-68F81877;samtools-46786875;samtools.1-78FA26FC;minimap2-57B39EDB;samtools-62943765;samtools.1-47DC75E5;minimap2-2C7C7B74;samtools-6D19CA22;samtools.1-AD5747A;minimap2-153ABEEF;samtools-671A79AA;samtools.1-12394A00;minimap2-19B05F81;samtools-366ED8D7;samtools.1-74C1D6F7;minimap2-2FC8C067;samtools-4788A989;samtools.1-5B3C6ACA;minimap2-1D8D8217;samtools-30BD338B;samtools.1-65B842E4;minimap2-17A4C0B4;samtools-251D05F5;samtools.1-72DFCD4A;minimap2-3A03174C;samtools-3A8C71BE;samtools.1-4726079E;minimap2-7EFFE736;samtools-27EF2A21;samtools.1-5A7AB467;minimap2-1E727158;samtools-E758D40;samtools.1-2B72F4CE;minimap2-38FB9A3E;samtools-12D4FCCC;samtools.1-52814102;minimap2-7A680949;samtools-A480D39;samtools.1-6446EE5E;minimap2-31D867A8;samtools-23CE1AB8;samtools.1-6FEA08B5;minimap2-407CF39D;samtools-25FA6C7C;samtools.1-4D4AAE31;minimap2-FC1280B;samtools-29EE36D6;samtools.1-1B61420E;minimap2-3A93D59A;samtools-64B344CB;samtools.1-2AA7D9C3;minimap2-DE08BFC;samtools-13B876AF;samtools.1-4D167E98;minimap2-3782961;samtools-50315B63;samtools.1-49EC022;minimap2-81DA6A0;samtools-5C1FFCDF;samtools.1-4F5D07E2;minimap2-31B98EDD;samtools-74E5A8B6;samtools.1-186DD1B2;minimap2-27184F47;samtools-5DFFA563;samtools.1-62D22C0D;minimap2-3F8D56C5;samtools-43C885D9;samtools.1-40BBB754;minimap2-5D514593;samtools-78F38CE;samtools.1-447F4142;minimap2-54FA6B0F;samtools-5081B5E7;samtools.1-3A5821BC;minimap2-7558816;samtools-84B9372;samtools.1-634CCF9;minimap2-7FE2FD4C;samtools-23D63004;samtools.1-255E03BD;minimap2-5AFCAD3D;samtools-B31B4BB;samtools.1-3A37B498;minimap2-34D17F94;samtools-1309488C;samtools.1-6C88B396;minimap2-7DA070AA;samtools-1906923;samtools.1-4A221097;minimap2-FC4A7AD;samtools-5834C467;samtools.1-663AEF5C;minimap2-16AFF508;samtools-6DDF0E26;samtools.1-3FDD51F9;minimap2-58C79E5B;samtools-552AE937;samtools.1-242D3FAD;minimap2-5B2C1AD6;samtools-249953EB;samtools.1-40F7CB85;minimap2-3BAECDC9;samtools-6929E7A2;samtools.1-6008BA22;minimap2-D772859;samtools-21FB234A;samtools.1-1C204C2;minimap2-20DF8A27;samtools-4352F2B5;samtools.1-712B79DF;minimap2-6598FD7F;samtools-5DA5F914;samtools.1-1AA0EC74;minimap2-1B9D56C4;samtools-2BFB9FD2;samtools.1-6406D0F6;minimap2-1BD11822;samtools-2CBAE098;samtools.1-EDE32D2;minimap2-1514D7F1;samtools-333B2E77;samtools.1-4C39804C;minimap2-4C3869B7;samtools-2F044781;samtools.1-6313B172;samtools.2;samtools.3;samtools.4;samtools.5;samtools.6;samtools.7;samtools.8;samtools.9;samtools.10;samtools.11;samtools.12;samtools.13;samtools.14;samtools.15;samtools.16;samtools.17;samtools.18;samtools.19;samtools.20;samtools.21;samtools.22;samtools.23;samtools.24;samtools.25;samtools.26;samtools.27;samtools.28;samtools.29;samtools.30;samtools.31;samtools.32;samtools.33;samtools.34;samtools.35;samtools.36;samtools.37;samtools.38;samtools.39;samtools.40;samtools.41;samtools.42;samtools.43;samtools.44;samtools.45;samtools.46;samtools.47;samtools.48;samtools.49;samtools.50;samtools.51;samtools.52;samtools.53;samtools.54;samtools.55;samtools.56;samtools.57;samtools.58;samtools.59;samtools.60;samtools.61;samtools.62;samtools.63;samtools.64;samtools.65;samtools.66;samtools.67;samtools.68;samtools.69;samtools.70;samtools.71;samtools.72;samtools.73;samtools.74;samtools.75;samtools.76;samtools.77;samtools.78;samtools.79;samtools.80;samtools.81;samtools.82;samtools.83;samtools.84;samtools.85;samtools.86;samtools.87;samtools.88;samtools.89;samtools.90;samtools.91;samtools.92;samtools.93;samtools.94;samtools.95;samtools.96;samtools.97;samtools.98;samtools.99;samtools.100;samtools.101;samtools.102;samtools.103;samtools.104;samtools.105;samtools.106;samtools.107;samtools.108;samtools.109;samtools.110;samtools.111;samtools.112;samtools.113;samtools.114;samtools.115;samtools.116;samtools.117;samtools.118;samtools.119;samtools.120;samtools.121;samtools.122;samtools.123;samtools.124;samtools.125;samtools.126;samtools.127;samtools.128;samtools.129;samtools.130;samtools.131;samtools.132;samtools.133;samtools.134;samtools.135;samtools.136;samtools.137;samtools.138;samtools.139;samtools.140;samtools.141;samtools.142;samtools.143;samtools.144;samtools.145;samtools.146;samtools.147;samtools.148;samtools.149;samtools.150;samtools.151;samtools.152;samtools.153;samtools.154;samtools.155;samtools.156;samtools.157;samtools.158;samtools.159;samtools.160;samtools.161;samtools.162;samtools.163;samtools.164;samtools.165;samtools.166;samtools.167;samtools.168;samtools.169;samtools.170;samtools.171;samtools.172;samtools.173;samtools.174;samtools.175;samtools.176;samtools.177;samtools.178;samtools.179;samtools.180;samtools.181;samtools.182;samtools.183;samtools.184;samtools.185;samtools.186;samtools.187;samtools.188;samtools.189;samtools.190;samtools.191;samtools.192;samtools.193;samtools.194;samtools.195;samtools.196;samtools.197;samtools.198;samtools.199;samtools.200;samtools.201;samtools.202;samtools.203;samtools.204;samtools.205;samtools.206;samtools.207;samtools.208;samtools.209;samtools.210;samtools.211;samtools.212;samtools.213;samtools.214;samtools.215;samtools.216;samtools.217;samtools.218;samtools.219;samtools.220;samtools.221;samtools.222;samtools.223;samtools.224;samtools.225;samtools.226;samtools.227;samtools.228;samtools.229;samtools.230;samtools.231;samtools.232;samtools.233;samtools.234;samtools.235;samtools.236;samtools.237;samtools.238;samtools.239;samtools.240;samtools.241;samtools.242;samtools.243;samtools.244;samtools.245;samtools.246;samtools.247;samtools.248;samtools.249;samtools.250;samtools.251;samtools.252;samtools.253;samtools.254;samtools.255;samtools.256;samtools.257;samtools.258;samtools.259;samtools.260;samtools.261;samtools.262;samtools.263;samtools.264;samtools.265;samtools.266;samtools.267;samtools.268;samtools.269;samtools.270;samtools.271;samtools.272;samtools.273;samtools.274;samtools.275;samtools.276;samtools.277;samtools.278;samtools.279;samtools.280;samtools.281;samtools.282;samtools.283;samtools.284;samtools.285;samtools.286;samtools.287;samtools.288;samtools.289;samtools.290;samtools.291;samtools.292;samtools.293;samtools.294;samtools.295;samtools.296;samtools.297;samtools.298;samtools.299;samtools.300;samtools.301;samtools.302;samtools.303;samtools.304;samtools.305;samtools.306;samtools.307;samtools.308;samtools.309;samtools.310;samtools.311;samtools.312;samtools.313;samtools.314;samtools.315;samtools.316;samtools.317;samtools.318;samtools.319;samtools.320;samtools.321;samtools.322;samtools.323;samtools.324;samtools.325;samtools.326;samtools.327;samtools.328;samtools.329;samtools.330;samtools.331	samtools view -@ 32 -b -s 105.62766759 -o /bip8_disk/pingting114/mixed_bam_COLO829_PAO/TF0_25x/TF0_25x.rep5.bam /big8_disk/data/COLO829/ONT_PAO/PAO33946.bam
COLO829.TF1e-2.rep1	/bip7_disk/pingting114/mixed_bam/COLO829_PAO/TF1e-2_25x/TF1e-2_25x.rep1.bam	BAM	TRUE	78493065700	2026-08-24T02:36:42.821411	True	GRCh38_no_alt_analysis_set	195	minimap2;samtools;samtools.1;samtools.2;minimap2-468ACA11;samtools-1D8D2C5E;samtools.1-799B661A;minimap2-43394878;samtools-525D8839;samtools.1-40BD4459;minimap2-47BA3BFD;samtools-21550203;samtools.1-23E66F73;minimap2-9B61420;samtools-3F6A1A63;samtools.1-57E9495;minimap2-130F2BBC;samtools-45982FE6;samtools.1-1C8E3CB8;minimap2-4D4FA50E;samtools-26F1516C;samtools.1-126CAAF0;minimap2-AD8AB2A;samtools-85B8B2E;samtools.1-145ABB19;minimap2-3C1FD1B7;samtools-576AAA1;samtools.1-38801924;minimap2-52B07B5A;samtools-212E6580;samtools.1-56577952;minimap2-30711B5;samtools-720FE8A6;samtools.1-7FBCB799;minimap2-10F10271;samtools-33F09705;samtools.1-2FC1455A;minimap2-4B31FE31;samtools-5896DB03;samtools.1-5B97C06;minimap2-2C85A5D9;samtools-6B7DDCD5;samtools.1-662AF9D1;minimap2-41F5027A;samtools-4C01D6CD;samtools.1-6953BA83;minimap2-18B4BC78;samtools-48C02FA6;samtools.1-77A2258C;minimap2-45871F6C;samtools-5761EB9E;samtools.1-6F0D8195;minimap2-15EF0C97;samtools-1EEDF44B;samtools.1-6ABE903F;minimap2-68AA6F05;samtools-7788E63C;samtools.1-65611D5D;minimap2-69AB8C25;samtools-1F4CBBF3;samtools.1-7D00E75B;minimap2-4F418AFC;samtools-29E90776;samtools.1-1A8C4CBE;minimap2-66A7C445;samtools-78EF79DC;samtools.1-4B08E567;minimap2-6E0EC1FA;samtools-354E81C0;samtools.1-3C833CE0;minimap2-366E920F;samtools-65F4C6D4;samtools.1-7EFC1427;minimap2-1F728A9A;samtools-AC49B56;samtools.1-4A6D9C1D;minimap2-1CE28EAE;samtools-7942E85E;samtools.1-2A25A70C;minimap2-28D409F5;samtools-288C4C4;samtools.1-39996D01;minimap2-73D7816;samtools-7B808215;samtools.1-45495F91;minimap2-5681B533;samtools-27FFD4C2;samtools.1-142EDCB8;minimap2-6516899F;samtools-49498376;samtools.1-675E403C;minimap2-2C12BA27;samtools-C017294;samtools.1-E6C25BA;minimap2-1FC2991A;samtools-6F1C32E0;samtools.1-63770D1D;minimap2-B605A97;samtools-1D23CF12;samtools.1-61F2062;minimap2-789788E7;samtools-154D1026;samtools.1-586B01CB;minimap2-4029E898;samtools-42A42AC7;samtools.1-1954F67D;minimap2-59B27AD0;samtools-42FD55DF;samtools.1-475744FA;minimap2-37EE7FC5;samtools-10CD14A1;samtools.1-3E5A5B6;minimap2-3343186;samtools-583D87F9;samtools.1-A9BC0E4;minimap2-65CD9801;samtools-1B9950BF;samtools.1-3D7E3C;minimap2-71FFFB9;samtools-51E6E8FA;samtools.1-BBC2DE5;minimap2-465E89D7;samtools-6B153A2B;samtools.1-1A503FB5;minimap2-4CD80BEB;samtools-3EA5C4CF;samtools.1-3D4811C2;minimap2-40573B4D;samtools-26D93C53;samtools.1-5808461F;minimap2-6B01D735;samtools-6AF5E8B0;samtools.1-1DD3C234;minimap2-103A5597;samtools-58CF7A3C;samtools.1-78958B04;minimap2-2FB9E35D;samtools-827C351;samtools.1-28CE6484;minimap2-2D9540B5;samtools-6D2F6994;samtools.1-475FFCCB;minimap2-A9ED1BC;samtools-4631AF1D;samtools.1-6A2075F7;minimap2-89019A6;samtools-7A4256CC;samtools.1-26D37ECE;minimap2-130EE884;samtools-3E4EB9FA;samtools.1-7BA66A26;minimap2-741D127F;samtools-48F77DB4;samtools.1-19A13054;minimap2-385DF34;samtools-78EC8290;samtools.1-275FE441;minimap2-505F114D;samtools-50C966F1;samtools.1-A8D873B;minimap2-50B12D09;samtools-90E2C8;samtools.1-22BE4794;minimap2-7B279B59;samtools-5896170B;samtools.1-B844C7;minimap2-717B9D66;samtools-72AF41CE;samtools.1-50CAD98E;minimap2-573B8DEA;samtools-1C196B5;samtools.1-13E5F793;minimap2-4AC42E60;samtools-32947586;samtools.1-59A33CE1;minimap2-2BE2FC5E;samtools-61ED7E3C;samtools.1-801055E;minimap2-6E827C93;samtools-1FD7BBF0;samtools.1-2B1A3145;minimap2-48EFAD01;samtools-606F3F0E;samtools.1-18E541FB;minimap2-6C4445AF;samtools-33D2F0C0;samtools.1-2DF5869D;minimap2-5584C2AD;samtools-3BF26E7D;samtools.1-916CE49;minimap2-2F3A02C;samtools-79DBE1DD;samtools.1-73C21C64;minimap2-3990E4;samtools-54509BF3;samtools.1-6CF602D1;minimap2-19B5F2CF;samtools-352B6F4A;samtools.1-6A7C5F4D;minimap2-6AE68AAA;samtools-62F4AFC;samtools.1-5EB3ED1D;minimap2-48A5C1A7;samtools-1FEC9F6D;samtools.1-59018743;minimap2-1519A09;samtools-13A84693;samtools.1-356F8DAE;minimap2-68F81877;samtools-46786875;samtools.1-78FA26FC;minimap2-57B39EDB;samtools-62943765;samtools.1-47DC75E5;minimap2-2C7C7B74;samtools-6D19CA22;samtools.1-AD5747A;minimap2-153ABEEF;samtools-671A79AA;samtools.1-12394A00;minimap2-19B05F81;samtools-366ED8D7;samtools.1-74C1D6F7;minimap2-2FC8C067;samtools-4788A989;samtools.1-5B3C6ACA;minimap2-1D8D8217;samtools-30BD338B;samtools.1-65B842E4;minimap2-17A4C0B4;samtools-251D05F5;samtools.1-72DFCD4A;minimap2-3A03174C;samtools-3A8C71BE;samtools.1-4726079E;minimap2-7EFFE736;samtools-27EF2A21;samtools.1-5A7AB467;minimap2-1E727158;samtools-E758D40;samtools.1-2B72F4CE;minimap2-38FB9A3E;samtools-12D4FCCC;samtools.1-52814102;minimap2-7A680949;samtools-A480D39;samtools.1-6446EE5E;minimap2-31D867A8;samtools-23CE1AB8;samtools.1-6FEA08B5;minimap2-407CF39D;samtools-25FA6C7C;samtools.1-4D4AAE31;minimap2-FC1280B;samtools-29EE36D6;samtools.1-1B61420E;minimap2-3A93D59A;samtools-64B344CB;samtools.1-2AA7D9C3;minimap2-DE08BFC;samtools-13B876AF;samtools.1-4D167E98;minimap2-3782961;samtools-50315B63;samtools.1-49EC022;minimap2-81DA6A0;samtools-5C1FFCDF;samtools.1-4F5D07E2;minimap2-31B98EDD;samtools-74E5A8B6;samtools.1-186DD1B2;minimap2-27184F47;samtools-5DFFA563;samtools.1-62D22C0D;minimap2-3F8D56C5;samtools-43C885D9;samtools.1-40BBB754;minimap2-5D514593;samtools-78F38CE;samtools.1-447F4142;minimap2-54FA6B0F;samtools-5081B5E7;samtools.1-3A5821BC;minimap2-7558816;samtools-84B9372;samtools.1-634CCF9;minimap2-7FE2FD4C;samtools-23D63004;samtools.1-255E03BD;minimap2-5AFCAD3D;samtools-B31B4BB;samtools.1-3A37B498;minimap2-34D17F94;samtools-1309488C;samtools.1-6C88B396;minimap2-7DA070AA;samtools-1906923;samtools.1-4A221097;minimap2-FC4A7AD;samtools-5834C467;samtools.1-663AEF5C;minimap2-16AFF508;samtools-6DDF0E26;samtools.1-3FDD51F9;minimap2-58C79E5B;samtools-552AE937;samtools.1-242D3FAD;minimap2-5B2C1AD6;samtools-249953EB;samtools.1-40F7CB85;minimap2-3BAECDC9;samtools-6929E7A2;samtools.1-6008BA22;minimap2-D772859;samtools-21FB234A;samtools.1-1C204C2;minimap2-20DF8A27;samtools-4352F2B5;samtools.1-712B79DF;minimap2-6598FD7F;samtools-5DA5F914;samtools.1-1AA0EC74;minimap2-1B9D56C4;samtools-2BFB9FD2;samtools.1-6406D0F6;minimap2-1BD11822;samtools-2CBAE098;samtools.1-EDE32D2;minimap2-1514D7F1;samtools-333B2E77;samtools.1-4C39804C;minimap2-4C3869B7;samtools-2F044781;samtools.1-6313B172;samtools.2-C8E012A;samtools.3;samtools.4;samtools.5;samtools.6;samtools.7;samtools.8;samtools.9;samtools.10;samtools.11;samtools.12;samtools.13;samtools.14;samtools.15;samtools.16;samtools.17;samtools.18;samtools.19;samtools.20;samtools.21;samtools.22;samtools.23;samtools.24;samtools.25;samtools.26;samtools.27;samtools.28;samtools.29;samtools.30;samtools.31;samtools.32;samtools.33;samtools.34;samtools.35;samtools.36;samtools.37;samtools.38;samtools.39;samtools.40;samtools.41;samtools.42;samtools.43;samtools.44;samtools.45;samtools.46;samtools.47;samtools.48;samtools.49;samtools.50;samtools.51;samtools.52;samtools.53;samtools.54;samtools.55;samtools.56;samtools.57;samtools.58;samtools.59;samtools.60;samtools.61;samtools.62;samtools.63;samtools.64;samtools.65;samtools.66;samtools.67;samtools.68;samtools.69;samtools.70;samtools.71;samtools.72;samtools.73;samtools.74;samtools.75;samtools.76;samtools.77;samtools.78;samtools.79;samtools.80;samtools.81;samtools.82;samtools.83;samtools.84;samtools.85;samtools.86;samtools.87;samtools.88;samtools.89;samtools.90;samtools.91;samtools.92;samtools.93;samtools.94;samtools.95;samtools.96;samtools.97;samtools.98;samtools.99;samtools.100;samtools.101;samtools.102;samtools.103;samtools.104;samtools.105;samtools.106;samtools.107;samtools.108;samtools.109;samtools.110;samtools.111;samtools.112;samtools.113;samtools.114;samtools.115;samtools.116;samtools.117;samtools.118;samtools.119;samtools.120;samtools.121;samtools.122;samtools.123;samtools.124;samtools.125;samtools.126;samtools.127;samtools.128;samtools.129;samtools.130;samtools.131;samtools.132;samtools.133;samtools.134;samtools.135;samtools.136;samtools.137;samtools.138;samtools.139;samtools.140;samtools.141;samtools.142;samtools.143;samtools.144;samtools.145;samtools.146;samtools.147;samtools.148;samtools.149;samtools.150;samtools.151;samtools.152;samtools.153;samtools.154;samtools.155;samtools.156;samtools.157;samtools.158;samtools.159;samtools.160;samtools.161;samtools.162;samtools.163;samtools.164;samtools.165;samtools.166;samtools.167;samtools.168;samtools.169;samtools.170;samtools.171;samtools.172;samtools.173;samtools.174;samtools.175;samtools.176;samtools.177;samtools.178;samtools.179;samtools.180;samtools.181;samtools.182;samtools.183;samtools.184;samtools.185;samtools.186;samtools.187;samtools.188;samtools.189;samtools.190;samtools.191;samtools.192;samtools.193;samtools.194;samtools.195;samtools.196;samtools.197;samtools.198;samtools.199;samtools.200;samtools.201;samtools.202;samtools.203;samtools.204;samtools.205;samtools.206;samtools.207;samtools.208;samtools.209;samtools.210;samtools.211;samtools.212;samtools.213;samtools.214;samtools.215;samtools.216;samtools.217;samtools.218;samtools.219;samtools.220;samtools.221;samtools.222;samtools.223;samtools.224;samtools.225;samtools.226;samtools.227;samtools.228;samtools.229;samtools.230;samtools.231;samtools.232;samtools.233;samtools.234;samtools.235;samtools.236;samtools.237;samtools.238;samtools.239;samtools.240;samtools.241;samtools.242;samtools.243;samtools.244;samtools.245;samtools.246;samtools.247;samtools.248;samtools.249;samtools.250;samtools.251;samtools.252;samtools.253;samtools.254;samtools.255;samtools.256;samtools.257;samtools.258;samtools.259;samtools.260;samtools.261;samtools.262;samtools.263;samtools.264;samtools.265;samtools.266;samtools.267;samtools.268;samtools.269;samtools.270;samtools.271;samtools.272;samtools.273;samtools.274;samtools.275;samtools.276;samtools.277;samtools.278;samtools.279;samtools.280;samtools.281;samtools.282;samtools.283;samtools.284;samtools.285;samtools.286;samtools.287;samtools.288;samtools.289;samtools.290;samtools.291;samtools.292;samtools.293;samtools.294;samtools.295;samtools.296;samtools.297;samtools.298;samtools.299;samtools.300;samtools.301;samtools.302;samtools.303;samtools.304;samtools.305;samtools.306;samtools.307;samtools.308;samtools.309;samtools.310;samtools.311;samtools.312;samtools.313;samtools.314;samtools.315;samtools.316;samtools.317;samtools.318;samtools.319;samtools.320;samtools.321;samtools.322;samtools.323;samtools.324;samtools.325;samtools.326;samtools.327;samtools.328;samtools.329;samtools.330;samtools.331;samtools.332;samtools.333;samtools.334;samtools.335;samtools.336;samtools.337;samtools.338;samtools.339;samtools.340;samtools.341;samtools.342;samtools.343;samtools.344;samtools.345;samtools.346;samtools.347;samtools.348;samtools.349;samtools.350;samtools.351;samtools.352;samtools.353;samtools.354;samtools.355;samtools.356;samtools.357;samtools.358;samtools.359;samtools.360;samtools.361;samtools.362;samtools.363;samtools.364;samtools.365;samtools.366;samtools.367;samtools.368;samtools.369;samtools.370;samtools.371;samtools.372;samtools.373;samtools.374;samtools.375;samtools.376;samtools.377;samtools.378;samtools.379;samtools.380;samtools.381;samtools.382;samtools.383;samtools.384;samtools.385;samtools.386;samtools.387;samtools.388;samtools.389;samtools.390;samtools.391;samtools.392;samtools.393;samtools.394;samtools.395;samtools.396;samtools.397;samtools.398;samtools.399;samtools.400;samtools.401;samtools.402;samtools.403;samtools.404;samtools.405;samtools.406;samtools.407;samtools.408;samtools.409;samtools.410;samtools.411;samtools.412;samtools.413;samtools.414;samtools.415;samtools.416;samtools.417;samtools.418;samtools.419;samtools.420;samtools.421;samtools.422;samtools.423;samtools.424;samtools.425;samtools.426;samtools.427;samtools.428;samtools.429;samtools.430;samtools.431;samtools.432;samtools.433;samtools.434;samtools.435;samtools.436;samtools.437;samtools.438;samtools.439;samtools.440;samtools.441;samtools.442	samtools merge -r -@ 32 -o /bip8_disk/pingting114/mixed_bam_COLO829_PAO/TF1e-2_25x/TF1e-2_25x.rep1.bam /bip8_disk/pingting114/mixed_bam_COLO829_PAO/TF1e-2_25x/tmp_TF1e-2_tumor.rep1.bam /bip8_disk/pingting114/mixed_bam_CO
COLO829.TF1e-2.rep2	/bip7_disk/pingting114/mixed_bam/COLO829_PAO/TF1e-2_25x/TF1e-2_25x.rep2.bam	BAM	TRUE	78467967652	2026-08-24T02:36:44.741411	True	GRCh38_no_alt_analysis_set	195	minimap2;samtools;samtools.1;samtools.2;minimap2-2308010F;samtools-4F7574D;samtools.1-2A2CDB13;minimap2-43394878;samtools-525D8839;samtools.1-40BD4459;minimap2-47BA3BFD;samtools-21550203;samtools.1-23E66F73;minimap2-9B61420;samtools-3F6A1A63;samtools.1-57E9495;minimap2-130F2BBC;samtools-45982FE6;samtools.1-1C8E3CB8;minimap2-4D4FA50E;samtools-26F1516C;samtools.1-126CAAF0;minimap2-AD8AB2A;samtools-85B8B2E;samtools.1-145ABB19;minimap2-3C1FD1B7;samtools-576AAA1;samtools.1-38801924;minimap2-52B07B5A;samtools-212E6580;samtools.1-56577952;minimap2-30711B5;samtools-720FE8A6;samtools.1-7FBCB799;minimap2-10F10271;samtools-33F09705;samtools.1-2FC1455A;minimap2-4B31FE31;samtools-5896DB03;samtools.1-5B97C06;minimap2-2C85A5D9;samtools-6B7DDCD5;samtools.1-662AF9D1;minimap2-41F5027A;samtools-4C01D6CD;samtools.1-6953BA83;minimap2-18B4BC78;samtools-48C02FA6;samtools.1-77A2258C;minimap2-45871F6C;samtools-5761EB9E;samtools.1-6F0D8195;minimap2-15EF0C97;samtools-1EEDF44B;samtools.1-6ABE903F;minimap2-68AA6F05;samtools-7788E63C;samtools.1-65611D5D;minimap2-69AB8C25;samtools-1F4CBBF3;samtools.1-7D00E75B;minimap2-4F418AFC;samtools-29E90776;samtools.1-1A8C4CBE;minimap2-66A7C445;samtools-78EF79DC;samtools.1-4B08E567;minimap2-6E0EC1FA;samtools-354E81C0;samtools.1-3C833CE0;minimap2-366E920F;samtools-65F4C6D4;samtools.1-7EFC1427;minimap2-1F728A9A;samtools-AC49B56;samtools.1-4A6D9C1D;minimap2-1CE28EAE;samtools-7942E85E;samtools.1-2A25A70C;minimap2-28D409F5;samtools-288C4C4;samtools.1-39996D01;minimap2-73D7816;samtools-7B808215;samtools.1-45495F91;minimap2-5681B533;samtools-27FFD4C2;samtools.1-142EDCB8;minimap2-6516899F;samtools-49498376;samtools.1-675E403C;minimap2-2C12BA27;samtools-C017294;samtools.1-E6C25BA;minimap2-1FC2991A;samtools-6F1C32E0;samtools.1-63770D1D;minimap2-B605A97;samtools-1D23CF12;samtools.1-61F2062;minimap2-789788E7;samtools-154D1026;samtools.1-586B01CB;minimap2-4029E898;samtools-42A42AC7;samtools.1-1954F67D;minimap2-59B27AD0;samtools-42FD55DF;samtools.1-475744FA;minimap2-37EE7FC5;samtools-10CD14A1;samtools.1-3E5A5B6;minimap2-3343186;samtools-583D87F9;samtools.1-A9BC0E4;minimap2-65CD9801;samtools-1B9950BF;samtools.1-3D7E3C;minimap2-71FFFB9;samtools-51E6E8FA;samtools.1-BBC2DE5;minimap2-465E89D7;samtools-6B153A2B;samtools.1-1A503FB5;minimap2-4CD80BEB;samtools-3EA5C4CF;samtools.1-3D4811C2;minimap2-40573B4D;samtools-26D93C53;samtools.1-5808461F;minimap2-6B01D735;samtools-6AF5E8B0;samtools.1-1DD3C234;minimap2-103A5597;samtools-58CF7A3C;samtools.1-78958B04;minimap2-2FB9E35D;samtools-827C351;samtools.1-28CE6484;minimap2-2D9540B5;samtools-6D2F6994;samtools.1-475FFCCB;minimap2-A9ED1BC;samtools-4631AF1D;samtools.1-6A2075F7;minimap2-89019A6;samtools-7A4256CC;samtools.1-26D37ECE;minimap2-130EE884;samtools-3E4EB9FA;samtools.1-7BA66A26;minimap2-741D127F;samtools-48F77DB4;samtools.1-19A13054;minimap2-385DF34;samtools-78EC8290;samtools.1-275FE441;minimap2-505F114D;samtools-50C966F1;samtools.1-A8D873B;minimap2-50B12D09;samtools-90E2C8;samtools.1-22BE4794;minimap2-7B279B59;samtools-5896170B;samtools.1-B844C7;minimap2-717B9D66;samtools-72AF41CE;samtools.1-50CAD98E;minimap2-573B8DEA;samtools-1C196B5;samtools.1-13E5F793;minimap2-4AC42E60;samtools-32947586;samtools.1-59A33CE1;minimap2-2BE2FC5E;samtools-61ED7E3C;samtools.1-801055E;minimap2-6E827C93;samtools-1FD7BBF0;samtools.1-2B1A3145;minimap2-48EFAD01;samtools-606F3F0E;samtools.1-18E541FB;minimap2-6C4445AF;samtools-33D2F0C0;samtools.1-2DF5869D;minimap2-5584C2AD;samtools-3BF26E7D;samtools.1-916CE49;minimap2-2F3A02C;samtools-79DBE1DD;samtools.1-73C21C64;minimap2-3990E4;samtools-54509BF3;samtools.1-6CF602D1;minimap2-19B5F2CF;samtools-352B6F4A;samtools.1-6A7C5F4D;minimap2-6AE68AAA;samtools-62F4AFC;samtools.1-5EB3ED1D;minimap2-48A5C1A7;samtools-1FEC9F6D;samtools.1-59018743;minimap2-1519A09;samtools-13A84693;samtools.1-356F8DAE;minimap2-68F81877;samtools-46786875;samtools.1-78FA26FC;minimap2-57B39EDB;samtools-62943765;samtools.1-47DC75E5;minimap2-2C7C7B74;samtools-6D19CA22;samtools.1-AD5747A;minimap2-153ABEEF;samtools-671A79AA;samtools.1-12394A00;minimap2-19B05F81;samtools-366ED8D7;samtools.1-74C1D6F7;minimap2-2FC8C067;samtools-4788A989;samtools.1-5B3C6ACA;minimap2-1D8D8217;samtools-30BD338B;samtools.1-65B842E4;minimap2-17A4C0B4;samtools-251D05F5;samtools.1-72DFCD4A;minimap2-3A03174C;samtools-3A8C71BE;samtools.1-4726079E;minimap2-7EFFE736;samtools-27EF2A21;samtools.1-5A7AB467;minimap2-1E727158;samtools-E758D40;samtools.1-2B72F4CE;minimap2-38FB9A3E;samtools-12D4FCCC;samtools.1-52814102;minimap2-7A680949;samtools-A480D39;samtools.1-6446EE5E;minimap2-31D867A8;samtools-23CE1AB8;samtools.1-6FEA08B5;minimap2-407CF39D;samtools-25FA6C7C;samtools.1-4D4AAE31;minimap2-FC1280B;samtools-29EE36D6;samtools.1-1B61420E;minimap2-3A93D59A;samtools-64B344CB;samtools.1-2AA7D9C3;minimap2-DE08BFC;samtools-13B876AF;samtools.1-4D167E98;minimap2-3782961;samtools-50315B63;samtools.1-49EC022;minimap2-81DA6A0;samtools-5C1FFCDF;samtools.1-4F5D07E2;minimap2-31B98EDD;samtools-74E5A8B6;samtools.1-186DD1B2;minimap2-27184F47;samtools-5DFFA563;samtools.1-62D22C0D;minimap2-3F8D56C5;samtools-43C885D9;samtools.1-40BBB754;minimap2-5D514593;samtools-78F38CE;samtools.1-447F4142;minimap2-54FA6B0F;samtools-5081B5E7;samtools.1-3A5821BC;minimap2-7558816;samtools-84B9372;samtools.1-634CCF9;minimap2-7FE2FD4C;samtools-23D63004;samtools.1-255E03BD;minimap2-5AFCAD3D;samtools-B31B4BB;samtools.1-3A37B498;minimap2-34D17F94;samtools-1309488C;samtools.1-6C88B396;minimap2-7DA070AA;samtools-1906923;samtools.1-4A221097;minimap2-FC4A7AD;samtools-5834C467;samtools.1-663AEF5C;minimap2-16AFF508;samtools-6DDF0E26;samtools.1-3FDD51F9;minimap2-58C79E5B;samtools-552AE937;samtools.1-242D3FAD;minimap2-5B2C1AD6;samtools-249953EB;samtools.1-40F7CB85;minimap2-3BAECDC9;samtools-6929E7A2;samtools.1-6008BA22;minimap2-D772859;samtools-21FB234A;samtools.1-1C204C2;minimap2-20DF8A27;samtools-4352F2B5;samtools.1-712B79DF;minimap2-6598FD7F;samtools-5DA5F914;samtools.1-1AA0EC74;minimap2-1B9D56C4;samtools-2BFB9FD2;samtools.1-6406D0F6;minimap2-1BD11822;samtools-2CBAE098;samtools.1-EDE32D2;minimap2-1514D7F1;samtools-333B2E77;samtools.1-4C39804C;minimap2-4C3869B7;samtools-2F044781;samtools.1-6313B172;samtools.2-1C96F866;samtools.3;samtools.4;samtools.5;samtools.6;samtools.7;samtools.8;samtools.9;samtools.10;samtools.11;samtools.12;samtools.13;samtools.14;samtools.15;samtools.16;samtools.17;samtools.18;samtools.19;samtools.20;samtools.21;samtools.22;samtools.23;samtools.24;samtools.25;samtools.26;samtools.27;samtools.28;samtools.29;samtools.30;samtools.31;samtools.32;samtools.33;samtools.34;samtools.35;samtools.36;samtools.37;samtools.38;samtools.39;samtools.40;samtools.41;samtools.42;samtools.43;samtools.44;samtools.45;samtools.46;samtools.47;samtools.48;samtools.49;samtools.50;samtools.51;samtools.52;samtools.53;samtools.54;samtools.55;samtools.56;samtools.57;samtools.58;samtools.59;samtools.60;samtools.61;samtools.62;samtools.63;samtools.64;samtools.65;samtools.66;samtools.67;samtools.68;samtools.69;samtools.70;samtools.71;samtools.72;samtools.73;samtools.74;samtools.75;samtools.76;samtools.77;samtools.78;samtools.79;samtools.80;samtools.81;samtools.82;samtools.83;samtools.84;samtools.85;samtools.86;samtools.87;samtools.88;samtools.89;samtools.90;samtools.91;samtools.92;samtools.93;samtools.94;samtools.95;samtools.96;samtools.97;samtools.98;samtools.99;samtools.100;samtools.101;samtools.102;samtools.103;samtools.104;samtools.105;samtools.106;samtools.107;samtools.108;samtools.109;samtools.110;samtools.111;samtools.112;samtools.113;samtools.114;samtools.115;samtools.116;samtools.117;samtools.118;samtools.119;samtools.120;samtools.121;samtools.122;samtools.123;samtools.124;samtools.125;samtools.126;samtools.127;samtools.128;samtools.129;samtools.130;samtools.131;samtools.132;samtools.133;samtools.134;samtools.135;samtools.136;samtools.137;samtools.138;samtools.139;samtools.140;samtools.141;samtools.142;samtools.143;samtools.144;samtools.145;samtools.146;samtools.147;samtools.148;samtools.149;samtools.150;samtools.151;samtools.152;samtools.153;samtools.154;samtools.155;samtools.156;samtools.157;samtools.158;samtools.159;samtools.160;samtools.161;samtools.162;samtools.163;samtools.164;samtools.165;samtools.166;samtools.167;samtools.168;samtools.169;samtools.170;samtools.171;samtools.172;samtools.173;samtools.174;samtools.175;samtools.176;samtools.177;samtools.178;samtools.179;samtools.180;samtools.181;samtools.182;samtools.183;samtools.184;samtools.185;samtools.186;samtools.187;samtools.188;samtools.189;samtools.190;samtools.191;samtools.192;samtools.193;samtools.194;samtools.195;samtools.196;samtools.197;samtools.198;samtools.199;samtools.200;samtools.201;samtools.202;samtools.203;samtools.204;samtools.205;samtools.206;samtools.207;samtools.208;samtools.209;samtools.210;samtools.211;samtools.212;samtools.213;samtools.214;samtools.215;samtools.216;samtools.217;samtools.218;samtools.219;samtools.220;samtools.221;samtools.222;samtools.223;samtools.224;samtools.225;samtools.226;samtools.227;samtools.228;samtools.229;samtools.230;samtools.231;samtools.232;samtools.233;samtools.234;samtools.235;samtools.236;samtools.237;samtools.238;samtools.239;samtools.240;samtools.241;samtools.242;samtools.243;samtools.244;samtools.245;samtools.246;samtools.247;samtools.248;samtools.249;samtools.250;samtools.251;samtools.252;samtools.253;samtools.254;samtools.255;samtools.256;samtools.257;samtools.258;samtools.259;samtools.260;samtools.261;samtools.262;samtools.263;samtools.264;samtools.265;samtools.266;samtools.267;samtools.268;samtools.269;samtools.270;samtools.271;samtools.272;samtools.273;samtools.274;samtools.275;samtools.276;samtools.277;samtools.278;samtools.279;samtools.280;samtools.281;samtools.282;samtools.283;samtools.284;samtools.285;samtools.286;samtools.287;samtools.288;samtools.289;samtools.290;samtools.291;samtools.292;samtools.293;samtools.294;samtools.295;samtools.296;samtools.297;samtools.298;samtools.299;samtools.300;samtools.301;samtools.302;samtools.303;samtools.304;samtools.305;samtools.306;samtools.307;samtools.308;samtools.309;samtools.310;samtools.311;samtools.312;samtools.313;samtools.314;samtools.315;samtools.316;samtools.317;samtools.318;samtools.319;samtools.320;samtools.321;samtools.322;samtools.323;samtools.324;samtools.325;samtools.326;samtools.327;samtools.328;samtools.329;samtools.330;samtools.331;samtools.332;samtools.333;samtools.334;samtools.335;samtools.336;samtools.337;samtools.338;samtools.339;samtools.340;samtools.341;samtools.342;samtools.343;samtools.344;samtools.345;samtools.346;samtools.347;samtools.348;samtools.349;samtools.350;samtools.351;samtools.352;samtools.353;samtools.354;samtools.355;samtools.356;samtools.357;samtools.358;samtools.359;samtools.360;samtools.361;samtools.362;samtools.363;samtools.364;samtools.365;samtools.366;samtools.367;samtools.368;samtools.369;samtools.370;samtools.371;samtools.372;samtools.373;samtools.374;samtools.375;samtools.376;samtools.377;samtools.378;samtools.379;samtools.380;samtools.381;samtools.382;samtools.383;samtools.384;samtools.385;samtools.386;samtools.387;samtools.388;samtools.389;samtools.390;samtools.391;samtools.392;samtools.393;samtools.394;samtools.395;samtools.396;samtools.397;samtools.398;samtools.399;samtools.400;samtools.401;samtools.402;samtools.403;samtools.404;samtools.405;samtools.406;samtools.407;samtools.408;samtools.409;samtools.410;samtools.411;samtools.412;samtools.413;samtools.414;samtools.415;samtools.416;samtools.417;samtools.418;samtools.419;samtools.420;samtools.421;samtools.422;samtools.423;samtools.424;samtools.425;samtools.426;samtools.427;samtools.428;samtools.429;samtools.430;samtools.431;samtools.432;samtools.433;samtools.434;samtools.435;samtools.436;samtools.437;samtools.438;samtools.439;samtools.440;samtools.441;samtools.442	samtools merge -r -@ 32 -o /bip8_disk/pingting114/mixed_bam_COLO829_PAO/TF1e-2_25x/TF1e-2_25x.rep2.bam /bip8_disk/pingting114/mixed_bam_COLO829_PAO/TF1e-2_25x/tmp_TF1e-2_tumor.rep2.bam /bip8_disk/pingting114/mixed_bam_CO
COLO829.TF1e-2.rep3	/bip7_disk/pingting114/mixed_bam/COLO829_PAO/TF1e-2_25x/TF1e-2_25x.rep3.bam	BAM	TRUE	78511867911	2026-08-24T02:36:46.553411	True	GRCh38_no_alt_analysis_set	195	minimap2;samtools;samtools.1;samtools.2;minimap2-130B1255;samtools-1852961B;samtools.1-6C5BACC9;minimap2-43394878;samtools-525D8839;samtools.1-40BD4459;minimap2-47BA3BFD;samtools-21550203;samtools.1-23E66F73;minimap2-9B61420;samtools-3F6A1A63;samtools.1-57E9495;minimap2-130F2BBC;samtools-45982FE6;samtools.1-1C8E3CB8;minimap2-4D4FA50E;samtools-26F1516C;samtools.1-126CAAF0;minimap2-AD8AB2A;samtools-85B8B2E;samtools.1-145ABB19;minimap2-3C1FD1B7;samtools-576AAA1;samtools.1-38801924;minimap2-52B07B5A;samtools-212E6580;samtools.1-56577952;minimap2-30711B5;samtools-720FE8A6;samtools.1-7FBCB799;minimap2-10F10271;samtools-33F09705;samtools.1-2FC1455A;minimap2-4B31FE31;samtools-5896DB03;samtools.1-5B97C06;minimap2-2C85A5D9;samtools-6B7DDCD5;samtools.1-662AF9D1;minimap2-41F5027A;samtools-4C01D6CD;samtools.1-6953BA83;minimap2-18B4BC78;samtools-48C02FA6;samtools.1-77A2258C;minimap2-45871F6C;samtools-5761EB9E;samtools.1-6F0D8195;minimap2-15EF0C97;samtools-1EEDF44B;samtools.1-6ABE903F;minimap2-68AA6F05;samtools-7788E63C;samtools.1-65611D5D;minimap2-69AB8C25;samtools-1F4CBBF3;samtools.1-7D00E75B;minimap2-4F418AFC;samtools-29E90776;samtools.1-1A8C4CBE;minimap2-66A7C445;samtools-78EF79DC;samtools.1-4B08E567;minimap2-6E0EC1FA;samtools-354E81C0;samtools.1-3C833CE0;minimap2-366E920F;samtools-65F4C6D4;samtools.1-7EFC1427;minimap2-1F728A9A;samtools-AC49B56;samtools.1-4A6D9C1D;minimap2-1CE28EAE;samtools-7942E85E;samtools.1-2A25A70C;minimap2-28D409F5;samtools-288C4C4;samtools.1-39996D01;minimap2-73D7816;samtools-7B808215;samtools.1-45495F91;minimap2-5681B533;samtools-27FFD4C2;samtools.1-142EDCB8;minimap2-6516899F;samtools-49498376;samtools.1-675E403C;minimap2-2C12BA27;samtools-C017294;samtools.1-E6C25BA;minimap2-1FC2991A;samtools-6F1C32E0;samtools.1-63770D1D;minimap2-B605A97;samtools-1D23CF12;samtools.1-61F2062;minimap2-789788E7;samtools-154D1026;samtools.1-586B01CB;minimap2-4029E898;samtools-42A42AC7;samtools.1-1954F67D;minimap2-59B27AD0;samtools-42FD55DF;samtools.1-475744FA;minimap2-37EE7FC5;samtools-10CD14A1;samtools.1-3E5A5B6;minimap2-3343186;samtools-583D87F9;samtools.1-A9BC0E4;minimap2-65CD9801;samtools-1B9950BF;samtools.1-3D7E3C;minimap2-71FFFB9;samtools-51E6E8FA;samtools.1-BBC2DE5;minimap2-465E89D7;samtools-6B153A2B;samtools.1-1A503FB5;minimap2-4CD80BEB;samtools-3EA5C4CF;samtools.1-3D4811C2;minimap2-40573B4D;samtools-26D93C53;samtools.1-5808461F;minimap2-6B01D735;samtools-6AF5E8B0;samtools.1-1DD3C234;minimap2-103A5597;samtools-58CF7A3C;samtools.1-78958B04;minimap2-2FB9E35D;samtools-827C351;samtools.1-28CE6484;minimap2-2D9540B5;samtools-6D2F6994;samtools.1-475FFCCB;minimap2-A9ED1BC;samtools-4631AF1D;samtools.1-6A2075F7;minimap2-89019A6;samtools-7A4256CC;samtools.1-26D37ECE;minimap2-130EE884;samtools-3E4EB9FA;samtools.1-7BA66A26;minimap2-741D127F;samtools-48F77DB4;samtools.1-19A13054;minimap2-385DF34;samtools-78EC8290;samtools.1-275FE441;minimap2-505F114D;samtools-50C966F1;samtools.1-A8D873B;minimap2-50B12D09;samtools-90E2C8;samtools.1-22BE4794;minimap2-7B279B59;samtools-5896170B;samtools.1-B844C7;minimap2-717B9D66;samtools-72AF41CE;samtools.1-50CAD98E;minimap2-573B8DEA;samtools-1C196B5;samtools.1-13E5F793;minimap2-4AC42E60;samtools-32947586;samtools.1-59A33CE1;minimap2-2BE2FC5E;samtools-61ED7E3C;samtools.1-801055E;minimap2-6E827C93;samtools-1FD7BBF0;samtools.1-2B1A3145;minimap2-48EFAD01;samtools-606F3F0E;samtools.1-18E541FB;minimap2-6C4445AF;samtools-33D2F0C0;samtools.1-2DF5869D;minimap2-5584C2AD;samtools-3BF26E7D;samtools.1-916CE49;minimap2-2F3A02C;samtools-79DBE1DD;samtools.1-73C21C64;minimap2-3990E4;samtools-54509BF3;samtools.1-6CF602D1;minimap2-19B5F2CF;samtools-352B6F4A;samtools.1-6A7C5F4D;minimap2-6AE68AAA;samtools-62F4AFC;samtools.1-5EB3ED1D;minimap2-48A5C1A7;samtools-1FEC9F6D;samtools.1-59018743;minimap2-1519A09;samtools-13A84693;samtools.1-356F8DAE;minimap2-68F81877;samtools-46786875;samtools.1-78FA26FC;minimap2-57B39EDB;samtools-62943765;samtools.1-47DC75E5;minimap2-2C7C7B74;samtools-6D19CA22;samtools.1-AD5747A;minimap2-153ABEEF;samtools-671A79AA;samtools.1-12394A00;minimap2-19B05F81;samtools-366ED8D7;samtools.1-74C1D6F7;minimap2-2FC8C067;samtools-4788A989;samtools.1-5B3C6ACA;minimap2-1D8D8217;samtools-30BD338B;samtools.1-65B842E4;minimap2-17A4C0B4;samtools-251D05F5;samtools.1-72DFCD4A;minimap2-3A03174C;samtools-3A8C71BE;samtools.1-4726079E;minimap2-7EFFE736;samtools-27EF2A21;samtools.1-5A7AB467;minimap2-1E727158;samtools-E758D40;samtools.1-2B72F4CE;minimap2-38FB9A3E;samtools-12D4FCCC;samtools.1-52814102;minimap2-7A680949;samtools-A480D39;samtools.1-6446EE5E;minimap2-31D867A8;samtools-23CE1AB8;samtools.1-6FEA08B5;minimap2-407CF39D;samtools-25FA6C7C;samtools.1-4D4AAE31;minimap2-FC1280B;samtools-29EE36D6;samtools.1-1B61420E;minimap2-3A93D59A;samtools-64B344CB;samtools.1-2AA7D9C3;minimap2-DE08BFC;samtools-13B876AF;samtools.1-4D167E98;minimap2-3782961;samtools-50315B63;samtools.1-49EC022;minimap2-81DA6A0;samtools-5C1FFCDF;samtools.1-4F5D07E2;minimap2-31B98EDD;samtools-74E5A8B6;samtools.1-186DD1B2;minimap2-27184F47;samtools-5DFFA563;samtools.1-62D22C0D;minimap2-3F8D56C5;samtools-43C885D9;samtools.1-40BBB754;minimap2-5D514593;samtools-78F38CE;samtools.1-447F4142;minimap2-54FA6B0F;samtools-5081B5E7;samtools.1-3A5821BC;minimap2-7558816;samtools-84B9372;samtools.1-634CCF9;minimap2-7FE2FD4C;samtools-23D63004;samtools.1-255E03BD;minimap2-5AFCAD3D;samtools-B31B4BB;samtools.1-3A37B498;minimap2-34D17F94;samtools-1309488C;samtools.1-6C88B396;minimap2-7DA070AA;samtools-1906923;samtools.1-4A221097;minimap2-FC4A7AD;samtools-5834C467;samtools.1-663AEF5C;minimap2-16AFF508;samtools-6DDF0E26;samtools.1-3FDD51F9;minimap2-58C79E5B;samtools-552AE937;samtools.1-242D3FAD;minimap2-5B2C1AD6;samtools-249953EB;samtools.1-40F7CB85;minimap2-3BAECDC9;samtools-6929E7A2;samtools.1-6008BA22;minimap2-D772859;samtools-21FB234A;samtools.1-1C204C2;minimap2-20DF8A27;samtools-4352F2B5;samtools.1-712B79DF;minimap2-6598FD7F;samtools-5DA5F914;samtools.1-1AA0EC74;minimap2-1B9D56C4;samtools-2BFB9FD2;samtools.1-6406D0F6;minimap2-1BD11822;samtools-2CBAE098;samtools.1-EDE32D2;minimap2-1514D7F1;samtools-333B2E77;samtools.1-4C39804C;minimap2-4C3869B7;samtools-2F044781;samtools.1-6313B172;samtools.2-2B7C6E4;samtools.3;samtools.4;samtools.5;samtools.6;samtools.7;samtools.8;samtools.9;samtools.10;samtools.11;samtools.12;samtools.13;samtools.14;samtools.15;samtools.16;samtools.17;samtools.18;samtools.19;samtools.20;samtools.21;samtools.22;samtools.23;samtools.24;samtools.25;samtools.26;samtools.27;samtools.28;samtools.29;samtools.30;samtools.31;samtools.32;samtools.33;samtools.34;samtools.35;samtools.36;samtools.37;samtools.38;samtools.39;samtools.40;samtools.41;samtools.42;samtools.43;samtools.44;samtools.45;samtools.46;samtools.47;samtools.48;samtools.49;samtools.50;samtools.51;samtools.52;samtools.53;samtools.54;samtools.55;samtools.56;samtools.57;samtools.58;samtools.59;samtools.60;samtools.61;samtools.62;samtools.63;samtools.64;samtools.65;samtools.66;samtools.67;samtools.68;samtools.69;samtools.70;samtools.71;samtools.72;samtools.73;samtools.74;samtools.75;samtools.76;samtools.77;samtools.78;samtools.79;samtools.80;samtools.81;samtools.82;samtools.83;samtools.84;samtools.85;samtools.86;samtools.87;samtools.88;samtools.89;samtools.90;samtools.91;samtools.92;samtools.93;samtools.94;samtools.95;samtools.96;samtools.97;samtools.98;samtools.99;samtools.100;samtools.101;samtools.102;samtools.103;samtools.104;samtools.105;samtools.106;samtools.107;samtools.108;samtools.109;samtools.110;samtools.111;samtools.112;samtools.113;samtools.114;samtools.115;samtools.116;samtools.117;samtools.118;samtools.119;samtools.120;samtools.121;samtools.122;samtools.123;samtools.124;samtools.125;samtools.126;samtools.127;samtools.128;samtools.129;samtools.130;samtools.131;samtools.132;samtools.133;samtools.134;samtools.135;samtools.136;samtools.137;samtools.138;samtools.139;samtools.140;samtools.141;samtools.142;samtools.143;samtools.144;samtools.145;samtools.146;samtools.147;samtools.148;samtools.149;samtools.150;samtools.151;samtools.152;samtools.153;samtools.154;samtools.155;samtools.156;samtools.157;samtools.158;samtools.159;samtools.160;samtools.161;samtools.162;samtools.163;samtools.164;samtools.165;samtools.166;samtools.167;samtools.168;samtools.169;samtools.170;samtools.171;samtools.172;samtools.173;samtools.174;samtools.175;samtools.176;samtools.177;samtools.178;samtools.179;samtools.180;samtools.181;samtools.182;samtools.183;samtools.184;samtools.185;samtools.186;samtools.187;samtools.188;samtools.189;samtools.190;samtools.191;samtools.192;samtools.193;samtools.194;samtools.195;samtools.196;samtools.197;samtools.198;samtools.199;samtools.200;samtools.201;samtools.202;samtools.203;samtools.204;samtools.205;samtools.206;samtools.207;samtools.208;samtools.209;samtools.210;samtools.211;samtools.212;samtools.213;samtools.214;samtools.215;samtools.216;samtools.217;samtools.218;samtools.219;samtools.220;samtools.221;samtools.222;samtools.223;samtools.224;samtools.225;samtools.226;samtools.227;samtools.228;samtools.229;samtools.230;samtools.231;samtools.232;samtools.233;samtools.234;samtools.235;samtools.236;samtools.237;samtools.238;samtools.239;samtools.240;samtools.241;samtools.242;samtools.243;samtools.244;samtools.245;samtools.246;samtools.247;samtools.248;samtools.249;samtools.250;samtools.251;samtools.252;samtools.253;samtools.254;samtools.255;samtools.256;samtools.257;samtools.258;samtools.259;samtools.260;samtools.261;samtools.262;samtools.263;samtools.264;samtools.265;samtools.266;samtools.267;samtools.268;samtools.269;samtools.270;samtools.271;samtools.272;samtools.273;samtools.274;samtools.275;samtools.276;samtools.277;samtools.278;samtools.279;samtools.280;samtools.281;samtools.282;samtools.283;samtools.284;samtools.285;samtools.286;samtools.287;samtools.288;samtools.289;samtools.290;samtools.291;samtools.292;samtools.293;samtools.294;samtools.295;samtools.296;samtools.297;samtools.298;samtools.299;samtools.300;samtools.301;samtools.302;samtools.303;samtools.304;samtools.305;samtools.306;samtools.307;samtools.308;samtools.309;samtools.310;samtools.311;samtools.312;samtools.313;samtools.314;samtools.315;samtools.316;samtools.317;samtools.318;samtools.319;samtools.320;samtools.321;samtools.322;samtools.323;samtools.324;samtools.325;samtools.326;samtools.327;samtools.328;samtools.329;samtools.330;samtools.331;samtools.332;samtools.333;samtools.334;samtools.335;samtools.336;samtools.337;samtools.338;samtools.339;samtools.340;samtools.341;samtools.342;samtools.343;samtools.344;samtools.345;samtools.346;samtools.347;samtools.348;samtools.349;samtools.350;samtools.351;samtools.352;samtools.353;samtools.354;samtools.355;samtools.356;samtools.357;samtools.358;samtools.359;samtools.360;samtools.361;samtools.362;samtools.363;samtools.364;samtools.365;samtools.366;samtools.367;samtools.368;samtools.369;samtools.370;samtools.371;samtools.372;samtools.373;samtools.374;samtools.375;samtools.376;samtools.377;samtools.378;samtools.379;samtools.380;samtools.381;samtools.382;samtools.383;samtools.384;samtools.385;samtools.386;samtools.387;samtools.388;samtools.389;samtools.390;samtools.391;samtools.392;samtools.393;samtools.394;samtools.395;samtools.396;samtools.397;samtools.398;samtools.399;samtools.400;samtools.401;samtools.402;samtools.403;samtools.404;samtools.405;samtools.406;samtools.407;samtools.408;samtools.409;samtools.410;samtools.411;samtools.412;samtools.413;samtools.414;samtools.415;samtools.416;samtools.417;samtools.418;samtools.419;samtools.420;samtools.421;samtools.422;samtools.423;samtools.424;samtools.425;samtools.426;samtools.427;samtools.428;samtools.429;samtools.430;samtools.431;samtools.432;samtools.433;samtools.434;samtools.435;samtools.436;samtools.437;samtools.438;samtools.439;samtools.440;samtools.441;samtools.442	samtools merge -r -@ 32 -o /bip8_disk/pingting114/mixed_bam_COLO829_PAO/TF1e-2_25x/TF1e-2_25x.rep3.bam /bip8_disk/pingting114/mixed_bam_COLO829_PAO/TF1e-2_25x/tmp_TF1e-2_tumor.rep3.bam /bip8_disk/pingting114/mixed_bam_CO
COLO829.TF1e-3.rep1	/bip7_disk/pingting114/mixed_bam/COLO829_PAO/TF1e-3_25x/TF1e-3_25x.rep1.bam	BAM	TRUE	78505978667	2026-08-24T02:36:45.545411	True	GRCh38_no_alt_analysis_set	195	minimap2;samtools;samtools.1;samtools.2;minimap2-3DEBA2F6;samtools-E4CD0A8;samtools.1-387D48D2;minimap2-43394878;samtools-525D8839;samtools.1-40BD4459;minimap2-47BA3BFD;samtools-21550203;samtools.1-23E66F73;minimap2-9B61420;samtools-3F6A1A63;samtools.1-57E9495;minimap2-130F2BBC;samtools-45982FE6;samtools.1-1C8E3CB8;minimap2-4D4FA50E;samtools-26F1516C;samtools.1-126CAAF0;minimap2-AD8AB2A;samtools-85B8B2E;samtools.1-145ABB19;minimap2-3C1FD1B7;samtools-576AAA1;samtools.1-38801924;minimap2-52B07B5A;samtools-212E6580;samtools.1-56577952;minimap2-30711B5;samtools-720FE8A6;samtools.1-7FBCB799;minimap2-10F10271;samtools-33F09705;samtools.1-2FC1455A;minimap2-4B31FE31;samtools-5896DB03;samtools.1-5B97C06;minimap2-2C85A5D9;samtools-6B7DDCD5;samtools.1-662AF9D1;minimap2-41F5027A;samtools-4C01D6CD;samtools.1-6953BA83;minimap2-18B4BC78;samtools-48C02FA6;samtools.1-77A2258C;minimap2-45871F6C;samtools-5761EB9E;samtools.1-6F0D8195;minimap2-15EF0C97;samtools-1EEDF44B;samtools.1-6ABE903F;minimap2-68AA6F05;samtools-7788E63C;samtools.1-65611D5D;minimap2-69AB8C25;samtools-1F4CBBF3;samtools.1-7D00E75B;minimap2-4F418AFC;samtools-29E90776;samtools.1-1A8C4CBE;minimap2-66A7C445;samtools-78EF79DC;samtools.1-4B08E567;minimap2-6E0EC1FA;samtools-354E81C0;samtools.1-3C833CE0;minimap2-366E920F;samtools-65F4C6D4;samtools.1-7EFC1427;minimap2-1F728A9A;samtools-AC49B56;samtools.1-4A6D9C1D;minimap2-1CE28EAE;samtools-7942E85E;samtools.1-2A25A70C;minimap2-28D409F5;samtools-288C4C4;samtools.1-39996D01;minimap2-73D7816;samtools-7B808215;samtools.1-45495F91;minimap2-5681B533;samtools-27FFD4C2;samtools.1-142EDCB8;minimap2-6516899F;samtools-49498376;samtools.1-675E403C;minimap2-2C12BA27;samtools-C017294;samtools.1-E6C25BA;minimap2-1FC2991A;samtools-6F1C32E0;samtools.1-63770D1D;minimap2-B605A97;samtools-1D23CF12;samtools.1-61F2062;minimap2-789788E7;samtools-154D1026;samtools.1-586B01CB;minimap2-4029E898;samtools-42A42AC7;samtools.1-1954F67D;minimap2-59B27AD0;samtools-42FD55DF;samtools.1-475744FA;minimap2-37EE7FC5;samtools-10CD14A1;samtools.1-3E5A5B6;minimap2-3343186;samtools-583D87F9;samtools.1-A9BC0E4;minimap2-65CD9801;samtools-1B9950BF;samtools.1-3D7E3C;minimap2-71FFFB9;samtools-51E6E8FA;samtools.1-BBC2DE5;minimap2-465E89D7;samtools-6B153A2B;samtools.1-1A503FB5;minimap2-4CD80BEB;samtools-3EA5C4CF;samtools.1-3D4811C2;minimap2-40573B4D;samtools-26D93C53;samtools.1-5808461F;minimap2-6B01D735;samtools-6AF5E8B0;samtools.1-1DD3C234;minimap2-103A5597;samtools-58CF7A3C;samtools.1-78958B04;minimap2-2FB9E35D;samtools-827C351;samtools.1-28CE6484;minimap2-2D9540B5;samtools-6D2F6994;samtools.1-475FFCCB;minimap2-A9ED1BC;samtools-4631AF1D;samtools.1-6A2075F7;minimap2-89019A6;samtools-7A4256CC;samtools.1-26D37ECE;minimap2-130EE884;samtools-3E4EB9FA;samtools.1-7BA66A26;minimap2-741D127F;samtools-48F77DB4;samtools.1-19A13054;minimap2-385DF34;samtools-78EC8290;samtools.1-275FE441;minimap2-505F114D;samtools-50C966F1;samtools.1-A8D873B;minimap2-50B12D09;samtools-90E2C8;samtools.1-22BE4794;minimap2-7B279B59;samtools-5896170B;samtools.1-B844C7;minimap2-717B9D66;samtools-72AF41CE;samtools.1-50CAD98E;minimap2-573B8DEA;samtools-1C196B5;samtools.1-13E5F793;minimap2-4AC42E60;samtools-32947586;samtools.1-59A33CE1;minimap2-2BE2FC5E;samtools-61ED7E3C;samtools.1-801055E;minimap2-6E827C93;samtools-1FD7BBF0;samtools.1-2B1A3145;minimap2-48EFAD01;samtools-606F3F0E;samtools.1-18E541FB;minimap2-6C4445AF;samtools-33D2F0C0;samtools.1-2DF5869D;minimap2-5584C2AD;samtools-3BF26E7D;samtools.1-916CE49;minimap2-2F3A02C;samtools-79DBE1DD;samtools.1-73C21C64;minimap2-3990E4;samtools-54509BF3;samtools.1-6CF602D1;minimap2-19B5F2CF;samtools-352B6F4A;samtools.1-6A7C5F4D;minimap2-6AE68AAA;samtools-62F4AFC;samtools.1-5EB3ED1D;minimap2-48A5C1A7;samtools-1FEC9F6D;samtools.1-59018743;minimap2-1519A09;samtools-13A84693;samtools.1-356F8DAE;minimap2-68F81877;samtools-46786875;samtools.1-78FA26FC;minimap2-57B39EDB;samtools-62943765;samtools.1-47DC75E5;minimap2-2C7C7B74;samtools-6D19CA22;samtools.1-AD5747A;minimap2-153ABEEF;samtools-671A79AA;samtools.1-12394A00;minimap2-19B05F81;samtools-366ED8D7;samtools.1-74C1D6F7;minimap2-2FC8C067;samtools-4788A989;samtools.1-5B3C6ACA;minimap2-1D8D8217;samtools-30BD338B;samtools.1-65B842E4;minimap2-17A4C0B4;samtools-251D05F5;samtools.1-72DFCD4A;minimap2-3A03174C;samtools-3A8C71BE;samtools.1-4726079E;minimap2-7EFFE736;samtools-27EF2A21;samtools.1-5A7AB467;minimap2-1E727158;samtools-E758D40;samtools.1-2B72F4CE;minimap2-38FB9A3E;samtools-12D4FCCC;samtools.1-52814102;minimap2-7A680949;samtools-A480D39;samtools.1-6446EE5E;minimap2-31D867A8;samtools-23CE1AB8;samtools.1-6FEA08B5;minimap2-407CF39D;samtools-25FA6C7C;samtools.1-4D4AAE31;minimap2-FC1280B;samtools-29EE36D6;samtools.1-1B61420E;minimap2-3A93D59A;samtools-64B344CB;samtools.1-2AA7D9C3;minimap2-DE08BFC;samtools-13B876AF;samtools.1-4D167E98;minimap2-3782961;samtools-50315B63;samtools.1-49EC022;minimap2-81DA6A0;samtools-5C1FFCDF;samtools.1-4F5D07E2;minimap2-31B98EDD;samtools-74E5A8B6;samtools.1-186DD1B2;minimap2-27184F47;samtools-5DFFA563;samtools.1-62D22C0D;minimap2-3F8D56C5;samtools-43C885D9;samtools.1-40BBB754;minimap2-5D514593;samtools-78F38CE;samtools.1-447F4142;minimap2-54FA6B0F;samtools-5081B5E7;samtools.1-3A5821BC;minimap2-7558816;samtools-84B9372;samtools.1-634CCF9;minimap2-7FE2FD4C;samtools-23D63004;samtools.1-255E03BD;minimap2-5AFCAD3D;samtools-B31B4BB;samtools.1-3A37B498;minimap2-34D17F94;samtools-1309488C;samtools.1-6C88B396;minimap2-7DA070AA;samtools-1906923;samtools.1-4A221097;minimap2-FC4A7AD;samtools-5834C467;samtools.1-663AEF5C;minimap2-16AFF508;samtools-6DDF0E26;samtools.1-3FDD51F9;minimap2-58C79E5B;samtools-552AE937;samtools.1-242D3FAD;minimap2-5B2C1AD6;samtools-249953EB;samtools.1-40F7CB85;minimap2-3BAECDC9;samtools-6929E7A2;samtools.1-6008BA22;minimap2-D772859;samtools-21FB234A;samtools.1-1C204C2;minimap2-20DF8A27;samtools-4352F2B5;samtools.1-712B79DF;minimap2-6598FD7F;samtools-5DA5F914;samtools.1-1AA0EC74;minimap2-1B9D56C4;samtools-2BFB9FD2;samtools.1-6406D0F6;minimap2-1BD11822;samtools-2CBAE098;samtools.1-EDE32D2;minimap2-1514D7F1;samtools-333B2E77;samtools.1-4C39804C;minimap2-4C3869B7;samtools-2F044781;samtools.1-6313B172;samtools.2-45834CB9;samtools.3;samtools.4;samtools.5;samtools.6;samtools.7;samtools.8;samtools.9;samtools.10;samtools.11;samtools.12;samtools.13;samtools.14;samtools.15;samtools.16;samtools.17;samtools.18;samtools.19;samtools.20;samtools.21;samtools.22;samtools.23;samtools.24;samtools.25;samtools.26;samtools.27;samtools.28;samtools.29;samtools.30;samtools.31;samtools.32;samtools.33;samtools.34;samtools.35;samtools.36;samtools.37;samtools.38;samtools.39;samtools.40;samtools.41;samtools.42;samtools.43;samtools.44;samtools.45;samtools.46;samtools.47;samtools.48;samtools.49;samtools.50;samtools.51;samtools.52;samtools.53;samtools.54;samtools.55;samtools.56;samtools.57;samtools.58;samtools.59;samtools.60;samtools.61;samtools.62;samtools.63;samtools.64;samtools.65;samtools.66;samtools.67;samtools.68;samtools.69;samtools.70;samtools.71;samtools.72;samtools.73;samtools.74;samtools.75;samtools.76;samtools.77;samtools.78;samtools.79;samtools.80;samtools.81;samtools.82;samtools.83;samtools.84;samtools.85;samtools.86;samtools.87;samtools.88;samtools.89;samtools.90;samtools.91;samtools.92;samtools.93;samtools.94;samtools.95;samtools.96;samtools.97;samtools.98;samtools.99;samtools.100;samtools.101;samtools.102;samtools.103;samtools.104;samtools.105;samtools.106;samtools.107;samtools.108;samtools.109;samtools.110;samtools.111;samtools.112;samtools.113;samtools.114;samtools.115;samtools.116;samtools.117;samtools.118;samtools.119;samtools.120;samtools.121;samtools.122;samtools.123;samtools.124;samtools.125;samtools.126;samtools.127;samtools.128;samtools.129;samtools.130;samtools.131;samtools.132;samtools.133;samtools.134;samtools.135;samtools.136;samtools.137;samtools.138;samtools.139;samtools.140;samtools.141;samtools.142;samtools.143;samtools.144;samtools.145;samtools.146;samtools.147;samtools.148;samtools.149;samtools.150;samtools.151;samtools.152;samtools.153;samtools.154;samtools.155;samtools.156;samtools.157;samtools.158;samtools.159;samtools.160;samtools.161;samtools.162;samtools.163;samtools.164;samtools.165;samtools.166;samtools.167;samtools.168;samtools.169;samtools.170;samtools.171;samtools.172;samtools.173;samtools.174;samtools.175;samtools.176;samtools.177;samtools.178;samtools.179;samtools.180;samtools.181;samtools.182;samtools.183;samtools.184;samtools.185;samtools.186;samtools.187;samtools.188;samtools.189;samtools.190;samtools.191;samtools.192;samtools.193;samtools.194;samtools.195;samtools.196;samtools.197;samtools.198;samtools.199;samtools.200;samtools.201;samtools.202;samtools.203;samtools.204;samtools.205;samtools.206;samtools.207;samtools.208;samtools.209;samtools.210;samtools.211;samtools.212;samtools.213;samtools.214;samtools.215;samtools.216;samtools.217;samtools.218;samtools.219;samtools.220;samtools.221;samtools.222;samtools.223;samtools.224;samtools.225;samtools.226;samtools.227;samtools.228;samtools.229;samtools.230;samtools.231;samtools.232;samtools.233;samtools.234;samtools.235;samtools.236;samtools.237;samtools.238;samtools.239;samtools.240;samtools.241;samtools.242;samtools.243;samtools.244;samtools.245;samtools.246;samtools.247;samtools.248;samtools.249;samtools.250;samtools.251;samtools.252;samtools.253;samtools.254;samtools.255;samtools.256;samtools.257;samtools.258;samtools.259;samtools.260;samtools.261;samtools.262;samtools.263;samtools.264;samtools.265;samtools.266;samtools.267;samtools.268;samtools.269;samtools.270;samtools.271;samtools.272;samtools.273;samtools.274;samtools.275;samtools.276;samtools.277;samtools.278;samtools.279;samtools.280;samtools.281;samtools.282;samtools.283;samtools.284;samtools.285;samtools.286;samtools.287;samtools.288;samtools.289;samtools.290;samtools.291;samtools.292;samtools.293;samtools.294;samtools.295;samtools.296;samtools.297;samtools.298;samtools.299;samtools.300;samtools.301;samtools.302;samtools.303;samtools.304;samtools.305;samtools.306;samtools.307;samtools.308;samtools.309;samtools.310;samtools.311;samtools.312;samtools.313;samtools.314;samtools.315;samtools.316;samtools.317;samtools.318;samtools.319;samtools.320;samtools.321;samtools.322;samtools.323;samtools.324;samtools.325;samtools.326;samtools.327;samtools.328;samtools.329;samtools.330;samtools.331;samtools.332;samtools.333;samtools.334;samtools.335;samtools.336;samtools.337;samtools.338;samtools.339;samtools.340;samtools.341;samtools.342;samtools.343;samtools.344;samtools.345;samtools.346;samtools.347;samtools.348;samtools.349;samtools.350;samtools.351;samtools.352;samtools.353;samtools.354;samtools.355;samtools.356;samtools.357;samtools.358;samtools.359;samtools.360;samtools.361;samtools.362;samtools.363;samtools.364;samtools.365;samtools.366;samtools.367;samtools.368;samtools.369;samtools.370;samtools.371;samtools.372;samtools.373;samtools.374;samtools.375;samtools.376;samtools.377;samtools.378;samtools.379;samtools.380;samtools.381;samtools.382;samtools.383;samtools.384;samtools.385;samtools.386;samtools.387;samtools.388;samtools.389;samtools.390;samtools.391;samtools.392;samtools.393;samtools.394;samtools.395;samtools.396;samtools.397;samtools.398;samtools.399;samtools.400;samtools.401;samtools.402;samtools.403;samtools.404;samtools.405;samtools.406;samtools.407;samtools.408;samtools.409;samtools.410;samtools.411;samtools.412;samtools.413;samtools.414;samtools.415;samtools.416;samtools.417;samtools.418;samtools.419;samtools.420;samtools.421;samtools.422;samtools.423;samtools.424;samtools.425;samtools.426;samtools.427;samtools.428;samtools.429;samtools.430;samtools.431;samtools.432;samtools.433;samtools.434;samtools.435;samtools.436;samtools.437;samtools.438;samtools.439;samtools.440;samtools.441;samtools.442	samtools merge -r -@ 32 -o /bip8_disk/pingting114/mixed_bam_COLO829_PAO/TF1e-3_25x/TF1e-3_25x.rep1.bam /bip8_disk/pingting114/mixed_bam_COLO829_PAO/TF1e-3_25x/tmp_TF1e-3_tumor.rep1.bam /bip8_disk/pingting114/mixed_bam_CO
COLO829.TF1e-3.rep2	/bip7_disk/pingting114/mixed_bam/COLO829_PAO/TF1e-3_25x/TF1e-3_25x.rep2.bam	BAM	TRUE	78554697555	2026-08-24T02:36:48.721411	True	GRCh38_no_alt_analysis_set	195	minimap2;samtools;samtools.1;samtools.2;minimap2-1EB5403F;samtools-2436D1F4;samtools.1-74E3AAF8;minimap2-43394878;samtools-525D8839;samtools.1-40BD4459;minimap2-47BA3BFD;samtools-21550203;samtools.1-23E66F73;minimap2-9B61420;samtools-3F6A1A63;samtools.1-57E9495;minimap2-130F2BBC;samtools-45982FE6;samtools.1-1C8E3CB8;minimap2-4D4FA50E;samtools-26F1516C;samtools.1-126CAAF0;minimap2-AD8AB2A;samtools-85B8B2E;samtools.1-145ABB19;minimap2-3C1FD1B7;samtools-576AAA1;samtools.1-38801924;minimap2-52B07B5A;samtools-212E6580;samtools.1-56577952;minimap2-30711B5;samtools-720FE8A6;samtools.1-7FBCB799;minimap2-10F10271;samtools-33F09705;samtools.1-2FC1455A;minimap2-4B31FE31;samtools-5896DB03;samtools.1-5B97C06;minimap2-2C85A5D9;samtools-6B7DDCD5;samtools.1-662AF9D1;minimap2-41F5027A;samtools-4C01D6CD;samtools.1-6953BA83;minimap2-18B4BC78;samtools-48C02FA6;samtools.1-77A2258C;minimap2-45871F6C;samtools-5761EB9E;samtools.1-6F0D8195;minimap2-15EF0C97;samtools-1EEDF44B;samtools.1-6ABE903F;minimap2-68AA6F05;samtools-7788E63C;samtools.1-65611D5D;minimap2-69AB8C25;samtools-1F4CBBF3;samtools.1-7D00E75B;minimap2-4F418AFC;samtools-29E90776;samtools.1-1A8C4CBE;minimap2-66A7C445;samtools-78EF79DC;samtools.1-4B08E567;minimap2-6E0EC1FA;samtools-354E81C0;samtools.1-3C833CE0;minimap2-366E920F;samtools-65F4C6D4;samtools.1-7EFC1427;minimap2-1F728A9A;samtools-AC49B56;samtools.1-4A6D9C1D;minimap2-1CE28EAE;samtools-7942E85E;samtools.1-2A25A70C;minimap2-28D409F5;samtools-288C4C4;samtools.1-39996D01;minimap2-73D7816;samtools-7B808215;samtools.1-45495F91;minimap2-5681B533;samtools-27FFD4C2;samtools.1-142EDCB8;minimap2-6516899F;samtools-49498376;samtools.1-675E403C;minimap2-2C12BA27;samtools-C017294;samtools.1-E6C25BA;minimap2-1FC2991A;samtools-6F1C32E0;samtools.1-63770D1D;minimap2-B605A97;samtools-1D23CF12;samtools.1-61F2062;minimap2-789788E7;samtools-154D1026;samtools.1-586B01CB;minimap2-4029E898;samtools-42A42AC7;samtools.1-1954F67D;minimap2-59B27AD0;samtools-42FD55DF;samtools.1-475744FA;minimap2-37EE7FC5;samtools-10CD14A1;samtools.1-3E5A5B6;minimap2-3343186;samtools-583D87F9;samtools.1-A9BC0E4;minimap2-65CD9801;samtools-1B9950BF;samtools.1-3D7E3C;minimap2-71FFFB9;samtools-51E6E8FA;samtools.1-BBC2DE5;minimap2-465E89D7;samtools-6B153A2B;samtools.1-1A503FB5;minimap2-4CD80BEB;samtools-3EA5C4CF;samtools.1-3D4811C2;minimap2-40573B4D;samtools-26D93C53;samtools.1-5808461F;minimap2-6B01D735;samtools-6AF5E8B0;samtools.1-1DD3C234;minimap2-103A5597;samtools-58CF7A3C;samtools.1-78958B04;minimap2-2FB9E35D;samtools-827C351;samtools.1-28CE6484;minimap2-2D9540B5;samtools-6D2F6994;samtools.1-475FFCCB;minimap2-A9ED1BC;samtools-4631AF1D;samtools.1-6A2075F7;minimap2-89019A6;samtools-7A4256CC;samtools.1-26D37ECE;minimap2-130EE884;samtools-3E4EB9FA;samtools.1-7BA66A26;minimap2-741D127F;samtools-48F77DB4;samtools.1-19A13054;minimap2-385DF34;samtools-78EC8290;samtools.1-275FE441;minimap2-505F114D;samtools-50C966F1;samtools.1-A8D873B;minimap2-50B12D09;samtools-90E2C8;samtools.1-22BE4794;minimap2-7B279B59;samtools-5896170B;samtools.1-B844C7;minimap2-717B9D66;samtools-72AF41CE;samtools.1-50CAD98E;minimap2-573B8DEA;samtools-1C196B5;samtools.1-13E5F793;minimap2-4AC42E60;samtools-32947586;samtools.1-59A33CE1;minimap2-2BE2FC5E;samtools-61ED7E3C;samtools.1-801055E;minimap2-6E827C93;samtools-1FD7BBF0;samtools.1-2B1A3145;minimap2-48EFAD01;samtools-606F3F0E;samtools.1-18E541FB;minimap2-6C4445AF;samtools-33D2F0C0;samtools.1-2DF5869D;minimap2-5584C2AD;samtools-3BF26E7D;samtools.1-916CE49;minimap2-2F3A02C;samtools-79DBE1DD;samtools.1-73C21C64;minimap2-3990E4;samtools-54509BF3;samtools.1-6CF602D1;minimap2-19B5F2CF;samtools-352B6F4A;samtools.1-6A7C5F4D;minimap2-6AE68AAA;samtools-62F4AFC;samtools.1-5EB3ED1D;minimap2-48A5C1A7;samtools-1FEC9F6D;samtools.1-59018743;minimap2-1519A09;samtools-13A84693;samtools.1-356F8DAE;minimap2-68F81877;samtools-46786875;samtools.1-78FA26FC;minimap2-57B39EDB;samtools-62943765;samtools.1-47DC75E5;minimap2-2C7C7B74;samtools-6D19CA22;samtools.1-AD5747A;minimap2-153ABEEF;samtools-671A79AA;samtools.1-12394A00;minimap2-19B05F81;samtools-366ED8D7;samtools.1-74C1D6F7;minimap2-2FC8C067;samtools-4788A989;samtools.1-5B3C6ACA;minimap2-1D8D8217;samtools-30BD338B;samtools.1-65B842E4;minimap2-17A4C0B4;samtools-251D05F5;samtools.1-72DFCD4A;minimap2-3A03174C;samtools-3A8C71BE;samtools.1-4726079E;minimap2-7EFFE736;samtools-27EF2A21;samtools.1-5A7AB467;minimap2-1E727158;samtools-E758D40;samtools.1-2B72F4CE;minimap2-38FB9A3E;samtools-12D4FCCC;samtools.1-52814102;minimap2-7A680949;samtools-A480D39;samtools.1-6446EE5E;minimap2-31D867A8;samtools-23CE1AB8;samtools.1-6FEA08B5;minimap2-407CF39D;samtools-25FA6C7C;samtools.1-4D4AAE31;minimap2-FC1280B;samtools-29EE36D6;samtools.1-1B61420E;minimap2-3A93D59A;samtools-64B344CB;samtools.1-2AA7D9C3;minimap2-DE08BFC;samtools-13B876AF;samtools.1-4D167E98;minimap2-3782961;samtools-50315B63;samtools.1-49EC022;minimap2-81DA6A0;samtools-5C1FFCDF;samtools.1-4F5D07E2;minimap2-31B98EDD;samtools-74E5A8B6;samtools.1-186DD1B2;minimap2-27184F47;samtools-5DFFA563;samtools.1-62D22C0D;minimap2-3F8D56C5;samtools-43C885D9;samtools.1-40BBB754;minimap2-5D514593;samtools-78F38CE;samtools.1-447F4142;minimap2-54FA6B0F;samtools-5081B5E7;samtools.1-3A5821BC;minimap2-7558816;samtools-84B9372;samtools.1-634CCF9;minimap2-7FE2FD4C;samtools-23D63004;samtools.1-255E03BD;minimap2-5AFCAD3D;samtools-B31B4BB;samtools.1-3A37B498;minimap2-34D17F94;samtools-1309488C;samtools.1-6C88B396;minimap2-7DA070AA;samtools-1906923;samtools.1-4A221097;minimap2-FC4A7AD;samtools-5834C467;samtools.1-663AEF5C;minimap2-16AFF508;samtools-6DDF0E26;samtools.1-3FDD51F9;minimap2-58C79E5B;samtools-552AE937;samtools.1-242D3FAD;minimap2-5B2C1AD6;samtools-249953EB;samtools.1-40F7CB85;minimap2-3BAECDC9;samtools-6929E7A2;samtools.1-6008BA22;minimap2-D772859;samtools-21FB234A;samtools.1-1C204C2;minimap2-20DF8A27;samtools-4352F2B5;samtools.1-712B79DF;minimap2-6598FD7F;samtools-5DA5F914;samtools.1-1AA0EC74;minimap2-1B9D56C4;samtools-2BFB9FD2;samtools.1-6406D0F6;minimap2-1BD11822;samtools-2CBAE098;samtools.1-EDE32D2;minimap2-1514D7F1;samtools-333B2E77;samtools.1-4C39804C;minimap2-4C3869B7;samtools-2F044781;samtools.1-6313B172;samtools.2-78DAC7B0;samtools.3;samtools.4;samtools.5;samtools.6;samtools.7;samtools.8;samtools.9;samtools.10;samtools.11;samtools.12;samtools.13;samtools.14;samtools.15;samtools.16;samtools.17;samtools.18;samtools.19;samtools.20;samtools.21;samtools.22;samtools.23;samtools.24;samtools.25;samtools.26;samtools.27;samtools.28;samtools.29;samtools.30;samtools.31;samtools.32;samtools.33;samtools.34;samtools.35;samtools.36;samtools.37;samtools.38;samtools.39;samtools.40;samtools.41;samtools.42;samtools.43;samtools.44;samtools.45;samtools.46;samtools.47;samtools.48;samtools.49;samtools.50;samtools.51;samtools.52;samtools.53;samtools.54;samtools.55;samtools.56;samtools.57;samtools.58;samtools.59;samtools.60;samtools.61;samtools.62;samtools.63;samtools.64;samtools.65;samtools.66;samtools.67;samtools.68;samtools.69;samtools.70;samtools.71;samtools.72;samtools.73;samtools.74;samtools.75;samtools.76;samtools.77;samtools.78;samtools.79;samtools.80;samtools.81;samtools.82;samtools.83;samtools.84;samtools.85;samtools.86;samtools.87;samtools.88;samtools.89;samtools.90;samtools.91;samtools.92;samtools.93;samtools.94;samtools.95;samtools.96;samtools.97;samtools.98;samtools.99;samtools.100;samtools.101;samtools.102;samtools.103;samtools.104;samtools.105;samtools.106;samtools.107;samtools.108;samtools.109;samtools.110;samtools.111;samtools.112;samtools.113;samtools.114;samtools.115;samtools.116;samtools.117;samtools.118;samtools.119;samtools.120;samtools.121;samtools.122;samtools.123;samtools.124;samtools.125;samtools.126;samtools.127;samtools.128;samtools.129;samtools.130;samtools.131;samtools.132;samtools.133;samtools.134;samtools.135;samtools.136;samtools.137;samtools.138;samtools.139;samtools.140;samtools.141;samtools.142;samtools.143;samtools.144;samtools.145;samtools.146;samtools.147;samtools.148;samtools.149;samtools.150;samtools.151;samtools.152;samtools.153;samtools.154;samtools.155;samtools.156;samtools.157;samtools.158;samtools.159;samtools.160;samtools.161;samtools.162;samtools.163;samtools.164;samtools.165;samtools.166;samtools.167;samtools.168;samtools.169;samtools.170;samtools.171;samtools.172;samtools.173;samtools.174;samtools.175;samtools.176;samtools.177;samtools.178;samtools.179;samtools.180;samtools.181;samtools.182;samtools.183;samtools.184;samtools.185;samtools.186;samtools.187;samtools.188;samtools.189;samtools.190;samtools.191;samtools.192;samtools.193;samtools.194;samtools.195;samtools.196;samtools.197;samtools.198;samtools.199;samtools.200;samtools.201;samtools.202;samtools.203;samtools.204;samtools.205;samtools.206;samtools.207;samtools.208;samtools.209;samtools.210;samtools.211;samtools.212;samtools.213;samtools.214;samtools.215;samtools.216;samtools.217;samtools.218;samtools.219;samtools.220;samtools.221;samtools.222;samtools.223;samtools.224;samtools.225;samtools.226;samtools.227;samtools.228;samtools.229;samtools.230;samtools.231;samtools.232;samtools.233;samtools.234;samtools.235;samtools.236;samtools.237;samtools.238;samtools.239;samtools.240;samtools.241;samtools.242;samtools.243;samtools.244;samtools.245;samtools.246;samtools.247;samtools.248;samtools.249;samtools.250;samtools.251;samtools.252;samtools.253;samtools.254;samtools.255;samtools.256;samtools.257;samtools.258;samtools.259;samtools.260;samtools.261;samtools.262;samtools.263;samtools.264;samtools.265;samtools.266;samtools.267;samtools.268;samtools.269;samtools.270;samtools.271;samtools.272;samtools.273;samtools.274;samtools.275;samtools.276;samtools.277;samtools.278;samtools.279;samtools.280;samtools.281;samtools.282;samtools.283;samtools.284;samtools.285;samtools.286;samtools.287;samtools.288;samtools.289;samtools.290;samtools.291;samtools.292;samtools.293;samtools.294;samtools.295;samtools.296;samtools.297;samtools.298;samtools.299;samtools.300;samtools.301;samtools.302;samtools.303;samtools.304;samtools.305;samtools.306;samtools.307;samtools.308;samtools.309;samtools.310;samtools.311;samtools.312;samtools.313;samtools.314;samtools.315;samtools.316;samtools.317;samtools.318;samtools.319;samtools.320;samtools.321;samtools.322;samtools.323;samtools.324;samtools.325;samtools.326;samtools.327;samtools.328;samtools.329;samtools.330;samtools.331;samtools.332;samtools.333;samtools.334;samtools.335;samtools.336;samtools.337;samtools.338;samtools.339;samtools.340;samtools.341;samtools.342;samtools.343;samtools.344;samtools.345;samtools.346;samtools.347;samtools.348;samtools.349;samtools.350;samtools.351;samtools.352;samtools.353;samtools.354;samtools.355;samtools.356;samtools.357;samtools.358;samtools.359;samtools.360;samtools.361;samtools.362;samtools.363;samtools.364;samtools.365;samtools.366;samtools.367;samtools.368;samtools.369;samtools.370;samtools.371;samtools.372;samtools.373;samtools.374;samtools.375;samtools.376;samtools.377;samtools.378;samtools.379;samtools.380;samtools.381;samtools.382;samtools.383;samtools.384;samtools.385;samtools.386;samtools.387;samtools.388;samtools.389;samtools.390;samtools.391;samtools.392;samtools.393;samtools.394;samtools.395;samtools.396;samtools.397;samtools.398;samtools.399;samtools.400;samtools.401;samtools.402;samtools.403;samtools.404;samtools.405;samtools.406;samtools.407;samtools.408;samtools.409;samtools.410;samtools.411;samtools.412;samtools.413;samtools.414;samtools.415;samtools.416;samtools.417;samtools.418;samtools.419;samtools.420;samtools.421;samtools.422;samtools.423;samtools.424;samtools.425;samtools.426;samtools.427;samtools.428;samtools.429;samtools.430;samtools.431;samtools.432;samtools.433;samtools.434;samtools.435;samtools.436;samtools.437;samtools.438;samtools.439;samtools.440;samtools.441;samtools.442	samtools merge -r -@ 32 -o /bip8_disk/pingting114/mixed_bam_COLO829_PAO/TF1e-3_25x/TF1e-3_25x.rep2.bam /bip8_disk/pingting114/mixed_bam_COLO829_PAO/TF1e-3_25x/tmp_TF1e-3_tumor.rep2.bam /bip8_disk/pingting114/mixed_bam_CO
COLO829.TF1e-3.rep3	/bip7_disk/pingting114/mixed_bam/COLO829_PAO/TF1e-3_25x/TF1e-3_25x.rep3.bam	BAM	TRUE	78547320629	2026-08-24T03:21:08.005482	True	GRCh38_no_alt_analysis_set	195	minimap2;samtools;samtools.1;samtools.2;minimap2-5E6BC3F6;samtools-6E80DDA8;samtools.1-6E54D1D2;minimap2-43394878;samtools-525D8839;samtools.1-40BD4459;minimap2-47BA3BFD;samtools-21550203;samtools.1-23E66F73;minimap2-9B61420;samtools-3F6A1A63;samtools.1-57E9495;minimap2-130F2BBC;samtools-45982FE6;samtools.1-1C8E3CB8;minimap2-4D4FA50E;samtools-26F1516C;samtools.1-126CAAF0;minimap2-AD8AB2A;samtools-85B8B2E;samtools.1-145ABB19;minimap2-3C1FD1B7;samtools-576AAA1;samtools.1-38801924;minimap2-52B07B5A;samtools-212E6580;samtools.1-56577952;minimap2-30711B5;samtools-720FE8A6;samtools.1-7FBCB799;minimap2-10F10271;samtools-33F09705;samtools.1-2FC1455A;minimap2-4B31FE31;samtools-5896DB03;samtools.1-5B97C06;minimap2-2C85A5D9;samtools-6B7DDCD5;samtools.1-662AF9D1;minimap2-41F5027A;samtools-4C01D6CD;samtools.1-6953BA83;minimap2-18B4BC78;samtools-48C02FA6;samtools.1-77A2258C;minimap2-45871F6C;samtools-5761EB9E;samtools.1-6F0D8195;minimap2-15EF0C97;samtools-1EEDF44B;samtools.1-6ABE903F;minimap2-68AA6F05;samtools-7788E63C;samtools.1-65611D5D;minimap2-69AB8C25;samtools-1F4CBBF3;samtools.1-7D00E75B;minimap2-4F418AFC;samtools-29E90776;samtools.1-1A8C4CBE;minimap2-66A7C445;samtools-78EF79DC;samtools.1-4B08E567;minimap2-6E0EC1FA;samtools-354E81C0;samtools.1-3C833CE0;minimap2-366E920F;samtools-65F4C6D4;samtools.1-7EFC1427;minimap2-1F728A9A;samtools-AC49B56;samtools.1-4A6D9C1D;minimap2-1CE28EAE;samtools-7942E85E;samtools.1-2A25A70C;minimap2-28D409F5;samtools-288C4C4;samtools.1-39996D01;minimap2-73D7816;samtools-7B808215;samtools.1-45495F91;minimap2-5681B533;samtools-27FFD4C2;samtools.1-142EDCB8;minimap2-6516899F;samtools-49498376;samtools.1-675E403C;minimap2-2C12BA27;samtools-C017294;samtools.1-E6C25BA;minimap2-1FC2991A;samtools-6F1C32E0;samtools.1-63770D1D;minimap2-B605A97;samtools-1D23CF12;samtools.1-61F2062;minimap2-789788E7;samtools-154D1026;samtools.1-586B01CB;minimap2-4029E898;samtools-42A42AC7;samtools.1-1954F67D;minimap2-59B27AD0;samtools-42FD55DF;samtools.1-475744FA;minimap2-37EE7FC5;samtools-10CD14A1;samtools.1-3E5A5B6;minimap2-3343186;samtools-583D87F9;samtools.1-A9BC0E4;minimap2-65CD9801;samtools-1B9950BF;samtools.1-3D7E3C;minimap2-71FFFB9;samtools-51E6E8FA;samtools.1-BBC2DE5;minimap2-465E89D7;samtools-6B153A2B;samtools.1-1A503FB5;minimap2-4CD80BEB;samtools-3EA5C4CF;samtools.1-3D4811C2;minimap2-40573B4D;samtools-26D93C53;samtools.1-5808461F;minimap2-6B01D735;samtools-6AF5E8B0;samtools.1-1DD3C234;minimap2-103A5597;samtools-58CF7A3C;samtools.1-78958B04;minimap2-2FB9E35D;samtools-827C351;samtools.1-28CE6484;minimap2-2D9540B5;samtools-6D2F6994;samtools.1-475FFCCB;minimap2-A9ED1BC;samtools-4631AF1D;samtools.1-6A2075F7;minimap2-89019A6;samtools-7A4256CC;samtools.1-26D37ECE;minimap2-130EE884;samtools-3E4EB9FA;samtools.1-7BA66A26;minimap2-741D127F;samtools-48F77DB4;samtools.1-19A13054;minimap2-385DF34;samtools-78EC8290;samtools.1-275FE441;minimap2-505F114D;samtools-50C966F1;samtools.1-A8D873B;minimap2-50B12D09;samtools-90E2C8;samtools.1-22BE4794;minimap2-7B279B59;samtools-5896170B;samtools.1-B844C7;minimap2-717B9D66;samtools-72AF41CE;samtools.1-50CAD98E;minimap2-573B8DEA;samtools-1C196B5;samtools.1-13E5F793;minimap2-4AC42E60;samtools-32947586;samtools.1-59A33CE1;minimap2-2BE2FC5E;samtools-61ED7E3C;samtools.1-801055E;minimap2-6E827C93;samtools-1FD7BBF0;samtools.1-2B1A3145;minimap2-48EFAD01;samtools-606F3F0E;samtools.1-18E541FB;minimap2-6C4445AF;samtools-33D2F0C0;samtools.1-2DF5869D;minimap2-5584C2AD;samtools-3BF26E7D;samtools.1-916CE49;minimap2-2F3A02C;samtools-79DBE1DD;samtools.1-73C21C64;minimap2-3990E4;samtools-54509BF3;samtools.1-6CF602D1;minimap2-19B5F2CF;samtools-352B6F4A;samtools.1-6A7C5F4D;minimap2-6AE68AAA;samtools-62F4AFC;samtools.1-5EB3ED1D;minimap2-48A5C1A7;samtools-1FEC9F6D;samtools.1-59018743;minimap2-1519A09;samtools-13A84693;samtools.1-356F8DAE;minimap2-68F81877;samtools-46786875;samtools.1-78FA26FC;minimap2-57B39EDB;samtools-62943765;samtools.1-47DC75E5;minimap2-2C7C7B74;samtools-6D19CA22;samtools.1-AD5747A;minimap2-153ABEEF;samtools-671A79AA;samtools.1-12394A00;minimap2-19B05F81;samtools-366ED8D7;samtools.1-74C1D6F7;minimap2-2FC8C067;samtools-4788A989;samtools.1-5B3C6ACA;minimap2-1D8D8217;samtools-30BD338B;samtools.1-65B842E4;minimap2-17A4C0B4;samtools-251D05F5;samtools.1-72DFCD4A;minimap2-3A03174C;samtools-3A8C71BE;samtools.1-4726079E;minimap2-7EFFE736;samtools-27EF2A21;samtools.1-5A7AB467;minimap2-1E727158;samtools-E758D40;samtools.1-2B72F4CE;minimap2-38FB9A3E;samtools-12D4FCCC;samtools.1-52814102;minimap2-7A680949;samtools-A480D39;samtools.1-6446EE5E;minimap2-31D867A8;samtools-23CE1AB8;samtools.1-6FEA08B5;minimap2-407CF39D;samtools-25FA6C7C;samtools.1-4D4AAE31;minimap2-FC1280B;samtools-29EE36D6;samtools.1-1B61420E;minimap2-3A93D59A;samtools-64B344CB;samtools.1-2AA7D9C3;minimap2-DE08BFC;samtools-13B876AF;samtools.1-4D167E98;minimap2-3782961;samtools-50315B63;samtools.1-49EC022;minimap2-81DA6A0;samtools-5C1FFCDF;samtools.1-4F5D07E2;minimap2-31B98EDD;samtools-74E5A8B6;samtools.1-186DD1B2;minimap2-27184F47;samtools-5DFFA563;samtools.1-62D22C0D;minimap2-3F8D56C5;samtools-43C885D9;samtools.1-40BBB754;minimap2-5D514593;samtools-78F38CE;samtools.1-447F4142;minimap2-54FA6B0F;samtools-5081B5E7;samtools.1-3A5821BC;minimap2-7558816;samtools-84B9372;samtools.1-634CCF9;minimap2-7FE2FD4C;samtools-23D63004;samtools.1-255E03BD;minimap2-5AFCAD3D;samtools-B31B4BB;samtools.1-3A37B498;minimap2-34D17F94;samtools-1309488C;samtools.1-6C88B396;minimap2-7DA070AA;samtools-1906923;samtools.1-4A221097;minimap2-FC4A7AD;samtools-5834C467;samtools.1-663AEF5C;minimap2-16AFF508;samtools-6DDF0E26;samtools.1-3FDD51F9;minimap2-58C79E5B;samtools-552AE937;samtools.1-242D3FAD;minimap2-5B2C1AD6;samtools-249953EB;samtools.1-40F7CB85;minimap2-3BAECDC9;samtools-6929E7A2;samtools.1-6008BA22;minimap2-D772859;samtools-21FB234A;samtools.1-1C204C2;minimap2-20DF8A27;samtools-4352F2B5;samtools.1-712B79DF;minimap2-6598FD7F;samtools-5DA5F914;samtools.1-1AA0EC74;minimap2-1B9D56C4;samtools-2BFB9FD2;samtools.1-6406D0F6;minimap2-1BD11822;samtools-2CBAE098;samtools.1-EDE32D2;minimap2-1514D7F1;samtools-333B2E77;samtools.1-4C39804C;minimap2-4C3869B7;samtools-2F044781;samtools.1-6313B172;samtools.2-235EA1B9;samtools.3;samtools.4;samtools.5;samtools.6;samtools.7;samtools.8;samtools.9;samtools.10;samtools.11;samtools.12;samtools.13;samtools.14;samtools.15;samtools.16;samtools.17;samtools.18;samtools.19;samtools.20;samtools.21;samtools.22;samtools.23;samtools.24;samtools.25;samtools.26;samtools.27;samtools.28;samtools.29;samtools.30;samtools.31;samtools.32;samtools.33;samtools.34;samtools.35;samtools.36;samtools.37;samtools.38;samtools.39;samtools.40;samtools.41;samtools.42;samtools.43;samtools.44;samtools.45;samtools.46;samtools.47;samtools.48;samtools.49;samtools.50;samtools.51;samtools.52;samtools.53;samtools.54;samtools.55;samtools.56;samtools.57;samtools.58;samtools.59;samtools.60;samtools.61;samtools.62;samtools.63;samtools.64;samtools.65;samtools.66;samtools.67;samtools.68;samtools.69;samtools.70;samtools.71;samtools.72;samtools.73;samtools.74;samtools.75;samtools.76;samtools.77;samtools.78;samtools.79;samtools.80;samtools.81;samtools.82;samtools.83;samtools.84;samtools.85;samtools.86;samtools.87;samtools.88;samtools.89;samtools.90;samtools.91;samtools.92;samtools.93;samtools.94;samtools.95;samtools.96;samtools.97;samtools.98;samtools.99;samtools.100;samtools.101;samtools.102;samtools.103;samtools.104;samtools.105;samtools.106;samtools.107;samtools.108;samtools.109;samtools.110;samtools.111;samtools.112;samtools.113;samtools.114;samtools.115;samtools.116;samtools.117;samtools.118;samtools.119;samtools.120;samtools.121;samtools.122;samtools.123;samtools.124;samtools.125;samtools.126;samtools.127;samtools.128;samtools.129;samtools.130;samtools.131;samtools.132;samtools.133;samtools.134;samtools.135;samtools.136;samtools.137;samtools.138;samtools.139;samtools.140;samtools.141;samtools.142;samtools.143;samtools.144;samtools.145;samtools.146;samtools.147;samtools.148;samtools.149;samtools.150;samtools.151;samtools.152;samtools.153;samtools.154;samtools.155;samtools.156;samtools.157;samtools.158;samtools.159;samtools.160;samtools.161;samtools.162;samtools.163;samtools.164;samtools.165;samtools.166;samtools.167;samtools.168;samtools.169;samtools.170;samtools.171;samtools.172;samtools.173;samtools.174;samtools.175;samtools.176;samtools.177;samtools.178;samtools.179;samtools.180;samtools.181;samtools.182;samtools.183;samtools.184;samtools.185;samtools.186;samtools.187;samtools.188;samtools.189;samtools.190;samtools.191;samtools.192;samtools.193;samtools.194;samtools.195;samtools.196;samtools.197;samtools.198;samtools.199;samtools.200;samtools.201;samtools.202;samtools.203;samtools.204;samtools.205;samtools.206;samtools.207;samtools.208;samtools.209;samtools.210;samtools.211;samtools.212;samtools.213;samtools.214;samtools.215;samtools.216;samtools.217;samtools.218;samtools.219;samtools.220;samtools.221;samtools.222;samtools.223;samtools.224;samtools.225;samtools.226;samtools.227;samtools.228;samtools.229;samtools.230;samtools.231;samtools.232;samtools.233;samtools.234;samtools.235;samtools.236;samtools.237;samtools.238;samtools.239;samtools.240;samtools.241;samtools.242;samtools.243;samtools.244;samtools.245;samtools.246;samtools.247;samtools.248;samtools.249;samtools.250;samtools.251;samtools.252;samtools.253;samtools.254;samtools.255;samtools.256;samtools.257;samtools.258;samtools.259;samtools.260;samtools.261;samtools.262;samtools.263;samtools.264;samtools.265;samtools.266;samtools.267;samtools.268;samtools.269;samtools.270;samtools.271;samtools.272;samtools.273;samtools.274;samtools.275;samtools.276;samtools.277;samtools.278;samtools.279;samtools.280;samtools.281;samtools.282;samtools.283;samtools.284;samtools.285;samtools.286;samtools.287;samtools.288;samtools.289;samtools.290;samtools.291;samtools.292;samtools.293;samtools.294;samtools.295;samtools.296;samtools.297;samtools.298;samtools.299;samtools.300;samtools.301;samtools.302;samtools.303;samtools.304;samtools.305;samtools.306;samtools.307;samtools.308;samtools.309;samtools.310;samtools.311;samtools.312;samtools.313;samtools.314;samtools.315;samtools.316;samtools.317;samtools.318;samtools.319;samtools.320;samtools.321;samtools.322;samtools.323;samtools.324;samtools.325;samtools.326;samtools.327;samtools.328;samtools.329;samtools.330;samtools.331;samtools.332;samtools.333;samtools.334;samtools.335;samtools.336;samtools.337;samtools.338;samtools.339;samtools.340;samtools.341;samtools.342;samtools.343;samtools.344;samtools.345;samtools.346;samtools.347;samtools.348;samtools.349;samtools.350;samtools.351;samtools.352;samtools.353;samtools.354;samtools.355;samtools.356;samtools.357;samtools.358;samtools.359;samtools.360;samtools.361;samtools.362;samtools.363;samtools.364;samtools.365;samtools.366;samtools.367;samtools.368;samtools.369;samtools.370;samtools.371;samtools.372;samtools.373;samtools.374;samtools.375;samtools.376;samtools.377;samtools.378;samtools.379;samtools.380;samtools.381;samtools.382;samtools.383;samtools.384;samtools.385;samtools.386;samtools.387;samtools.388;samtools.389;samtools.390;samtools.391;samtools.392;samtools.393;samtools.394;samtools.395;samtools.396;samtools.397;samtools.398;samtools.399;samtools.400;samtools.401;samtools.402;samtools.403;samtools.404;samtools.405;samtools.406;samtools.407;samtools.408;samtools.409;samtools.410;samtools.411;samtools.412;samtools.413;samtools.414;samtools.415;samtools.416;samtools.417;samtools.418;samtools.419;samtools.420;samtools.421;samtools.422;samtools.423;samtools.424;samtools.425;samtools.426;samtools.427;samtools.428;samtools.429;samtools.430;samtools.431;samtools.432;samtools.433;samtools.434;samtools.435;samtools.436;samtools.437;samtools.438;samtools.439;samtools.440;samtools.441;samtools.442	samtools merge -r -@ 32 -o /bip8_disk/pingting114/mixed_bam_COLO829_PAO/TF1e-3_25x/TF1e-3_25x.rep3.bam /bip8_disk/pingting114/mixed_bam_COLO829_PAO/TF1e-3_25x/tmp_TF1e-3_tumor.rep3.bam /bip8_disk/pingting114/mixed_bam_CO
COLO829.TF1e-4.rep1	/bip7_disk/pingting114/mixed_bam/COLO829_PAO/TF1e-4_25x/TF1e-4_25x.rep1.bam	BAM	TRUE	78509474069	2026-08-24T03:21:13.225482	True	GRCh38_no_alt_analysis_set	195	minimap2;samtools;samtools.1;samtools.2;minimap2-7029FB35;samtools-61AB70B2;samtools.1-151F5DE;minimap2-43394878;samtools-525D8839;samtools.1-40BD4459;minimap2-47BA3BFD;samtools-21550203;samtools.1-23E66F73;minimap2-9B61420;samtools-3F6A1A63;samtools.1-57E9495;minimap2-130F2BBC;samtools-45982FE6;samtools.1-1C8E3CB8;minimap2-4D4FA50E;samtools-26F1516C;samtools.1-126CAAF0;minimap2-AD8AB2A;samtools-85B8B2E;samtools.1-145ABB19;minimap2-3C1FD1B7;samtools-576AAA1;samtools.1-38801924;minimap2-52B07B5A;samtools-212E6580;samtools.1-56577952;minimap2-30711B5;samtools-720FE8A6;samtools.1-7FBCB799;minimap2-10F10271;samtools-33F09705;samtools.1-2FC1455A;minimap2-4B31FE31;samtools-5896DB03;samtools.1-5B97C06;minimap2-2C85A5D9;samtools-6B7DDCD5;samtools.1-662AF9D1;minimap2-41F5027A;samtools-4C01D6CD;samtools.1-6953BA83;minimap2-18B4BC78;samtools-48C02FA6;samtools.1-77A2258C;minimap2-45871F6C;samtools-5761EB9E;samtools.1-6F0D8195;minimap2-15EF0C97;samtools-1EEDF44B;samtools.1-6ABE903F;minimap2-68AA6F05;samtools-7788E63C;samtools.1-65611D5D;minimap2-69AB8C25;samtools-1F4CBBF3;samtools.1-7D00E75B;minimap2-4F418AFC;samtools-29E90776;samtools.1-1A8C4CBE;minimap2-66A7C445;samtools-78EF79DC;samtools.1-4B08E567;minimap2-6E0EC1FA;samtools-354E81C0;samtools.1-3C833CE0;minimap2-366E920F;samtools-65F4C6D4;samtools.1-7EFC1427;minimap2-1F728A9A;samtools-AC49B56;samtools.1-4A6D9C1D;minimap2-1CE28EAE;samtools-7942E85E;samtools.1-2A25A70C;minimap2-28D409F5;samtools-288C4C4;samtools.1-39996D01;minimap2-73D7816;samtools-7B808215;samtools.1-45495F91;minimap2-5681B533;samtools-27FFD4C2;samtools.1-142EDCB8;minimap2-6516899F;samtools-49498376;samtools.1-675E403C;minimap2-2C12BA27;samtools-C017294;samtools.1-E6C25BA;minimap2-1FC2991A;samtools-6F1C32E0;samtools.1-63770D1D;minimap2-B605A97;samtools-1D23CF12;samtools.1-61F2062;minimap2-789788E7;samtools-154D1026;samtools.1-586B01CB;minimap2-4029E898;samtools-42A42AC7;samtools.1-1954F67D;minimap2-59B27AD0;samtools-42FD55DF;samtools.1-475744FA;minimap2-37EE7FC5;samtools-10CD14A1;samtools.1-3E5A5B6;minimap2-3343186;samtools-583D87F9;samtools.1-A9BC0E4;minimap2-65CD9801;samtools-1B9950BF;samtools.1-3D7E3C;minimap2-71FFFB9;samtools-51E6E8FA;samtools.1-BBC2DE5;minimap2-465E89D7;samtools-6B153A2B;samtools.1-1A503FB5;minimap2-4CD80BEB;samtools-3EA5C4CF;samtools.1-3D4811C2;minimap2-40573B4D;samtools-26D93C53;samtools.1-5808461F;minimap2-6B01D735;samtools-6AF5E8B0;samtools.1-1DD3C234;minimap2-103A5597;samtools-58CF7A3C;samtools.1-78958B04;minimap2-2FB9E35D;samtools-827C351;samtools.1-28CE6484;minimap2-2D9540B5;samtools-6D2F6994;samtools.1-475FFCCB;minimap2-A9ED1BC;samtools-4631AF1D;samtools.1-6A2075F7;minimap2-89019A6;samtools-7A4256CC;samtools.1-26D37ECE;minimap2-130EE884;samtools-3E4EB9FA;samtools.1-7BA66A26;minimap2-741D127F;samtools-48F77DB4;samtools.1-19A13054;minimap2-385DF34;samtools-78EC8290;samtools.1-275FE441;minimap2-505F114D;samtools-50C966F1;samtools.1-A8D873B;minimap2-50B12D09;samtools-90E2C8;samtools.1-22BE4794;minimap2-7B279B59;samtools-5896170B;samtools.1-B844C7;minimap2-717B9D66;samtools-72AF41CE;samtools.1-50CAD98E;minimap2-573B8DEA;samtools-1C196B5;samtools.1-13E5F793;minimap2-4AC42E60;samtools-32947586;samtools.1-59A33CE1;minimap2-2BE2FC5E;samtools-61ED7E3C;samtools.1-801055E;minimap2-6E827C93;samtools-1FD7BBF0;samtools.1-2B1A3145;minimap2-48EFAD01;samtools-606F3F0E;samtools.1-18E541FB;minimap2-6C4445AF;samtools-33D2F0C0;samtools.1-2DF5869D;minimap2-5584C2AD;samtools-3BF26E7D;samtools.1-916CE49;minimap2-2F3A02C;samtools-79DBE1DD;samtools.1-73C21C64;minimap2-3990E4;samtools-54509BF3;samtools.1-6CF602D1;minimap2-19B5F2CF;samtools-352B6F4A;samtools.1-6A7C5F4D;minimap2-6AE68AAA;samtools-62F4AFC;samtools.1-5EB3ED1D;minimap2-48A5C1A7;samtools-1FEC9F6D;samtools.1-59018743;minimap2-1519A09;samtools-13A84693;samtools.1-356F8DAE;minimap2-68F81877;samtools-46786875;samtools.1-78FA26FC;minimap2-57B39EDB;samtools-62943765;samtools.1-47DC75E5;minimap2-2C7C7B74;samtools-6D19CA22;samtools.1-AD5747A;minimap2-153ABEEF;samtools-671A79AA;samtools.1-12394A00;minimap2-19B05F81;samtools-366ED8D7;samtools.1-74C1D6F7;minimap2-2FC8C067;samtools-4788A989;samtools.1-5B3C6ACA;minimap2-1D8D8217;samtools-30BD338B;samtools.1-65B842E4;minimap2-17A4C0B4;samtools-251D05F5;samtools.1-72DFCD4A;minimap2-3A03174C;samtools-3A8C71BE;samtools.1-4726079E;minimap2-7EFFE736;samtools-27EF2A21;samtools.1-5A7AB467;minimap2-1E727158;samtools-E758D40;samtools.1-2B72F4CE;minimap2-38FB9A3E;samtools-12D4FCCC;samtools.1-52814102;minimap2-7A680949;samtools-A480D39;samtools.1-6446EE5E;minimap2-31D867A8;samtools-23CE1AB8;samtools.1-6FEA08B5;minimap2-407CF39D;samtools-25FA6C7C;samtools.1-4D4AAE31;minimap2-FC1280B;samtools-29EE36D6;samtools.1-1B61420E;minimap2-3A93D59A;samtools-64B344CB;samtools.1-2AA7D9C3;minimap2-DE08BFC;samtools-13B876AF;samtools.1-4D167E98;minimap2-3782961;samtools-50315B63;samtools.1-49EC022;minimap2-81DA6A0;samtools-5C1FFCDF;samtools.1-4F5D07E2;minimap2-31B98EDD;samtools-74E5A8B6;samtools.1-186DD1B2;minimap2-27184F47;samtools-5DFFA563;samtools.1-62D22C0D;minimap2-3F8D56C5;samtools-43C885D9;samtools.1-40BBB754;minimap2-5D514593;samtools-78F38CE;samtools.1-447F4142;minimap2-54FA6B0F;samtools-5081B5E7;samtools.1-3A5821BC;minimap2-7558816;samtools-84B9372;samtools.1-634CCF9;minimap2-7FE2FD4C;samtools-23D63004;samtools.1-255E03BD;minimap2-5AFCAD3D;samtools-B31B4BB;samtools.1-3A37B498;minimap2-34D17F94;samtools-1309488C;samtools.1-6C88B396;minimap2-7DA070AA;samtools-1906923;samtools.1-4A221097;minimap2-FC4A7AD;samtools-5834C467;samtools.1-663AEF5C;minimap2-16AFF508;samtools-6DDF0E26;samtools.1-3FDD51F9;minimap2-58C79E5B;samtools-552AE937;samtools.1-242D3FAD;minimap2-5B2C1AD6;samtools-249953EB;samtools.1-40F7CB85;minimap2-3BAECDC9;samtools-6929E7A2;samtools.1-6008BA22;minimap2-D772859;samtools-21FB234A;samtools.1-1C204C2;minimap2-20DF8A27;samtools-4352F2B5;samtools.1-712B79DF;minimap2-6598FD7F;samtools-5DA5F914;samtools.1-1AA0EC74;minimap2-1B9D56C4;samtools-2BFB9FD2;samtools.1-6406D0F6;minimap2-1BD11822;samtools-2CBAE098;samtools.1-EDE32D2;minimap2-1514D7F1;samtools-333B2E77;samtools.1-4C39804C;minimap2-4C3869B7;samtools-2F044781;samtools.1-6313B172;samtools.2-5B234F9E;samtools.3;samtools.4;samtools.5;samtools.6;samtools.7;samtools.8;samtools.9;samtools.10;samtools.11;samtools.12;samtools.13;samtools.14;samtools.15;samtools.16;samtools.17;samtools.18;samtools.19;samtools.20;samtools.21;samtools.22;samtools.23;samtools.24;samtools.25;samtools.26;samtools.27;samtools.28;samtools.29;samtools.30;samtools.31;samtools.32;samtools.33;samtools.34;samtools.35;samtools.36;samtools.37;samtools.38;samtools.39;samtools.40;samtools.41;samtools.42;samtools.43;samtools.44;samtools.45;samtools.46;samtools.47;samtools.48;samtools.49;samtools.50;samtools.51;samtools.52;samtools.53;samtools.54;samtools.55;samtools.56;samtools.57;samtools.58;samtools.59;samtools.60;samtools.61;samtools.62;samtools.63;samtools.64;samtools.65;samtools.66;samtools.67;samtools.68;samtools.69;samtools.70;samtools.71;samtools.72;samtools.73;samtools.74;samtools.75;samtools.76;samtools.77;samtools.78;samtools.79;samtools.80;samtools.81;samtools.82;samtools.83;samtools.84;samtools.85;samtools.86;samtools.87;samtools.88;samtools.89;samtools.90;samtools.91;samtools.92;samtools.93;samtools.94;samtools.95;samtools.96;samtools.97;samtools.98;samtools.99;samtools.100;samtools.101;samtools.102;samtools.103;samtools.104;samtools.105;samtools.106;samtools.107;samtools.108;samtools.109;samtools.110;samtools.111;samtools.112;samtools.113;samtools.114;samtools.115;samtools.116;samtools.117;samtools.118;samtools.119;samtools.120;samtools.121;samtools.122;samtools.123;samtools.124;samtools.125;samtools.126;samtools.127;samtools.128;samtools.129;samtools.130;samtools.131;samtools.132;samtools.133;samtools.134;samtools.135;samtools.136;samtools.137;samtools.138;samtools.139;samtools.140;samtools.141;samtools.142;samtools.143;samtools.144;samtools.145;samtools.146;samtools.147;samtools.148;samtools.149;samtools.150;samtools.151;samtools.152;samtools.153;samtools.154;samtools.155;samtools.156;samtools.157;samtools.158;samtools.159;samtools.160;samtools.161;samtools.162;samtools.163;samtools.164;samtools.165;samtools.166;samtools.167;samtools.168;samtools.169;samtools.170;samtools.171;samtools.172;samtools.173;samtools.174;samtools.175;samtools.176;samtools.177;samtools.178;samtools.179;samtools.180;samtools.181;samtools.182;samtools.183;samtools.184;samtools.185;samtools.186;samtools.187;samtools.188;samtools.189;samtools.190;samtools.191;samtools.192;samtools.193;samtools.194;samtools.195;samtools.196;samtools.197;samtools.198;samtools.199;samtools.200;samtools.201;samtools.202;samtools.203;samtools.204;samtools.205;samtools.206;samtools.207;samtools.208;samtools.209;samtools.210;samtools.211;samtools.212;samtools.213;samtools.214;samtools.215;samtools.216;samtools.217;samtools.218;samtools.219;samtools.220;samtools.221;samtools.222;samtools.223;samtools.224;samtools.225;samtools.226;samtools.227;samtools.228;samtools.229;samtools.230;samtools.231;samtools.232;samtools.233;samtools.234;samtools.235;samtools.236;samtools.237;samtools.238;samtools.239;samtools.240;samtools.241;samtools.242;samtools.243;samtools.244;samtools.245;samtools.246;samtools.247;samtools.248;samtools.249;samtools.250;samtools.251;samtools.252;samtools.253;samtools.254;samtools.255;samtools.256;samtools.257;samtools.258;samtools.259;samtools.260;samtools.261;samtools.262;samtools.263;samtools.264;samtools.265;samtools.266;samtools.267;samtools.268;samtools.269;samtools.270;samtools.271;samtools.272;samtools.273;samtools.274;samtools.275;samtools.276;samtools.277;samtools.278;samtools.279;samtools.280;samtools.281;samtools.282;samtools.283;samtools.284;samtools.285;samtools.286;samtools.287;samtools.288;samtools.289;samtools.290;samtools.291;samtools.292;samtools.293;samtools.294;samtools.295;samtools.296;samtools.297;samtools.298;samtools.299;samtools.300;samtools.301;samtools.302;samtools.303;samtools.304;samtools.305;samtools.306;samtools.307;samtools.308;samtools.309;samtools.310;samtools.311;samtools.312;samtools.313;samtools.314;samtools.315;samtools.316;samtools.317;samtools.318;samtools.319;samtools.320;samtools.321;samtools.322;samtools.323;samtools.324;samtools.325;samtools.326;samtools.327;samtools.328;samtools.329;samtools.330;samtools.331;samtools.332;samtools.333;samtools.334;samtools.335;samtools.336;samtools.337;samtools.338;samtools.339;samtools.340;samtools.341;samtools.342;samtools.343;samtools.344;samtools.345;samtools.346;samtools.347;samtools.348;samtools.349;samtools.350;samtools.351;samtools.352;samtools.353;samtools.354;samtools.355;samtools.356;samtools.357;samtools.358;samtools.359;samtools.360;samtools.361;samtools.362;samtools.363;samtools.364;samtools.365;samtools.366;samtools.367;samtools.368;samtools.369;samtools.370;samtools.371;samtools.372;samtools.373;samtools.374;samtools.375;samtools.376;samtools.377;samtools.378;samtools.379;samtools.380;samtools.381;samtools.382;samtools.383;samtools.384;samtools.385;samtools.386;samtools.387;samtools.388;samtools.389;samtools.390;samtools.391;samtools.392;samtools.393;samtools.394;samtools.395;samtools.396;samtools.397;samtools.398;samtools.399;samtools.400;samtools.401;samtools.402;samtools.403;samtools.404;samtools.405;samtools.406;samtools.407;samtools.408;samtools.409;samtools.410;samtools.411;samtools.412;samtools.413;samtools.414;samtools.415;samtools.416;samtools.417;samtools.418;samtools.419;samtools.420;samtools.421;samtools.422;samtools.423;samtools.424;samtools.425;samtools.426;samtools.427;samtools.428;samtools.429;samtools.430;samtools.431;samtools.432;samtools.433;samtools.434;samtools.435;samtools.436;samtools.437;samtools.438;samtools.439;samtools.440;samtools.441;samtools.442	samtools merge -r -@ 32 -o /bip8_disk/pingting114/mixed_bam_COLO829_PAO/TF1e-4_25x/TF1e-4_25x.rep1.bam /bip8_disk/pingting114/mixed_bam_COLO829_PAO/TF1e-4_25x/tmp_TF1e-4_tumor.rep1.bam /bip8_disk/pingting114/mixed_bam_CO
COLO829.TF1e-4.rep2	/bip7_disk/pingting114/mixed_bam/COLO829_PAO/TF1e-4_25x/TF1e-4_25x.rep2.bam	BAM	TRUE	78547850217	2026-08-24T03:21:15.253482	True	GRCh38_no_alt_analysis_set	195	minimap2;samtools;samtools.1;samtools.2;minimap2-58E458B0;samtools-4065C011;samtools.1-47891B51;minimap2-43394878;samtools-525D8839;samtools.1-40BD4459;minimap2-47BA3BFD;samtools-21550203;samtools.1-23E66F73;minimap2-9B61420;samtools-3F6A1A63;samtools.1-57E9495;minimap2-130F2BBC;samtools-45982FE6;samtools.1-1C8E3CB8;minimap2-4D4FA50E;samtools-26F1516C;samtools.1-126CAAF0;minimap2-AD8AB2A;samtools-85B8B2E;samtools.1-145ABB19;minimap2-3C1FD1B7;samtools-576AAA1;samtools.1-38801924;minimap2-52B07B5A;samtools-212E6580;samtools.1-56577952;minimap2-30711B5;samtools-720FE8A6;samtools.1-7FBCB799;minimap2-10F10271;samtools-33F09705;samtools.1-2FC1455A;minimap2-4B31FE31;samtools-5896DB03;samtools.1-5B97C06;minimap2-2C85A5D9;samtools-6B7DDCD5;samtools.1-662AF9D1;minimap2-41F5027A;samtools-4C01D6CD;samtools.1-6953BA83;minimap2-18B4BC78;samtools-48C02FA6;samtools.1-77A2258C;minimap2-45871F6C;samtools-5761EB9E;samtools.1-6F0D8195;minimap2-15EF0C97;samtools-1EEDF44B;samtools.1-6ABE903F;minimap2-68AA6F05;samtools-7788E63C;samtools.1-65611D5D;minimap2-69AB8C25;samtools-1F4CBBF3;samtools.1-7D00E75B;minimap2-4F418AFC;samtools-29E90776;samtools.1-1A8C4CBE;minimap2-66A7C445;samtools-78EF79DC;samtools.1-4B08E567;minimap2-6E0EC1FA;samtools-354E81C0;samtools.1-3C833CE0;minimap2-366E920F;samtools-65F4C6D4;samtools.1-7EFC1427;minimap2-1F728A9A;samtools-AC49B56;samtools.1-4A6D9C1D;minimap2-1CE28EAE;samtools-7942E85E;samtools.1-2A25A70C;minimap2-28D409F5;samtools-288C4C4;samtools.1-39996D01;minimap2-73D7816;samtools-7B808215;samtools.1-45495F91;minimap2-5681B533;samtools-27FFD4C2;samtools.1-142EDCB8;minimap2-6516899F;samtools-49498376;samtools.1-675E403C;minimap2-2C12BA27;samtools-C017294;samtools.1-E6C25BA;minimap2-1FC2991A;samtools-6F1C32E0;samtools.1-63770D1D;minimap2-B605A97;samtools-1D23CF12;samtools.1-61F2062;minimap2-789788E7;samtools-154D1026;samtools.1-586B01CB;minimap2-4029E898;samtools-42A42AC7;samtools.1-1954F67D;minimap2-59B27AD0;samtools-42FD55DF;samtools.1-475744FA;minimap2-37EE7FC5;samtools-10CD14A1;samtools.1-3E5A5B6;minimap2-3343186;samtools-583D87F9;samtools.1-A9BC0E4;minimap2-65CD9801;samtools-1B9950BF;samtools.1-3D7E3C;minimap2-71FFFB9;samtools-51E6E8FA;samtools.1-BBC2DE5;minimap2-465E89D7;samtools-6B153A2B;samtools.1-1A503FB5;minimap2-4CD80BEB;samtools-3EA5C4CF;samtools.1-3D4811C2;minimap2-40573B4D;samtools-26D93C53;samtools.1-5808461F;minimap2-6B01D735;samtools-6AF5E8B0;samtools.1-1DD3C234;minimap2-103A5597;samtools-58CF7A3C;samtools.1-78958B04;minimap2-2FB9E35D;samtools-827C351;samtools.1-28CE6484;minimap2-2D9540B5;samtools-6D2F6994;samtools.1-475FFCCB;minimap2-A9ED1BC;samtools-4631AF1D;samtools.1-6A2075F7;minimap2-89019A6;samtools-7A4256CC;samtools.1-26D37ECE;minimap2-130EE884;samtools-3E4EB9FA;samtools.1-7BA66A26;minimap2-741D127F;samtools-48F77DB4;samtools.1-19A13054;minimap2-385DF34;samtools-78EC8290;samtools.1-275FE441;minimap2-505F114D;samtools-50C966F1;samtools.1-A8D873B;minimap2-50B12D09;samtools-90E2C8;samtools.1-22BE4794;minimap2-7B279B59;samtools-5896170B;samtools.1-B844C7;minimap2-717B9D66;samtools-72AF41CE;samtools.1-50CAD98E;minimap2-573B8DEA;samtools-1C196B5;samtools.1-13E5F793;minimap2-4AC42E60;samtools-32947586;samtools.1-59A33CE1;minimap2-2BE2FC5E;samtools-61ED7E3C;samtools.1-801055E;minimap2-6E827C93;samtools-1FD7BBF0;samtools.1-2B1A3145;minimap2-48EFAD01;samtools-606F3F0E;samtools.1-18E541FB;minimap2-6C4445AF;samtools-33D2F0C0;samtools.1-2DF5869D;minimap2-5584C2AD;samtools-3BF26E7D;samtools.1-916CE49;minimap2-2F3A02C;samtools-79DBE1DD;samtools.1-73C21C64;minimap2-3990E4;samtools-54509BF3;samtools.1-6CF602D1;minimap2-19B5F2CF;samtools-352B6F4A;samtools.1-6A7C5F4D;minimap2-6AE68AAA;samtools-62F4AFC;samtools.1-5EB3ED1D;minimap2-48A5C1A7;samtools-1FEC9F6D;samtools.1-59018743;minimap2-1519A09;samtools-13A84693;samtools.1-356F8DAE;minimap2-68F81877;samtools-46786875;samtools.1-78FA26FC;minimap2-57B39EDB;samtools-62943765;samtools.1-47DC75E5;minimap2-2C7C7B74;samtools-6D19CA22;samtools.1-AD5747A;minimap2-153ABEEF;samtools-671A79AA;samtools.1-12394A00;minimap2-19B05F81;samtools-366ED8D7;samtools.1-74C1D6F7;minimap2-2FC8C067;samtools-4788A989;samtools.1-5B3C6ACA;minimap2-1D8D8217;samtools-30BD338B;samtools.1-65B842E4;minimap2-17A4C0B4;samtools-251D05F5;samtools.1-72DFCD4A;minimap2-3A03174C;samtools-3A8C71BE;samtools.1-4726079E;minimap2-7EFFE736;samtools-27EF2A21;samtools.1-5A7AB467;minimap2-1E727158;samtools-E758D40;samtools.1-2B72F4CE;minimap2-38FB9A3E;samtools-12D4FCCC;samtools.1-52814102;minimap2-7A680949;samtools-A480D39;samtools.1-6446EE5E;minimap2-31D867A8;samtools-23CE1AB8;samtools.1-6FEA08B5;minimap2-407CF39D;samtools-25FA6C7C;samtools.1-4D4AAE31;minimap2-FC1280B;samtools-29EE36D6;samtools.1-1B61420E;minimap2-3A93D59A;samtools-64B344CB;samtools.1-2AA7D9C3;minimap2-DE08BFC;samtools-13B876AF;samtools.1-4D167E98;minimap2-3782961;samtools-50315B63;samtools.1-49EC022;minimap2-81DA6A0;samtools-5C1FFCDF;samtools.1-4F5D07E2;minimap2-31B98EDD;samtools-74E5A8B6;samtools.1-186DD1B2;minimap2-27184F47;samtools-5DFFA563;samtools.1-62D22C0D;minimap2-3F8D56C5;samtools-43C885D9;samtools.1-40BBB754;minimap2-5D514593;samtools-78F38CE;samtools.1-447F4142;minimap2-54FA6B0F;samtools-5081B5E7;samtools.1-3A5821BC;minimap2-7558816;samtools-84B9372;samtools.1-634CCF9;minimap2-7FE2FD4C;samtools-23D63004;samtools.1-255E03BD;minimap2-5AFCAD3D;samtools-B31B4BB;samtools.1-3A37B498;minimap2-34D17F94;samtools-1309488C;samtools.1-6C88B396;minimap2-7DA070AA;samtools-1906923;samtools.1-4A221097;minimap2-FC4A7AD;samtools-5834C467;samtools.1-663AEF5C;minimap2-16AFF508;samtools-6DDF0E26;samtools.1-3FDD51F9;minimap2-58C79E5B;samtools-552AE937;samtools.1-242D3FAD;minimap2-5B2C1AD6;samtools-249953EB;samtools.1-40F7CB85;minimap2-3BAECDC9;samtools-6929E7A2;samtools.1-6008BA22;minimap2-D772859;samtools-21FB234A;samtools.1-1C204C2;minimap2-20DF8A27;samtools-4352F2B5;samtools.1-712B79DF;minimap2-6598FD7F;samtools-5DA5F914;samtools.1-1AA0EC74;minimap2-1B9D56C4;samtools-2BFB9FD2;samtools.1-6406D0F6;minimap2-1BD11822;samtools-2CBAE098;samtools.1-EDE32D2;minimap2-1514D7F1;samtools-333B2E77;samtools.1-4C39804C;minimap2-4C3869B7;samtools-2F044781;samtools.1-6313B172;samtools.2-C479395;samtools.3;samtools.4;samtools.5;samtools.6;samtools.7;samtools.8;samtools.9;samtools.10;samtools.11;samtools.12;samtools.13;samtools.14;samtools.15;samtools.16;samtools.17;samtools.18;samtools.19;samtools.20;samtools.21;samtools.22;samtools.23;samtools.24;samtools.25;samtools.26;samtools.27;samtools.28;samtools.29;samtools.30;samtools.31;samtools.32;samtools.33;samtools.34;samtools.35;samtools.36;samtools.37;samtools.38;samtools.39;samtools.40;samtools.41;samtools.42;samtools.43;samtools.44;samtools.45;samtools.46;samtools.47;samtools.48;samtools.49;samtools.50;samtools.51;samtools.52;samtools.53;samtools.54;samtools.55;samtools.56;samtools.57;samtools.58;samtools.59;samtools.60;samtools.61;samtools.62;samtools.63;samtools.64;samtools.65;samtools.66;samtools.67;samtools.68;samtools.69;samtools.70;samtools.71;samtools.72;samtools.73;samtools.74;samtools.75;samtools.76;samtools.77;samtools.78;samtools.79;samtools.80;samtools.81;samtools.82;samtools.83;samtools.84;samtools.85;samtools.86;samtools.87;samtools.88;samtools.89;samtools.90;samtools.91;samtools.92;samtools.93;samtools.94;samtools.95;samtools.96;samtools.97;samtools.98;samtools.99;samtools.100;samtools.101;samtools.102;samtools.103;samtools.104;samtools.105;samtools.106;samtools.107;samtools.108;samtools.109;samtools.110;samtools.111;samtools.112;samtools.113;samtools.114;samtools.115;samtools.116;samtools.117;samtools.118;samtools.119;samtools.120;samtools.121;samtools.122;samtools.123;samtools.124;samtools.125;samtools.126;samtools.127;samtools.128;samtools.129;samtools.130;samtools.131;samtools.132;samtools.133;samtools.134;samtools.135;samtools.136;samtools.137;samtools.138;samtools.139;samtools.140;samtools.141;samtools.142;samtools.143;samtools.144;samtools.145;samtools.146;samtools.147;samtools.148;samtools.149;samtools.150;samtools.151;samtools.152;samtools.153;samtools.154;samtools.155;samtools.156;samtools.157;samtools.158;samtools.159;samtools.160;samtools.161;samtools.162;samtools.163;samtools.164;samtools.165;samtools.166;samtools.167;samtools.168;samtools.169;samtools.170;samtools.171;samtools.172;samtools.173;samtools.174;samtools.175;samtools.176;samtools.177;samtools.178;samtools.179;samtools.180;samtools.181;samtools.182;samtools.183;samtools.184;samtools.185;samtools.186;samtools.187;samtools.188;samtools.189;samtools.190;samtools.191;samtools.192;samtools.193;samtools.194;samtools.195;samtools.196;samtools.197;samtools.198;samtools.199;samtools.200;samtools.201;samtools.202;samtools.203;samtools.204;samtools.205;samtools.206;samtools.207;samtools.208;samtools.209;samtools.210;samtools.211;samtools.212;samtools.213;samtools.214;samtools.215;samtools.216;samtools.217;samtools.218;samtools.219;samtools.220;samtools.221;samtools.222;samtools.223;samtools.224;samtools.225;samtools.226;samtools.227;samtools.228;samtools.229;samtools.230;samtools.231;samtools.232;samtools.233;samtools.234;samtools.235;samtools.236;samtools.237;samtools.238;samtools.239;samtools.240;samtools.241;samtools.242;samtools.243;samtools.244;samtools.245;samtools.246;samtools.247;samtools.248;samtools.249;samtools.250;samtools.251;samtools.252;samtools.253;samtools.254;samtools.255;samtools.256;samtools.257;samtools.258;samtools.259;samtools.260;samtools.261;samtools.262;samtools.263;samtools.264;samtools.265;samtools.266;samtools.267;samtools.268;samtools.269;samtools.270;samtools.271;samtools.272;samtools.273;samtools.274;samtools.275;samtools.276;samtools.277;samtools.278;samtools.279;samtools.280;samtools.281;samtools.282;samtools.283;samtools.284;samtools.285;samtools.286;samtools.287;samtools.288;samtools.289;samtools.290;samtools.291;samtools.292;samtools.293;samtools.294;samtools.295;samtools.296;samtools.297;samtools.298;samtools.299;samtools.300;samtools.301;samtools.302;samtools.303;samtools.304;samtools.305;samtools.306;samtools.307;samtools.308;samtools.309;samtools.310;samtools.311;samtools.312;samtools.313;samtools.314;samtools.315;samtools.316;samtools.317;samtools.318;samtools.319;samtools.320;samtools.321;samtools.322;samtools.323;samtools.324;samtools.325;samtools.326;samtools.327;samtools.328;samtools.329;samtools.330;samtools.331;samtools.332;samtools.333;samtools.334;samtools.335;samtools.336;samtools.337;samtools.338;samtools.339;samtools.340;samtools.341;samtools.342;samtools.343;samtools.344;samtools.345;samtools.346;samtools.347;samtools.348;samtools.349;samtools.350;samtools.351;samtools.352;samtools.353;samtools.354;samtools.355;samtools.356;samtools.357;samtools.358;samtools.359;samtools.360;samtools.361;samtools.362;samtools.363;samtools.364;samtools.365;samtools.366;samtools.367;samtools.368;samtools.369;samtools.370;samtools.371;samtools.372;samtools.373;samtools.374;samtools.375;samtools.376;samtools.377;samtools.378;samtools.379;samtools.380;samtools.381;samtools.382;samtools.383;samtools.384;samtools.385;samtools.386;samtools.387;samtools.388;samtools.389;samtools.390;samtools.391;samtools.392;samtools.393;samtools.394;samtools.395;samtools.396;samtools.397;samtools.398;samtools.399;samtools.400;samtools.401;samtools.402;samtools.403;samtools.404;samtools.405;samtools.406;samtools.407;samtools.408;samtools.409;samtools.410;samtools.411;samtools.412;samtools.413;samtools.414;samtools.415;samtools.416;samtools.417;samtools.418;samtools.419;samtools.420;samtools.421;samtools.422;samtools.423;samtools.424;samtools.425;samtools.426;samtools.427;samtools.428;samtools.429;samtools.430;samtools.431;samtools.432;samtools.433;samtools.434;samtools.435;samtools.436;samtools.437;samtools.438;samtools.439;samtools.440;samtools.441;samtools.442	samtools merge -r -@ 32 -o /bip8_disk/pingting114/mixed_bam_COLO829_PAO/TF1e-4_25x/TF1e-4_25x.rep2.bam /bip8_disk/pingting114/mixed_bam_COLO829_PAO/TF1e-4_25x/tmp_TF1e-4_tumor.rep2.bam /bip8_disk/pingting114/mixed_bam_CO
COLO829.TF1e-4.rep3	/bip7_disk/pingting114/mixed_bam/COLO829_PAO/TF1e-4_25x/TF1e-4_25x.rep3.bam	BAM	TRUE	78510952862	2026-08-24T03:21:16.713482	True	GRCh38_no_alt_analysis_set	195	minimap2;samtools;samtools.1;samtools.2;minimap2-C5DB5E9;samtools-135FA756;samtools.1-2B5491B2;minimap2-43394878;samtools-525D8839;samtools.1-40BD4459;minimap2-47BA3BFD;samtools-21550203;samtools.1-23E66F73;minimap2-9B61420;samtools-3F6A1A63;samtools.1-57E9495;minimap2-130F2BBC;samtools-45982FE6;samtools.1-1C8E3CB8;minimap2-4D4FA50E;samtools-26F1516C;samtools.1-126CAAF0;minimap2-AD8AB2A;samtools-85B8B2E;samtools.1-145ABB19;minimap2-3C1FD1B7;samtools-576AAA1;samtools.1-38801924;minimap2-52B07B5A;samtools-212E6580;samtools.1-56577952;minimap2-30711B5;samtools-720FE8A6;samtools.1-7FBCB799;minimap2-10F10271;samtools-33F09705;samtools.1-2FC1455A;minimap2-4B31FE31;samtools-5896DB03;samtools.1-5B97C06;minimap2-2C85A5D9;samtools-6B7DDCD5;samtools.1-662AF9D1;minimap2-41F5027A;samtools-4C01D6CD;samtools.1-6953BA83;minimap2-18B4BC78;samtools-48C02FA6;samtools.1-77A2258C;minimap2-45871F6C;samtools-5761EB9E;samtools.1-6F0D8195;minimap2-15EF0C97;samtools-1EEDF44B;samtools.1-6ABE903F;minimap2-68AA6F05;samtools-7788E63C;samtools.1-65611D5D;minimap2-69AB8C25;samtools-1F4CBBF3;samtools.1-7D00E75B;minimap2-4F418AFC;samtools-29E90776;samtools.1-1A8C4CBE;minimap2-66A7C445;samtools-78EF79DC;samtools.1-4B08E567;minimap2-6E0EC1FA;samtools-354E81C0;samtools.1-3C833CE0;minimap2-366E920F;samtools-65F4C6D4;samtools.1-7EFC1427;minimap2-1F728A9A;samtools-AC49B56;samtools.1-4A6D9C1D;minimap2-1CE28EAE;samtools-7942E85E;samtools.1-2A25A70C;minimap2-28D409F5;samtools-288C4C4;samtools.1-39996D01;minimap2-73D7816;samtools-7B808215;samtools.1-45495F91;minimap2-5681B533;samtools-27FFD4C2;samtools.1-142EDCB8;minimap2-6516899F;samtools-49498376;samtools.1-675E403C;minimap2-2C12BA27;samtools-C017294;samtools.1-E6C25BA;minimap2-1FC2991A;samtools-6F1C32E0;samtools.1-63770D1D;minimap2-B605A97;samtools-1D23CF12;samtools.1-61F2062;minimap2-789788E7;samtools-154D1026;samtools.1-586B01CB;minimap2-4029E898;samtools-42A42AC7;samtools.1-1954F67D;minimap2-59B27AD0;samtools-42FD55DF;samtools.1-475744FA;minimap2-37EE7FC5;samtools-10CD14A1;samtools.1-3E5A5B6;minimap2-3343186;samtools-583D87F9;samtools.1-A9BC0E4;minimap2-65CD9801;samtools-1B9950BF;samtools.1-3D7E3C;minimap2-71FFFB9;samtools-51E6E8FA;samtools.1-BBC2DE5;minimap2-465E89D7;samtools-6B153A2B;samtools.1-1A503FB5;minimap2-4CD80BEB;samtools-3EA5C4CF;samtools.1-3D4811C2;minimap2-40573B4D;samtools-26D93C53;samtools.1-5808461F;minimap2-6B01D735;samtools-6AF5E8B0;samtools.1-1DD3C234;minimap2-103A5597;samtools-58CF7A3C;samtools.1-78958B04;minimap2-2FB9E35D;samtools-827C351;samtools.1-28CE6484;minimap2-2D9540B5;samtools-6D2F6994;samtools.1-475FFCCB;minimap2-A9ED1BC;samtools-4631AF1D;samtools.1-6A2075F7;minimap2-89019A6;samtools-7A4256CC;samtools.1-26D37ECE;minimap2-130EE884;samtools-3E4EB9FA;samtools.1-7BA66A26;minimap2-741D127F;samtools-48F77DB4;samtools.1-19A13054;minimap2-385DF34;samtools-78EC8290;samtools.1-275FE441;minimap2-505F114D;samtools-50C966F1;samtools.1-A8D873B;minimap2-50B12D09;samtools-90E2C8;samtools.1-22BE4794;minimap2-7B279B59;samtools-5896170B;samtools.1-B844C7;minimap2-717B9D66;samtools-72AF41CE;samtools.1-50CAD98E;minimap2-573B8DEA;samtools-1C196B5;samtools.1-13E5F793;minimap2-4AC42E60;samtools-32947586;samtools.1-59A33CE1;minimap2-2BE2FC5E;samtools-61ED7E3C;samtools.1-801055E;minimap2-6E827C93;samtools-1FD7BBF0;samtools.1-2B1A3145;minimap2-48EFAD01;samtools-606F3F0E;samtools.1-18E541FB;minimap2-6C4445AF;samtools-33D2F0C0;samtools.1-2DF5869D;minimap2-5584C2AD;samtools-3BF26E7D;samtools.1-916CE49;minimap2-2F3A02C;samtools-79DBE1DD;samtools.1-73C21C64;minimap2-3990E4;samtools-54509BF3;samtools.1-6CF602D1;minimap2-19B5F2CF;samtools-352B6F4A;samtools.1-6A7C5F4D;minimap2-6AE68AAA;samtools-62F4AFC;samtools.1-5EB3ED1D;minimap2-48A5C1A7;samtools-1FEC9F6D;samtools.1-59018743;minimap2-1519A09;samtools-13A84693;samtools.1-356F8DAE;minimap2-68F81877;samtools-46786875;samtools.1-78FA26FC;minimap2-57B39EDB;samtools-62943765;samtools.1-47DC75E5;minimap2-2C7C7B74;samtools-6D19CA22;samtools.1-AD5747A;minimap2-153ABEEF;samtools-671A79AA;samtools.1-12394A00;minimap2-19B05F81;samtools-366ED8D7;samtools.1-74C1D6F7;minimap2-2FC8C067;samtools-4788A989;samtools.1-5B3C6ACA;minimap2-1D8D8217;samtools-30BD338B;samtools.1-65B842E4;minimap2-17A4C0B4;samtools-251D05F5;samtools.1-72DFCD4A;minimap2-3A03174C;samtools-3A8C71BE;samtools.1-4726079E;minimap2-7EFFE736;samtools-27EF2A21;samtools.1-5A7AB467;minimap2-1E727158;samtools-E758D40;samtools.1-2B72F4CE;minimap2-38FB9A3E;samtools-12D4FCCC;samtools.1-52814102;minimap2-7A680949;samtools-A480D39;samtools.1-6446EE5E;minimap2-31D867A8;samtools-23CE1AB8;samtools.1-6FEA08B5;minimap2-407CF39D;samtools-25FA6C7C;samtools.1-4D4AAE31;minimap2-FC1280B;samtools-29EE36D6;samtools.1-1B61420E;minimap2-3A93D59A;samtools-64B344CB;samtools.1-2AA7D9C3;minimap2-DE08BFC;samtools-13B876AF;samtools.1-4D167E98;minimap2-3782961;samtools-50315B63;samtools.1-49EC022;minimap2-81DA6A0;samtools-5C1FFCDF;samtools.1-4F5D07E2;minimap2-31B98EDD;samtools-74E5A8B6;samtools.1-186DD1B2;minimap2-27184F47;samtools-5DFFA563;samtools.1-62D22C0D;minimap2-3F8D56C5;samtools-43C885D9;samtools.1-40BBB754;minimap2-5D514593;samtools-78F38CE;samtools.1-447F4142;minimap2-54FA6B0F;samtools-5081B5E7;samtools.1-3A5821BC;minimap2-7558816;samtools-84B9372;samtools.1-634CCF9;minimap2-7FE2FD4C;samtools-23D63004;samtools.1-255E03BD;minimap2-5AFCAD3D;samtools-B31B4BB;samtools.1-3A37B498;minimap2-34D17F94;samtools-1309488C;samtools.1-6C88B396;minimap2-7DA070AA;samtools-1906923;samtools.1-4A221097;minimap2-FC4A7AD;samtools-5834C467;samtools.1-663AEF5C;minimap2-16AFF508;samtools-6DDF0E26;samtools.1-3FDD51F9;minimap2-58C79E5B;samtools-552AE937;samtools.1-242D3FAD;minimap2-5B2C1AD6;samtools-249953EB;samtools.1-40F7CB85;minimap2-3BAECDC9;samtools-6929E7A2;samtools.1-6008BA22;minimap2-D772859;samtools-21FB234A;samtools.1-1C204C2;minimap2-20DF8A27;samtools-4352F2B5;samtools.1-712B79DF;minimap2-6598FD7F;samtools-5DA5F914;samtools.1-1AA0EC74;minimap2-1B9D56C4;samtools-2BFB9FD2;samtools.1-6406D0F6;minimap2-1BD11822;samtools-2CBAE098;samtools.1-EDE32D2;minimap2-1514D7F1;samtools-333B2E77;samtools.1-4C39804C;minimap2-4C3869B7;samtools-2F044781;samtools.1-6313B172;samtools.2-15B020E2;samtools.3;samtools.4;samtools.5;samtools.6;samtools.7;samtools.8;samtools.9;samtools.10;samtools.11;samtools.12;samtools.13;samtools.14;samtools.15;samtools.16;samtools.17;samtools.18;samtools.19;samtools.20;samtools.21;samtools.22;samtools.23;samtools.24;samtools.25;samtools.26;samtools.27;samtools.28;samtools.29;samtools.30;samtools.31;samtools.32;samtools.33;samtools.34;samtools.35;samtools.36;samtools.37;samtools.38;samtools.39;samtools.40;samtools.41;samtools.42;samtools.43;samtools.44;samtools.45;samtools.46;samtools.47;samtools.48;samtools.49;samtools.50;samtools.51;samtools.52;samtools.53;samtools.54;samtools.55;samtools.56;samtools.57;samtools.58;samtools.59;samtools.60;samtools.61;samtools.62;samtools.63;samtools.64;samtools.65;samtools.66;samtools.67;samtools.68;samtools.69;samtools.70;samtools.71;samtools.72;samtools.73;samtools.74;samtools.75;samtools.76;samtools.77;samtools.78;samtools.79;samtools.80;samtools.81;samtools.82;samtools.83;samtools.84;samtools.85;samtools.86;samtools.87;samtools.88;samtools.89;samtools.90;samtools.91;samtools.92;samtools.93;samtools.94;samtools.95;samtools.96;samtools.97;samtools.98;samtools.99;samtools.100;samtools.101;samtools.102;samtools.103;samtools.104;samtools.105;samtools.106;samtools.107;samtools.108;samtools.109;samtools.110;samtools.111;samtools.112;samtools.113;samtools.114;samtools.115;samtools.116;samtools.117;samtools.118;samtools.119;samtools.120;samtools.121;samtools.122;samtools.123;samtools.124;samtools.125;samtools.126;samtools.127;samtools.128;samtools.129;samtools.130;samtools.131;samtools.132;samtools.133;samtools.134;samtools.135;samtools.136;samtools.137;samtools.138;samtools.139;samtools.140;samtools.141;samtools.142;samtools.143;samtools.144;samtools.145;samtools.146;samtools.147;samtools.148;samtools.149;samtools.150;samtools.151;samtools.152;samtools.153;samtools.154;samtools.155;samtools.156;samtools.157;samtools.158;samtools.159;samtools.160;samtools.161;samtools.162;samtools.163;samtools.164;samtools.165;samtools.166;samtools.167;samtools.168;samtools.169;samtools.170;samtools.171;samtools.172;samtools.173;samtools.174;samtools.175;samtools.176;samtools.177;samtools.178;samtools.179;samtools.180;samtools.181;samtools.182;samtools.183;samtools.184;samtools.185;samtools.186;samtools.187;samtools.188;samtools.189;samtools.190;samtools.191;samtools.192;samtools.193;samtools.194;samtools.195;samtools.196;samtools.197;samtools.198;samtools.199;samtools.200;samtools.201;samtools.202;samtools.203;samtools.204;samtools.205;samtools.206;samtools.207;samtools.208;samtools.209;samtools.210;samtools.211;samtools.212;samtools.213;samtools.214;samtools.215;samtools.216;samtools.217;samtools.218;samtools.219;samtools.220;samtools.221;samtools.222;samtools.223;samtools.224;samtools.225;samtools.226;samtools.227;samtools.228;samtools.229;samtools.230;samtools.231;samtools.232;samtools.233;samtools.234;samtools.235;samtools.236;samtools.237;samtools.238;samtools.239;samtools.240;samtools.241;samtools.242;samtools.243;samtools.244;samtools.245;samtools.246;samtools.247;samtools.248;samtools.249;samtools.250;samtools.251;samtools.252;samtools.253;samtools.254;samtools.255;samtools.256;samtools.257;samtools.258;samtools.259;samtools.260;samtools.261;samtools.262;samtools.263;samtools.264;samtools.265;samtools.266;samtools.267;samtools.268;samtools.269;samtools.270;samtools.271;samtools.272;samtools.273;samtools.274;samtools.275;samtools.276;samtools.277;samtools.278;samtools.279;samtools.280;samtools.281;samtools.282;samtools.283;samtools.284;samtools.285;samtools.286;samtools.287;samtools.288;samtools.289;samtools.290;samtools.291;samtools.292;samtools.293;samtools.294;samtools.295;samtools.296;samtools.297;samtools.298;samtools.299;samtools.300;samtools.301;samtools.302;samtools.303;samtools.304;samtools.305;samtools.306;samtools.307;samtools.308;samtools.309;samtools.310;samtools.311;samtools.312;samtools.313;samtools.314;samtools.315;samtools.316;samtools.317;samtools.318;samtools.319;samtools.320;samtools.321;samtools.322;samtools.323;samtools.324;samtools.325;samtools.326;samtools.327;samtools.328;samtools.329;samtools.330;samtools.331;samtools.332;samtools.333;samtools.334;samtools.335;samtools.336;samtools.337;samtools.338;samtools.339;samtools.340;samtools.341;samtools.342;samtools.343;samtools.344;samtools.345;samtools.346;samtools.347;samtools.348;samtools.349;samtools.350;samtools.351;samtools.352;samtools.353;samtools.354;samtools.355;samtools.356;samtools.357;samtools.358;samtools.359;samtools.360;samtools.361;samtools.362;samtools.363;samtools.364;samtools.365;samtools.366;samtools.367;samtools.368;samtools.369;samtools.370;samtools.371;samtools.372;samtools.373;samtools.374;samtools.375;samtools.376;samtools.377;samtools.378;samtools.379;samtools.380;samtools.381;samtools.382;samtools.383;samtools.384;samtools.385;samtools.386;samtools.387;samtools.388;samtools.389;samtools.390;samtools.391;samtools.392;samtools.393;samtools.394;samtools.395;samtools.396;samtools.397;samtools.398;samtools.399;samtools.400;samtools.401;samtools.402;samtools.403;samtools.404;samtools.405;samtools.406;samtools.407;samtools.408;samtools.409;samtools.410;samtools.411;samtools.412;samtools.413;samtools.414;samtools.415;samtools.416;samtools.417;samtools.418;samtools.419;samtools.420;samtools.421;samtools.422;samtools.423;samtools.424;samtools.425;samtools.426;samtools.427;samtools.428;samtools.429;samtools.430;samtools.431;samtools.432;samtools.433;samtools.434;samtools.435;samtools.436;samtools.437;samtools.438;samtools.439;samtools.440;samtools.441;samtools.442	samtools merge -r -@ 32 -o /bip8_disk/pingting114/mixed_bam_COLO829_PAO/TF1e-4_25x/TF1e-4_25x.rep3.bam /bip8_disk/pingting114/mixed_bam_COLO829_PAO/TF1e-4_25x/tmp_TF1e-4_tumor.rep3.bam /bip8_disk/pingting114/mixed_bam_CO
candidates_HCC1395	/big8_disk/hung114/ONT_MRD/mrd/research/surveys/long-read-tumor-only-mrd/exp-s1-002/results/counts_TF0.tsv	TSV/PY	TRUE	109044	2026-08-24T21:12:48.263824	n/a	n/a	n/a	sha256=7b548c03232a9ce0b2ba8717720c2f95c879d8d5224a2d5420b23113a977728e	
candidates_COLO829	/big8_disk/hung114/ONT_MRD/mrd/research/surveys/long-read-tumor-only-mrd/exp-s1-007/results/counts_TF0.tsv	TSV/PY	TRUE	111167	2026-08-25T09:57:54.191730	n/a	n/a	n/a	sha256=c7dc0bdace670bd2a93d8da728442d25796629ac37730021c216d5ed252050fd	
mrdz_score	/big8_disk/hung114/ONT_MRD/mrd/tools/mrdz/mrdz/score.py	TSV/PY	TRUE	6527	2026-08-25T16:14:16.249439	n/a	n/a	n/a	sha256=628100ffff36206598020c14f71510c0a6b1142fd0fa912f4dfcf8ab52cdd677	
