[W::hts_idx_load3] The index file is older than the data file: /bip7_disk/pingting114/mixed_bam/COLO829_PAO/TF1e-2_25x/TF1e-2_25x.rep2.bam.bai
[W::hts_idx_load3] The index file is older than the data file: /bip7_disk/pingting114/mixed_bam/COLO829_PAO/TF1e-2_25x/TF1e-2_25x.rep2.bam.bai
  TF1e-2_25x.rep2.bam cand 0/4000
[W::hts_idx_load3] The index file is older than the data file: /bip7_disk/pingting114/mixed_bam/COLO829_PAO/TF1e-2_25x/TF1e-2_25x.rep2.bam.bai
[W::hts_idx_load3] The index file is older than the data file: /bip7_disk/pingting114/mixed_bam/COLO829_PAO/TF1e-2_25x/TF1e-2_25x.rep2.bam.bai
[W::hts_idx_load3] The index file is older than the data file: /bip7_disk/pingting114/mixed_bam/COLO829_PAO/TF1e-2_25x/TF1e-2_25x.rep2.bam.bai
[W::bam_next_basemod] MM tag refers to bases beyond sequence length
[E::bam_parse_basemod2] 04aac7be-cea3-4129-a9b4-594a0e47687f: MM tag refers to bases beyond sequence length
[W::hts_idx_load3] The index file is older than the data file: /bip7_disk/pingting114/mixed_bam/COLO829_PAO/TF1e-2_25x/TF1e-2_25x.rep2.bam.bai
[W::hts_idx_load3] The index file is older than the data file: /bip7_disk/pingting114/mixed_bam/COLO829_PAO/TF1e-2_25x/TF1e-2_25x.rep2.bam.bai
[W::bam_next_basemod] MM tag refers to bases beyond sequence length
[W::hts_idx_load3] The index file is older than the data file: /bip7_disk/pingting114/mixed_bam/COLO829_PAO/TF1e-2_25x/TF1e-2_25x.rep2.bam.bai
[W::hts_idx_load3] The index file is older than the data file: /bip7_disk/pingting114/mixed_bam/COLO829_PAO/TF1e-2_25x/TF1e-2_25x.rep2.bam.bai
[W::hts_idx_load3] The index file is older than the data file: /bip7_disk/pingting114/mixed_bam/COLO829_PAO/TF1e-2_25x/TF1e-2_25x.rep2.bam.bai
[E::bam_parse_basemod2] eb96b0ca-610d-411e-8226-509de5059ff7: MM tag refers to bases beyond sequence length
[W::hts_idx_load3] The index file is older than the data file: /bip7_disk/pingting114/mixed_bam/COLO829_PAO/TF1e-2_25x/TF1e-2_25x.rep2.bam.bai
[W::hts_idx_load3] The index file is older than the data file: /bip7_disk/pingting114/mixed_bam/COLO829_PAO/TF1e-2_25x/TF1e-2_25x.rep2.bam.bai
[W::hts_idx_load3] The index file is older than the data file: /bip7_disk/pingting114/mixed_bam/COLO829_PAO/TF1e-2_25x/TF1e-2_25x.rep2.bam.bai
[W::hts_idx_load3] The index file is older than the data file: /bip7_disk/pingting114/mixed_bam/COLO829_PAO/TF1e-2_25x/TF1e-2_25x.rep2.bam.bai
[W::hts_idx_load3] The index file is older than the data file: /bip7_disk/pingting114/mixed_bam/COLO829_PAO/TF1e-2_25x/TF1e-2_25x.rep2.bam.bai
[W::bam_next_basemod] MM tag refers to bases beyond sequence length
[W::hts_idx_load3] The index file is older than the data file: /bip7_disk/pingting114/mixed_bam/COLO829_PAO/TF1e-2_25x/TF1e-2_25x.rep2.bam.bai
[W::hts_idx_load3] The index file is older than the data file: /bip7_disk/pingting114/mixed_bam/COLO829_PAO/TF1e-2_25x/TF1e-2_25x.rep2.bam.bai
[W::hts_idx_load3] The index file is older than the data file: /bip7_disk/pingting114/mixed_bam/COLO829_PAO/TF1e-2_25x/TF1e-2_25x.rep2.bam.bai
[E::bam_parse_basemod2] 140c7535-f64b-4360-a83c-4eac7f514a65: MM tag refers to bases beyond sequence length
[W::hts_idx_load3] The index file is older than the data file: /bip7_disk/pingting114/mixed_bam/COLO829_PAO/TF1e-2_25x/TF1e-2_25x.rep2.bam.bai
[W::hts_idx_load3] The index file is older than the data file: /bip7_disk/pingting114/mixed_bam/COLO829_PAO/TF1e-2_25x/TF1e-2_25x.rep2.bam.bai
[W::hts_idx_load3] The index file is older than the data file: /bip7_disk/pingting114/mixed_bam/COLO829_PAO/TF1e-2_25x/TF1e-2_25x.rep2.bam.bai
[W::hts_idx_load3] The index file is older than the data file: /bip7_disk/pingting114/mixed_bam/COLO829_PAO/TF1e-2_25x/TF1e-2_25x.rep2.bam.bai
[W::hts_idx_load3] The index file is older than the data file: /bip7_disk/pingting114/mixed_bam/COLO829_PAO/TF1e-2_25x/TF1e-2_25x.rep2.bam.bai
[W::hts_idx_load3] The index file is older than the data file: /bip7_disk/pingting114/mixed_bam/COLO829_PAO/TF1e-2_25x/TF1e-2_25x.rep2.bam.bai
[W::bam_next_basemod] MM tag refers to bases beyond sequence length
[W::hts_idx_load3] The index file is older than the data file: /bip7_disk/pingting114/mixed_bam/COLO829_PAO/TF1e-2_25x/TF1e-2_25x.rep2.bam.bai
[W::bam_next_basemod] MM tag refers to bases beyond sequence length
[E::bam_parse_basemod2] 4e7326d3-3d92-4710-8c3e-8af5e4235dc0: MM tag refers to bases beyond sequence length
[W::hts_idx_load3] The index file is older than the data file: /bip7_disk/pingting114/mixed_bam/COLO829_PAO/TF1e-2_25x/TF1e-2_25x.rep2.bam.bai
[W::bam_next_basemod] MM tag refers to bases beyond sequence length
[W::hts_idx_load3] The index file is older than the data file: /bip7_disk/pingting114/mixed_bam/COLO829_PAO/TF1e-2_25x/TF1e-2_25x.rep2.bam.bai
[W::hts_idx_load3] The index file is older than the data file: /bip7_disk/pingting114/mixed_bam/COLO829_PAO/TF1e-2_25x/TF1e-2_25x.rep2.bam.bai
[W::hts_idx_load3] The index file is older than the data file: /bip7_disk/pingting114/mixed_bam/COLO829_PAO/TF1e-2_25x/TF1e-2_25x.rep2.bam.bai
[W::bam_next_basemod] MM tag refers to bases beyond sequence length
[W::hts_idx_load3] The index file is older than the data file: /bip7_disk/pingting114/mixed_bam/COLO829_PAO/TF1e-2_25x/TF1e-2_25x.rep2.bam.bai
[W::hts_idx_load3] The index file is older than the data file: /bip7_disk/pingting114/mixed_bam/COLO829_PAO/TF1e-2_25x/TF1e-2_25x.rep2.bam.bai
[E::bam_parse_basemod2] 88413154-962e-47fa-b3ad-359b84b0c822: MM tag refers to bases beyond sequence length
[W::hts_idx_load3] The index file is older than the data file: /bip7_disk/pingting114/mixed_bam/COLO829_PAO/TF1e-2_25x/TF1e-2_25x.rep2.bam.bai
[W::hts_idx_load3] The index file is older than the data file: /bip7_disk/pingting114/mixed_bam/COLO829_PAO/TF1e-2_25x/TF1e-2_25x.rep2.bam.bai
[E::bam_parse_basemod2] 761525aa-5fee-486d-a56f-733356a820dd: MM tag refers to bases beyond sequence length
[W::hts_idx_load3] The index file is older than the data file: /bip7_disk/pingting114/mixed_bam/COLO829_PAO/TF1e-2_25x/TF1e-2_25x.rep2.bam.bai
[W::bam_next_basemod] MM tag refers to bases beyond sequence length
[E::bam_parse_basemod2] 07f7d373-90b1-41ff-95b9-8dc7ae597a17: MM tag refers to bases beyond sequence length
[W::hts_idx_load3] The index file is older than the data file: /bip7_disk/pingting114/mixed_bam/COLO829_PAO/TF1e-2_25x/TF1e-2_25x.rep2.bam.bai
[W::hts_idx_load3] The index file is older than the data file: /bip7_disk/pingting114/mixed_bam/COLO829_PAO/TF1e-2_25x/TF1e-2_25x.rep2.bam.bai
[W::hts_idx_load3] The index file is older than the data file: /bip7_disk/pingting114/mixed_bam/COLO829_PAO/TF1e-2_25x/TF1e-2_25x.rep2.bam.bai
[W::hts_idx_load3] The index file is older than the data file: /bip7_disk/pingting114/mixed_bam/COLO829_PAO/TF1e-2_25x/TF1e-2_25x.rep2.bam.bai
[E::bam_parse_basemod2] a6d956ea-edd3-4b1b-8ab5-9025ed741354: MM tag refers to bases beyond sequence length
[W::hts_idx_load3] The index file is older than the data file: /bip7_disk/pingting114/mixed_bam/COLO829_PAO/TF1e-2_25x/TF1e-2_25x.rep2.bam.bai
[W::hts_idx_load3] The index file is older than the data file: /bip7_disk/pingting114/mixed_bam/COLO829_PAO/TF1e-2_25x/TF1e-2_25x.rep2.bam.bai
[W::hts_idx_load3] The index file is older than the data file: /bip7_disk/pingting114/mixed_bam/COLO829_PAO/TF1e-2_25x/TF1e-2_25x.rep2.bam.bai
[W::hts_idx_load3] The index file is older than the data file: /bip7_disk/pingting114/mixed_bam/COLO829_PAO/TF1e-2_25x/TF1e-2_25x.rep2.bam.bai
[W::hts_idx_load3] The index file is older than the data file: /bip7_disk/pingting114/mixed_bam/COLO829_PAO/TF1e-2_25x/TF1e-2_25x.rep2.bam.bai
[W::hts_idx_load3] The index file is older than the data file: /bip7_disk/pingting114/mixed_bam/COLO829_PAO/TF1e-2_25x/TF1e-2_25x.rep2.bam.bai
[W::bam_next_basemod] MM tag refers to bases beyond sequence length
[W::hts_idx_load3] The index file is older than the data file: /bip7_disk/pingting114/mixed_bam/COLO829_PAO/TF1e-2_25x/TF1e-2_25x.rep2.bam.bai
[W::hts_idx_load3] The index file is older than the data file: /bip7_disk/pingting114/mixed_bam/COLO829_PAO/TF1e-2_25x/TF1e-2_25x.rep2.bam.bai
[W::hts_idx_load3] The index file is older than the data file: /bip7_disk/pingting114/mixed_bam/COLO829_PAO/TF1e-2_25x/TF1e-2_25x.rep2.bam.bai
[W::hts_idx_load3] The index file is older than the data file: /bip7_disk/pingting114/mixed_bam/COLO829_PAO/TF1e-2_25x/TF1e-2_25x.rep2.bam.bai
[W::bam_next_basemod] MM tag refers to bases beyond sequence length
[E::bam_parse_basemod2] 650f2e1a-b433-4cfe-896a-8cd5d1699253: MM tag refers to bases beyond sequence length
[W::hts_idx_load3] The index file is older than the data file: /bip7_disk/pingting114/mixed_bam/COLO829_PAO/TF1e-2_25x/TF1e-2_25x.rep2.bam.bai
[W::hts_idx_load3] The index file is older than the data file: /bip7_disk/pingting114/mixed_bam/COLO829_PAO/TF1e-2_25x/TF1e-2_25x.rep2.bam.bai
[W::hts_idx_load3] The index file is older than the data file: /bip7_disk/pingting114/mixed_bam/COLO829_PAO/TF1e-2_25x/TF1e-2_25x.rep2.bam.bai
[W::hts_idx_load3] The index file is older than the data file: /bip7_disk/pingting114/mixed_bam/COLO829_PAO/TF1e-2_25x/TF1e-2_25x.rep2.bam.bai
[E::bam_parse_basemod2] 68015e37-5c32-45cf-b8fd-068a48796959: MM tag refers to bases beyond sequence length
[W::hts_idx_load3] The index file is older than the data file: /bip7_disk/pingting114/mixed_bam/COLO829_PAO/TF1e-2_25x/TF1e-2_25x.rep2.bam.bai
[W::hts_idx_load3] The index file is older than the data file: /bip7_disk/pingting114/mixed_bam/COLO829_PAO/TF1e-2_25x/TF1e-2_25x.rep2.bam.bai
[W::hts_idx_load3] The index file is older than the data file: /bip7_disk/pingting114/mixed_bam/COLO829_PAO/TF1e-2_25x/TF1e-2_25x.rep2.bam.bai
[W::hts_idx_load3] The index file is older than the data file: /bip7_disk/pingting114/mixed_bam/COLO829_PAO/TF1e-2_25x/TF1e-2_25x.rep2.bam.bai
[W::bam_next_basemod] MM tag refers to bases beyond sequence length
[E::bam_parse_basemod2] e5738c4c-2f82-4ac4-9416-847c86e55a09: MM tag refers to bases beyond sequence length
[E::bam_parse_basemod2] d94857a9-f5f3-42bf-8291-481470768f7e: MM tag refers to bases beyond sequence length
[W::hts_idx_load3] The index file is older than the data file: /bip7_disk/pingting114/mixed_bam/COLO829_PAO/TF1e-2_25x/TF1e-2_25x.rep2.bam.bai
[W::hts_idx_load3] The index file is older than the data file: /bip7_disk/pingting114/mixed_bam/COLO829_PAO/TF1e-2_25x/TF1e-2_25x.rep2.bam.bai
[W::hts_idx_load3] The index file is older than the data file: /bip7_disk/pingting114/mixed_bam/COLO829_PAO/TF1e-2_25x/TF1e-2_25x.rep2.bam.bai
[W::hts_idx_load3] The index file is older than the data file: /bip7_disk/pingting114/mixed_bam/COLO829_PAO/TF1e-2_25x/TF1e-2_25x.rep2.bam.bai
[W::hts_idx_load3] The index file is older than the data file: /bip7_disk/pingting114/mixed_bam/COLO829_PAO/TF1e-2_25x/TF1e-2_25x.rep2.bam.bai
[W::bam_next_basemod] MM tag refers to bases beyond sequence length
[W::bam_next_basemod] MM tag refers to bases beyond sequence length
[E::bam_parse_basemod2] a8c2d7b9-d11e-482e-8c1f-738fb75ec33a: MM tag refers to bases beyond sequence length
[W::hts_idx_load3] The index file is older than the data file: /bip7_disk/pingting114/mixed_bam/COLO829_PAO/TF1e-2_25x/TF1e-2_25x.rep2.bam.bai
[W::hts_idx_load3] The index file is older than the data file: /bip7_disk/pingting114/mixed_bam/COLO829_PAO/TF1e-2_25x/TF1e-2_25x.rep2.bam.bai
[W::hts_idx_load3] The index file is older than the data file: /bip7_disk/pingting114/mixed_bam/COLO829_PAO/TF1e-2_25x/TF1e-2_25x.rep2.bam.bai
[W::hts_idx_load3] The index file is older than the data file: /bip7_disk/pingting114/mixed_bam/COLO829_PAO/TF1e-2_25x/TF1e-2_25x.rep2.bam.bai
[W::hts_idx_load3] The index file is older than the data file: /bip7_disk/pingting114/mixed_bam/COLO829_PAO/TF1e-2_25x/TF1e-2_25x.rep2.bam.bai
[W::hts_idx_load3] The index file is older than the data file: /bip7_disk/pingting114/mixed_bam/COLO829_PAO/TF1e-2_25x/TF1e-2_25x.rep2.bam.bai
[W::hts_idx_load3] The index file is older than the data file: /bip7_disk/pingting114/mixed_bam/COLO829_PAO/TF1e-2_25x/TF1e-2_25x.rep2.bam.bai
[W::hts_idx_load3] The index file is older than the data file: /bip7_disk/pingting114/mixed_bam/COLO829_PAO/TF1e-2_25x/TF1e-2_25x.rep2.bam.bai
[W::bam_next_basemod] MM tag refers to bases beyond sequence length
[E::bam_parse_basemod2] 0587af62-93c1-4a25-a703-fed5be91e3ce: MM tag refers to bases beyond sequence length
[W::hts_idx_load3] The index file is older than the data file: /bip7_disk/pingting114/mixed_bam/COLO829_PAO/TF1e-2_25x/TF1e-2_25x.rep2.bam.bai
[W::hts_idx_load3] The index file is older than the data file: /bip7_disk/pingting114/mixed_bam/COLO829_PAO/TF1e-2_25x/TF1e-2_25x.rep2.bam.bai
[W::bam_next_basemod] MM tag refers to bases beyond sequence length
[E::bam_parse_basemod2] 4bdb11c7-153b-4fd7-bc8f-5c587ec70e0e: MM tag refers to bases beyond sequence length
[W::hts_idx_load3] The index file is older than the data file: /bip7_disk/pingting114/mixed_bam/COLO829_PAO/TF1e-2_25x/TF1e-2_25x.rep2.bam.bai
[W::bam_next_basemod] MM tag refers to bases beyond sequence length
[E::bam_parse_basemod2] 84dea587-2454-4934-bb23-4c8ed0cfeefa: MM tag refers to bases beyond sequence length
[W::bam_next_basemod] MM tag refers to bases beyond sequence length
[W::hts_idx_load3] The index file is older than the data file: /bip7_disk/pingting114/mixed_bam/COLO829_PAO/TF1e-2_25x/TF1e-2_25x.rep2.bam.bai
[W::hts_idx_load3] The index file is older than the data file: /bip7_disk/pingting114/mixed_bam/COLO829_PAO/TF1e-2_25x/TF1e-2_25x.rep2.bam.bai
[W::hts_idx_load3] The index file is older than the data file: /bip7_disk/pingting114/mixed_bam/COLO829_PAO/TF1e-2_25x/TF1e-2_25x.rep2.bam.bai
[W::hts_idx_load3] The index file is older than the data file: /bip7_disk/pingting114/mixed_bam/COLO829_PAO/TF1e-2_25x/TF1e-2_25x.rep2.bam.bai
[W::hts_idx_load3] The index file is older than the data file: /bip7_disk/pingting114/mixed_bam/COLO829_PAO/TF1e-2_25x/TF1e-2_25x.rep2.bam.bai
[W::hts_idx_load3] The index file is older than the data file: /bip7_disk/pingting114/mixed_bam/COLO829_PAO/TF1e-2_25x/TF1e-2_25x.rep2.bam.bai
[W::hts_idx_load3] The index file is older than the data file: /bip7_disk/pingting114/mixed_bam/COLO829_PAO/TF1e-2_25x/TF1e-2_25x.rep2.bam.bai
[E::bam_parse_basemod2] 3ce68c72-7af4-42fa-8106-793a2a0acf51: MM tag refers to bases beyond sequence length
[W::hts_idx_load3] The index file is older than the data file: /bip7_disk/pingting114/mixed_bam/COLO829_PAO/TF1e-2_25x/TF1e-2_25x.rep2.bam.bai
[W::bam_next_basemod] MM tag refers to bases beyond sequence length
[W::hts_idx_load3] The index file is older than the data file: /bip7_disk/pingting114/mixed_bam/COLO829_PAO/TF1e-2_25x/TF1e-2_25x.rep2.bam.bai
[W::hts_idx_load3] The index file is older than the data file: /bip7_disk/pingting114/mixed_bam/COLO829_PAO/TF1e-2_25x/TF1e-2_25x.rep2.bam.bai
[W::hts_idx_load3] The index file is older than the data file: /bip7_disk/pingting114/mixed_bam/COLO829_PAO/TF1e-2_25x/TF1e-2_25x.rep2.bam.bai
[W::hts_idx_load3] The index file is older than the data file: /bip7_disk/pingting114/mixed_bam/COLO829_PAO/TF1e-2_25x/TF1e-2_25x.rep2.bam.bai
[W::hts_idx_load3] The index file is older than the data file: /bip7_disk/pingting114/mixed_bam/COLO829_PAO/TF1e-2_25x/TF1e-2_25x.rep2.bam.bai
[W::hts_idx_load3] The index file is older than the data file: /bip7_disk/pingting114/mixed_bam/COLO829_PAO/TF1e-2_25x/TF1e-2_25x.rep2.bam.bai
[W::hts_idx_load3] The index file is older than the data file: /bip7_disk/pingting114/mixed_bam/COLO829_PAO/TF1e-2_25x/TF1e-2_25x.rep2.bam.bai
[W::hts_idx_load3] The index file is older than the data file: /bip7_disk/pingting114/mixed_bam/COLO829_PAO/TF1e-2_25x/TF1e-2_25x.rep2.bam.bai
[W::bam_next_basemod] MM tag refers to bases beyond sequence length
[W::hts_idx_load3] The index file is older than the data file: /bip7_disk/pingting114/mixed_bam/COLO829_PAO/TF1e-2_25x/TF1e-2_25x.rep2.bam.bai
[W::hts_idx_load3] The index file is older than the data file: /bip7_disk/pingting114/mixed_bam/COLO829_PAO/TF1e-2_25x/TF1e-2_25x.rep2.bam.bai
[W::bam_next_basemod] MM tag refers to bases beyond sequence length
[W::hts_idx_load3] The index file is older than the data file: /bip7_disk/pingting114/mixed_bam/COLO829_PAO/TF1e-2_25x/TF1e-2_25x.rep2.bam.bai
[W::hts_idx_load3] The index file is older than the data file: /bip7_disk/pingting114/mixed_bam/COLO829_PAO/TF1e-2_25x/TF1e-2_25x.rep2.bam.bai
[W::hts_idx_load3] The index file is older than the data file: /bip7_disk/pingting114/mixed_bam/COLO829_PAO/TF1e-2_25x/TF1e-2_25x.rep2.bam.bai
[W::hts_idx_load3] The index file is older than the data file: /bip7_disk/pingting114/mixed_bam/COLO829_PAO/TF1e-2_25x/TF1e-2_25x.rep2.bam.bai
[W::hts_idx_load3] The index file is older than the data file: /bip7_disk/pingting114/mixed_bam/COLO829_PAO/TF1e-2_25x/TF1e-2_25x.rep2.bam.bai
[W::hts_idx_load3] The index file is older than the data file: /bip7_disk/pingting114/mixed_bam/COLO829_PAO/TF1e-2_25x/TF1e-2_25x.rep2.bam.bai
[W::hts_idx_load3] The index file is older than the data file: /bip7_disk/pingting114/mixed_bam/COLO829_PAO/TF1e-2_25x/TF1e-2_25x.rep2.bam.bai
[W::bam_next_basemod] MM tag refers to bases beyond sequence length
[W::hts_idx_load3] The index file is older than the data file: /bip7_disk/pingting114/mixed_bam/COLO829_PAO/TF1e-2_25x/TF1e-2_25x.rep2.bam.bai
[W::hts_idx_load3] The index file is older than the data file: /bip7_disk/pingting114/mixed_bam/COLO829_PAO/TF1e-2_25x/TF1e-2_25x.rep2.bam.bai
[W::hts_idx_load3] The index file is older than the data file: /bip7_disk/pingting114/mixed_bam/COLO829_PAO/TF1e-2_25x/TF1e-2_25x.rep2.bam.bai
[W::hts_idx_load3] The index file is older than the data file: /bip7_disk/pingting114/mixed_bam/COLO829_PAO/TF1e-2_25x/TF1e-2_25x.rep2.bam.bai
[W::hts_idx_load3] The index file is older than the data file: /bip7_disk/pingting114/mixed_bam/COLO829_PAO/TF1e-2_25x/TF1e-2_25x.rep2.bam.bai
[W::bam_next_basemod] MM tag refers to bases beyond sequence length
[W::hts_idx_load3] The index file is older than the data file: /bip7_disk/pingting114/mixed_bam/COLO829_PAO/TF1e-2_25x/TF1e-2_25x.rep2.bam.bai
[W::hts_idx_load3] The index file is older than the data file: /bip7_disk/pingting114/mixed_bam/COLO829_PAO/TF1e-2_25x/TF1e-2_25x.rep2.bam.bai
[W::hts_idx_load3] The index file is older than the data file: /bip7_disk/pingting114/mixed_bam/COLO829_PAO/TF1e-2_25x/TF1e-2_25x.rep2.bam.bai
[W::hts_idx_load3] The index file is older than the data file: /bip7_disk/pingting114/mixed_bam/COLO829_PAO/TF1e-2_25x/TF1e-2_25x.rep2.bam.bai
[W::hts_idx_load3] The index file is older than the data file: /bip7_disk/pingting114/mixed_bam/COLO829_PAO/TF1e-2_25x/TF1e-2_25x.rep2.bam.bai
[W::hts_idx_load3] The index file is older than the data file: /bip7_disk/pingting114/mixed_bam/COLO829_PAO/TF1e-2_25x/TF1e-2_25x.rep2.bam.bai
[W::hts_idx_load3] The index file is older than the data file: /bip7_disk/pingting114/mixed_bam/COLO829_PAO/TF1e-2_25x/TF1e-2_25x.rep2.bam.bai
[W::hts_idx_load3] The index file is older than the data file: /bip7_disk/pingting114/mixed_bam/COLO829_PAO/TF1e-2_25x/TF1e-2_25x.rep2.bam.bai
[W::bam_next_basemod] MM tag refers to bases beyond sequence length
[E::bam_parse_basemod2] 9005c0e6-d397-41bc-9bfd-d54da9e84406: MM tag refers to bases beyond sequence length
[W::hts_idx_load3] The index file is older than the data file: /bip7_disk/pingting114/mixed_bam/COLO829_PAO/TF1e-2_25x/TF1e-2_25x.rep2.bam.bai
[E::bam_parse_basemod2] e818efed-9371-475d-810d-612390d39cde: MM tag refers to bases beyond sequence length
[W::bam_next_basemod] MM tag refers to bases beyond sequence length
[W::hts_idx_load3] The index file is older than the data file: /bip7_disk/pingting114/mixed_bam/COLO829_PAO/TF1e-2_25x/TF1e-2_25x.rep2.bam.bai
[W::hts_idx_load3] The index file is older than the data file: /bip7_disk/pingting114/mixed_bam/COLO829_PAO/TF1e-2_25x/TF1e-2_25x.rep2.bam.bai
[W::bam_next_basemod] MM tag refers to bases beyond sequence length
[E::bam_parse_basemod2] 84b31ed3-f860-46b9-9954-53514e3eb06b: MM tag refers to bases beyond sequence length
[W::hts_idx_load3] The index file is older than the data file: /bip7_disk/pingting114/mixed_bam/COLO829_PAO/TF1e-2_25x/TF1e-2_25x.rep2.bam.bai
[W::hts_idx_load3] The index file is older than the data file: /bip7_disk/pingting114/mixed_bam/COLO829_PAO/TF1e-2_25x/TF1e-2_25x.rep2.bam.bai
[W::hts_idx_load3] The index file is older than the data file: /bip7_disk/pingting114/mixed_bam/COLO829_PAO/TF1e-2_25x/TF1e-2_25x.rep2.bam.bai
[W::hts_idx_load3] The index file is older than the data file: /bip7_disk/pingting114/mixed_bam/COLO829_PAO/TF1e-2_25x/TF1e-2_25x.rep2.bam.bai
[W::hts_idx_load3] The index file is older than the data file: /bip7_disk/pingting114/mixed_bam/COLO829_PAO/TF1e-2_25x/TF1e-2_25x.rep2.bam.bai
[W::hts_idx_load3] The index file is older than the data file: /bip7_disk/pingting114/mixed_bam/COLO829_PAO/TF1e-2_25x/TF1e-2_25x.rep2.bam.bai
[W::hts_idx_load3] The index file is older than the data file: /bip7_disk/pingting114/mixed_bam/COLO829_PAO/TF1e-2_25x/TF1e-2_25x.rep2.bam.bai
[W::hts_idx_load3] The index file is older than the data file: /bip7_disk/pingting114/mixed_bam/COLO829_PAO/TF1e-2_25x/TF1e-2_25x.rep2.bam.bai
[W::hts_idx_load3] The index file is older than the data file: /bip7_disk/pingting114/mixed_bam/COLO829_PAO/TF1e-2_25x/TF1e-2_25x.rep2.bam.bai
[W::hts_idx_load3] The index file is older than the data file: /bip7_disk/pingting114/mixed_bam/COLO829_PAO/TF1e-2_25x/TF1e-2_25x.rep2.bam.bai
[W::hts_idx_load3] The index file is older than the data file: /bip7_disk/pingting114/mixed_bam/COLO829_PAO/TF1e-2_25x/TF1e-2_25x.rep2.bam.bai
[W::hts_idx_load3] The index file is older than the data file: /bip7_disk/pingting114/mixed_bam/COLO829_PAO/TF1e-2_25x/TF1e-2_25x.rep2.bam.bai
[W::hts_idx_load3] The index file is older than the data file: /bip7_disk/pingting114/mixed_bam/COLO829_PAO/TF1e-2_25x/TF1e-2_25x.rep2.bam.bai
[W::bam_next_basemod] MM tag refers to bases beyond sequence length
[W::hts_idx_load3] The index file is older than the data file: /bip7_disk/pingting114/mixed_bam/COLO829_PAO/TF1e-2_25x/TF1e-2_25x.rep2.bam.bai
[W::bam_next_basemod] MM tag refers to bases beyond sequence length
[W::hts_idx_load3] The index file is older than the data file: /bip7_disk/pingting114/mixed_bam/COLO829_PAO/TF1e-2_25x/TF1e-2_25x.rep2.bam.bai
[W::hts_idx_load3] The index file is older than the data file: /bip7_disk/pingting114/mixed_bam/COLO829_PAO/TF1e-2_25x/TF1e-2_25x.rep2.bam.bai
[E::bam_parse_basemod2] 3a0b3881-52f1-4859-bf03-87a2bb40876f: MM tag refers to bases beyond sequence length
[W::hts_idx_load3] The index file is older than the data file: /bip7_disk/pingting114/mixed_bam/COLO829_PAO/TF1e-2_25x/TF1e-2_25x.rep2.bam.bai
[W::bam_next_basemod] MM tag refers to bases beyond sequence length
[W::hts_idx_load3] The index file is older than the data file: /bip7_disk/pingting114/mixed_bam/COLO829_PAO/TF1e-2_25x/TF1e-2_25x.rep2.bam.bai
[W::hts_idx_load3] The index file is older than the data file: /bip7_disk/pingting114/mixed_bam/COLO829_PAO/TF1e-2_25x/TF1e-2_25x.rep2.bam.bai
[W::hts_idx_load3] The index file is older than the data file: /bip7_disk/pingting114/mixed_bam/COLO829_PAO/TF1e-2_25x/TF1e-2_25x.rep2.bam.bai
[W::bam_next_basemod] MM tag refers to bases beyond sequence length
[W::hts_idx_load3] The index file is older than the data file: /bip7_disk/pingting114/mixed_bam/COLO829_PAO/TF1e-2_25x/TF1e-2_25x.rep2.bam.bai
[E::bam_parse_basemod2] 7a9e4ecd-80a6-4228-941f-b887d8a73cd6: MM tag refers to bases beyond sequence length
[W::hts_idx_load3] The index file is older than the data file: /bip7_disk/pingting114/mixed_bam/COLO829_PAO/TF1e-2_25x/TF1e-2_25x.rep2.bam.bai
[W::hts_idx_load3] The index file is older than the data file: /bip7_disk/pingting114/mixed_bam/COLO829_PAO/TF1e-2_25x/TF1e-2_25x.rep2.bam.bai
[W::hts_idx_load3] The index file is older than the data file: /bip7_disk/pingting114/mixed_bam/COLO829_PAO/TF1e-2_25x/TF1e-2_25x.rep2.bam.bai
[W::bam_next_basemod] MM tag refers to bases beyond sequence length
[W::hts_idx_load3] The index file is older than the data file: /bip7_disk/pingting114/mixed_bam/COLO829_PAO/TF1e-2_25x/TF1e-2_25x.rep2.bam.bai
[W::hts_idx_load3] The index file is older than the data file: /bip7_disk/pingting114/mixed_bam/COLO829_PAO/TF1e-2_25x/TF1e-2_25x.rep2.bam.bai
[W::hts_idx_load3] The index file is older than the data file: /bip7_disk/pingting114/mixed_bam/COLO829_PAO/TF1e-2_25x/TF1e-2_25x.rep2.bam.bai
[W::hts_idx_load3] The index file is older than the data file: /bip7_disk/pingting114/mixed_bam/COLO829_PAO/TF1e-2_25x/TF1e-2_25x.rep2.bam.bai
[W::bam_next_basemod] MM tag refers to bases beyond sequence length
[W::hts_idx_load3] The index file is older than the data file: /bip7_disk/pingting114/mixed_bam/COLO829_PAO/TF1e-2_25x/TF1e-2_25x.rep2.bam.bai
[E::bam_parse_basemod2] 8b3bd841-9c7f-40e2-ad8a-6cdfa5151496: MM tag refers to bases beyond sequence length
[W::hts_idx_load3] The index file is older than the data file: /bip7_disk/pingting114/mixed_bam/COLO829_PAO/TF1e-2_25x/TF1e-2_25x.rep2.bam.bai
[E::bam_parse_basemod2] 81e153b5-e776-409e-a932-c8b3a8a79942: MM tag refers to bases beyond sequence length
[W::hts_idx_load3] The index file is older than the data file: /bip7_disk/pingting114/mixed_bam/COLO829_PAO/TF1e-2_25x/TF1e-2_25x.rep2.bam.bai
[W::bam_next_basemod] MM tag refers to bases beyond sequence length
[W::hts_idx_load3] The index file is older than the data file: /bip7_disk/pingting114/mixed_bam/COLO829_PAO/TF1e-2_25x/TF1e-2_25x.rep2.bam.bai
[W::hts_idx_load3] The index file is older than the data file: /bip7_disk/pingting114/mixed_bam/COLO829_PAO/TF1e-2_25x/TF1e-2_25x.rep2.bam.bai
[W::hts_idx_load3] The index file is older than the data file: /bip7_disk/pingting114/mixed_bam/COLO829_PAO/TF1e-2_25x/TF1e-2_25x.rep2.bam.bai
[W::bam_next_basemod] MM tag refers to bases beyond sequence length
[W::hts_idx_load3] The index file is older than the data file: /bip7_disk/pingting114/mixed_bam/COLO829_PAO/TF1e-2_25x/TF1e-2_25x.rep2.bam.bai
[W::hts_idx_load3] The index file is older than the data file: /bip7_disk/pingting114/mixed_bam/COLO829_PAO/TF1e-2_25x/TF1e-2_25x.rep2.bam.bai
[E::bam_parse_basemod2] 5daf3d4a-0069-4db6-a06e-288c60ad9861: MM tag refers to bases beyond sequence length
[W::hts_idx_load3] The index file is older than the data file: /bip7_disk/pingting114/mixed_bam/COLO829_PAO/TF1e-2_25x/TF1e-2_25x.rep2.bam.bai
[W::hts_idx_load3] The index file is older than the data file: /bip7_disk/pingting114/mixed_bam/COLO829_PAO/TF1e-2_25x/TF1e-2_25x.rep2.bam.bai
[W::hts_idx_load3] The index file is older than the data file: /bip7_disk/pingting114/mixed_bam/COLO829_PAO/TF1e-2_25x/TF1e-2_25x.rep2.bam.bai
[W::hts_idx_load3] The index file is older than the data file: /bip7_disk/pingting114/mixed_bam/COLO829_PAO/TF1e-2_25x/TF1e-2_25x.rep2.bam.bai
[W::hts_idx_load3] The index file is older than the data file: /bip7_disk/pingting114/mixed_bam/COLO829_PAO/TF1e-2_25x/TF1e-2_25x.rep2.bam.bai
[W::hts_idx_load3] The index file is older than the data file: /bip7_disk/pingting114/mixed_bam/COLO829_PAO/TF1e-2_25x/TF1e-2_25x.rep2.bam.bai
[W::hts_idx_load3] The index file is older than the data file: /bip7_disk/pingting114/mixed_bam/COLO829_PAO/TF1e-2_25x/TF1e-2_25x.rep2.bam.bai
[W::hts_idx_load3] The index file is older than the data file: /bip7_disk/pingting114/mixed_bam/COLO829_PAO/TF1e-2_25x/TF1e-2_25x.rep2.bam.bai
[W::hts_idx_load3] The index file is older than the data file: /bip7_disk/pingting114/mixed_bam/COLO829_PAO/TF1e-2_25x/TF1e-2_25x.rep2.bam.bai
[W::hts_idx_load3] The index file is older than the data file: /bip7_disk/pingting114/mixed_bam/COLO829_PAO/TF1e-2_25x/TF1e-2_25x.rep2.bam.bai
[W::bam_next_basemod] MM tag refers to bases beyond sequence length
[W::hts_idx_load3] The index file is older than the data file: /bip7_disk/pingting114/mixed_bam/COLO829_PAO/TF1e-2_25x/TF1e-2_25x.rep2.bam.bai
[W::hts_idx_load3] The index file is older than the data file: /bip7_disk/pingting114/mixed_bam/COLO829_PAO/TF1e-2_25x/TF1e-2_25x.rep2.bam.bai
[W::hts_idx_load3] The index file is older than the data file: /bip7_disk/pingting114/mixed_bam/COLO829_PAO/TF1e-2_25x/TF1e-2_25x.rep2.bam.bai
[W::hts_idx_load3] The index file is older than the data file: /bip7_disk/pingting114/mixed_bam/COLO829_PAO/TF1e-2_25x/TF1e-2_25x.rep2.bam.bai
[W::hts_idx_load3] The index file is older than the data file: /bip7_disk/pingting114/mixed_bam/COLO829_PAO/TF1e-2_25x/TF1e-2_25x.rep2.bam.bai
[W::hts_idx_load3] The index file is older than the data file: /bip7_disk/pingting114/mixed_bam/COLO829_PAO/TF1e-2_25x/TF1e-2_25x.rep2.bam.bai
[W::hts_idx_load3] The index file is older than the data file: /bip7_disk/pingting114/mixed_bam/COLO829_PAO/TF1e-2_25x/TF1e-2_25x.rep2.bam.bai
[W::hts_idx_load3] The index file is older than the data file: /bip7_disk/pingting114/mixed_bam/COLO829_PAO/TF1e-2_25x/TF1e-2_25x.rep2.bam.bai
[E::bam_parse_basemod2] 95894277-b524-4bb5-88d9-c172b4405406: MM tag refers to bases beyond sequence length
[W::hts_idx_load3] The index file is older than the data file: /bip7_disk/pingting114/mixed_bam/COLO829_PAO/TF1e-2_25x/TF1e-2_25x.rep2.bam.bai
[E::bam_parse_basemod2] 335ca0ba-740a-4e5c-bbf3-548fc53cec00: MM tag refers to bases beyond sequence length
[W::hts_idx_load3] The index file is older than the data file: /bip7_disk/pingting114/mixed_bam/COLO829_PAO/TF1e-2_25x/TF1e-2_25x.rep2.bam.bai
[W::hts_idx_load3] The index file is older than the data file: /bip7_disk/pingting114/mixed_bam/COLO829_PAO/TF1e-2_25x/TF1e-2_25x.rep2.bam.bai
[W::hts_idx_load3] The index file is older than the data file: /bip7_disk/pingting114/mixed_bam/COLO829_PAO/TF1e-2_25x/TF1e-2_25x.rep2.bam.bai
[W::hts_idx_load3] The index file is older than the data file: /bip7_disk/pingting114/mixed_bam/COLO829_PAO/TF1e-2_25x/TF1e-2_25x.rep2.bam.bai
[W::hts_idx_load3] The index file is older than the data file: /bip7_disk/pingting114/mixed_bam/COLO829_PAO/TF1e-2_25x/TF1e-2_25x.rep2.bam.bai
[W::hts_idx_load3] The index file is older than the data file: /bip7_disk/pingting114/mixed_bam/COLO829_PAO/TF1e-2_25x/TF1e-2_25x.rep2.bam.bai
[W::hts_idx_load3] The index file is older than the data file: /bip7_disk/pingting114/mixed_bam/COLO829_PAO/TF1e-2_25x/TF1e-2_25x.rep2.bam.bai
[W::hts_idx_load3] The index file is older than the data file: /bip7_disk/pingting114/mixed_bam/COLO829_PAO/TF1e-2_25x/TF1e-2_25x.rep2.bam.bai
[W::hts_idx_load3] The index file is older than the data file: /bip7_disk/pingting114/mixed_bam/COLO829_PAO/TF1e-2_25x/TF1e-2_25x.rep2.bam.bai
[W::bam_next_basemod] MM tag refers to bases beyond sequence length
[E::bam_parse_basemod2] b4fb4b0c-f302-430c-8901-5d1d64acc333: MM tag refers to bases beyond sequence length
[W::hts_idx_load3] The index file is older than the data file: /bip7_disk/pingting114/mixed_bam/COLO829_PAO/TF1e-2_25x/TF1e-2_25x.rep2.bam.bai
[W::hts_idx_load3] The index file is older than the data file: /bip7_disk/pingting114/mixed_bam/COLO829_PAO/TF1e-2_25x/TF1e-2_25x.rep2.bam.bai
[W::hts_idx_load3] The index file is older than the data file: /bip7_disk/pingting114/mixed_bam/COLO829_PAO/TF1e-2_25x/TF1e-2_25x.rep2.bam.bai
[W::hts_idx_load3] The index file is older than the data file: /bip7_disk/pingting114/mixed_bam/COLO829_PAO/TF1e-2_25x/TF1e-2_25x.rep2.bam.bai
[W::hts_idx_load3] The index file is older than the data file: /bip7_disk/pingting114/mixed_bam/COLO829_PAO/TF1e-2_25x/TF1e-2_25x.rep2.bam.bai
[W::hts_idx_load3] The index file is older than the data file: /bip7_disk/pingting114/mixed_bam/COLO829_PAO/TF1e-2_25x/TF1e-2_25x.rep2.bam.bai
[W::bam_next_basemod] MM tag refers to bases beyond sequence length
[W::hts_idx_load3] The index file is older than the data file: /bip7_disk/pingting114/mixed_bam/COLO829_PAO/TF1e-2_25x/TF1e-2_25x.rep2.bam.bai
[W::bam_next_basemod] MM tag refers to bases beyond sequence length
[W::hts_idx_load3] The index file is older than the data file: /bip7_disk/pingting114/mixed_bam/COLO829_PAO/TF1e-2_25x/TF1e-2_25x.rep2.bam.bai
[W::hts_idx_load3] The index file is older than the data file: /bip7_disk/pingting114/mixed_bam/COLO829_PAO/TF1e-2_25x/TF1e-2_25x.rep2.bam.bai
[W::hts_idx_load3] The index file is older than the data file: /bip7_disk/pingting114/mixed_bam/COLO829_PAO/TF1e-2_25x/TF1e-2_25x.rep2.bam.bai
[W::hts_idx_load3] The index file is older than the data file: /bip7_disk/pingting114/mixed_bam/COLO829_PAO/TF1e-2_25x/TF1e-2_25x.rep2.bam.bai
[W::bam_next_basemod] MM tag refers to bases beyond sequence length
[W::bam_next_basemod] MM tag refers to bases beyond sequence length
[W::hts_idx_load3] The index file is older than the data file: /bip7_disk/pingting114/mixed_bam/COLO829_PAO/TF1e-2_25x/TF1e-2_25x.rep2.bam.bai
[W::bam_next_basemod] MM tag refers to bases beyond sequence length
[E::bam_parse_basemod2] 59208bf2-c52e-415f-921d-f5e3d938b290: MM tag refers to bases beyond sequence length
[W::hts_idx_load3] The index file is older than the data file: /bip7_disk/pingting114/mixed_bam/COLO829_PAO/TF1e-2_25x/TF1e-2_25x.rep2.bam.bai
[W::hts_idx_load3] The index file is older than the data file: /bip7_disk/pingting114/mixed_bam/COLO829_PAO/TF1e-2_25x/TF1e-2_25x.rep2.bam.bai
[W::hts_idx_load3] The index file is older than the data file: /bip7_disk/pingting114/mixed_bam/COLO829_PAO/TF1e-2_25x/TF1e-2_25x.rep2.bam.bai
[W::hts_idx_load3] The index file is older than the data file: /bip7_disk/pingting114/mixed_bam/COLO829_PAO/TF1e-2_25x/TF1e-2_25x.rep2.bam.bai
[E::bam_parse_basemod2] cb0ace37-8ece-4ec2-8394-37babec94000: MM tag refers to bases beyond sequence length
[W::hts_idx_load3] The index file is older than the data file: /bip7_disk/pingting114/mixed_bam/COLO829_PAO/TF1e-2_25x/TF1e-2_25x.rep2.bam.bai
[W::hts_idx_load3] The index file is older than the data file: /bip7_disk/pingting114/mixed_bam/COLO829_PAO/TF1e-2_25x/TF1e-2_25x.rep2.bam.bai
[W::hts_idx_load3] The index file is older than the data file: /bip7_disk/pingting114/mixed_bam/COLO829_PAO/TF1e-2_25x/TF1e-2_25x.rep2.bam.bai
[E::bam_parse_basemod2] 912c433f-3f52-412a-89d7-2ba69c999756: MM tag refers to bases beyond sequence length
[W::hts_idx_load3] The index file is older than the data file: /bip7_disk/pingting114/mixed_bam/COLO829_PAO/TF1e-2_25x/TF1e-2_25x.rep2.bam.bai
[W::hts_idx_load3] The index file is older than the data file: /bip7_disk/pingting114/mixed_bam/COLO829_PAO/TF1e-2_25x/TF1e-2_25x.rep2.bam.bai
[W::hts_idx_load3] The index file is older than the data file: /bip7_disk/pingting114/mixed_bam/COLO829_PAO/TF1e-2_25x/TF1e-2_25x.rep2.bam.bai
[W::bam_next_basemod] MM tag refers to bases beyond sequence length
[W::hts_idx_load3] The index file is older than the data file: /bip7_disk/pingting114/mixed_bam/COLO829_PAO/TF1e-2_25x/TF1e-2_25x.rep2.bam.bai
[W::hts_idx_load3] The index file is older than the data file: /bip7_disk/pingting114/mixed_bam/COLO829_PAO/TF1e-2_25x/TF1e-2_25x.rep2.bam.bai
[W::hts_idx_load3] The index file is older than the data file: /bip7_disk/pingting114/mixed_bam/COLO829_PAO/TF1e-2_25x/TF1e-2_25x.rep2.bam.bai
[W::bam_next_basemod] MM tag refers to bases beyond sequence length
[W::hts_idx_load3] The index file is older than the data file: /bip7_disk/pingting114/mixed_bam/COLO829_PAO/TF1e-2_25x/TF1e-2_25x.rep2.bam.bai
[W::hts_idx_load3] The index file is older than the data file: /bip7_disk/pingting114/mixed_bam/COLO829_PAO/TF1e-2_25x/TF1e-2_25x.rep2.bam.bai
[W::bam_next_basemod] MM tag refers to bases beyond sequence length
[W::hts_idx_load3] The index file is older than the data file: /bip7_disk/pingting114/mixed_bam/COLO829_PAO/TF1e-2_25x/TF1e-2_25x.rep2.bam.bai
[W::hts_idx_load3] The index file is older than the data file: /bip7_disk/pingting114/mixed_bam/COLO829_PAO/TF1e-2_25x/TF1e-2_25x.rep2.bam.bai
[W::hts_idx_load3] The index file is older than the data file: /bip7_disk/pingting114/mixed_bam/COLO829_PAO/TF1e-2_25x/TF1e-2_25x.rep2.bam.bai
[W::hts_idx_load3] The index file is older than the data file: /bip7_disk/pingting114/mixed_bam/COLO829_PAO/TF1e-2_25x/TF1e-2_25x.rep2.bam.bai
[W::hts_idx_load3] The index file is older than the data file: /bip7_disk/pingting114/mixed_bam/COLO829_PAO/TF1e-2_25x/TF1e-2_25x.rep2.bam.bai
[W::hts_idx_load3] The index file is older than the data file: /bip7_disk/pingting114/mixed_bam/COLO829_PAO/TF1e-2_25x/TF1e-2_25x.rep2.bam.bai
[W::hts_idx_load3] The index file is older than the data file: /bip7_disk/pingting114/mixed_bam/COLO829_PAO/TF1e-2_25x/TF1e-2_25x.rep2.bam.bai
[W::hts_idx_load3] The index file is older than the data file: /bip7_disk/pingting114/mixed_bam/COLO829_PAO/TF1e-2_25x/TF1e-2_25x.rep2.bam.bai
[W::hts_idx_load3] The index file is older than the data file: /bip7_disk/pingting114/mixed_bam/COLO829_PAO/TF1e-2_25x/TF1e-2_25x.rep2.bam.bai
[W::hts_idx_load3] The index file is older than the data file: /bip7_disk/pingting114/mixed_bam/COLO829_PAO/TF1e-2_25x/TF1e-2_25x.rep2.bam.bai
[W::hts_idx_load3] The index file is older than the data file: /bip7_disk/pingting114/mixed_bam/COLO829_PAO/TF1e-2_25x/TF1e-2_25x.rep2.bam.bai
[W::hts_idx_load3] The index file is older than the data file: /bip7_disk/pingting114/mixed_bam/COLO829_PAO/TF1e-2_25x/TF1e-2_25x.rep2.bam.bai
[W::hts_idx_load3] The index file is older than the data file: /bip7_disk/pingting114/mixed_bam/COLO829_PAO/TF1e-2_25x/TF1e-2_25x.rep2.bam.bai
[W::hts_idx_load3] The index file is older than the data file: /bip7_disk/pingting114/mixed_bam/COLO829_PAO/TF1e-2_25x/TF1e-2_25x.rep2.bam.bai
[W::bam_next_basemod] MM tag refers to bases beyond sequence length
[W::hts_idx_load3] The index file is older than the data file: /bip7_disk/pingting114/mixed_bam/COLO829_PAO/TF1e-2_25x/TF1e-2_25x.rep2.bam.bai
[W::hts_idx_load3] The index file is older than the data file: /bip7_disk/pingting114/mixed_bam/COLO829_PAO/TF1e-2_25x/TF1e-2_25x.rep2.bam.bai
[E::bam_parse_basemod2] 4ccdb7d3-6704-4ade-85b4-728ee1aeedb3: MM tag refers to bases beyond sequence length
[W::hts_idx_load3] The index file is older than the data file: /bip7_disk/pingting114/mixed_bam/COLO829_PAO/TF1e-2_25x/TF1e-2_25x.rep2.bam.bai
[W::bam_next_basemod] MM tag refers to bases beyond sequence length
[W::hts_idx_load3] The index file is older than the data file: /bip7_disk/pingting114/mixed_bam/COLO829_PAO/TF1e-2_25x/TF1e-2_25x.rep2.bam.bai
[W::hts_idx_load3] The index file is older than the data file: /bip7_disk/pingting114/mixed_bam/COLO829_PAO/TF1e-2_25x/TF1e-2_25x.rep2.bam.bai
[E::bam_parse_basemod2] 14118af2-7b11-4ad4-b087-1600b1846f08: MM tag refers to bases beyond sequence length
[W::hts_idx_load3] The index file is older than the data file: /bip7_disk/pingting114/mixed_bam/COLO829_PAO/TF1e-2_25x/TF1e-2_25x.rep2.bam.bai
[W::hts_idx_load3] The index file is older than the data file: /bip7_disk/pingting114/mixed_bam/COLO829_PAO/TF1e-2_25x/TF1e-2_25x.rep2.bam.bai
[E::bam_parse_basemod2] e5461a47-1a09-4db9-a9b5-f7d2bea76129: MM tag refers to bases beyond sequence length
[W::hts_idx_load3] The index file is older than the data file: /bip7_disk/pingting114/mixed_bam/COLO829_PAO/TF1e-2_25x/TF1e-2_25x.rep2.bam.bai
[E::bam_parse_basemod2] 0389439d-37ea-432f-969d-74429230fa4f: MM tag refers to bases beyond sequence length
[W::hts_idx_load3] The index file is older than the data file: /bip7_disk/pingting114/mixed_bam/COLO829_PAO/TF1e-2_25x/TF1e-2_25x.rep2.bam.bai
[E::bam_parse_basemod2] 5dffa1e4-720c-4a07-ad75-1bfd4cf0e70d: MM tag refers to bases beyond sequence length
[W::hts_idx_load3] The index file is older than the data file: /bip7_disk/pingting114/mixed_bam/COLO829_PAO/TF1e-2_25x/TF1e-2_25x.rep2.bam.bai
[W::hts_idx_load3] The index file is older than the data file: /bip7_disk/pingting114/mixed_bam/COLO829_PAO/TF1e-2_25x/TF1e-2_25x.rep2.bam.bai
[W::hts_idx_load3] The index file is older than the data file: /bip7_disk/pingting114/mixed_bam/COLO829_PAO/TF1e-2_25x/TF1e-2_25x.rep2.bam.bai
[W::hts_idx_load3] The index file is older than the data file: /bip7_disk/pingting114/mixed_bam/COLO829_PAO/TF1e-2_25x/TF1e-2_25x.rep2.bam.bai
[E::bam_parse_basemod2] 67edd870-9d1b-4863-bea9-a226ca68e152: MM tag refers to bases beyond sequence length
[W::bam_next_basemod] MM tag refers to bases beyond sequence length
[W::hts_idx_load3] The index file is older than the data file: /bip7_disk/pingting114/mixed_bam/COLO829_PAO/TF1e-2_25x/TF1e-2_25x.rep2.bam.bai
[W::hts_idx_load3] The index file is older than the data file: /bip7_disk/pingting114/mixed_bam/COLO829_PAO/TF1e-2_25x/TF1e-2_25x.rep2.bam.bai
[W::bam_next_basemod] MM tag refers to bases beyond sequence length
[W::hts_idx_load3] The index file is older than the data file: /bip7_disk/pingting114/mixed_bam/COLO829_PAO/TF1e-2_25x/TF1e-2_25x.rep2.bam.bai
[W::hts_idx_load3] The index file is older than the data file: /bip7_disk/pingting114/mixed_bam/COLO829_PAO/TF1e-2_25x/TF1e-2_25x.rep2.bam.bai
[W::hts_idx_load3] The index file is older than the data file: /bip7_disk/pingting114/mixed_bam/COLO829_PAO/TF1e-2_25x/TF1e-2_25x.rep2.bam.bai
[E::bam_parse_basemod2] a03457e8-21e1-40cd-a3c6-84e3c3a6b58b: MM tag refers to bases beyond sequence length
[W::hts_idx_load3] The index file is older than the data file: /bip7_disk/pingting114/mixed_bam/COLO829_PAO/TF1e-2_25x/TF1e-2_25x.rep2.bam.bai
[W::hts_idx_load3] The index file is older than the data file: /bip7_disk/pingting114/mixed_bam/COLO829_PAO/TF1e-2_25x/TF1e-2_25x.rep2.bam.bai
[W::hts_idx_load3] The index file is older than the data file: /bip7_disk/pingting114/mixed_bam/COLO829_PAO/TF1e-2_25x/TF1e-2_25x.rep2.bam.bai
[W::bam_next_basemod] MM tag refers to bases beyond sequence length
[W::hts_idx_load3] The index file is older than the data file: /bip7_disk/pingting114/mixed_bam/COLO829_PAO/TF1e-2_25x/TF1e-2_25x.rep2.bam.bai
[W::bam_next_basemod] MM tag refers to bases beyond sequence length
[W::hts_idx_load3] The index file is older than the data file: /bip7_disk/pingting114/mixed_bam/COLO829_PAO/TF1e-2_25x/TF1e-2_25x.rep2.bam.bai
[W::hts_idx_load3] The index file is older than the data file: /bip7_disk/pingting114/mixed_bam/COLO829_PAO/TF1e-2_25x/TF1e-2_25x.rep2.bam.bai
[W::hts_idx_load3] The index file is older than the data file: /bip7_disk/pingting114/mixed_bam/COLO829_PAO/TF1e-2_25x/TF1e-2_25x.rep2.bam.bai
[W::hts_idx_load3] The index file is older than the data file: /bip7_disk/pingting114/mixed_bam/COLO829_PAO/TF1e-2_25x/TF1e-2_25x.rep2.bam.bai
[W::hts_idx_load3] The index file is older than the data file: /bip7_disk/pingting114/mixed_bam/COLO829_PAO/TF1e-2_25x/TF1e-2_25x.rep2.bam.bai
[E::bam_parse_basemod2] 17160d49-1b7d-4a72-a11e-814f688f3701: MM tag refers to bases beyond sequence length
[W::hts_idx_load3] The index file is older than the data file: /bip7_disk/pingting114/mixed_bam/COLO829_PAO/TF1e-2_25x/TF1e-2_25x.rep2.bam.bai
[W::bam_next_basemod] MM tag refers to bases beyond sequence length
[W::bam_next_basemod] MM tag refers to bases beyond sequence length
[W::hts_idx_load3] The index file is older than the data file: /bip7_disk/pingting114/mixed_bam/COLO829_PAO/TF1e-2_25x/TF1e-2_25x.rep2.bam.bai
[W::hts_idx_load3] The index file is older than the data file: /bip7_disk/pingting114/mixed_bam/COLO829_PAO/TF1e-2_25x/TF1e-2_25x.rep2.bam.bai
[E::bam_parse_basemod2] e65a0280-af63-418c-a731-98aed7727ada: MM tag refers to bases beyond sequence length
[W::hts_idx_load3] The index file is older than the data file: /bip7_disk/pingting114/mixed_bam/COLO829_PAO/TF1e-2_25x/TF1e-2_25x.rep2.bam.bai
[W::bam_next_basemod] MM tag refers to bases beyond sequence length
[W::hts_idx_load3] The index file is older than the data file: /bip7_disk/pingting114/mixed_bam/COLO829_PAO/TF1e-2_25x/TF1e-2_25x.rep2.bam.bai
[W::hts_idx_load3] The index file is older than the data file: /bip7_disk/pingting114/mixed_bam/COLO829_PAO/TF1e-2_25x/TF1e-2_25x.rep2.bam.bai
[W::bam_next_basemod] MM tag refers to bases beyond sequence length
[W::hts_idx_load3] The index file is older than the data file: /bip7_disk/pingting114/mixed_bam/COLO829_PAO/TF1e-2_25x/TF1e-2_25x.rep2.bam.bai
[W::hts_idx_load3] The index file is older than the data file: /bip7_disk/pingting114/mixed_bam/COLO829_PAO/TF1e-2_25x/TF1e-2_25x.rep2.bam.bai
[W::hts_idx_load3] The index file is older than the data file: /bip7_disk/pingting114/mixed_bam/COLO829_PAO/TF1e-2_25x/TF1e-2_25x.rep2.bam.bai
[W::hts_idx_load3] The index file is older than the data file: /bip7_disk/pingting114/mixed_bam/COLO829_PAO/TF1e-2_25x/TF1e-2_25x.rep2.bam.bai
[W::bam_next_basemod] MM tag refers to bases beyond sequence length
[W::hts_idx_load3] The index file is older than the data file: /bip7_disk/pingting114/mixed_bam/COLO829_PAO/TF1e-2_25x/TF1e-2_25x.rep2.bam.bai
[W::hts_idx_load3] The index file is older than the data file: /bip7_disk/pingting114/mixed_bam/COLO829_PAO/TF1e-2_25x/TF1e-2_25x.rep2.bam.bai
[W::hts_idx_load3] The index file is older than the data file: /bip7_disk/pingting114/mixed_bam/COLO829_PAO/TF1e-2_25x/TF1e-2_25x.rep2.bam.bai
[W::hts_idx_load3] The index file is older than the data file: /bip7_disk/pingting114/mixed_bam/COLO829_PAO/TF1e-2_25x/TF1e-2_25x.rep2.bam.bai
[W::hts_idx_load3] The index file is older than the data file: /bip7_disk/pingting114/mixed_bam/COLO829_PAO/TF1e-2_25x/TF1e-2_25x.rep2.bam.bai
[W::hts_idx_load3] The index file is older than the data file: /bip7_disk/pingting114/mixed_bam/COLO829_PAO/TF1e-2_25x/TF1e-2_25x.rep2.bam.bai
[W::hts_idx_load3] The index file is older than the data file: /bip7_disk/pingting114/mixed_bam/COLO829_PAO/TF1e-2_25x/TF1e-2_25x.rep2.bam.bai
[W::bam_next_basemod] MM tag refers to bases beyond sequence length
[W::bam_next_basemod] MM tag refers to bases beyond sequence length
[W::hts_idx_load3] The index file is older than the data file: /bip7_disk/pingting114/mixed_bam/COLO829_PAO/TF1e-2_25x/TF1e-2_25x.rep2.bam.bai
[W::hts_idx_load3] The index file is older than the data file: /bip7_disk/pingting114/mixed_bam/COLO829_PAO/TF1e-2_25x/TF1e-2_25x.rep2.bam.bai
[W::hts_idx_load3] The index file is older than the data file: /bip7_disk/pingting114/mixed_bam/COLO829_PAO/TF1e-2_25x/TF1e-2_25x.rep2.bam.bai
[W::hts_idx_load3] The index file is older than the data file: /bip7_disk/pingting114/mixed_bam/COLO829_PAO/TF1e-2_25x/TF1e-2_25x.rep2.bam.bai
[W::hts_idx_load3] The index file is older than the data file: /bip7_disk/pingting114/mixed_bam/COLO829_PAO/TF1e-2_25x/TF1e-2_25x.rep2.bam.bai
[W::bam_next_basemod] MM tag refers to bases beyond sequence length
[W::hts_idx_load3] The index file is older than the data file: /bip7_disk/pingting114/mixed_bam/COLO829_PAO/TF1e-2_25x/TF1e-2_25x.rep2.bam.bai
[W::hts_idx_load3] The index file is older than the data file: /bip7_disk/pingting114/mixed_bam/COLO829_PAO/TF1e-2_25x/TF1e-2_25x.rep2.bam.bai
[W::hts_idx_load3] The index file is older than the data file: /bip7_disk/pingting114/mixed_bam/COLO829_PAO/TF1e-2_25x/TF1e-2_25x.rep2.bam.bai
[W::hts_idx_load3] The index file is older than the data file: /bip7_disk/pingting114/mixed_bam/COLO829_PAO/TF1e-2_25x/TF1e-2_25x.rep2.bam.bai
[E::bam_parse_basemod2] f358e432-9252-44ad-8af6-cb1272431f70: MM tag refers to bases beyond sequence length
[W::hts_idx_load3] The index file is older than the data file: /bip7_disk/pingting114/mixed_bam/COLO829_PAO/TF1e-2_25x/TF1e-2_25x.rep2.bam.bai
[W::hts_idx_load3] The index file is older than the data file: /bip7_disk/pingting114/mixed_bam/COLO829_PAO/TF1e-2_25x/TF1e-2_25x.rep2.bam.bai
[W::hts_idx_load3] The index file is older than the data file: /bip7_disk/pingting114/mixed_bam/COLO829_PAO/TF1e-2_25x/TF1e-2_25x.rep2.bam.bai
[W::hts_idx_load3] The index file is older than the data file: /bip7_disk/pingting114/mixed_bam/COLO829_PAO/TF1e-2_25x/TF1e-2_25x.rep2.bam.bai
[W::hts_idx_load3] The index file is older than the data file: /bip7_disk/pingting114/mixed_bam/COLO829_PAO/TF1e-2_25x/TF1e-2_25x.rep2.bam.bai
[W::hts_idx_load3] The index file is older than the data file: /bip7_disk/pingting114/mixed_bam/COLO829_PAO/TF1e-2_25x/TF1e-2_25x.rep2.bam.bai
[W::hts_idx_load3] The index file is older than the data file: /bip7_disk/pingting114/mixed_bam/COLO829_PAO/TF1e-2_25x/TF1e-2_25x.rep2.bam.bai
[W::hts_idx_load3] The index file is older than the data file: /bip7_disk/pingting114/mixed_bam/COLO829_PAO/TF1e-2_25x/TF1e-2_25x.rep2.bam.bai
[W::hts_idx_load3] The index file is older than the data file: /bip7_disk/pingting114/mixed_bam/COLO829_PAO/TF1e-2_25x/TF1e-2_25x.rep2.bam.bai
[W::bam_next_basemod] MM tag refers to bases beyond sequence length
[W::hts_idx_load3] The index file is older than the data file: /bip7_disk/pingting114/mixed_bam/COLO829_PAO/TF1e-2_25x/TF1e-2_25x.rep2.bam.bai
[W::hts_idx_load3] The index file is older than the data file: /bip7_disk/pingting114/mixed_bam/COLO829_PAO/TF1e-2_25x/TF1e-2_25x.rep2.bam.bai
[W::hts_idx_load3] The index file is older than the data file: /bip7_disk/pingting114/mixed_bam/COLO829_PAO/TF1e-2_25x/TF1e-2_25x.rep2.bam.bai
[W::hts_idx_load3] The index file is older than the data file: /bip7_disk/pingting114/mixed_bam/COLO829_PAO/TF1e-2_25x/TF1e-2_25x.rep2.bam.bai
[W::hts_idx_load3] The index file is older than the data file: /bip7_disk/pingting114/mixed_bam/COLO829_PAO/TF1e-2_25x/TF1e-2_25x.rep2.bam.bai
[W::bam_next_basemod] MM tag refers to bases beyond sequence length
[W::hts_idx_load3] The index file is older than the data file: /bip7_disk/pingting114/mixed_bam/COLO829_PAO/TF1e-2_25x/TF1e-2_25x.rep2.bam.bai
[W::hts_idx_load3] The index file is older than the data file: /bip7_disk/pingting114/mixed_bam/COLO829_PAO/TF1e-2_25x/TF1e-2_25x.rep2.bam.bai
[W::hts_idx_load3] The index file is older than the data file: /bip7_disk/pingting114/mixed_bam/COLO829_PAO/TF1e-2_25x/TF1e-2_25x.rep2.bam.bai
[W::hts_idx_load3] The index file is older than the data file: /bip7_disk/pingting114/mixed_bam/COLO829_PAO/TF1e-2_25x/TF1e-2_25x.rep2.bam.bai
[W::hts_idx_load3] The index file is older than the data file: /bip7_disk/pingting114/mixed_bam/COLO829_PAO/TF1e-2_25x/TF1e-2_25x.rep2.bam.bai
[W::hts_idx_load3] The index file is older than the data file: /bip7_disk/pingting114/mixed_bam/COLO829_PAO/TF1e-2_25x/TF1e-2_25x.rep2.bam.bai
[W::hts_idx_load3] The index file is older than the data file: /bip7_disk/pingting114/mixed_bam/COLO829_PAO/TF1e-2_25x/TF1e-2_25x.rep2.bam.bai
[E::bam_parse_basemod2] 17266e7e-7d62-4876-9858-baa11b6e8967: MM tag refers to bases beyond sequence length
[E::bam_parse_basemod2] 2a8c3455-f835-4e11-992a-d4f0c0145170: MM tag refers to bases beyond sequence length
[W::hts_idx_load3] The index file is older than the data file: /bip7_disk/pingting114/mixed_bam/COLO829_PAO/TF1e-2_25x/TF1e-2_25x.rep2.bam.bai
[W::bam_next_basemod] MM tag refers to bases beyond sequence length
[W::hts_idx_load3] The index file is older than the data file: /bip7_disk/pingting114/mixed_bam/COLO829_PAO/TF1e-2_25x/TF1e-2_25x.rep2.bam.bai
[W::bam_next_basemod] MM tag refers to bases beyond sequence length
[W::hts_idx_load3] The index file is older than the data file: /bip7_disk/pingting114/mixed_bam/COLO829_PAO/TF1e-2_25x/TF1e-2_25x.rep2.bam.bai
[W::bam_next_basemod] MM tag refers to bases beyond sequence length
[W::hts_idx_load3] The index file is older than the data file: /bip7_disk/pingting114/mixed_bam/COLO829_PAO/TF1e-2_25x/TF1e-2_25x.rep2.bam.bai
[W::hts_idx_load3] The index file is older than the data file: /bip7_disk/pingting114/mixed_bam/COLO829_PAO/TF1e-2_25x/TF1e-2_25x.rep2.bam.bai
[W::hts_idx_load3] The index file is older than the data file: /bip7_disk/pingting114/mixed_bam/COLO829_PAO/TF1e-2_25x/TF1e-2_25x.rep2.bam.bai
[W::hts_idx_load3] The index file is older than the data file: /bip7_disk/pingting114/mixed_bam/COLO829_PAO/TF1e-2_25x/TF1e-2_25x.rep2.bam.bai
[W::hts_idx_load3] The index file is older than the data file: /bip7_disk/pingting114/mixed_bam/COLO829_PAO/TF1e-2_25x/TF1e-2_25x.rep2.bam.bai
[W::hts_idx_load3] The index file is older than the data file: /bip7_disk/pingting114/mixed_bam/COLO829_PAO/TF1e-2_25x/TF1e-2_25x.rep2.bam.bai
[W::hts_idx_load3] The index file is older than the data file: /bip7_disk/pingting114/mixed_bam/COLO829_PAO/TF1e-2_25x/TF1e-2_25x.rep2.bam.bai
[W::hts_idx_load3] The index file is older than the data file: /bip7_disk/pingting114/mixed_bam/COLO829_PAO/TF1e-2_25x/TF1e-2_25x.rep2.bam.bai
[W::hts_idx_load3] The index file is older than the data file: /bip7_disk/pingting114/mixed_bam/COLO829_PAO/TF1e-2_25x/TF1e-2_25x.rep2.bam.bai
[W::hts_idx_load3] The index file is older than the data file: /bip7_disk/pingting114/mixed_bam/COLO829_PAO/TF1e-2_25x/TF1e-2_25x.rep2.bam.bai
[W::hts_idx_load3] The index file is older than the data file: /bip7_disk/pingting114/mixed_bam/COLO829_PAO/TF1e-2_25x/TF1e-2_25x.rep2.bam.bai
[W::hts_idx_load3] The index file is older than the data file: /bip7_disk/pingting114/mixed_bam/COLO829_PAO/TF1e-2_25x/TF1e-2_25x.rep2.bam.bai
[W::hts_idx_load3] The index file is older than the data file: /bip7_disk/pingting114/mixed_bam/COLO829_PAO/TF1e-2_25x/TF1e-2_25x.rep2.bam.bai
[W::hts_idx_load3] The index file is older than the data file: /bip7_disk/pingting114/mixed_bam/COLO829_PAO/TF1e-2_25x/TF1e-2_25x.rep2.bam.bai
[W::hts_idx_load3] The index file is older than the data file: /bip7_disk/pingting114/mixed_bam/COLO829_PAO/TF1e-2_25x/TF1e-2_25x.rep2.bam.bai
[W::hts_idx_load3] The index file is older than the data file: /bip7_disk/pingting114/mixed_bam/COLO829_PAO/TF1e-2_25x/TF1e-2_25x.rep2.bam.bai
[W::hts_idx_load3] The index file is older than the data file: /bip7_disk/pingting114/mixed_bam/COLO829_PAO/TF1e-2_25x/TF1e-2_25x.rep2.bam.bai
[W::hts_idx_load3] The index file is older than the data file: /bip7_disk/pingting114/mixed_bam/COLO829_PAO/TF1e-2_25x/TF1e-2_25x.rep2.bam.bai
[W::hts_idx_load3] The index file is older than the data file: /bip7_disk/pingting114/mixed_bam/COLO829_PAO/TF1e-2_25x/TF1e-2_25x.rep2.bam.bai
[W::hts_idx_load3] The index file is older than the data file: /bip7_disk/pingting114/mixed_bam/COLO829_PAO/TF1e-2_25x/TF1e-2_25x.rep2.bam.bai
[E::bam_parse_basemod2] f95f364c-69fa-4069-adfd-9eef42c3118c: MM tag refers to bases beyond sequence length
[W::hts_idx_load3] The index file is older than the data file: /bip7_disk/pingting114/mixed_bam/COLO829_PAO/TF1e-2_25x/TF1e-2_25x.rep2.bam.bai
[W::hts_idx_load3] The index file is older than the data file: /bip7_disk/pingting114/mixed_bam/COLO829_PAO/TF1e-2_25x/TF1e-2_25x.rep2.bam.bai
[W::bam_next_basemod] MM tag refers to bases beyond sequence length
[W::hts_idx_load3] The index file is older than the data file: /bip7_disk/pingting114/mixed_bam/COLO829_PAO/TF1e-2_25x/TF1e-2_25x.rep2.bam.bai
[E::bam_parse_basemod2] 458d040b-8ec5-4472-9139-d431d04acd25: MM tag refers to bases beyond sequence length
[W::hts_idx_load3] The index file is older than the data file: /bip7_disk/pingting114/mixed_bam/COLO829_PAO/TF1e-2_25x/TF1e-2_25x.rep2.bam.bai
[W::bam_next_basemod] MM tag refers to bases beyond sequence length
[W::hts_idx_load3] The index file is older than the data file: /bip7_disk/pingting114/mixed_bam/COLO829_PAO/TF1e-2_25x/TF1e-2_25x.rep2.bam.bai
[W::hts_idx_load3] The index file is older than the data file: /bip7_disk/pingting114/mixed_bam/COLO829_PAO/TF1e-2_25x/TF1e-2_25x.rep2.bam.bai
[W::hts_idx_load3] The index file is older than the data file: /bip7_disk/pingting114/mixed_bam/COLO829_PAO/TF1e-2_25x/TF1e-2_25x.rep2.bam.bai
[W::hts_idx_load3] The index file is older than the data file: /bip7_disk/pingting114/mixed_bam/COLO829_PAO/TF1e-2_25x/TF1e-2_25x.rep2.bam.bai
[W::hts_idx_load3] The index file is older than the data file: /bip7_disk/pingting114/mixed_bam/COLO829_PAO/TF1e-2_25x/TF1e-2_25x.rep2.bam.bai
[W::hts_idx_load3] The index file is older than the data file: /bip7_disk/pingting114/mixed_bam/COLO829_PAO/TF1e-2_25x/TF1e-2_25x.rep2.bam.bai
[E::bam_parse_basemod2] 67826e8d-beb4-4a3b-af48-b4d78ed16fd8: MM tag refers to bases beyond sequence length
[W::hts_idx_load3] The index file is older than the data file: /bip7_disk/pingting114/mixed_bam/COLO829_PAO/TF1e-2_25x/TF1e-2_25x.rep2.bam.bai
[W::hts_idx_load3] The index file is older than the data file: /bip7_disk/pingting114/mixed_bam/COLO829_PAO/TF1e-2_25x/TF1e-2_25x.rep2.bam.bai
[W::hts_idx_load3] The index file is older than the data file: /bip7_disk/pingting114/mixed_bam/COLO829_PAO/TF1e-2_25x/TF1e-2_25x.rep2.bam.bai
[W::bam_next_basemod] MM tag refers to bases beyond sequence length
[W::hts_idx_load3] The index file is older than the data file: /bip7_disk/pingting114/mixed_bam/COLO829_PAO/TF1e-2_25x/TF1e-2_25x.rep2.bam.bai
[W::hts_idx_load3] The index file is older than the data file: /bip7_disk/pingting114/mixed_bam/COLO829_PAO/TF1e-2_25x/TF1e-2_25x.rep2.bam.bai
[W::hts_idx_load3] The index file is older than the data file: /bip7_disk/pingting114/mixed_bam/COLO829_PAO/TF1e-2_25x/TF1e-2_25x.rep2.bam.bai
[W::bam_next_basemod] MM tag refers to bases beyond sequence length
[W::bam_next_basemod] MM tag refers to bases beyond sequence length
[W::hts_idx_load3] The index file is older than the data file: /bip7_disk/pingting114/mixed_bam/COLO829_PAO/TF1e-2_25x/TF1e-2_25x.rep2.bam.bai
[W::hts_idx_load3] The index file is older than the data file: /bip7_disk/pingting114/mixed_bam/COLO829_PAO/TF1e-2_25x/TF1e-2_25x.rep2.bam.bai
[W::hts_idx_load3] The index file is older than the data file: /bip7_disk/pingting114/mixed_bam/COLO829_PAO/TF1e-2_25x/TF1e-2_25x.rep2.bam.bai
[W::bam_next_basemod] MM tag refers to bases beyond sequence length
[W::hts_idx_load3] The index file is older than the data file: /bip7_disk/pingting114/mixed_bam/COLO829_PAO/TF1e-2_25x/TF1e-2_25x.rep2.bam.bai
[W::hts_idx_load3] The index file is older than the data file: /bip7_disk/pingting114/mixed_bam/COLO829_PAO/TF1e-2_25x/TF1e-2_25x.rep2.bam.bai
[W::hts_idx_load3] The index file is older than the data file: /bip7_disk/pingting114/mixed_bam/COLO829_PAO/TF1e-2_25x/TF1e-2_25x.rep2.bam.bai
[E::bam_parse_basemod2] 2142ab1a-12c8-43f6-b282-705018ce32d9: MM tag refers to bases beyond sequence length
[W::hts_idx_load3] The index file is older than the data file: /bip7_disk/pingting114/mixed_bam/COLO829_PAO/TF1e-2_25x/TF1e-2_25x.rep2.bam.bai
[W::hts_idx_load3] The index file is older than the data file: /bip7_disk/pingting114/mixed_bam/COLO829_PAO/TF1e-2_25x/TF1e-2_25x.rep2.bam.bai
[W::hts_idx_load3] The index file is older than the data file: /bip7_disk/pingting114/mixed_bam/COLO829_PAO/TF1e-2_25x/TF1e-2_25x.rep2.bam.bai
[W::hts_idx_load3] The index file is older than the data file: /bip7_disk/pingting114/mixed_bam/COLO829_PAO/TF1e-2_25x/TF1e-2_25x.rep2.bam.bai
[W::hts_idx_load3] The index file is older than the data file: /bip7_disk/pingting114/mixed_bam/COLO829_PAO/TF1e-2_25x/TF1e-2_25x.rep2.bam.bai
[E::bam_parse_basemod2] fb55dafe-274f-40cf-8870-b8c81328ebb5: MM tag refers to bases beyond sequence length
[W::hts_idx_load3] The index file is older than the data file: /bip7_disk/pingting114/mixed_bam/COLO829_PAO/TF1e-2_25x/TF1e-2_25x.rep2.bam.bai
[W::hts_idx_load3] The index file is older than the data file: /bip7_disk/pingting114/mixed_bam/COLO829_PAO/TF1e-2_25x/TF1e-2_25x.rep2.bam.bai
[W::hts_idx_load3] The index file is older than the data file: /bip7_disk/pingting114/mixed_bam/COLO829_PAO/TF1e-2_25x/TF1e-2_25x.rep2.bam.bai
[W::bam_next_basemod] MM tag refers to bases beyond sequence length
[W::hts_idx_load3] The index file is older than the data file: /bip7_disk/pingting114/mixed_bam/COLO829_PAO/TF1e-2_25x/TF1e-2_25x.rep2.bam.bai
[W::hts_idx_load3] The index file is older than the data file: /bip7_disk/pingting114/mixed_bam/COLO829_PAO/TF1e-2_25x/TF1e-2_25x.rep2.bam.bai
[W::hts_idx_load3] The index file is older than the data file: /bip7_disk/pingting114/mixed_bam/COLO829_PAO/TF1e-2_25x/TF1e-2_25x.rep2.bam.bai
[W::hts_idx_load3] The index file is older than the data file: /bip7_disk/pingting114/mixed_bam/COLO829_PAO/TF1e-2_25x/TF1e-2_25x.rep2.bam.bai
[W::hts_idx_load3] The index file is older than the data file: /bip7_disk/pingting114/mixed_bam/COLO829_PAO/TF1e-2_25x/TF1e-2_25x.rep2.bam.bai
[W::hts_idx_load3] The index file is older than the data file: /bip7_disk/pingting114/mixed_bam/COLO829_PAO/TF1e-2_25x/TF1e-2_25x.rep2.bam.bai
[W::hts_idx_load3] The index file is older than the data file: /bip7_disk/pingting114/mixed_bam/COLO829_PAO/TF1e-2_25x/TF1e-2_25x.rep2.bam.bai
[W::bam_next_basemod] MM tag refers to bases beyond sequence length
[W::hts_idx_load3] The index file is older than the data file: /bip7_disk/pingting114/mixed_bam/COLO829_PAO/TF1e-2_25x/TF1e-2_25x.rep2.bam.bai
[W::bam_next_basemod] MM tag refers to bases beyond sequence length
[W::hts_idx_load3] The index file is older than the data file: /bip7_disk/pingting114/mixed_bam/COLO829_PAO/TF1e-2_25x/TF1e-2_25x.rep2.bam.bai
[W::bam_next_basemod] MM tag refers to bases beyond sequence length
[W::hts_idx_load3] The index file is older than the data file: /bip7_disk/pingting114/mixed_bam/COLO829_PAO/TF1e-2_25x/TF1e-2_25x.rep2.bam.bai
[W::hts_idx_load3] The index file is older than the data file: /bip7_disk/pingting114/mixed_bam/COLO829_PAO/TF1e-2_25x/TF1e-2_25x.rep2.bam.bai
[W::hts_idx_load3] The index file is older than the data file: /bip7_disk/pingting114/mixed_bam/COLO829_PAO/TF1e-2_25x/TF1e-2_25x.rep2.bam.bai
[W::bam_next_basemod] MM tag refers to bases beyond sequence length
[W::hts_idx_load3] The index file is older than the data file: /bip7_disk/pingting114/mixed_bam/COLO829_PAO/TF1e-2_25x/TF1e-2_25x.rep2.bam.bai
[W::hts_idx_load3] The index file is older than the data file: /bip7_disk/pingting114/mixed_bam/COLO829_PAO/TF1e-2_25x/TF1e-2_25x.rep2.bam.bai
[W::hts_idx_load3] The index file is older than the data file: /bip7_disk/pingting114/mixed_bam/COLO829_PAO/TF1e-2_25x/TF1e-2_25x.rep2.bam.bai
[W::hts_idx_load3] The index file is older than the data file: /bip7_disk/pingting114/mixed_bam/COLO829_PAO/TF1e-2_25x/TF1e-2_25x.rep2.bam.bai
[W::hts_idx_load3] The index file is older than the data file: /bip7_disk/pingting114/mixed_bam/COLO829_PAO/TF1e-2_25x/TF1e-2_25x.rep2.bam.bai
[W::hts_idx_load3] The index file is older than the data file: /bip7_disk/pingting114/mixed_bam/COLO829_PAO/TF1e-2_25x/TF1e-2_25x.rep2.bam.bai
[W::hts_idx_load3] The index file is older than the data file: /bip7_disk/pingting114/mixed_bam/COLO829_PAO/TF1e-2_25x/TF1e-2_25x.rep2.bam.bai
[W::bam_next_basemod] MM tag refers to bases beyond sequence length
[W::hts_idx_load3] The index file is older than the data file: /bip7_disk/pingting114/mixed_bam/COLO829_PAO/TF1e-2_25x/TF1e-2_25x.rep2.bam.bai
[W::bam_next_basemod] MM tag refers to bases beyond sequence length
[W::hts_idx_load3] The index file is older than the data file: /bip7_disk/pingting114/mixed_bam/COLO829_PAO/TF1e-2_25x/TF1e-2_25x.rep2.bam.bai
[W::hts_idx_load3] The index file is older than the data file: /bip7_disk/pingting114/mixed_bam/COLO829_PAO/TF1e-2_25x/TF1e-2_25x.rep2.bam.bai
[W::bam_next_basemod] MM tag refers to bases beyond sequence length
[W::hts_idx_load3] The index file is older than the data file: /bip7_disk/pingting114/mixed_bam/COLO829_PAO/TF1e-2_25x/TF1e-2_25x.rep2.bam.bai
[W::hts_idx_load3] The index file is older than the data file: /bip7_disk/pingting114/mixed_bam/COLO829_PAO/TF1e-2_25x/TF1e-2_25x.rep2.bam.bai
[W::hts_idx_load3] The index file is older than the data file: /bip7_disk/pingting114/mixed_bam/COLO829_PAO/TF1e-2_25x/TF1e-2_25x.rep2.bam.bai
[W::hts_idx_load3] The index file is older than the data file: /bip7_disk/pingting114/mixed_bam/COLO829_PAO/TF1e-2_25x/TF1e-2_25x.rep2.bam.bai
[W::bam_next_basemod] MM tag refers to bases beyond sequence length
[W::hts_idx_load3] The index file is older than the data file: /bip7_disk/pingting114/mixed_bam/COLO829_PAO/TF1e-2_25x/TF1e-2_25x.rep2.bam.bai
[E::bam_parse_basemod2] 67d0c38f-e04d-44dd-a25f-d1bb35503e96: MM tag refers to bases beyond sequence length
[W::hts_idx_load3] The index file is older than the data file: /bip7_disk/pingting114/mixed_bam/COLO829_PAO/TF1e-2_25x/TF1e-2_25x.rep2.bam.bai
[W::hts_idx_load3] The index file is older than the data file: /bip7_disk/pingting114/mixed_bam/COLO829_PAO/TF1e-2_25x/TF1e-2_25x.rep2.bam.bai
[W::bam_next_basemod] MM tag refers to bases beyond sequence length
[W::hts_idx_load3] The index file is older than the data file: /bip7_disk/pingting114/mixed_bam/COLO829_PAO/TF1e-2_25x/TF1e-2_25x.rep2.bam.bai
[W::hts_idx_load3] The index file is older than the data file: /bip7_disk/pingting114/mixed_bam/COLO829_PAO/TF1e-2_25x/TF1e-2_25x.rep2.bam.bai
[W::hts_idx_load3] The index file is older than the data file: /bip7_disk/pingting114/mixed_bam/COLO829_PAO/TF1e-2_25x/TF1e-2_25x.rep2.bam.bai
[W::hts_idx_load3] The index file is older than the data file: /bip7_disk/pingting114/mixed_bam/COLO829_PAO/TF1e-2_25x/TF1e-2_25x.rep2.bam.bai
[W::hts_idx_load3] The index file is older than the data file: /bip7_disk/pingting114/mixed_bam/COLO829_PAO/TF1e-2_25x/TF1e-2_25x.rep2.bam.bai
[W::hts_idx_load3] The index file is older than the data file: /bip7_disk/pingting114/mixed_bam/COLO829_PAO/TF1e-2_25x/TF1e-2_25x.rep2.bam.bai
[W::hts_idx_load3] The index file is older than the data file: /bip7_disk/pingting114/mixed_bam/COLO829_PAO/TF1e-2_25x/TF1e-2_25x.rep2.bam.bai
[W::bam_next_basemod] MM tag refers to bases beyond sequence length
[W::hts_idx_load3] The index file is older than the data file: /bip7_disk/pingting114/mixed_bam/COLO829_PAO/TF1e-2_25x/TF1e-2_25x.rep2.bam.bai
[W::hts_idx_load3] The index file is older than the data file: /bip7_disk/pingting114/mixed_bam/COLO829_PAO/TF1e-2_25x/TF1e-2_25x.rep2.bam.bai
[E::bam_parse_basemod2] 6b700601-0edf-4dcb-a4f1-f0eb36c3bdec: MM tag refers to bases beyond sequence length
[W::bam_next_basemod] MM tag refers to bases beyond sequence length
[W::hts_idx_load3] The index file is older than the data file: /bip7_disk/pingting114/mixed_bam/COLO829_PAO/TF1e-2_25x/TF1e-2_25x.rep2.bam.bai
[W::hts_idx_load3] The index file is older than the data file: /bip7_disk/pingting114/mixed_bam/COLO829_PAO/TF1e-2_25x/TF1e-2_25x.rep2.bam.bai
[W::hts_idx_load3] The index file is older than the data file: /bip7_disk/pingting114/mixed_bam/COLO829_PAO/TF1e-2_25x/TF1e-2_25x.rep2.bam.bai
[W::bam_next_basemod] MM tag refers to bases beyond sequence length
[W::hts_idx_load3] The index file is older than the data file: /bip7_disk/pingting114/mixed_bam/COLO829_PAO/TF1e-2_25x/TF1e-2_25x.rep2.bam.bai
[E::bam_parse_basemod2] 75d176ed-6267-4d9f-95a3-7e185f732101: MM tag refers to bases beyond sequence length
[W::hts_idx_load3] The index file is older than the data file: /bip7_disk/pingting114/mixed_bam/COLO829_PAO/TF1e-2_25x/TF1e-2_25x.rep2.bam.bai
[W::hts_idx_load3] The index file is older than the data file: /bip7_disk/pingting114/mixed_bam/COLO829_PAO/TF1e-2_25x/TF1e-2_25x.rep2.bam.bai
[E::bam_parse_basemod2] 30a0e74d-b5e7-4d74-aae1-057b804ec511: MM tag refers to bases beyond sequence length
[W::hts_idx_load3] The index file is older than the data file: /bip7_disk/pingting114/mixed_bam/COLO829_PAO/TF1e-2_25x/TF1e-2_25x.rep2.bam.bai
[W::hts_idx_load3] The index file is older than the data file: /bip7_disk/pingting114/mixed_bam/COLO829_PAO/TF1e-2_25x/TF1e-2_25x.rep2.bam.bai
[W::hts_idx_load3] The index file is older than the data file: /bip7_disk/pingting114/mixed_bam/COLO829_PAO/TF1e-2_25x/TF1e-2_25x.rep2.bam.bai
[W::hts_idx_load3] The index file is older than the data file: /bip7_disk/pingting114/mixed_bam/COLO829_PAO/TF1e-2_25x/TF1e-2_25x.rep2.bam.bai
[W::hts_idx_load3] The index file is older than the data file: /bip7_disk/pingting114/mixed_bam/COLO829_PAO/TF1e-2_25x/TF1e-2_25x.rep2.bam.bai
[W::hts_idx_load3] The index file is older than the data file: /bip7_disk/pingting114/mixed_bam/COLO829_PAO/TF1e-2_25x/TF1e-2_25x.rep2.bam.bai
[W::hts_idx_load3] The index file is older than the data file: /bip7_disk/pingting114/mixed_bam/COLO829_PAO/TF1e-2_25x/TF1e-2_25x.rep2.bam.bai
[W::hts_idx_load3] The index file is older than the data file: /bip7_disk/pingting114/mixed_bam/COLO829_PAO/TF1e-2_25x/TF1e-2_25x.rep2.bam.bai
[E::bam_parse_basemod2] f27e8406-47c7-4317-914a-c9b6cd4aedfd: MM tag refers to bases beyond sequence length
[W::hts_idx_load3] The index file is older than the data file: /bip7_disk/pingting114/mixed_bam/COLO829_PAO/TF1e-2_25x/TF1e-2_25x.rep2.bam.bai
[W::hts_idx_load3] The index file is older than the data file: /bip7_disk/pingting114/mixed_bam/COLO829_PAO/TF1e-2_25x/TF1e-2_25x.rep2.bam.bai
[W::hts_idx_load3] The index file is older than the data file: /bip7_disk/pingting114/mixed_bam/COLO829_PAO/TF1e-2_25x/TF1e-2_25x.rep2.bam.bai
[W::hts_idx_load3] The index file is older than the data file: /bip7_disk/pingting114/mixed_bam/COLO829_PAO/TF1e-2_25x/TF1e-2_25x.rep2.bam.bai
[W::bam_next_basemod] MM tag refers to bases beyond sequence length
[W::hts_idx_load3] The index file is older than the data file: /bip7_disk/pingting114/mixed_bam/COLO829_PAO/TF1e-2_25x/TF1e-2_25x.rep2.bam.bai
[W::bam_next_basemod] MM tag refers to bases beyond sequence length
[E::bam_parse_basemod2] 16162ab5-81b3-43e1-a066-9518caa1f1a9: MM tag refers to bases beyond sequence length
[W::hts_idx_load3] The index file is older than the data file: /bip7_disk/pingting114/mixed_bam/COLO829_PAO/TF1e-2_25x/TF1e-2_25x.rep2.bam.bai
[W::hts_idx_load3] The index file is older than the data file: /bip7_disk/pingting114/mixed_bam/COLO829_PAO/TF1e-2_25x/TF1e-2_25x.rep2.bam.bai
[W::hts_idx_load3] The index file is older than the data file: /bip7_disk/pingting114/mixed_bam/COLO829_PAO/TF1e-2_25x/TF1e-2_25x.rep2.bam.bai
[W::hts_idx_load3] The index file is older than the data file: /bip7_disk/pingting114/mixed_bam/COLO829_PAO/TF1e-2_25x/TF1e-2_25x.rep2.bam.bai
[W::hts_idx_load3] The index file is older than the data file: /bip7_disk/pingting114/mixed_bam/COLO829_PAO/TF1e-2_25x/TF1e-2_25x.rep2.bam.bai
[W::hts_idx_load3] The index file is older than the data file: /bip7_disk/pingting114/mixed_bam/COLO829_PAO/TF1e-2_25x/TF1e-2_25x.rep2.bam.bai
[E::bam_parse_basemod2] 4772fd3b-ba7f-485a-8447-5549a34eee17: MM tag refers to bases beyond sequence length
[W::hts_idx_load3] The index file is older than the data file: /bip7_disk/pingting114/mixed_bam/COLO829_PAO/TF1e-2_25x/TF1e-2_25x.rep2.bam.bai
[W::hts_idx_load3] The index file is older than the data file: /bip7_disk/pingting114/mixed_bam/COLO829_PAO/TF1e-2_25x/TF1e-2_25x.rep2.bam.bai
[W::bam_next_basemod] MM tag refers to bases beyond sequence length
[W::hts_idx_load3] The index file is older than the data file: /bip7_disk/pingting114/mixed_bam/COLO829_PAO/TF1e-2_25x/TF1e-2_25x.rep2.bam.bai
[E::bam_parse_basemod2] 14c89bed-4ec9-41ba-8ee5-d73b70109a73: MM tag refers to bases beyond sequence length
[W::hts_idx_load3] The index file is older than the data file: /bip7_disk/pingting114/mixed_bam/COLO829_PAO/TF1e-2_25x/TF1e-2_25x.rep2.bam.bai
[W::hts_idx_load3] The index file is older than the data file: /bip7_disk/pingting114/mixed_bam/COLO829_PAO/TF1e-2_25x/TF1e-2_25x.rep2.bam.bai
[W::hts_idx_load3] The index file is older than the data file: /bip7_disk/pingting114/mixed_bam/COLO829_PAO/TF1e-2_25x/TF1e-2_25x.rep2.bam.bai
[W::hts_idx_load3] The index file is older than the data file: /bip7_disk/pingting114/mixed_bam/COLO829_PAO/TF1e-2_25x/TF1e-2_25x.rep2.bam.bai
[W::hts_idx_load3] The index file is older than the data file: /bip7_disk/pingting114/mixed_bam/COLO829_PAO/TF1e-2_25x/TF1e-2_25x.rep2.bam.bai
[W::hts_idx_load3] The index file is older than the data file: /bip7_disk/pingting114/mixed_bam/COLO829_PAO/TF1e-2_25x/TF1e-2_25x.rep2.bam.bai
[W::hts_idx_load3] The index file is older than the data file: /bip7_disk/pingting114/mixed_bam/COLO829_PAO/TF1e-2_25x/TF1e-2_25x.rep2.bam.bai
[W::hts_idx_load3] The index file is older than the data file: /bip7_disk/pingting114/mixed_bam/COLO829_PAO/TF1e-2_25x/TF1e-2_25x.rep2.bam.bai
[W::hts_idx_load3] The index file is older than the data file: /bip7_disk/pingting114/mixed_bam/COLO829_PAO/TF1e-2_25x/TF1e-2_25x.rep2.bam.bai
[W::hts_idx_load3] The index file is older than the data file: /bip7_disk/pingting114/mixed_bam/COLO829_PAO/TF1e-2_25x/TF1e-2_25x.rep2.bam.bai
[E::bam_parse_basemod2] edb1d780-9a4b-4b71-b108-a7df6b771550: MM tag refers to bases beyond sequence length
[W::hts_idx_load3] The index file is older than the data file: /bip7_disk/pingting114/mixed_bam/COLO829_PAO/TF1e-2_25x/TF1e-2_25x.rep2.bam.bai
[W::bam_next_basemod] MM tag refers to bases beyond sequence length
[W::hts_idx_load3] The index file is older than the data file: /bip7_disk/pingting114/mixed_bam/COLO829_PAO/TF1e-2_25x/TF1e-2_25x.rep2.bam.bai
[W::hts_idx_load3] The index file is older than the data file: /bip7_disk/pingting114/mixed_bam/COLO829_PAO/TF1e-2_25x/TF1e-2_25x.rep2.bam.bai
[E::bam_parse_basemod2] 3d500288-92c9-4236-a4c4-16ca442c4cce: MM tag refers to bases beyond sequence length
[W::hts_idx_load3] The index file is older than the data file: /bip7_disk/pingting114/mixed_bam/COLO829_PAO/TF1e-2_25x/TF1e-2_25x.rep2.bam.bai
[W::hts_idx_load3] The index file is older than the data file: /bip7_disk/pingting114/mixed_bam/COLO829_PAO/TF1e-2_25x/TF1e-2_25x.rep2.bam.bai
[W::hts_idx_load3] The index file is older than the data file: /bip7_disk/pingting114/mixed_bam/COLO829_PAO/TF1e-2_25x/TF1e-2_25x.rep2.bam.bai
[W::bam_next_basemod] MM tag refers to bases beyond sequence length
[W::hts_idx_load3] The index file is older than the data file: /bip7_disk/pingting114/mixed_bam/COLO829_PAO/TF1e-2_25x/TF1e-2_25x.rep2.bam.bai
[W::hts_idx_load3] The index file is older than the data file: /bip7_disk/pingting114/mixed_bam/COLO829_PAO/TF1e-2_25x/TF1e-2_25x.rep2.bam.bai
[W::hts_idx_load3] The index file is older than the data file: /bip7_disk/pingting114/mixed_bam/COLO829_PAO/TF1e-2_25x/TF1e-2_25x.rep2.bam.bai
[W::hts_idx_load3] The index file is older than the data file: /bip7_disk/pingting114/mixed_bam/COLO829_PAO/TF1e-2_25x/TF1e-2_25x.rep2.bam.bai
[W::bam_next_basemod] MM tag refers to bases beyond sequence length
[W::hts_idx_load3] The index file is older than the data file: /bip7_disk/pingting114/mixed_bam/COLO829_PAO/TF1e-2_25x/TF1e-2_25x.rep2.bam.bai
[W::hts_idx_load3] The index file is older than the data file: /bip7_disk/pingting114/mixed_bam/COLO829_PAO/TF1e-2_25x/TF1e-2_25x.rep2.bam.bai
[W::hts_idx_load3] The index file is older than the data file: /bip7_disk/pingting114/mixed_bam/COLO829_PAO/TF1e-2_25x/TF1e-2_25x.rep2.bam.bai
[W::hts_idx_load3] The index file is older than the data file: /bip7_disk/pingting114/mixed_bam/COLO829_PAO/TF1e-2_25x/TF1e-2_25x.rep2.bam.bai
[W::hts_idx_load3] The index file is older than the data file: /bip7_disk/pingting114/mixed_bam/COLO829_PAO/TF1e-2_25x/TF1e-2_25x.rep2.bam.bai
[W::hts_idx_load3] The index file is older than the data file: /bip7_disk/pingting114/mixed_bam/COLO829_PAO/TF1e-2_25x/TF1e-2_25x.rep2.bam.bai
[W::hts_idx_load3] The index file is older than the data file: /bip7_disk/pingting114/mixed_bam/COLO829_PAO/TF1e-2_25x/TF1e-2_25x.rep2.bam.bai
[W::hts_idx_load3] The index file is older than the data file: /bip7_disk/pingting114/mixed_bam/COLO829_PAO/TF1e-2_25x/TF1e-2_25x.rep2.bam.bai
[W::bam_next_basemod] MM tag refers to bases beyond sequence length
[W::hts_idx_load3] The index file is older than the data file: /bip7_disk/pingting114/mixed_bam/COLO829_PAO/TF1e-2_25x/TF1e-2_25x.rep2.bam.bai
[W::hts_idx_load3] The index file is older than the data file: /bip7_disk/pingting114/mixed_bam/COLO829_PAO/TF1e-2_25x/TF1e-2_25x.rep2.bam.bai
[W::bam_next_basemod] MM tag refers to bases beyond sequence length
[W::bam_next_basemod] MM tag refers to bases beyond sequence length
[E::bam_parse_basemod2] 526ed86a-6044-470f-8316-a2c202eceffc: MM tag refers to bases beyond sequence length
[W::hts_idx_load3] The index file is older than the data file: /bip7_disk/pingting114/mixed_bam/COLO829_PAO/TF1e-2_25x/TF1e-2_25x.rep2.bam.bai
[W::hts_idx_load3] The index file is older than the data file: /bip7_disk/pingting114/mixed_bam/COLO829_PAO/TF1e-2_25x/TF1e-2_25x.rep2.bam.bai
[W::hts_idx_load3] The index file is older than the data file: /bip7_disk/pingting114/mixed_bam/COLO829_PAO/TF1e-2_25x/TF1e-2_25x.rep2.bam.bai
[E::bam_parse_basemod2] a0e5750a-de14-42a8-b754-8c1e71b6bdb4: MM tag refers to bases beyond sequence length
[W::hts_idx_load3] The index file is older than the data file: /bip7_disk/pingting114/mixed_bam/COLO829_PAO/TF1e-2_25x/TF1e-2_25x.rep2.bam.bai
[W::hts_idx_load3] The index file is older than the data file: /bip7_disk/pingting114/mixed_bam/COLO829_PAO/TF1e-2_25x/TF1e-2_25x.rep2.bam.bai
[W::hts_idx_load3] The index file is older than the data file: /bip7_disk/pingting114/mixed_bam/COLO829_PAO/TF1e-2_25x/TF1e-2_25x.rep2.bam.bai
[W::hts_idx_load3] The index file is older than the data file: /bip7_disk/pingting114/mixed_bam/COLO829_PAO/TF1e-2_25x/TF1e-2_25x.rep2.bam.bai
[W::hts_idx_load3] The index file is older than the data file: /bip7_disk/pingting114/mixed_bam/COLO829_PAO/TF1e-2_25x/TF1e-2_25x.rep2.bam.bai
[W::bam_next_basemod] MM tag refers to bases beyond sequence length
[W::hts_idx_load3] The index file is older than the data file: /bip7_disk/pingting114/mixed_bam/COLO829_PAO/TF1e-2_25x/TF1e-2_25x.rep2.bam.bai
[W::hts_idx_load3] The index file is older than the data file: /bip7_disk/pingting114/mixed_bam/COLO829_PAO/TF1e-2_25x/TF1e-2_25x.rep2.bam.bai
[W::hts_idx_load3] The index file is older than the data file: /bip7_disk/pingting114/mixed_bam/COLO829_PAO/TF1e-2_25x/TF1e-2_25x.rep2.bam.bai
[W::hts_idx_load3] The index file is older than the data file: /bip7_disk/pingting114/mixed_bam/COLO829_PAO/TF1e-2_25x/TF1e-2_25x.rep2.bam.bai
[W::hts_idx_load3] The index file is older than the data file: /bip7_disk/pingting114/mixed_bam/COLO829_PAO/TF1e-2_25x/TF1e-2_25x.rep2.bam.bai
[W::bam_next_basemod] MM tag refers to bases beyond sequence length
[W::bam_next_basemod] MM tag refers to bases beyond sequence length
[W::hts_idx_load3] The index file is older than the data file: /bip7_disk/pingting114/mixed_bam/COLO829_PAO/TF1e-2_25x/TF1e-2_25x.rep2.bam.bai
[W::hts_idx_load3] The index file is older than the data file: /bip7_disk/pingting114/mixed_bam/COLO829_PAO/TF1e-2_25x/TF1e-2_25x.rep2.bam.bai
[W::hts_idx_load3] The index file is older than the data file: /bip7_disk/pingting114/mixed_bam/COLO829_PAO/TF1e-2_25x/TF1e-2_25x.rep2.bam.bai
[W::hts_idx_load3] The index file is older than the data file: /bip7_disk/pingting114/mixed_bam/COLO829_PAO/TF1e-2_25x/TF1e-2_25x.rep2.bam.bai
[W::hts_idx_load3] The index file is older than the data file: /bip7_disk/pingting114/mixed_bam/COLO829_PAO/TF1e-2_25x/TF1e-2_25x.rep2.bam.bai
[E::bam_parse_basemod2] dfeb315a-1da2-4129-8d65-7bd8f0f4f27a: MM tag refers to bases beyond sequence length
[W::hts_idx_load3] The index file is older than the data file: /bip7_disk/pingting114/mixed_bam/COLO829_PAO/TF1e-2_25x/TF1e-2_25x.rep2.bam.bai
[E::bam_parse_basemod2] cbff987c-09c9-42c8-b382-73dfe5f4bc61: MM tag refers to bases beyond sequence length
[W::hts_idx_load3] The index file is older than the data file: /bip7_disk/pingting114/mixed_bam/COLO829_PAO/TF1e-2_25x/TF1e-2_25x.rep2.bam.bai
[W::hts_idx_load3] The index file is older than the data file: /bip7_disk/pingting114/mixed_bam/COLO829_PAO/TF1e-2_25x/TF1e-2_25x.rep2.bam.bai
[W::bam_next_basemod] MM tag refers to bases beyond sequence length
[E::bam_parse_basemod2] 7b749819-0fc9-44a3-9838-18ba314d3740: MM tag refers to bases beyond sequence length
[E::bam_parse_basemod2] 2fcdc0a4-e6f6-4758-96ef-b78103c83968: MM tag refers to bases beyond sequence length
[W::hts_idx_load3] The index file is older than the data file: /bip7_disk/pingting114/mixed_bam/COLO829_PAO/TF1e-2_25x/TF1e-2_25x.rep2.bam.bai
[W::bam_next_basemod] MM tag refers to bases beyond sequence length
[W::hts_idx_load3] The index file is older than the data file: /bip7_disk/pingting114/mixed_bam/COLO829_PAO/TF1e-2_25x/TF1e-2_25x.rep2.bam.bai
[W::bam_next_basemod] MM tag refers to bases beyond sequence length
[W::bam_next_basemod] MM tag refers to bases beyond sequence length
[W::hts_idx_load3] The index file is older than the data file: /bip7_disk/pingting114/mixed_bam/COLO829_PAO/TF1e-2_25x/TF1e-2_25x.rep2.bam.bai
[W::hts_idx_load3] The index file is older than the data file: /bip7_disk/pingting114/mixed_bam/COLO829_PAO/TF1e-2_25x/TF1e-2_25x.rep2.bam.bai
[W::hts_idx_load3] The index file is older than the data file: /bip7_disk/pingting114/mixed_bam/COLO829_PAO/TF1e-2_25x/TF1e-2_25x.rep2.bam.bai
[W::bam_next_basemod] MM tag refers to bases beyond sequence length
[E::bam_parse_basemod2] ed21e8c9-0455-498b-a35f-cab1a97e952f: MM tag refers to bases beyond sequence length
[W::hts_idx_load3] The index file is older than the data file: /bip7_disk/pingting114/mixed_bam/COLO829_PAO/TF1e-2_25x/TF1e-2_25x.rep2.bam.bai
[W::hts_idx_load3] The index file is older than the data file: /bip7_disk/pingting114/mixed_bam/COLO829_PAO/TF1e-2_25x/TF1e-2_25x.rep2.bam.bai
[W::hts_idx_load3] The index file is older than the data file: /bip7_disk/pingting114/mixed_bam/COLO829_PAO/TF1e-2_25x/TF1e-2_25x.rep2.bam.bai
[W::hts_idx_load3] The index file is older than the data file: /bip7_disk/pingting114/mixed_bam/COLO829_PAO/TF1e-2_25x/TF1e-2_25x.rep2.bam.bai
[W::hts_idx_load3] The index file is older than the data file: /bip7_disk/pingting114/mixed_bam/COLO829_PAO/TF1e-2_25x/TF1e-2_25x.rep2.bam.bai
[W::hts_idx_load3] The index file is older than the data file: /bip7_disk/pingting114/mixed_bam/COLO829_PAO/TF1e-2_25x/TF1e-2_25x.rep2.bam.bai
[W::hts_idx_load3] The index file is older than the data file: /bip7_disk/pingting114/mixed_bam/COLO829_PAO/TF1e-2_25x/TF1e-2_25x.rep2.bam.bai
[W::hts_idx_load3] The index file is older than the data file: /bip7_disk/pingting114/mixed_bam/COLO829_PAO/TF1e-2_25x/TF1e-2_25x.rep2.bam.bai
[W::bam_next_basemod] MM tag refers to bases beyond sequence length
[W::hts_idx_load3] The index file is older than the data file: /bip7_disk/pingting114/mixed_bam/COLO829_PAO/TF1e-2_25x/TF1e-2_25x.rep2.bam.bai
[W::hts_idx_load3] The index file is older than the data file: /bip7_disk/pingting114/mixed_bam/COLO829_PAO/TF1e-2_25x/TF1e-2_25x.rep2.bam.bai
[W::bam_next_basemod] MM tag refers to bases beyond sequence length
[W::hts_idx_load3] The index file is older than the data file: /bip7_disk/pingting114/mixed_bam/COLO829_PAO/TF1e-2_25x/TF1e-2_25x.rep2.bam.bai
[W::bam_next_basemod] MM tag refers to bases beyond sequence length
[W::hts_idx_load3] The index file is older than the data file: /bip7_disk/pingting114/mixed_bam/COLO829_PAO/TF1e-2_25x/TF1e-2_25x.rep2.bam.bai
[W::hts_idx_load3] The index file is older than the data file: /bip7_disk/pingting114/mixed_bam/COLO829_PAO/TF1e-2_25x/TF1e-2_25x.rep2.bam.bai
[W::hts_idx_load3] The index file is older than the data file: /bip7_disk/pingting114/mixed_bam/COLO829_PAO/TF1e-2_25x/TF1e-2_25x.rep2.bam.bai
[W::hts_idx_load3] The index file is older than the data file: /bip7_disk/pingting114/mixed_bam/COLO829_PAO/TF1e-2_25x/TF1e-2_25x.rep2.bam.bai
[W::hts_idx_load3] The index file is older than the data file: /bip7_disk/pingting114/mixed_bam/COLO829_PAO/TF1e-2_25x/TF1e-2_25x.rep2.bam.bai
[W::hts_idx_load3] The index file is older than the data file: /bip7_disk/pingting114/mixed_bam/COLO829_PAO/TF1e-2_25x/TF1e-2_25x.rep2.bam.bai
[E::bam_parse_basemod2] d30c296b-1811-42ad-a190-42ea27beeb3f: MM tag refers to bases beyond sequence length
[W::hts_idx_load3] The index file is older than the data file: /bip7_disk/pingting114/mixed_bam/COLO829_PAO/TF1e-2_25x/TF1e-2_25x.rep2.bam.bai
[W::bam_next_basemod] MM tag refers to bases beyond sequence length
[W::hts_idx_load3] The index file is older than the data file: /bip7_disk/pingting114/mixed_bam/COLO829_PAO/TF1e-2_25x/TF1e-2_25x.rep2.bam.bai
[W::hts_idx_load3] The index file is older than the data file: /bip7_disk/pingting114/mixed_bam/COLO829_PAO/TF1e-2_25x/TF1e-2_25x.rep2.bam.bai
[W::hts_idx_load3] The index file is older than the data file: /bip7_disk/pingting114/mixed_bam/COLO829_PAO/TF1e-2_25x/TF1e-2_25x.rep2.bam.bai
[W::hts_idx_load3] The index file is older than the data file: /bip7_disk/pingting114/mixed_bam/COLO829_PAO/TF1e-2_25x/TF1e-2_25x.rep2.bam.bai
[W::hts_idx_load3] The index file is older than the data file: /bip7_disk/pingting114/mixed_bam/COLO829_PAO/TF1e-2_25x/TF1e-2_25x.rep2.bam.bai
[W::hts_idx_load3] The index file is older than the data file: /bip7_disk/pingting114/mixed_bam/COLO829_PAO/TF1e-2_25x/TF1e-2_25x.rep2.bam.bai
[W::hts_idx_load3] The index file is older than the data file: /bip7_disk/pingting114/mixed_bam/COLO829_PAO/TF1e-2_25x/TF1e-2_25x.rep2.bam.bai
[W::hts_idx_load3] The index file is older than the data file: /bip7_disk/pingting114/mixed_bam/COLO829_PAO/TF1e-2_25x/TF1e-2_25x.rep2.bam.bai
[W::bam_next_basemod] MM tag refers to bases beyond sequence length
[W::hts_idx_load3] The index file is older than the data file: /bip7_disk/pingting114/mixed_bam/COLO829_PAO/TF1e-2_25x/TF1e-2_25x.rep2.bam.bai
[W::hts_idx_load3] The index file is older than the data file: /bip7_disk/pingting114/mixed_bam/COLO829_PAO/TF1e-2_25x/TF1e-2_25x.rep2.bam.bai
[E::bam_parse_basemod2] b8c3a4f8-eed5-4641-90dc-1824f7da226d: MM tag refers to bases beyond sequence length
[W::bam_next_basemod] MM tag refers to bases beyond sequence length
[W::hts_idx_load3] The index file is older than the data file: /bip7_disk/pingting114/mixed_bam/COLO829_PAO/TF1e-2_25x/TF1e-2_25x.rep2.bam.bai
[W::bam_next_basemod] MM tag refers to bases beyond sequence length
[W::hts_idx_load3] The index file is older than the data file: /bip7_disk/pingting114/mixed_bam/COLO829_PAO/TF1e-2_25x/TF1e-2_25x.rep2.bam.bai
[W::hts_idx_load3] The index file is older than the data file: /bip7_disk/pingting114/mixed_bam/COLO829_PAO/TF1e-2_25x/TF1e-2_25x.rep2.bam.bai
[W::hts_idx_load3] The index file is older than the data file: /bip7_disk/pingting114/mixed_bam/COLO829_PAO/TF1e-2_25x/TF1e-2_25x.rep2.bam.bai
[W::hts_idx_load3] The index file is older than the data file: /bip7_disk/pingting114/mixed_bam/COLO829_PAO/TF1e-2_25x/TF1e-2_25x.rep2.bam.bai
[W::bam_next_basemod] MM tag refers to bases beyond sequence length
[W::hts_idx_load3] The index file is older than the data file: /bip7_disk/pingting114/mixed_bam/COLO829_PAO/TF1e-2_25x/TF1e-2_25x.rep2.bam.bai
[W::hts_idx_load3] The index file is older than the data file: /bip7_disk/pingting114/mixed_bam/COLO829_PAO/TF1e-2_25x/TF1e-2_25x.rep2.bam.bai
  TF1e-2_25x.rep2.bam cand 500/4000
[W::hts_idx_load3] The index file is older than the data file: /bip7_disk/pingting114/mixed_bam/COLO829_PAO/TF1e-2_25x/TF1e-2_25x.rep2.bam.bai
[W::hts_idx_load3] The index file is older than the data file: /bip7_disk/pingting114/mixed_bam/COLO829_PAO/TF1e-2_25x/TF1e-2_25x.rep2.bam.bai
[W::hts_idx_load3] The index file is older than the data file: /bip7_disk/pingting114/mixed_bam/COLO829_PAO/TF1e-2_25x/TF1e-2_25x.rep2.bam.bai
[W::hts_idx_load3] The index file is older than the data file: /bip7_disk/pingting114/mixed_bam/COLO829_PAO/TF1e-2_25x/TF1e-2_25x.rep2.bam.bai
[W::hts_idx_load3] The index file is older than the data file: /bip7_disk/pingting114/mixed_bam/COLO829_PAO/TF1e-2_25x/TF1e-2_25x.rep2.bam.bai
[W::hts_idx_load3] The index file is older than the data file: /bip7_disk/pingting114/mixed_bam/COLO829_PAO/TF1e-2_25x/TF1e-2_25x.rep2.bam.bai
[W::hts_idx_load3] The index file is older than the data file: /bip7_disk/pingting114/mixed_bam/COLO829_PAO/TF1e-2_25x/TF1e-2_25x.rep2.bam.bai
[W::hts_idx_load3] The index file is older than the data file: /bip7_disk/pingting114/mixed_bam/COLO829_PAO/TF1e-2_25x/TF1e-2_25x.rep2.bam.bai
[W::hts_idx_load3] The index file is older than the data file: /bip7_disk/pingting114/mixed_bam/COLO829_PAO/TF1e-2_25x/TF1e-2_25x.rep2.bam.bai
[W::bam_next_basemod] MM tag refers to bases beyond sequence length
[W::bam_next_basemod] MM tag refers to bases beyond sequence length
[W::hts_idx_load3] The index file is older than the data file: /bip7_disk/pingting114/mixed_bam/COLO829_PAO/TF1e-2_25x/TF1e-2_25x.rep2.bam.bai
[E::bam_parse_basemod2] 209d21b3-6f37-4e3f-9b03-70c38c4fe5be: MM tag refers to bases beyond sequence length
[W::hts_idx_load3] The index file is older than the data file: /bip7_disk/pingting114/mixed_bam/COLO829_PAO/TF1e-2_25x/TF1e-2_25x.rep2.bam.bai
[W::hts_idx_load3] The index file is older than the data file: /bip7_disk/pingting114/mixed_bam/COLO829_PAO/TF1e-2_25x/TF1e-2_25x.rep2.bam.bai
[W::hts_idx_load3] The index file is older than the data file: /bip7_disk/pingting114/mixed_bam/COLO829_PAO/TF1e-2_25x/TF1e-2_25x.rep2.bam.bai
[W::bam_next_basemod] MM tag refers to bases beyond sequence length
[W::hts_idx_load3] The index file is older than the data file: /bip7_disk/pingting114/mixed_bam/COLO829_PAO/TF1e-2_25x/TF1e-2_25x.rep2.bam.bai
[W::hts_idx_load3] The index file is older than the data file: /bip7_disk/pingting114/mixed_bam/COLO829_PAO/TF1e-2_25x/TF1e-2_25x.rep2.bam.bai
[W::hts_idx_load3] The index file is older than the data file: /bip7_disk/pingting114/mixed_bam/COLO829_PAO/TF1e-2_25x/TF1e-2_25x.rep2.bam.bai
[W::hts_idx_load3] The index file is older than the data file: /bip7_disk/pingting114/mixed_bam/COLO829_PAO/TF1e-2_25x/TF1e-2_25x.rep2.bam.bai
[W::hts_idx_load3] The index file is older than the data file: /bip7_disk/pingting114/mixed_bam/COLO829_PAO/TF1e-2_25x/TF1e-2_25x.rep2.bam.bai
[W::hts_idx_load3] The index file is older than the data file: /bip7_disk/pingting114/mixed_bam/COLO829_PAO/TF1e-2_25x/TF1e-2_25x.rep2.bam.bai
[W::hts_idx_load3] The index file is older than the data file: /bip7_disk/pingting114/mixed_bam/COLO829_PAO/TF1e-2_25x/TF1e-2_25x.rep2.bam.bai
[W::hts_idx_load3] The index file is older than the data file: /bip7_disk/pingting114/mixed_bam/COLO829_PAO/TF1e-2_25x/TF1e-2_25x.rep2.bam.bai
[W::hts_idx_load3] The index file is older than the data file: /bip7_disk/pingting114/mixed_bam/COLO829_PAO/TF1e-2_25x/TF1e-2_25x.rep2.bam.bai
[W::hts_idx_load3] The index file is older than the data file: /bip7_disk/pingting114/mixed_bam/COLO829_PAO/TF1e-2_25x/TF1e-2_25x.rep2.bam.bai
[W::bam_next_basemod] MM tag refers to bases beyond sequence length
[W::bam_next_basemod] MM tag refers to bases beyond sequence length
[W::hts_idx_load3] The index file is older than the data file: /bip7_disk/pingting114/mixed_bam/COLO829_PAO/TF1e-2_25x/TF1e-2_25x.rep2.bam.bai
[W::hts_idx_load3] The index file is older than the data file: /bip7_disk/pingting114/mixed_bam/COLO829_PAO/TF1e-2_25x/TF1e-2_25x.rep2.bam.bai
[E::bam_parse_basemod2] 4d3a6515-217c-4865-8eda-3b871e7ee2cc: MM tag refers to bases beyond sequence length
[W::hts_idx_load3] The index file is older than the data file: /bip7_disk/pingting114/mixed_bam/COLO829_PAO/TF1e-2_25x/TF1e-2_25x.rep2.bam.bai
[W::hts_idx_load3] The index file is older than the data file: /bip7_disk/pingting114/mixed_bam/COLO829_PAO/TF1e-2_25x/TF1e-2_25x.rep2.bam.bai
[W::hts_idx_load3] The index file is older than the data file: /bip7_disk/pingting114/mixed_bam/COLO829_PAO/TF1e-2_25x/TF1e-2_25x.rep2.bam.bai
[E::bam_parse_basemod2] 25146193-11f0-43db-b121-55e627cfbcb3: MM tag refers to bases beyond sequence length
[W::hts_idx_load3] The index file is older than the data file: /bip7_disk/pingting114/mixed_bam/COLO829_PAO/TF1e-2_25x/TF1e-2_25x.rep2.bam.bai
[W::hts_idx_load3] The index file is older than the data file: /bip7_disk/pingting114/mixed_bam/COLO829_PAO/TF1e-2_25x/TF1e-2_25x.rep2.bam.bai
[W::hts_idx_load3] The index file is older than the data file: /bip7_disk/pingting114/mixed_bam/COLO829_PAO/TF1e-2_25x/TF1e-2_25x.rep2.bam.bai
[W::hts_idx_load3] The index file is older than the data file: /bip7_disk/pingting114/mixed_bam/COLO829_PAO/TF1e-2_25x/TF1e-2_25x.rep2.bam.bai
[W::hts_idx_load3] The index file is older than the data file: /bip7_disk/pingting114/mixed_bam/COLO829_PAO/TF1e-2_25x/TF1e-2_25x.rep2.bam.bai
[W::hts_idx_load3] The index file is older than the data file: /bip7_disk/pingting114/mixed_bam/COLO829_PAO/TF1e-2_25x/TF1e-2_25x.rep2.bam.bai
[W::hts_idx_load3] The index file is older than the data file: /bip7_disk/pingting114/mixed_bam/COLO829_PAO/TF1e-2_25x/TF1e-2_25x.rep2.bam.bai
[W::hts_idx_load3] The index file is older than the data file: /bip7_disk/pingting114/mixed_bam/COLO829_PAO/TF1e-2_25x/TF1e-2_25x.rep2.bam.bai
[W::bam_next_basemod] MM tag refers to bases beyond sequence length
[W::hts_idx_load3] The index file is older than the data file: /bip7_disk/pingting114/mixed_bam/COLO829_PAO/TF1e-2_25x/TF1e-2_25x.rep2.bam.bai
[W::hts_idx_load3] The index file is older than the data file: /bip7_disk/pingting114/mixed_bam/COLO829_PAO/TF1e-2_25x/TF1e-2_25x.rep2.bam.bai
[E::bam_parse_basemod2] 5ea84471-646d-41ca-bead-145a847bdbd6: MM tag refers to bases beyond sequence length
[W::hts_idx_load3] The index file is older than the data file: /bip7_disk/pingting114/mixed_bam/COLO829_PAO/TF1e-2_25x/TF1e-2_25x.rep2.bam.bai
[W::hts_idx_load3] The index file is older than the data file: /bip7_disk/pingting114/mixed_bam/COLO829_PAO/TF1e-2_25x/TF1e-2_25x.rep2.bam.bai
[W::hts_idx_load3] The index file is older than the data file: /bip7_disk/pingting114/mixed_bam/COLO829_PAO/TF1e-2_25x/TF1e-2_25x.rep2.bam.bai
[W::hts_idx_load3] The index file is older than the data file: /bip7_disk/pingting114/mixed_bam/COLO829_PAO/TF1e-2_25x/TF1e-2_25x.rep2.bam.bai
[W::hts_idx_load3] The index file is older than the data file: /bip7_disk/pingting114/mixed_bam/COLO829_PAO/TF1e-2_25x/TF1e-2_25x.rep2.bam.bai
[W::bam_next_basemod] MM tag refers to bases beyond sequence length
[W::hts_idx_load3] The index file is older than the data file: /bip7_disk/pingting114/mixed_bam/COLO829_PAO/TF1e-2_25x/TF1e-2_25x.rep2.bam.bai
[W::hts_idx_load3] The index file is older than the data file: /bip7_disk/pingting114/mixed_bam/COLO829_PAO/TF1e-2_25x/TF1e-2_25x.rep2.bam.bai
[W::hts_idx_load3] The index file is older than the data file: /bip7_disk/pingting114/mixed_bam/COLO829_PAO/TF1e-2_25x/TF1e-2_25x.rep2.bam.bai
[E::bam_parse_basemod2] e4169427-d4b2-494a-bb23-97403dc5e9e6: MM tag refers to bases beyond sequence length
[E::bam_parse_basemod2] 037a9ddd-3f44-4ee1-9a80-8b313b7a2d97: MM tag refers to bases beyond sequence length
[W::hts_idx_load3] The index file is older than the data file: /bip7_disk/pingting114/mixed_bam/COLO829_PAO/TF1e-2_25x/TF1e-2_25x.rep2.bam.bai
[E::bam_parse_basemod2] 47662837-8023-4f8c-990f-4b5767f30326: MM tag refers to bases beyond sequence length
[W::hts_idx_load3] The index file is older than the data file: /bip7_disk/pingting114/mixed_bam/COLO829_PAO/TF1e-2_25x/TF1e-2_25x.rep2.bam.bai
[W::bam_next_basemod] MM tag refers to bases beyond sequence length
[W::hts_idx_load3] The index file is older than the data file: /bip7_disk/pingting114/mixed_bam/COLO829_PAO/TF1e-2_25x/TF1e-2_25x.rep2.bam.bai
[W::hts_idx_load3] The index file is older than the data file: /bip7_disk/pingting114/mixed_bam/COLO829_PAO/TF1e-2_25x/TF1e-2_25x.rep2.bam.bai
[W::hts_idx_load3] The index file is older than the data file: /bip7_disk/pingting114/mixed_bam/COLO829_PAO/TF1e-2_25x/TF1e-2_25x.rep2.bam.bai
[W::hts_idx_load3] The index file is older than the data file: /bip7_disk/pingting114/mixed_bam/COLO829_PAO/TF1e-2_25x/TF1e-2_25x.rep2.bam.bai
[E::bam_parse_basemod2] ac974801-0c06-4638-98fe-1608dcf8c110: MM tag refers to bases beyond sequence length
[W::hts_idx_load3] The index file is older than the data file: /bip7_disk/pingting114/mixed_bam/COLO829_PAO/TF1e-2_25x/TF1e-2_25x.rep2.bam.bai
[W::hts_idx_load3] The index file is older than the data file: /bip7_disk/pingting114/mixed_bam/COLO829_PAO/TF1e-2_25x/TF1e-2_25x.rep2.bam.bai
[W::hts_idx_load3] The index file is older than the data file: /bip7_disk/pingting114/mixed_bam/COLO829_PAO/TF1e-2_25x/TF1e-2_25x.rep2.bam.bai
[W::hts_idx_load3] The index file is older than the data file: /bip7_disk/pingting114/mixed_bam/COLO829_PAO/TF1e-2_25x/TF1e-2_25x.rep2.bam.bai
[W::bam_next_basemod] MM tag refers to bases beyond sequence length
[W::hts_idx_load3] The index file is older than the data file: /bip7_disk/pingting114/mixed_bam/COLO829_PAO/TF1e-2_25x/TF1e-2_25x.rep2.bam.bai
[E::bam_parse_basemod2] 5b5dc5ce-ccac-4fe7-a6ce-db5b0e6de21b: MM tag refers to bases beyond sequence length
[W::hts_idx_load3] The index file is older than the data file: /bip7_disk/pingting114/mixed_bam/COLO829_PAO/TF1e-2_25x/TF1e-2_25x.rep2.bam.bai
[W::bam_next_basemod] MM tag refers to bases beyond sequence length
[E::bam_parse_basemod2] d769a4fb-2b39-4364-8f47-3e60a5f73d2d: MM tag refers to bases beyond sequence length
[E::bam_parse_basemod2] 417bdbcb-82db-4cf3-ab90-3e14013f7fd8: MM tag refers to bases beyond sequence length
[W::hts_idx_load3] The index file is older than the data file: /bip7_disk/pingting114/mixed_bam/COLO829_PAO/TF1e-2_25x/TF1e-2_25x.rep2.bam.bai
[E::bam_parse_basemod2] 5e9c5fd0-b91a-46ed-ab32-a9ca51c79501: MM tag refers to bases beyond sequence length
[W::hts_idx_load3] The index file is older than the data file: /bip7_disk/pingting114/mixed_bam/COLO829_PAO/TF1e-2_25x/TF1e-2_25x.rep2.bam.bai
[W::hts_idx_load3] The index file is older than the data file: /bip7_disk/pingting114/mixed_bam/COLO829_PAO/TF1e-2_25x/TF1e-2_25x.rep2.bam.bai
[W::bam_next_basemod] MM tag refers to bases beyond sequence length
[W::hts_idx_load3] The index file is older than the data file: /bip7_disk/pingting114/mixed_bam/COLO829_PAO/TF1e-2_25x/TF1e-2_25x.rep2.bam.bai
[W::hts_idx_load3] The index file is older than the data file: /bip7_disk/pingting114/mixed_bam/COLO829_PAO/TF1e-2_25x/TF1e-2_25x.rep2.bam.bai
[W::bam_next_basemod] MM tag refers to bases beyond sequence length
[W::hts_idx_load3] The index file is older than the data file: /bip7_disk/pingting114/mixed_bam/COLO829_PAO/TF1e-2_25x/TF1e-2_25x.rep2.bam.bai
[W::bam_next_basemod] MM tag refers to bases beyond sequence length
[W::hts_idx_load3] The index file is older than the data file: /bip7_disk/pingting114/mixed_bam/COLO829_PAO/TF1e-2_25x/TF1e-2_25x.rep2.bam.bai
[W::bam_next_basemod] MM tag refers to bases beyond sequence length
[E::bam_parse_basemod2] 4ed36851-4915-48a7-9c6e-cb025d3806af: MM tag refers to bases beyond sequence length
[W::hts_idx_load3] The index file is older than the data file: /bip7_disk/pingting114/mixed_bam/COLO829_PAO/TF1e-2_25x/TF1e-2_25x.rep2.bam.bai
[W::hts_idx_load3] The index file is older than the data file: /bip7_disk/pingting114/mixed_bam/COLO829_PAO/TF1e-2_25x/TF1e-2_25x.rep2.bam.bai
[E::bam_parse_basemod2] 68f128f1-4c44-4d16-9f66-1784652baa5f: MM tag refers to bases beyond sequence length
[W::hts_idx_load3] The index file is older than the data file: /bip7_disk/pingting114/mixed_bam/COLO829_PAO/TF1e-2_25x/TF1e-2_25x.rep2.bam.bai
[W::hts_idx_load3] The index file is older than the data file: /bip7_disk/pingting114/mixed_bam/COLO829_PAO/TF1e-2_25x/TF1e-2_25x.rep2.bam.bai
[W::bam_next_basemod] MM tag refers to bases beyond sequence length
[W::hts_idx_load3] The index file is older than the data file: /bip7_disk/pingting114/mixed_bam/COLO829_PAO/TF1e-2_25x/TF1e-2_25x.rep2.bam.bai
[W::hts_idx_load3] The index file is older than the data file: /bip7_disk/pingting114/mixed_bam/COLO829_PAO/TF1e-2_25x/TF1e-2_25x.rep2.bam.bai
[W::hts_idx_load3] The index file is older than the data file: /bip7_disk/pingting114/mixed_bam/COLO829_PAO/TF1e-2_25x/TF1e-2_25x.rep2.bam.bai
[W::hts_idx_load3] The index file is older than the data file: /bip7_disk/pingting114/mixed_bam/COLO829_PAO/TF1e-2_25x/TF1e-2_25x.rep2.bam.bai
[W::hts_idx_load3] The index file is older than the data file: /bip7_disk/pingting114/mixed_bam/COLO829_PAO/TF1e-2_25x/TF1e-2_25x.rep2.bam.bai
[W::hts_idx_load3] The index file is older than the data file: /bip7_disk/pingting114/mixed_bam/COLO829_PAO/TF1e-2_25x/TF1e-2_25x.rep2.bam.bai
[E::bam_parse_basemod2] 5403223f-606a-48f7-ae4e-876042ce7fb4: MM tag refers to bases beyond sequence length
[W::bam_next_basemod] MM tag refers to bases beyond sequence length
[E::bam_parse_basemod2] bf3103b0-bf67-4689-a451-d74b10791e1c: MM tag refers to bases beyond sequence length
[W::bam_next_basemod] MM tag refers to bases beyond sequence length
[W::hts_idx_load3] The index file is older than the data file: /bip7_disk/pingting114/mixed_bam/COLO829_PAO/TF1e-2_25x/TF1e-2_25x.rep2.bam.bai
[W::hts_idx_load3] The index file is older than the data file: /bip7_disk/pingting114/mixed_bam/COLO829_PAO/TF1e-2_25x/TF1e-2_25x.rep2.bam.bai
[W::hts_idx_load3] The index file is older than the data file: /bip7_disk/pingting114/mixed_bam/COLO829_PAO/TF1e-2_25x/TF1e-2_25x.rep2.bam.bai
[W::hts_idx_load3] The index file is older than the data file: /bip7_disk/pingting114/mixed_bam/COLO829_PAO/TF1e-2_25x/TF1e-2_25x.rep2.bam.bai
[W::bam_next_basemod] MM tag refers to bases beyond sequence length
[W::hts_idx_load3] The index file is older than the data file: /bip7_disk/pingting114/mixed_bam/COLO829_PAO/TF1e-2_25x/TF1e-2_25x.rep2.bam.bai
[W::hts_idx_load3] The index file is older than the data file: /bip7_disk/pingting114/mixed_bam/COLO829_PAO/TF1e-2_25x/TF1e-2_25x.rep2.bam.bai
[W::hts_idx_load3] The index file is older than the data file: /bip7_disk/pingting114/mixed_bam/COLO829_PAO/TF1e-2_25x/TF1e-2_25x.rep2.bam.bai
[W::hts_idx_load3] The index file is older than the data file: /bip7_disk/pingting114/mixed_bam/COLO829_PAO/TF1e-2_25x/TF1e-2_25x.rep2.bam.bai
[W::bam_next_basemod] MM tag refers to bases beyond sequence length
[W::hts_idx_load3] The index file is older than the data file: /bip7_disk/pingting114/mixed_bam/COLO829_PAO/TF1e-2_25x/TF1e-2_25x.rep2.bam.bai
[W::hts_idx_load3] The index file is older than the data file: /bip7_disk/pingting114/mixed_bam/COLO829_PAO/TF1e-2_25x/TF1e-2_25x.rep2.bam.bai
[W::hts_idx_load3] The index file is older than the data file: /bip7_disk/pingting114/mixed_bam/COLO829_PAO/TF1e-2_25x/TF1e-2_25x.rep2.bam.bai
[W::hts_idx_load3] The index file is older than the data file: /bip7_disk/pingting114/mixed_bam/COLO829_PAO/TF1e-2_25x/TF1e-2_25x.rep2.bam.bai
[W::hts_idx_load3] The index file is older than the data file: /bip7_disk/pingting114/mixed_bam/COLO829_PAO/TF1e-2_25x/TF1e-2_25x.rep2.bam.bai
[W::hts_idx_load3] The index file is older than the data file: /bip7_disk/pingting114/mixed_bam/COLO829_PAO/TF1e-2_25x/TF1e-2_25x.rep2.bam.bai
[W::hts_idx_load3] The index file is older than the data file: /bip7_disk/pingting114/mixed_bam/COLO829_PAO/TF1e-2_25x/TF1e-2_25x.rep2.bam.bai
[W::hts_idx_load3] The index file is older than the data file: /bip7_disk/pingting114/mixed_bam/COLO829_PAO/TF1e-2_25x/TF1e-2_25x.rep2.bam.bai
[E::bam_parse_basemod2] 0746b5cc-c7e3-4e6f-8c1f-5fc8747133e4: MM tag refers to bases beyond sequence length
[W::hts_idx_load3] The index file is older than the data file: /bip7_disk/pingting114/mixed_bam/COLO829_PAO/TF1e-2_25x/TF1e-2_25x.rep2.bam.bai
[W::hts_idx_load3] The index file is older than the data file: /bip7_disk/pingting114/mixed_bam/COLO829_PAO/TF1e-2_25x/TF1e-2_25x.rep2.bam.bai
[W::hts_idx_load3] The index file is older than the data file: /bip7_disk/pingting114/mixed_bam/COLO829_PAO/TF1e-2_25x/TF1e-2_25x.rep2.bam.bai
[W::bam_next_basemod] MM tag refers to bases beyond sequence length
[W::hts_idx_load3] The index file is older than the data file: /bip7_disk/pingting114/mixed_bam/COLO829_PAO/TF1e-2_25x/TF1e-2_25x.rep2.bam.bai
[W::bam_next_basemod] MM tag refers to bases beyond sequence length
[W::bam_next_basemod] MM tag refers to bases beyond sequence length
[W::bam_next_basemod] MM tag refers to bases beyond sequence length
[W::hts_idx_load3] The index file is older than the data file: /bip7_disk/pingting114/mixed_bam/COLO829_PAO/TF1e-2_25x/TF1e-2_25x.rep2.bam.bai
[W::hts_idx_load3] The index file is older than the data file: /bip7_disk/pingting114/mixed_bam/COLO829_PAO/TF1e-2_25x/TF1e-2_25x.rep2.bam.bai
[W::hts_idx_load3] The index file is older than the data file: /bip7_disk/pingting114/mixed_bam/COLO829_PAO/TF1e-2_25x/TF1e-2_25x.rep2.bam.bai
[W::bam_next_basemod] MM tag refers to bases beyond sequence length
[W::hts_idx_load3] The index file is older than the data file: /bip7_disk/pingting114/mixed_bam/COLO829_PAO/TF1e-2_25x/TF1e-2_25x.rep2.bam.bai
[W::hts_idx_load3] The index file is older than the data file: /bip7_disk/pingting114/mixed_bam/COLO829_PAO/TF1e-2_25x/TF1e-2_25x.rep2.bam.bai
[W::hts_idx_load3] The index file is older than the data file: /bip7_disk/pingting114/mixed_bam/COLO829_PAO/TF1e-2_25x/TF1e-2_25x.rep2.bam.bai
[W::hts_idx_load3] The index file is older than the data file: /bip7_disk/pingting114/mixed_bam/COLO829_PAO/TF1e-2_25x/TF1e-2_25x.rep2.bam.bai
[E::bam_parse_basemod2] fa6007f0-7bdf-49f7-99e5-773a219ffc86: MM tag refers to bases beyond sequence length
[E::bam_parse_basemod2] 996a9b5b-af2a-4ad3-a4a7-b5a4470450e6: MM tag refers to bases beyond sequence length
[W::hts_idx_load3] The index file is older than the data file: /bip7_disk/pingting114/mixed_bam/COLO829_PAO/TF1e-2_25x/TF1e-2_25x.rep2.bam.bai
[W::hts_idx_load3] The index file is older than the data file: /bip7_disk/pingting114/mixed_bam/COLO829_PAO/TF1e-2_25x/TF1e-2_25x.rep2.bam.bai
[W::hts_idx_load3] The index file is older than the data file: /bip7_disk/pingting114/mixed_bam/COLO829_PAO/TF1e-2_25x/TF1e-2_25x.rep2.bam.bai
[W::hts_idx_load3] The index file is older than the data file: /bip7_disk/pingting114/mixed_bam/COLO829_PAO/TF1e-2_25x/TF1e-2_25x.rep2.bam.bai
[E::bam_parse_basemod2] 3a075474-64d2-4c5a-a8e8-00dfe48d4107: MM tag refers to bases beyond sequence length
[W::hts_idx_load3] The index file is older than the data file: /bip7_disk/pingting114/mixed_bam/COLO829_PAO/TF1e-2_25x/TF1e-2_25x.rep2.bam.bai
[W::hts_idx_load3] The index file is older than the data file: /bip7_disk/pingting114/mixed_bam/COLO829_PAO/TF1e-2_25x/TF1e-2_25x.rep2.bam.bai
[W::hts_idx_load3] The index file is older than the data file: /bip7_disk/pingting114/mixed_bam/COLO829_PAO/TF1e-2_25x/TF1e-2_25x.rep2.bam.bai
[W::hts_idx_load3] The index file is older than the data file: /bip7_disk/pingting114/mixed_bam/COLO829_PAO/TF1e-2_25x/TF1e-2_25x.rep2.bam.bai
[W::bam_next_basemod] MM tag refers to bases beyond sequence length
[E::bam_parse_basemod2] d9d2108c-108d-4f28-9b63-33a6d6171c58: MM tag refers to bases beyond sequence length
[W::hts_idx_load3] The index file is older than the data file: /bip7_disk/pingting114/mixed_bam/COLO829_PAO/TF1e-2_25x/TF1e-2_25x.rep2.bam.bai
[E::bam_parse_basemod2] a9ca4617-ad0f-43d9-a9fb-7f2a764856ac: MM tag refers to bases beyond sequence length
[W::hts_idx_load3] The index file is older than the data file: /bip7_disk/pingting114/mixed_bam/COLO829_PAO/TF1e-2_25x/TF1e-2_25x.rep2.bam.bai
[W::hts_idx_load3] The index file is older than the data file: /bip7_disk/pingting114/mixed_bam/COLO829_PAO/TF1e-2_25x/TF1e-2_25x.rep2.bam.bai
[W::bam_next_basemod] MM tag refers to bases beyond sequence length
[W::hts_idx_load3] The index file is older than the data file: /bip7_disk/pingting114/mixed_bam/COLO829_PAO/TF1e-2_25x/TF1e-2_25x.rep2.bam.bai
[W::hts_idx_load3] The index file is older than the data file: /bip7_disk/pingting114/mixed_bam/COLO829_PAO/TF1e-2_25x/TF1e-2_25x.rep2.bam.bai
[W::hts_idx_load3] The index file is older than the data file: /bip7_disk/pingting114/mixed_bam/COLO829_PAO/TF1e-2_25x/TF1e-2_25x.rep2.bam.bai
[E::bam_parse_basemod2] 879cea3b-0615-4b3e-9251-d8c0d1bef3a1: MM tag refers to bases beyond sequence length
[W::hts_idx_load3] The index file is older than the data file: /bip7_disk/pingting114/mixed_bam/COLO829_PAO/TF1e-2_25x/TF1e-2_25x.rep2.bam.bai
[W::bam_next_basemod] MM tag refers to bases beyond sequence length
[E::bam_parse_basemod2] fc4798db-2659-47d3-9710-c6b80d27319d: MM tag refers to bases beyond sequence length
[W::hts_idx_load3] The index file is older than the data file: /bip7_disk/pingting114/mixed_bam/COLO829_PAO/TF1e-2_25x/TF1e-2_25x.rep2.bam.bai
[W::hts_idx_load3] The index file is older than the data file: /bip7_disk/pingting114/mixed_bam/COLO829_PAO/TF1e-2_25x/TF1e-2_25x.rep2.bam.bai
[W::bam_next_basemod] MM tag refers to bases beyond sequence length
[W::hts_idx_load3] The index file is older than the data file: /bip7_disk/pingting114/mixed_bam/COLO829_PAO/TF1e-2_25x/TF1e-2_25x.rep2.bam.bai
[E::bam_parse_basemod2] 0f369f36-30f2-4e08-b5f7-fe34f67892ed: MM tag refers to bases beyond sequence length
[W::hts_idx_load3] The index file is older than the data file: /bip7_disk/pingting114/mixed_bam/COLO829_PAO/TF1e-2_25x/TF1e-2_25x.rep2.bam.bai
[W::hts_idx_load3] The index file is older than the data file: /bip7_disk/pingting114/mixed_bam/COLO829_PAO/TF1e-2_25x/TF1e-2_25x.rep2.bam.bai
[W::hts_idx_load3] The index file is older than the data file: /bip7_disk/pingting114/mixed_bam/COLO829_PAO/TF1e-2_25x/TF1e-2_25x.rep2.bam.bai
[W::hts_idx_load3] The index file is older than the data file: /bip7_disk/pingting114/mixed_bam/COLO829_PAO/TF1e-2_25x/TF1e-2_25x.rep2.bam.bai
[W::hts_idx_load3] The index file is older than the data file: /bip7_disk/pingting114/mixed_bam/COLO829_PAO/TF1e-2_25x/TF1e-2_25x.rep2.bam.bai
[W::hts_idx_load3] The index file is older than the data file: /bip7_disk/pingting114/mixed_bam/COLO829_PAO/TF1e-2_25x/TF1e-2_25x.rep2.bam.bai
[W::hts_idx_load3] The index file is older than the data file: /bip7_disk/pingting114/mixed_bam/COLO829_PAO/TF1e-2_25x/TF1e-2_25x.rep2.bam.bai
[W::hts_idx_load3] The index file is older than the data file: /bip7_disk/pingting114/mixed_bam/COLO829_PAO/TF1e-2_25x/TF1e-2_25x.rep2.bam.bai
[W::hts_idx_load3] The index file is older than the data file: /bip7_disk/pingting114/mixed_bam/COLO829_PAO/TF1e-2_25x/TF1e-2_25x.rep2.bam.bai
[W::bam_next_basemod] MM tag refers to bases beyond sequence length
[W::hts_idx_load3] The index file is older than the data file: /bip7_disk/pingting114/mixed_bam/COLO829_PAO/TF1e-2_25x/TF1e-2_25x.rep2.bam.bai
[W::hts_idx_load3] The index file is older than the data file: /bip7_disk/pingting114/mixed_bam/COLO829_PAO/TF1e-2_25x/TF1e-2_25x.rep2.bam.bai
[W::hts_idx_load3] The index file is older than the data file: /bip7_disk/pingting114/mixed_bam/COLO829_PAO/TF1e-2_25x/TF1e-2_25x.rep2.bam.bai
[W::bam_next_basemod] MM tag refers to bases beyond sequence length
[W::hts_idx_load3] The index file is older than the data file: /bip7_disk/pingting114/mixed_bam/COLO829_PAO/TF1e-2_25x/TF1e-2_25x.rep2.bam.bai
[W::bam_next_basemod] MM tag refers to bases beyond sequence length
[W::hts_idx_load3] The index file is older than the data file: /bip7_disk/pingting114/mixed_bam/COLO829_PAO/TF1e-2_25x/TF1e-2_25x.rep2.bam.bai
[W::hts_idx_load3] The index file is older than the data file: /bip7_disk/pingting114/mixed_bam/COLO829_PAO/TF1e-2_25x/TF1e-2_25x.rep2.bam.bai
[W::hts_idx_load3] The index file is older than the data file: /bip7_disk/pingting114/mixed_bam/COLO829_PAO/TF1e-2_25x/TF1e-2_25x.rep2.bam.bai
[E::bam_parse_basemod2] 993cf982-a6fa-4bbe-8a90-e84727491974: MM tag refers to bases beyond sequence length
[W::hts_idx_load3] The index file is older than the data file: /bip7_disk/pingting114/mixed_bam/COLO829_PAO/TF1e-2_25x/TF1e-2_25x.rep2.bam.bai
[W::hts_idx_load3] The index file is older than the data file: /bip7_disk/pingting114/mixed_bam/COLO829_PAO/TF1e-2_25x/TF1e-2_25x.rep2.bam.bai
[W::hts_idx_load3] The index file is older than the data file: /bip7_disk/pingting114/mixed_bam/COLO829_PAO/TF1e-2_25x/TF1e-2_25x.rep2.bam.bai
[W::hts_idx_load3] The index file is older than the data file: /bip7_disk/pingting114/mixed_bam/COLO829_PAO/TF1e-2_25x/TF1e-2_25x.rep2.bam.bai
[E::bam_parse_basemod2] c0b71081-2afa-456c-9769-f1d8c206d6f7: MM tag refers to bases beyond sequence length
[E::bam_parse_basemod2] 91790a14-6b59-457b-87d8-a8278e824c99: MM tag refers to bases beyond sequence length
[W::hts_idx_load3] The index file is older than the data file: /bip7_disk/pingting114/mixed_bam/COLO829_PAO/TF1e-2_25x/TF1e-2_25x.rep2.bam.bai
[W::hts_idx_load3] The index file is older than the data file: /bip7_disk/pingting114/mixed_bam/COLO829_PAO/TF1e-2_25x/TF1e-2_25x.rep2.bam.bai
[W::bam_next_basemod] MM tag refers to bases beyond sequence length
[W::hts_idx_load3] The index file is older than the data file: /bip7_disk/pingting114/mixed_bam/COLO829_PAO/TF1e-2_25x/TF1e-2_25x.rep2.bam.bai
[W::hts_idx_load3] The index file is older than the data file: /bip7_disk/pingting114/mixed_bam/COLO829_PAO/TF1e-2_25x/TF1e-2_25x.rep2.bam.bai
[W::bam_next_basemod] MM tag refers to bases beyond sequence length
[E::bam_parse_basemod2] 3b8c1106-d0ed-442e-baaf-4ce64d8d0256: MM tag refers to bases beyond sequence length
[W::hts_idx_load3] The index file is older than the data file: /bip7_disk/pingting114/mixed_bam/COLO829_PAO/TF1e-2_25x/TF1e-2_25x.rep2.bam.bai
[W::hts_idx_load3] The index file is older than the data file: /bip7_disk/pingting114/mixed_bam/COLO829_PAO/TF1e-2_25x/TF1e-2_25x.rep2.bam.bai
[W::hts_idx_load3] The index file is older than the data file: /bip7_disk/pingting114/mixed_bam/COLO829_PAO/TF1e-2_25x/TF1e-2_25x.rep2.bam.bai
[E::bam_parse_basemod2] 2acf16d4-c1a5-494f-9811-5498fd56cbc9: MM tag refers to bases beyond sequence length
[W::hts_idx_load3] The index file is older than the data file: /bip7_disk/pingting114/mixed_bam/COLO829_PAO/TF1e-2_25x/TF1e-2_25x.rep2.bam.bai
[E::bam_parse_basemod2] 8e607117-f5b1-43aa-9980-481352c1831a: MM tag refers to bases beyond sequence length
[W::hts_idx_load3] The index file is older than the data file: /bip7_disk/pingting114/mixed_bam/COLO829_PAO/TF1e-2_25x/TF1e-2_25x.rep2.bam.bai
[W::bam_next_basemod] MM tag refers to bases beyond sequence length
[W::hts_idx_load3] The index file is older than the data file: /bip7_disk/pingting114/mixed_bam/COLO829_PAO/TF1e-2_25x/TF1e-2_25x.rep2.bam.bai
[W::hts_idx_load3] The index file is older than the data file: /bip7_disk/pingting114/mixed_bam/COLO829_PAO/TF1e-2_25x/TF1e-2_25x.rep2.bam.bai
[W::hts_idx_load3] The index file is older than the data file: /bip7_disk/pingting114/mixed_bam/COLO829_PAO/TF1e-2_25x/TF1e-2_25x.rep2.bam.bai
[W::hts_idx_load3] The index file is older than the data file: /bip7_disk/pingting114/mixed_bam/COLO829_PAO/TF1e-2_25x/TF1e-2_25x.rep2.bam.bai
[W::hts_idx_load3] The index file is older than the data file: /bip7_disk/pingting114/mixed_bam/COLO829_PAO/TF1e-2_25x/TF1e-2_25x.rep2.bam.bai
[W::hts_idx_load3] The index file is older than the data file: /bip7_disk/pingting114/mixed_bam/COLO829_PAO/TF1e-2_25x/TF1e-2_25x.rep2.bam.bai
[E::bam_parse_basemod2] bdb15c33-7622-4d3c-947e-16633e15114c: MM tag refers to bases beyond sequence length
[W::hts_idx_load3] The index file is older than the data file: /bip7_disk/pingting114/mixed_bam/COLO829_PAO/TF1e-2_25x/TF1e-2_25x.rep2.bam.bai
[E::bam_parse_basemod2] 8616d732-1ff4-4110-879c-60b209065d98: MM tag refers to bases beyond sequence length
[W::hts_idx_load3] The index file is older than the data file: /bip7_disk/pingting114/mixed_bam/COLO829_PAO/TF1e-2_25x/TF1e-2_25x.rep2.bam.bai
[W::hts_idx_load3] The index file is older than the data file: /bip7_disk/pingting114/mixed_bam/COLO829_PAO/TF1e-2_25x/TF1e-2_25x.rep2.bam.bai
[W::bam_next_basemod] MM tag refers to bases beyond sequence length
[W::hts_idx_load3] The index file is older than the data file: /bip7_disk/pingting114/mixed_bam/COLO829_PAO/TF1e-2_25x/TF1e-2_25x.rep2.bam.bai
[W::hts_idx_load3] The index file is older than the data file: /bip7_disk/pingting114/mixed_bam/COLO829_PAO/TF1e-2_25x/TF1e-2_25x.rep2.bam.bai
[W::hts_idx_load3] The index file is older than the data file: /bip7_disk/pingting114/mixed_bam/COLO829_PAO/TF1e-2_25x/TF1e-2_25x.rep2.bam.bai
[W::hts_idx_load3] The index file is older than the data file: /bip7_disk/pingting114/mixed_bam/COLO829_PAO/TF1e-2_25x/TF1e-2_25x.rep2.bam.bai
[W::hts_idx_load3] The index file is older than the data file: /bip7_disk/pingting114/mixed_bam/COLO829_PAO/TF1e-2_25x/TF1e-2_25x.rep2.bam.bai
[W::hts_idx_load3] The index file is older than the data file: /bip7_disk/pingting114/mixed_bam/COLO829_PAO/TF1e-2_25x/TF1e-2_25x.rep2.bam.bai
[W::hts_idx_load3] The index file is older than the data file: /bip7_disk/pingting114/mixed_bam/COLO829_PAO/TF1e-2_25x/TF1e-2_25x.rep2.bam.bai
[W::hts_idx_load3] The index file is older than the data file: /bip7_disk/pingting114/mixed_bam/COLO829_PAO/TF1e-2_25x/TF1e-2_25x.rep2.bam.bai
[E::bam_parse_basemod2] 1b9c2eb0-3484-46da-a2ec-7487fb964c53: MM tag refers to bases beyond sequence length
[W::hts_idx_load3] The index file is older than the data file: /bip7_disk/pingting114/mixed_bam/COLO829_PAO/TF1e-2_25x/TF1e-2_25x.rep2.bam.bai
[W::hts_idx_load3] The index file is older than the data file: /bip7_disk/pingting114/mixed_bam/COLO829_PAO/TF1e-2_25x/TF1e-2_25x.rep2.bam.bai
[E::bam_parse_basemod2] 58397e8a-937e-4a91-8d3b-85624e664ab8: MM tag refers to bases beyond sequence length
[W::hts_idx_load3] The index file is older than the data file: /bip7_disk/pingting114/mixed_bam/COLO829_PAO/TF1e-2_25x/TF1e-2_25x.rep2.bam.bai
[W::hts_idx_load3] The index file is older than the data file: /bip7_disk/pingting114/mixed_bam/COLO829_PAO/TF1e-2_25x/TF1e-2_25x.rep2.bam.bai
[W::hts_idx_load3] The index file is older than the data file: /bip7_disk/pingting114/mixed_bam/COLO829_PAO/TF1e-2_25x/TF1e-2_25x.rep2.bam.bai
[E::bam_parse_basemod2] c714bb5a-c748-4776-b516-cca1136f1297: MM tag refers to bases beyond sequence length
[W::hts_idx_load3] The index file is older than the data file: /bip7_disk/pingting114/mixed_bam/COLO829_PAO/TF1e-2_25x/TF1e-2_25x.rep2.bam.bai
[W::hts_idx_load3] The index file is older than the data file: /bip7_disk/pingting114/mixed_bam/COLO829_PAO/TF1e-2_25x/TF1e-2_25x.rep2.bam.bai
[W::hts_idx_load3] The index file is older than the data file: /bip7_disk/pingting114/mixed_bam/COLO829_PAO/TF1e-2_25x/TF1e-2_25x.rep2.bam.bai
[W::hts_idx_load3] The index file is older than the data file: /bip7_disk/pingting114/mixed_bam/COLO829_PAO/TF1e-2_25x/TF1e-2_25x.rep2.bam.bai
[W::hts_idx_load3] The index file is older than the data file: /bip7_disk/pingting114/mixed_bam/COLO829_PAO/TF1e-2_25x/TF1e-2_25x.rep2.bam.bai
[W::hts_idx_load3] The index file is older than the data file: /bip7_disk/pingting114/mixed_bam/COLO829_PAO/TF1e-2_25x/TF1e-2_25x.rep2.bam.bai
[W::hts_idx_load3] The index file is older than the data file: /bip7_disk/pingting114/mixed_bam/COLO829_PAO/TF1e-2_25x/TF1e-2_25x.rep2.bam.bai
[W::hts_idx_load3] The index file is older than the data file: /bip7_disk/pingting114/mixed_bam/COLO829_PAO/TF1e-2_25x/TF1e-2_25x.rep2.bam.bai
[W::hts_idx_load3] The index file is older than the data file: /bip7_disk/pingting114/mixed_bam/COLO829_PAO/TF1e-2_25x/TF1e-2_25x.rep2.bam.bai
[W::hts_idx_load3] The index file is older than the data file: /bip7_disk/pingting114/mixed_bam/COLO829_PAO/TF1e-2_25x/TF1e-2_25x.rep2.bam.bai
[W::hts_idx_load3] The index file is older than the data file: /bip7_disk/pingting114/mixed_bam/COLO829_PAO/TF1e-2_25x/TF1e-2_25x.rep2.bam.bai
[W::hts_idx_load3] The index file is older than the data file: /bip7_disk/pingting114/mixed_bam/COLO829_PAO/TF1e-2_25x/TF1e-2_25x.rep2.bam.bai
[W::hts_idx_load3] The index file is older than the data file: /bip7_disk/pingting114/mixed_bam/COLO829_PAO/TF1e-2_25x/TF1e-2_25x.rep2.bam.bai
[W::hts_idx_load3] The index file is older than the data file: /bip7_disk/pingting114/mixed_bam/COLO829_PAO/TF1e-2_25x/TF1e-2_25x.rep2.bam.bai
[W::hts_idx_load3] The index file is older than the data file: /bip7_disk/pingting114/mixed_bam/COLO829_PAO/TF1e-2_25x/TF1e-2_25x.rep2.bam.bai
[E::bam_parse_basemod2] e1a385fa-8236-40bc-a29f-d824f0bcf197: MM tag refers to bases beyond sequence length
[W::hts_idx_load3] The index file is older than the data file: /bip7_disk/pingting114/mixed_bam/COLO829_PAO/TF1e-2_25x/TF1e-2_25x.rep2.bam.bai
[W::hts_idx_load3] The index file is older than the data file: /bip7_disk/pingting114/mixed_bam/COLO829_PAO/TF1e-2_25x/TF1e-2_25x.rep2.bam.bai
[E::bam_parse_basemod2] 65578f1b-f81a-4f56-b0db-464e676ccf40: MM tag refers to bases beyond sequence length
[W::hts_idx_load3] The index file is older than the data file: /bip7_disk/pingting114/mixed_bam/COLO829_PAO/TF1e-2_25x/TF1e-2_25x.rep2.bam.bai
[W::hts_idx_load3] The index file is older than the data file: /bip7_disk/pingting114/mixed_bam/COLO829_PAO/TF1e-2_25x/TF1e-2_25x.rep2.bam.bai
[W::hts_idx_load3] The index file is older than the data file: /bip7_disk/pingting114/mixed_bam/COLO829_PAO/TF1e-2_25x/TF1e-2_25x.rep2.bam.bai
[W::hts_idx_load3] The index file is older than the data file: /bip7_disk/pingting114/mixed_bam/COLO829_PAO/TF1e-2_25x/TF1e-2_25x.rep2.bam.bai
[W::hts_idx_load3] The index file is older than the data file: /bip7_disk/pingting114/mixed_bam/COLO829_PAO/TF1e-2_25x/TF1e-2_25x.rep2.bam.bai
[W::hts_idx_load3] The index file is older than the data file: /bip7_disk/pingting114/mixed_bam/COLO829_PAO/TF1e-2_25x/TF1e-2_25x.rep2.bam.bai
[W::hts_idx_load3] The index file is older than the data file: /bip7_disk/pingting114/mixed_bam/COLO829_PAO/TF1e-2_25x/TF1e-2_25x.rep2.bam.bai
[W::hts_idx_load3] The index file is older than the data file: /bip7_disk/pingting114/mixed_bam/COLO829_PAO/TF1e-2_25x/TF1e-2_25x.rep2.bam.bai
[W::bam_next_basemod] MM tag refers to bases beyond sequence length
[W::bam_next_basemod] MM tag refers to bases beyond sequence length
[W::hts_idx_load3] The index file is older than the data file: /bip7_disk/pingting114/mixed_bam/COLO829_PAO/TF1e-2_25x/TF1e-2_25x.rep2.bam.bai
[W::hts_idx_load3] The index file is older than the data file: /bip7_disk/pingting114/mixed_bam/COLO829_PAO/TF1e-2_25x/TF1e-2_25x.rep2.bam.bai
[W::hts_idx_load3] The index file is older than the data file: /bip7_disk/pingting114/mixed_bam/COLO829_PAO/TF1e-2_25x/TF1e-2_25x.rep2.bam.bai
[W::hts_idx_load3] The index file is older than the data file: /bip7_disk/pingting114/mixed_bam/COLO829_PAO/TF1e-2_25x/TF1e-2_25x.rep2.bam.bai
[W::hts_idx_load3] The index file is older than the data file: /bip7_disk/pingting114/mixed_bam/COLO829_PAO/TF1e-2_25x/TF1e-2_25x.rep2.bam.bai
[W::hts_idx_load3] The index file is older than the data file: /bip7_disk/pingting114/mixed_bam/COLO829_PAO/TF1e-2_25x/TF1e-2_25x.rep2.bam.bai
[W::bam_next_basemod] MM tag refers to bases beyond sequence length
[W::hts_idx_load3] The index file is older than the data file: /bip7_disk/pingting114/mixed_bam/COLO829_PAO/TF1e-2_25x/TF1e-2_25x.rep2.bam.bai
[W::hts_idx_load3] The index file is older than the data file: /bip7_disk/pingting114/mixed_bam/COLO829_PAO/TF1e-2_25x/TF1e-2_25x.rep2.bam.bai
[W::hts_idx_load3] The index file is older than the data file: /bip7_disk/pingting114/mixed_bam/COLO829_PAO/TF1e-2_25x/TF1e-2_25x.rep2.bam.bai
[W::hts_idx_load3] The index file is older than the data file: /bip7_disk/pingting114/mixed_bam/COLO829_PAO/TF1e-2_25x/TF1e-2_25x.rep2.bam.bai
[W::bam_next_basemod] MM tag refers to bases beyond sequence length
[W::hts_idx_load3] The index file is older than the data file: /bip7_disk/pingting114/mixed_bam/COLO829_PAO/TF1e-2_25x/TF1e-2_25x.rep2.bam.bai
[W::hts_idx_load3] The index file is older than the data file: /bip7_disk/pingting114/mixed_bam/COLO829_PAO/TF1e-2_25x/TF1e-2_25x.rep2.bam.bai
[W::hts_idx_load3] The index file is older than the data file: /bip7_disk/pingting114/mixed_bam/COLO829_PAO/TF1e-2_25x/TF1e-2_25x.rep2.bam.bai
[W::hts_idx_load3] The index file is older than the data file: /bip7_disk/pingting114/mixed_bam/COLO829_PAO/TF1e-2_25x/TF1e-2_25x.rep2.bam.bai
[W::hts_idx_load3] The index file is older than the data file: /bip7_disk/pingting114/mixed_bam/COLO829_PAO/TF1e-2_25x/TF1e-2_25x.rep2.bam.bai
[W::hts_idx_load3] The index file is older than the data file: /bip7_disk/pingting114/mixed_bam/COLO829_PAO/TF1e-2_25x/TF1e-2_25x.rep2.bam.bai
[W::hts_idx_load3] The index file is older than the data file: /bip7_disk/pingting114/mixed_bam/COLO829_PAO/TF1e-2_25x/TF1e-2_25x.rep2.bam.bai
[W::hts_idx_load3] The index file is older than the data file: /bip7_disk/pingting114/mixed_bam/COLO829_PAO/TF1e-2_25x/TF1e-2_25x.rep2.bam.bai
[W::hts_idx_load3] The index file is older than the data file: /bip7_disk/pingting114/mixed_bam/COLO829_PAO/TF1e-2_25x/TF1e-2_25x.rep2.bam.bai
[W::bam_next_basemod] MM tag refers to bases beyond sequence length
[W::hts_idx_load3] The index file is older than the data file: /bip7_disk/pingting114/mixed_bam/COLO829_PAO/TF1e-2_25x/TF1e-2_25x.rep2.bam.bai
[W::hts_idx_load3] The index file is older than the data file: /bip7_disk/pingting114/mixed_bam/COLO829_PAO/TF1e-2_25x/TF1e-2_25x.rep2.bam.bai
[W::hts_idx_load3] The index file is older than the data file: /bip7_disk/pingting114/mixed_bam/COLO829_PAO/TF1e-2_25x/TF1e-2_25x.rep2.bam.bai
[W::bam_next_basemod] MM tag refers to bases beyond sequence length
[W::hts_idx_load3] The index file is older than the data file: /bip7_disk/pingting114/mixed_bam/COLO829_PAO/TF1e-2_25x/TF1e-2_25x.rep2.bam.bai
[W::hts_idx_load3] The index file is older than the data file: /bip7_disk/pingting114/mixed_bam/COLO829_PAO/TF1e-2_25x/TF1e-2_25x.rep2.bam.bai
[E::bam_parse_basemod2] 8caef7f2-5287-44ae-b437-c7b44d0aea42: MM tag refers to bases beyond sequence length
[W::hts_idx_load3] The index file is older than the data file: /bip7_disk/pingting114/mixed_bam/COLO829_PAO/TF1e-2_25x/TF1e-2_25x.rep2.bam.bai
[W::hts_idx_load3] The index file is older than the data file: /bip7_disk/pingting114/mixed_bam/COLO829_PAO/TF1e-2_25x/TF1e-2_25x.rep2.bam.bai
[W::bam_next_basemod] MM tag refers to bases beyond sequence length
[W::hts_idx_load3] The index file is older than the data file: /bip7_disk/pingting114/mixed_bam/COLO829_PAO/TF1e-2_25x/TF1e-2_25x.rep2.bam.bai
[W::bam_next_basemod] MM tag refers to bases beyond sequence length
[W::hts_idx_load3] The index file is older than the data file: /bip7_disk/pingting114/mixed_bam/COLO829_PAO/TF1e-2_25x/TF1e-2_25x.rep2.bam.bai
[W::hts_idx_load3] The index file is older than the data file: /bip7_disk/pingting114/mixed_bam/COLO829_PAO/TF1e-2_25x/TF1e-2_25x.rep2.bam.bai
[W::bam_next_basemod] MM tag refers to bases beyond sequence length
[W::hts_idx_load3] The index file is older than the data file: /bip7_disk/pingting114/mixed_bam/COLO829_PAO/TF1e-2_25x/TF1e-2_25x.rep2.bam.bai
[W::hts_idx_load3] The index file is older than the data file: /bip7_disk/pingting114/mixed_bam/COLO829_PAO/TF1e-2_25x/TF1e-2_25x.rep2.bam.bai
[E::bam_parse_basemod2] ec3faf66-9db4-46b2-b738-9cec70d93858: MM tag refers to bases beyond sequence length
[W::hts_idx_load3] The index file is older than the data file: /bip7_disk/pingting114/mixed_bam/COLO829_PAO/TF1e-2_25x/TF1e-2_25x.rep2.bam.bai
[E::bam_parse_basemod2] 45d0bca2-6c26-4929-9793-3845186f22a0: MM tag refers to bases beyond sequence length
[E::bam_parse_basemod2] 13f0884a-2840-4adc-a796-dbec1243b9a8: MM tag refers to bases beyond sequence length
[W::hts_idx_load3] The index file is older than the data file: /bip7_disk/pingting114/mixed_bam/COLO829_PAO/TF1e-2_25x/TF1e-2_25x.rep2.bam.bai
[W::bam_next_basemod] MM tag refers to bases beyond sequence length
[W::hts_idx_load3] The index file is older than the data file: /bip7_disk/pingting114/mixed_bam/COLO829_PAO/TF1e-2_25x/TF1e-2_25x.rep2.bam.bai
[W::hts_idx_load3] The index file is older than the data file: /bip7_disk/pingting114/mixed_bam/COLO829_PAO/TF1e-2_25x/TF1e-2_25x.rep2.bam.bai
[W::hts_idx_load3] The index file is older than the data file: /bip7_disk/pingting114/mixed_bam/COLO829_PAO/TF1e-2_25x/TF1e-2_25x.rep2.bam.bai
[W::hts_idx_load3] The index file is older than the data file: /bip7_disk/pingting114/mixed_bam/COLO829_PAO/TF1e-2_25x/TF1e-2_25x.rep2.bam.bai
[W::hts_idx_load3] The index file is older than the data file: /bip7_disk/pingting114/mixed_bam/COLO829_PAO/TF1e-2_25x/TF1e-2_25x.rep2.bam.bai
[W::hts_idx_load3] The index file is older than the data file: /bip7_disk/pingting114/mixed_bam/COLO829_PAO/TF1e-2_25x/TF1e-2_25x.rep2.bam.bai
[W::hts_idx_load3] The index file is older than the data file: /bip7_disk/pingting114/mixed_bam/COLO829_PAO/TF1e-2_25x/TF1e-2_25x.rep2.bam.bai
[W::hts_idx_load3] The index file is older than the data file: /bip7_disk/pingting114/mixed_bam/COLO829_PAO/TF1e-2_25x/TF1e-2_25x.rep2.bam.bai
[E::bam_parse_basemod2] 1ac53a27-72bd-437c-8526-4162b840433f: MM tag refers to bases beyond sequence length
[W::hts_idx_load3] The index file is older than the data file: /bip7_disk/pingting114/mixed_bam/COLO829_PAO/TF1e-2_25x/TF1e-2_25x.rep2.bam.bai
[W::hts_idx_load3] The index file is older than the data file: /bip7_disk/pingting114/mixed_bam/COLO829_PAO/TF1e-2_25x/TF1e-2_25x.rep2.bam.bai
[E::bam_parse_basemod2] c0913022-62e3-4cd0-93a6-61a5f84fc1ef: MM tag refers to bases beyond sequence length
[W::hts_idx_load3] The index file is older than the data file: /bip7_disk/pingting114/mixed_bam/COLO829_PAO/TF1e-2_25x/TF1e-2_25x.rep2.bam.bai
[W::hts_idx_load3] The index file is older than the data file: /bip7_disk/pingting114/mixed_bam/COLO829_PAO/TF1e-2_25x/TF1e-2_25x.rep2.bam.bai
[W::bam_next_basemod] MM tag refers to bases beyond sequence length
[W::hts_idx_load3] The index file is older than the data file: /bip7_disk/pingting114/mixed_bam/COLO829_PAO/TF1e-2_25x/TF1e-2_25x.rep2.bam.bai
[W::hts_idx_load3] The index file is older than the data file: /bip7_disk/pingting114/mixed_bam/COLO829_PAO/TF1e-2_25x/TF1e-2_25x.rep2.bam.bai
[W::hts_idx_load3] The index file is older than the data file: /bip7_disk/pingting114/mixed_bam/COLO829_PAO/TF1e-2_25x/TF1e-2_25x.rep2.bam.bai
[W::bam_next_basemod] MM tag refers to bases beyond sequence length
[W::hts_idx_load3] The index file is older than the data file: /bip7_disk/pingting114/mixed_bam/COLO829_PAO/TF1e-2_25x/TF1e-2_25x.rep2.bam.bai
[W::hts_idx_load3] The index file is older than the data file: /bip7_disk/pingting114/mixed_bam/COLO829_PAO/TF1e-2_25x/TF1e-2_25x.rep2.bam.bai
[E::bam_parse_basemod2] 10a86df4-d3b1-4c5e-9ff9-3ad53a8188bf: MM tag refers to bases beyond sequence length
[W::hts_idx_load3] The index file is older than the data file: /bip7_disk/pingting114/mixed_bam/COLO829_PAO/TF1e-2_25x/TF1e-2_25x.rep2.bam.bai
[W::hts_idx_load3] The index file is older than the data file: /bip7_disk/pingting114/mixed_bam/COLO829_PAO/TF1e-2_25x/TF1e-2_25x.rep2.bam.bai
[W::hts_idx_load3] The index file is older than the data file: /bip7_disk/pingting114/mixed_bam/COLO829_PAO/TF1e-2_25x/TF1e-2_25x.rep2.bam.bai
[W::hts_idx_load3] The index file is older than the data file: /bip7_disk/pingting114/mixed_bam/COLO829_PAO/TF1e-2_25x/TF1e-2_25x.rep2.bam.bai
[E::bam_parse_basemod2] fe6445c8-6f30-42e2-bda0-4affaa4ade26: MM tag refers to bases beyond sequence length
[W::hts_idx_load3] The index file is older than the data file: /bip7_disk/pingting114/mixed_bam/COLO829_PAO/TF1e-2_25x/TF1e-2_25x.rep2.bam.bai
[E::bam_parse_basemod2] a39bb30c-0927-4922-bdd3-a94b1638635d: MM tag refers to bases beyond sequence length
[E::bam_parse_basemod2] c22e9424-4a5d-4c44-bbe8-032d3d4e26f1: MM tag refers to bases beyond sequence length
[W::hts_idx_load3] The index file is older than the data file: /bip7_disk/pingting114/mixed_bam/COLO829_PAO/TF1e-2_25x/TF1e-2_25x.rep2.bam.bai
[W::bam_next_basemod] MM tag refers to bases beyond sequence length
[W::hts_idx_load3] The index file is older than the data file: /bip7_disk/pingting114/mixed_bam/COLO829_PAO/TF1e-2_25x/TF1e-2_25x.rep2.bam.bai
[W::hts_idx_load3] The index file is older than the data file: /bip7_disk/pingting114/mixed_bam/COLO829_PAO/TF1e-2_25x/TF1e-2_25x.rep2.bam.bai
[W::hts_idx_load3] The index file is older than the data file: /bip7_disk/pingting114/mixed_bam/COLO829_PAO/TF1e-2_25x/TF1e-2_25x.rep2.bam.bai
[W::hts_idx_load3] The index file is older than the data file: /bip7_disk/pingting114/mixed_bam/COLO829_PAO/TF1e-2_25x/TF1e-2_25x.rep2.bam.bai
[W::hts_idx_load3] The index file is older than the data file: /bip7_disk/pingting114/mixed_bam/COLO829_PAO/TF1e-2_25x/TF1e-2_25x.rep2.bam.bai
[W::bam_next_basemod] MM tag refers to bases beyond sequence length
[W::bam_next_basemod] MM tag refers to bases beyond sequence length
[W::hts_idx_load3] The index file is older than the data file: /bip7_disk/pingting114/mixed_bam/COLO829_PAO/TF1e-2_25x/TF1e-2_25x.rep2.bam.bai
[W::hts_idx_load3] The index file is older than the data file: /bip7_disk/pingting114/mixed_bam/COLO829_PAO/TF1e-2_25x/TF1e-2_25x.rep2.bam.bai
[E::bam_parse_basemod2] 78d1789d-cc81-4553-8a2a-359c4012ab96: MM tag refers to bases beyond sequence length
[W::hts_idx_load3] The index file is older than the data file: /bip7_disk/pingting114/mixed_bam/COLO829_PAO/TF1e-2_25x/TF1e-2_25x.rep2.bam.bai
[E::bam_parse_basemod2] ec8850f7-0eee-418b-a7ee-5ea7806526cd: MM tag refers to bases beyond sequence length
[W::bam_next_basemod] MM tag refers to bases beyond sequence length
[W::hts_idx_load3] The index file is older than the data file: /bip7_disk/pingting114/mixed_bam/COLO829_PAO/TF1e-2_25x/TF1e-2_25x.rep2.bam.bai
[W::hts_idx_load3] The index file is older than the data file: /bip7_disk/pingting114/mixed_bam/COLO829_PAO/TF1e-2_25x/TF1e-2_25x.rep2.bam.bai
[W::hts_idx_load3] The index file is older than the data file: /bip7_disk/pingting114/mixed_bam/COLO829_PAO/TF1e-2_25x/TF1e-2_25x.rep2.bam.bai
[W::hts_idx_load3] The index file is older than the data file: /bip7_disk/pingting114/mixed_bam/COLO829_PAO/TF1e-2_25x/TF1e-2_25x.rep2.bam.bai
[W::bam_next_basemod] MM tag refers to bases beyond sequence length
[E::bam_parse_basemod2] 035dcc9a-cb19-4e6e-82b6-47743783681e: MM tag refers to bases beyond sequence length
[W::bam_next_basemod] MM tag refers to bases beyond sequence length
[W::hts_idx_load3] The index file is older than the data file: /bip7_disk/pingting114/mixed_bam/COLO829_PAO/TF1e-2_25x/TF1e-2_25x.rep2.bam.bai
[W::hts_idx_load3] The index file is older than the data file: /bip7_disk/pingting114/mixed_bam/COLO829_PAO/TF1e-2_25x/TF1e-2_25x.rep2.bam.bai
[W::hts_idx_load3] The index file is older than the data file: /bip7_disk/pingting114/mixed_bam/COLO829_PAO/TF1e-2_25x/TF1e-2_25x.rep2.bam.bai
[W::hts_idx_load3] The index file is older than the data file: /bip7_disk/pingting114/mixed_bam/COLO829_PAO/TF1e-2_25x/TF1e-2_25x.rep2.bam.bai
[W::hts_idx_load3] The index file is older than the data file: /bip7_disk/pingting114/mixed_bam/COLO829_PAO/TF1e-2_25x/TF1e-2_25x.rep2.bam.bai
[W::hts_idx_load3] The index file is older than the data file: /bip7_disk/pingting114/mixed_bam/COLO829_PAO/TF1e-2_25x/TF1e-2_25x.rep2.bam.bai
[W::hts_idx_load3] The index file is older than the data file: /bip7_disk/pingting114/mixed_bam/COLO829_PAO/TF1e-2_25x/TF1e-2_25x.rep2.bam.bai
[E::bam_parse_basemod2] 15af6637-8ce9-425e-8f80-b354beea1808: MM tag refers to bases beyond sequence length
[W::hts_idx_load3] The index file is older than the data file: /bip7_disk/pingting114/mixed_bam/COLO829_PAO/TF1e-2_25x/TF1e-2_25x.rep2.bam.bai
[W::hts_idx_load3] The index file is older than the data file: /bip7_disk/pingting114/mixed_bam/COLO829_PAO/TF1e-2_25x/TF1e-2_25x.rep2.bam.bai
[W::hts_idx_load3] The index file is older than the data file: /bip7_disk/pingting114/mixed_bam/COLO829_PAO/TF1e-2_25x/TF1e-2_25x.rep2.bam.bai
[W::hts_idx_load3] The index file is older than the data file: /bip7_disk/pingting114/mixed_bam/COLO829_PAO/TF1e-2_25x/TF1e-2_25x.rep2.bam.bai
[W::hts_idx_load3] The index file is older than the data file: /bip7_disk/pingting114/mixed_bam/COLO829_PAO/TF1e-2_25x/TF1e-2_25x.rep2.bam.bai
[W::hts_idx_load3] The index file is older than the data file: /bip7_disk/pingting114/mixed_bam/COLO829_PAO/TF1e-2_25x/TF1e-2_25x.rep2.bam.bai
[W::hts_idx_load3] The index file is older than the data file: /bip7_disk/pingting114/mixed_bam/COLO829_PAO/TF1e-2_25x/TF1e-2_25x.rep2.bam.bai
[W::hts_idx_load3] The index file is older than the data file: /bip7_disk/pingting114/mixed_bam/COLO829_PAO/TF1e-2_25x/TF1e-2_25x.rep2.bam.bai
[W::hts_idx_load3] The index file is older than the data file: /bip7_disk/pingting114/mixed_bam/COLO829_PAO/TF1e-2_25x/TF1e-2_25x.rep2.bam.bai
[W::hts_idx_load3] The index file is older than the data file: /bip7_disk/pingting114/mixed_bam/COLO829_PAO/TF1e-2_25x/TF1e-2_25x.rep2.bam.bai
[W::hts_idx_load3] The index file is older than the data file: /bip7_disk/pingting114/mixed_bam/COLO829_PAO/TF1e-2_25x/TF1e-2_25x.rep2.bam.bai
[W::hts_idx_load3] The index file is older than the data file: /bip7_disk/pingting114/mixed_bam/COLO829_PAO/TF1e-2_25x/TF1e-2_25x.rep2.bam.bai
[W::hts_idx_load3] The index file is older than the data file: /bip7_disk/pingting114/mixed_bam/COLO829_PAO/TF1e-2_25x/TF1e-2_25x.rep2.bam.bai
[W::hts_idx_load3] The index file is older than the data file: /bip7_disk/pingting114/mixed_bam/COLO829_PAO/TF1e-2_25x/TF1e-2_25x.rep2.bam.bai
[W::hts_idx_load3] The index file is older than the data file: /bip7_disk/pingting114/mixed_bam/COLO829_PAO/TF1e-2_25x/TF1e-2_25x.rep2.bam.bai
[E::bam_parse_basemod2] e6d7109f-7757-42f8-84c9-29b3d6c828e9: MM tag refers to bases beyond sequence length
[W::hts_idx_load3] The index file is older than the data file: /bip7_disk/pingting114/mixed_bam/COLO829_PAO/TF1e-2_25x/TF1e-2_25x.rep2.bam.bai
[W::hts_idx_load3] The index file is older than the data file: /bip7_disk/pingting114/mixed_bam/COLO829_PAO/TF1e-2_25x/TF1e-2_25x.rep2.bam.bai
[W::hts_idx_load3] The index file is older than the data file: /bip7_disk/pingting114/mixed_bam/COLO829_PAO/TF1e-2_25x/TF1e-2_25x.rep2.bam.bai
[W::bam_next_basemod] MM tag refers to bases beyond sequence length
[W::hts_idx_load3] The index file is older than the data file: /bip7_disk/pingting114/mixed_bam/COLO829_PAO/TF1e-2_25x/TF1e-2_25x.rep2.bam.bai
[E::bam_parse_basemod2] 846c2a84-8573-466a-a875-a6a4154a1f34: MM tag refers to bases beyond sequence length
[W::hts_idx_load3] The index file is older than the data file: /bip7_disk/pingting114/mixed_bam/COLO829_PAO/TF1e-2_25x/TF1e-2_25x.rep2.bam.bai
[W::hts_idx_load3] The index file is older than the data file: /bip7_disk/pingting114/mixed_bam/COLO829_PAO/TF1e-2_25x/TF1e-2_25x.rep2.bam.bai
[W::bam_next_basemod] MM tag refers to bases beyond sequence length
[W::hts_idx_load3] The index file is older than the data file: /bip7_disk/pingting114/mixed_bam/COLO829_PAO/TF1e-2_25x/TF1e-2_25x.rep2.bam.bai
[W::bam_next_basemod] MM tag refers to bases beyond sequence length
[W::hts_idx_load3] The index file is older than the data file: /bip7_disk/pingting114/mixed_bam/COLO829_PAO/TF1e-2_25x/TF1e-2_25x.rep2.bam.bai
[W::hts_idx_load3] The index file is older than the data file: /bip7_disk/pingting114/mixed_bam/COLO829_PAO/TF1e-2_25x/TF1e-2_25x.rep2.bam.bai
[E::bam_parse_basemod2] b7c21aee-0c4f-42b1-a55b-1a8927b772fa: MM tag refers to bases beyond sequence length
[W::hts_idx_load3] The index file is older than the data file: /bip7_disk/pingting114/mixed_bam/COLO829_PAO/TF1e-2_25x/TF1e-2_25x.rep2.bam.bai
[W::bam_next_basemod] MM tag refers to bases beyond sequence length
[W::hts_idx_load3] The index file is older than the data file: /bip7_disk/pingting114/mixed_bam/COLO829_PAO/TF1e-2_25x/TF1e-2_25x.rep2.bam.bai
[E::bam_parse_basemod2] 4ebd4cf3-59fa-4468-a15e-76329eda1b00: MM tag refers to bases beyond sequence length
[W::hts_idx_load3] The index file is older than the data file: /bip7_disk/pingting114/mixed_bam/COLO829_PAO/TF1e-2_25x/TF1e-2_25x.rep2.bam.bai
[W::hts_idx_load3] The index file is older than the data file: /bip7_disk/pingting114/mixed_bam/COLO829_PAO/TF1e-2_25x/TF1e-2_25x.rep2.bam.bai
[E::bam_parse_basemod2] 601c70ba-1b01-4d7e-bf82-a0974a5bc901: MM tag refers to bases beyond sequence length
[W::hts_idx_load3] The index file is older than the data file: /bip7_disk/pingting114/mixed_bam/COLO829_PAO/TF1e-2_25x/TF1e-2_25x.rep2.bam.bai
[W::hts_idx_load3] The index file is older than the data file: /bip7_disk/pingting114/mixed_bam/COLO829_PAO/TF1e-2_25x/TF1e-2_25x.rep2.bam.bai
[W::hts_idx_load3] The index file is older than the data file: /bip7_disk/pingting114/mixed_bam/COLO829_PAO/TF1e-2_25x/TF1e-2_25x.rep2.bam.bai
[W::bam_next_basemod] MM tag refers to bases beyond sequence length
[W::bam_next_basemod] MM tag refers to bases beyond sequence length
[W::hts_idx_load3] The index file is older than the data file: /bip7_disk/pingting114/mixed_bam/COLO829_PAO/TF1e-2_25x/TF1e-2_25x.rep2.bam.bai
[W::hts_idx_load3] The index file is older than the data file: /bip7_disk/pingting114/mixed_bam/COLO829_PAO/TF1e-2_25x/TF1e-2_25x.rep2.bam.bai
[W::hts_idx_load3] The index file is older than the data file: /bip7_disk/pingting114/mixed_bam/COLO829_PAO/TF1e-2_25x/TF1e-2_25x.rep2.bam.bai
[E::bam_parse_basemod2] 238fdd9d-ed9c-46fc-b5dd-1544723a2cd4: MM tag refers to bases beyond sequence length
[E::bam_parse_basemod2] 7463726d-5d2f-4b02-9a1c-59cb2bab84a7: MM tag refers to bases beyond sequence length
[W::hts_idx_load3] The index file is older than the data file: /bip7_disk/pingting114/mixed_bam/COLO829_PAO/TF1e-2_25x/TF1e-2_25x.rep2.bam.bai
[W::hts_idx_load3] The index file is older than the data file: /bip7_disk/pingting114/mixed_bam/COLO829_PAO/TF1e-2_25x/TF1e-2_25x.rep2.bam.bai
[E::bam_parse_basemod2] 9a24a191-9301-4017-844e-d99bfe84bd9e: MM tag refers to bases beyond sequence length
[W::hts_idx_load3] The index file is older than the data file: /bip7_disk/pingting114/mixed_bam/COLO829_PAO/TF1e-2_25x/TF1e-2_25x.rep2.bam.bai
[W::bam_next_basemod] MM tag refers to bases beyond sequence length
[E::bam_parse_basemod2] 387a05f2-132b-427f-9188-a7cfe3881b52: MM tag refers to bases beyond sequence length
[W::hts_idx_load3] The index file is older than the data file: /bip7_disk/pingting114/mixed_bam/COLO829_PAO/TF1e-2_25x/TF1e-2_25x.rep2.bam.bai
[W::hts_idx_load3] The index file is older than the data file: /bip7_disk/pingting114/mixed_bam/COLO829_PAO/TF1e-2_25x/TF1e-2_25x.rep2.bam.bai
[W::bam_next_basemod] MM tag refers to bases beyond sequence length
[W::hts_idx_load3] The index file is older than the data file: /bip7_disk/pingting114/mixed_bam/COLO829_PAO/TF1e-2_25x/TF1e-2_25x.rep2.bam.bai
[W::hts_idx_load3] The index file is older than the data file: /bip7_disk/pingting114/mixed_bam/COLO829_PAO/TF1e-2_25x/TF1e-2_25x.rep2.bam.bai
[W::bam_next_basemod] MM tag refers to bases beyond sequence length
[W::hts_idx_load3] The index file is older than the data file: /bip7_disk/pingting114/mixed_bam/COLO829_PAO/TF1e-2_25x/TF1e-2_25x.rep2.bam.bai
[W::bam_next_basemod] MM tag refers to bases beyond sequence length
[W::hts_idx_load3] The index file is older than the data file: /bip7_disk/pingting114/mixed_bam/COLO829_PAO/TF1e-2_25x/TF1e-2_25x.rep2.bam.bai
[W::bam_next_basemod] MM tag refers to bases beyond sequence length
[W::hts_idx_load3] The index file is older than the data file: /bip7_disk/pingting114/mixed_bam/COLO829_PAO/TF1e-2_25x/TF1e-2_25x.rep2.bam.bai
[W::hts_idx_load3] The index file is older than the data file: /bip7_disk/pingting114/mixed_bam/COLO829_PAO/TF1e-2_25x/TF1e-2_25x.rep2.bam.bai
[E::bam_parse_basemod2] f706211a-aeb1-47e0-874b-b864a793b4b3: MM tag refers to bases beyond sequence length
[W::hts_idx_load3] The index file is older than the data file: /bip7_disk/pingting114/mixed_bam/COLO829_PAO/TF1e-2_25x/TF1e-2_25x.rep2.bam.bai
[W::bam_next_basemod] MM tag refers to bases beyond sequence length
[W::hts_idx_load3] The index file is older than the data file: /bip7_disk/pingting114/mixed_bam/COLO829_PAO/TF1e-2_25x/TF1e-2_25x.rep2.bam.bai
[W::hts_idx_load3] The index file is older than the data file: /bip7_disk/pingting114/mixed_bam/COLO829_PAO/TF1e-2_25x/TF1e-2_25x.rep2.bam.bai
[E::bam_parse_basemod2] 1df65a8c-3e43-49d2-8887-c72c9815cc09: MM tag refers to bases beyond sequence length
[W::hts_idx_load3] The index file is older than the data file: /bip7_disk/pingting114/mixed_bam/COLO829_PAO/TF1e-2_25x/TF1e-2_25x.rep2.bam.bai
[W::hts_idx_load3] The index file is older than the data file: /bip7_disk/pingting114/mixed_bam/COLO829_PAO/TF1e-2_25x/TF1e-2_25x.rep2.bam.bai
[W::hts_idx_load3] The index file is older than the data file: /bip7_disk/pingting114/mixed_bam/COLO829_PAO/TF1e-2_25x/TF1e-2_25x.rep2.bam.bai
[W::hts_idx_load3] The index file is older than the data file: /bip7_disk/pingting114/mixed_bam/COLO829_PAO/TF1e-2_25x/TF1e-2_25x.rep2.bam.bai
[E::bam_parse_basemod2] f61a3c38-acc0-4f3c-b0ff-0d49a798b8df: MM tag refers to bases beyond sequence length
[W::hts_idx_load3] The index file is older than the data file: /bip7_disk/pingting114/mixed_bam/COLO829_PAO/TF1e-2_25x/TF1e-2_25x.rep2.bam.bai
[W::hts_idx_load3] The index file is older than the data file: /bip7_disk/pingting114/mixed_bam/COLO829_PAO/TF1e-2_25x/TF1e-2_25x.rep2.bam.bai
[W::hts_idx_load3] The index file is older than the data file: /bip7_disk/pingting114/mixed_bam/COLO829_PAO/TF1e-2_25x/TF1e-2_25x.rep2.bam.bai
[W::hts_idx_load3] The index file is older than the data file: /bip7_disk/pingting114/mixed_bam/COLO829_PAO/TF1e-2_25x/TF1e-2_25x.rep2.bam.bai
[E::bam_parse_basemod2] 9ca605a2-0f55-481f-a36c-87accf5ad1c3: MM tag refers to bases beyond sequence length
[W::hts_idx_load3] The index file is older than the data file: /bip7_disk/pingting114/mixed_bam/COLO829_PAO/TF1e-2_25x/TF1e-2_25x.rep2.bam.bai
[W::hts_idx_load3] The index file is older than the data file: /bip7_disk/pingting114/mixed_bam/COLO829_PAO/TF1e-2_25x/TF1e-2_25x.rep2.bam.bai
[W::hts_idx_load3] The index file is older than the data file: /bip7_disk/pingting114/mixed_bam/COLO829_PAO/TF1e-2_25x/TF1e-2_25x.rep2.bam.bai
[W::hts_idx_load3] The index file is older than the data file: /bip7_disk/pingting114/mixed_bam/COLO829_PAO/TF1e-2_25x/TF1e-2_25x.rep2.bam.bai
[W::hts_idx_load3] The index file is older than the data file: /bip7_disk/pingting114/mixed_bam/COLO829_PAO/TF1e-2_25x/TF1e-2_25x.rep2.bam.bai
[W::hts_idx_load3] The index file is older than the data file: /bip7_disk/pingting114/mixed_bam/COLO829_PAO/TF1e-2_25x/TF1e-2_25x.rep2.bam.bai
[E::bam_parse_basemod2] d604f60c-d5b0-40a0-8954-1469c8700bee: MM tag refers to bases beyond sequence length
[W::hts_idx_load3] The index file is older than the data file: /bip7_disk/pingting114/mixed_bam/COLO829_PAO/TF1e-2_25x/TF1e-2_25x.rep2.bam.bai
[W::hts_idx_load3] The index file is older than the data file: /bip7_disk/pingting114/mixed_bam/COLO829_PAO/TF1e-2_25x/TF1e-2_25x.rep2.bam.bai
[W::bam_next_basemod] MM tag refers to bases beyond sequence length
[E::bam_parse_basemod2] 9a15570d-3ee8-4bbf-b1c3-cc56ab0a03f6: MM tag refers to bases beyond sequence length
[E::bam_parse_basemod2] 0f006b5b-bd95-40c8-9f7f-df02b3284006: MM tag refers to bases beyond sequence length
[W::hts_idx_load3] The index file is older than the data file: /bip7_disk/pingting114/mixed_bam/COLO829_PAO/TF1e-2_25x/TF1e-2_25x.rep2.bam.bai
[W::hts_idx_load3] The index file is older than the data file: /bip7_disk/pingting114/mixed_bam/COLO829_PAO/TF1e-2_25x/TF1e-2_25x.rep2.bam.bai
[E::bam_parse_basemod2] 0dac1baa-ec49-4252-9d79-ff94685ffa7b: MM tag refers to bases beyond sequence length
[W::hts_idx_load3] The index file is older than the data file: /bip7_disk/pingting114/mixed_bam/COLO829_PAO/TF1e-2_25x/TF1e-2_25x.rep2.bam.bai
[E::bam_parse_basemod2] 3d39e56a-6757-462d-aeed-ce2586403549: MM tag refers to bases beyond sequence length
[W::hts_idx_load3] The index file is older than the data file: /bip7_disk/pingting114/mixed_bam/COLO829_PAO/TF1e-2_25x/TF1e-2_25x.rep2.bam.bai
[W::bam_next_basemod] MM tag refers to bases beyond sequence length
[W::hts_idx_load3] The index file is older than the data file: /bip7_disk/pingting114/mixed_bam/COLO829_PAO/TF1e-2_25x/TF1e-2_25x.rep2.bam.bai
[W::bam_next_basemod] MM tag refers to bases beyond sequence length
[W::hts_idx_load3] The index file is older than the data file: /bip7_disk/pingting114/mixed_bam/COLO829_PAO/TF1e-2_25x/TF1e-2_25x.rep2.bam.bai
[W::hts_idx_load3] The index file is older than the data file: /bip7_disk/pingting114/mixed_bam/COLO829_PAO/TF1e-2_25x/TF1e-2_25x.rep2.bam.bai
[W::hts_idx_load3] The index file is older than the data file: /bip7_disk/pingting114/mixed_bam/COLO829_PAO/TF1e-2_25x/TF1e-2_25x.rep2.bam.bai
[W::hts_idx_load3] The index file is older than the data file: /bip7_disk/pingting114/mixed_bam/COLO829_PAO/TF1e-2_25x/TF1e-2_25x.rep2.bam.bai
[W::hts_idx_load3] The index file is older than the data file: /bip7_disk/pingting114/mixed_bam/COLO829_PAO/TF1e-2_25x/TF1e-2_25x.rep2.bam.bai
[W::hts_idx_load3] The index file is older than the data file: /bip7_disk/pingting114/mixed_bam/COLO829_PAO/TF1e-2_25x/TF1e-2_25x.rep2.bam.bai
[E::bam_parse_basemod2] a0f25337-fb4b-4ccc-9bbe-7ed9d2fae31b: MM tag refers to bases beyond sequence length
[W::hts_idx_load3] The index file is older than the data file: /bip7_disk/pingting114/mixed_bam/COLO829_PAO/TF1e-2_25x/TF1e-2_25x.rep2.bam.bai
[W::bam_next_basemod] MM tag refers to bases beyond sequence length
[W::bam_next_basemod] MM tag refers to bases beyond sequence length
[W::hts_idx_load3] The index file is older than the data file: /bip7_disk/pingting114/mixed_bam/COLO829_PAO/TF1e-2_25x/TF1e-2_25x.rep2.bam.bai
[W::hts_idx_load3] The index file is older than the data file: /bip7_disk/pingting114/mixed_bam/COLO829_PAO/TF1e-2_25x/TF1e-2_25x.rep2.bam.bai
[W::bam_next_basemod] MM tag refers to bases beyond sequence length
[W::hts_idx_load3] The index file is older than the data file: /bip7_disk/pingting114/mixed_bam/COLO829_PAO/TF1e-2_25x/TF1e-2_25x.rep2.bam.bai
[W::bam_next_basemod] MM tag refers to bases beyond sequence length
[W::hts_idx_load3] The index file is older than the data file: /bip7_disk/pingting114/mixed_bam/COLO829_PAO/TF1e-2_25x/TF1e-2_25x.rep2.bam.bai
[W::hts_idx_load3] The index file is older than the data file: /bip7_disk/pingting114/mixed_bam/COLO829_PAO/TF1e-2_25x/TF1e-2_25x.rep2.bam.bai
[W::hts_idx_load3] The index file is older than the data file: /bip7_disk/pingting114/mixed_bam/COLO829_PAO/TF1e-2_25x/TF1e-2_25x.rep2.bam.bai
[W::hts_idx_load3] The index file is older than the data file: /bip7_disk/pingting114/mixed_bam/COLO829_PAO/TF1e-2_25x/TF1e-2_25x.rep2.bam.bai
[W::hts_idx_load3] The index file is older than the data file: /bip7_disk/pingting114/mixed_bam/COLO829_PAO/TF1e-2_25x/TF1e-2_25x.rep2.bam.bai
[W::hts_idx_load3] The index file is older than the data file: /bip7_disk/pingting114/mixed_bam/COLO829_PAO/TF1e-2_25x/TF1e-2_25x.rep2.bam.bai
[W::bam_next_basemod] MM tag refers to bases beyond sequence length
[W::hts_idx_load3] The index file is older than the data file: /bip7_disk/pingting114/mixed_bam/COLO829_PAO/TF1e-2_25x/TF1e-2_25x.rep2.bam.bai
[W::hts_idx_load3] The index file is older than the data file: /bip7_disk/pingting114/mixed_bam/COLO829_PAO/TF1e-2_25x/TF1e-2_25x.rep2.bam.bai
[W::hts_idx_load3] The index file is older than the data file: /bip7_disk/pingting114/mixed_bam/COLO829_PAO/TF1e-2_25x/TF1e-2_25x.rep2.bam.bai
[W::hts_idx_load3] The index file is older than the data file: /bip7_disk/pingting114/mixed_bam/COLO829_PAO/TF1e-2_25x/TF1e-2_25x.rep2.bam.bai
[W::hts_idx_load3] The index file is older than the data file: /bip7_disk/pingting114/mixed_bam/COLO829_PAO/TF1e-2_25x/TF1e-2_25x.rep2.bam.bai
[W::hts_idx_load3] The index file is older than the data file: /bip7_disk/pingting114/mixed_bam/COLO829_PAO/TF1e-2_25x/TF1e-2_25x.rep2.bam.bai
[E::bam_parse_basemod2] 9a009362-90d8-4c4e-af13-f4f8716c52fc: MM tag refers to bases beyond sequence length
[W::hts_idx_load3] The index file is older than the data file: /bip7_disk/pingting114/mixed_bam/COLO829_PAO/TF1e-2_25x/TF1e-2_25x.rep2.bam.bai
[W::hts_idx_load3] The index file is older than the data file: /bip7_disk/pingting114/mixed_bam/COLO829_PAO/TF1e-2_25x/TF1e-2_25x.rep2.bam.bai
[W::hts_idx_load3] The index file is older than the data file: /bip7_disk/pingting114/mixed_bam/COLO829_PAO/TF1e-2_25x/TF1e-2_25x.rep2.bam.bai
[W::hts_idx_load3] The index file is older than the data file: /bip7_disk/pingting114/mixed_bam/COLO829_PAO/TF1e-2_25x/TF1e-2_25x.rep2.bam.bai
[W::bam_next_basemod] MM tag refers to bases beyond sequence length
[W::hts_idx_load3] The index file is older than the data file: /bip7_disk/pingting114/mixed_bam/COLO829_PAO/TF1e-2_25x/TF1e-2_25x.rep2.bam.bai
[W::hts_idx_load3] The index file is older than the data file: /bip7_disk/pingting114/mixed_bam/COLO829_PAO/TF1e-2_25x/TF1e-2_25x.rep2.bam.bai
[W::hts_idx_load3] The index file is older than the data file: /bip7_disk/pingting114/mixed_bam/COLO829_PAO/TF1e-2_25x/TF1e-2_25x.rep2.bam.bai
[W::hts_idx_load3] The index file is older than the data file: /bip7_disk/pingting114/mixed_bam/COLO829_PAO/TF1e-2_25x/TF1e-2_25x.rep2.bam.bai
[W::hts_idx_load3] The index file is older than the data file: /bip7_disk/pingting114/mixed_bam/COLO829_PAO/TF1e-2_25x/TF1e-2_25x.rep2.bam.bai
[W::hts_idx_load3] The index file is older than the data file: /bip7_disk/pingting114/mixed_bam/COLO829_PAO/TF1e-2_25x/TF1e-2_25x.rep2.bam.bai
[W::hts_idx_load3] The index file is older than the data file: /bip7_disk/pingting114/mixed_bam/COLO829_PAO/TF1e-2_25x/TF1e-2_25x.rep2.bam.bai
[E::bam_parse_basemod2] 38475b7e-8455-4e02-9344-54dfd7b59cbb: MM tag refers to bases beyond sequence length
[W::hts_idx_load3] The index file is older than the data file: /bip7_disk/pingting114/mixed_bam/COLO829_PAO/TF1e-2_25x/TF1e-2_25x.rep2.bam.bai
[W::bam_next_basemod] MM tag refers to bases beyond sequence length
[W::hts_idx_load3] The index file is older than the data file: /bip7_disk/pingting114/mixed_bam/COLO829_PAO/TF1e-2_25x/TF1e-2_25x.rep2.bam.bai
[W::hts_idx_load3] The index file is older than the data file: /bip7_disk/pingting114/mixed_bam/COLO829_PAO/TF1e-2_25x/TF1e-2_25x.rep2.bam.bai
[W::hts_idx_load3] The index file is older than the data file: /bip7_disk/pingting114/mixed_bam/COLO829_PAO/TF1e-2_25x/TF1e-2_25x.rep2.bam.bai
[W::hts_idx_load3] The index file is older than the data file: /bip7_disk/pingting114/mixed_bam/COLO829_PAO/TF1e-2_25x/TF1e-2_25x.rep2.bam.bai
[W::bam_next_basemod] MM tag refers to bases beyond sequence length
[W::hts_idx_load3] The index file is older than the data file: /bip7_disk/pingting114/mixed_bam/COLO829_PAO/TF1e-2_25x/TF1e-2_25x.rep2.bam.bai
[W::hts_idx_load3] The index file is older than the data file: /bip7_disk/pingting114/mixed_bam/COLO829_PAO/TF1e-2_25x/TF1e-2_25x.rep2.bam.bai
[W::hts_idx_load3] The index file is older than the data file: /bip7_disk/pingting114/mixed_bam/COLO829_PAO/TF1e-2_25x/TF1e-2_25x.rep2.bam.bai
[W::bam_next_basemod] MM tag refers to bases beyond sequence length
[W::hts_idx_load3] The index file is older than the data file: /bip7_disk/pingting114/mixed_bam/COLO829_PAO/TF1e-2_25x/TF1e-2_25x.rep2.bam.bai
[W::hts_idx_load3] The index file is older than the data file: /bip7_disk/pingting114/mixed_bam/COLO829_PAO/TF1e-2_25x/TF1e-2_25x.rep2.bam.bai
[W::bam_next_basemod] MM tag refers to bases beyond sequence length
[W::hts_idx_load3] The index file is older than the data file: /bip7_disk/pingting114/mixed_bam/COLO829_PAO/TF1e-2_25x/TF1e-2_25x.rep2.bam.bai
[W::bam_next_basemod] MM tag refers to bases beyond sequence length
[W::hts_idx_load3] The index file is older than the data file: /bip7_disk/pingting114/mixed_bam/COLO829_PAO/TF1e-2_25x/TF1e-2_25x.rep2.bam.bai
[W::hts_idx_load3] The index file is older than the data file: /bip7_disk/pingting114/mixed_bam/COLO829_PAO/TF1e-2_25x/TF1e-2_25x.rep2.bam.bai
[W::hts_idx_load3] The index file is older than the data file: /bip7_disk/pingting114/mixed_bam/COLO829_PAO/TF1e-2_25x/TF1e-2_25x.rep2.bam.bai
[W::hts_idx_load3] The index file is older than the data file: /bip7_disk/pingting114/mixed_bam/COLO829_PAO/TF1e-2_25x/TF1e-2_25x.rep2.bam.bai
[E::bam_parse_basemod2] 6d1e9834-cd3e-41af-b6b1-aca464810972: MM tag refers to bases beyond sequence length
[W::hts_idx_load3] The index file is older than the data file: /bip7_disk/pingting114/mixed_bam/COLO829_PAO/TF1e-2_25x/TF1e-2_25x.rep2.bam.bai
[W::hts_idx_load3] The index file is older than the data file: /bip7_disk/pingting114/mixed_bam/COLO829_PAO/TF1e-2_25x/TF1e-2_25x.rep2.bam.bai
[W::hts_idx_load3] The index file is older than the data file: /bip7_disk/pingting114/mixed_bam/COLO829_PAO/TF1e-2_25x/TF1e-2_25x.rep2.bam.bai
[W::hts_idx_load3] The index file is older than the data file: /bip7_disk/pingting114/mixed_bam/COLO829_PAO/TF1e-2_25x/TF1e-2_25x.rep2.bam.bai
[W::hts_idx_load3] The index file is older than the data file: /bip7_disk/pingting114/mixed_bam/COLO829_PAO/TF1e-2_25x/TF1e-2_25x.rep2.bam.bai
[W::bam_next_basemod] MM tag refers to bases beyond sequence length
[W::hts_idx_load3] The index file is older than the data file: /bip7_disk/pingting114/mixed_bam/COLO829_PAO/TF1e-2_25x/TF1e-2_25x.rep2.bam.bai
[W::hts_idx_load3] The index file is older than the data file: /bip7_disk/pingting114/mixed_bam/COLO829_PAO/TF1e-2_25x/TF1e-2_25x.rep2.bam.bai
[W::hts_idx_load3] The index file is older than the data file: /bip7_disk/pingting114/mixed_bam/COLO829_PAO/TF1e-2_25x/TF1e-2_25x.rep2.bam.bai
[W::hts_idx_load3] The index file is older than the data file: /bip7_disk/pingting114/mixed_bam/COLO829_PAO/TF1e-2_25x/TF1e-2_25x.rep2.bam.bai
[W::hts_idx_load3] The index file is older than the data file: /bip7_disk/pingting114/mixed_bam/COLO829_PAO/TF1e-2_25x/TF1e-2_25x.rep2.bam.bai
[E::bam_parse_basemod2] 0887b581-2113-4c37-8324-96475e68da8b: MM tag refers to bases beyond sequence length
[W::hts_idx_load3] The index file is older than the data file: /bip7_disk/pingting114/mixed_bam/COLO829_PAO/TF1e-2_25x/TF1e-2_25x.rep2.bam.bai
[W::hts_idx_load3] The index file is older than the data file: /bip7_disk/pingting114/mixed_bam/COLO829_PAO/TF1e-2_25x/TF1e-2_25x.rep2.bam.bai
[W::bam_next_basemod] MM tag refers to bases beyond sequence length
[W::hts_idx_load3] The index file is older than the data file: /bip7_disk/pingting114/mixed_bam/COLO829_PAO/TF1e-2_25x/TF1e-2_25x.rep2.bam.bai
[W::hts_idx_load3] The index file is older than the data file: /bip7_disk/pingting114/mixed_bam/COLO829_PAO/TF1e-2_25x/TF1e-2_25x.rep2.bam.bai
[W::bam_next_basemod] MM tag refers to bases beyond sequence length
[W::hts_idx_load3] The index file is older than the data file: /bip7_disk/pingting114/mixed_bam/COLO829_PAO/TF1e-2_25x/TF1e-2_25x.rep2.bam.bai
[E::bam_parse_basemod2] 4a9360a7-b994-4e8d-9de6-d8cc9fcc5d8d: MM tag refers to bases beyond sequence length
[W::hts_idx_load3] The index file is older than the data file: /bip7_disk/pingting114/mixed_bam/COLO829_PAO/TF1e-2_25x/TF1e-2_25x.rep2.bam.bai
[W::hts_idx_load3] The index file is older than the data file: /bip7_disk/pingting114/mixed_bam/COLO829_PAO/TF1e-2_25x/TF1e-2_25x.rep2.bam.bai
[W::hts_idx_load3] The index file is older than the data file: /bip7_disk/pingting114/mixed_bam/COLO829_PAO/TF1e-2_25x/TF1e-2_25x.rep2.bam.bai
[W::hts_idx_load3] The index file is older than the data file: /bip7_disk/pingting114/mixed_bam/COLO829_PAO/TF1e-2_25x/TF1e-2_25x.rep2.bam.bai
[W::hts_idx_load3] The index file is older than the data file: /bip7_disk/pingting114/mixed_bam/COLO829_PAO/TF1e-2_25x/TF1e-2_25x.rep2.bam.bai
[W::hts_idx_load3] The index file is older than the data file: /bip7_disk/pingting114/mixed_bam/COLO829_PAO/TF1e-2_25x/TF1e-2_25x.rep2.bam.bai
[W::hts_idx_load3] The index file is older than the data file: /bip7_disk/pingting114/mixed_bam/COLO829_PAO/TF1e-2_25x/TF1e-2_25x.rep2.bam.bai
[W::hts_idx_load3] The index file is older than the data file: /bip7_disk/pingting114/mixed_bam/COLO829_PAO/TF1e-2_25x/TF1e-2_25x.rep2.bam.bai
[W::hts_idx_load3] The index file is older than the data file: /bip7_disk/pingting114/mixed_bam/COLO829_PAO/TF1e-2_25x/TF1e-2_25x.rep2.bam.bai
[W::hts_idx_load3] The index file is older than the data file: /bip7_disk/pingting114/mixed_bam/COLO829_PAO/TF1e-2_25x/TF1e-2_25x.rep2.bam.bai
[W::bam_next_basemod] MM tag refers to bases beyond sequence length
[W::hts_idx_load3] The index file is older than the data file: /bip7_disk/pingting114/mixed_bam/COLO829_PAO/TF1e-2_25x/TF1e-2_25x.rep2.bam.bai
[W::hts_idx_load3] The index file is older than the data file: /bip7_disk/pingting114/mixed_bam/COLO829_PAO/TF1e-2_25x/TF1e-2_25x.rep2.bam.bai
[W::hts_idx_load3] The index file is older than the data file: /bip7_disk/pingting114/mixed_bam/COLO829_PAO/TF1e-2_25x/TF1e-2_25x.rep2.bam.bai
[W::hts_idx_load3] The index file is older than the data file: /bip7_disk/pingting114/mixed_bam/COLO829_PAO/TF1e-2_25x/TF1e-2_25x.rep2.bam.bai
[W::hts_idx_load3] The index file is older than the data file: /bip7_disk/pingting114/mixed_bam/COLO829_PAO/TF1e-2_25x/TF1e-2_25x.rep2.bam.bai
[W::hts_idx_load3] The index file is older than the data file: /bip7_disk/pingting114/mixed_bam/COLO829_PAO/TF1e-2_25x/TF1e-2_25x.rep2.bam.bai
[E::bam_parse_basemod2] 7faaffe4-3d75-4f4e-a7dc-f417c75ef96c: MM tag refers to bases beyond sequence length
[W::hts_idx_load3] The index file is older than the data file: /bip7_disk/pingting114/mixed_bam/COLO829_PAO/TF1e-2_25x/TF1e-2_25x.rep2.bam.bai
[W::hts_idx_load3] The index file is older than the data file: /bip7_disk/pingting114/mixed_bam/COLO829_PAO/TF1e-2_25x/TF1e-2_25x.rep2.bam.bai
[W::hts_idx_load3] The index file is older than the data file: /bip7_disk/pingting114/mixed_bam/COLO829_PAO/TF1e-2_25x/TF1e-2_25x.rep2.bam.bai
[W::hts_idx_load3] The index file is older than the data file: /bip7_disk/pingting114/mixed_bam/COLO829_PAO/TF1e-2_25x/TF1e-2_25x.rep2.bam.bai
[W::hts_idx_load3] The index file is older than the data file: /bip7_disk/pingting114/mixed_bam/COLO829_PAO/TF1e-2_25x/TF1e-2_25x.rep2.bam.bai
[E::bam_parse_basemod2] 64765ff8-660d-47e9-a94e-62c2a39c8745: MM tag refers to bases beyond sequence length
[W::hts_idx_load3] The index file is older than the data file: /bip7_disk/pingting114/mixed_bam/COLO829_PAO/TF1e-2_25x/TF1e-2_25x.rep2.bam.bai
[W::hts_idx_load3] The index file is older than the data file: /bip7_disk/pingting114/mixed_bam/COLO829_PAO/TF1e-2_25x/TF1e-2_25x.rep2.bam.bai
[W::hts_idx_load3] The index file is older than the data file: /bip7_disk/pingting114/mixed_bam/COLO829_PAO/TF1e-2_25x/TF1e-2_25x.rep2.bam.bai
[W::hts_idx_load3] The index file is older than the data file: /bip7_disk/pingting114/mixed_bam/COLO829_PAO/TF1e-2_25x/TF1e-2_25x.rep2.bam.bai
[W::hts_idx_load3] The index file is older than the data file: /bip7_disk/pingting114/mixed_bam/COLO829_PAO/TF1e-2_25x/TF1e-2_25x.rep2.bam.bai
[W::hts_idx_load3] The index file is older than the data file: /bip7_disk/pingting114/mixed_bam/COLO829_PAO/TF1e-2_25x/TF1e-2_25x.rep2.bam.bai
[W::hts_idx_load3] The index file is older than the data file: /bip7_disk/pingting114/mixed_bam/COLO829_PAO/TF1e-2_25x/TF1e-2_25x.rep2.bam.bai
[E::bam_parse_basemod2] 09526641-f0ec-41ac-8d07-08f3b9ef279c: MM tag refers to bases beyond sequence length
[W::hts_idx_load3] The index file is older than the data file: /bip7_disk/pingting114/mixed_bam/COLO829_PAO/TF1e-2_25x/TF1e-2_25x.rep2.bam.bai
[W::hts_idx_load3] The index file is older than the data file: /bip7_disk/pingting114/mixed_bam/COLO829_PAO/TF1e-2_25x/TF1e-2_25x.rep2.bam.bai
[W::bam_next_basemod] MM tag refers to bases beyond sequence length
[W::bam_next_basemod] MM tag refers to bases beyond sequence length
[W::hts_idx_load3] The index file is older than the data file: /bip7_disk/pingting114/mixed_bam/COLO829_PAO/TF1e-2_25x/TF1e-2_25x.rep2.bam.bai
[W::hts_idx_load3] The index file is older than the data file: /bip7_disk/pingting114/mixed_bam/COLO829_PAO/TF1e-2_25x/TF1e-2_25x.rep2.bam.bai
[E::bam_parse_basemod2] afc1e996-956f-4561-acbd-b16720fa9c47: MM tag refers to bases beyond sequence length
[W::hts_idx_load3] The index file is older than the data file: /bip7_disk/pingting114/mixed_bam/COLO829_PAO/TF1e-2_25x/TF1e-2_25x.rep2.bam.bai
[E::bam_parse_basemod2] 8039333c-4811-49b3-aa2d-bd04872c5b41: MM tag refers to bases beyond sequence length
[E::bam_parse_basemod2] 32121697-e3d6-4f58-9b22-616ffe05ef6d: MM tag refers to bases beyond sequence length
[W::hts_idx_load3] The index file is older than the data file: /bip7_disk/pingting114/mixed_bam/COLO829_PAO/TF1e-2_25x/TF1e-2_25x.rep2.bam.bai
[W::hts_idx_load3] The index file is older than the data file: /bip7_disk/pingting114/mixed_bam/COLO829_PAO/TF1e-2_25x/TF1e-2_25x.rep2.bam.bai
[W::hts_idx_load3] The index file is older than the data file: /bip7_disk/pingting114/mixed_bam/COLO829_PAO/TF1e-2_25x/TF1e-2_25x.rep2.bam.bai
[W::hts_idx_load3] The index file is older than the data file: /bip7_disk/pingting114/mixed_bam/COLO829_PAO/TF1e-2_25x/TF1e-2_25x.rep2.bam.bai
[W::hts_idx_load3] The index file is older than the data file: /bip7_disk/pingting114/mixed_bam/COLO829_PAO/TF1e-2_25x/TF1e-2_25x.rep2.bam.bai
[E::bam_parse_basemod2] 296f5229-7d85-48a5-a270-d819a46a48c6: MM tag refers to bases beyond sequence length
[W::hts_idx_load3] The index file is older than the data file: /bip7_disk/pingting114/mixed_bam/COLO829_PAO/TF1e-2_25x/TF1e-2_25x.rep2.bam.bai
[W::hts_idx_load3] The index file is older than the data file: /bip7_disk/pingting114/mixed_bam/COLO829_PAO/TF1e-2_25x/TF1e-2_25x.rep2.bam.bai
[W::bam_next_basemod] MM tag refers to bases beyond sequence length
[W::hts_idx_load3] The index file is older than the data file: /bip7_disk/pingting114/mixed_bam/COLO829_PAO/TF1e-2_25x/TF1e-2_25x.rep2.bam.bai
[W::hts_idx_load3] The index file is older than the data file: /bip7_disk/pingting114/mixed_bam/COLO829_PAO/TF1e-2_25x/TF1e-2_25x.rep2.bam.bai
[W::hts_idx_load3] The index file is older than the data file: /bip7_disk/pingting114/mixed_bam/COLO829_PAO/TF1e-2_25x/TF1e-2_25x.rep2.bam.bai
[W::bam_next_basemod] MM tag refers to bases beyond sequence length
[E::bam_parse_basemod2] df3767e8-f8c4-4f3d-98a9-1ed4a913a592: MM tag refers to bases beyond sequence length
[W::hts_idx_load3] The index file is older than the data file: /bip7_disk/pingting114/mixed_bam/COLO829_PAO/TF1e-2_25x/TF1e-2_25x.rep2.bam.bai
[W::hts_idx_load3] The index file is older than the data file: /bip7_disk/pingting114/mixed_bam/COLO829_PAO/TF1e-2_25x/TF1e-2_25x.rep2.bam.bai
[W::bam_next_basemod] MM tag refers to bases beyond sequence length
[W::hts_idx_load3] The index file is older than the data file: /bip7_disk/pingting114/mixed_bam/COLO829_PAO/TF1e-2_25x/TF1e-2_25x.rep2.bam.bai
[W::hts_idx_load3] The index file is older than the data file: /bip7_disk/pingting114/mixed_bam/COLO829_PAO/TF1e-2_25x/TF1e-2_25x.rep2.bam.bai
[W::hts_idx_load3] The index file is older than the data file: /bip7_disk/pingting114/mixed_bam/COLO829_PAO/TF1e-2_25x/TF1e-2_25x.rep2.bam.bai
[W::hts_idx_load3] The index file is older than the data file: /bip7_disk/pingting114/mixed_bam/COLO829_PAO/TF1e-2_25x/TF1e-2_25x.rep2.bam.bai
[W::hts_idx_load3] The index file is older than the data file: /bip7_disk/pingting114/mixed_bam/COLO829_PAO/TF1e-2_25x/TF1e-2_25x.rep2.bam.bai
[W::hts_idx_load3] The index file is older than the data file: /bip7_disk/pingting114/mixed_bam/COLO829_PAO/TF1e-2_25x/TF1e-2_25x.rep2.bam.bai
[E::bam_parse_basemod2] 5d84a5c4-6ec8-4ffa-be0e-fc7940ca38bf: MM tag refers to bases beyond sequence length
[W::bam_next_basemod] MM tag refers to bases beyond sequence length
[W::hts_idx_load3] The index file is older than the data file: /bip7_disk/pingting114/mixed_bam/COLO829_PAO/TF1e-2_25x/TF1e-2_25x.rep2.bam.bai
[W::hts_idx_load3] The index file is older than the data file: /bip7_disk/pingting114/mixed_bam/COLO829_PAO/TF1e-2_25x/TF1e-2_25x.rep2.bam.bai
[W::hts_idx_load3] The index file is older than the data file: /bip7_disk/pingting114/mixed_bam/COLO829_PAO/TF1e-2_25x/TF1e-2_25x.rep2.bam.bai
[W::hts_idx_load3] The index file is older than the data file: /bip7_disk/pingting114/mixed_bam/COLO829_PAO/TF1e-2_25x/TF1e-2_25x.rep2.bam.bai
[W::hts_idx_load3] The index file is older than the data file: /bip7_disk/pingting114/mixed_bam/COLO829_PAO/TF1e-2_25x/TF1e-2_25x.rep2.bam.bai
[W::hts_idx_load3] The index file is older than the data file: /bip7_disk/pingting114/mixed_bam/COLO829_PAO/TF1e-2_25x/TF1e-2_25x.rep2.bam.bai
[W::hts_idx_load3] The index file is older than the data file: /bip7_disk/pingting114/mixed_bam/COLO829_PAO/TF1e-2_25x/TF1e-2_25x.rep2.bam.bai
[W::hts_idx_load3] The index file is older than the data file: /bip7_disk/pingting114/mixed_bam/COLO829_PAO/TF1e-2_25x/TF1e-2_25x.rep2.bam.bai
[W::hts_idx_load3] The index file is older than the data file: /bip7_disk/pingting114/mixed_bam/COLO829_PAO/TF1e-2_25x/TF1e-2_25x.rep2.bam.bai
[W::bam_next_basemod] MM tag refers to bases beyond sequence length
[W::bam_next_basemod] MM tag refers to bases beyond sequence length
[E::bam_parse_basemod2] 1f36bb23-b5a3-42a7-af24-392dc21ff35e: MM tag refers to bases beyond sequence length
[W::hts_idx_load3] The index file is older than the data file: /bip7_disk/pingting114/mixed_bam/COLO829_PAO/TF1e-2_25x/TF1e-2_25x.rep2.bam.bai
[W::hts_idx_load3] The index file is older than the data file: /bip7_disk/pingting114/mixed_bam/COLO829_PAO/TF1e-2_25x/TF1e-2_25x.rep2.bam.bai
[W::hts_idx_load3] The index file is older than the data file: /bip7_disk/pingting114/mixed_bam/COLO829_PAO/TF1e-2_25x/TF1e-2_25x.rep2.bam.bai
[E::bam_parse_basemod2] e93b2536-57bd-4ea1-b4ae-37b82e10a24f: MM tag refers to bases beyond sequence length
[W::hts_idx_load3] The index file is older than the data file: /bip7_disk/pingting114/mixed_bam/COLO829_PAO/TF1e-2_25x/TF1e-2_25x.rep2.bam.bai
[W::hts_idx_load3] The index file is older than the data file: /bip7_disk/pingting114/mixed_bam/COLO829_PAO/TF1e-2_25x/TF1e-2_25x.rep2.bam.bai
[W::hts_idx_load3] The index file is older than the data file: /bip7_disk/pingting114/mixed_bam/COLO829_PAO/TF1e-2_25x/TF1e-2_25x.rep2.bam.bai
[W::hts_idx_load3] The index file is older than the data file: /bip7_disk/pingting114/mixed_bam/COLO829_PAO/TF1e-2_25x/TF1e-2_25x.rep2.bam.bai
[W::bam_next_basemod] MM tag refers to bases beyond sequence length
[W::hts_idx_load3] The index file is older than the data file: /bip7_disk/pingting114/mixed_bam/COLO829_PAO/TF1e-2_25x/TF1e-2_25x.rep2.bam.bai
[W::hts_idx_load3] The index file is older than the data file: /bip7_disk/pingting114/mixed_bam/COLO829_PAO/TF1e-2_25x/TF1e-2_25x.rep2.bam.bai
[W::hts_idx_load3] The index file is older than the data file: /bip7_disk/pingting114/mixed_bam/COLO829_PAO/TF1e-2_25x/TF1e-2_25x.rep2.bam.bai
[E::bam_parse_basemod2] 3bd3ef8d-5846-4d6e-8c49-bbf03ff07905: MM tag refers to bases beyond sequence length
[E::bam_parse_basemod2] f8f44cae-7d6b-4951-af8c-a87b327ebbf9: MM tag refers to bases beyond sequence length
[W::bam_next_basemod] MM tag refers to bases beyond sequence length
[W::bam_next_basemod] MM tag refers to bases beyond sequence length
[E::bam_parse_basemod2] 00ad1575-1a71-4bc0-a9bf-d722cd378317: MM tag refers to bases beyond sequence length
[W::hts_idx_load3] The index file is older than the data file: /bip7_disk/pingting114/mixed_bam/COLO829_PAO/TF1e-2_25x/TF1e-2_25x.rep2.bam.bai
[W::hts_idx_load3] The index file is older than the data file: /bip7_disk/pingting114/mixed_bam/COLO829_PAO/TF1e-2_25x/TF1e-2_25x.rep2.bam.bai
[W::bam_next_basemod] MM tag refers to bases beyond sequence length
[W::bam_next_basemod] MM tag refers to bases beyond sequence length
[W::hts_idx_load3] The index file is older than the data file: /bip7_disk/pingting114/mixed_bam/COLO829_PAO/TF1e-2_25x/TF1e-2_25x.rep2.bam.bai
[W::bam_next_basemod] MM tag refers to bases beyond sequence length
[W::hts_idx_load3] The index file is older than the data file: /bip7_disk/pingting114/mixed_bam/COLO829_PAO/TF1e-2_25x/TF1e-2_25x.rep2.bam.bai
[W::hts_idx_load3] The index file is older than the data file: /bip7_disk/pingting114/mixed_bam/COLO829_PAO/TF1e-2_25x/TF1e-2_25x.rep2.bam.bai
[W::bam_next_basemod] MM tag refers to bases beyond sequence length
[W::hts_idx_load3] The index file is older than the data file: /bip7_disk/pingting114/mixed_bam/COLO829_PAO/TF1e-2_25x/TF1e-2_25x.rep2.bam.bai
[W::bam_next_basemod] MM tag refers to bases beyond sequence length
[W::hts_idx_load3] The index file is older than the data file: /bip7_disk/pingting114/mixed_bam/COLO829_PAO/TF1e-2_25x/TF1e-2_25x.rep2.bam.bai
[W::bam_next_basemod] MM tag refers to bases beyond sequence length
[W::hts_idx_load3] The index file is older than the data file: /bip7_disk/pingting114/mixed_bam/COLO829_PAO/TF1e-2_25x/TF1e-2_25x.rep2.bam.bai
[E::bam_parse_basemod2] 477ee87c-885e-4e93-8f10-9ab67a0b1ab0: MM tag refers to bases beyond sequence length
[W::hts_idx_load3] The index file is older than the data file: /bip7_disk/pingting114/mixed_bam/COLO829_PAO/TF1e-2_25x/TF1e-2_25x.rep2.bam.bai
[W::hts_idx_load3] The index file is older than the data file: /bip7_disk/pingting114/mixed_bam/COLO829_PAO/TF1e-2_25x/TF1e-2_25x.rep2.bam.bai
[W::hts_idx_load3] The index file is older than the data file: /bip7_disk/pingting114/mixed_bam/COLO829_PAO/TF1e-2_25x/TF1e-2_25x.rep2.bam.bai
[W::hts_idx_load3] The index file is older than the data file: /bip7_disk/pingting114/mixed_bam/COLO829_PAO/TF1e-2_25x/TF1e-2_25x.rep2.bam.bai
[W::hts_idx_load3] The index file is older than the data file: /bip7_disk/pingting114/mixed_bam/COLO829_PAO/TF1e-2_25x/TF1e-2_25x.rep2.bam.bai
[W::hts_idx_load3] The index file is older than the data file: /bip7_disk/pingting114/mixed_bam/COLO829_PAO/TF1e-2_25x/TF1e-2_25x.rep2.bam.bai
[W::hts_idx_load3] The index file is older than the data file: /bip7_disk/pingting114/mixed_bam/COLO829_PAO/TF1e-2_25x/TF1e-2_25x.rep2.bam.bai
[W::hts_idx_load3] The index file is older than the data file: /bip7_disk/pingting114/mixed_bam/COLO829_PAO/TF1e-2_25x/TF1e-2_25x.rep2.bam.bai
[W::hts_idx_load3] The index file is older than the data file: /bip7_disk/pingting114/mixed_bam/COLO829_PAO/TF1e-2_25x/TF1e-2_25x.rep2.bam.bai
[W::hts_idx_load3] The index file is older than the data file: /bip7_disk/pingting114/mixed_bam/COLO829_PAO/TF1e-2_25x/TF1e-2_25x.rep2.bam.bai
[W::bam_next_basemod] MM tag refers to bases beyond sequence length
[W::bam_next_basemod] MM tag refers to bases beyond sequence length
[E::bam_parse_basemod2] 71fe11b2-ba20-4170-bfc7-c11ee91dae9b: MM tag refers to bases beyond sequence length
[W::hts_idx_load3] The index file is older than the data file: /bip7_disk/pingting114/mixed_bam/COLO829_PAO/TF1e-2_25x/TF1e-2_25x.rep2.bam.bai
[W::hts_idx_load3] The index file is older than the data file: /bip7_disk/pingting114/mixed_bam/COLO829_PAO/TF1e-2_25x/TF1e-2_25x.rep2.bam.bai
[W::hts_idx_load3] The index file is older than the data file: /bip7_disk/pingting114/mixed_bam/COLO829_PAO/TF1e-2_25x/TF1e-2_25x.rep2.bam.bai
[W::hts_idx_load3] The index file is older than the data file: /bip7_disk/pingting114/mixed_bam/COLO829_PAO/TF1e-2_25x/TF1e-2_25x.rep2.bam.bai
[W::bam_next_basemod] MM tag refers to bases beyond sequence length
[W::bam_next_basemod] MM tag refers to bases beyond sequence length
[E::bam_parse_basemod2] 8b105cd1-910f-4d61-9dfe-5e0a437cd757: MM tag refers to bases beyond sequence length
[W::hts_idx_load3] The index file is older than the data file: /bip7_disk/pingting114/mixed_bam/COLO829_PAO/TF1e-2_25x/TF1e-2_25x.rep2.bam.bai
[W::hts_idx_load3] The index file is older than the data file: /bip7_disk/pingting114/mixed_bam/COLO829_PAO/TF1e-2_25x/TF1e-2_25x.rep2.bam.bai
[E::bam_parse_basemod2] d7448a7c-8603-41e2-abce-ba879493d4cf: MM tag refers to bases beyond sequence length
[W::hts_idx_load3] The index file is older than the data file: /bip7_disk/pingting114/mixed_bam/COLO829_PAO/TF1e-2_25x/TF1e-2_25x.rep2.bam.bai
[W::hts_idx_load3] The index file is older than the data file: /bip7_disk/pingting114/mixed_bam/COLO829_PAO/TF1e-2_25x/TF1e-2_25x.rep2.bam.bai
[W::hts_idx_load3] The index file is older than the data file: /bip7_disk/pingting114/mixed_bam/COLO829_PAO/TF1e-2_25x/TF1e-2_25x.rep2.bam.bai
[E::bam_parse_basemod2] 40ece11b-1f78-49cc-93b0-8425d1a3a762: MM tag refers to bases beyond sequence length
  TF1e-2_25x.rep2.bam cand 1000/4000
[W::hts_idx_load3] The index file is older than the data file: /bip7_disk/pingting114/mixed_bam/COLO829_PAO/TF1e-2_25x/TF1e-2_25x.rep2.bam.bai
[W::hts_idx_load3] The index file is older than the data file: /bip7_disk/pingting114/mixed_bam/COLO829_PAO/TF1e-2_25x/TF1e-2_25x.rep2.bam.bai
[W::hts_idx_load3] The index file is older than the data file: /bip7_disk/pingting114/mixed_bam/COLO829_PAO/TF1e-2_25x/TF1e-2_25x.rep2.bam.bai
[W::hts_idx_load3] The index file is older than the data file: /bip7_disk/pingting114/mixed_bam/COLO829_PAO/TF1e-2_25x/TF1e-2_25x.rep2.bam.bai
[W::hts_idx_load3] The index file is older than the data file: /bip7_disk/pingting114/mixed_bam/COLO829_PAO/TF1e-2_25x/TF1e-2_25x.rep2.bam.bai
[E::bam_parse_basemod2] be592922-577f-4ec5-8f8e-339bb1a9141e: MM tag refers to bases beyond sequence length
[E::bam_parse_basemod2] f54f6bdc-f0d7-4384-9d19-05d4f5601650: MM tag refers to bases beyond sequence length
[W::hts_idx_load3] The index file is older than the data file: /bip7_disk/pingting114/mixed_bam/COLO829_PAO/TF1e-2_25x/TF1e-2_25x.rep2.bam.bai
[W::hts_idx_load3] The index file is older than the data file: /bip7_disk/pingting114/mixed_bam/COLO829_PAO/TF1e-2_25x/TF1e-2_25x.rep2.bam.bai
[W::hts_idx_load3] The index file is older than the data file: /bip7_disk/pingting114/mixed_bam/COLO829_PAO/TF1e-2_25x/TF1e-2_25x.rep2.bam.bai
[W::hts_idx_load3] The index file is older than the data file: /bip7_disk/pingting114/mixed_bam/COLO829_PAO/TF1e-2_25x/TF1e-2_25x.rep2.bam.bai
[W::hts_idx_load3] The index file is older than the data file: /bip7_disk/pingting114/mixed_bam/COLO829_PAO/TF1e-2_25x/TF1e-2_25x.rep2.bam.bai
[W::bam_next_basemod] MM tag refers to bases beyond sequence length
[W::hts_idx_load3] The index file is older than the data file: /bip7_disk/pingting114/mixed_bam/COLO829_PAO/TF1e-2_25x/TF1e-2_25x.rep2.bam.bai
[W::hts_idx_load3] The index file is older than the data file: /bip7_disk/pingting114/mixed_bam/COLO829_PAO/TF1e-2_25x/TF1e-2_25x.rep2.bam.bai
[W::hts_idx_load3] The index file is older than the data file: /bip7_disk/pingting114/mixed_bam/COLO829_PAO/TF1e-2_25x/TF1e-2_25x.rep2.bam.bai
[W::bam_next_basemod] MM tag refers to bases beyond sequence length
[W::hts_idx_load3] The index file is older than the data file: /bip7_disk/pingting114/mixed_bam/COLO829_PAO/TF1e-2_25x/TF1e-2_25x.rep2.bam.bai
[E::bam_parse_basemod2] 1295df3d-3af6-495f-9254-22a22d6f5c0d: MM tag refers to bases beyond sequence length
[W::hts_idx_load3] The index file is older than the data file: /bip7_disk/pingting114/mixed_bam/COLO829_PAO/TF1e-2_25x/TF1e-2_25x.rep2.bam.bai
[W::hts_idx_load3] The index file is older than the data file: /bip7_disk/pingting114/mixed_bam/COLO829_PAO/TF1e-2_25x/TF1e-2_25x.rep2.bam.bai
[E::bam_parse_basemod2] 316ae9a4-c735-4888-b174-c9adc72c3f8b: MM tag refers to bases beyond sequence length
[W::hts_idx_load3] The index file is older than the data file: /bip7_disk/pingting114/mixed_bam/COLO829_PAO/TF1e-2_25x/TF1e-2_25x.rep2.bam.bai
[W::hts_idx_load3] The index file is older than the data file: /bip7_disk/pingting114/mixed_bam/COLO829_PAO/TF1e-2_25x/TF1e-2_25x.rep2.bam.bai
[W::hts_idx_load3] The index file is older than the data file: /bip7_disk/pingting114/mixed_bam/COLO829_PAO/TF1e-2_25x/TF1e-2_25x.rep2.bam.bai
[W::hts_idx_load3] The index file is older than the data file: /bip7_disk/pingting114/mixed_bam/COLO829_PAO/TF1e-2_25x/TF1e-2_25x.rep2.bam.bai
[W::hts_idx_load3] The index file is older than the data file: /bip7_disk/pingting114/mixed_bam/COLO829_PAO/TF1e-2_25x/TF1e-2_25x.rep2.bam.bai
[W::hts_idx_load3] The index file is older than the data file: /bip7_disk/pingting114/mixed_bam/COLO829_PAO/TF1e-2_25x/TF1e-2_25x.rep2.bam.bai
[E::bam_parse_basemod2] 20af2c87-df3f-40ef-9f39-b22d2dab96a6: MM tag refers to bases beyond sequence length
[E::bam_parse_basemod2] 552c37e8-c26c-4908-b937-6f45e28e5c84: MM tag refers to bases beyond sequence length
[W::hts_idx_load3] The index file is older than the data file: /bip7_disk/pingting114/mixed_bam/COLO829_PAO/TF1e-2_25x/TF1e-2_25x.rep2.bam.bai
[W::bam_next_basemod] MM tag refers to bases beyond sequence length
[W::hts_idx_load3] The index file is older than the data file: /bip7_disk/pingting114/mixed_bam/COLO829_PAO/TF1e-2_25x/TF1e-2_25x.rep2.bam.bai
[W::hts_idx_load3] The index file is older than the data file: /bip7_disk/pingting114/mixed_bam/COLO829_PAO/TF1e-2_25x/TF1e-2_25x.rep2.bam.bai
[W::bam_next_basemod] MM tag refers to bases beyond sequence length
[W::hts_idx_load3] The index file is older than the data file: /bip7_disk/pingting114/mixed_bam/COLO829_PAO/TF1e-2_25x/TF1e-2_25x.rep2.bam.bai
[W::hts_idx_load3] The index file is older than the data file: /bip7_disk/pingting114/mixed_bam/COLO829_PAO/TF1e-2_25x/TF1e-2_25x.rep2.bam.bai
[W::bam_next_basemod] MM tag refers to bases beyond sequence length
[W::hts_idx_load3] The index file is older than the data file: /bip7_disk/pingting114/mixed_bam/COLO829_PAO/TF1e-2_25x/TF1e-2_25x.rep2.bam.bai
[W::hts_idx_load3] The index file is older than the data file: /bip7_disk/pingting114/mixed_bam/COLO829_PAO/TF1e-2_25x/TF1e-2_25x.rep2.bam.bai
[W::hts_idx_load3] The index file is older than the data file: /bip7_disk/pingting114/mixed_bam/COLO829_PAO/TF1e-2_25x/TF1e-2_25x.rep2.bam.bai
[W::bam_next_basemod] MM tag refers to bases beyond sequence length
[W::hts_idx_load3] The index file is older than the data file: /bip7_disk/pingting114/mixed_bam/COLO829_PAO/TF1e-2_25x/TF1e-2_25x.rep2.bam.bai
[W::hts_idx_load3] The index file is older than the data file: /bip7_disk/pingting114/mixed_bam/COLO829_PAO/TF1e-2_25x/TF1e-2_25x.rep2.bam.bai
[E::bam_parse_basemod2] 2fcd63b9-9802-4c37-955f-1e00b5acbd20: MM tag refers to bases beyond sequence length
[W::hts_idx_load3] The index file is older than the data file: /bip7_disk/pingting114/mixed_bam/COLO829_PAO/TF1e-2_25x/TF1e-2_25x.rep2.bam.bai
[E::bam_parse_basemod2] afbd9145-4f3c-4698-a779-4d8267372618: MM tag refers to bases beyond sequence length
[W::hts_idx_load3] The index file is older than the data file: /bip7_disk/pingting114/mixed_bam/COLO829_PAO/TF1e-2_25x/TF1e-2_25x.rep2.bam.bai
[W::hts_idx_load3] The index file is older than the data file: /bip7_disk/pingting114/mixed_bam/COLO829_PAO/TF1e-2_25x/TF1e-2_25x.rep2.bam.bai
[W::hts_idx_load3] The index file is older than the data file: /bip7_disk/pingting114/mixed_bam/COLO829_PAO/TF1e-2_25x/TF1e-2_25x.rep2.bam.bai
[W::hts_idx_load3] The index file is older than the data file: /bip7_disk/pingting114/mixed_bam/COLO829_PAO/TF1e-2_25x/TF1e-2_25x.rep2.bam.bai
[W::hts_idx_load3] The index file is older than the data file: /bip7_disk/pingting114/mixed_bam/COLO829_PAO/TF1e-2_25x/TF1e-2_25x.rep2.bam.bai
[W::hts_idx_load3] The index file is older than the data file: /bip7_disk/pingting114/mixed_bam/COLO829_PAO/TF1e-2_25x/TF1e-2_25x.rep2.bam.bai
[W::hts_idx_load3] The index file is older than the data file: /bip7_disk/pingting114/mixed_bam/COLO829_PAO/TF1e-2_25x/TF1e-2_25x.rep2.bam.bai
[W::bam_next_basemod] MM tag refers to bases beyond sequence length
[W::hts_idx_load3] The index file is older than the data file: /bip7_disk/pingting114/mixed_bam/COLO829_PAO/TF1e-2_25x/TF1e-2_25x.rep2.bam.bai
[W::hts_idx_load3] The index file is older than the data file: /bip7_disk/pingting114/mixed_bam/COLO829_PAO/TF1e-2_25x/TF1e-2_25x.rep2.bam.bai
[W::hts_idx_load3] The index file is older than the data file: /bip7_disk/pingting114/mixed_bam/COLO829_PAO/TF1e-2_25x/TF1e-2_25x.rep2.bam.bai
[W::hts_idx_load3] The index file is older than the data file: /bip7_disk/pingting114/mixed_bam/COLO829_PAO/TF1e-2_25x/TF1e-2_25x.rep2.bam.bai
[W::bam_next_basemod] MM tag refers to bases beyond sequence length
[W::hts_idx_load3] The index file is older than the data file: /bip7_disk/pingting114/mixed_bam/COLO829_PAO/TF1e-2_25x/TF1e-2_25x.rep2.bam.bai
[W::hts_idx_load3] The index file is older than the data file: /bip7_disk/pingting114/mixed_bam/COLO829_PAO/TF1e-2_25x/TF1e-2_25x.rep2.bam.bai
[W::bam_next_basemod] MM tag refers to bases beyond sequence length
[W::hts_idx_load3] The index file is older than the data file: /bip7_disk/pingting114/mixed_bam/COLO829_PAO/TF1e-2_25x/TF1e-2_25x.rep2.bam.bai
[W::bam_next_basemod] MM tag refers to bases beyond sequence length
[W::hts_idx_load3] The index file is older than the data file: /bip7_disk/pingting114/mixed_bam/COLO829_PAO/TF1e-2_25x/TF1e-2_25x.rep2.bam.bai
[E::bam_parse_basemod2] 31ce8d45-71a2-48c5-b816-96caa3f47026: MM tag refers to bases beyond sequence length
[W::hts_idx_load3] The index file is older than the data file: /bip7_disk/pingting114/mixed_bam/COLO829_PAO/TF1e-2_25x/TF1e-2_25x.rep2.bam.bai
[W::hts_idx_load3] The index file is older than the data file: /bip7_disk/pingting114/mixed_bam/COLO829_PAO/TF1e-2_25x/TF1e-2_25x.rep2.bam.bai
[W::hts_idx_load3] The index file is older than the data file: /bip7_disk/pingting114/mixed_bam/COLO829_PAO/TF1e-2_25x/TF1e-2_25x.rep2.bam.bai
[W::hts_idx_load3] The index file is older than the data file: /bip7_disk/pingting114/mixed_bam/COLO829_PAO/TF1e-2_25x/TF1e-2_25x.rep2.bam.bai
[W::hts_idx_load3] The index file is older than the data file: /bip7_disk/pingting114/mixed_bam/COLO829_PAO/TF1e-2_25x/TF1e-2_25x.rep2.bam.bai
[W::hts_idx_load3] The index file is older than the data file: /bip7_disk/pingting114/mixed_bam/COLO829_PAO/TF1e-2_25x/TF1e-2_25x.rep2.bam.bai
[W::bam_next_basemod] MM tag refers to bases beyond sequence length
[E::bam_parse_basemod2] b28a0825-f0fb-41d2-b417-8c1d2ee879f8: MM tag refers to bases beyond sequence length
[W::hts_idx_load3] The index file is older than the data file: /bip7_disk/pingting114/mixed_bam/COLO829_PAO/TF1e-2_25x/TF1e-2_25x.rep2.bam.bai
[W::bam_next_basemod] MM tag refers to bases beyond sequence length
[W::hts_idx_load3] The index file is older than the data file: /bip7_disk/pingting114/mixed_bam/COLO829_PAO/TF1e-2_25x/TF1e-2_25x.rep2.bam.bai
[W::hts_idx_load3] The index file is older than the data file: /bip7_disk/pingting114/mixed_bam/COLO829_PAO/TF1e-2_25x/TF1e-2_25x.rep2.bam.bai
[E::bam_parse_basemod2] 91c30e72-9b85-4fa8-b825-d251116d4a43: MM tag refers to bases beyond sequence length
[W::bam_next_basemod] MM tag refers to bases beyond sequence length
[W::hts_idx_load3] The index file is older than the data file: /bip7_disk/pingting114/mixed_bam/COLO829_PAO/TF1e-2_25x/TF1e-2_25x.rep2.bam.bai
[W::hts_idx_load3] The index file is older than the data file: /bip7_disk/pingting114/mixed_bam/COLO829_PAO/TF1e-2_25x/TF1e-2_25x.rep2.bam.bai
[W::hts_idx_load3] The index file is older than the data file: /bip7_disk/pingting114/mixed_bam/COLO829_PAO/TF1e-2_25x/TF1e-2_25x.rep2.bam.bai
[W::hts_idx_load3] The index file is older than the data file: /bip7_disk/pingting114/mixed_bam/COLO829_PAO/TF1e-2_25x/TF1e-2_25x.rep2.bam.bai
[W::hts_idx_load3] The index file is older than the data file: /bip7_disk/pingting114/mixed_bam/COLO829_PAO/TF1e-2_25x/TF1e-2_25x.rep2.bam.bai
[E::bam_parse_basemod2] 4455dec9-839f-4fd6-bfe6-16392be559a7: MM tag refers to bases beyond sequence length
[W::hts_idx_load3] The index file is older than the data file: /bip7_disk/pingting114/mixed_bam/COLO829_PAO/TF1e-2_25x/TF1e-2_25x.rep2.bam.bai
[W::hts_idx_load3] The index file is older than the data file: /bip7_disk/pingting114/mixed_bam/COLO829_PAO/TF1e-2_25x/TF1e-2_25x.rep2.bam.bai
[W::hts_idx_load3] The index file is older than the data file: /bip7_disk/pingting114/mixed_bam/COLO829_PAO/TF1e-2_25x/TF1e-2_25x.rep2.bam.bai
[W::hts_idx_load3] The index file is older than the data file: /bip7_disk/pingting114/mixed_bam/COLO829_PAO/TF1e-2_25x/TF1e-2_25x.rep2.bam.bai
[W::bam_next_basemod] MM tag refers to bases beyond sequence length
[W::hts_idx_load3] The index file is older than the data file: /bip7_disk/pingting114/mixed_bam/COLO829_PAO/TF1e-2_25x/TF1e-2_25x.rep2.bam.bai
[W::hts_idx_load3] The index file is older than the data file: /bip7_disk/pingting114/mixed_bam/COLO829_PAO/TF1e-2_25x/TF1e-2_25x.rep2.bam.bai
[W::hts_idx_load3] The index file is older than the data file: /bip7_disk/pingting114/mixed_bam/COLO829_PAO/TF1e-2_25x/TF1e-2_25x.rep2.bam.bai
[W::hts_idx_load3] The index file is older than the data file: /bip7_disk/pingting114/mixed_bam/COLO829_PAO/TF1e-2_25x/TF1e-2_25x.rep2.bam.bai
[W::hts_idx_load3] The index file is older than the data file: /bip7_disk/pingting114/mixed_bam/COLO829_PAO/TF1e-2_25x/TF1e-2_25x.rep2.bam.bai
[W::hts_idx_load3] The index file is older than the data file: /bip7_disk/pingting114/mixed_bam/COLO829_PAO/TF1e-2_25x/TF1e-2_25x.rep2.bam.bai
[W::hts_idx_load3] The index file is older than the data file: /bip7_disk/pingting114/mixed_bam/COLO829_PAO/TF1e-2_25x/TF1e-2_25x.rep2.bam.bai
[W::bam_next_basemod] MM tag refers to bases beyond sequence length
[W::hts_idx_load3] The index file is older than the data file: /bip7_disk/pingting114/mixed_bam/COLO829_PAO/TF1e-2_25x/TF1e-2_25x.rep2.bam.bai
[W::bam_next_basemod] MM tag refers to bases beyond sequence length
[W::hts_idx_load3] The index file is older than the data file: /bip7_disk/pingting114/mixed_bam/COLO829_PAO/TF1e-2_25x/TF1e-2_25x.rep2.bam.bai
[W::hts_idx_load3] The index file is older than the data file: /bip7_disk/pingting114/mixed_bam/COLO829_PAO/TF1e-2_25x/TF1e-2_25x.rep2.bam.bai
[W::hts_idx_load3] The index file is older than the data file: /bip7_disk/pingting114/mixed_bam/COLO829_PAO/TF1e-2_25x/TF1e-2_25x.rep2.bam.bai
[W::hts_idx_load3] The index file is older than the data file: /bip7_disk/pingting114/mixed_bam/COLO829_PAO/TF1e-2_25x/TF1e-2_25x.rep2.bam.bai
[W::hts_idx_load3] The index file is older than the data file: /bip7_disk/pingting114/mixed_bam/COLO829_PAO/TF1e-2_25x/TF1e-2_25x.rep2.bam.bai
[E::bam_parse_basemod2] c3220528-2430-42c8-8ecc-0309566be421: MM tag refers to bases beyond sequence length
[E::bam_parse_basemod2] cacddb4c-696d-42ac-9c35-75abb5ef03dc: MM tag refers to bases beyond sequence length
[W::hts_idx_load3] The index file is older than the data file: /bip7_disk/pingting114/mixed_bam/COLO829_PAO/TF1e-2_25x/TF1e-2_25x.rep2.bam.bai
[W::hts_idx_load3] The index file is older than the data file: /bip7_disk/pingting114/mixed_bam/COLO829_PAO/TF1e-2_25x/TF1e-2_25x.rep2.bam.bai
[E::bam_parse_basemod2] 1d7c31b9-cc1d-4930-85e4-3f967e4ee097: MM tag refers to bases beyond sequence length
[W::hts_idx_load3] The index file is older than the data file: /bip7_disk/pingting114/mixed_bam/COLO829_PAO/TF1e-2_25x/TF1e-2_25x.rep2.bam.bai
[W::hts_idx_load3] The index file is older than the data file: /bip7_disk/pingting114/mixed_bam/COLO829_PAO/TF1e-2_25x/TF1e-2_25x.rep2.bam.bai
[W::hts_idx_load3] The index file is older than the data file: /bip7_disk/pingting114/mixed_bam/COLO829_PAO/TF1e-2_25x/TF1e-2_25x.rep2.bam.bai
[W::hts_idx_load3] The index file is older than the data file: /bip7_disk/pingting114/mixed_bam/COLO829_PAO/TF1e-2_25x/TF1e-2_25x.rep2.bam.bai
[W::hts_idx_load3] The index file is older than the data file: /bip7_disk/pingting114/mixed_bam/COLO829_PAO/TF1e-2_25x/TF1e-2_25x.rep2.bam.bai
[W::hts_idx_load3] The index file is older than the data file: /bip7_disk/pingting114/mixed_bam/COLO829_PAO/TF1e-2_25x/TF1e-2_25x.rep2.bam.bai
[W::hts_idx_load3] The index file is older than the data file: /bip7_disk/pingting114/mixed_bam/COLO829_PAO/TF1e-2_25x/TF1e-2_25x.rep2.bam.bai
[W::hts_idx_load3] The index file is older than the data file: /bip7_disk/pingting114/mixed_bam/COLO829_PAO/TF1e-2_25x/TF1e-2_25x.rep2.bam.bai
[W::hts_idx_load3] The index file is older than the data file: /bip7_disk/pingting114/mixed_bam/COLO829_PAO/TF1e-2_25x/TF1e-2_25x.rep2.bam.bai
[W::hts_idx_load3] The index file is older than the data file: /bip7_disk/pingting114/mixed_bam/COLO829_PAO/TF1e-2_25x/TF1e-2_25x.rep2.bam.bai
[E::bam_parse_basemod2] 5df8df59-9aa0-42cb-bbb1-d7cdb8e3e96f: MM tag refers to bases beyond sequence length
[W::bam_next_basemod] MM tag refers to bases beyond sequence length
[W::hts_idx_load3] The index file is older than the data file: /bip7_disk/pingting114/mixed_bam/COLO829_PAO/TF1e-2_25x/TF1e-2_25x.rep2.bam.bai
[W::hts_idx_load3] The index file is older than the data file: /bip7_disk/pingting114/mixed_bam/COLO829_PAO/TF1e-2_25x/TF1e-2_25x.rep2.bam.bai
[W::hts_idx_load3] The index file is older than the data file: /bip7_disk/pingting114/mixed_bam/COLO829_PAO/TF1e-2_25x/TF1e-2_25x.rep2.bam.bai
[W::hts_idx_load3] The index file is older than the data file: /bip7_disk/pingting114/mixed_bam/COLO829_PAO/TF1e-2_25x/TF1e-2_25x.rep2.bam.bai
[W::hts_idx_load3] The index file is older than the data file: /bip7_disk/pingting114/mixed_bam/COLO829_PAO/TF1e-2_25x/TF1e-2_25x.rep2.bam.bai
[W::hts_idx_load3] The index file is older than the data file: /bip7_disk/pingting114/mixed_bam/COLO829_PAO/TF1e-2_25x/TF1e-2_25x.rep2.bam.bai
[E::bam_parse_basemod2] 1c713e83-f329-45c2-804e-9aa03487f146: MM tag refers to bases beyond sequence length
[W::hts_idx_load3] The index file is older than the data file: /bip7_disk/pingting114/mixed_bam/COLO829_PAO/TF1e-2_25x/TF1e-2_25x.rep2.bam.bai
[W::bam_next_basemod] MM tag refers to bases beyond sequence length
[W::hts_idx_load3] The index file is older than the data file: /bip7_disk/pingting114/mixed_bam/COLO829_PAO/TF1e-2_25x/TF1e-2_25x.rep2.bam.bai
[W::hts_idx_load3] The index file is older than the data file: /bip7_disk/pingting114/mixed_bam/COLO829_PAO/TF1e-2_25x/TF1e-2_25x.rep2.bam.bai
[W::hts_idx_load3] The index file is older than the data file: /bip7_disk/pingting114/mixed_bam/COLO829_PAO/TF1e-2_25x/TF1e-2_25x.rep2.bam.bai
[W::hts_idx_load3] The index file is older than the data file: /bip7_disk/pingting114/mixed_bam/COLO829_PAO/TF1e-2_25x/TF1e-2_25x.rep2.bam.bai
[W::hts_idx_load3] The index file is older than the data file: /bip7_disk/pingting114/mixed_bam/COLO829_PAO/TF1e-2_25x/TF1e-2_25x.rep2.bam.bai
[W::hts_idx_load3] The index file is older than the data file: /bip7_disk/pingting114/mixed_bam/COLO829_PAO/TF1e-2_25x/TF1e-2_25x.rep2.bam.bai
[W::hts_idx_load3] The index file is older than the data file: /bip7_disk/pingting114/mixed_bam/COLO829_PAO/TF1e-2_25x/TF1e-2_25x.rep2.bam.bai
[W::bam_next_basemod] MM tag refers to bases beyond sequence length
[W::hts_idx_load3] The index file is older than the data file: /bip7_disk/pingting114/mixed_bam/COLO829_PAO/TF1e-2_25x/TF1e-2_25x.rep2.bam.bai
[W::hts_idx_load3] The index file is older than the data file: /bip7_disk/pingting114/mixed_bam/COLO829_PAO/TF1e-2_25x/TF1e-2_25x.rep2.bam.bai
[W::hts_idx_load3] The index file is older than the data file: /bip7_disk/pingting114/mixed_bam/COLO829_PAO/TF1e-2_25x/TF1e-2_25x.rep2.bam.bai
[W::hts_idx_load3] The index file is older than the data file: /bip7_disk/pingting114/mixed_bam/COLO829_PAO/TF1e-2_25x/TF1e-2_25x.rep2.bam.bai
[W::bam_next_basemod] MM tag refers to bases beyond sequence length
[W::bam_next_basemod] MM tag refers to bases beyond sequence length
[W::hts_idx_load3] The index file is older than the data file: /bip7_disk/pingting114/mixed_bam/COLO829_PAO/TF1e-2_25x/TF1e-2_25x.rep2.bam.bai
[W::hts_idx_load3] The index file is older than the data file: /bip7_disk/pingting114/mixed_bam/COLO829_PAO/TF1e-2_25x/TF1e-2_25x.rep2.bam.bai
[W::hts_idx_load3] The index file is older than the data file: /bip7_disk/pingting114/mixed_bam/COLO829_PAO/TF1e-2_25x/TF1e-2_25x.rep2.bam.bai
[W::hts_idx_load3] The index file is older than the data file: /bip7_disk/pingting114/mixed_bam/COLO829_PAO/TF1e-2_25x/TF1e-2_25x.rep2.bam.bai
[W::hts_idx_load3] The index file is older than the data file: /bip7_disk/pingting114/mixed_bam/COLO829_PAO/TF1e-2_25x/TF1e-2_25x.rep2.bam.bai
[W::hts_idx_load3] The index file is older than the data file: /bip7_disk/pingting114/mixed_bam/COLO829_PAO/TF1e-2_25x/TF1e-2_25x.rep2.bam.bai
[W::hts_idx_load3] The index file is older than the data file: /bip7_disk/pingting114/mixed_bam/COLO829_PAO/TF1e-2_25x/TF1e-2_25x.rep2.bam.bai
[W::hts_idx_load3] The index file is older than the data file: /bip7_disk/pingting114/mixed_bam/COLO829_PAO/TF1e-2_25x/TF1e-2_25x.rep2.bam.bai
[W::hts_idx_load3] The index file is older than the data file: /bip7_disk/pingting114/mixed_bam/COLO829_PAO/TF1e-2_25x/TF1e-2_25x.rep2.bam.bai
[W::hts_idx_load3] The index file is older than the data file: /bip7_disk/pingting114/mixed_bam/COLO829_PAO/TF1e-2_25x/TF1e-2_25x.rep2.bam.bai
[W::hts_idx_load3] The index file is older than the data file: /bip7_disk/pingting114/mixed_bam/COLO829_PAO/TF1e-2_25x/TF1e-2_25x.rep2.bam.bai
[E::bam_parse_basemod2] 515f1733-df12-4335-997b-055dabe657ac: MM tag refers to bases beyond sequence length
[W::bam_next_basemod] MM tag refers to bases beyond sequence length
[W::hts_idx_load3] The index file is older than the data file: /bip7_disk/pingting114/mixed_bam/COLO829_PAO/TF1e-2_25x/TF1e-2_25x.rep2.bam.bai
[W::hts_idx_load3] The index file is older than the data file: /bip7_disk/pingting114/mixed_bam/COLO829_PAO/TF1e-2_25x/TF1e-2_25x.rep2.bam.bai
[W::hts_idx_load3] The index file is older than the data file: /bip7_disk/pingting114/mixed_bam/COLO829_PAO/TF1e-2_25x/TF1e-2_25x.rep2.bam.bai
[W::hts_idx_load3] The index file is older than the data file: /bip7_disk/pingting114/mixed_bam/COLO829_PAO/TF1e-2_25x/TF1e-2_25x.rep2.bam.bai
[W::hts_idx_load3] The index file is older than the data file: /bip7_disk/pingting114/mixed_bam/COLO829_PAO/TF1e-2_25x/TF1e-2_25x.rep2.bam.bai
[W::bam_next_basemod] MM tag refers to bases beyond sequence length
[W::hts_idx_load3] The index file is older than the data file: /bip7_disk/pingting114/mixed_bam/COLO829_PAO/TF1e-2_25x/TF1e-2_25x.rep2.bam.bai
[W::hts_idx_load3] The index file is older than the data file: /bip7_disk/pingting114/mixed_bam/COLO829_PAO/TF1e-2_25x/TF1e-2_25x.rep2.bam.bai
[E::bam_parse_basemod2] a7ff1047-d7de-451a-9565-627a50f57bbf: MM tag refers to bases beyond sequence length
[W::hts_idx_load3] The index file is older than the data file: /bip7_disk/pingting114/mixed_bam/COLO829_PAO/TF1e-2_25x/TF1e-2_25x.rep2.bam.bai
[W::bam_next_basemod] MM tag refers to bases beyond sequence length
[W::hts_idx_load3] The index file is older than the data file: /bip7_disk/pingting114/mixed_bam/COLO829_PAO/TF1e-2_25x/TF1e-2_25x.rep2.bam.bai
[E::bam_parse_basemod2] 0619c9f2-9996-44f5-813a-6e688145ad06: MM tag refers to bases beyond sequence length
[W::hts_idx_load3] The index file is older than the data file: /bip7_disk/pingting114/mixed_bam/COLO829_PAO/TF1e-2_25x/TF1e-2_25x.rep2.bam.bai
[W::hts_idx_load3] The index file is older than the data file: /bip7_disk/pingting114/mixed_bam/COLO829_PAO/TF1e-2_25x/TF1e-2_25x.rep2.bam.bai
[E::bam_parse_basemod2] b491e951-10fd-414d-9853-7a96a35fe98f: MM tag refers to bases beyond sequence length
[W::hts_idx_load3] The index file is older than the data file: /bip7_disk/pingting114/mixed_bam/COLO829_PAO/TF1e-2_25x/TF1e-2_25x.rep2.bam.bai
[W::bam_next_basemod] MM tag refers to bases beyond sequence length
[W::hts_idx_load3] The index file is older than the data file: /bip7_disk/pingting114/mixed_bam/COLO829_PAO/TF1e-2_25x/TF1e-2_25x.rep2.bam.bai
[W::hts_idx_load3] The index file is older than the data file: /bip7_disk/pingting114/mixed_bam/COLO829_PAO/TF1e-2_25x/TF1e-2_25x.rep2.bam.bai
[W::hts_idx_load3] The index file is older than the data file: /bip7_disk/pingting114/mixed_bam/COLO829_PAO/TF1e-2_25x/TF1e-2_25x.rep2.bam.bai
[W::hts_idx_load3] The index file is older than the data file: /bip7_disk/pingting114/mixed_bam/COLO829_PAO/TF1e-2_25x/TF1e-2_25x.rep2.bam.bai
[W::hts_idx_load3] The index file is older than the data file: /bip7_disk/pingting114/mixed_bam/COLO829_PAO/TF1e-2_25x/TF1e-2_25x.rep2.bam.bai
[W::hts_idx_load3] The index file is older than the data file: /bip7_disk/pingting114/mixed_bam/COLO829_PAO/TF1e-2_25x/TF1e-2_25x.rep2.bam.bai
[E::bam_parse_basemod2] 46f280e8-60eb-4954-8a72-72eb4a7e52b9: MM tag refers to bases beyond sequence length
[W::hts_idx_load3] The index file is older than the data file: /bip7_disk/pingting114/mixed_bam/COLO829_PAO/TF1e-2_25x/TF1e-2_25x.rep2.bam.bai
[W::bam_next_basemod] MM tag refers to bases beyond sequence length
[W::hts_idx_load3] The index file is older than the data file: /bip7_disk/pingting114/mixed_bam/COLO829_PAO/TF1e-2_25x/TF1e-2_25x.rep2.bam.bai
[W::bam_next_basemod] MM tag refers to bases beyond sequence length
[W::hts_idx_load3] The index file is older than the data file: /bip7_disk/pingting114/mixed_bam/COLO829_PAO/TF1e-2_25x/TF1e-2_25x.rep2.bam.bai
[W::hts_idx_load3] The index file is older than the data file: /bip7_disk/pingting114/mixed_bam/COLO829_PAO/TF1e-2_25x/TF1e-2_25x.rep2.bam.bai
[W::hts_idx_load3] The index file is older than the data file: /bip7_disk/pingting114/mixed_bam/COLO829_PAO/TF1e-2_25x/TF1e-2_25x.rep2.bam.bai
[W::bam_next_basemod] MM tag refers to bases beyond sequence length
[E::bam_parse_basemod2] 25f07fc2-5827-4fb7-9096-a61b9aae9e4f: MM tag refers to bases beyond sequence length
[W::hts_idx_load3] The index file is older than the data file: /bip7_disk/pingting114/mixed_bam/COLO829_PAO/TF1e-2_25x/TF1e-2_25x.rep2.bam.bai
[E::bam_parse_basemod2] 64ba3d2d-3dbe-42e8-9ebe-db84e222025e: MM tag refers to bases beyond sequence length
[W::bam_next_basemod] MM tag refers to bases beyond sequence length
[W::hts_idx_load3] The index file is older than the data file: /bip7_disk/pingting114/mixed_bam/COLO829_PAO/TF1e-2_25x/TF1e-2_25x.rep2.bam.bai
[W::hts_idx_load3] The index file is older than the data file: /bip7_disk/pingting114/mixed_bam/COLO829_PAO/TF1e-2_25x/TF1e-2_25x.rep2.bam.bai
[E::bam_parse_basemod2] 2875cc3f-9a1b-4318-a748-79e2299f3aa6: MM tag refers to bases beyond sequence length
[W::hts_idx_load3] The index file is older than the data file: /bip7_disk/pingting114/mixed_bam/COLO829_PAO/TF1e-2_25x/TF1e-2_25x.rep2.bam.bai
[W::bam_next_basemod] MM tag refers to bases beyond sequence length
[W::hts_idx_load3] The index file is older than the data file: /bip7_disk/pingting114/mixed_bam/COLO829_PAO/TF1e-2_25x/TF1e-2_25x.rep2.bam.bai
[W::hts_idx_load3] The index file is older than the data file: /bip7_disk/pingting114/mixed_bam/COLO829_PAO/TF1e-2_25x/TF1e-2_25x.rep2.bam.bai
[W::bam_next_basemod] MM tag refers to bases beyond sequence length
[E::bam_parse_basemod2] 99bae30b-23c0-428d-9e05-3baacbe66c2a: MM tag refers to bases beyond sequence length
[W::hts_idx_load3] The index file is older than the data file: /bip7_disk/pingting114/mixed_bam/COLO829_PAO/TF1e-2_25x/TF1e-2_25x.rep2.bam.bai
[W::hts_idx_load3] The index file is older than the data file: /bip7_disk/pingting114/mixed_bam/COLO829_PAO/TF1e-2_25x/TF1e-2_25x.rep2.bam.bai
[W::hts_idx_load3] The index file is older than the data file: /bip7_disk/pingting114/mixed_bam/COLO829_PAO/TF1e-2_25x/TF1e-2_25x.rep2.bam.bai
[E::bam_parse_basemod2] 9839b4ae-242b-45e0-ade5-4a2406f35e07: MM tag refers to bases beyond sequence length
[W::hts_idx_load3] The index file is older than the data file: /bip7_disk/pingting114/mixed_bam/COLO829_PAO/TF1e-2_25x/TF1e-2_25x.rep2.bam.bai
[W::hts_idx_load3] The index file is older than the data file: /bip7_disk/pingting114/mixed_bam/COLO829_PAO/TF1e-2_25x/TF1e-2_25x.rep2.bam.bai
[W::bam_next_basemod] MM tag refers to bases beyond sequence length
[W::hts_idx_load3] The index file is older than the data file: /bip7_disk/pingting114/mixed_bam/COLO829_PAO/TF1e-2_25x/TF1e-2_25x.rep2.bam.bai
[W::hts_idx_load3] The index file is older than the data file: /bip7_disk/pingting114/mixed_bam/COLO829_PAO/TF1e-2_25x/TF1e-2_25x.rep2.bam.bai
[W::bam_next_basemod] MM tag refers to bases beyond sequence length
[W::bam_next_basemod] MM tag refers to bases beyond sequence length
[W::hts_idx_load3] The index file is older than the data file: /bip7_disk/pingting114/mixed_bam/COLO829_PAO/TF1e-2_25x/TF1e-2_25x.rep2.bam.bai
[W::bam_next_basemod] MM tag refers to bases beyond sequence length
[W::hts_idx_load3] The index file is older than the data file: /bip7_disk/pingting114/mixed_bam/COLO829_PAO/TF1e-2_25x/TF1e-2_25x.rep2.bam.bai
[W::hts_idx_load3] The index file is older than the data file: /bip7_disk/pingting114/mixed_bam/COLO829_PAO/TF1e-2_25x/TF1e-2_25x.rep2.bam.bai
[W::hts_idx_load3] The index file is older than the data file: /bip7_disk/pingting114/mixed_bam/COLO829_PAO/TF1e-2_25x/TF1e-2_25x.rep2.bam.bai
[W::bam_next_basemod] MM tag refers to bases beyond sequence length
[W::bam_next_basemod] MM tag refers to bases beyond sequence length
[W::hts_idx_load3] The index file is older than the data file: /bip7_disk/pingting114/mixed_bam/COLO829_PAO/TF1e-2_25x/TF1e-2_25x.rep2.bam.bai
[W::hts_idx_load3] The index file is older than the data file: /bip7_disk/pingting114/mixed_bam/COLO829_PAO/TF1e-2_25x/TF1e-2_25x.rep2.bam.bai
[W::hts_idx_load3] The index file is older than the data file: /bip7_disk/pingting114/mixed_bam/COLO829_PAO/TF1e-2_25x/TF1e-2_25x.rep2.bam.bai
[W::hts_idx_load3] The index file is older than the data file: /bip7_disk/pingting114/mixed_bam/COLO829_PAO/TF1e-2_25x/TF1e-2_25x.rep2.bam.bai
[W::hts_idx_load3] The index file is older than the data file: /bip7_disk/pingting114/mixed_bam/COLO829_PAO/TF1e-2_25x/TF1e-2_25x.rep2.bam.bai
[W::hts_idx_load3] The index file is older than the data file: /bip7_disk/pingting114/mixed_bam/COLO829_PAO/TF1e-2_25x/TF1e-2_25x.rep2.bam.bai
[W::hts_idx_load3] The index file is older than the data file: /bip7_disk/pingting114/mixed_bam/COLO829_PAO/TF1e-2_25x/TF1e-2_25x.rep2.bam.bai
[W::hts_idx_load3] The index file is older than the data file: /bip7_disk/pingting114/mixed_bam/COLO829_PAO/TF1e-2_25x/TF1e-2_25x.rep2.bam.bai
[W::hts_idx_load3] The index file is older than the data file: /bip7_disk/pingting114/mixed_bam/COLO829_PAO/TF1e-2_25x/TF1e-2_25x.rep2.bam.bai
[W::hts_idx_load3] The index file is older than the data file: /bip7_disk/pingting114/mixed_bam/COLO829_PAO/TF1e-2_25x/TF1e-2_25x.rep2.bam.bai
[E::bam_parse_basemod2] e20bcb14-e782-40c2-998e-24822a8982b8: MM tag refers to bases beyond sequence length
[W::hts_idx_load3] The index file is older than the data file: /bip7_disk/pingting114/mixed_bam/COLO829_PAO/TF1e-2_25x/TF1e-2_25x.rep2.bam.bai
[W::hts_idx_load3] The index file is older than the data file: /bip7_disk/pingting114/mixed_bam/COLO829_PAO/TF1e-2_25x/TF1e-2_25x.rep2.bam.bai
[W::hts_idx_load3] The index file is older than the data file: /bip7_disk/pingting114/mixed_bam/COLO829_PAO/TF1e-2_25x/TF1e-2_25x.rep2.bam.bai
[E::bam_parse_basemod2] d798fd6e-efa1-41aa-b47e-f684d66db844: MM tag refers to bases beyond sequence length
[W::hts_idx_load3] The index file is older than the data file: /bip7_disk/pingting114/mixed_bam/COLO829_PAO/TF1e-2_25x/TF1e-2_25x.rep2.bam.bai
[W::hts_idx_load3] The index file is older than the data file: /bip7_disk/pingting114/mixed_bam/COLO829_PAO/TF1e-2_25x/TF1e-2_25x.rep2.bam.bai
[W::hts_idx_load3] The index file is older than the data file: /bip7_disk/pingting114/mixed_bam/COLO829_PAO/TF1e-2_25x/TF1e-2_25x.rep2.bam.bai
[W::hts_idx_load3] The index file is older than the data file: /bip7_disk/pingting114/mixed_bam/COLO829_PAO/TF1e-2_25x/TF1e-2_25x.rep2.bam.bai
[W::hts_idx_load3] The index file is older than the data file: /bip7_disk/pingting114/mixed_bam/COLO829_PAO/TF1e-2_25x/TF1e-2_25x.rep2.bam.bai
[W::hts_idx_load3] The index file is older than the data file: /bip7_disk/pingting114/mixed_bam/COLO829_PAO/TF1e-2_25x/TF1e-2_25x.rep2.bam.bai
[W::hts_idx_load3] The index file is older than the data file: /bip7_disk/pingting114/mixed_bam/COLO829_PAO/TF1e-2_25x/TF1e-2_25x.rep2.bam.bai
[E::bam_parse_basemod2] 02d13af5-96c6-439b-902c-d34da74adb91: MM tag refers to bases beyond sequence length
[W::hts_idx_load3] The index file is older than the data file: /bip7_disk/pingting114/mixed_bam/COLO829_PAO/TF1e-2_25x/TF1e-2_25x.rep2.bam.bai
[W::bam_next_basemod] MM tag refers to bases beyond sequence length
[W::bam_next_basemod] MM tag refers to bases beyond sequence length
[W::bam_next_basemod] MM tag refers to bases beyond sequence length
[E::bam_parse_basemod2] 36f73c23-0dd9-4bc7-ad68-e117055c8876: MM tag refers to bases beyond sequence length
[E::bam_parse_basemod2] 6debdf2e-aa30-44a3-912e-30f420f63ca1: MM tag refers to bases beyond sequence length
[E::bam_parse_basemod2] e503dd0e-67c0-4ebc-a418-2c4b8315f8d4: MM tag refers to bases beyond sequence length
[E::bam_parse_basemod2] 8ec74a55-774f-4526-a0e8-cc1798e0d080: MM tag refers to bases beyond sequence length
[E::bam_parse_basemod2] 42058bbc-d2f7-4064-bd78-348be60c1f4c: MM tag refers to bases beyond sequence length
[W::hts_idx_load3] The index file is older than the data file: /bip7_disk/pingting114/mixed_bam/COLO829_PAO/TF1e-2_25x/TF1e-2_25x.rep2.bam.bai
[W::hts_idx_load3] The index file is older than the data file: /bip7_disk/pingting114/mixed_bam/COLO829_PAO/TF1e-2_25x/TF1e-2_25x.rep2.bam.bai
[W::bam_next_basemod] MM tag refers to bases beyond sequence length
[W::hts_idx_load3] The index file is older than the data file: /bip7_disk/pingting114/mixed_bam/COLO829_PAO/TF1e-2_25x/TF1e-2_25x.rep2.bam.bai
[W::hts_idx_load3] The index file is older than the data file: /bip7_disk/pingting114/mixed_bam/COLO829_PAO/TF1e-2_25x/TF1e-2_25x.rep2.bam.bai
[W::hts_idx_load3] The index file is older than the data file: /bip7_disk/pingting114/mixed_bam/COLO829_PAO/TF1e-2_25x/TF1e-2_25x.rep2.bam.bai
[W::hts_idx_load3] The index file is older than the data file: /bip7_disk/pingting114/mixed_bam/COLO829_PAO/TF1e-2_25x/TF1e-2_25x.rep2.bam.bai
[W::hts_idx_load3] The index file is older than the data file: /bip7_disk/pingting114/mixed_bam/COLO829_PAO/TF1e-2_25x/TF1e-2_25x.rep2.bam.bai
[W::hts_idx_load3] The index file is older than the data file: /bip7_disk/pingting114/mixed_bam/COLO829_PAO/TF1e-2_25x/TF1e-2_25x.rep2.bam.bai
[W::hts_idx_load3] The index file is older than the data file: /bip7_disk/pingting114/mixed_bam/COLO829_PAO/TF1e-2_25x/TF1e-2_25x.rep2.bam.bai
[W::hts_idx_load3] The index file is older than the data file: /bip7_disk/pingting114/mixed_bam/COLO829_PAO/TF1e-2_25x/TF1e-2_25x.rep2.bam.bai
[W::hts_idx_load3] The index file is older than the data file: /bip7_disk/pingting114/mixed_bam/COLO829_PAO/TF1e-2_25x/TF1e-2_25x.rep2.bam.bai
[W::hts_idx_load3] The index file is older than the data file: /bip7_disk/pingting114/mixed_bam/COLO829_PAO/TF1e-2_25x/TF1e-2_25x.rep2.bam.bai
[W::bam_next_basemod] MM tag refers to bases beyond sequence length
[W::hts_idx_load3] The index file is older than the data file: /bip7_disk/pingting114/mixed_bam/COLO829_PAO/TF1e-2_25x/TF1e-2_25x.rep2.bam.bai
[W::hts_idx_load3] The index file is older than the data file: /bip7_disk/pingting114/mixed_bam/COLO829_PAO/TF1e-2_25x/TF1e-2_25x.rep2.bam.bai
[W::hts_idx_load3] The index file is older than the data file: /bip7_disk/pingting114/mixed_bam/COLO829_PAO/TF1e-2_25x/TF1e-2_25x.rep2.bam.bai
[W::hts_idx_load3] The index file is older than the data file: /bip7_disk/pingting114/mixed_bam/COLO829_PAO/TF1e-2_25x/TF1e-2_25x.rep2.bam.bai
[W::hts_idx_load3] The index file is older than the data file: /bip7_disk/pingting114/mixed_bam/COLO829_PAO/TF1e-2_25x/TF1e-2_25x.rep2.bam.bai
[E::bam_parse_basemod2] f35379be-b311-470c-985f-88d9023d7dac: MM tag refers to bases beyond sequence length
[W::hts_idx_load3] The index file is older than the data file: /bip7_disk/pingting114/mixed_bam/COLO829_PAO/TF1e-2_25x/TF1e-2_25x.rep2.bam.bai
[W::hts_idx_load3] The index file is older than the data file: /bip7_disk/pingting114/mixed_bam/COLO829_PAO/TF1e-2_25x/TF1e-2_25x.rep2.bam.bai
[W::hts_idx_load3] The index file is older than the data file: /bip7_disk/pingting114/mixed_bam/COLO829_PAO/TF1e-2_25x/TF1e-2_25x.rep2.bam.bai
[W::hts_idx_load3] The index file is older than the data file: /bip7_disk/pingting114/mixed_bam/COLO829_PAO/TF1e-2_25x/TF1e-2_25x.rep2.bam.bai
[W::hts_idx_load3] The index file is older than the data file: /bip7_disk/pingting114/mixed_bam/COLO829_PAO/TF1e-2_25x/TF1e-2_25x.rep2.bam.bai
[W::bam_next_basemod] MM tag refers to bases beyond sequence length
[W::hts_idx_load3] The index file is older than the data file: /bip7_disk/pingting114/mixed_bam/COLO829_PAO/TF1e-2_25x/TF1e-2_25x.rep2.bam.bai
[E::bam_parse_basemod2] 55d8475c-40b8-41f2-8a9e-47fbd96cccdf: MM tag refers to bases beyond sequence length
[W::bam_next_basemod] MM tag refers to bases beyond sequence length
[W::hts_idx_load3] The index file is older than the data file: /bip7_disk/pingting114/mixed_bam/COLO829_PAO/TF1e-2_25x/TF1e-2_25x.rep2.bam.bai
[W::hts_idx_load3] The index file is older than the data file: /bip7_disk/pingting114/mixed_bam/COLO829_PAO/TF1e-2_25x/TF1e-2_25x.rep2.bam.bai
[W::hts_idx_load3] The index file is older than the data file: /bip7_disk/pingting114/mixed_bam/COLO829_PAO/TF1e-2_25x/TF1e-2_25x.rep2.bam.bai
[W::hts_idx_load3] The index file is older than the data file: /bip7_disk/pingting114/mixed_bam/COLO829_PAO/TF1e-2_25x/TF1e-2_25x.rep2.bam.bai
[W::bam_next_basemod] MM tag refers to bases beyond sequence length
[W::hts_idx_load3] The index file is older than the data file: /bip7_disk/pingting114/mixed_bam/COLO829_PAO/TF1e-2_25x/TF1e-2_25x.rep2.bam.bai
[W::hts_idx_load3] The index file is older than the data file: /bip7_disk/pingting114/mixed_bam/COLO829_PAO/TF1e-2_25x/TF1e-2_25x.rep2.bam.bai
[W::hts_idx_load3] The index file is older than the data file: /bip7_disk/pingting114/mixed_bam/COLO829_PAO/TF1e-2_25x/TF1e-2_25x.rep2.bam.bai
[W::hts_idx_load3] The index file is older than the data file: /bip7_disk/pingting114/mixed_bam/COLO829_PAO/TF1e-2_25x/TF1e-2_25x.rep2.bam.bai
[W::hts_idx_load3] The index file is older than the data file: /bip7_disk/pingting114/mixed_bam/COLO829_PAO/TF1e-2_25x/TF1e-2_25x.rep2.bam.bai
[W::bam_next_basemod] MM tag refers to bases beyond sequence length
[W::hts_idx_load3] The index file is older than the data file: /bip7_disk/pingting114/mixed_bam/COLO829_PAO/TF1e-2_25x/TF1e-2_25x.rep2.bam.bai
[W::hts_idx_load3] The index file is older than the data file: /bip7_disk/pingting114/mixed_bam/COLO829_PAO/TF1e-2_25x/TF1e-2_25x.rep2.bam.bai
[W::hts_idx_load3] The index file is older than the data file: /bip7_disk/pingting114/mixed_bam/COLO829_PAO/TF1e-2_25x/TF1e-2_25x.rep2.bam.bai
[W::hts_idx_load3] The index file is older than the data file: /bip7_disk/pingting114/mixed_bam/COLO829_PAO/TF1e-2_25x/TF1e-2_25x.rep2.bam.bai
[W::hts_idx_load3] The index file is older than the data file: /bip7_disk/pingting114/mixed_bam/COLO829_PAO/TF1e-2_25x/TF1e-2_25x.rep2.bam.bai
[W::hts_idx_load3] The index file is older than the data file: /bip7_disk/pingting114/mixed_bam/COLO829_PAO/TF1e-2_25x/TF1e-2_25x.rep2.bam.bai
[W::hts_idx_load3] The index file is older than the data file: /bip7_disk/pingting114/mixed_bam/COLO829_PAO/TF1e-2_25x/TF1e-2_25x.rep2.bam.bai
[W::bam_next_basemod] MM tag refers to bases beyond sequence length
[W::hts_idx_load3] The index file is older than the data file: /bip7_disk/pingting114/mixed_bam/COLO829_PAO/TF1e-2_25x/TF1e-2_25x.rep2.bam.bai
[E::bam_parse_basemod2] f53193ed-b089-4314-8fb4-bfd447778473: MM tag refers to bases beyond sequence length
[W::hts_idx_load3] The index file is older than the data file: /bip7_disk/pingting114/mixed_bam/COLO829_PAO/TF1e-2_25x/TF1e-2_25x.rep2.bam.bai
[W::hts_idx_load3] The index file is older than the data file: /bip7_disk/pingting114/mixed_bam/COLO829_PAO/TF1e-2_25x/TF1e-2_25x.rep2.bam.bai
[W::hts_idx_load3] The index file is older than the data file: /bip7_disk/pingting114/mixed_bam/COLO829_PAO/TF1e-2_25x/TF1e-2_25x.rep2.bam.bai
[W::hts_idx_load3] The index file is older than the data file: /bip7_disk/pingting114/mixed_bam/COLO829_PAO/TF1e-2_25x/TF1e-2_25x.rep2.bam.bai
[W::hts_idx_load3] The index file is older than the data file: /bip7_disk/pingting114/mixed_bam/COLO829_PAO/TF1e-2_25x/TF1e-2_25x.rep2.bam.bai
[W::hts_idx_load3] The index file is older than the data file: /bip7_disk/pingting114/mixed_bam/COLO829_PAO/TF1e-2_25x/TF1e-2_25x.rep2.bam.bai
[E::bam_parse_basemod2] e7fddede-f496-478f-b122-ef78226eab16: MM tag refers to bases beyond sequence length
[E::bam_parse_basemod2] b236f8b4-9d41-4ec1-8a65-ffd01c9d89c8: MM tag refers to bases beyond sequence length
[E::bam_parse_basemod2] 4bb49dea-549a-4465-b0c6-b497618520ae: MM tag refers to bases beyond sequence length
[E::bam_parse_basemod2] 6d35f8bf-84d8-404a-942e-29b3c856bd11: MM tag refers to bases beyond sequence length
[W::bam_next_basemod] MM tag refers to bases beyond sequence length
[W::bam_next_basemod] MM tag refers to bases beyond sequence length
[W::bam_next_basemod] MM tag refers to bases beyond sequence length
[E::bam_parse_basemod2] 6da34720-1d65-4c5d-af2e-30a8b2cea13f: MM tag refers to bases beyond sequence length
[E::bam_parse_basemod2] 52031c5f-5d61-4ef3-b2f7-2c0c2b36cc3e: MM tag refers to bases beyond sequence length
[W::hts_idx_load3] The index file is older than the data file: /bip7_disk/pingting114/mixed_bam/COLO829_PAO/TF1e-2_25x/TF1e-2_25x.rep2.bam.bai
[W::hts_idx_load3] The index file is older than the data file: /bip7_disk/pingting114/mixed_bam/COLO829_PAO/TF1e-2_25x/TF1e-2_25x.rep2.bam.bai
[W::hts_idx_load3] The index file is older than the data file: /bip7_disk/pingting114/mixed_bam/COLO829_PAO/TF1e-2_25x/TF1e-2_25x.rep2.bam.bai
[W::hts_idx_load3] The index file is older than the data file: /bip7_disk/pingting114/mixed_bam/COLO829_PAO/TF1e-2_25x/TF1e-2_25x.rep2.bam.bai
[W::hts_idx_load3] The index file is older than the data file: /bip7_disk/pingting114/mixed_bam/COLO829_PAO/TF1e-2_25x/TF1e-2_25x.rep2.bam.bai
[W::hts_idx_load3] The index file is older than the data file: /bip7_disk/pingting114/mixed_bam/COLO829_PAO/TF1e-2_25x/TF1e-2_25x.rep2.bam.bai
[E::bam_parse_basemod2] 883e85ac-dc80-4bdf-81d0-9e1c9fee5cf2: MM tag refers to bases beyond sequence length
[W::hts_idx_load3] The index file is older than the data file: /bip7_disk/pingting114/mixed_bam/COLO829_PAO/TF1e-2_25x/TF1e-2_25x.rep2.bam.bai
[E::bam_parse_basemod2] 910cbce1-43d6-4fd5-a677-fea87c02449a: MM tag refers to bases beyond sequence length
[W::hts_idx_load3] The index file is older than the data file: /bip7_disk/pingting114/mixed_bam/COLO829_PAO/TF1e-2_25x/TF1e-2_25x.rep2.bam.bai
[E::bam_parse_basemod2] c46e784a-f452-439f-9e99-076c79e9c1c2: MM tag refers to bases beyond sequence length
[W::hts_idx_load3] The index file is older than the data file: /bip7_disk/pingting114/mixed_bam/COLO829_PAO/TF1e-2_25x/TF1e-2_25x.rep2.bam.bai
[W::hts_idx_load3] The index file is older than the data file: /bip7_disk/pingting114/mixed_bam/COLO829_PAO/TF1e-2_25x/TF1e-2_25x.rep2.bam.bai
[W::hts_idx_load3] The index file is older than the data file: /bip7_disk/pingting114/mixed_bam/COLO829_PAO/TF1e-2_25x/TF1e-2_25x.rep2.bam.bai
[W::hts_idx_load3] The index file is older than the data file: /bip7_disk/pingting114/mixed_bam/COLO829_PAO/TF1e-2_25x/TF1e-2_25x.rep2.bam.bai
[W::hts_idx_load3] The index file is older than the data file: /bip7_disk/pingting114/mixed_bam/COLO829_PAO/TF1e-2_25x/TF1e-2_25x.rep2.bam.bai
[W::hts_idx_load3] The index file is older than the data file: /bip7_disk/pingting114/mixed_bam/COLO829_PAO/TF1e-2_25x/TF1e-2_25x.rep2.bam.bai
[W::hts_idx_load3] The index file is older than the data file: /bip7_disk/pingting114/mixed_bam/COLO829_PAO/TF1e-2_25x/TF1e-2_25x.rep2.bam.bai
[W::hts_idx_load3] The index file is older than the data file: /bip7_disk/pingting114/mixed_bam/COLO829_PAO/TF1e-2_25x/TF1e-2_25x.rep2.bam.bai
[W::bam_next_basemod] MM tag refers to bases beyond sequence length
[W::hts_idx_load3] The index file is older than the data file: /bip7_disk/pingting114/mixed_bam/COLO829_PAO/TF1e-2_25x/TF1e-2_25x.rep2.bam.bai
[W::hts_idx_load3] The index file is older than the data file: /bip7_disk/pingting114/mixed_bam/COLO829_PAO/TF1e-2_25x/TF1e-2_25x.rep2.bam.bai
[W::hts_idx_load3] The index file is older than the data file: /bip7_disk/pingting114/mixed_bam/COLO829_PAO/TF1e-2_25x/TF1e-2_25x.rep2.bam.bai
[W::hts_idx_load3] The index file is older than the data file: /bip7_disk/pingting114/mixed_bam/COLO829_PAO/TF1e-2_25x/TF1e-2_25x.rep2.bam.bai
[W::hts_idx_load3] The index file is older than the data file: /bip7_disk/pingting114/mixed_bam/COLO829_PAO/TF1e-2_25x/TF1e-2_25x.rep2.bam.bai
[W::hts_idx_load3] The index file is older than the data file: /bip7_disk/pingting114/mixed_bam/COLO829_PAO/TF1e-2_25x/TF1e-2_25x.rep2.bam.bai
[W::hts_idx_load3] The index file is older than the data file: /bip7_disk/pingting114/mixed_bam/COLO829_PAO/TF1e-2_25x/TF1e-2_25x.rep2.bam.bai
[E::bam_parse_basemod2] 737c039e-a20f-45ac-9f88-83622a10ed1c: MM tag refers to bases beyond sequence length
[W::hts_idx_load3] The index file is older than the data file: /bip7_disk/pingting114/mixed_bam/COLO829_PAO/TF1e-2_25x/TF1e-2_25x.rep2.bam.bai
[E::bam_parse_basemod2] 9493a478-7cf4-4688-b03e-37f572cf5ab4: MM tag refers to bases beyond sequence length
[W::hts_idx_load3] The index file is older than the data file: /bip7_disk/pingting114/mixed_bam/COLO829_PAO/TF1e-2_25x/TF1e-2_25x.rep2.bam.bai
[W::hts_idx_load3] The index file is older than the data file: /bip7_disk/pingting114/mixed_bam/COLO829_PAO/TF1e-2_25x/TF1e-2_25x.rep2.bam.bai
[W::hts_idx_load3] The index file is older than the data file: /bip7_disk/pingting114/mixed_bam/COLO829_PAO/TF1e-2_25x/TF1e-2_25x.rep2.bam.bai
[E::bam_parse_basemod2] 9519a8cb-ebe0-422e-878e-1fab4da97af1: MM tag refers to bases beyond sequence length
[W::hts_idx_load3] The index file is older than the data file: /bip7_disk/pingting114/mixed_bam/COLO829_PAO/TF1e-2_25x/TF1e-2_25x.rep2.bam.bai
[W::bam_next_basemod] MM tag refers to bases beyond sequence length
[W::hts_idx_load3] The index file is older than the data file: /bip7_disk/pingting114/mixed_bam/COLO829_PAO/TF1e-2_25x/TF1e-2_25x.rep2.bam.bai
[W::bam_next_basemod] MM tag refers to bases beyond sequence length
[W::hts_idx_load3] The index file is older than the data file: /bip7_disk/pingting114/mixed_bam/COLO829_PAO/TF1e-2_25x/TF1e-2_25x.rep2.bam.bai
[W::hts_idx_load3] The index file is older than the data file: /bip7_disk/pingting114/mixed_bam/COLO829_PAO/TF1e-2_25x/TF1e-2_25x.rep2.bam.bai
[W::hts_idx_load3] The index file is older than the data file: /bip7_disk/pingting114/mixed_bam/COLO829_PAO/TF1e-2_25x/TF1e-2_25x.rep2.bam.bai
[W::hts_idx_load3] The index file is older than the data file: /bip7_disk/pingting114/mixed_bam/COLO829_PAO/TF1e-2_25x/TF1e-2_25x.rep2.bam.bai
[W::hts_idx_load3] The index file is older than the data file: /bip7_disk/pingting114/mixed_bam/COLO829_PAO/TF1e-2_25x/TF1e-2_25x.rep2.bam.bai
[W::hts_idx_load3] The index file is older than the data file: /bip7_disk/pingting114/mixed_bam/COLO829_PAO/TF1e-2_25x/TF1e-2_25x.rep2.bam.bai
[W::hts_idx_load3] The index file is older than the data file: /bip7_disk/pingting114/mixed_bam/COLO829_PAO/TF1e-2_25x/TF1e-2_25x.rep2.bam.bai
[E::bam_parse_basemod2] 7eaa9b95-9f83-497e-aab8-b14dc43f7a1c: MM tag refers to bases beyond sequence length
[W::hts_idx_load3] The index file is older than the data file: /bip7_disk/pingting114/mixed_bam/COLO829_PAO/TF1e-2_25x/TF1e-2_25x.rep2.bam.bai
[W::hts_idx_load3] The index file is older than the data file: /bip7_disk/pingting114/mixed_bam/COLO829_PAO/TF1e-2_25x/TF1e-2_25x.rep2.bam.bai
[W::bam_next_basemod] MM tag refers to bases beyond sequence length
[W::bam_next_basemod] MM tag refers to bases beyond sequence length
[W::hts_idx_load3] The index file is older than the data file: /bip7_disk/pingting114/mixed_bam/COLO829_PAO/TF1e-2_25x/TF1e-2_25x.rep2.bam.bai
[W::hts_idx_load3] The index file is older than the data file: /bip7_disk/pingting114/mixed_bam/COLO829_PAO/TF1e-2_25x/TF1e-2_25x.rep2.bam.bai
[W::hts_idx_load3] The index file is older than the data file: /bip7_disk/pingting114/mixed_bam/COLO829_PAO/TF1e-2_25x/TF1e-2_25x.rep2.bam.bai
[W::hts_idx_load3] The index file is older than the data file: /bip7_disk/pingting114/mixed_bam/COLO829_PAO/TF1e-2_25x/TF1e-2_25x.rep2.bam.bai
[W::hts_idx_load3] The index file is older than the data file: /bip7_disk/pingting114/mixed_bam/COLO829_PAO/TF1e-2_25x/TF1e-2_25x.rep2.bam.bai
[W::bam_next_basemod] MM tag refers to bases beyond sequence length
[W::hts_idx_load3] The index file is older than the data file: /bip7_disk/pingting114/mixed_bam/COLO829_PAO/TF1e-2_25x/TF1e-2_25x.rep2.bam.bai
[W::hts_idx_load3] The index file is older than the data file: /bip7_disk/pingting114/mixed_bam/COLO829_PAO/TF1e-2_25x/TF1e-2_25x.rep2.bam.bai
[E::bam_parse_basemod2] deb8cfa4-8aef-4796-bdfd-9bf135667bc4: MM tag refers to bases beyond sequence length
[W::hts_idx_load3] The index file is older than the data file: /bip7_disk/pingting114/mixed_bam/COLO829_PAO/TF1e-2_25x/TF1e-2_25x.rep2.bam.bai
[W::bam_next_basemod] MM tag refers to bases beyond sequence length
[W::hts_idx_load3] The index file is older than the data file: /bip7_disk/pingting114/mixed_bam/COLO829_PAO/TF1e-2_25x/TF1e-2_25x.rep2.bam.bai
[W::hts_idx_load3] The index file is older than the data file: /bip7_disk/pingting114/mixed_bam/COLO829_PAO/TF1e-2_25x/TF1e-2_25x.rep2.bam.bai
[W::hts_idx_load3] The index file is older than the data file: /bip7_disk/pingting114/mixed_bam/COLO829_PAO/TF1e-2_25x/TF1e-2_25x.rep2.bam.bai
[W::hts_idx_load3] The index file is older than the data file: /bip7_disk/pingting114/mixed_bam/COLO829_PAO/TF1e-2_25x/TF1e-2_25x.rep2.bam.bai
[W::hts_idx_load3] The index file is older than the data file: /bip7_disk/pingting114/mixed_bam/COLO829_PAO/TF1e-2_25x/TF1e-2_25x.rep2.bam.bai
[W::hts_idx_load3] The index file is older than the data file: /bip7_disk/pingting114/mixed_bam/COLO829_PAO/TF1e-2_25x/TF1e-2_25x.rep2.bam.bai
[W::hts_idx_load3] The index file is older than the data file: /bip7_disk/pingting114/mixed_bam/COLO829_PAO/TF1e-2_25x/TF1e-2_25x.rep2.bam.bai
[E::bam_parse_basemod2] c88d5b2b-5373-4a3e-b102-77b40c3e6527: MM tag refers to bases beyond sequence length
[W::hts_idx_load3] The index file is older than the data file: /bip7_disk/pingting114/mixed_bam/COLO829_PAO/TF1e-2_25x/TF1e-2_25x.rep2.bam.bai
[W::hts_idx_load3] The index file is older than the data file: /bip7_disk/pingting114/mixed_bam/COLO829_PAO/TF1e-2_25x/TF1e-2_25x.rep2.bam.bai
[W::hts_idx_load3] The index file is older than the data file: /bip7_disk/pingting114/mixed_bam/COLO829_PAO/TF1e-2_25x/TF1e-2_25x.rep2.bam.bai
[W::hts_idx_load3] The index file is older than the data file: /bip7_disk/pingting114/mixed_bam/COLO829_PAO/TF1e-2_25x/TF1e-2_25x.rep2.bam.bai
[W::hts_idx_load3] The index file is older than the data file: /bip7_disk/pingting114/mixed_bam/COLO829_PAO/TF1e-2_25x/TF1e-2_25x.rep2.bam.bai
[W::bam_next_basemod] MM tag refers to bases beyond sequence length
[W::hts_idx_load3] The index file is older than the data file: /bip7_disk/pingting114/mixed_bam/COLO829_PAO/TF1e-2_25x/TF1e-2_25x.rep2.bam.bai
[W::bam_next_basemod] MM tag refers to bases beyond sequence length
[W::hts_idx_load3] The index file is older than the data file: /bip7_disk/pingting114/mixed_bam/COLO829_PAO/TF1e-2_25x/TF1e-2_25x.rep2.bam.bai
[W::hts_idx_load3] The index file is older than the data file: /bip7_disk/pingting114/mixed_bam/COLO829_PAO/TF1e-2_25x/TF1e-2_25x.rep2.bam.bai
[W::hts_idx_load3] The index file is older than the data file: /bip7_disk/pingting114/mixed_bam/COLO829_PAO/TF1e-2_25x/TF1e-2_25x.rep2.bam.bai
[W::hts_idx_load3] The index file is older than the data file: /bip7_disk/pingting114/mixed_bam/COLO829_PAO/TF1e-2_25x/TF1e-2_25x.rep2.bam.bai
[W::bam_next_basemod] MM tag refers to bases beyond sequence length
[W::hts_idx_load3] The index file is older than the data file: /bip7_disk/pingting114/mixed_bam/COLO829_PAO/TF1e-2_25x/TF1e-2_25x.rep2.bam.bai
[E::bam_parse_basemod2] f32908ee-e470-42f3-9e44-4204f52b59e6: MM tag refers to bases beyond sequence length
[W::hts_idx_load3] The index file is older than the data file: /bip7_disk/pingting114/mixed_bam/COLO829_PAO/TF1e-2_25x/TF1e-2_25x.rep2.bam.bai
[W::hts_idx_load3] The index file is older than the data file: /bip7_disk/pingting114/mixed_bam/COLO829_PAO/TF1e-2_25x/TF1e-2_25x.rep2.bam.bai
[W::hts_idx_load3] The index file is older than the data file: /bip7_disk/pingting114/mixed_bam/COLO829_PAO/TF1e-2_25x/TF1e-2_25x.rep2.bam.bai
[W::hts_idx_load3] The index file is older than the data file: /bip7_disk/pingting114/mixed_bam/COLO829_PAO/TF1e-2_25x/TF1e-2_25x.rep2.bam.bai
[W::hts_idx_load3] The index file is older than the data file: /bip7_disk/pingting114/mixed_bam/COLO829_PAO/TF1e-2_25x/TF1e-2_25x.rep2.bam.bai
[W::hts_idx_load3] The index file is older than the data file: /bip7_disk/pingting114/mixed_bam/COLO829_PAO/TF1e-2_25x/TF1e-2_25x.rep2.bam.bai
[W::bam_next_basemod] MM tag refers to bases beyond sequence length
[W::hts_idx_load3] The index file is older than the data file: /bip7_disk/pingting114/mixed_bam/COLO829_PAO/TF1e-2_25x/TF1e-2_25x.rep2.bam.bai
[W::hts_idx_load3] The index file is older than the data file: /bip7_disk/pingting114/mixed_bam/COLO829_PAO/TF1e-2_25x/TF1e-2_25x.rep2.bam.bai
[W::hts_idx_load3] The index file is older than the data file: /bip7_disk/pingting114/mixed_bam/COLO829_PAO/TF1e-2_25x/TF1e-2_25x.rep2.bam.bai
[W::bam_next_basemod] MM tag refers to bases beyond sequence length
[W::hts_idx_load3] The index file is older than the data file: /bip7_disk/pingting114/mixed_bam/COLO829_PAO/TF1e-2_25x/TF1e-2_25x.rep2.bam.bai
[W::bam_next_basemod] MM tag refers to bases beyond sequence length
[W::hts_idx_load3] The index file is older than the data file: /bip7_disk/pingting114/mixed_bam/COLO829_PAO/TF1e-2_25x/TF1e-2_25x.rep2.bam.bai
[W::bam_next_basemod] MM tag refers to bases beyond sequence length
[W::hts_idx_load3] The index file is older than the data file: /bip7_disk/pingting114/mixed_bam/COLO829_PAO/TF1e-2_25x/TF1e-2_25x.rep2.bam.bai
[W::hts_idx_load3] The index file is older than the data file: /bip7_disk/pingting114/mixed_bam/COLO829_PAO/TF1e-2_25x/TF1e-2_25x.rep2.bam.bai
[W::hts_idx_load3] The index file is older than the data file: /bip7_disk/pingting114/mixed_bam/COLO829_PAO/TF1e-2_25x/TF1e-2_25x.rep2.bam.bai
[W::hts_idx_load3] The index file is older than the data file: /bip7_disk/pingting114/mixed_bam/COLO829_PAO/TF1e-2_25x/TF1e-2_25x.rep2.bam.bai
[W::hts_idx_load3] The index file is older than the data file: /bip7_disk/pingting114/mixed_bam/COLO829_PAO/TF1e-2_25x/TF1e-2_25x.rep2.bam.bai
[W::hts_idx_load3] The index file is older than the data file: /bip7_disk/pingting114/mixed_bam/COLO829_PAO/TF1e-2_25x/TF1e-2_25x.rep2.bam.bai
[E::bam_parse_basemod2] 60c22cc3-13ca-44ec-9053-5e4d72c75aea: MM tag refers to bases beyond sequence length
[W::hts_idx_load3] The index file is older than the data file: /bip7_disk/pingting114/mixed_bam/COLO829_PAO/TF1e-2_25x/TF1e-2_25x.rep2.bam.bai
[W::hts_idx_load3] The index file is older than the data file: /bip7_disk/pingting114/mixed_bam/COLO829_PAO/TF1e-2_25x/TF1e-2_25x.rep2.bam.bai
[W::hts_idx_load3] The index file is older than the data file: /bip7_disk/pingting114/mixed_bam/COLO829_PAO/TF1e-2_25x/TF1e-2_25x.rep2.bam.bai
[W::bam_next_basemod] MM tag refers to bases beyond sequence length
[W::hts_idx_load3] The index file is older than the data file: /bip7_disk/pingting114/mixed_bam/COLO829_PAO/TF1e-2_25x/TF1e-2_25x.rep2.bam.bai
[W::bam_next_basemod] MM tag refers to bases beyond sequence length
[E::bam_parse_basemod2] d4fcf801-f9e7-444b-9e58-e665fd37588e: MM tag refers to bases beyond sequence length
[W::hts_idx_load3] The index file is older than the data file: /bip7_disk/pingting114/mixed_bam/COLO829_PAO/TF1e-2_25x/TF1e-2_25x.rep2.bam.bai
[W::hts_idx_load3] The index file is older than the data file: /bip7_disk/pingting114/mixed_bam/COLO829_PAO/TF1e-2_25x/TF1e-2_25x.rep2.bam.bai
[W::hts_idx_load3] The index file is older than the data file: /bip7_disk/pingting114/mixed_bam/COLO829_PAO/TF1e-2_25x/TF1e-2_25x.rep2.bam.bai
[W::hts_idx_load3] The index file is older than the data file: /bip7_disk/pingting114/mixed_bam/COLO829_PAO/TF1e-2_25x/TF1e-2_25x.rep2.bam.bai
[W::hts_idx_load3] The index file is older than the data file: /bip7_disk/pingting114/mixed_bam/COLO829_PAO/TF1e-2_25x/TF1e-2_25x.rep2.bam.bai
[W::hts_idx_load3] The index file is older than the data file: /bip7_disk/pingting114/mixed_bam/COLO829_PAO/TF1e-2_25x/TF1e-2_25x.rep2.bam.bai
[W::hts_idx_load3] The index file is older than the data file: /bip7_disk/pingting114/mixed_bam/COLO829_PAO/TF1e-2_25x/TF1e-2_25x.rep2.bam.bai
[W::hts_idx_load3] The index file is older than the data file: /bip7_disk/pingting114/mixed_bam/COLO829_PAO/TF1e-2_25x/TF1e-2_25x.rep2.bam.bai
[E::bam_parse_basemod2] ef3512e9-6369-4615-9458-1cfe91ca6d11: MM tag refers to bases beyond sequence length
[W::hts_idx_load3] The index file is older than the data file: /bip7_disk/pingting114/mixed_bam/COLO829_PAO/TF1e-2_25x/TF1e-2_25x.rep2.bam.bai
[W::bam_next_basemod] MM tag refers to bases beyond sequence length
[E::bam_parse_basemod2] 36cbf6e1-e95d-4a97-b72a-e158922b7492: MM tag refers to bases beyond sequence length
[W::hts_idx_load3] The index file is older than the data file: /bip7_disk/pingting114/mixed_bam/COLO829_PAO/TF1e-2_25x/TF1e-2_25x.rep2.bam.bai
[W::hts_idx_load3] The index file is older than the data file: /bip7_disk/pingting114/mixed_bam/COLO829_PAO/TF1e-2_25x/TF1e-2_25x.rep2.bam.bai
[W::hts_idx_load3] The index file is older than the data file: /bip7_disk/pingting114/mixed_bam/COLO829_PAO/TF1e-2_25x/TF1e-2_25x.rep2.bam.bai
[W::hts_idx_load3] The index file is older than the data file: /bip7_disk/pingting114/mixed_bam/COLO829_PAO/TF1e-2_25x/TF1e-2_25x.rep2.bam.bai
[W::hts_idx_load3] The index file is older than the data file: /bip7_disk/pingting114/mixed_bam/COLO829_PAO/TF1e-2_25x/TF1e-2_25x.rep2.bam.bai
[W::hts_idx_load3] The index file is older than the data file: /bip7_disk/pingting114/mixed_bam/COLO829_PAO/TF1e-2_25x/TF1e-2_25x.rep2.bam.bai
[W::hts_idx_load3] The index file is older than the data file: /bip7_disk/pingting114/mixed_bam/COLO829_PAO/TF1e-2_25x/TF1e-2_25x.rep2.bam.bai
[E::bam_parse_basemod2] b5ba0bb8-2e49-4a50-beeb-a252942f8844: MM tag refers to bases beyond sequence length
[W::hts_idx_load3] The index file is older than the data file: /bip7_disk/pingting114/mixed_bam/COLO829_PAO/TF1e-2_25x/TF1e-2_25x.rep2.bam.bai
[W::hts_idx_load3] The index file is older than the data file: /bip7_disk/pingting114/mixed_bam/COLO829_PAO/TF1e-2_25x/TF1e-2_25x.rep2.bam.bai
[W::hts_idx_load3] The index file is older than the data file: /bip7_disk/pingting114/mixed_bam/COLO829_PAO/TF1e-2_25x/TF1e-2_25x.rep2.bam.bai
[W::bam_next_basemod] MM tag refers to bases beyond sequence length
[W::hts_idx_load3] The index file is older than the data file: /bip7_disk/pingting114/mixed_bam/COLO829_PAO/TF1e-2_25x/TF1e-2_25x.rep2.bam.bai
[W::bam_next_basemod] MM tag refers to bases beyond sequence length
[W::hts_idx_load3] The index file is older than the data file: /bip7_disk/pingting114/mixed_bam/COLO829_PAO/TF1e-2_25x/TF1e-2_25x.rep2.bam.bai
[W::hts_idx_load3] The index file is older than the data file: /bip7_disk/pingting114/mixed_bam/COLO829_PAO/TF1e-2_25x/TF1e-2_25x.rep2.bam.bai
[W::hts_idx_load3] The index file is older than the data file: /bip7_disk/pingting114/mixed_bam/COLO829_PAO/TF1e-2_25x/TF1e-2_25x.rep2.bam.bai
[W::hts_idx_load3] The index file is older than the data file: /bip7_disk/pingting114/mixed_bam/COLO829_PAO/TF1e-2_25x/TF1e-2_25x.rep2.bam.bai
[W::hts_idx_load3] The index file is older than the data file: /bip7_disk/pingting114/mixed_bam/COLO829_PAO/TF1e-2_25x/TF1e-2_25x.rep2.bam.bai
[W::hts_idx_load3] The index file is older than the data file: /bip7_disk/pingting114/mixed_bam/COLO829_PAO/TF1e-2_25x/TF1e-2_25x.rep2.bam.bai
[W::hts_idx_load3] The index file is older than the data file: /bip7_disk/pingting114/mixed_bam/COLO829_PAO/TF1e-2_25x/TF1e-2_25x.rep2.bam.bai
[W::hts_idx_load3] The index file is older than the data file: /bip7_disk/pingting114/mixed_bam/COLO829_PAO/TF1e-2_25x/TF1e-2_25x.rep2.bam.bai
[W::hts_idx_load3] The index file is older than the data file: /bip7_disk/pingting114/mixed_bam/COLO829_PAO/TF1e-2_25x/TF1e-2_25x.rep2.bam.bai
[E::bam_parse_basemod2] 77720e39-558b-4f8f-bfa0-14ef32258c23: MM tag refers to bases beyond sequence length
[W::hts_idx_load3] The index file is older than the data file: /bip7_disk/pingting114/mixed_bam/COLO829_PAO/TF1e-2_25x/TF1e-2_25x.rep2.bam.bai
[W::hts_idx_load3] The index file is older than the data file: /bip7_disk/pingting114/mixed_bam/COLO829_PAO/TF1e-2_25x/TF1e-2_25x.rep2.bam.bai
[W::bam_next_basemod] MM tag refers to bases beyond sequence length
[W::hts_idx_load3] The index file is older than the data file: /bip7_disk/pingting114/mixed_bam/COLO829_PAO/TF1e-2_25x/TF1e-2_25x.rep2.bam.bai
[W::hts_idx_load3] The index file is older than the data file: /bip7_disk/pingting114/mixed_bam/COLO829_PAO/TF1e-2_25x/TF1e-2_25x.rep2.bam.bai
[E::bam_parse_basemod2] 6ab47172-5cf7-47cb-973f-8ec4d0afdfdb: MM tag refers to bases beyond sequence length
[W::hts_idx_load3] The index file is older than the data file: /bip7_disk/pingting114/mixed_bam/COLO829_PAO/TF1e-2_25x/TF1e-2_25x.rep2.bam.bai
[W::bam_next_basemod] MM tag refers to bases beyond sequence length
[W::hts_idx_load3] The index file is older than the data file: /bip7_disk/pingting114/mixed_bam/COLO829_PAO/TF1e-2_25x/TF1e-2_25x.rep2.bam.bai
[W::hts_idx_load3] The index file is older than the data file: /bip7_disk/pingting114/mixed_bam/COLO829_PAO/TF1e-2_25x/TF1e-2_25x.rep2.bam.bai
[W::hts_idx_load3] The index file is older than the data file: /bip7_disk/pingting114/mixed_bam/COLO829_PAO/TF1e-2_25x/TF1e-2_25x.rep2.bam.bai
[E::bam_parse_basemod2] 8c66dc57-26a3-4b3b-86e6-756617fd6f2a: MM tag refers to bases beyond sequence length
[W::hts_idx_load3] The index file is older than the data file: /bip7_disk/pingting114/mixed_bam/COLO829_PAO/TF1e-2_25x/TF1e-2_25x.rep2.bam.bai
[E::bam_parse_basemod2] c94b2ff5-bed3-4517-aedd-e28dda86ba17: MM tag refers to bases beyond sequence length
[W::bam_next_basemod] MM tag refers to bases beyond sequence length
[W::hts_idx_load3] The index file is older than the data file: /bip7_disk/pingting114/mixed_bam/COLO829_PAO/TF1e-2_25x/TF1e-2_25x.rep2.bam.bai
[W::hts_idx_load3] The index file is older than the data file: /bip7_disk/pingting114/mixed_bam/COLO829_PAO/TF1e-2_25x/TF1e-2_25x.rep2.bam.bai
[E::bam_parse_basemod2] f994aff0-cc62-4e27-98b6-bbd0b10c9c53: MM tag refers to bases beyond sequence length
[W::hts_idx_load3] The index file is older than the data file: /bip7_disk/pingting114/mixed_bam/COLO829_PAO/TF1e-2_25x/TF1e-2_25x.rep2.bam.bai
[W::hts_idx_load3] The index file is older than the data file: /bip7_disk/pingting114/mixed_bam/COLO829_PAO/TF1e-2_25x/TF1e-2_25x.rep2.bam.bai
[W::bam_next_basemod] MM tag refers to bases beyond sequence length
[E::bam_parse_basemod2] 65bdcee0-6206-4d5a-ae2d-6eeb79e44c94: MM tag refers to bases beyond sequence length
[W::hts_idx_load3] The index file is older than the data file: /bip7_disk/pingting114/mixed_bam/COLO829_PAO/TF1e-2_25x/TF1e-2_25x.rep2.bam.bai
[W::hts_idx_load3] The index file is older than the data file: /bip7_disk/pingting114/mixed_bam/COLO829_PAO/TF1e-2_25x/TF1e-2_25x.rep2.bam.bai
[W::hts_idx_load3] The index file is older than the data file: /bip7_disk/pingting114/mixed_bam/COLO829_PAO/TF1e-2_25x/TF1e-2_25x.rep2.bam.bai
[W::hts_idx_load3] The index file is older than the data file: /bip7_disk/pingting114/mixed_bam/COLO829_PAO/TF1e-2_25x/TF1e-2_25x.rep2.bam.bai
[W::hts_idx_load3] The index file is older than the data file: /bip7_disk/pingting114/mixed_bam/COLO829_PAO/TF1e-2_25x/TF1e-2_25x.rep2.bam.bai
[W::hts_idx_load3] The index file is older than the data file: /bip7_disk/pingting114/mixed_bam/COLO829_PAO/TF1e-2_25x/TF1e-2_25x.rep2.bam.bai
[E::bam_parse_basemod2] 3a6773a4-2afa-4599-978d-6c29ca5b2edb: MM tag refers to bases beyond sequence length
[W::hts_idx_load3] The index file is older than the data file: /bip7_disk/pingting114/mixed_bam/COLO829_PAO/TF1e-2_25x/TF1e-2_25x.rep2.bam.bai
[W::hts_idx_load3] The index file is older than the data file: /bip7_disk/pingting114/mixed_bam/COLO829_PAO/TF1e-2_25x/TF1e-2_25x.rep2.bam.bai
[W::hts_idx_load3] The index file is older than the data file: /bip7_disk/pingting114/mixed_bam/COLO829_PAO/TF1e-2_25x/TF1e-2_25x.rep2.bam.bai
[W::hts_idx_load3] The index file is older than the data file: /bip7_disk/pingting114/mixed_bam/COLO829_PAO/TF1e-2_25x/TF1e-2_25x.rep2.bam.bai
[W::hts_idx_load3] The index file is older than the data file: /bip7_disk/pingting114/mixed_bam/COLO829_PAO/TF1e-2_25x/TF1e-2_25x.rep2.bam.bai
[W::bam_next_basemod] MM tag refers to bases beyond sequence length
[E::bam_parse_basemod2] bcc2177f-c41c-45f3-be53-f892884c1bf2: MM tag refers to bases beyond sequence length
[W::hts_idx_load3] The index file is older than the data file: /bip7_disk/pingting114/mixed_bam/COLO829_PAO/TF1e-2_25x/TF1e-2_25x.rep2.bam.bai
[W::hts_idx_load3] The index file is older than the data file: /bip7_disk/pingting114/mixed_bam/COLO829_PAO/TF1e-2_25x/TF1e-2_25x.rep2.bam.bai
[W::bam_next_basemod] MM tag refers to bases beyond sequence length
[E::bam_parse_basemod2] 94882d7f-200e-4c18-bdd6-808a3b83678d: MM tag refers to bases beyond sequence length
[W::hts_idx_load3] The index file is older than the data file: /bip7_disk/pingting114/mixed_bam/COLO829_PAO/TF1e-2_25x/TF1e-2_25x.rep2.bam.bai
[E::bam_parse_basemod2] 16b35c11-f0bd-43a8-a6fb-4f4850aef308: MM tag refers to bases beyond sequence length
[W::hts_idx_load3] The index file is older than the data file: /bip7_disk/pingting114/mixed_bam/COLO829_PAO/TF1e-2_25x/TF1e-2_25x.rep2.bam.bai
[W::hts_idx_load3] The index file is older than the data file: /bip7_disk/pingting114/mixed_bam/COLO829_PAO/TF1e-2_25x/TF1e-2_25x.rep2.bam.bai
[W::hts_idx_load3] The index file is older than the data file: /bip7_disk/pingting114/mixed_bam/COLO829_PAO/TF1e-2_25x/TF1e-2_25x.rep2.bam.bai
[W::hts_idx_load3] The index file is older than the data file: /bip7_disk/pingting114/mixed_bam/COLO829_PAO/TF1e-2_25x/TF1e-2_25x.rep2.bam.bai
[E::bam_parse_basemod2] 32a1f65b-a92e-47fb-9d5d-49d5cede42ce: MM tag refers to bases beyond sequence length
[W::hts_idx_load3] The index file is older than the data file: /bip7_disk/pingting114/mixed_bam/COLO829_PAO/TF1e-2_25x/TF1e-2_25x.rep2.bam.bai
[W::bam_next_basemod] MM tag refers to bases beyond sequence length
[W::hts_idx_load3] The index file is older than the data file: /bip7_disk/pingting114/mixed_bam/COLO829_PAO/TF1e-2_25x/TF1e-2_25x.rep2.bam.bai
[W::bam_next_basemod] MM tag refers to bases beyond sequence length
[W::hts_idx_load3] The index file is older than the data file: /bip7_disk/pingting114/mixed_bam/COLO829_PAO/TF1e-2_25x/TF1e-2_25x.rep2.bam.bai
[W::hts_idx_load3] The index file is older than the data file: /bip7_disk/pingting114/mixed_bam/COLO829_PAO/TF1e-2_25x/TF1e-2_25x.rep2.bam.bai
[W::bam_next_basemod] MM tag refers to bases beyond sequence length
[W::hts_idx_load3] The index file is older than the data file: /bip7_disk/pingting114/mixed_bam/COLO829_PAO/TF1e-2_25x/TF1e-2_25x.rep2.bam.bai
[W::hts_idx_load3] The index file is older than the data file: /bip7_disk/pingting114/mixed_bam/COLO829_PAO/TF1e-2_25x/TF1e-2_25x.rep2.bam.bai
[W::bam_next_basemod] MM tag refers to bases beyond sequence length
[W::hts_idx_load3] The index file is older than the data file: /bip7_disk/pingting114/mixed_bam/COLO829_PAO/TF1e-2_25x/TF1e-2_25x.rep2.bam.bai
[W::hts_idx_load3] The index file is older than the data file: /bip7_disk/pingting114/mixed_bam/COLO829_PAO/TF1e-2_25x/TF1e-2_25x.rep2.bam.bai
[W::hts_idx_load3] The index file is older than the data file: /bip7_disk/pingting114/mixed_bam/COLO829_PAO/TF1e-2_25x/TF1e-2_25x.rep2.bam.bai
[W::hts_idx_load3] The index file is older than the data file: /bip7_disk/pingting114/mixed_bam/COLO829_PAO/TF1e-2_25x/TF1e-2_25x.rep2.bam.bai
[W::bam_next_basemod] MM tag refers to bases beyond sequence length
[W::hts_idx_load3] The index file is older than the data file: /bip7_disk/pingting114/mixed_bam/COLO829_PAO/TF1e-2_25x/TF1e-2_25x.rep2.bam.bai
[W::hts_idx_load3] The index file is older than the data file: /bip7_disk/pingting114/mixed_bam/COLO829_PAO/TF1e-2_25x/TF1e-2_25x.rep2.bam.bai
[E::bam_parse_basemod2] 5873aa4b-f99d-4d83-911a-b3a219e5084d: MM tag refers to bases beyond sequence length
[W::hts_idx_load3] The index file is older than the data file: /bip7_disk/pingting114/mixed_bam/COLO829_PAO/TF1e-2_25x/TF1e-2_25x.rep2.bam.bai
[E::bam_parse_basemod2] 2d52afd5-b22c-4e80-9409-0b90292794ee: MM tag refers to bases beyond sequence length
[W::hts_idx_load3] The index file is older than the data file: /bip7_disk/pingting114/mixed_bam/COLO829_PAO/TF1e-2_25x/TF1e-2_25x.rep2.bam.bai
[W::hts_idx_load3] The index file is older than the data file: /bip7_disk/pingting114/mixed_bam/COLO829_PAO/TF1e-2_25x/TF1e-2_25x.rep2.bam.bai
[W::hts_idx_load3] The index file is older than the data file: /bip7_disk/pingting114/mixed_bam/COLO829_PAO/TF1e-2_25x/TF1e-2_25x.rep2.bam.bai
[W::hts_idx_load3] The index file is older than the data file: /bip7_disk/pingting114/mixed_bam/COLO829_PAO/TF1e-2_25x/TF1e-2_25x.rep2.bam.bai
[E::bam_parse_basemod2] 11a34f19-3d1d-45c9-a8e6-39d02bad80a7: MM tag refers to bases beyond sequence length
[E::bam_parse_basemod2] 4e960914-9113-4e37-af8e-dcd758e08b8c: MM tag refers to bases beyond sequence length
[W::hts_idx_load3] The index file is older than the data file: /bip7_disk/pingting114/mixed_bam/COLO829_PAO/TF1e-2_25x/TF1e-2_25x.rep2.bam.bai
[W::hts_idx_load3] The index file is older than the data file: /bip7_disk/pingting114/mixed_bam/COLO829_PAO/TF1e-2_25x/TF1e-2_25x.rep2.bam.bai
[E::bam_parse_basemod2] ffeb72c2-cf55-4c72-aa67-fec61580fb74: MM tag refers to bases beyond sequence length
[W::hts_idx_load3] The index file is older than the data file: /bip7_disk/pingting114/mixed_bam/COLO829_PAO/TF1e-2_25x/TF1e-2_25x.rep2.bam.bai
[W::hts_idx_load3] The index file is older than the data file: /bip7_disk/pingting114/mixed_bam/COLO829_PAO/TF1e-2_25x/TF1e-2_25x.rep2.bam.bai
[W::bam_next_basemod] MM tag refers to bases beyond sequence length
[W::hts_idx_load3] The index file is older than the data file: /bip7_disk/pingting114/mixed_bam/COLO829_PAO/TF1e-2_25x/TF1e-2_25x.rep2.bam.bai
[W::hts_idx_load3] The index file is older than the data file: /bip7_disk/pingting114/mixed_bam/COLO829_PAO/TF1e-2_25x/TF1e-2_25x.rep2.bam.bai
[W::hts_idx_load3] The index file is older than the data file: /bip7_disk/pingting114/mixed_bam/COLO829_PAO/TF1e-2_25x/TF1e-2_25x.rep2.bam.bai
[W::hts_idx_load3] The index file is older than the data file: /bip7_disk/pingting114/mixed_bam/COLO829_PAO/TF1e-2_25x/TF1e-2_25x.rep2.bam.bai
[W::hts_idx_load3] The index file is older than the data file: /bip7_disk/pingting114/mixed_bam/COLO829_PAO/TF1e-2_25x/TF1e-2_25x.rep2.bam.bai
[W::hts_idx_load3] The index file is older than the data file: /bip7_disk/pingting114/mixed_bam/COLO829_PAO/TF1e-2_25x/TF1e-2_25x.rep2.bam.bai
[W::hts_idx_load3] The index file is older than the data file: /bip7_disk/pingting114/mixed_bam/COLO829_PAO/TF1e-2_25x/TF1e-2_25x.rep2.bam.bai
[W::bam_next_basemod] MM tag refers to bases beyond sequence length
[W::hts_idx_load3] The index file is older than the data file: /bip7_disk/pingting114/mixed_bam/COLO829_PAO/TF1e-2_25x/TF1e-2_25x.rep2.bam.bai
[W::hts_idx_load3] The index file is older than the data file: /bip7_disk/pingting114/mixed_bam/COLO829_PAO/TF1e-2_25x/TF1e-2_25x.rep2.bam.bai
[W::hts_idx_load3] The index file is older than the data file: /bip7_disk/pingting114/mixed_bam/COLO829_PAO/TF1e-2_25x/TF1e-2_25x.rep2.bam.bai
[W::hts_idx_load3] The index file is older than the data file: /bip7_disk/pingting114/mixed_bam/COLO829_PAO/TF1e-2_25x/TF1e-2_25x.rep2.bam.bai
[W::hts_idx_load3] The index file is older than the data file: /bip7_disk/pingting114/mixed_bam/COLO829_PAO/TF1e-2_25x/TF1e-2_25x.rep2.bam.bai
[W::bam_next_basemod] MM tag refers to bases beyond sequence length
[W::bam_next_basemod] MM tag refers to bases beyond sequence length
[E::bam_parse_basemod2] 6e29579a-7c20-4cad-8b2f-215782a1b13d: MM tag refers to bases beyond sequence length
[E::bam_parse_basemod2] e17483a0-c95b-4c30-a56e-64fc29dbe9cf: MM tag refers to bases beyond sequence length
[W::hts_idx_load3] The index file is older than the data file: /bip7_disk/pingting114/mixed_bam/COLO829_PAO/TF1e-2_25x/TF1e-2_25x.rep2.bam.bai
[W::hts_idx_load3] The index file is older than the data file: /bip7_disk/pingting114/mixed_bam/COLO829_PAO/TF1e-2_25x/TF1e-2_25x.rep2.bam.bai
[W::bam_next_basemod] MM tag refers to bases beyond sequence length
[W::hts_idx_load3] The index file is older than the data file: /bip7_disk/pingting114/mixed_bam/COLO829_PAO/TF1e-2_25x/TF1e-2_25x.rep2.bam.bai
[E::bam_parse_basemod2] 0a2c5c66-066a-4aff-a2db-3dd94e386f88: MM tag refers to bases beyond sequence length
[W::hts_idx_load3] The index file is older than the data file: /bip7_disk/pingting114/mixed_bam/COLO829_PAO/TF1e-2_25x/TF1e-2_25x.rep2.bam.bai
[W::hts_idx_load3] The index file is older than the data file: /bip7_disk/pingting114/mixed_bam/COLO829_PAO/TF1e-2_25x/TF1e-2_25x.rep2.bam.bai
[W::hts_idx_load3] The index file is older than the data file: /bip7_disk/pingting114/mixed_bam/COLO829_PAO/TF1e-2_25x/TF1e-2_25x.rep2.bam.bai
[W::bam_next_basemod] MM tag refers to bases beyond sequence length
[W::hts_idx_load3] The index file is older than the data file: /bip7_disk/pingting114/mixed_bam/COLO829_PAO/TF1e-2_25x/TF1e-2_25x.rep2.bam.bai
[W::hts_idx_load3] The index file is older than the data file: /bip7_disk/pingting114/mixed_bam/COLO829_PAO/TF1e-2_25x/TF1e-2_25x.rep2.bam.bai
[E::bam_parse_basemod2] 36568260-a39d-4263-81ca-e3a975b23358: MM tag refers to bases beyond sequence length
[W::hts_idx_load3] The index file is older than the data file: /bip7_disk/pingting114/mixed_bam/COLO829_PAO/TF1e-2_25x/TF1e-2_25x.rep2.bam.bai
[W::hts_idx_load3] The index file is older than the data file: /bip7_disk/pingting114/mixed_bam/COLO829_PAO/TF1e-2_25x/TF1e-2_25x.rep2.bam.bai
[W::hts_idx_load3] The index file is older than the data file: /bip7_disk/pingting114/mixed_bam/COLO829_PAO/TF1e-2_25x/TF1e-2_25x.rep2.bam.bai
[W::hts_idx_load3] The index file is older than the data file: /bip7_disk/pingting114/mixed_bam/COLO829_PAO/TF1e-2_25x/TF1e-2_25x.rep2.bam.bai
[W::bam_next_basemod] MM tag refers to bases beyond sequence length
[W::hts_idx_load3] The index file is older than the data file: /bip7_disk/pingting114/mixed_bam/COLO829_PAO/TF1e-2_25x/TF1e-2_25x.rep2.bam.bai
[W::hts_idx_load3] The index file is older than the data file: /bip7_disk/pingting114/mixed_bam/COLO829_PAO/TF1e-2_25x/TF1e-2_25x.rep2.bam.bai
[W::hts_idx_load3] The index file is older than the data file: /bip7_disk/pingting114/mixed_bam/COLO829_PAO/TF1e-2_25x/TF1e-2_25x.rep2.bam.bai
[E::bam_parse_basemod2] 1c873c7b-7b5e-47a5-97a8-19c37293bd45: MM tag refers to bases beyond sequence length
[W::bam_next_basemod] MM tag refers to bases beyond sequence length
[W::bam_next_basemod] MM tag refers to bases beyond sequence length
[W::hts_idx_load3] The index file is older than the data file: /bip7_disk/pingting114/mixed_bam/COLO829_PAO/TF1e-2_25x/TF1e-2_25x.rep2.bam.bai
[W::hts_idx_load3] The index file is older than the data file: /bip7_disk/pingting114/mixed_bam/COLO829_PAO/TF1e-2_25x/TF1e-2_25x.rep2.bam.bai
[W::hts_idx_load3] The index file is older than the data file: /bip7_disk/pingting114/mixed_bam/COLO829_PAO/TF1e-2_25x/TF1e-2_25x.rep2.bam.bai
[W::hts_idx_load3] The index file is older than the data file: /bip7_disk/pingting114/mixed_bam/COLO829_PAO/TF1e-2_25x/TF1e-2_25x.rep2.bam.bai
[W::hts_idx_load3] The index file is older than the data file: /bip7_disk/pingting114/mixed_bam/COLO829_PAO/TF1e-2_25x/TF1e-2_25x.rep2.bam.bai
[W::hts_idx_load3] The index file is older than the data file: /bip7_disk/pingting114/mixed_bam/COLO829_PAO/TF1e-2_25x/TF1e-2_25x.rep2.bam.bai
[W::hts_idx_load3] The index file is older than the data file: /bip7_disk/pingting114/mixed_bam/COLO829_PAO/TF1e-2_25x/TF1e-2_25x.rep2.bam.bai
[W::bam_next_basemod] MM tag refers to bases beyond sequence length
[W::hts_idx_load3] The index file is older than the data file: /bip7_disk/pingting114/mixed_bam/COLO829_PAO/TF1e-2_25x/TF1e-2_25x.rep2.bam.bai
[W::bam_next_basemod] MM tag refers to bases beyond sequence length
[W::hts_idx_load3] The index file is older than the data file: /bip7_disk/pingting114/mixed_bam/COLO829_PAO/TF1e-2_25x/TF1e-2_25x.rep2.bam.bai
[W::hts_idx_load3] The index file is older than the data file: /bip7_disk/pingting114/mixed_bam/COLO829_PAO/TF1e-2_25x/TF1e-2_25x.rep2.bam.bai
[W::hts_idx_load3] The index file is older than the data file: /bip7_disk/pingting114/mixed_bam/COLO829_PAO/TF1e-2_25x/TF1e-2_25x.rep2.bam.bai
[E::bam_parse_basemod2] 9803b3ad-8cb5-43c4-aaa3-e00817edf607: MM tag refers to bases beyond sequence length
[W::hts_idx_load3] The index file is older than the data file: /bip7_disk/pingting114/mixed_bam/COLO829_PAO/TF1e-2_25x/TF1e-2_25x.rep2.bam.bai
[W::hts_idx_load3] The index file is older than the data file: /bip7_disk/pingting114/mixed_bam/COLO829_PAO/TF1e-2_25x/TF1e-2_25x.rep2.bam.bai
[E::bam_parse_basemod2] 04be2717-abfd-471d-8a53-9ea2dcdb7061: MM tag refers to bases beyond sequence length
[W::hts_idx_load3] The index file is older than the data file: /bip7_disk/pingting114/mixed_bam/COLO829_PAO/TF1e-2_25x/TF1e-2_25x.rep2.bam.bai
[W::hts_idx_load3] The index file is older than the data file: /bip7_disk/pingting114/mixed_bam/COLO829_PAO/TF1e-2_25x/TF1e-2_25x.rep2.bam.bai
[W::hts_idx_load3] The index file is older than the data file: /bip7_disk/pingting114/mixed_bam/COLO829_PAO/TF1e-2_25x/TF1e-2_25x.rep2.bam.bai
[W::bam_next_basemod] MM tag refers to bases beyond sequence length
[W::hts_idx_load3] The index file is older than the data file: /bip7_disk/pingting114/mixed_bam/COLO829_PAO/TF1e-2_25x/TF1e-2_25x.rep2.bam.bai
[W::hts_idx_load3] The index file is older than the data file: /bip7_disk/pingting114/mixed_bam/COLO829_PAO/TF1e-2_25x/TF1e-2_25x.rep2.bam.bai
[W::hts_idx_load3] The index file is older than the data file: /bip7_disk/pingting114/mixed_bam/COLO829_PAO/TF1e-2_25x/TF1e-2_25x.rep2.bam.bai
[W::hts_idx_load3] The index file is older than the data file: /bip7_disk/pingting114/mixed_bam/COLO829_PAO/TF1e-2_25x/TF1e-2_25x.rep2.bam.bai
[W::hts_idx_load3] The index file is older than the data file: /bip7_disk/pingting114/mixed_bam/COLO829_PAO/TF1e-2_25x/TF1e-2_25x.rep2.bam.bai
[W::hts_idx_load3] The index file is older than the data file: /bip7_disk/pingting114/mixed_bam/COLO829_PAO/TF1e-2_25x/TF1e-2_25x.rep2.bam.bai
[W::bam_next_basemod] MM tag refers to bases beyond sequence length
[E::bam_parse_basemod2] 5c6b893d-e0a0-4afc-b6f1-195476d2e511: MM tag refers to bases beyond sequence length
[W::hts_idx_load3] The index file is older than the data file: /bip7_disk/pingting114/mixed_bam/COLO829_PAO/TF1e-2_25x/TF1e-2_25x.rep2.bam.bai
[W::hts_idx_load3] The index file is older than the data file: /bip7_disk/pingting114/mixed_bam/COLO829_PAO/TF1e-2_25x/TF1e-2_25x.rep2.bam.bai
[W::bam_next_basemod] MM tag refers to bases beyond sequence length
[W::hts_idx_load3] The index file is older than the data file: /bip7_disk/pingting114/mixed_bam/COLO829_PAO/TF1e-2_25x/TF1e-2_25x.rep2.bam.bai
[W::hts_idx_load3] The index file is older than the data file: /bip7_disk/pingting114/mixed_bam/COLO829_PAO/TF1e-2_25x/TF1e-2_25x.rep2.bam.bai
[W::hts_idx_load3] The index file is older than the data file: /bip7_disk/pingting114/mixed_bam/COLO829_PAO/TF1e-2_25x/TF1e-2_25x.rep2.bam.bai
[W::hts_idx_load3] The index file is older than the data file: /bip7_disk/pingting114/mixed_bam/COLO829_PAO/TF1e-2_25x/TF1e-2_25x.rep2.bam.bai
[E::bam_parse_basemod2] 83ac636f-9531-4bec-a3d1-3de91879c3ca: MM tag refers to bases beyond sequence length
[W::hts_idx_load3] The index file is older than the data file: /bip7_disk/pingting114/mixed_bam/COLO829_PAO/TF1e-2_25x/TF1e-2_25x.rep2.bam.bai
[W::hts_idx_load3] The index file is older than the data file: /bip7_disk/pingting114/mixed_bam/COLO829_PAO/TF1e-2_25x/TF1e-2_25x.rep2.bam.bai
[W::bam_next_basemod] MM tag refers to bases beyond sequence length
[W::hts_idx_load3] The index file is older than the data file: /bip7_disk/pingting114/mixed_bam/COLO829_PAO/TF1e-2_25x/TF1e-2_25x.rep2.bam.bai
[W::hts_idx_load3] The index file is older than the data file: /bip7_disk/pingting114/mixed_bam/COLO829_PAO/TF1e-2_25x/TF1e-2_25x.rep2.bam.bai
[W::hts_idx_load3] The index file is older than the data file: /bip7_disk/pingting114/mixed_bam/COLO829_PAO/TF1e-2_25x/TF1e-2_25x.rep2.bam.bai
[W::bam_next_basemod] MM tag refers to bases beyond sequence length
[W::hts_idx_load3] The index file is older than the data file: /bip7_disk/pingting114/mixed_bam/COLO829_PAO/TF1e-2_25x/TF1e-2_25x.rep2.bam.bai
[W::hts_idx_load3] The index file is older than the data file: /bip7_disk/pingting114/mixed_bam/COLO829_PAO/TF1e-2_25x/TF1e-2_25x.rep2.bam.bai
[W::hts_idx_load3] The index file is older than the data file: /bip7_disk/pingting114/mixed_bam/COLO829_PAO/TF1e-2_25x/TF1e-2_25x.rep2.bam.bai
[W::hts_idx_load3] The index file is older than the data file: /bip7_disk/pingting114/mixed_bam/COLO829_PAO/TF1e-2_25x/TF1e-2_25x.rep2.bam.bai
[W::hts_idx_load3] The index file is older than the data file: /bip7_disk/pingting114/mixed_bam/COLO829_PAO/TF1e-2_25x/TF1e-2_25x.rep2.bam.bai
[E::bam_parse_basemod2] 5d009f98-6b72-4277-bfe8-d160c0358ca8: MM tag refers to bases beyond sequence length
[W::hts_idx_load3] The index file is older than the data file: /bip7_disk/pingting114/mixed_bam/COLO829_PAO/TF1e-2_25x/TF1e-2_25x.rep2.bam.bai
[W::hts_idx_load3] The index file is older than the data file: /bip7_disk/pingting114/mixed_bam/COLO829_PAO/TF1e-2_25x/TF1e-2_25x.rep2.bam.bai
[W::hts_idx_load3] The index file is older than the data file: /bip7_disk/pingting114/mixed_bam/COLO829_PAO/TF1e-2_25x/TF1e-2_25x.rep2.bam.bai
[W::bam_next_basemod] MM tag refers to bases beyond sequence length
[W::bam_next_basemod] MM tag refers to bases beyond sequence length
[W::hts_idx_load3] The index file is older than the data file: /bip7_disk/pingting114/mixed_bam/COLO829_PAO/TF1e-2_25x/TF1e-2_25x.rep2.bam.bai
[E::bam_parse_basemod2] 6e2453ed-2389-4223-b65f-9981d8c79631: MM tag refers to bases beyond sequence length
[W::hts_idx_load3] The index file is older than the data file: /bip7_disk/pingting114/mixed_bam/COLO829_PAO/TF1e-2_25x/TF1e-2_25x.rep2.bam.bai
[W::hts_idx_load3] The index file is older than the data file: /bip7_disk/pingting114/mixed_bam/COLO829_PAO/TF1e-2_25x/TF1e-2_25x.rep2.bam.bai
[W::hts_idx_load3] The index file is older than the data file: /bip7_disk/pingting114/mixed_bam/COLO829_PAO/TF1e-2_25x/TF1e-2_25x.rep2.bam.bai
[W::hts_idx_load3] The index file is older than the data file: /bip7_disk/pingting114/mixed_bam/COLO829_PAO/TF1e-2_25x/TF1e-2_25x.rep2.bam.bai
[W::hts_idx_load3] The index file is older than the data file: /bip7_disk/pingting114/mixed_bam/COLO829_PAO/TF1e-2_25x/TF1e-2_25x.rep2.bam.bai
[E::bam_parse_basemod2] 24c98139-9267-4982-a42d-1444e01a0cc5: MM tag refers to bases beyond sequence length
[W::bam_next_basemod] MM tag refers to bases beyond sequence length
[W::hts_idx_load3] The index file is older than the data file: /bip7_disk/pingting114/mixed_bam/COLO829_PAO/TF1e-2_25x/TF1e-2_25x.rep2.bam.bai
[W::bam_next_basemod] MM tag refers to bases beyond sequence length
[W::hts_idx_load3] The index file is older than the data file: /bip7_disk/pingting114/mixed_bam/COLO829_PAO/TF1e-2_25x/TF1e-2_25x.rep2.bam.bai
[W::hts_idx_load3] The index file is older than the data file: /bip7_disk/pingting114/mixed_bam/COLO829_PAO/TF1e-2_25x/TF1e-2_25x.rep2.bam.bai
[W::hts_idx_load3] The index file is older than the data file: /bip7_disk/pingting114/mixed_bam/COLO829_PAO/TF1e-2_25x/TF1e-2_25x.rep2.bam.bai
[W::hts_idx_load3] The index file is older than the data file: /bip7_disk/pingting114/mixed_bam/COLO829_PAO/TF1e-2_25x/TF1e-2_25x.rep2.bam.bai
[W::bam_next_basemod] MM tag refers to bases beyond sequence length
[W::hts_idx_load3] The index file is older than the data file: /bip7_disk/pingting114/mixed_bam/COLO829_PAO/TF1e-2_25x/TF1e-2_25x.rep2.bam.bai
[W::bam_next_basemod] MM tag refers to bases beyond sequence length
[W::hts_idx_load3] The index file is older than the data file: /bip7_disk/pingting114/mixed_bam/COLO829_PAO/TF1e-2_25x/TF1e-2_25x.rep2.bam.bai
[W::hts_idx_load3] The index file is older than the data file: /bip7_disk/pingting114/mixed_bam/COLO829_PAO/TF1e-2_25x/TF1e-2_25x.rep2.bam.bai
[W::hts_idx_load3] The index file is older than the data file: /bip7_disk/pingting114/mixed_bam/COLO829_PAO/TF1e-2_25x/TF1e-2_25x.rep2.bam.bai
[W::bam_next_basemod] MM tag refers to bases beyond sequence length
[W::hts_idx_load3] The index file is older than the data file: /bip7_disk/pingting114/mixed_bam/COLO829_PAO/TF1e-2_25x/TF1e-2_25x.rep2.bam.bai
[W::bam_next_basemod] MM tag refers to bases beyond sequence length
[W::hts_idx_load3] The index file is older than the data file: /bip7_disk/pingting114/mixed_bam/COLO829_PAO/TF1e-2_25x/TF1e-2_25x.rep2.bam.bai
[W::hts_idx_load3] The index file is older than the data file: /bip7_disk/pingting114/mixed_bam/COLO829_PAO/TF1e-2_25x/TF1e-2_25x.rep2.bam.bai
[W::bam_next_basemod] MM tag refers to bases beyond sequence length
[W::hts_idx_load3] The index file is older than the data file: /bip7_disk/pingting114/mixed_bam/COLO829_PAO/TF1e-2_25x/TF1e-2_25x.rep2.bam.bai
[W::hts_idx_load3] The index file is older than the data file: /bip7_disk/pingting114/mixed_bam/COLO829_PAO/TF1e-2_25x/TF1e-2_25x.rep2.bam.bai
[W::bam_next_basemod] MM tag refers to bases beyond sequence length
[W::hts_idx_load3] The index file is older than the data file: /bip7_disk/pingting114/mixed_bam/COLO829_PAO/TF1e-2_25x/TF1e-2_25x.rep2.bam.bai
[W::hts_idx_load3] The index file is older than the data file: /bip7_disk/pingting114/mixed_bam/COLO829_PAO/TF1e-2_25x/TF1e-2_25x.rep2.bam.bai
[W::hts_idx_load3] The index file is older than the data file: /bip7_disk/pingting114/mixed_bam/COLO829_PAO/TF1e-2_25x/TF1e-2_25x.rep2.bam.bai
[W::hts_idx_load3] The index file is older than the data file: /bip7_disk/pingting114/mixed_bam/COLO829_PAO/TF1e-2_25x/TF1e-2_25x.rep2.bam.bai
[W::bam_next_basemod] MM tag refers to bases beyond sequence length
[W::hts_idx_load3] The index file is older than the data file: /bip7_disk/pingting114/mixed_bam/COLO829_PAO/TF1e-2_25x/TF1e-2_25x.rep2.bam.bai
[W::hts_idx_load3] The index file is older than the data file: /bip7_disk/pingting114/mixed_bam/COLO829_PAO/TF1e-2_25x/TF1e-2_25x.rep2.bam.bai
[W::hts_idx_load3] The index file is older than the data file: /bip7_disk/pingting114/mixed_bam/COLO829_PAO/TF1e-2_25x/TF1e-2_25x.rep2.bam.bai
[W::hts_idx_load3] The index file is older than the data file: /bip7_disk/pingting114/mixed_bam/COLO829_PAO/TF1e-2_25x/TF1e-2_25x.rep2.bam.bai
[W::hts_idx_load3] The index file is older than the data file: /bip7_disk/pingting114/mixed_bam/COLO829_PAO/TF1e-2_25x/TF1e-2_25x.rep2.bam.bai
[W::hts_idx_load3] The index file is older than the data file: /bip7_disk/pingting114/mixed_bam/COLO829_PAO/TF1e-2_25x/TF1e-2_25x.rep2.bam.bai
[W::hts_idx_load3] The index file is older than the data file: /bip7_disk/pingting114/mixed_bam/COLO829_PAO/TF1e-2_25x/TF1e-2_25x.rep2.bam.bai
[W::hts_idx_load3] The index file is older than the data file: /bip7_disk/pingting114/mixed_bam/COLO829_PAO/TF1e-2_25x/TF1e-2_25x.rep2.bam.bai
[E::bam_parse_basemod2] cee65866-9ecb-4790-975d-54ad8562dc9b: MM tag refers to bases beyond sequence length
[W::hts_idx_load3] The index file is older than the data file: /bip7_disk/pingting114/mixed_bam/COLO829_PAO/TF1e-2_25x/TF1e-2_25x.rep2.bam.bai
[W::hts_idx_load3] The index file is older than the data file: /bip7_disk/pingting114/mixed_bam/COLO829_PAO/TF1e-2_25x/TF1e-2_25x.rep2.bam.bai
[W::hts_idx_load3] The index file is older than the data file: /bip7_disk/pingting114/mixed_bam/COLO829_PAO/TF1e-2_25x/TF1e-2_25x.rep2.bam.bai
[W::hts_idx_load3] The index file is older than the data file: /bip7_disk/pingting114/mixed_bam/COLO829_PAO/TF1e-2_25x/TF1e-2_25x.rep2.bam.bai
[W::bam_next_basemod] MM tag refers to bases beyond sequence length
[W::hts_idx_load3] The index file is older than the data file: /bip7_disk/pingting114/mixed_bam/COLO829_PAO/TF1e-2_25x/TF1e-2_25x.rep2.bam.bai
[W::hts_idx_load3] The index file is older than the data file: /bip7_disk/pingting114/mixed_bam/COLO829_PAO/TF1e-2_25x/TF1e-2_25x.rep2.bam.bai
[W::hts_idx_load3] The index file is older than the data file: /bip7_disk/pingting114/mixed_bam/COLO829_PAO/TF1e-2_25x/TF1e-2_25x.rep2.bam.bai
  TF1e-2_25x.rep2.bam cand 1500/4000
[W::hts_idx_load3] The index file is older than the data file: /bip7_disk/pingting114/mixed_bam/COLO829_PAO/TF1e-2_25x/TF1e-2_25x.rep2.bam.bai
[W::bam_next_basemod] MM tag refers to bases beyond sequence length
[W::hts_idx_load3] The index file is older than the data file: /bip7_disk/pingting114/mixed_bam/COLO829_PAO/TF1e-2_25x/TF1e-2_25x.rep2.bam.bai
[W::hts_idx_load3] The index file is older than the data file: /bip7_disk/pingting114/mixed_bam/COLO829_PAO/TF1e-2_25x/TF1e-2_25x.rep2.bam.bai
[W::bam_next_basemod] MM tag refers to bases beyond sequence length
[W::hts_idx_load3] The index file is older than the data file: /bip7_disk/pingting114/mixed_bam/COLO829_PAO/TF1e-2_25x/TF1e-2_25x.rep2.bam.bai
[W::hts_idx_load3] The index file is older than the data file: /bip7_disk/pingting114/mixed_bam/COLO829_PAO/TF1e-2_25x/TF1e-2_25x.rep2.bam.bai
[W::hts_idx_load3] The index file is older than the data file: /bip7_disk/pingting114/mixed_bam/COLO829_PAO/TF1e-2_25x/TF1e-2_25x.rep2.bam.bai
[W::hts_idx_load3] The index file is older than the data file: /bip7_disk/pingting114/mixed_bam/COLO829_PAO/TF1e-2_25x/TF1e-2_25x.rep2.bam.bai
[W::hts_idx_load3] The index file is older than the data file: /bip7_disk/pingting114/mixed_bam/COLO829_PAO/TF1e-2_25x/TF1e-2_25x.rep2.bam.bai
[W::hts_idx_load3] The index file is older than the data file: /bip7_disk/pingting114/mixed_bam/COLO829_PAO/TF1e-2_25x/TF1e-2_25x.rep2.bam.bai
[W::hts_idx_load3] The index file is older than the data file: /bip7_disk/pingting114/mixed_bam/COLO829_PAO/TF1e-2_25x/TF1e-2_25x.rep2.bam.bai
[W::hts_idx_load3] The index file is older than the data file: /bip7_disk/pingting114/mixed_bam/COLO829_PAO/TF1e-2_25x/TF1e-2_25x.rep2.bam.bai
[W::hts_idx_load3] The index file is older than the data file: /bip7_disk/pingting114/mixed_bam/COLO829_PAO/TF1e-2_25x/TF1e-2_25x.rep2.bam.bai
[W::hts_idx_load3] The index file is older than the data file: /bip7_disk/pingting114/mixed_bam/COLO829_PAO/TF1e-2_25x/TF1e-2_25x.rep2.bam.bai
[W::hts_idx_load3] The index file is older than the data file: /bip7_disk/pingting114/mixed_bam/COLO829_PAO/TF1e-2_25x/TF1e-2_25x.rep2.bam.bai
[W::hts_idx_load3] The index file is older than the data file: /bip7_disk/pingting114/mixed_bam/COLO829_PAO/TF1e-2_25x/TF1e-2_25x.rep2.bam.bai
[W::hts_idx_load3] The index file is older than the data file: /bip7_disk/pingting114/mixed_bam/COLO829_PAO/TF1e-2_25x/TF1e-2_25x.rep2.bam.bai
[W::hts_idx_load3] The index file is older than the data file: /bip7_disk/pingting114/mixed_bam/COLO829_PAO/TF1e-2_25x/TF1e-2_25x.rep2.bam.bai
[E::bam_parse_basemod2] 84aa0f73-5bbf-4447-8452-92fe64f3fd3d: MM tag refers to bases beyond sequence length
[W::hts_idx_load3] The index file is older than the data file: /bip7_disk/pingting114/mixed_bam/COLO829_PAO/TF1e-2_25x/TF1e-2_25x.rep2.bam.bai
[W::hts_idx_load3] The index file is older than the data file: /bip7_disk/pingting114/mixed_bam/COLO829_PAO/TF1e-2_25x/TF1e-2_25x.rep2.bam.bai
[W::bam_next_basemod] MM tag refers to bases beyond sequence length
[W::bam_next_basemod] MM tag refers to bases beyond sequence length
[W::hts_idx_load3] The index file is older than the data file: /bip7_disk/pingting114/mixed_bam/COLO829_PAO/TF1e-2_25x/TF1e-2_25x.rep2.bam.bai
[W::hts_idx_load3] The index file is older than the data file: /bip7_disk/pingting114/mixed_bam/COLO829_PAO/TF1e-2_25x/TF1e-2_25x.rep2.bam.bai
[W::hts_idx_load3] The index file is older than the data file: /bip7_disk/pingting114/mixed_bam/COLO829_PAO/TF1e-2_25x/TF1e-2_25x.rep2.bam.bai
[W::hts_idx_load3] The index file is older than the data file: /bip7_disk/pingting114/mixed_bam/COLO829_PAO/TF1e-2_25x/TF1e-2_25x.rep2.bam.bai
[W::hts_idx_load3] The index file is older than the data file: /bip7_disk/pingting114/mixed_bam/COLO829_PAO/TF1e-2_25x/TF1e-2_25x.rep2.bam.bai
[W::hts_idx_load3] The index file is older than the data file: /bip7_disk/pingting114/mixed_bam/COLO829_PAO/TF1e-2_25x/TF1e-2_25x.rep2.bam.bai
[W::hts_idx_load3] The index file is older than the data file: /bip7_disk/pingting114/mixed_bam/COLO829_PAO/TF1e-2_25x/TF1e-2_25x.rep2.bam.bai
[W::hts_idx_load3] The index file is older than the data file: /bip7_disk/pingting114/mixed_bam/COLO829_PAO/TF1e-2_25x/TF1e-2_25x.rep2.bam.bai
[W::hts_idx_load3] The index file is older than the data file: /bip7_disk/pingting114/mixed_bam/COLO829_PAO/TF1e-2_25x/TF1e-2_25x.rep2.bam.bai
[E::bam_parse_basemod2] b268c1d6-17cc-476e-b666-41736084c25e: MM tag refers to bases beyond sequence length
[W::hts_idx_load3] The index file is older than the data file: /bip7_disk/pingting114/mixed_bam/COLO829_PAO/TF1e-2_25x/TF1e-2_25x.rep2.bam.bai
[W::hts_idx_load3] The index file is older than the data file: /bip7_disk/pingting114/mixed_bam/COLO829_PAO/TF1e-2_25x/TF1e-2_25x.rep2.bam.bai
[W::hts_idx_load3] The index file is older than the data file: /bip7_disk/pingting114/mixed_bam/COLO829_PAO/TF1e-2_25x/TF1e-2_25x.rep2.bam.bai
[W::hts_idx_load3] The index file is older than the data file: /bip7_disk/pingting114/mixed_bam/COLO829_PAO/TF1e-2_25x/TF1e-2_25x.rep2.bam.bai
[E::bam_parse_basemod2] 17d97c8e-c325-40f0-9832-3ee675b090c6: MM tag refers to bases beyond sequence length
[W::hts_idx_load3] The index file is older than the data file: /bip7_disk/pingting114/mixed_bam/COLO829_PAO/TF1e-2_25x/TF1e-2_25x.rep2.bam.bai
[E::bam_parse_basemod2] 9f06788f-edf4-4868-9c7f-286016e3ad66: MM tag refers to bases beyond sequence length
[W::hts_idx_load3] The index file is older than the data file: /bip7_disk/pingting114/mixed_bam/COLO829_PAO/TF1e-2_25x/TF1e-2_25x.rep2.bam.bai
[W::hts_idx_load3] The index file is older than the data file: /bip7_disk/pingting114/mixed_bam/COLO829_PAO/TF1e-2_25x/TF1e-2_25x.rep2.bam.bai
[W::hts_idx_load3] The index file is older than the data file: /bip7_disk/pingting114/mixed_bam/COLO829_PAO/TF1e-2_25x/TF1e-2_25x.rep2.bam.bai
[W::bam_next_basemod] MM tag refers to bases beyond sequence length
[W::hts_idx_load3] The index file is older than the data file: /bip7_disk/pingting114/mixed_bam/COLO829_PAO/TF1e-2_25x/TF1e-2_25x.rep2.bam.bai
[E::bam_parse_basemod2] 8f6c15d0-453e-4624-bbf0-455953a22fd1: MM tag refers to bases beyond sequence length
[W::bam_next_basemod] MM tag refers to bases beyond sequence length
[W::hts_idx_load3] The index file is older than the data file: /bip7_disk/pingting114/mixed_bam/COLO829_PAO/TF1e-2_25x/TF1e-2_25x.rep2.bam.bai
[W::hts_idx_load3] The index file is older than the data file: /bip7_disk/pingting114/mixed_bam/COLO829_PAO/TF1e-2_25x/TF1e-2_25x.rep2.bam.bai
[W::bam_next_basemod] MM tag refers to bases beyond sequence length
[W::hts_idx_load3] The index file is older than the data file: /bip7_disk/pingting114/mixed_bam/COLO829_PAO/TF1e-2_25x/TF1e-2_25x.rep2.bam.bai
[W::hts_idx_load3] The index file is older than the data file: /bip7_disk/pingting114/mixed_bam/COLO829_PAO/TF1e-2_25x/TF1e-2_25x.rep2.bam.bai
[W::hts_idx_load3] The index file is older than the data file: /bip7_disk/pingting114/mixed_bam/COLO829_PAO/TF1e-2_25x/TF1e-2_25x.rep2.bam.bai
[W::hts_idx_load3] The index file is older than the data file: /bip7_disk/pingting114/mixed_bam/COLO829_PAO/TF1e-2_25x/TF1e-2_25x.rep2.bam.bai
[W::bam_next_basemod] MM tag refers to bases beyond sequence length
[W::hts_idx_load3] The index file is older than the data file: /bip7_disk/pingting114/mixed_bam/COLO829_PAO/TF1e-2_25x/TF1e-2_25x.rep2.bam.bai
[W::bam_next_basemod] MM tag refers to bases beyond sequence length
[E::bam_parse_basemod2] 4ef7773a-01ff-4662-b10a-4ad2f1f3cb3e: MM tag refers to bases beyond sequence length
[W::hts_idx_load3] The index file is older than the data file: /bip7_disk/pingting114/mixed_bam/COLO829_PAO/TF1e-2_25x/TF1e-2_25x.rep2.bam.bai
[W::hts_idx_load3] The index file is older than the data file: /bip7_disk/pingting114/mixed_bam/COLO829_PAO/TF1e-2_25x/TF1e-2_25x.rep2.bam.bai
[W::hts_idx_load3] The index file is older than the data file: /bip7_disk/pingting114/mixed_bam/COLO829_PAO/TF1e-2_25x/TF1e-2_25x.rep2.bam.bai
[W::bam_next_basemod] MM tag refers to bases beyond sequence length
[W::bam_next_basemod] MM tag refers to bases beyond sequence length
[W::hts_idx_load3] The index file is older than the data file: /bip7_disk/pingting114/mixed_bam/COLO829_PAO/TF1e-2_25x/TF1e-2_25x.rep2.bam.bai
[W::bam_next_basemod] MM tag refers to bases beyond sequence length
[W::hts_idx_load3] The index file is older than the data file: /bip7_disk/pingting114/mixed_bam/COLO829_PAO/TF1e-2_25x/TF1e-2_25x.rep2.bam.bai
[W::hts_idx_load3] The index file is older than the data file: /bip7_disk/pingting114/mixed_bam/COLO829_PAO/TF1e-2_25x/TF1e-2_25x.rep2.bam.bai
[W::bam_next_basemod] MM tag refers to bases beyond sequence length
[W::hts_idx_load3] The index file is older than the data file: /bip7_disk/pingting114/mixed_bam/COLO829_PAO/TF1e-2_25x/TF1e-2_25x.rep2.bam.bai
[E::bam_parse_basemod2] bd1abc37-8cb8-4785-abbd-9e764454a057: MM tag refers to bases beyond sequence length
[W::hts_idx_load3] The index file is older than the data file: /bip7_disk/pingting114/mixed_bam/COLO829_PAO/TF1e-2_25x/TF1e-2_25x.rep2.bam.bai
[W::hts_idx_load3] The index file is older than the data file: /bip7_disk/pingting114/mixed_bam/COLO829_PAO/TF1e-2_25x/TF1e-2_25x.rep2.bam.bai
[W::bam_next_basemod] MM tag refers to bases beyond sequence length
[W::hts_idx_load3] The index file is older than the data file: /bip7_disk/pingting114/mixed_bam/COLO829_PAO/TF1e-2_25x/TF1e-2_25x.rep2.bam.bai
[W::hts_idx_load3] The index file is older than the data file: /bip7_disk/pingting114/mixed_bam/COLO829_PAO/TF1e-2_25x/TF1e-2_25x.rep2.bam.bai
[W::hts_idx_load3] The index file is older than the data file: /bip7_disk/pingting114/mixed_bam/COLO829_PAO/TF1e-2_25x/TF1e-2_25x.rep2.bam.bai
[W::hts_idx_load3] The index file is older than the data file: /bip7_disk/pingting114/mixed_bam/COLO829_PAO/TF1e-2_25x/TF1e-2_25x.rep2.bam.bai
[W::hts_idx_load3] The index file is older than the data file: /bip7_disk/pingting114/mixed_bam/COLO829_PAO/TF1e-2_25x/TF1e-2_25x.rep2.bam.bai
[W::hts_idx_load3] The index file is older than the data file: /bip7_disk/pingting114/mixed_bam/COLO829_PAO/TF1e-2_25x/TF1e-2_25x.rep2.bam.bai
[W::hts_idx_load3] The index file is older than the data file: /bip7_disk/pingting114/mixed_bam/COLO829_PAO/TF1e-2_25x/TF1e-2_25x.rep2.bam.bai
[W::bam_next_basemod] MM tag refers to bases beyond sequence length
[E::bam_parse_basemod2] eaf6e8a7-a0bf-45e8-a755-1771f5ac823d: MM tag refers to bases beyond sequence length
[W::bam_next_basemod] MM tag refers to bases beyond sequence length
[W::hts_idx_load3] The index file is older than the data file: /bip7_disk/pingting114/mixed_bam/COLO829_PAO/TF1e-2_25x/TF1e-2_25x.rep2.bam.bai
[W::hts_idx_load3] The index file is older than the data file: /bip7_disk/pingting114/mixed_bam/COLO829_PAO/TF1e-2_25x/TF1e-2_25x.rep2.bam.bai
[W::hts_idx_load3] The index file is older than the data file: /bip7_disk/pingting114/mixed_bam/COLO829_PAO/TF1e-2_25x/TF1e-2_25x.rep2.bam.bai
[W::hts_idx_load3] The index file is older than the data file: /bip7_disk/pingting114/mixed_bam/COLO829_PAO/TF1e-2_25x/TF1e-2_25x.rep2.bam.bai
[W::bam_next_basemod] MM tag refers to bases beyond sequence length
[W::hts_idx_load3] The index file is older than the data file: /bip7_disk/pingting114/mixed_bam/COLO829_PAO/TF1e-2_25x/TF1e-2_25x.rep2.bam.bai
[W::hts_idx_load3] The index file is older than the data file: /bip7_disk/pingting114/mixed_bam/COLO829_PAO/TF1e-2_25x/TF1e-2_25x.rep2.bam.bai
[W::hts_idx_load3] The index file is older than the data file: /bip7_disk/pingting114/mixed_bam/COLO829_PAO/TF1e-2_25x/TF1e-2_25x.rep2.bam.bai
[W::hts_idx_load3] The index file is older than the data file: /bip7_disk/pingting114/mixed_bam/COLO829_PAO/TF1e-2_25x/TF1e-2_25x.rep2.bam.bai
[W::hts_idx_load3] The index file is older than the data file: /bip7_disk/pingting114/mixed_bam/COLO829_PAO/TF1e-2_25x/TF1e-2_25x.rep2.bam.bai
[W::hts_idx_load3] The index file is older than the data file: /bip7_disk/pingting114/mixed_bam/COLO829_PAO/TF1e-2_25x/TF1e-2_25x.rep2.bam.bai
[W::hts_idx_load3] The index file is older than the data file: /bip7_disk/pingting114/mixed_bam/COLO829_PAO/TF1e-2_25x/TF1e-2_25x.rep2.bam.bai
[E::bam_parse_basemod2] b39c41e9-cb10-41b1-91ff-15aff926a98d: MM tag refers to bases beyond sequence length
[W::bam_next_basemod] MM tag refers to bases beyond sequence length
[W::hts_idx_load3] The index file is older than the data file: /bip7_disk/pingting114/mixed_bam/COLO829_PAO/TF1e-2_25x/TF1e-2_25x.rep2.bam.bai
[W::hts_idx_load3] The index file is older than the data file: /bip7_disk/pingting114/mixed_bam/COLO829_PAO/TF1e-2_25x/TF1e-2_25x.rep2.bam.bai
[W::hts_idx_load3] The index file is older than the data file: /bip7_disk/pingting114/mixed_bam/COLO829_PAO/TF1e-2_25x/TF1e-2_25x.rep2.bam.bai
[W::hts_idx_load3] The index file is older than the data file: /bip7_disk/pingting114/mixed_bam/COLO829_PAO/TF1e-2_25x/TF1e-2_25x.rep2.bam.bai
[W::bam_next_basemod] MM tag refers to bases beyond sequence length
[W::hts_idx_load3] The index file is older than the data file: /bip7_disk/pingting114/mixed_bam/COLO829_PAO/TF1e-2_25x/TF1e-2_25x.rep2.bam.bai
[W::hts_idx_load3] The index file is older than the data file: /bip7_disk/pingting114/mixed_bam/COLO829_PAO/TF1e-2_25x/TF1e-2_25x.rep2.bam.bai
[E::bam_parse_basemod2] e406401e-3bbc-48f0-9066-2297254251e0: MM tag refers to bases beyond sequence length
[W::bam_next_basemod] MM tag refers to bases beyond sequence length
[W::hts_idx_load3] The index file is older than the data file: /bip7_disk/pingting114/mixed_bam/COLO829_PAO/TF1e-2_25x/TF1e-2_25x.rep2.bam.bai
[E::bam_parse_basemod2] 5cf71d42-4a2b-4c3b-a9e7-dd8db0a79827: MM tag refers to bases beyond sequence length
[W::hts_idx_load3] The index file is older than the data file: /bip7_disk/pingting114/mixed_bam/COLO829_PAO/TF1e-2_25x/TF1e-2_25x.rep2.bam.bai
[W::bam_next_basemod] MM tag refers to bases beyond sequence length
[W::hts_idx_load3] The index file is older than the data file: /bip7_disk/pingting114/mixed_bam/COLO829_PAO/TF1e-2_25x/TF1e-2_25x.rep2.bam.bai
[W::hts_idx_load3] The index file is older than the data file: /bip7_disk/pingting114/mixed_bam/COLO829_PAO/TF1e-2_25x/TF1e-2_25x.rep2.bam.bai
[W::bam_next_basemod] MM tag refers to bases beyond sequence length
[W::hts_idx_load3] The index file is older than the data file: /bip7_disk/pingting114/mixed_bam/COLO829_PAO/TF1e-2_25x/TF1e-2_25x.rep2.bam.bai
[W::bam_next_basemod] MM tag refers to bases beyond sequence length
[W::bam_next_basemod] MM tag refers to bases beyond sequence length
[W::hts_idx_load3] The index file is older than the data file: /bip7_disk/pingting114/mixed_bam/COLO829_PAO/TF1e-2_25x/TF1e-2_25x.rep2.bam.bai
[W::bam_next_basemod] MM tag refers to bases beyond sequence length
[W::hts_idx_load3] The index file is older than the data file: /bip7_disk/pingting114/mixed_bam/COLO829_PAO/TF1e-2_25x/TF1e-2_25x.rep2.bam.bai
[W::hts_idx_load3] The index file is older than the data file: /bip7_disk/pingting114/mixed_bam/COLO829_PAO/TF1e-2_25x/TF1e-2_25x.rep2.bam.bai
[W::hts_idx_load3] The index file is older than the data file: /bip7_disk/pingting114/mixed_bam/COLO829_PAO/TF1e-2_25x/TF1e-2_25x.rep2.bam.bai
[W::hts_idx_load3] The index file is older than the data file: /bip7_disk/pingting114/mixed_bam/COLO829_PAO/TF1e-2_25x/TF1e-2_25x.rep2.bam.bai
[W::hts_idx_load3] The index file is older than the data file: /bip7_disk/pingting114/mixed_bam/COLO829_PAO/TF1e-2_25x/TF1e-2_25x.rep2.bam.bai
[W::hts_idx_load3] The index file is older than the data file: /bip7_disk/pingting114/mixed_bam/COLO829_PAO/TF1e-2_25x/TF1e-2_25x.rep2.bam.bai
[W::hts_idx_load3] The index file is older than the data file: /bip7_disk/pingting114/mixed_bam/COLO829_PAO/TF1e-2_25x/TF1e-2_25x.rep2.bam.bai
[W::hts_idx_load3] The index file is older than the data file: /bip7_disk/pingting114/mixed_bam/COLO829_PAO/TF1e-2_25x/TF1e-2_25x.rep2.bam.bai
[W::hts_idx_load3] The index file is older than the data file: /bip7_disk/pingting114/mixed_bam/COLO829_PAO/TF1e-2_25x/TF1e-2_25x.rep2.bam.bai
[W::hts_idx_load3] The index file is older than the data file: /bip7_disk/pingting114/mixed_bam/COLO829_PAO/TF1e-2_25x/TF1e-2_25x.rep2.bam.bai
[W::hts_idx_load3] The index file is older than the data file: /bip7_disk/pingting114/mixed_bam/COLO829_PAO/TF1e-2_25x/TF1e-2_25x.rep2.bam.bai
[W::hts_idx_load3] The index file is older than the data file: /bip7_disk/pingting114/mixed_bam/COLO829_PAO/TF1e-2_25x/TF1e-2_25x.rep2.bam.bai
[W::hts_idx_load3] The index file is older than the data file: /bip7_disk/pingting114/mixed_bam/COLO829_PAO/TF1e-2_25x/TF1e-2_25x.rep2.bam.bai
[W::bam_next_basemod] MM tag refers to bases beyond sequence length
[W::hts_idx_load3] The index file is older than the data file: /bip7_disk/pingting114/mixed_bam/COLO829_PAO/TF1e-2_25x/TF1e-2_25x.rep2.bam.bai
[W::hts_idx_load3] The index file is older than the data file: /bip7_disk/pingting114/mixed_bam/COLO829_PAO/TF1e-2_25x/TF1e-2_25x.rep2.bam.bai
[W::hts_idx_load3] The index file is older than the data file: /bip7_disk/pingting114/mixed_bam/COLO829_PAO/TF1e-2_25x/TF1e-2_25x.rep2.bam.bai
[W::hts_idx_load3] The index file is older than the data file: /bip7_disk/pingting114/mixed_bam/COLO829_PAO/TF1e-2_25x/TF1e-2_25x.rep2.bam.bai
[W::bam_next_basemod] MM tag refers to bases beyond sequence length
[W::hts_idx_load3] The index file is older than the data file: /bip7_disk/pingting114/mixed_bam/COLO829_PAO/TF1e-2_25x/TF1e-2_25x.rep2.bam.bai
[E::bam_parse_basemod2] fe8ac358-3b19-4dd3-b16c-ef324e218246: MM tag refers to bases beyond sequence length
[W::hts_idx_load3] The index file is older than the data file: /bip7_disk/pingting114/mixed_bam/COLO829_PAO/TF1e-2_25x/TF1e-2_25x.rep2.bam.bai
[E::bam_parse_basemod2] 1ec7fbd6-be02-4d25-9483-92f0a3a64dde: MM tag refers to bases beyond sequence length
[W::hts_idx_load3] The index file is older than the data file: /bip7_disk/pingting114/mixed_bam/COLO829_PAO/TF1e-2_25x/TF1e-2_25x.rep2.bam.bai
[W::bam_next_basemod] MM tag refers to bases beyond sequence length
[W::bam_next_basemod] MM tag refers to bases beyond sequence length
[W::hts_idx_load3] The index file is older than the data file: /bip7_disk/pingting114/mixed_bam/COLO829_PAO/TF1e-2_25x/TF1e-2_25x.rep2.bam.bai
[W::hts_idx_load3] The index file is older than the data file: /bip7_disk/pingting114/mixed_bam/COLO829_PAO/TF1e-2_25x/TF1e-2_25x.rep2.bam.bai
[W::hts_idx_load3] The index file is older than the data file: /bip7_disk/pingting114/mixed_bam/COLO829_PAO/TF1e-2_25x/TF1e-2_25x.rep2.bam.bai
[W::hts_idx_load3] The index file is older than the data file: /bip7_disk/pingting114/mixed_bam/COLO829_PAO/TF1e-2_25x/TF1e-2_25x.rep2.bam.bai
[W::hts_idx_load3] The index file is older than the data file: /bip7_disk/pingting114/mixed_bam/COLO829_PAO/TF1e-2_25x/TF1e-2_25x.rep2.bam.bai
[W::hts_idx_load3] The index file is older than the data file: /bip7_disk/pingting114/mixed_bam/COLO829_PAO/TF1e-2_25x/TF1e-2_25x.rep2.bam.bai
[W::hts_idx_load3] The index file is older than the data file: /bip7_disk/pingting114/mixed_bam/COLO829_PAO/TF1e-2_25x/TF1e-2_25x.rep2.bam.bai
[W::hts_idx_load3] The index file is older than the data file: /bip7_disk/pingting114/mixed_bam/COLO829_PAO/TF1e-2_25x/TF1e-2_25x.rep2.bam.bai
[W::hts_idx_load3] The index file is older than the data file: /bip7_disk/pingting114/mixed_bam/COLO829_PAO/TF1e-2_25x/TF1e-2_25x.rep2.bam.bai
[W::bam_next_basemod] MM tag refers to bases beyond sequence length
[W::hts_idx_load3] The index file is older than the data file: /bip7_disk/pingting114/mixed_bam/COLO829_PAO/TF1e-2_25x/TF1e-2_25x.rep2.bam.bai
[W::bam_next_basemod] MM tag refers to bases beyond sequence length
[W::hts_idx_load3] The index file is older than the data file: /bip7_disk/pingting114/mixed_bam/COLO829_PAO/TF1e-2_25x/TF1e-2_25x.rep2.bam.bai
[W::bam_next_basemod] MM tag refers to bases beyond sequence length
[E::bam_parse_basemod2] 234e3e82-4c65-4202-904c-4d7aea6e5239: MM tag refers to bases beyond sequence length
[W::hts_idx_load3] The index file is older than the data file: /bip7_disk/pingting114/mixed_bam/COLO829_PAO/TF1e-2_25x/TF1e-2_25x.rep2.bam.bai
[W::bam_next_basemod] MM tag refers to bases beyond sequence length
[E::bam_parse_basemod2] cff2c0f4-435c-4806-9334-3fd3215ddacc: MM tag refers to bases beyond sequence length
[W::hts_idx_load3] The index file is older than the data file: /bip7_disk/pingting114/mixed_bam/COLO829_PAO/TF1e-2_25x/TF1e-2_25x.rep2.bam.bai
[E::bam_parse_basemod2] a7bcd54c-8133-4b2b-9b6f-18f952d9174e: MM tag refers to bases beyond sequence length
[W::bam_next_basemod] MM tag refers to bases beyond sequence length
[W::hts_idx_load3] The index file is older than the data file: /bip7_disk/pingting114/mixed_bam/COLO829_PAO/TF1e-2_25x/TF1e-2_25x.rep2.bam.bai
[W::hts_idx_load3] The index file is older than the data file: /bip7_disk/pingting114/mixed_bam/COLO829_PAO/TF1e-2_25x/TF1e-2_25x.rep2.bam.bai
[E::bam_parse_basemod2] 572607b4-77d8-4aa2-a516-d72dca436057: MM tag refers to bases beyond sequence length
[E::bam_parse_basemod2] e162655b-4369-48f5-9eb4-5d0e355a8662: MM tag refers to bases beyond sequence length
[E::bam_parse_basemod2] 4dbe450f-73d3-44af-aeed-46df54142379: MM tag refers to bases beyond sequence length
[W::hts_idx_load3] The index file is older than the data file: /bip7_disk/pingting114/mixed_bam/COLO829_PAO/TF1e-2_25x/TF1e-2_25x.rep2.bam.bai
[W::hts_idx_load3] The index file is older than the data file: /bip7_disk/pingting114/mixed_bam/COLO829_PAO/TF1e-2_25x/TF1e-2_25x.rep2.bam.bai
[W::hts_idx_load3] The index file is older than the data file: /bip7_disk/pingting114/mixed_bam/COLO829_PAO/TF1e-2_25x/TF1e-2_25x.rep2.bam.bai
[W::hts_idx_load3] The index file is older than the data file: /bip7_disk/pingting114/mixed_bam/COLO829_PAO/TF1e-2_25x/TF1e-2_25x.rep2.bam.bai
[W::hts_idx_load3] The index file is older than the data file: /bip7_disk/pingting114/mixed_bam/COLO829_PAO/TF1e-2_25x/TF1e-2_25x.rep2.bam.bai
[E::bam_parse_basemod2] ed9a1d9a-cc9b-4166-b720-200b27883c45: MM tag refers to bases beyond sequence length
[W::hts_idx_load3] The index file is older than the data file: /bip7_disk/pingting114/mixed_bam/COLO829_PAO/TF1e-2_25x/TF1e-2_25x.rep2.bam.bai
[W::hts_idx_load3] The index file is older than the data file: /bip7_disk/pingting114/mixed_bam/COLO829_PAO/TF1e-2_25x/TF1e-2_25x.rep2.bam.bai
[W::hts_idx_load3] The index file is older than the data file: /bip7_disk/pingting114/mixed_bam/COLO829_PAO/TF1e-2_25x/TF1e-2_25x.rep2.bam.bai
[W::hts_idx_load3] The index file is older than the data file: /bip7_disk/pingting114/mixed_bam/COLO829_PAO/TF1e-2_25x/TF1e-2_25x.rep2.bam.bai
[W::hts_idx_load3] The index file is older than the data file: /bip7_disk/pingting114/mixed_bam/COLO829_PAO/TF1e-2_25x/TF1e-2_25x.rep2.bam.bai
[W::hts_idx_load3] The index file is older than the data file: /bip7_disk/pingting114/mixed_bam/COLO829_PAO/TF1e-2_25x/TF1e-2_25x.rep2.bam.bai
[W::hts_idx_load3] The index file is older than the data file: /bip7_disk/pingting114/mixed_bam/COLO829_PAO/TF1e-2_25x/TF1e-2_25x.rep2.bam.bai
[W::bam_next_basemod] MM tag refers to bases beyond sequence length
[W::bam_next_basemod] MM tag refers to bases beyond sequence length
[W::hts_idx_load3] The index file is older than the data file: /bip7_disk/pingting114/mixed_bam/COLO829_PAO/TF1e-2_25x/TF1e-2_25x.rep2.bam.bai
[W::hts_idx_load3] The index file is older than the data file: /bip7_disk/pingting114/mixed_bam/COLO829_PAO/TF1e-2_25x/TF1e-2_25x.rep2.bam.bai
[W::hts_idx_load3] The index file is older than the data file: /bip7_disk/pingting114/mixed_bam/COLO829_PAO/TF1e-2_25x/TF1e-2_25x.rep2.bam.bai
[W::hts_idx_load3] The index file is older than the data file: /bip7_disk/pingting114/mixed_bam/COLO829_PAO/TF1e-2_25x/TF1e-2_25x.rep2.bam.bai
[E::bam_parse_basemod2] c0bef277-9114-484c-939e-12442eccf767: MM tag refers to bases beyond sequence length
[W::hts_idx_load3] The index file is older than the data file: /bip7_disk/pingting114/mixed_bam/COLO829_PAO/TF1e-2_25x/TF1e-2_25x.rep2.bam.bai
[W::bam_next_basemod] MM tag refers to bases beyond sequence length
[W::hts_idx_load3] The index file is older than the data file: /bip7_disk/pingting114/mixed_bam/COLO829_PAO/TF1e-2_25x/TF1e-2_25x.rep2.bam.bai
[W::bam_next_basemod] MM tag refers to bases beyond sequence length
[W::hts_idx_load3] The index file is older than the data file: /bip7_disk/pingting114/mixed_bam/COLO829_PAO/TF1e-2_25x/TF1e-2_25x.rep2.bam.bai
[W::hts_idx_load3] The index file is older than the data file: /bip7_disk/pingting114/mixed_bam/COLO829_PAO/TF1e-2_25x/TF1e-2_25x.rep2.bam.bai
[W::hts_idx_load3] The index file is older than the data file: /bip7_disk/pingting114/mixed_bam/COLO829_PAO/TF1e-2_25x/TF1e-2_25x.rep2.bam.bai
[W::hts_idx_load3] The index file is older than the data file: /bip7_disk/pingting114/mixed_bam/COLO829_PAO/TF1e-2_25x/TF1e-2_25x.rep2.bam.bai
[E::bam_parse_basemod2] ae9b2d67-b0c0-4a2b-833e-593303d49e71: MM tag refers to bases beyond sequence length
[W::hts_idx_load3] The index file is older than the data file: /bip7_disk/pingting114/mixed_bam/COLO829_PAO/TF1e-2_25x/TF1e-2_25x.rep2.bam.bai
[W::hts_idx_load3] The index file is older than the data file: /bip7_disk/pingting114/mixed_bam/COLO829_PAO/TF1e-2_25x/TF1e-2_25x.rep2.bam.bai
[W::hts_idx_load3] The index file is older than the data file: /bip7_disk/pingting114/mixed_bam/COLO829_PAO/TF1e-2_25x/TF1e-2_25x.rep2.bam.bai
[W::bam_next_basemod] MM tag refers to bases beyond sequence length
[W::hts_idx_load3] The index file is older than the data file: /bip7_disk/pingting114/mixed_bam/COLO829_PAO/TF1e-2_25x/TF1e-2_25x.rep2.bam.bai
[W::hts_idx_load3] The index file is older than the data file: /bip7_disk/pingting114/mixed_bam/COLO829_PAO/TF1e-2_25x/TF1e-2_25x.rep2.bam.bai
[W::hts_idx_load3] The index file is older than the data file: /bip7_disk/pingting114/mixed_bam/COLO829_PAO/TF1e-2_25x/TF1e-2_25x.rep2.bam.bai
[W::hts_idx_load3] The index file is older than the data file: /bip7_disk/pingting114/mixed_bam/COLO829_PAO/TF1e-2_25x/TF1e-2_25x.rep2.bam.bai
[W::hts_idx_load3] The index file is older than the data file: /bip7_disk/pingting114/mixed_bam/COLO829_PAO/TF1e-2_25x/TF1e-2_25x.rep2.bam.bai
[W::hts_idx_load3] The index file is older than the data file: /bip7_disk/pingting114/mixed_bam/COLO829_PAO/TF1e-2_25x/TF1e-2_25x.rep2.bam.bai
[E::bam_parse_basemod2] a4245755-a2f3-41a3-b2fd-b2da73feaf59: MM tag refers to bases beyond sequence length
[W::hts_idx_load3] The index file is older than the data file: /bip7_disk/pingting114/mixed_bam/COLO829_PAO/TF1e-2_25x/TF1e-2_25x.rep2.bam.bai
[W::hts_idx_load3] The index file is older than the data file: /bip7_disk/pingting114/mixed_bam/COLO829_PAO/TF1e-2_25x/TF1e-2_25x.rep2.bam.bai
[W::bam_next_basemod] MM tag refers to bases beyond sequence length
[W::hts_idx_load3] The index file is older than the data file: /bip7_disk/pingting114/mixed_bam/COLO829_PAO/TF1e-2_25x/TF1e-2_25x.rep2.bam.bai
[W::hts_idx_load3] The index file is older than the data file: /bip7_disk/pingting114/mixed_bam/COLO829_PAO/TF1e-2_25x/TF1e-2_25x.rep2.bam.bai
[W::hts_idx_load3] The index file is older than the data file: /bip7_disk/pingting114/mixed_bam/COLO829_PAO/TF1e-2_25x/TF1e-2_25x.rep2.bam.bai
[W::bam_next_basemod] MM tag refers to bases beyond sequence length
[W::hts_idx_load3] The index file is older than the data file: /bip7_disk/pingting114/mixed_bam/COLO829_PAO/TF1e-2_25x/TF1e-2_25x.rep2.bam.bai
[W::hts_idx_load3] The index file is older than the data file: /bip7_disk/pingting114/mixed_bam/COLO829_PAO/TF1e-2_25x/TF1e-2_25x.rep2.bam.bai
[W::hts_idx_load3] The index file is older than the data file: /bip7_disk/pingting114/mixed_bam/COLO829_PAO/TF1e-2_25x/TF1e-2_25x.rep2.bam.bai
[W::bam_next_basemod] MM tag refers to bases beyond sequence length
[W::hts_idx_load3] The index file is older than the data file: /bip7_disk/pingting114/mixed_bam/COLO829_PAO/TF1e-2_25x/TF1e-2_25x.rep2.bam.bai
[W::hts_idx_load3] The index file is older than the data file: /bip7_disk/pingting114/mixed_bam/COLO829_PAO/TF1e-2_25x/TF1e-2_25x.rep2.bam.bai
[W::bam_next_basemod] MM tag refers to bases beyond sequence length
[E::bam_parse_basemod2] c99057a2-3467-4d68-b16d-eaa839073e07: MM tag refers to bases beyond sequence length
[W::hts_idx_load3] The index file is older than the data file: /bip7_disk/pingting114/mixed_bam/COLO829_PAO/TF1e-2_25x/TF1e-2_25x.rep2.bam.bai
[W::hts_idx_load3] The index file is older than the data file: /bip7_disk/pingting114/mixed_bam/COLO829_PAO/TF1e-2_25x/TF1e-2_25x.rep2.bam.bai
[W::hts_idx_load3] The index file is older than the data file: /bip7_disk/pingting114/mixed_bam/COLO829_PAO/TF1e-2_25x/TF1e-2_25x.rep2.bam.bai
[W::hts_idx_load3] The index file is older than the data file: /bip7_disk/pingting114/mixed_bam/COLO829_PAO/TF1e-2_25x/TF1e-2_25x.rep2.bam.bai
[W::hts_idx_load3] The index file is older than the data file: /bip7_disk/pingting114/mixed_bam/COLO829_PAO/TF1e-2_25x/TF1e-2_25x.rep2.bam.bai
[W::hts_idx_load3] The index file is older than the data file: /bip7_disk/pingting114/mixed_bam/COLO829_PAO/TF1e-2_25x/TF1e-2_25x.rep2.bam.bai
[W::hts_idx_load3] The index file is older than the data file: /bip7_disk/pingting114/mixed_bam/COLO829_PAO/TF1e-2_25x/TF1e-2_25x.rep2.bam.bai
[W::hts_idx_load3] The index file is older than the data file: /bip7_disk/pingting114/mixed_bam/COLO829_PAO/TF1e-2_25x/TF1e-2_25x.rep2.bam.bai
[W::bam_next_basemod] MM tag refers to bases beyond sequence length
[W::bam_next_basemod] MM tag refers to bases beyond sequence length
[W::hts_idx_load3] The index file is older than the data file: /bip7_disk/pingting114/mixed_bam/COLO829_PAO/TF1e-2_25x/TF1e-2_25x.rep2.bam.bai
[W::hts_idx_load3] The index file is older than the data file: /bip7_disk/pingting114/mixed_bam/COLO829_PAO/TF1e-2_25x/TF1e-2_25x.rep2.bam.bai
[W::hts_idx_load3] The index file is older than the data file: /bip7_disk/pingting114/mixed_bam/COLO829_PAO/TF1e-2_25x/TF1e-2_25x.rep2.bam.bai
[W::hts_idx_load3] The index file is older than the data file: /bip7_disk/pingting114/mixed_bam/COLO829_PAO/TF1e-2_25x/TF1e-2_25x.rep2.bam.bai
[W::bam_next_basemod] MM tag refers to bases beyond sequence length
[W::bam_next_basemod] MM tag refers to bases beyond sequence length
[W::hts_idx_load3] The index file is older than the data file: /bip7_disk/pingting114/mixed_bam/COLO829_PAO/TF1e-2_25x/TF1e-2_25x.rep2.bam.bai
[W::bam_next_basemod] MM tag refers to bases beyond sequence length
[W::hts_idx_load3] The index file is older than the data file: /bip7_disk/pingting114/mixed_bam/COLO829_PAO/TF1e-2_25x/TF1e-2_25x.rep2.bam.bai
[W::bam_next_basemod] MM tag refers to bases beyond sequence length
[W::hts_idx_load3] The index file is older than the data file: /bip7_disk/pingting114/mixed_bam/COLO829_PAO/TF1e-2_25x/TF1e-2_25x.rep2.bam.bai
[E::bam_parse_basemod2] b37f52fc-9ae4-49f3-aa0a-828761ef28dc: MM tag refers to bases beyond sequence length
[W::hts_idx_load3] The index file is older than the data file: /bip7_disk/pingting114/mixed_bam/COLO829_PAO/TF1e-2_25x/TF1e-2_25x.rep2.bam.bai
[E::bam_parse_basemod2] 83ff037d-31c3-45ef-b720-86910182ed33: MM tag refers to bases beyond sequence length
[W::hts_idx_load3] The index file is older than the data file: /bip7_disk/pingting114/mixed_bam/COLO829_PAO/TF1e-2_25x/TF1e-2_25x.rep2.bam.bai
[W::hts_idx_load3] The index file is older than the data file: /bip7_disk/pingting114/mixed_bam/COLO829_PAO/TF1e-2_25x/TF1e-2_25x.rep2.bam.bai
[W::bam_next_basemod] MM tag refers to bases beyond sequence length
[W::hts_idx_load3] The index file is older than the data file: /bip7_disk/pingting114/mixed_bam/COLO829_PAO/TF1e-2_25x/TF1e-2_25x.rep2.bam.bai
[W::hts_idx_load3] The index file is older than the data file: /bip7_disk/pingting114/mixed_bam/COLO829_PAO/TF1e-2_25x/TF1e-2_25x.rep2.bam.bai
[E::bam_parse_basemod2] ec1090d2-0d35-49fc-9292-bfe0873379fb: MM tag refers to bases beyond sequence length
[W::bam_next_basemod] MM tag refers to bases beyond sequence length
[W::hts_idx_load3] The index file is older than the data file: /bip7_disk/pingting114/mixed_bam/COLO829_PAO/TF1e-2_25x/TF1e-2_25x.rep2.bam.bai
[E::bam_parse_basemod2] 56f995cf-c383-43d9-98c9-bf7e740dd3b7: MM tag refers to bases beyond sequence length
[W::hts_idx_load3] The index file is older than the data file: /bip7_disk/pingting114/mixed_bam/COLO829_PAO/TF1e-2_25x/TF1e-2_25x.rep2.bam.bai
[W::hts_idx_load3] The index file is older than the data file: /bip7_disk/pingting114/mixed_bam/COLO829_PAO/TF1e-2_25x/TF1e-2_25x.rep2.bam.bai
[E::bam_parse_basemod2] 4dd09432-ab82-4c8b-be2b-9b53ee87ec36: MM tag refers to bases beyond sequence length
[W::hts_idx_load3] The index file is older than the data file: /bip7_disk/pingting114/mixed_bam/COLO829_PAO/TF1e-2_25x/TF1e-2_25x.rep2.bam.bai
[W::bam_next_basemod] MM tag refers to bases beyond sequence length
[W::bam_next_basemod] MM tag refers to bases beyond sequence length
[W::hts_idx_load3] The index file is older than the data file: /bip7_disk/pingting114/mixed_bam/COLO829_PAO/TF1e-2_25x/TF1e-2_25x.rep2.bam.bai
[E::bam_parse_basemod2] decb3f29-a21b-4d98-8e2d-8864833429f7: MM tag refers to bases beyond sequence length
[W::hts_idx_load3] The index file is older than the data file: /bip7_disk/pingting114/mixed_bam/COLO829_PAO/TF1e-2_25x/TF1e-2_25x.rep2.bam.bai
[W::hts_idx_load3] The index file is older than the data file: /bip7_disk/pingting114/mixed_bam/COLO829_PAO/TF1e-2_25x/TF1e-2_25x.rep2.bam.bai
[E::bam_parse_basemod2] 4297322e-d602-4d45-bd50-3bcd2b10b561: MM tag refers to bases beyond sequence length
[W::bam_next_basemod] MM tag refers to bases beyond sequence length
[W::hts_idx_load3] The index file is older than the data file: /bip7_disk/pingting114/mixed_bam/COLO829_PAO/TF1e-2_25x/TF1e-2_25x.rep2.bam.bai
[W::hts_idx_load3] The index file is older than the data file: /bip7_disk/pingting114/mixed_bam/COLO829_PAO/TF1e-2_25x/TF1e-2_25x.rep2.bam.bai
[W::hts_idx_load3] The index file is older than the data file: /bip7_disk/pingting114/mixed_bam/COLO829_PAO/TF1e-2_25x/TF1e-2_25x.rep2.bam.bai
[W::hts_idx_load3] The index file is older than the data file: /bip7_disk/pingting114/mixed_bam/COLO829_PAO/TF1e-2_25x/TF1e-2_25x.rep2.bam.bai
[W::hts_idx_load3] The index file is older than the data file: /bip7_disk/pingting114/mixed_bam/COLO829_PAO/TF1e-2_25x/TF1e-2_25x.rep2.bam.bai
[W::hts_idx_load3] The index file is older than the data file: /bip7_disk/pingting114/mixed_bam/COLO829_PAO/TF1e-2_25x/TF1e-2_25x.rep2.bam.bai
[E::bam_parse_basemod2] 1989e5be-9b7a-44e7-8dcd-94555ae115cc: MM tag refers to bases beyond sequence length
[W::hts_idx_load3] The index file is older than the data file: /bip7_disk/pingting114/mixed_bam/COLO829_PAO/TF1e-2_25x/TF1e-2_25x.rep2.bam.bai
[W::bam_next_basemod] MM tag refers to bases beyond sequence length
[W::hts_idx_load3] The index file is older than the data file: /bip7_disk/pingting114/mixed_bam/COLO829_PAO/TF1e-2_25x/TF1e-2_25x.rep2.bam.bai
[W::bam_next_basemod] MM tag refers to bases beyond sequence length
[W::hts_idx_load3] The index file is older than the data file: /bip7_disk/pingting114/mixed_bam/COLO829_PAO/TF1e-2_25x/TF1e-2_25x.rep2.bam.bai
[E::bam_parse_basemod2] 012f89a4-36f9-44d1-8ee5-fa014192644c: MM tag refers to bases beyond sequence length
[W::hts_idx_load3] The index file is older than the data file: /bip7_disk/pingting114/mixed_bam/COLO829_PAO/TF1e-2_25x/TF1e-2_25x.rep2.bam.bai
[W::hts_idx_load3] The index file is older than the data file: /bip7_disk/pingting114/mixed_bam/COLO829_PAO/TF1e-2_25x/TF1e-2_25x.rep2.bam.bai
[E::bam_parse_basemod2] 1c2f0353-6c1e-4c12-bd30-edfb7546165b: MM tag refers to bases beyond sequence length
[W::hts_idx_load3] The index file is older than the data file: /bip7_disk/pingting114/mixed_bam/COLO829_PAO/TF1e-2_25x/TF1e-2_25x.rep2.bam.bai
[W::bam_next_basemod] MM tag refers to bases beyond sequence length
[W::hts_idx_load3] The index file is older than the data file: /bip7_disk/pingting114/mixed_bam/COLO829_PAO/TF1e-2_25x/TF1e-2_25x.rep2.bam.bai
[W::bam_next_basemod] MM tag refers to bases beyond sequence length
[W::hts_idx_load3] The index file is older than the data file: /bip7_disk/pingting114/mixed_bam/COLO829_PAO/TF1e-2_25x/TF1e-2_25x.rep2.bam.bai
[W::hts_idx_load3] The index file is older than the data file: /bip7_disk/pingting114/mixed_bam/COLO829_PAO/TF1e-2_25x/TF1e-2_25x.rep2.bam.bai
[W::bam_next_basemod] MM tag refers to bases beyond sequence length
[W::hts_idx_load3] The index file is older than the data file: /bip7_disk/pingting114/mixed_bam/COLO829_PAO/TF1e-2_25x/TF1e-2_25x.rep2.bam.bai
[W::hts_idx_load3] The index file is older than the data file: /bip7_disk/pingting114/mixed_bam/COLO829_PAO/TF1e-2_25x/TF1e-2_25x.rep2.bam.bai
[W::hts_idx_load3] The index file is older than the data file: /bip7_disk/pingting114/mixed_bam/COLO829_PAO/TF1e-2_25x/TF1e-2_25x.rep2.bam.bai
[W::hts_idx_load3] The index file is older than the data file: /bip7_disk/pingting114/mixed_bam/COLO829_PAO/TF1e-2_25x/TF1e-2_25x.rep2.bam.bai
[W::hts_idx_load3] The index file is older than the data file: /bip7_disk/pingting114/mixed_bam/COLO829_PAO/TF1e-2_25x/TF1e-2_25x.rep2.bam.bai
[W::hts_idx_load3] The index file is older than the data file: /bip7_disk/pingting114/mixed_bam/COLO829_PAO/TF1e-2_25x/TF1e-2_25x.rep2.bam.bai
[W::hts_idx_load3] The index file is older than the data file: /bip7_disk/pingting114/mixed_bam/COLO829_PAO/TF1e-2_25x/TF1e-2_25x.rep2.bam.bai
[E::bam_parse_basemod2] f86df891-ab12-4033-854c-167b24c6e4da: MM tag refers to bases beyond sequence length
[W::hts_idx_load3] The index file is older than the data file: /bip7_disk/pingting114/mixed_bam/COLO829_PAO/TF1e-2_25x/TF1e-2_25x.rep2.bam.bai
[W::hts_idx_load3] The index file is older than the data file: /bip7_disk/pingting114/mixed_bam/COLO829_PAO/TF1e-2_25x/TF1e-2_25x.rep2.bam.bai
[W::hts_idx_load3] The index file is older than the data file: /bip7_disk/pingting114/mixed_bam/COLO829_PAO/TF1e-2_25x/TF1e-2_25x.rep2.bam.bai
[W::hts_idx_load3] The index file is older than the data file: /bip7_disk/pingting114/mixed_bam/COLO829_PAO/TF1e-2_25x/TF1e-2_25x.rep2.bam.bai
[W::hts_idx_load3] The index file is older than the data file: /bip7_disk/pingting114/mixed_bam/COLO829_PAO/TF1e-2_25x/TF1e-2_25x.rep2.bam.bai
[W::hts_idx_load3] The index file is older than the data file: /bip7_disk/pingting114/mixed_bam/COLO829_PAO/TF1e-2_25x/TF1e-2_25x.rep2.bam.bai
[E::bam_parse_basemod2] b19d9b57-1dc5-419e-af2d-033ac86f7ee6: MM tag refers to bases beyond sequence length
[W::hts_idx_load3] The index file is older than the data file: /bip7_disk/pingting114/mixed_bam/COLO829_PAO/TF1e-2_25x/TF1e-2_25x.rep2.bam.bai
[W::hts_idx_load3] The index file is older than the data file: /bip7_disk/pingting114/mixed_bam/COLO829_PAO/TF1e-2_25x/TF1e-2_25x.rep2.bam.bai
[W::bam_next_basemod] MM tag refers to bases beyond sequence length
[W::hts_idx_load3] The index file is older than the data file: /bip7_disk/pingting114/mixed_bam/COLO829_PAO/TF1e-2_25x/TF1e-2_25x.rep2.bam.bai
[W::hts_idx_load3] The index file is older than the data file: /bip7_disk/pingting114/mixed_bam/COLO829_PAO/TF1e-2_25x/TF1e-2_25x.rep2.bam.bai
[W::hts_idx_load3] The index file is older than the data file: /bip7_disk/pingting114/mixed_bam/COLO829_PAO/TF1e-2_25x/TF1e-2_25x.rep2.bam.bai
[E::bam_parse_basemod2] 3661f004-7c5c-437d-bfbb-ccea27789f9d: MM tag refers to bases beyond sequence length
[W::bam_next_basemod] MM tag refers to bases beyond sequence length
[W::hts_idx_load3] The index file is older than the data file: /bip7_disk/pingting114/mixed_bam/COLO829_PAO/TF1e-2_25x/TF1e-2_25x.rep2.bam.bai
[W::bam_next_basemod] MM tag refers to bases beyond sequence length
[E::bam_parse_basemod2] 538abf45-748e-40c0-8bca-543d96dcdf5e: MM tag refers to bases beyond sequence length
[W::hts_idx_load3] The index file is older than the data file: /bip7_disk/pingting114/mixed_bam/COLO829_PAO/TF1e-2_25x/TF1e-2_25x.rep2.bam.bai
[W::hts_idx_load3] The index file is older than the data file: /bip7_disk/pingting114/mixed_bam/COLO829_PAO/TF1e-2_25x/TF1e-2_25x.rep2.bam.bai
[W::hts_idx_load3] The index file is older than the data file: /bip7_disk/pingting114/mixed_bam/COLO829_PAO/TF1e-2_25x/TF1e-2_25x.rep2.bam.bai
[W::hts_idx_load3] The index file is older than the data file: /bip7_disk/pingting114/mixed_bam/COLO829_PAO/TF1e-2_25x/TF1e-2_25x.rep2.bam.bai
[W::hts_idx_load3] The index file is older than the data file: /bip7_disk/pingting114/mixed_bam/COLO829_PAO/TF1e-2_25x/TF1e-2_25x.rep2.bam.bai
[W::hts_idx_load3] The index file is older than the data file: /bip7_disk/pingting114/mixed_bam/COLO829_PAO/TF1e-2_25x/TF1e-2_25x.rep2.bam.bai
[W::hts_idx_load3] The index file is older than the data file: /bip7_disk/pingting114/mixed_bam/COLO829_PAO/TF1e-2_25x/TF1e-2_25x.rep2.bam.bai
[W::bam_next_basemod] MM tag refers to bases beyond sequence length
[W::bam_next_basemod] MM tag refers to bases beyond sequence length
[W::hts_idx_load3] The index file is older than the data file: /bip7_disk/pingting114/mixed_bam/COLO829_PAO/TF1e-2_25x/TF1e-2_25x.rep2.bam.bai
[W::hts_idx_load3] The index file is older than the data file: /bip7_disk/pingting114/mixed_bam/COLO829_PAO/TF1e-2_25x/TF1e-2_25x.rep2.bam.bai
[W::bam_next_basemod] MM tag refers to bases beyond sequence length
[W::hts_idx_load3] The index file is older than the data file: /bip7_disk/pingting114/mixed_bam/COLO829_PAO/TF1e-2_25x/TF1e-2_25x.rep2.bam.bai
[W::bam_next_basemod] MM tag refers to bases beyond sequence length
[W::hts_idx_load3] The index file is older than the data file: /bip7_disk/pingting114/mixed_bam/COLO829_PAO/TF1e-2_25x/TF1e-2_25x.rep2.bam.bai
[W::hts_idx_load3] The index file is older than the data file: /bip7_disk/pingting114/mixed_bam/COLO829_PAO/TF1e-2_25x/TF1e-2_25x.rep2.bam.bai
[W::bam_next_basemod] MM tag refers to bases beyond sequence length
[W::hts_idx_load3] The index file is older than the data file: /bip7_disk/pingting114/mixed_bam/COLO829_PAO/TF1e-2_25x/TF1e-2_25x.rep2.bam.bai
[W::hts_idx_load3] The index file is older than the data file: /bip7_disk/pingting114/mixed_bam/COLO829_PAO/TF1e-2_25x/TF1e-2_25x.rep2.bam.bai
[W::hts_idx_load3] The index file is older than the data file: /bip7_disk/pingting114/mixed_bam/COLO829_PAO/TF1e-2_25x/TF1e-2_25x.rep2.bam.bai
[W::bam_next_basemod] MM tag refers to bases beyond sequence length
[W::hts_idx_load3] The index file is older than the data file: /bip7_disk/pingting114/mixed_bam/COLO829_PAO/TF1e-2_25x/TF1e-2_25x.rep2.bam.bai
[W::hts_idx_load3] The index file is older than the data file: /bip7_disk/pingting114/mixed_bam/COLO829_PAO/TF1e-2_25x/TF1e-2_25x.rep2.bam.bai
[W::hts_idx_load3] The index file is older than the data file: /bip7_disk/pingting114/mixed_bam/COLO829_PAO/TF1e-2_25x/TF1e-2_25x.rep2.bam.bai
[W::hts_idx_load3] The index file is older than the data file: /bip7_disk/pingting114/mixed_bam/COLO829_PAO/TF1e-2_25x/TF1e-2_25x.rep2.bam.bai
[W::hts_idx_load3] The index file is older than the data file: /bip7_disk/pingting114/mixed_bam/COLO829_PAO/TF1e-2_25x/TF1e-2_25x.rep2.bam.bai
[W::hts_idx_load3] The index file is older than the data file: /bip7_disk/pingting114/mixed_bam/COLO829_PAO/TF1e-2_25x/TF1e-2_25x.rep2.bam.bai
[W::bam_next_basemod] MM tag refers to bases beyond sequence length
[W::hts_idx_load3] The index file is older than the data file: /bip7_disk/pingting114/mixed_bam/COLO829_PAO/TF1e-2_25x/TF1e-2_25x.rep2.bam.bai
[E::bam_parse_basemod2] 7e4bd7a4-3044-4120-abfd-6e14f563863d: MM tag refers to bases beyond sequence length
[W::hts_idx_load3] The index file is older than the data file: /bip7_disk/pingting114/mixed_bam/COLO829_PAO/TF1e-2_25x/TF1e-2_25x.rep2.bam.bai
[W::hts_idx_load3] The index file is older than the data file: /bip7_disk/pingting114/mixed_bam/COLO829_PAO/TF1e-2_25x/TF1e-2_25x.rep2.bam.bai
[W::hts_idx_load3] The index file is older than the data file: /bip7_disk/pingting114/mixed_bam/COLO829_PAO/TF1e-2_25x/TF1e-2_25x.rep2.bam.bai
[W::hts_idx_load3] The index file is older than the data file: /bip7_disk/pingting114/mixed_bam/COLO829_PAO/TF1e-2_25x/TF1e-2_25x.rep2.bam.bai
[W::hts_idx_load3] The index file is older than the data file: /bip7_disk/pingting114/mixed_bam/COLO829_PAO/TF1e-2_25x/TF1e-2_25x.rep2.bam.bai
[E::bam_parse_basemod2] 53e610ec-c180-4501-b39d-c526e9047e3c: MM tag refers to bases beyond sequence length
[W::hts_idx_load3] The index file is older than the data file: /bip7_disk/pingting114/mixed_bam/COLO829_PAO/TF1e-2_25x/TF1e-2_25x.rep2.bam.bai
[W::hts_idx_load3] The index file is older than the data file: /bip7_disk/pingting114/mixed_bam/COLO829_PAO/TF1e-2_25x/TF1e-2_25x.rep2.bam.bai
[W::hts_idx_load3] The index file is older than the data file: /bip7_disk/pingting114/mixed_bam/COLO829_PAO/TF1e-2_25x/TF1e-2_25x.rep2.bam.bai
[E::bam_parse_basemod2] f604ae5e-50b9-4a04-bf6d-f69decaa00a6: MM tag refers to bases beyond sequence length
[W::hts_idx_load3] The index file is older than the data file: /bip7_disk/pingting114/mixed_bam/COLO829_PAO/TF1e-2_25x/TF1e-2_25x.rep2.bam.bai
[E::bam_parse_basemod2] 421e128e-2fbf-4e34-8546-27511d97a6cb: MM tag refers to bases beyond sequence length
[W::hts_idx_load3] The index file is older than the data file: /bip7_disk/pingting114/mixed_bam/COLO829_PAO/TF1e-2_25x/TF1e-2_25x.rep2.bam.bai
[E::bam_parse_basemod2] 1e435e67-9c1d-4df6-8255-4b71936a22ba: MM tag refers to bases beyond sequence length
[W::hts_idx_load3] The index file is older than the data file: /bip7_disk/pingting114/mixed_bam/COLO829_PAO/TF1e-2_25x/TF1e-2_25x.rep2.bam.bai
[W::hts_idx_load3] The index file is older than the data file: /bip7_disk/pingting114/mixed_bam/COLO829_PAO/TF1e-2_25x/TF1e-2_25x.rep2.bam.bai
[W::hts_idx_load3] The index file is older than the data file: /bip7_disk/pingting114/mixed_bam/COLO829_PAO/TF1e-2_25x/TF1e-2_25x.rep2.bam.bai
[W::hts_idx_load3] The index file is older than the data file: /bip7_disk/pingting114/mixed_bam/COLO829_PAO/TF1e-2_25x/TF1e-2_25x.rep2.bam.bai
[W::hts_idx_load3] The index file is older than the data file: /bip7_disk/pingting114/mixed_bam/COLO829_PAO/TF1e-2_25x/TF1e-2_25x.rep2.bam.bai
[W::hts_idx_load3] The index file is older than the data file: /bip7_disk/pingting114/mixed_bam/COLO829_PAO/TF1e-2_25x/TF1e-2_25x.rep2.bam.bai
[W::hts_idx_load3] The index file is older than the data file: /bip7_disk/pingting114/mixed_bam/COLO829_PAO/TF1e-2_25x/TF1e-2_25x.rep2.bam.bai
[W::hts_idx_load3] The index file is older than the data file: /bip7_disk/pingting114/mixed_bam/COLO829_PAO/TF1e-2_25x/TF1e-2_25x.rep2.bam.bai
[W::bam_next_basemod] MM tag refers to bases beyond sequence length
[W::hts_idx_load3] The index file is older than the data file: /bip7_disk/pingting114/mixed_bam/COLO829_PAO/TF1e-2_25x/TF1e-2_25x.rep2.bam.bai
[W::hts_idx_load3] The index file is older than the data file: /bip7_disk/pingting114/mixed_bam/COLO829_PAO/TF1e-2_25x/TF1e-2_25x.rep2.bam.bai
[W::hts_idx_load3] The index file is older than the data file: /bip7_disk/pingting114/mixed_bam/COLO829_PAO/TF1e-2_25x/TF1e-2_25x.rep2.bam.bai
[W::hts_idx_load3] The index file is older than the data file: /bip7_disk/pingting114/mixed_bam/COLO829_PAO/TF1e-2_25x/TF1e-2_25x.rep2.bam.bai
[W::hts_idx_load3] The index file is older than the data file: /bip7_disk/pingting114/mixed_bam/COLO829_PAO/TF1e-2_25x/TF1e-2_25x.rep2.bam.bai
[W::hts_idx_load3] The index file is older than the data file: /bip7_disk/pingting114/mixed_bam/COLO829_PAO/TF1e-2_25x/TF1e-2_25x.rep2.bam.bai
[E::bam_parse_basemod2] 9a46a1eb-b220-4b93-94b9-63270e606658: MM tag refers to bases beyond sequence length
[W::hts_idx_load3] The index file is older than the data file: /bip7_disk/pingting114/mixed_bam/COLO829_PAO/TF1e-2_25x/TF1e-2_25x.rep2.bam.bai
[W::hts_idx_load3] The index file is older than the data file: /bip7_disk/pingting114/mixed_bam/COLO829_PAO/TF1e-2_25x/TF1e-2_25x.rep2.bam.bai
[W::hts_idx_load3] The index file is older than the data file: /bip7_disk/pingting114/mixed_bam/COLO829_PAO/TF1e-2_25x/TF1e-2_25x.rep2.bam.bai
[W::hts_idx_load3] The index file is older than the data file: /bip7_disk/pingting114/mixed_bam/COLO829_PAO/TF1e-2_25x/TF1e-2_25x.rep2.bam.bai
[W::hts_idx_load3] The index file is older than the data file: /bip7_disk/pingting114/mixed_bam/COLO829_PAO/TF1e-2_25x/TF1e-2_25x.rep2.bam.bai
[W::bam_next_basemod] MM tag refers to bases beyond sequence length
[W::hts_idx_load3] The index file is older than the data file: /bip7_disk/pingting114/mixed_bam/COLO829_PAO/TF1e-2_25x/TF1e-2_25x.rep2.bam.bai
[W::hts_idx_load3] The index file is older than the data file: /bip7_disk/pingting114/mixed_bam/COLO829_PAO/TF1e-2_25x/TF1e-2_25x.rep2.bam.bai
[W::hts_idx_load3] The index file is older than the data file: /bip7_disk/pingting114/mixed_bam/COLO829_PAO/TF1e-2_25x/TF1e-2_25x.rep2.bam.bai
[W::hts_idx_load3] The index file is older than the data file: /bip7_disk/pingting114/mixed_bam/COLO829_PAO/TF1e-2_25x/TF1e-2_25x.rep2.bam.bai
[W::hts_idx_load3] The index file is older than the data file: /bip7_disk/pingting114/mixed_bam/COLO829_PAO/TF1e-2_25x/TF1e-2_25x.rep2.bam.bai
[W::hts_idx_load3] The index file is older than the data file: /bip7_disk/pingting114/mixed_bam/COLO829_PAO/TF1e-2_25x/TF1e-2_25x.rep2.bam.bai
[W::hts_idx_load3] The index file is older than the data file: /bip7_disk/pingting114/mixed_bam/COLO829_PAO/TF1e-2_25x/TF1e-2_25x.rep2.bam.bai
[W::hts_idx_load3] The index file is older than the data file: /bip7_disk/pingting114/mixed_bam/COLO829_PAO/TF1e-2_25x/TF1e-2_25x.rep2.bam.bai
[W::hts_idx_load3] The index file is older than the data file: /bip7_disk/pingting114/mixed_bam/COLO829_PAO/TF1e-2_25x/TF1e-2_25x.rep2.bam.bai
[W::bam_next_basemod] MM tag refers to bases beyond sequence length
[W::hts_idx_load3] The index file is older than the data file: /bip7_disk/pingting114/mixed_bam/COLO829_PAO/TF1e-2_25x/TF1e-2_25x.rep2.bam.bai
[W::bam_next_basemod] MM tag refers to bases beyond sequence length
[W::bam_next_basemod] MM tag refers to bases beyond sequence length
[W::hts_idx_load3] The index file is older than the data file: /bip7_disk/pingting114/mixed_bam/COLO829_PAO/TF1e-2_25x/TF1e-2_25x.rep2.bam.bai
[W::hts_idx_load3] The index file is older than the data file: /bip7_disk/pingting114/mixed_bam/COLO829_PAO/TF1e-2_25x/TF1e-2_25x.rep2.bam.bai
[W::bam_next_basemod] MM tag refers to bases beyond sequence length
[W::bam_next_basemod] MM tag refers to bases beyond sequence length
[W::hts_idx_load3] The index file is older than the data file: /bip7_disk/pingting114/mixed_bam/COLO829_PAO/TF1e-2_25x/TF1e-2_25x.rep2.bam.bai
[W::hts_idx_load3] The index file is older than the data file: /bip7_disk/pingting114/mixed_bam/COLO829_PAO/TF1e-2_25x/TF1e-2_25x.rep2.bam.bai
[W::hts_idx_load3] The index file is older than the data file: /bip7_disk/pingting114/mixed_bam/COLO829_PAO/TF1e-2_25x/TF1e-2_25x.rep2.bam.bai
[W::hts_idx_load3] The index file is older than the data file: /bip7_disk/pingting114/mixed_bam/COLO829_PAO/TF1e-2_25x/TF1e-2_25x.rep2.bam.bai
[W::hts_idx_load3] The index file is older than the data file: /bip7_disk/pingting114/mixed_bam/COLO829_PAO/TF1e-2_25x/TF1e-2_25x.rep2.bam.bai
[W::hts_idx_load3] The index file is older than the data file: /bip7_disk/pingting114/mixed_bam/COLO829_PAO/TF1e-2_25x/TF1e-2_25x.rep2.bam.bai
[W::hts_idx_load3] The index file is older than the data file: /bip7_disk/pingting114/mixed_bam/COLO829_PAO/TF1e-2_25x/TF1e-2_25x.rep2.bam.bai
[W::bam_next_basemod] MM tag refers to bases beyond sequence length
[W::hts_idx_load3] The index file is older than the data file: /bip7_disk/pingting114/mixed_bam/COLO829_PAO/TF1e-2_25x/TF1e-2_25x.rep2.bam.bai
[W::hts_idx_load3] The index file is older than the data file: /bip7_disk/pingting114/mixed_bam/COLO829_PAO/TF1e-2_25x/TF1e-2_25x.rep2.bam.bai
[W::hts_idx_load3] The index file is older than the data file: /bip7_disk/pingting114/mixed_bam/COLO829_PAO/TF1e-2_25x/TF1e-2_25x.rep2.bam.bai
[W::hts_idx_load3] The index file is older than the data file: /bip7_disk/pingting114/mixed_bam/COLO829_PAO/TF1e-2_25x/TF1e-2_25x.rep2.bam.bai
[W::hts_idx_load3] The index file is older than the data file: /bip7_disk/pingting114/mixed_bam/COLO829_PAO/TF1e-2_25x/TF1e-2_25x.rep2.bam.bai
[E::bam_parse_basemod2] 89da88c1-0e1f-482e-b0cc-b045149673f6: MM tag refers to bases beyond sequence length
[W::hts_idx_load3] The index file is older than the data file: /bip7_disk/pingting114/mixed_bam/COLO829_PAO/TF1e-2_25x/TF1e-2_25x.rep2.bam.bai
[E::bam_parse_basemod2] 4ec85a99-dd08-468e-a34a-80a571353461: MM tag refers to bases beyond sequence length
[W::hts_idx_load3] The index file is older than the data file: /bip7_disk/pingting114/mixed_bam/COLO829_PAO/TF1e-2_25x/TF1e-2_25x.rep2.bam.bai
[W::hts_idx_load3] The index file is older than the data file: /bip7_disk/pingting114/mixed_bam/COLO829_PAO/TF1e-2_25x/TF1e-2_25x.rep2.bam.bai
[W::hts_idx_load3] The index file is older than the data file: /bip7_disk/pingting114/mixed_bam/COLO829_PAO/TF1e-2_25x/TF1e-2_25x.rep2.bam.bai
[E::bam_parse_basemod2] 7cce853c-9f87-4018-ad5a-b4f03cab68dc: MM tag refers to bases beyond sequence length
[W::hts_idx_load3] The index file is older than the data file: /bip7_disk/pingting114/mixed_bam/COLO829_PAO/TF1e-2_25x/TF1e-2_25x.rep2.bam.bai
[W::hts_idx_load3] The index file is older than the data file: /bip7_disk/pingting114/mixed_bam/COLO829_PAO/TF1e-2_25x/TF1e-2_25x.rep2.bam.bai
[W::hts_idx_load3] The index file is older than the data file: /bip7_disk/pingting114/mixed_bam/COLO829_PAO/TF1e-2_25x/TF1e-2_25x.rep2.bam.bai
[W::hts_idx_load3] The index file is older than the data file: /bip7_disk/pingting114/mixed_bam/COLO829_PAO/TF1e-2_25x/TF1e-2_25x.rep2.bam.bai
[W::hts_idx_load3] The index file is older than the data file: /bip7_disk/pingting114/mixed_bam/COLO829_PAO/TF1e-2_25x/TF1e-2_25x.rep2.bam.bai
[W::bam_next_basemod] MM tag refers to bases beyond sequence length
[W::hts_idx_load3] The index file is older than the data file: /bip7_disk/pingting114/mixed_bam/COLO829_PAO/TF1e-2_25x/TF1e-2_25x.rep2.bam.bai
[E::bam_parse_basemod2] b284223e-d426-4d25-b9a9-038564ee303a: MM tag refers to bases beyond sequence length
[W::hts_idx_load3] The index file is older than the data file: /bip7_disk/pingting114/mixed_bam/COLO829_PAO/TF1e-2_25x/TF1e-2_25x.rep2.bam.bai
[W::hts_idx_load3] The index file is older than the data file: /bip7_disk/pingting114/mixed_bam/COLO829_PAO/TF1e-2_25x/TF1e-2_25x.rep2.bam.bai
[W::hts_idx_load3] The index file is older than the data file: /bip7_disk/pingting114/mixed_bam/COLO829_PAO/TF1e-2_25x/TF1e-2_25x.rep2.bam.bai
[W::hts_idx_load3] The index file is older than the data file: /bip7_disk/pingting114/mixed_bam/COLO829_PAO/TF1e-2_25x/TF1e-2_25x.rep2.bam.bai
[E::bam_parse_basemod2] b3365964-10d5-481c-95d0-63eb0d3750aa: MM tag refers to bases beyond sequence length
[W::hts_idx_load3] The index file is older than the data file: /bip7_disk/pingting114/mixed_bam/COLO829_PAO/TF1e-2_25x/TF1e-2_25x.rep2.bam.bai
[W::hts_idx_load3] The index file is older than the data file: /bip7_disk/pingting114/mixed_bam/COLO829_PAO/TF1e-2_25x/TF1e-2_25x.rep2.bam.bai
[E::bam_parse_basemod2] 29611723-c376-46cd-8fda-1f7a1546f8e6: MM tag refers to bases beyond sequence length
[W::hts_idx_load3] The index file is older than the data file: /bip7_disk/pingting114/mixed_bam/COLO829_PAO/TF1e-2_25x/TF1e-2_25x.rep2.bam.bai
[W::hts_idx_load3] The index file is older than the data file: /bip7_disk/pingting114/mixed_bam/COLO829_PAO/TF1e-2_25x/TF1e-2_25x.rep2.bam.bai
[W::hts_idx_load3] The index file is older than the data file: /bip7_disk/pingting114/mixed_bam/COLO829_PAO/TF1e-2_25x/TF1e-2_25x.rep2.bam.bai
[W::hts_idx_load3] The index file is older than the data file: /bip7_disk/pingting114/mixed_bam/COLO829_PAO/TF1e-2_25x/TF1e-2_25x.rep2.bam.bai
[W::hts_idx_load3] The index file is older than the data file: /bip7_disk/pingting114/mixed_bam/COLO829_PAO/TF1e-2_25x/TF1e-2_25x.rep2.bam.bai
[W::hts_idx_load3] The index file is older than the data file: /bip7_disk/pingting114/mixed_bam/COLO829_PAO/TF1e-2_25x/TF1e-2_25x.rep2.bam.bai
[W::hts_idx_load3] The index file is older than the data file: /bip7_disk/pingting114/mixed_bam/COLO829_PAO/TF1e-2_25x/TF1e-2_25x.rep2.bam.bai
[W::hts_idx_load3] The index file is older than the data file: /bip7_disk/pingting114/mixed_bam/COLO829_PAO/TF1e-2_25x/TF1e-2_25x.rep2.bam.bai
[W::hts_idx_load3] The index file is older than the data file: /bip7_disk/pingting114/mixed_bam/COLO829_PAO/TF1e-2_25x/TF1e-2_25x.rep2.bam.bai
[W::hts_idx_load3] The index file is older than the data file: /bip7_disk/pingting114/mixed_bam/COLO829_PAO/TF1e-2_25x/TF1e-2_25x.rep2.bam.bai
[W::hts_idx_load3] The index file is older than the data file: /bip7_disk/pingting114/mixed_bam/COLO829_PAO/TF1e-2_25x/TF1e-2_25x.rep2.bam.bai
[E::bam_parse_basemod2] 00150528-d7ea-4254-aa45-8951edde0257: MM tag refers to bases beyond sequence length
[W::hts_idx_load3] The index file is older than the data file: /bip7_disk/pingting114/mixed_bam/COLO829_PAO/TF1e-2_25x/TF1e-2_25x.rep2.bam.bai
[E::bam_parse_basemod2] c01243b1-6a1d-4ffc-bf38-310f11d97d6d: MM tag refers to bases beyond sequence length
[W::hts_idx_load3] The index file is older than the data file: /bip7_disk/pingting114/mixed_bam/COLO829_PAO/TF1e-2_25x/TF1e-2_25x.rep2.bam.bai
[E::bam_parse_basemod2] 07f68e97-61f8-41b7-8d6f-ab5cbb205e6f: MM tag refers to bases beyond sequence length
[W::hts_idx_load3] The index file is older than the data file: /bip7_disk/pingting114/mixed_bam/COLO829_PAO/TF1e-2_25x/TF1e-2_25x.rep2.bam.bai
[W::hts_idx_load3] The index file is older than the data file: /bip7_disk/pingting114/mixed_bam/COLO829_PAO/TF1e-2_25x/TF1e-2_25x.rep2.bam.bai
[W::hts_idx_load3] The index file is older than the data file: /bip7_disk/pingting114/mixed_bam/COLO829_PAO/TF1e-2_25x/TF1e-2_25x.rep2.bam.bai
[W::hts_idx_load3] The index file is older than the data file: /bip7_disk/pingting114/mixed_bam/COLO829_PAO/TF1e-2_25x/TF1e-2_25x.rep2.bam.bai
[W::bam_next_basemod] MM tag refers to bases beyond sequence length
[W::hts_idx_load3] The index file is older than the data file: /bip7_disk/pingting114/mixed_bam/COLO829_PAO/TF1e-2_25x/TF1e-2_25x.rep2.bam.bai
[W::hts_idx_load3] The index file is older than the data file: /bip7_disk/pingting114/mixed_bam/COLO829_PAO/TF1e-2_25x/TF1e-2_25x.rep2.bam.bai
[W::bam_next_basemod] MM tag refers to bases beyond sequence length
[W::hts_idx_load3] The index file is older than the data file: /bip7_disk/pingting114/mixed_bam/COLO829_PAO/TF1e-2_25x/TF1e-2_25x.rep2.bam.bai
[W::hts_idx_load3] The index file is older than the data file: /bip7_disk/pingting114/mixed_bam/COLO829_PAO/TF1e-2_25x/TF1e-2_25x.rep2.bam.bai
[W::hts_idx_load3] The index file is older than the data file: /bip7_disk/pingting114/mixed_bam/COLO829_PAO/TF1e-2_25x/TF1e-2_25x.rep2.bam.bai
[W::hts_idx_load3] The index file is older than the data file: /bip7_disk/pingting114/mixed_bam/COLO829_PAO/TF1e-2_25x/TF1e-2_25x.rep2.bam.bai
[E::bam_parse_basemod2] 229679d5-9909-4d10-9734-358ba9d11347: MM tag refers to bases beyond sequence length
[W::hts_idx_load3] The index file is older than the data file: /bip7_disk/pingting114/mixed_bam/COLO829_PAO/TF1e-2_25x/TF1e-2_25x.rep2.bam.bai
[W::hts_idx_load3] The index file is older than the data file: /bip7_disk/pingting114/mixed_bam/COLO829_PAO/TF1e-2_25x/TF1e-2_25x.rep2.bam.bai
[W::hts_idx_load3] The index file is older than the data file: /bip7_disk/pingting114/mixed_bam/COLO829_PAO/TF1e-2_25x/TF1e-2_25x.rep2.bam.bai
[W::bam_next_basemod] MM tag refers to bases beyond sequence length
[W::hts_idx_load3] The index file is older than the data file: /bip7_disk/pingting114/mixed_bam/COLO829_PAO/TF1e-2_25x/TF1e-2_25x.rep2.bam.bai
[W::hts_idx_load3] The index file is older than the data file: /bip7_disk/pingting114/mixed_bam/COLO829_PAO/TF1e-2_25x/TF1e-2_25x.rep2.bam.bai
[W::bam_next_basemod] MM tag refers to bases beyond sequence length
[W::hts_idx_load3] The index file is older than the data file: /bip7_disk/pingting114/mixed_bam/COLO829_PAO/TF1e-2_25x/TF1e-2_25x.rep2.bam.bai
[W::bam_next_basemod] MM tag refers to bases beyond sequence length
[W::bam_next_basemod] MM tag refers to bases beyond sequence length
[W::bam_next_basemod] MM tag refers to bases beyond sequence length
[W::bam_next_basemod] MM tag refers to bases beyond sequence length
[W::hts_idx_load3] The index file is older than the data file: /bip7_disk/pingting114/mixed_bam/COLO829_PAO/TF1e-2_25x/TF1e-2_25x.rep2.bam.bai
[E::bam_parse_basemod2] c1588dde-1ce0-498f-aae5-797a6374ed50: MM tag refers to bases beyond sequence length
[W::hts_idx_load3] The index file is older than the data file: /bip7_disk/pingting114/mixed_bam/COLO829_PAO/TF1e-2_25x/TF1e-2_25x.rep2.bam.bai
[W::hts_idx_load3] The index file is older than the data file: /bip7_disk/pingting114/mixed_bam/COLO829_PAO/TF1e-2_25x/TF1e-2_25x.rep2.bam.bai
[W::hts_idx_load3] The index file is older than the data file: /bip7_disk/pingting114/mixed_bam/COLO829_PAO/TF1e-2_25x/TF1e-2_25x.rep2.bam.bai
[W::hts_idx_load3] The index file is older than the data file: /bip7_disk/pingting114/mixed_bam/COLO829_PAO/TF1e-2_25x/TF1e-2_25x.rep2.bam.bai
[E::bam_parse_basemod2] c707d140-d376-47aa-938d-534dddf70d5d: MM tag refers to bases beyond sequence length
[W::hts_idx_load3] The index file is older than the data file: /bip7_disk/pingting114/mixed_bam/COLO829_PAO/TF1e-2_25x/TF1e-2_25x.rep2.bam.bai
[W::hts_idx_load3] The index file is older than the data file: /bip7_disk/pingting114/mixed_bam/COLO829_PAO/TF1e-2_25x/TF1e-2_25x.rep2.bam.bai
[W::hts_idx_load3] The index file is older than the data file: /bip7_disk/pingting114/mixed_bam/COLO829_PAO/TF1e-2_25x/TF1e-2_25x.rep2.bam.bai
[W::hts_idx_load3] The index file is older than the data file: /bip7_disk/pingting114/mixed_bam/COLO829_PAO/TF1e-2_25x/TF1e-2_25x.rep2.bam.bai
[W::hts_idx_load3] The index file is older than the data file: /bip7_disk/pingting114/mixed_bam/COLO829_PAO/TF1e-2_25x/TF1e-2_25x.rep2.bam.bai
[W::bam_next_basemod] MM tag refers to bases beyond sequence length
[W::hts_idx_load3] The index file is older than the data file: /bip7_disk/pingting114/mixed_bam/COLO829_PAO/TF1e-2_25x/TF1e-2_25x.rep2.bam.bai
[E::bam_parse_basemod2] 98f20593-4854-4062-8ca9-e12283ce039f: MM tag refers to bases beyond sequence length
[W::hts_idx_load3] The index file is older than the data file: /bip7_disk/pingting114/mixed_bam/COLO829_PAO/TF1e-2_25x/TF1e-2_25x.rep2.bam.bai
[W::hts_idx_load3] The index file is older than the data file: /bip7_disk/pingting114/mixed_bam/COLO829_PAO/TF1e-2_25x/TF1e-2_25x.rep2.bam.bai
[W::hts_idx_load3] The index file is older than the data file: /bip7_disk/pingting114/mixed_bam/COLO829_PAO/TF1e-2_25x/TF1e-2_25x.rep2.bam.bai
[W::hts_idx_load3] The index file is older than the data file: /bip7_disk/pingting114/mixed_bam/COLO829_PAO/TF1e-2_25x/TF1e-2_25x.rep2.bam.bai
[W::hts_idx_load3] The index file is older than the data file: /bip7_disk/pingting114/mixed_bam/COLO829_PAO/TF1e-2_25x/TF1e-2_25x.rep2.bam.bai
[E::bam_parse_basemod2] 0568c47b-a035-4cbb-bf39-dfa58f1a71e3: MM tag refers to bases beyond sequence length
[W::hts_idx_load3] The index file is older than the data file: /bip7_disk/pingting114/mixed_bam/COLO829_PAO/TF1e-2_25x/TF1e-2_25x.rep2.bam.bai
[W::hts_idx_load3] The index file is older than the data file: /bip7_disk/pingting114/mixed_bam/COLO829_PAO/TF1e-2_25x/TF1e-2_25x.rep2.bam.bai
[W::hts_idx_load3] The index file is older than the data file: /bip7_disk/pingting114/mixed_bam/COLO829_PAO/TF1e-2_25x/TF1e-2_25x.rep2.bam.bai
[W::hts_idx_load3] The index file is older than the data file: /bip7_disk/pingting114/mixed_bam/COLO829_PAO/TF1e-2_25x/TF1e-2_25x.rep2.bam.bai
[W::hts_idx_load3] The index file is older than the data file: /bip7_disk/pingting114/mixed_bam/COLO829_PAO/TF1e-2_25x/TF1e-2_25x.rep2.bam.bai
[W::bam_next_basemod] MM tag refers to bases beyond sequence length
[W::hts_idx_load3] The index file is older than the data file: /bip7_disk/pingting114/mixed_bam/COLO829_PAO/TF1e-2_25x/TF1e-2_25x.rep2.bam.bai
[W::bam_next_basemod] MM tag refers to bases beyond sequence length
[W::hts_idx_load3] The index file is older than the data file: /bip7_disk/pingting114/mixed_bam/COLO829_PAO/TF1e-2_25x/TF1e-2_25x.rep2.bam.bai
[W::hts_idx_load3] The index file is older than the data file: /bip7_disk/pingting114/mixed_bam/COLO829_PAO/TF1e-2_25x/TF1e-2_25x.rep2.bam.bai
[E::bam_parse_basemod2] 0cc87411-1ee8-4579-8be8-9ef469f33d75: MM tag refers to bases beyond sequence length
[W::hts_idx_load3] The index file is older than the data file: /bip7_disk/pingting114/mixed_bam/COLO829_PAO/TF1e-2_25x/TF1e-2_25x.rep2.bam.bai
[W::bam_next_basemod] MM tag refers to bases beyond sequence length
[W::hts_idx_load3] The index file is older than the data file: /bip7_disk/pingting114/mixed_bam/COLO829_PAO/TF1e-2_25x/TF1e-2_25x.rep2.bam.bai
[W::bam_next_basemod] MM tag refers to bases beyond sequence length
[W::hts_idx_load3] The index file is older than the data file: /bip7_disk/pingting114/mixed_bam/COLO829_PAO/TF1e-2_25x/TF1e-2_25x.rep2.bam.bai
[W::hts_idx_load3] The index file is older than the data file: /bip7_disk/pingting114/mixed_bam/COLO829_PAO/TF1e-2_25x/TF1e-2_25x.rep2.bam.bai
[E::bam_parse_basemod2] 6c2f1190-efcb-4198-8c8f-6db020f5f3a5: MM tag refers to bases beyond sequence length
[W::hts_idx_load3] The index file is older than the data file: /bip7_disk/pingting114/mixed_bam/COLO829_PAO/TF1e-2_25x/TF1e-2_25x.rep2.bam.bai
[E::bam_parse_basemod2] 7c076041-9b65-49e5-82ba-ded9c2a8dc3f: MM tag refers to bases beyond sequence length
[W::hts_idx_load3] The index file is older than the data file: /bip7_disk/pingting114/mixed_bam/COLO829_PAO/TF1e-2_25x/TF1e-2_25x.rep2.bam.bai
[E::bam_parse_basemod2] c636d24f-d892-4c7d-82fd-accad7245d37: MM tag refers to bases beyond sequence length
[E::bam_parse_basemod2] 71caa720-b639-4978-b16a-b38859693c80: MM tag refers to bases beyond sequence length
[W::hts_idx_load3] The index file is older than the data file: /bip7_disk/pingting114/mixed_bam/COLO829_PAO/TF1e-2_25x/TF1e-2_25x.rep2.bam.bai
[W::bam_next_basemod] MM tag refers to bases beyond sequence length
[W::hts_idx_load3] The index file is older than the data file: /bip7_disk/pingting114/mixed_bam/COLO829_PAO/TF1e-2_25x/TF1e-2_25x.rep2.bam.bai
[W::bam_next_basemod] MM tag refers to bases beyond sequence length
[W::hts_idx_load3] The index file is older than the data file: /bip7_disk/pingting114/mixed_bam/COLO829_PAO/TF1e-2_25x/TF1e-2_25x.rep2.bam.bai
[W::hts_idx_load3] The index file is older than the data file: /bip7_disk/pingting114/mixed_bam/COLO829_PAO/TF1e-2_25x/TF1e-2_25x.rep2.bam.bai
[W::hts_idx_load3] The index file is older than the data file: /bip7_disk/pingting114/mixed_bam/COLO829_PAO/TF1e-2_25x/TF1e-2_25x.rep2.bam.bai
[W::hts_idx_load3] The index file is older than the data file: /bip7_disk/pingting114/mixed_bam/COLO829_PAO/TF1e-2_25x/TF1e-2_25x.rep2.bam.bai
[W::hts_idx_load3] The index file is older than the data file: /bip7_disk/pingting114/mixed_bam/COLO829_PAO/TF1e-2_25x/TF1e-2_25x.rep2.bam.bai
[W::hts_idx_load3] The index file is older than the data file: /bip7_disk/pingting114/mixed_bam/COLO829_PAO/TF1e-2_25x/TF1e-2_25x.rep2.bam.bai
[W::hts_idx_load3] The index file is older than the data file: /bip7_disk/pingting114/mixed_bam/COLO829_PAO/TF1e-2_25x/TF1e-2_25x.rep2.bam.bai
[E::bam_parse_basemod2] 3bcda047-1b4e-4ebc-8fe9-ced21275228d: MM tag refers to bases beyond sequence length
[W::hts_idx_load3] The index file is older than the data file: /bip7_disk/pingting114/mixed_bam/COLO829_PAO/TF1e-2_25x/TF1e-2_25x.rep2.bam.bai
[W::hts_idx_load3] The index file is older than the data file: /bip7_disk/pingting114/mixed_bam/COLO829_PAO/TF1e-2_25x/TF1e-2_25x.rep2.bam.bai
[W::hts_idx_load3] The index file is older than the data file: /bip7_disk/pingting114/mixed_bam/COLO829_PAO/TF1e-2_25x/TF1e-2_25x.rep2.bam.bai
[W::bam_next_basemod] MM tag refers to bases beyond sequence length
[W::hts_idx_load3] The index file is older than the data file: /bip7_disk/pingting114/mixed_bam/COLO829_PAO/TF1e-2_25x/TF1e-2_25x.rep2.bam.bai
[W::hts_idx_load3] The index file is older than the data file: /bip7_disk/pingting114/mixed_bam/COLO829_PAO/TF1e-2_25x/TF1e-2_25x.rep2.bam.bai
[E::bam_parse_basemod2] 234dd391-f482-4746-9e01-35f0af863179: MM tag refers to bases beyond sequence length
[W::hts_idx_load3] The index file is older than the data file: /bip7_disk/pingting114/mixed_bam/COLO829_PAO/TF1e-2_25x/TF1e-2_25x.rep2.bam.bai
[W::bam_next_basemod] MM tag refers to bases beyond sequence length
[W::hts_idx_load3] The index file is older than the data file: /bip7_disk/pingting114/mixed_bam/COLO829_PAO/TF1e-2_25x/TF1e-2_25x.rep2.bam.bai
[W::hts_idx_load3] The index file is older than the data file: /bip7_disk/pingting114/mixed_bam/COLO829_PAO/TF1e-2_25x/TF1e-2_25x.rep2.bam.bai
[W::hts_idx_load3] The index file is older than the data file: /bip7_disk/pingting114/mixed_bam/COLO829_PAO/TF1e-2_25x/TF1e-2_25x.rep2.bam.bai
[W::hts_idx_load3] The index file is older than the data file: /bip7_disk/pingting114/mixed_bam/COLO829_PAO/TF1e-2_25x/TF1e-2_25x.rep2.bam.bai
[W::hts_idx_load3] The index file is older than the data file: /bip7_disk/pingting114/mixed_bam/COLO829_PAO/TF1e-2_25x/TF1e-2_25x.rep2.bam.bai
[W::bam_next_basemod] MM tag refers to bases beyond sequence length
[E::bam_parse_basemod2] c91948d5-0db9-4dd8-8b58-3aeed1e5e790: MM tag refers to bases beyond sequence length
[W::hts_idx_load3] The index file is older than the data file: /bip7_disk/pingting114/mixed_bam/COLO829_PAO/TF1e-2_25x/TF1e-2_25x.rep2.bam.bai
[W::hts_idx_load3] The index file is older than the data file: /bip7_disk/pingting114/mixed_bam/COLO829_PAO/TF1e-2_25x/TF1e-2_25x.rep2.bam.bai
[W::hts_idx_load3] The index file is older than the data file: /bip7_disk/pingting114/mixed_bam/COLO829_PAO/TF1e-2_25x/TF1e-2_25x.rep2.bam.bai
[W::hts_idx_load3] The index file is older than the data file: /bip7_disk/pingting114/mixed_bam/COLO829_PAO/TF1e-2_25x/TF1e-2_25x.rep2.bam.bai
[W::bam_next_basemod] MM tag refers to bases beyond sequence length
[W::bam_next_basemod] MM tag refers to bases beyond sequence length
[W::hts_idx_load3] The index file is older than the data file: /bip7_disk/pingting114/mixed_bam/COLO829_PAO/TF1e-2_25x/TF1e-2_25x.rep2.bam.bai
[W::hts_idx_load3] The index file is older than the data file: /bip7_disk/pingting114/mixed_bam/COLO829_PAO/TF1e-2_25x/TF1e-2_25x.rep2.bam.bai
[W::bam_next_basemod] MM tag refers to bases beyond sequence length
[W::hts_idx_load3] The index file is older than the data file: /bip7_disk/pingting114/mixed_bam/COLO829_PAO/TF1e-2_25x/TF1e-2_25x.rep2.bam.bai
[W::hts_idx_load3] The index file is older than the data file: /bip7_disk/pingting114/mixed_bam/COLO829_PAO/TF1e-2_25x/TF1e-2_25x.rep2.bam.bai
[E::bam_parse_basemod2] 88c34303-bf7a-42fd-ae90-4bc4c90632e8: MM tag refers to bases beyond sequence length
[W::hts_idx_load3] The index file is older than the data file: /bip7_disk/pingting114/mixed_bam/COLO829_PAO/TF1e-2_25x/TF1e-2_25x.rep2.bam.bai
[W::hts_idx_load3] The index file is older than the data file: /bip7_disk/pingting114/mixed_bam/COLO829_PAO/TF1e-2_25x/TF1e-2_25x.rep2.bam.bai
[W::hts_idx_load3] The index file is older than the data file: /bip7_disk/pingting114/mixed_bam/COLO829_PAO/TF1e-2_25x/TF1e-2_25x.rep2.bam.bai
[W::hts_idx_load3] The index file is older than the data file: /bip7_disk/pingting114/mixed_bam/COLO829_PAO/TF1e-2_25x/TF1e-2_25x.rep2.bam.bai
[E::bam_parse_basemod2] 77c7eba3-4ca2-46b4-937b-fddb90d60558: MM tag refers to bases beyond sequence length
[W::hts_idx_load3] The index file is older than the data file: /bip7_disk/pingting114/mixed_bam/COLO829_PAO/TF1e-2_25x/TF1e-2_25x.rep2.bam.bai
[W::hts_idx_load3] The index file is older than the data file: /bip7_disk/pingting114/mixed_bam/COLO829_PAO/TF1e-2_25x/TF1e-2_25x.rep2.bam.bai
[W::hts_idx_load3] The index file is older than the data file: /bip7_disk/pingting114/mixed_bam/COLO829_PAO/TF1e-2_25x/TF1e-2_25x.rep2.bam.bai
[W::bam_next_basemod] MM tag refers to bases beyond sequence length
[W::hts_idx_load3] The index file is older than the data file: /bip7_disk/pingting114/mixed_bam/COLO829_PAO/TF1e-2_25x/TF1e-2_25x.rep2.bam.bai
[W::hts_idx_load3] The index file is older than the data file: /bip7_disk/pingting114/mixed_bam/COLO829_PAO/TF1e-2_25x/TF1e-2_25x.rep2.bam.bai
[W::hts_idx_load3] The index file is older than the data file: /bip7_disk/pingting114/mixed_bam/COLO829_PAO/TF1e-2_25x/TF1e-2_25x.rep2.bam.bai
[W::hts_idx_load3] The index file is older than the data file: /bip7_disk/pingting114/mixed_bam/COLO829_PAO/TF1e-2_25x/TF1e-2_25x.rep2.bam.bai
[E::bam_parse_basemod2] 7777f34a-c3f5-4a2f-9680-545a41e3ea2b: MM tag refers to bases beyond sequence length
[W::hts_idx_load3] The index file is older than the data file: /bip7_disk/pingting114/mixed_bam/COLO829_PAO/TF1e-2_25x/TF1e-2_25x.rep2.bam.bai
[W::hts_idx_load3] The index file is older than the data file: /bip7_disk/pingting114/mixed_bam/COLO829_PAO/TF1e-2_25x/TF1e-2_25x.rep2.bam.bai
[W::hts_idx_load3] The index file is older than the data file: /bip7_disk/pingting114/mixed_bam/COLO829_PAO/TF1e-2_25x/TF1e-2_25x.rep2.bam.bai
[E::bam_parse_basemod2] b98b136e-113e-4e00-b21f-553af45a6030: MM tag refers to bases beyond sequence length
[W::hts_idx_load3] The index file is older than the data file: /bip7_disk/pingting114/mixed_bam/COLO829_PAO/TF1e-2_25x/TF1e-2_25x.rep2.bam.bai
[W::hts_idx_load3] The index file is older than the data file: /bip7_disk/pingting114/mixed_bam/COLO829_PAO/TF1e-2_25x/TF1e-2_25x.rep2.bam.bai
[W::bam_next_basemod] MM tag refers to bases beyond sequence length
[W::hts_idx_load3] The index file is older than the data file: /bip7_disk/pingting114/mixed_bam/COLO829_PAO/TF1e-2_25x/TF1e-2_25x.rep2.bam.bai
[W::hts_idx_load3] The index file is older than the data file: /bip7_disk/pingting114/mixed_bam/COLO829_PAO/TF1e-2_25x/TF1e-2_25x.rep2.bam.bai
[W::bam_next_basemod] MM tag refers to bases beyond sequence length
[W::hts_idx_load3] The index file is older than the data file: /bip7_disk/pingting114/mixed_bam/COLO829_PAO/TF1e-2_25x/TF1e-2_25x.rep2.bam.bai
[E::bam_parse_basemod2] 53bc166e-2a1d-4fb0-afdd-4e929c114bde: MM tag refers to bases beyond sequence length
[W::hts_idx_load3] The index file is older than the data file: /bip7_disk/pingting114/mixed_bam/COLO829_PAO/TF1e-2_25x/TF1e-2_25x.rep2.bam.bai
[E::bam_parse_basemod2] 185163f8-83a4-4769-a7a0-4d6f7b6680ef: MM tag refers to bases beyond sequence length
[W::bam_next_basemod] MM tag refers to bases beyond sequence length
[W::hts_idx_load3] The index file is older than the data file: /bip7_disk/pingting114/mixed_bam/COLO829_PAO/TF1e-2_25x/TF1e-2_25x.rep2.bam.bai
[W::hts_idx_load3] The index file is older than the data file: /bip7_disk/pingting114/mixed_bam/COLO829_PAO/TF1e-2_25x/TF1e-2_25x.rep2.bam.bai
[W::hts_idx_load3] The index file is older than the data file: /bip7_disk/pingting114/mixed_bam/COLO829_PAO/TF1e-2_25x/TF1e-2_25x.rep2.bam.bai
[W::hts_idx_load3] The index file is older than the data file: /bip7_disk/pingting114/mixed_bam/COLO829_PAO/TF1e-2_25x/TF1e-2_25x.rep2.bam.bai
[W::hts_idx_load3] The index file is older than the data file: /bip7_disk/pingting114/mixed_bam/COLO829_PAO/TF1e-2_25x/TF1e-2_25x.rep2.bam.bai
[W::hts_idx_load3] The index file is older than the data file: /bip7_disk/pingting114/mixed_bam/COLO829_PAO/TF1e-2_25x/TF1e-2_25x.rep2.bam.bai
[W::hts_idx_load3] The index file is older than the data file: /bip7_disk/pingting114/mixed_bam/COLO829_PAO/TF1e-2_25x/TF1e-2_25x.rep2.bam.bai
[W::hts_idx_load3] The index file is older than the data file: /bip7_disk/pingting114/mixed_bam/COLO829_PAO/TF1e-2_25x/TF1e-2_25x.rep2.bam.bai
[W::hts_idx_load3] The index file is older than the data file: /bip7_disk/pingting114/mixed_bam/COLO829_PAO/TF1e-2_25x/TF1e-2_25x.rep2.bam.bai
[W::hts_idx_load3] The index file is older than the data file: /bip7_disk/pingting114/mixed_bam/COLO829_PAO/TF1e-2_25x/TF1e-2_25x.rep2.bam.bai
[E::bam_parse_basemod2] 4f0d50ac-6e26-4853-a214-4852d8e37abb: MM tag refers to bases beyond sequence length
[W::bam_next_basemod] MM tag refers to bases beyond sequence length
[W::hts_idx_load3] The index file is older than the data file: /bip7_disk/pingting114/mixed_bam/COLO829_PAO/TF1e-2_25x/TF1e-2_25x.rep2.bam.bai
[W::hts_idx_load3] The index file is older than the data file: /bip7_disk/pingting114/mixed_bam/COLO829_PAO/TF1e-2_25x/TF1e-2_25x.rep2.bam.bai
[W::hts_idx_load3] The index file is older than the data file: /bip7_disk/pingting114/mixed_bam/COLO829_PAO/TF1e-2_25x/TF1e-2_25x.rep2.bam.bai
[W::hts_idx_load3] The index file is older than the data file: /bip7_disk/pingting114/mixed_bam/COLO829_PAO/TF1e-2_25x/TF1e-2_25x.rep2.bam.bai
[W::hts_idx_load3] The index file is older than the data file: /bip7_disk/pingting114/mixed_bam/COLO829_PAO/TF1e-2_25x/TF1e-2_25x.rep2.bam.bai
[W::hts_idx_load3] The index file is older than the data file: /bip7_disk/pingting114/mixed_bam/COLO829_PAO/TF1e-2_25x/TF1e-2_25x.rep2.bam.bai
[W::hts_idx_load3] The index file is older than the data file: /bip7_disk/pingting114/mixed_bam/COLO829_PAO/TF1e-2_25x/TF1e-2_25x.rep2.bam.bai
[W::hts_idx_load3] The index file is older than the data file: /bip7_disk/pingting114/mixed_bam/COLO829_PAO/TF1e-2_25x/TF1e-2_25x.rep2.bam.bai
[W::hts_idx_load3] The index file is older than the data file: /bip7_disk/pingting114/mixed_bam/COLO829_PAO/TF1e-2_25x/TF1e-2_25x.rep2.bam.bai
[W::hts_idx_load3] The index file is older than the data file: /bip7_disk/pingting114/mixed_bam/COLO829_PAO/TF1e-2_25x/TF1e-2_25x.rep2.bam.bai
[W::hts_idx_load3] The index file is older than the data file: /bip7_disk/pingting114/mixed_bam/COLO829_PAO/TF1e-2_25x/TF1e-2_25x.rep2.bam.bai
[W::bam_next_basemod] MM tag refers to bases beyond sequence length
[W::hts_idx_load3] The index file is older than the data file: /bip7_disk/pingting114/mixed_bam/COLO829_PAO/TF1e-2_25x/TF1e-2_25x.rep2.bam.bai
[E::bam_parse_basemod2] d010717e-6a52-4699-9de4-dc71367215db: MM tag refers to bases beyond sequence length
[W::hts_idx_load3] The index file is older than the data file: /bip7_disk/pingting114/mixed_bam/COLO829_PAO/TF1e-2_25x/TF1e-2_25x.rep2.bam.bai
[W::hts_idx_load3] The index file is older than the data file: /bip7_disk/pingting114/mixed_bam/COLO829_PAO/TF1e-2_25x/TF1e-2_25x.rep2.bam.bai
[W::hts_idx_load3] The index file is older than the data file: /bip7_disk/pingting114/mixed_bam/COLO829_PAO/TF1e-2_25x/TF1e-2_25x.rep2.bam.bai
[W::hts_idx_load3] The index file is older than the data file: /bip7_disk/pingting114/mixed_bam/COLO829_PAO/TF1e-2_25x/TF1e-2_25x.rep2.bam.bai
[E::bam_parse_basemod2] d598ac80-5d6a-4c2b-b520-8abe6c1df3d9: MM tag refers to bases beyond sequence length
[W::hts_idx_load3] The index file is older than the data file: /bip7_disk/pingting114/mixed_bam/COLO829_PAO/TF1e-2_25x/TF1e-2_25x.rep2.bam.bai
[W::hts_idx_load3] The index file is older than the data file: /bip7_disk/pingting114/mixed_bam/COLO829_PAO/TF1e-2_25x/TF1e-2_25x.rep2.bam.bai
[W::hts_idx_load3] The index file is older than the data file: /bip7_disk/pingting114/mixed_bam/COLO829_PAO/TF1e-2_25x/TF1e-2_25x.rep2.bam.bai
[W::hts_idx_load3] The index file is older than the data file: /bip7_disk/pingting114/mixed_bam/COLO829_PAO/TF1e-2_25x/TF1e-2_25x.rep2.bam.bai
[W::hts_idx_load3] The index file is older than the data file: /bip7_disk/pingting114/mixed_bam/COLO829_PAO/TF1e-2_25x/TF1e-2_25x.rep2.bam.bai
[E::bam_parse_basemod2] 1c04a7cd-4ac7-4482-9d05-5d5078d9fd23: MM tag refers to bases beyond sequence length
[W::hts_idx_load3] The index file is older than the data file: /bip7_disk/pingting114/mixed_bam/COLO829_PAO/TF1e-2_25x/TF1e-2_25x.rep2.bam.bai
[W::hts_idx_load3] The index file is older than the data file: /bip7_disk/pingting114/mixed_bam/COLO829_PAO/TF1e-2_25x/TF1e-2_25x.rep2.bam.bai
[W::bam_next_basemod] MM tag refers to bases beyond sequence length
[W::hts_idx_load3] The index file is older than the data file: /bip7_disk/pingting114/mixed_bam/COLO829_PAO/TF1e-2_25x/TF1e-2_25x.rep2.bam.bai
[W::hts_idx_load3] The index file is older than the data file: /bip7_disk/pingting114/mixed_bam/COLO829_PAO/TF1e-2_25x/TF1e-2_25x.rep2.bam.bai
[W::hts_idx_load3] The index file is older than the data file: /bip7_disk/pingting114/mixed_bam/COLO829_PAO/TF1e-2_25x/TF1e-2_25x.rep2.bam.bai
[W::hts_idx_load3] The index file is older than the data file: /bip7_disk/pingting114/mixed_bam/COLO829_PAO/TF1e-2_25x/TF1e-2_25x.rep2.bam.bai
[W::hts_idx_load3] The index file is older than the data file: /bip7_disk/pingting114/mixed_bam/COLO829_PAO/TF1e-2_25x/TF1e-2_25x.rep2.bam.bai
[W::hts_idx_load3] The index file is older than the data file: /bip7_disk/pingting114/mixed_bam/COLO829_PAO/TF1e-2_25x/TF1e-2_25x.rep2.bam.bai
[W::hts_idx_load3] The index file is older than the data file: /bip7_disk/pingting114/mixed_bam/COLO829_PAO/TF1e-2_25x/TF1e-2_25x.rep2.bam.bai
[W::hts_idx_load3] The index file is older than the data file: /bip7_disk/pingting114/mixed_bam/COLO829_PAO/TF1e-2_25x/TF1e-2_25x.rep2.bam.bai
[W::hts_idx_load3] The index file is older than the data file: /bip7_disk/pingting114/mixed_bam/COLO829_PAO/TF1e-2_25x/TF1e-2_25x.rep2.bam.bai
[W::hts_idx_load3] The index file is older than the data file: /bip7_disk/pingting114/mixed_bam/COLO829_PAO/TF1e-2_25x/TF1e-2_25x.rep2.bam.bai
[W::hts_idx_load3] The index file is older than the data file: /bip7_disk/pingting114/mixed_bam/COLO829_PAO/TF1e-2_25x/TF1e-2_25x.rep2.bam.bai
[W::hts_idx_load3] The index file is older than the data file: /bip7_disk/pingting114/mixed_bam/COLO829_PAO/TF1e-2_25x/TF1e-2_25x.rep2.bam.bai
[W::hts_idx_load3] The index file is older than the data file: /bip7_disk/pingting114/mixed_bam/COLO829_PAO/TF1e-2_25x/TF1e-2_25x.rep2.bam.bai
[E::bam_parse_basemod2] 6cf29d85-7606-4ad4-b493-3308d1582f1f: MM tag refers to bases beyond sequence length
[W::hts_idx_load3] The index file is older than the data file: /bip7_disk/pingting114/mixed_bam/COLO829_PAO/TF1e-2_25x/TF1e-2_25x.rep2.bam.bai
[W::hts_idx_load3] The index file is older than the data file: /bip7_disk/pingting114/mixed_bam/COLO829_PAO/TF1e-2_25x/TF1e-2_25x.rep2.bam.bai
[W::hts_idx_load3] The index file is older than the data file: /bip7_disk/pingting114/mixed_bam/COLO829_PAO/TF1e-2_25x/TF1e-2_25x.rep2.bam.bai
[W::hts_idx_load3] The index file is older than the data file: /bip7_disk/pingting114/mixed_bam/COLO829_PAO/TF1e-2_25x/TF1e-2_25x.rep2.bam.bai
[W::bam_next_basemod] MM tag refers to bases beyond sequence length
[W::hts_idx_load3] The index file is older than the data file: /bip7_disk/pingting114/mixed_bam/COLO829_PAO/TF1e-2_25x/TF1e-2_25x.rep2.bam.bai
[E::bam_parse_basemod2] 030f551d-b77e-43df-b9d2-e1995bd803be: MM tag refers to bases beyond sequence length
[W::hts_idx_load3] The index file is older than the data file: /bip7_disk/pingting114/mixed_bam/COLO829_PAO/TF1e-2_25x/TF1e-2_25x.rep2.bam.bai
[W::hts_idx_load3] The index file is older than the data file: /bip7_disk/pingting114/mixed_bam/COLO829_PAO/TF1e-2_25x/TF1e-2_25x.rep2.bam.bai
[E::bam_parse_basemod2] 6a7aba99-35fe-47e3-bc3f-a4826410f1fe: MM tag refers to bases beyond sequence length
[W::bam_next_basemod] MM tag refers to bases beyond sequence length
[W::hts_idx_load3] The index file is older than the data file: /bip7_disk/pingting114/mixed_bam/COLO829_PAO/TF1e-2_25x/TF1e-2_25x.rep2.bam.bai
[W::bam_next_basemod] MM tag refers to bases beyond sequence length
[W::hts_idx_load3] The index file is older than the data file: /bip7_disk/pingting114/mixed_bam/COLO829_PAO/TF1e-2_25x/TF1e-2_25x.rep2.bam.bai
[W::hts_idx_load3] The index file is older than the data file: /bip7_disk/pingting114/mixed_bam/COLO829_PAO/TF1e-2_25x/TF1e-2_25x.rep2.bam.bai
[W::hts_idx_load3] The index file is older than the data file: /bip7_disk/pingting114/mixed_bam/COLO829_PAO/TF1e-2_25x/TF1e-2_25x.rep2.bam.bai
[W::bam_next_basemod] MM tag refers to bases beyond sequence length
[W::hts_idx_load3] The index file is older than the data file: /bip7_disk/pingting114/mixed_bam/COLO829_PAO/TF1e-2_25x/TF1e-2_25x.rep2.bam.bai
[W::hts_idx_load3] The index file is older than the data file: /bip7_disk/pingting114/mixed_bam/COLO829_PAO/TF1e-2_25x/TF1e-2_25x.rep2.bam.bai
[W::hts_idx_load3] The index file is older than the data file: /bip7_disk/pingting114/mixed_bam/COLO829_PAO/TF1e-2_25x/TF1e-2_25x.rep2.bam.bai
[W::hts_idx_load3] The index file is older than the data file: /bip7_disk/pingting114/mixed_bam/COLO829_PAO/TF1e-2_25x/TF1e-2_25x.rep2.bam.bai
[W::hts_idx_load3] The index file is older than the data file: /bip7_disk/pingting114/mixed_bam/COLO829_PAO/TF1e-2_25x/TF1e-2_25x.rep2.bam.bai
[W::hts_idx_load3] The index file is older than the data file: /bip7_disk/pingting114/mixed_bam/COLO829_PAO/TF1e-2_25x/TF1e-2_25x.rep2.bam.bai
[E::bam_parse_basemod2] af4613f8-344c-4f94-bc92-e30522c3d1fd: MM tag refers to bases beyond sequence length
[W::hts_idx_load3] The index file is older than the data file: /bip7_disk/pingting114/mixed_bam/COLO829_PAO/TF1e-2_25x/TF1e-2_25x.rep2.bam.bai
[W::hts_idx_load3] The index file is older than the data file: /bip7_disk/pingting114/mixed_bam/COLO829_PAO/TF1e-2_25x/TF1e-2_25x.rep2.bam.bai
[W::hts_idx_load3] The index file is older than the data file: /bip7_disk/pingting114/mixed_bam/COLO829_PAO/TF1e-2_25x/TF1e-2_25x.rep2.bam.bai
[E::bam_parse_basemod2] 1192f36b-7ae4-41de-a251-1816884228ba: MM tag refers to bases beyond sequence length
[W::bam_next_basemod] MM tag refers to bases beyond sequence length
[W::hts_idx_load3] The index file is older than the data file: /bip7_disk/pingting114/mixed_bam/COLO829_PAO/TF1e-2_25x/TF1e-2_25x.rep2.bam.bai
[W::hts_idx_load3] The index file is older than the data file: /bip7_disk/pingting114/mixed_bam/COLO829_PAO/TF1e-2_25x/TF1e-2_25x.rep2.bam.bai
[W::hts_idx_load3] The index file is older than the data file: /bip7_disk/pingting114/mixed_bam/COLO829_PAO/TF1e-2_25x/TF1e-2_25x.rep2.bam.bai
[E::bam_parse_basemod2] 91ac75aa-2066-4f87-9e86-c95ff861da34: MM tag refers to bases beyond sequence length
[E::bam_parse_basemod2] 4f0eb229-bc5c-4871-b1cd-4c4dc07b917d: MM tag refers to bases beyond sequence length
[W::hts_idx_load3] The index file is older than the data file: /bip7_disk/pingting114/mixed_bam/COLO829_PAO/TF1e-2_25x/TF1e-2_25x.rep2.bam.bai
[E::bam_parse_basemod2] 19b666e7-310f-4bbc-848a-0fa3f17f870c: MM tag refers to bases beyond sequence length
[W::bam_next_basemod] MM tag refers to bases beyond sequence length
[W::bam_next_basemod] MM tag refers to bases beyond sequence length
[W::hts_idx_load3] The index file is older than the data file: /bip7_disk/pingting114/mixed_bam/COLO829_PAO/TF1e-2_25x/TF1e-2_25x.rep2.bam.bai
[W::hts_idx_load3] The index file is older than the data file: /bip7_disk/pingting114/mixed_bam/COLO829_PAO/TF1e-2_25x/TF1e-2_25x.rep2.bam.bai
[W::hts_idx_load3] The index file is older than the data file: /bip7_disk/pingting114/mixed_bam/COLO829_PAO/TF1e-2_25x/TF1e-2_25x.rep2.bam.bai
[W::hts_idx_load3] The index file is older than the data file: /bip7_disk/pingting114/mixed_bam/COLO829_PAO/TF1e-2_25x/TF1e-2_25x.rep2.bam.bai
[E::bam_parse_basemod2] bff6be2e-3635-4ab0-a8b6-d665ed35bcde: MM tag refers to bases beyond sequence length
[W::bam_next_basemod] MM tag refers to bases beyond sequence length
[W::hts_idx_load3] The index file is older than the data file: /bip7_disk/pingting114/mixed_bam/COLO829_PAO/TF1e-2_25x/TF1e-2_25x.rep2.bam.bai
[E::bam_parse_basemod2] 36d51159-66ca-411c-b2ec-317e1b5bab7e: MM tag refers to bases beyond sequence length
[W::bam_next_basemod] MM tag refers to bases beyond sequence length
[E::bam_parse_basemod2] 4be8a0b1-6766-46e8-b01c-debac039a6c2: MM tag refers to bases beyond sequence length
[W::hts_idx_load3] The index file is older than the data file: /bip7_disk/pingting114/mixed_bam/COLO829_PAO/TF1e-2_25x/TF1e-2_25x.rep2.bam.bai
[W::hts_idx_load3] The index file is older than the data file: /bip7_disk/pingting114/mixed_bam/COLO829_PAO/TF1e-2_25x/TF1e-2_25x.rep2.bam.bai
[E::bam_parse_basemod2] b591a885-5919-45e7-b8d4-eb395bcb0e08: MM tag refers to bases beyond sequence length
[W::hts_idx_load3] The index file is older than the data file: /bip7_disk/pingting114/mixed_bam/COLO829_PAO/TF1e-2_25x/TF1e-2_25x.rep2.bam.bai
[E::bam_parse_basemod2] 81e1e587-5cd3-4955-b532-81e369da8191: MM tag refers to bases beyond sequence length
[W::hts_idx_load3] The index file is older than the data file: /bip7_disk/pingting114/mixed_bam/COLO829_PAO/TF1e-2_25x/TF1e-2_25x.rep2.bam.bai
[W::bam_next_basemod] MM tag refers to bases beyond sequence length
[W::bam_next_basemod] MM tag refers to bases beyond sequence length
[W::hts_idx_load3] The index file is older than the data file: /bip7_disk/pingting114/mixed_bam/COLO829_PAO/TF1e-2_25x/TF1e-2_25x.rep2.bam.bai
[W::hts_idx_load3] The index file is older than the data file: /bip7_disk/pingting114/mixed_bam/COLO829_PAO/TF1e-2_25x/TF1e-2_25x.rep2.bam.bai
[W::hts_idx_load3] The index file is older than the data file: /bip7_disk/pingting114/mixed_bam/COLO829_PAO/TF1e-2_25x/TF1e-2_25x.rep2.bam.bai
  TF1e-2_25x.rep2.bam cand 2000/4000
[W::hts_idx_load3] The index file is older than the data file: /bip7_disk/pingting114/mixed_bam/COLO829_PAO/TF1e-2_25x/TF1e-2_25x.rep2.bam.bai
[W::hts_idx_load3] The index file is older than the data file: /bip7_disk/pingting114/mixed_bam/COLO829_PAO/TF1e-2_25x/TF1e-2_25x.rep2.bam.bai
[W::hts_idx_load3] The index file is older than the data file: /bip7_disk/pingting114/mixed_bam/COLO829_PAO/TF1e-2_25x/TF1e-2_25x.rep2.bam.bai
[W::hts_idx_load3] The index file is older than the data file: /bip7_disk/pingting114/mixed_bam/COLO829_PAO/TF1e-2_25x/TF1e-2_25x.rep2.bam.bai
[W::bam_next_basemod] MM tag refers to bases beyond sequence length
[W::bam_next_basemod] MM tag refers to bases beyond sequence length
[W::bam_next_basemod] MM tag refers to bases beyond sequence length
[W::hts_idx_load3] The index file is older than the data file: /bip7_disk/pingting114/mixed_bam/COLO829_PAO/TF1e-2_25x/TF1e-2_25x.rep2.bam.bai
[W::hts_idx_load3] The index file is older than the data file: /bip7_disk/pingting114/mixed_bam/COLO829_PAO/TF1e-2_25x/TF1e-2_25x.rep2.bam.bai
[W::hts_idx_load3] The index file is older than the data file: /bip7_disk/pingting114/mixed_bam/COLO829_PAO/TF1e-2_25x/TF1e-2_25x.rep2.bam.bai
[W::bam_next_basemod] MM tag refers to bases beyond sequence length
[W::hts_idx_load3] The index file is older than the data file: /bip7_disk/pingting114/mixed_bam/COLO829_PAO/TF1e-2_25x/TF1e-2_25x.rep2.bam.bai
[W::hts_idx_load3] The index file is older than the data file: /bip7_disk/pingting114/mixed_bam/COLO829_PAO/TF1e-2_25x/TF1e-2_25x.rep2.bam.bai
[W::hts_idx_load3] The index file is older than the data file: /bip7_disk/pingting114/mixed_bam/COLO829_PAO/TF1e-2_25x/TF1e-2_25x.rep2.bam.bai
[W::hts_idx_load3] The index file is older than the data file: /bip7_disk/pingting114/mixed_bam/COLO829_PAO/TF1e-2_25x/TF1e-2_25x.rep2.bam.bai
[W::hts_idx_load3] The index file is older than the data file: /bip7_disk/pingting114/mixed_bam/COLO829_PAO/TF1e-2_25x/TF1e-2_25x.rep2.bam.bai
[W::hts_idx_load3] The index file is older than the data file: /bip7_disk/pingting114/mixed_bam/COLO829_PAO/TF1e-2_25x/TF1e-2_25x.rep2.bam.bai
[W::hts_idx_load3] The index file is older than the data file: /bip7_disk/pingting114/mixed_bam/COLO829_PAO/TF1e-2_25x/TF1e-2_25x.rep2.bam.bai
[W::hts_idx_load3] The index file is older than the data file: /bip7_disk/pingting114/mixed_bam/COLO829_PAO/TF1e-2_25x/TF1e-2_25x.rep2.bam.bai
[W::hts_idx_load3] The index file is older than the data file: /bip7_disk/pingting114/mixed_bam/COLO829_PAO/TF1e-2_25x/TF1e-2_25x.rep2.bam.bai
[W::bam_next_basemod] MM tag refers to bases beyond sequence length
[W::bam_next_basemod] MM tag refers to bases beyond sequence length
[W::hts_idx_load3] The index file is older than the data file: /bip7_disk/pingting114/mixed_bam/COLO829_PAO/TF1e-2_25x/TF1e-2_25x.rep2.bam.bai
[W::hts_idx_load3] The index file is older than the data file: /bip7_disk/pingting114/mixed_bam/COLO829_PAO/TF1e-2_25x/TF1e-2_25x.rep2.bam.bai
[W::hts_idx_load3] The index file is older than the data file: /bip7_disk/pingting114/mixed_bam/COLO829_PAO/TF1e-2_25x/TF1e-2_25x.rep2.bam.bai
[W::hts_idx_load3] The index file is older than the data file: /bip7_disk/pingting114/mixed_bam/COLO829_PAO/TF1e-2_25x/TF1e-2_25x.rep2.bam.bai
[W::hts_idx_load3] The index file is older than the data file: /bip7_disk/pingting114/mixed_bam/COLO829_PAO/TF1e-2_25x/TF1e-2_25x.rep2.bam.bai
[W::hts_idx_load3] The index file is older than the data file: /bip7_disk/pingting114/mixed_bam/COLO829_PAO/TF1e-2_25x/TF1e-2_25x.rep2.bam.bai
[W::bam_next_basemod] MM tag refers to bases beyond sequence length
[W::hts_idx_load3] The index file is older than the data file: /bip7_disk/pingting114/mixed_bam/COLO829_PAO/TF1e-2_25x/TF1e-2_25x.rep2.bam.bai
[W::bam_next_basemod] MM tag refers to bases beyond sequence length
[W::hts_idx_load3] The index file is older than the data file: /bip7_disk/pingting114/mixed_bam/COLO829_PAO/TF1e-2_25x/TF1e-2_25x.rep2.bam.bai
[W::hts_idx_load3] The index file is older than the data file: /bip7_disk/pingting114/mixed_bam/COLO829_PAO/TF1e-2_25x/TF1e-2_25x.rep2.bam.bai
[W::hts_idx_load3] The index file is older than the data file: /bip7_disk/pingting114/mixed_bam/COLO829_PAO/TF1e-2_25x/TF1e-2_25x.rep2.bam.bai
[W::hts_idx_load3] The index file is older than the data file: /bip7_disk/pingting114/mixed_bam/COLO829_PAO/TF1e-2_25x/TF1e-2_25x.rep2.bam.bai
[W::hts_idx_load3] The index file is older than the data file: /bip7_disk/pingting114/mixed_bam/COLO829_PAO/TF1e-2_25x/TF1e-2_25x.rep2.bam.bai
[W::hts_idx_load3] The index file is older than the data file: /bip7_disk/pingting114/mixed_bam/COLO829_PAO/TF1e-2_25x/TF1e-2_25x.rep2.bam.bai
[E::bam_parse_basemod2] 5ae4c7c3-f1ac-4201-8d10-36e8303e768d: MM tag refers to bases beyond sequence length
[W::hts_idx_load3] The index file is older than the data file: /bip7_disk/pingting114/mixed_bam/COLO829_PAO/TF1e-2_25x/TF1e-2_25x.rep2.bam.bai
[W::hts_idx_load3] The index file is older than the data file: /bip7_disk/pingting114/mixed_bam/COLO829_PAO/TF1e-2_25x/TF1e-2_25x.rep2.bam.bai
[W::hts_idx_load3] The index file is older than the data file: /bip7_disk/pingting114/mixed_bam/COLO829_PAO/TF1e-2_25x/TF1e-2_25x.rep2.bam.bai
[W::bam_next_basemod] MM tag refers to bases beyond sequence length
[E::bam_parse_basemod2] 753c247f-f150-4347-ae6b-a83c0ac9988e: MM tag refers to bases beyond sequence length
[W::hts_idx_load3] The index file is older than the data file: /bip7_disk/pingting114/mixed_bam/COLO829_PAO/TF1e-2_25x/TF1e-2_25x.rep2.bam.bai
[W::bam_next_basemod] MM tag refers to bases beyond sequence length
[W::bam_next_basemod] MM tag refers to bases beyond sequence length
[W::hts_idx_load3] The index file is older than the data file: /bip7_disk/pingting114/mixed_bam/COLO829_PAO/TF1e-2_25x/TF1e-2_25x.rep2.bam.bai
[W::hts_idx_load3] The index file is older than the data file: /bip7_disk/pingting114/mixed_bam/COLO829_PAO/TF1e-2_25x/TF1e-2_25x.rep2.bam.bai
[W::hts_idx_load3] The index file is older than the data file: /bip7_disk/pingting114/mixed_bam/COLO829_PAO/TF1e-2_25x/TF1e-2_25x.rep2.bam.bai
[W::hts_idx_load3] The index file is older than the data file: /bip7_disk/pingting114/mixed_bam/COLO829_PAO/TF1e-2_25x/TF1e-2_25x.rep2.bam.bai
[W::bam_next_basemod] MM tag refers to bases beyond sequence length
[W::hts_idx_load3] The index file is older than the data file: /bip7_disk/pingting114/mixed_bam/COLO829_PAO/TF1e-2_25x/TF1e-2_25x.rep2.bam.bai
[W::hts_idx_load3] The index file is older than the data file: /bip7_disk/pingting114/mixed_bam/COLO829_PAO/TF1e-2_25x/TF1e-2_25x.rep2.bam.bai
[W::hts_idx_load3] The index file is older than the data file: /bip7_disk/pingting114/mixed_bam/COLO829_PAO/TF1e-2_25x/TF1e-2_25x.rep2.bam.bai
[W::hts_idx_load3] The index file is older than the data file: /bip7_disk/pingting114/mixed_bam/COLO829_PAO/TF1e-2_25x/TF1e-2_25x.rep2.bam.bai
[W::bam_next_basemod] MM tag refers to bases beyond sequence length
[W::hts_idx_load3] The index file is older than the data file: /bip7_disk/pingting114/mixed_bam/COLO829_PAO/TF1e-2_25x/TF1e-2_25x.rep2.bam.bai
[W::hts_idx_load3] The index file is older than the data file: /bip7_disk/pingting114/mixed_bam/COLO829_PAO/TF1e-2_25x/TF1e-2_25x.rep2.bam.bai
[W::bam_next_basemod] MM tag refers to bases beyond sequence length
[W::hts_idx_load3] The index file is older than the data file: /bip7_disk/pingting114/mixed_bam/COLO829_PAO/TF1e-2_25x/TF1e-2_25x.rep2.bam.bai
[W::hts_idx_load3] The index file is older than the data file: /bip7_disk/pingting114/mixed_bam/COLO829_PAO/TF1e-2_25x/TF1e-2_25x.rep2.bam.bai
[W::hts_idx_load3] The index file is older than the data file: /bip7_disk/pingting114/mixed_bam/COLO829_PAO/TF1e-2_25x/TF1e-2_25x.rep2.bam.bai
[W::hts_idx_load3] The index file is older than the data file: /bip7_disk/pingting114/mixed_bam/COLO829_PAO/TF1e-2_25x/TF1e-2_25x.rep2.bam.bai
[W::hts_idx_load3] The index file is older than the data file: /bip7_disk/pingting114/mixed_bam/COLO829_PAO/TF1e-2_25x/TF1e-2_25x.rep2.bam.bai
[W::hts_idx_load3] The index file is older than the data file: /bip7_disk/pingting114/mixed_bam/COLO829_PAO/TF1e-2_25x/TF1e-2_25x.rep2.bam.bai
[W::hts_idx_load3] The index file is older than the data file: /bip7_disk/pingting114/mixed_bam/COLO829_PAO/TF1e-2_25x/TF1e-2_25x.rep2.bam.bai
[W::hts_idx_load3] The index file is older than the data file: /bip7_disk/pingting114/mixed_bam/COLO829_PAO/TF1e-2_25x/TF1e-2_25x.rep2.bam.bai
[E::bam_parse_basemod2] 06d51629-f181-4d75-b43a-0cf13aed5499: MM tag refers to bases beyond sequence length
[W::hts_idx_load3] The index file is older than the data file: /bip7_disk/pingting114/mixed_bam/COLO829_PAO/TF1e-2_25x/TF1e-2_25x.rep2.bam.bai
[W::hts_idx_load3] The index file is older than the data file: /bip7_disk/pingting114/mixed_bam/COLO829_PAO/TF1e-2_25x/TF1e-2_25x.rep2.bam.bai
[W::hts_idx_load3] The index file is older than the data file: /bip7_disk/pingting114/mixed_bam/COLO829_PAO/TF1e-2_25x/TF1e-2_25x.rep2.bam.bai
[W::bam_next_basemod] MM tag refers to bases beyond sequence length
[W::hts_idx_load3] The index file is older than the data file: /bip7_disk/pingting114/mixed_bam/COLO829_PAO/TF1e-2_25x/TF1e-2_25x.rep2.bam.bai
[W::bam_next_basemod] MM tag refers to bases beyond sequence length
[W::hts_idx_load3] The index file is older than the data file: /bip7_disk/pingting114/mixed_bam/COLO829_PAO/TF1e-2_25x/TF1e-2_25x.rep2.bam.bai
[W::hts_idx_load3] The index file is older than the data file: /bip7_disk/pingting114/mixed_bam/COLO829_PAO/TF1e-2_25x/TF1e-2_25x.rep2.bam.bai
[E::bam_parse_basemod2] 2cc7a105-dedb-4515-8158-ccdd1e361118: MM tag refers to bases beyond sequence length
[W::hts_idx_load3] The index file is older than the data file: /bip7_disk/pingting114/mixed_bam/COLO829_PAO/TF1e-2_25x/TF1e-2_25x.rep2.bam.bai
[E::bam_parse_basemod2] 75c9ec61-d4e6-4c61-b24b-0875e9530a57: MM tag refers to bases beyond sequence length
[W::hts_idx_load3] The index file is older than the data file: /bip7_disk/pingting114/mixed_bam/COLO829_PAO/TF1e-2_25x/TF1e-2_25x.rep2.bam.bai
[W::hts_idx_load3] The index file is older than the data file: /bip7_disk/pingting114/mixed_bam/COLO829_PAO/TF1e-2_25x/TF1e-2_25x.rep2.bam.bai
[W::hts_idx_load3] The index file is older than the data file: /bip7_disk/pingting114/mixed_bam/COLO829_PAO/TF1e-2_25x/TF1e-2_25x.rep2.bam.bai
[W::bam_next_basemod] MM tag refers to bases beyond sequence length
[W::hts_idx_load3] The index file is older than the data file: /bip7_disk/pingting114/mixed_bam/COLO829_PAO/TF1e-2_25x/TF1e-2_25x.rep2.bam.bai
[W::hts_idx_load3] The index file is older than the data file: /bip7_disk/pingting114/mixed_bam/COLO829_PAO/TF1e-2_25x/TF1e-2_25x.rep2.bam.bai
[W::hts_idx_load3] The index file is older than the data file: /bip7_disk/pingting114/mixed_bam/COLO829_PAO/TF1e-2_25x/TF1e-2_25x.rep2.bam.bai
[W::hts_idx_load3] The index file is older than the data file: /bip7_disk/pingting114/mixed_bam/COLO829_PAO/TF1e-2_25x/TF1e-2_25x.rep2.bam.bai
[W::hts_idx_load3] The index file is older than the data file: /bip7_disk/pingting114/mixed_bam/COLO829_PAO/TF1e-2_25x/TF1e-2_25x.rep2.bam.bai
[W::hts_idx_load3] The index file is older than the data file: /bip7_disk/pingting114/mixed_bam/COLO829_PAO/TF1e-2_25x/TF1e-2_25x.rep2.bam.bai
[W::bam_next_basemod] MM tag refers to bases beyond sequence length
[W::hts_idx_load3] The index file is older than the data file: /bip7_disk/pingting114/mixed_bam/COLO829_PAO/TF1e-2_25x/TF1e-2_25x.rep2.bam.bai
[W::bam_next_basemod] MM tag refers to bases beyond sequence length
[W::hts_idx_load3] The index file is older than the data file: /bip7_disk/pingting114/mixed_bam/COLO829_PAO/TF1e-2_25x/TF1e-2_25x.rep2.bam.bai
[W::bam_next_basemod] MM tag refers to bases beyond sequence length
[W::hts_idx_load3] The index file is older than the data file: /bip7_disk/pingting114/mixed_bam/COLO829_PAO/TF1e-2_25x/TF1e-2_25x.rep2.bam.bai
[W::hts_idx_load3] The index file is older than the data file: /bip7_disk/pingting114/mixed_bam/COLO829_PAO/TF1e-2_25x/TF1e-2_25x.rep2.bam.bai
[W::hts_idx_load3] The index file is older than the data file: /bip7_disk/pingting114/mixed_bam/COLO829_PAO/TF1e-2_25x/TF1e-2_25x.rep2.bam.bai
[W::hts_idx_load3] The index file is older than the data file: /bip7_disk/pingting114/mixed_bam/COLO829_PAO/TF1e-2_25x/TF1e-2_25x.rep2.bam.bai
[W::hts_idx_load3] The index file is older than the data file: /bip7_disk/pingting114/mixed_bam/COLO829_PAO/TF1e-2_25x/TF1e-2_25x.rep2.bam.bai
[W::hts_idx_load3] The index file is older than the data file: /bip7_disk/pingting114/mixed_bam/COLO829_PAO/TF1e-2_25x/TF1e-2_25x.rep2.bam.bai
[W::hts_idx_load3] The index file is older than the data file: /bip7_disk/pingting114/mixed_bam/COLO829_PAO/TF1e-2_25x/TF1e-2_25x.rep2.bam.bai
[W::hts_idx_load3] The index file is older than the data file: /bip7_disk/pingting114/mixed_bam/COLO829_PAO/TF1e-2_25x/TF1e-2_25x.rep2.bam.bai
[W::hts_idx_load3] The index file is older than the data file: /bip7_disk/pingting114/mixed_bam/COLO829_PAO/TF1e-2_25x/TF1e-2_25x.rep2.bam.bai
[W::bam_next_basemod] MM tag refers to bases beyond sequence length
[W::hts_idx_load3] The index file is older than the data file: /bip7_disk/pingting114/mixed_bam/COLO829_PAO/TF1e-2_25x/TF1e-2_25x.rep2.bam.bai
[W::hts_idx_load3] The index file is older than the data file: /bip7_disk/pingting114/mixed_bam/COLO829_PAO/TF1e-2_25x/TF1e-2_25x.rep2.bam.bai
[W::hts_idx_load3] The index file is older than the data file: /bip7_disk/pingting114/mixed_bam/COLO829_PAO/TF1e-2_25x/TF1e-2_25x.rep2.bam.bai
[W::hts_idx_load3] The index file is older than the data file: /bip7_disk/pingting114/mixed_bam/COLO829_PAO/TF1e-2_25x/TF1e-2_25x.rep2.bam.bai
[W::hts_idx_load3] The index file is older than the data file: /bip7_disk/pingting114/mixed_bam/COLO829_PAO/TF1e-2_25x/TF1e-2_25x.rep2.bam.bai
[W::bam_next_basemod] MM tag refers to bases beyond sequence length
[E::bam_parse_basemod2] db0bd311-2c38-4f8a-bdb1-ae8d1c671c33: MM tag refers to bases beyond sequence length
[W::hts_idx_load3] The index file is older than the data file: /bip7_disk/pingting114/mixed_bam/COLO829_PAO/TF1e-2_25x/TF1e-2_25x.rep2.bam.bai
[W::bam_next_basemod] MM tag refers to bases beyond sequence length
[W::hts_idx_load3] The index file is older than the data file: /bip7_disk/pingting114/mixed_bam/COLO829_PAO/TF1e-2_25x/TF1e-2_25x.rep2.bam.bai
[W::bam_next_basemod] MM tag refers to bases beyond sequence length
[W::hts_idx_load3] The index file is older than the data file: /bip7_disk/pingting114/mixed_bam/COLO829_PAO/TF1e-2_25x/TF1e-2_25x.rep2.bam.bai
[W::hts_idx_load3] The index file is older than the data file: /bip7_disk/pingting114/mixed_bam/COLO829_PAO/TF1e-2_25x/TF1e-2_25x.rep2.bam.bai
[W::hts_idx_load3] The index file is older than the data file: /bip7_disk/pingting114/mixed_bam/COLO829_PAO/TF1e-2_25x/TF1e-2_25x.rep2.bam.bai
[W::bam_next_basemod] MM tag refers to bases beyond sequence length
[W::bam_next_basemod] MM tag refers to bases beyond sequence length
[W::hts_idx_load3] The index file is older than the data file: /bip7_disk/pingting114/mixed_bam/COLO829_PAO/TF1e-2_25x/TF1e-2_25x.rep2.bam.bai
[W::hts_idx_load3] The index file is older than the data file: /bip7_disk/pingting114/mixed_bam/COLO829_PAO/TF1e-2_25x/TF1e-2_25x.rep2.bam.bai
[W::hts_idx_load3] The index file is older than the data file: /bip7_disk/pingting114/mixed_bam/COLO829_PAO/TF1e-2_25x/TF1e-2_25x.rep2.bam.bai
[W::hts_idx_load3] The index file is older than the data file: /bip7_disk/pingting114/mixed_bam/COLO829_PAO/TF1e-2_25x/TF1e-2_25x.rep2.bam.bai
[W::bam_next_basemod] MM tag refers to bases beyond sequence length
[W::hts_idx_load3] The index file is older than the data file: /bip7_disk/pingting114/mixed_bam/COLO829_PAO/TF1e-2_25x/TF1e-2_25x.rep2.bam.bai
[W::hts_idx_load3] The index file is older than the data file: /bip7_disk/pingting114/mixed_bam/COLO829_PAO/TF1e-2_25x/TF1e-2_25x.rep2.bam.bai
[W::hts_idx_load3] The index file is older than the data file: /bip7_disk/pingting114/mixed_bam/COLO829_PAO/TF1e-2_25x/TF1e-2_25x.rep2.bam.bai
[W::hts_idx_load3] The index file is older than the data file: /bip7_disk/pingting114/mixed_bam/COLO829_PAO/TF1e-2_25x/TF1e-2_25x.rep2.bam.bai
[W::bam_next_basemod] MM tag refers to bases beyond sequence length
[E::bam_parse_basemod2] 203ffe4b-af4a-4db1-9b46-0f5206249d87: MM tag refers to bases beyond sequence length
[W::hts_idx_load3] The index file is older than the data file: /bip7_disk/pingting114/mixed_bam/COLO829_PAO/TF1e-2_25x/TF1e-2_25x.rep2.bam.bai
[W::bam_next_basemod] MM tag refers to bases beyond sequence length
[W::hts_idx_load3] The index file is older than the data file: /bip7_disk/pingting114/mixed_bam/COLO829_PAO/TF1e-2_25x/TF1e-2_25x.rep2.bam.bai
[W::bam_next_basemod] MM tag refers to bases beyond sequence length
[W::hts_idx_load3] The index file is older than the data file: /bip7_disk/pingting114/mixed_bam/COLO829_PAO/TF1e-2_25x/TF1e-2_25x.rep2.bam.bai
[E::bam_parse_basemod2] 60884371-2cc9-474c-a66c-16eff7c41332: MM tag refers to bases beyond sequence length
[W::bam_next_basemod] MM tag refers to bases beyond sequence length
[W::hts_idx_load3] The index file is older than the data file: /bip7_disk/pingting114/mixed_bam/COLO829_PAO/TF1e-2_25x/TF1e-2_25x.rep2.bam.bai
[W::hts_idx_load3] The index file is older than the data file: /bip7_disk/pingting114/mixed_bam/COLO829_PAO/TF1e-2_25x/TF1e-2_25x.rep2.bam.bai
[W::hts_idx_load3] The index file is older than the data file: /bip7_disk/pingting114/mixed_bam/COLO829_PAO/TF1e-2_25x/TF1e-2_25x.rep2.bam.bai
[W::hts_idx_load3] The index file is older than the data file: /bip7_disk/pingting114/mixed_bam/COLO829_PAO/TF1e-2_25x/TF1e-2_25x.rep2.bam.bai
[W::hts_idx_load3] The index file is older than the data file: /bip7_disk/pingting114/mixed_bam/COLO829_PAO/TF1e-2_25x/TF1e-2_25x.rep2.bam.bai
[W::hts_idx_load3] The index file is older than the data file: /bip7_disk/pingting114/mixed_bam/COLO829_PAO/TF1e-2_25x/TF1e-2_25x.rep2.bam.bai
[W::bam_next_basemod] MM tag refers to bases beyond sequence length
[W::hts_idx_load3] The index file is older than the data file: /bip7_disk/pingting114/mixed_bam/COLO829_PAO/TF1e-2_25x/TF1e-2_25x.rep2.bam.bai
[W::hts_idx_load3] The index file is older than the data file: /bip7_disk/pingting114/mixed_bam/COLO829_PAO/TF1e-2_25x/TF1e-2_25x.rep2.bam.bai
[E::bam_parse_basemod2] a372fcfb-4d33-41f5-812c-2a368ba6a7f3: MM tag refers to bases beyond sequence length
[W::hts_idx_load3] The index file is older than the data file: /bip7_disk/pingting114/mixed_bam/COLO829_PAO/TF1e-2_25x/TF1e-2_25x.rep2.bam.bai
[W::hts_idx_load3] The index file is older than the data file: /bip7_disk/pingting114/mixed_bam/COLO829_PAO/TF1e-2_25x/TF1e-2_25x.rep2.bam.bai
[E::bam_parse_basemod2] 837b17f7-baba-45e3-9afe-b88e80ed6930: MM tag refers to bases beyond sequence length
[W::hts_idx_load3] The index file is older than the data file: /bip7_disk/pingting114/mixed_bam/COLO829_PAO/TF1e-2_25x/TF1e-2_25x.rep2.bam.bai
[E::bam_parse_basemod2] 01b75000-b1b5-4b3d-970a-3a1383ba34f7: MM tag refers to bases beyond sequence length
[W::hts_idx_load3] The index file is older than the data file: /bip7_disk/pingting114/mixed_bam/COLO829_PAO/TF1e-2_25x/TF1e-2_25x.rep2.bam.bai
[W::hts_idx_load3] The index file is older than the data file: /bip7_disk/pingting114/mixed_bam/COLO829_PAO/TF1e-2_25x/TF1e-2_25x.rep2.bam.bai
[W::hts_idx_load3] The index file is older than the data file: /bip7_disk/pingting114/mixed_bam/COLO829_PAO/TF1e-2_25x/TF1e-2_25x.rep2.bam.bai
[W::hts_idx_load3] The index file is older than the data file: /bip7_disk/pingting114/mixed_bam/COLO829_PAO/TF1e-2_25x/TF1e-2_25x.rep2.bam.bai
[W::hts_idx_load3] The index file is older than the data file: /bip7_disk/pingting114/mixed_bam/COLO829_PAO/TF1e-2_25x/TF1e-2_25x.rep2.bam.bai
[W::bam_next_basemod] MM tag refers to bases beyond sequence length
[W::hts_idx_load3] The index file is older than the data file: /bip7_disk/pingting114/mixed_bam/COLO829_PAO/TF1e-2_25x/TF1e-2_25x.rep2.bam.bai
[W::hts_idx_load3] The index file is older than the data file: /bip7_disk/pingting114/mixed_bam/COLO829_PAO/TF1e-2_25x/TF1e-2_25x.rep2.bam.bai
[W::hts_idx_load3] The index file is older than the data file: /bip7_disk/pingting114/mixed_bam/COLO829_PAO/TF1e-2_25x/TF1e-2_25x.rep2.bam.bai
[W::hts_idx_load3] The index file is older than the data file: /bip7_disk/pingting114/mixed_bam/COLO829_PAO/TF1e-2_25x/TF1e-2_25x.rep2.bam.bai
[E::bam_parse_basemod2] 57850534-097e-4b8b-a60f-f2ff1754d31e: MM tag refers to bases beyond sequence length
[W::hts_idx_load3] The index file is older than the data file: /bip7_disk/pingting114/mixed_bam/COLO829_PAO/TF1e-2_25x/TF1e-2_25x.rep2.bam.bai
[W::bam_next_basemod] MM tag refers to bases beyond sequence length
[W::hts_idx_load3] The index file is older than the data file: /bip7_disk/pingting114/mixed_bam/COLO829_PAO/TF1e-2_25x/TF1e-2_25x.rep2.bam.bai
[W::hts_idx_load3] The index file is older than the data file: /bip7_disk/pingting114/mixed_bam/COLO829_PAO/TF1e-2_25x/TF1e-2_25x.rep2.bam.bai
[E::bam_parse_basemod2] 269daaf7-3b8c-4c67-bebb-46221a914def: MM tag refers to bases beyond sequence length
[W::hts_idx_load3] The index file is older than the data file: /bip7_disk/pingting114/mixed_bam/COLO829_PAO/TF1e-2_25x/TF1e-2_25x.rep2.bam.bai
[W::hts_idx_load3] The index file is older than the data file: /bip7_disk/pingting114/mixed_bam/COLO829_PAO/TF1e-2_25x/TF1e-2_25x.rep2.bam.bai
[W::hts_idx_load3] The index file is older than the data file: /bip7_disk/pingting114/mixed_bam/COLO829_PAO/TF1e-2_25x/TF1e-2_25x.rep2.bam.bai
[W::bam_next_basemod] MM tag refers to bases beyond sequence length
[E::bam_parse_basemod2] 12c9cd2d-7d60-42f1-9e53-127d39879734: MM tag refers to bases beyond sequence length
[E::bam_parse_basemod2] 545c7f3b-a607-475b-b453-494806d17ae6: MM tag refers to bases beyond sequence length
[W::hts_idx_load3] The index file is older than the data file: /bip7_disk/pingting114/mixed_bam/COLO829_PAO/TF1e-2_25x/TF1e-2_25x.rep2.bam.bai
[W::hts_idx_load3] The index file is older than the data file: /bip7_disk/pingting114/mixed_bam/COLO829_PAO/TF1e-2_25x/TF1e-2_25x.rep2.bam.bai
[W::hts_idx_load3] The index file is older than the data file: /bip7_disk/pingting114/mixed_bam/COLO829_PAO/TF1e-2_25x/TF1e-2_25x.rep2.bam.bai
[W::hts_idx_load3] The index file is older than the data file: /bip7_disk/pingting114/mixed_bam/COLO829_PAO/TF1e-2_25x/TF1e-2_25x.rep2.bam.bai
[W::hts_idx_load3] The index file is older than the data file: /bip7_disk/pingting114/mixed_bam/COLO829_PAO/TF1e-2_25x/TF1e-2_25x.rep2.bam.bai
[W::hts_idx_load3] The index file is older than the data file: /bip7_disk/pingting114/mixed_bam/COLO829_PAO/TF1e-2_25x/TF1e-2_25x.rep2.bam.bai
[W::hts_idx_load3] The index file is older than the data file: /bip7_disk/pingting114/mixed_bam/COLO829_PAO/TF1e-2_25x/TF1e-2_25x.rep2.bam.bai
[W::hts_idx_load3] The index file is older than the data file: /bip7_disk/pingting114/mixed_bam/COLO829_PAO/TF1e-2_25x/TF1e-2_25x.rep2.bam.bai
[W::hts_idx_load3] The index file is older than the data file: /bip7_disk/pingting114/mixed_bam/COLO829_PAO/TF1e-2_25x/TF1e-2_25x.rep2.bam.bai
[W::hts_idx_load3] The index file is older than the data file: /bip7_disk/pingting114/mixed_bam/COLO829_PAO/TF1e-2_25x/TF1e-2_25x.rep2.bam.bai
[W::hts_idx_load3] The index file is older than the data file: /bip7_disk/pingting114/mixed_bam/COLO829_PAO/TF1e-2_25x/TF1e-2_25x.rep2.bam.bai
[W::bam_next_basemod] MM tag refers to bases beyond sequence length
[W::hts_idx_load3] The index file is older than the data file: /bip7_disk/pingting114/mixed_bam/COLO829_PAO/TF1e-2_25x/TF1e-2_25x.rep2.bam.bai
[W::hts_idx_load3] The index file is older than the data file: /bip7_disk/pingting114/mixed_bam/COLO829_PAO/TF1e-2_25x/TF1e-2_25x.rep2.bam.bai
[W::hts_idx_load3] The index file is older than the data file: /bip7_disk/pingting114/mixed_bam/COLO829_PAO/TF1e-2_25x/TF1e-2_25x.rep2.bam.bai
[W::hts_idx_load3] The index file is older than the data file: /bip7_disk/pingting114/mixed_bam/COLO829_PAO/TF1e-2_25x/TF1e-2_25x.rep2.bam.bai
[W::hts_idx_load3] The index file is older than the data file: /bip7_disk/pingting114/mixed_bam/COLO829_PAO/TF1e-2_25x/TF1e-2_25x.rep2.bam.bai
[W::hts_idx_load3] The index file is older than the data file: /bip7_disk/pingting114/mixed_bam/COLO829_PAO/TF1e-2_25x/TF1e-2_25x.rep2.bam.bai
[W::bam_next_basemod] MM tag refers to bases beyond sequence length
[W::hts_idx_load3] The index file is older than the data file: /bip7_disk/pingting114/mixed_bam/COLO829_PAO/TF1e-2_25x/TF1e-2_25x.rep2.bam.bai
[W::hts_idx_load3] The index file is older than the data file: /bip7_disk/pingting114/mixed_bam/COLO829_PAO/TF1e-2_25x/TF1e-2_25x.rep2.bam.bai
[W::bam_next_basemod] MM tag refers to bases beyond sequence length
[W::hts_idx_load3] The index file is older than the data file: /bip7_disk/pingting114/mixed_bam/COLO829_PAO/TF1e-2_25x/TF1e-2_25x.rep2.bam.bai
[W::hts_idx_load3] The index file is older than the data file: /bip7_disk/pingting114/mixed_bam/COLO829_PAO/TF1e-2_25x/TF1e-2_25x.rep2.bam.bai
[W::bam_next_basemod] MM tag refers to bases beyond sequence length
[E::bam_parse_basemod2] 93c5175b-88c4-43b5-a5d8-b0357b1c3665: MM tag refers to bases beyond sequence length
[W::hts_idx_load3] The index file is older than the data file: /bip7_disk/pingting114/mixed_bam/COLO829_PAO/TF1e-2_25x/TF1e-2_25x.rep2.bam.bai
[W::hts_idx_load3] The index file is older than the data file: /bip7_disk/pingting114/mixed_bam/COLO829_PAO/TF1e-2_25x/TF1e-2_25x.rep2.bam.bai
[W::hts_idx_load3] The index file is older than the data file: /bip7_disk/pingting114/mixed_bam/COLO829_PAO/TF1e-2_25x/TF1e-2_25x.rep2.bam.bai
[W::hts_idx_load3] The index file is older than the data file: /bip7_disk/pingting114/mixed_bam/COLO829_PAO/TF1e-2_25x/TF1e-2_25x.rep2.bam.bai
[W::hts_idx_load3] The index file is older than the data file: /bip7_disk/pingting114/mixed_bam/COLO829_PAO/TF1e-2_25x/TF1e-2_25x.rep2.bam.bai
[W::hts_idx_load3] The index file is older than the data file: /bip7_disk/pingting114/mixed_bam/COLO829_PAO/TF1e-2_25x/TF1e-2_25x.rep2.bam.bai
[E::bam_parse_basemod2] cb15d8cf-330a-4902-987a-2033302b1519: MM tag refers to bases beyond sequence length
[W::hts_idx_load3] The index file is older than the data file: /bip7_disk/pingting114/mixed_bam/COLO829_PAO/TF1e-2_25x/TF1e-2_25x.rep2.bam.bai
[W::hts_idx_load3] The index file is older than the data file: /bip7_disk/pingting114/mixed_bam/COLO829_PAO/TF1e-2_25x/TF1e-2_25x.rep2.bam.bai
[W::bam_next_basemod] MM tag refers to bases beyond sequence length
[W::hts_idx_load3] The index file is older than the data file: /bip7_disk/pingting114/mixed_bam/COLO829_PAO/TF1e-2_25x/TF1e-2_25x.rep2.bam.bai
[W::hts_idx_load3] The index file is older than the data file: /bip7_disk/pingting114/mixed_bam/COLO829_PAO/TF1e-2_25x/TF1e-2_25x.rep2.bam.bai
[W::hts_idx_load3] The index file is older than the data file: /bip7_disk/pingting114/mixed_bam/COLO829_PAO/TF1e-2_25x/TF1e-2_25x.rep2.bam.bai
[W::hts_idx_load3] The index file is older than the data file: /bip7_disk/pingting114/mixed_bam/COLO829_PAO/TF1e-2_25x/TF1e-2_25x.rep2.bam.bai
[W::hts_idx_load3] The index file is older than the data file: /bip7_disk/pingting114/mixed_bam/COLO829_PAO/TF1e-2_25x/TF1e-2_25x.rep2.bam.bai
[E::bam_parse_basemod2] 186a4407-1cc9-43b8-8b26-00885524389c: MM tag refers to bases beyond sequence length
[W::hts_idx_load3] The index file is older than the data file: /bip7_disk/pingting114/mixed_bam/COLO829_PAO/TF1e-2_25x/TF1e-2_25x.rep2.bam.bai
[W::hts_idx_load3] The index file is older than the data file: /bip7_disk/pingting114/mixed_bam/COLO829_PAO/TF1e-2_25x/TF1e-2_25x.rep2.bam.bai
[E::bam_parse_basemod2] fe80db3b-5521-4c84-b897-6ff97dbfe135: MM tag refers to bases beyond sequence length
[W::bam_next_basemod] MM tag refers to bases beyond sequence length
[W::hts_idx_load3] The index file is older than the data file: /bip7_disk/pingting114/mixed_bam/COLO829_PAO/TF1e-2_25x/TF1e-2_25x.rep2.bam.bai
[E::bam_parse_basemod2] 927fcd68-4894-419f-86ac-55689b58978c: MM tag refers to bases beyond sequence length
[W::hts_idx_load3] The index file is older than the data file: /bip7_disk/pingting114/mixed_bam/COLO829_PAO/TF1e-2_25x/TF1e-2_25x.rep2.bam.bai
[E::bam_parse_basemod2] 213d4ce7-9b14-4bf1-a546-6f2bdd627e5f: MM tag refers to bases beyond sequence length
[W::hts_idx_load3] The index file is older than the data file: /bip7_disk/pingting114/mixed_bam/COLO829_PAO/TF1e-2_25x/TF1e-2_25x.rep2.bam.bai
[W::bam_next_basemod] MM tag refers to bases beyond sequence length
[W::hts_idx_load3] The index file is older than the data file: /bip7_disk/pingting114/mixed_bam/COLO829_PAO/TF1e-2_25x/TF1e-2_25x.rep2.bam.bai
[W::hts_idx_load3] The index file is older than the data file: /bip7_disk/pingting114/mixed_bam/COLO829_PAO/TF1e-2_25x/TF1e-2_25x.rep2.bam.bai
[E::bam_parse_basemod2] f14f43a8-ba73-40a0-90af-256223f0a26f: MM tag refers to bases beyond sequence length
[W::hts_idx_load3] The index file is older than the data file: /bip7_disk/pingting114/mixed_bam/COLO829_PAO/TF1e-2_25x/TF1e-2_25x.rep2.bam.bai
[W::hts_idx_load3] The index file is older than the data file: /bip7_disk/pingting114/mixed_bam/COLO829_PAO/TF1e-2_25x/TF1e-2_25x.rep2.bam.bai
[W::hts_idx_load3] The index file is older than the data file: /bip7_disk/pingting114/mixed_bam/COLO829_PAO/TF1e-2_25x/TF1e-2_25x.rep2.bam.bai
[E::bam_parse_basemod2] c187e46b-872d-4842-a733-1efb9b409b6c: MM tag refers to bases beyond sequence length
[W::hts_idx_load3] The index file is older than the data file: /bip7_disk/pingting114/mixed_bam/COLO829_PAO/TF1e-2_25x/TF1e-2_25x.rep2.bam.bai
[W::bam_next_basemod] MM tag refers to bases beyond sequence length
[W::hts_idx_load3] The index file is older than the data file: /bip7_disk/pingting114/mixed_bam/COLO829_PAO/TF1e-2_25x/TF1e-2_25x.rep2.bam.bai
[E::bam_parse_basemod2] d844b37a-67fa-4cb8-bbcd-7cbfb17ac62c: MM tag refers to bases beyond sequence length
[W::hts_idx_load3] The index file is older than the data file: /bip7_disk/pingting114/mixed_bam/COLO829_PAO/TF1e-2_25x/TF1e-2_25x.rep2.bam.bai
[W::hts_idx_load3] The index file is older than the data file: /bip7_disk/pingting114/mixed_bam/COLO829_PAO/TF1e-2_25x/TF1e-2_25x.rep2.bam.bai
[W::hts_idx_load3] The index file is older than the data file: /bip7_disk/pingting114/mixed_bam/COLO829_PAO/TF1e-2_25x/TF1e-2_25x.rep2.bam.bai
[W::hts_idx_load3] The index file is older than the data file: /bip7_disk/pingting114/mixed_bam/COLO829_PAO/TF1e-2_25x/TF1e-2_25x.rep2.bam.bai
[W::bam_next_basemod] MM tag refers to bases beyond sequence length
[E::bam_parse_basemod2] d95855d1-7b5d-4494-bd2b-5570ca32eafc: MM tag refers to bases beyond sequence length
[E::bam_parse_basemod2] 85f9e1ba-cfb8-47f4-86f2-f2ac7286d447: MM tag refers to bases beyond sequence length
[W::hts_idx_load3] The index file is older than the data file: /bip7_disk/pingting114/mixed_bam/COLO829_PAO/TF1e-2_25x/TF1e-2_25x.rep2.bam.bai
[W::bam_next_basemod] MM tag refers to bases beyond sequence length
[W::bam_next_basemod] MM tag refers to bases beyond sequence length
[W::hts_idx_load3] The index file is older than the data file: /bip7_disk/pingting114/mixed_bam/COLO829_PAO/TF1e-2_25x/TF1e-2_25x.rep2.bam.bai
[W::bam_next_basemod] MM tag refers to bases beyond sequence length
[W::hts_idx_load3] The index file is older than the data file: /bip7_disk/pingting114/mixed_bam/COLO829_PAO/TF1e-2_25x/TF1e-2_25x.rep2.bam.bai
[W::bam_next_basemod] MM tag refers to bases beyond sequence length
[W::bam_next_basemod] MM tag refers to bases beyond sequence length
[W::hts_idx_load3] The index file is older than the data file: /bip7_disk/pingting114/mixed_bam/COLO829_PAO/TF1e-2_25x/TF1e-2_25x.rep2.bam.bai
[W::hts_idx_load3] The index file is older than the data file: /bip7_disk/pingting114/mixed_bam/COLO829_PAO/TF1e-2_25x/TF1e-2_25x.rep2.bam.bai
[W::hts_idx_load3] The index file is older than the data file: /bip7_disk/pingting114/mixed_bam/COLO829_PAO/TF1e-2_25x/TF1e-2_25x.rep2.bam.bai
[W::bam_next_basemod] MM tag refers to bases beyond sequence length
[W::hts_idx_load3] The index file is older than the data file: /bip7_disk/pingting114/mixed_bam/COLO829_PAO/TF1e-2_25x/TF1e-2_25x.rep2.bam.bai
[W::bam_next_basemod] MM tag refers to bases beyond sequence length
[W::hts_idx_load3] The index file is older than the data file: /bip7_disk/pingting114/mixed_bam/COLO829_PAO/TF1e-2_25x/TF1e-2_25x.rep2.bam.bai
[W::hts_idx_load3] The index file is older than the data file: /bip7_disk/pingting114/mixed_bam/COLO829_PAO/TF1e-2_25x/TF1e-2_25x.rep2.bam.bai
[W::hts_idx_load3] The index file is older than the data file: /bip7_disk/pingting114/mixed_bam/COLO829_PAO/TF1e-2_25x/TF1e-2_25x.rep2.bam.bai
[W::bam_next_basemod] MM tag refers to bases beyond sequence length
[W::bam_next_basemod] MM tag refers to bases beyond sequence length
[W::bam_next_basemod] MM tag refers to bases beyond sequence length
[E::bam_parse_basemod2] c3360532-ca56-4e72-b425-d20de6a07244: MM tag refers to bases beyond sequence length
[W::hts_idx_load3] The index file is older than the data file: /bip7_disk/pingting114/mixed_bam/COLO829_PAO/TF1e-2_25x/TF1e-2_25x.rep2.bam.bai
[W::hts_idx_load3] The index file is older than the data file: /bip7_disk/pingting114/mixed_bam/COLO829_PAO/TF1e-2_25x/TF1e-2_25x.rep2.bam.bai
[W::hts_idx_load3] The index file is older than the data file: /bip7_disk/pingting114/mixed_bam/COLO829_PAO/TF1e-2_25x/TF1e-2_25x.rep2.bam.bai
[W::hts_idx_load3] The index file is older than the data file: /bip7_disk/pingting114/mixed_bam/COLO829_PAO/TF1e-2_25x/TF1e-2_25x.rep2.bam.bai
[W::hts_idx_load3] The index file is older than the data file: /bip7_disk/pingting114/mixed_bam/COLO829_PAO/TF1e-2_25x/TF1e-2_25x.rep2.bam.bai
[W::bam_next_basemod] MM tag refers to bases beyond sequence length
[W::hts_idx_load3] The index file is older than the data file: /bip7_disk/pingting114/mixed_bam/COLO829_PAO/TF1e-2_25x/TF1e-2_25x.rep2.bam.bai
[W::hts_idx_load3] The index file is older than the data file: /bip7_disk/pingting114/mixed_bam/COLO829_PAO/TF1e-2_25x/TF1e-2_25x.rep2.bam.bai
[W::hts_idx_load3] The index file is older than the data file: /bip7_disk/pingting114/mixed_bam/COLO829_PAO/TF1e-2_25x/TF1e-2_25x.rep2.bam.bai
[W::bam_next_basemod] MM tag refers to bases beyond sequence length
[W::bam_next_basemod] MM tag refers to bases beyond sequence length
[W::hts_idx_load3] The index file is older than the data file: /bip7_disk/pingting114/mixed_bam/COLO829_PAO/TF1e-2_25x/TF1e-2_25x.rep2.bam.bai
[W::hts_idx_load3] The index file is older than the data file: /bip7_disk/pingting114/mixed_bam/COLO829_PAO/TF1e-2_25x/TF1e-2_25x.rep2.bam.bai
[W::hts_idx_load3] The index file is older than the data file: /bip7_disk/pingting114/mixed_bam/COLO829_PAO/TF1e-2_25x/TF1e-2_25x.rep2.bam.bai
[W::hts_idx_load3] The index file is older than the data file: /bip7_disk/pingting114/mixed_bam/COLO829_PAO/TF1e-2_25x/TF1e-2_25x.rep2.bam.bai
[W::bam_next_basemod] MM tag refers to bases beyond sequence length
[W::hts_idx_load3] The index file is older than the data file: /bip7_disk/pingting114/mixed_bam/COLO829_PAO/TF1e-2_25x/TF1e-2_25x.rep2.bam.bai
[E::bam_parse_basemod2] be03486a-eb7a-48e9-a558-f7a011deb9d5: MM tag refers to bases beyond sequence length
[W::bam_next_basemod] MM tag refers to bases beyond sequence length
[E::bam_parse_basemod2] fea11396-79a6-4b5a-8104-5a50a32f0e48: MM tag refers to bases beyond sequence length
[W::hts_idx_load3] The index file is older than the data file: /bip7_disk/pingting114/mixed_bam/COLO829_PAO/TF1e-2_25x/TF1e-2_25x.rep2.bam.bai
[W::hts_idx_load3] The index file is older than the data file: /bip7_disk/pingting114/mixed_bam/COLO829_PAO/TF1e-2_25x/TF1e-2_25x.rep2.bam.bai
[W::bam_next_basemod] MM tag refers to bases beyond sequence length
[W::bam_next_basemod] MM tag refers to bases beyond sequence length
[W::hts_idx_load3] The index file is older than the data file: /bip7_disk/pingting114/mixed_bam/COLO829_PAO/TF1e-2_25x/TF1e-2_25x.rep2.bam.bai
[W::bam_next_basemod] MM tag refers to bases beyond sequence length
[W::hts_idx_load3] The index file is older than the data file: /bip7_disk/pingting114/mixed_bam/COLO829_PAO/TF1e-2_25x/TF1e-2_25x.rep2.bam.bai
[W::bam_next_basemod] MM tag refers to bases beyond sequence length
[W::hts_idx_load3] The index file is older than the data file: /bip7_disk/pingting114/mixed_bam/COLO829_PAO/TF1e-2_25x/TF1e-2_25x.rep2.bam.bai
[W::hts_idx_load3] The index file is older than the data file: /bip7_disk/pingting114/mixed_bam/COLO829_PAO/TF1e-2_25x/TF1e-2_25x.rep2.bam.bai
[W::bam_next_basemod] MM tag refers to bases beyond sequence length
[W::hts_idx_load3] The index file is older than the data file: /bip7_disk/pingting114/mixed_bam/COLO829_PAO/TF1e-2_25x/TF1e-2_25x.rep2.bam.bai
[W::hts_idx_load3] The index file is older than the data file: /bip7_disk/pingting114/mixed_bam/COLO829_PAO/TF1e-2_25x/TF1e-2_25x.rep2.bam.bai
[W::hts_idx_load3] The index file is older than the data file: /bip7_disk/pingting114/mixed_bam/COLO829_PAO/TF1e-2_25x/TF1e-2_25x.rep2.bam.bai
[W::hts_idx_load3] The index file is older than the data file: /bip7_disk/pingting114/mixed_bam/COLO829_PAO/TF1e-2_25x/TF1e-2_25x.rep2.bam.bai
[W::hts_idx_load3] The index file is older than the data file: /bip7_disk/pingting114/mixed_bam/COLO829_PAO/TF1e-2_25x/TF1e-2_25x.rep2.bam.bai
[W::hts_idx_load3] The index file is older than the data file: /bip7_disk/pingting114/mixed_bam/COLO829_PAO/TF1e-2_25x/TF1e-2_25x.rep2.bam.bai
[W::hts_idx_load3] The index file is older than the data file: /bip7_disk/pingting114/mixed_bam/COLO829_PAO/TF1e-2_25x/TF1e-2_25x.rep2.bam.bai
[W::bam_next_basemod] MM tag refers to bases beyond sequence length
[W::hts_idx_load3] The index file is older than the data file: /bip7_disk/pingting114/mixed_bam/COLO829_PAO/TF1e-2_25x/TF1e-2_25x.rep2.bam.bai
[W::bam_next_basemod] MM tag refers to bases beyond sequence length
[W::hts_idx_load3] The index file is older than the data file: /bip7_disk/pingting114/mixed_bam/COLO829_PAO/TF1e-2_25x/TF1e-2_25x.rep2.bam.bai
[E::bam_parse_basemod2] 23903d54-c558-49a5-b467-9b4f2dd3b62d: MM tag refers to bases beyond sequence length
[W::hts_idx_load3] The index file is older than the data file: /bip7_disk/pingting114/mixed_bam/COLO829_PAO/TF1e-2_25x/TF1e-2_25x.rep2.bam.bai
[W::hts_idx_load3] The index file is older than the data file: /bip7_disk/pingting114/mixed_bam/COLO829_PAO/TF1e-2_25x/TF1e-2_25x.rep2.bam.bai
[W::hts_idx_load3] The index file is older than the data file: /bip7_disk/pingting114/mixed_bam/COLO829_PAO/TF1e-2_25x/TF1e-2_25x.rep2.bam.bai
[W::hts_idx_load3] The index file is older than the data file: /bip7_disk/pingting114/mixed_bam/COLO829_PAO/TF1e-2_25x/TF1e-2_25x.rep2.bam.bai
[W::hts_idx_load3] The index file is older than the data file: /bip7_disk/pingting114/mixed_bam/COLO829_PAO/TF1e-2_25x/TF1e-2_25x.rep2.bam.bai
[W::hts_idx_load3] The index file is older than the data file: /bip7_disk/pingting114/mixed_bam/COLO829_PAO/TF1e-2_25x/TF1e-2_25x.rep2.bam.bai
[W::hts_idx_load3] The index file is older than the data file: /bip7_disk/pingting114/mixed_bam/COLO829_PAO/TF1e-2_25x/TF1e-2_25x.rep2.bam.bai
[W::hts_idx_load3] The index file is older than the data file: /bip7_disk/pingting114/mixed_bam/COLO829_PAO/TF1e-2_25x/TF1e-2_25x.rep2.bam.bai
[W::hts_idx_load3] The index file is older than the data file: /bip7_disk/pingting114/mixed_bam/COLO829_PAO/TF1e-2_25x/TF1e-2_25x.rep2.bam.bai
[W::bam_next_basemod] MM tag refers to bases beyond sequence length
[W::hts_idx_load3] The index file is older than the data file: /bip7_disk/pingting114/mixed_bam/COLO829_PAO/TF1e-2_25x/TF1e-2_25x.rep2.bam.bai
[W::hts_idx_load3] The index file is older than the data file: /bip7_disk/pingting114/mixed_bam/COLO829_PAO/TF1e-2_25x/TF1e-2_25x.rep2.bam.bai
[E::bam_parse_basemod2] 01a40927-aa9e-42c6-a564-ac9d12e6cb52: MM tag refers to bases beyond sequence length
[W::hts_idx_load3] The index file is older than the data file: /bip7_disk/pingting114/mixed_bam/COLO829_PAO/TF1e-2_25x/TF1e-2_25x.rep2.bam.bai
[W::hts_idx_load3] The index file is older than the data file: /bip7_disk/pingting114/mixed_bam/COLO829_PAO/TF1e-2_25x/TF1e-2_25x.rep2.bam.bai
[W::bam_next_basemod] MM tag refers to bases beyond sequence length
[W::hts_idx_load3] The index file is older than the data file: /bip7_disk/pingting114/mixed_bam/COLO829_PAO/TF1e-2_25x/TF1e-2_25x.rep2.bam.bai
[W::hts_idx_load3] The index file is older than the data file: /bip7_disk/pingting114/mixed_bam/COLO829_PAO/TF1e-2_25x/TF1e-2_25x.rep2.bam.bai
[W::hts_idx_load3] The index file is older than the data file: /bip7_disk/pingting114/mixed_bam/COLO829_PAO/TF1e-2_25x/TF1e-2_25x.rep2.bam.bai
[W::bam_next_basemod] MM tag refers to bases beyond sequence length
[E::bam_parse_basemod2] 4735aa1a-eea4-4485-a4b1-6ed06ddab75b: MM tag refers to bases beyond sequence length
[W::hts_idx_load3] The index file is older than the data file: /bip7_disk/pingting114/mixed_bam/COLO829_PAO/TF1e-2_25x/TF1e-2_25x.rep2.bam.bai
[W::bam_next_basemod] MM tag refers to bases beyond sequence length
[W::hts_idx_load3] The index file is older than the data file: /bip7_disk/pingting114/mixed_bam/COLO829_PAO/TF1e-2_25x/TF1e-2_25x.rep2.bam.bai
[W::bam_next_basemod] MM tag refers to bases beyond sequence length
[W::hts_idx_load3] The index file is older than the data file: /bip7_disk/pingting114/mixed_bam/COLO829_PAO/TF1e-2_25x/TF1e-2_25x.rep2.bam.bai
[W::bam_next_basemod] MM tag refers to bases beyond sequence length
[W::hts_idx_load3] The index file is older than the data file: /bip7_disk/pingting114/mixed_bam/COLO829_PAO/TF1e-2_25x/TF1e-2_25x.rep2.bam.bai
[W::bam_next_basemod] MM tag refers to bases beyond sequence length
[W::hts_idx_load3] The index file is older than the data file: /bip7_disk/pingting114/mixed_bam/COLO829_PAO/TF1e-2_25x/TF1e-2_25x.rep2.bam.bai
[E::bam_parse_basemod2] b8016827-9ed9-432e-ac17-25d6274885e9: MM tag refers to bases beyond sequence length
[W::hts_idx_load3] The index file is older than the data file: /bip7_disk/pingting114/mixed_bam/COLO829_PAO/TF1e-2_25x/TF1e-2_25x.rep2.bam.bai
[W::bam_next_basemod] MM tag refers to bases beyond sequence length
[W::bam_next_basemod] MM tag refers to bases beyond sequence length
[W::hts_idx_load3] The index file is older than the data file: /bip7_disk/pingting114/mixed_bam/COLO829_PAO/TF1e-2_25x/TF1e-2_25x.rep2.bam.bai
[E::bam_parse_basemod2] ddb339b4-943e-4877-98d8-e08deef038fe: MM tag refers to bases beyond sequence length
[W::hts_idx_load3] The index file is older than the data file: /bip7_disk/pingting114/mixed_bam/COLO829_PAO/TF1e-2_25x/TF1e-2_25x.rep2.bam.bai
[W::hts_idx_load3] The index file is older than the data file: /bip7_disk/pingting114/mixed_bam/COLO829_PAO/TF1e-2_25x/TF1e-2_25x.rep2.bam.bai
[W::hts_idx_load3] The index file is older than the data file: /bip7_disk/pingting114/mixed_bam/COLO829_PAO/TF1e-2_25x/TF1e-2_25x.rep2.bam.bai
[W::hts_idx_load3] The index file is older than the data file: /bip7_disk/pingting114/mixed_bam/COLO829_PAO/TF1e-2_25x/TF1e-2_25x.rep2.bam.bai
[W::hts_idx_load3] The index file is older than the data file: /bip7_disk/pingting114/mixed_bam/COLO829_PAO/TF1e-2_25x/TF1e-2_25x.rep2.bam.bai
[W::hts_idx_load3] The index file is older than the data file: /bip7_disk/pingting114/mixed_bam/COLO829_PAO/TF1e-2_25x/TF1e-2_25x.rep2.bam.bai
[W::bam_next_basemod] MM tag refers to bases beyond sequence length
[W::hts_idx_load3] The index file is older than the data file: /bip7_disk/pingting114/mixed_bam/COLO829_PAO/TF1e-2_25x/TF1e-2_25x.rep2.bam.bai
[W::hts_idx_load3] The index file is older than the data file: /bip7_disk/pingting114/mixed_bam/COLO829_PAO/TF1e-2_25x/TF1e-2_25x.rep2.bam.bai
[E::bam_parse_basemod2] e1080b46-de45-4e15-a124-93000d57d685: MM tag refers to bases beyond sequence length
[W::hts_idx_load3] The index file is older than the data file: /bip7_disk/pingting114/mixed_bam/COLO829_PAO/TF1e-2_25x/TF1e-2_25x.rep2.bam.bai
[W::hts_idx_load3] The index file is older than the data file: /bip7_disk/pingting114/mixed_bam/COLO829_PAO/TF1e-2_25x/TF1e-2_25x.rep2.bam.bai
[W::hts_idx_load3] The index file is older than the data file: /bip7_disk/pingting114/mixed_bam/COLO829_PAO/TF1e-2_25x/TF1e-2_25x.rep2.bam.bai
[W::bam_next_basemod] MM tag refers to bases beyond sequence length
[W::hts_idx_load3] The index file is older than the data file: /bip7_disk/pingting114/mixed_bam/COLO829_PAO/TF1e-2_25x/TF1e-2_25x.rep2.bam.bai
[W::hts_idx_load3] The index file is older than the data file: /bip7_disk/pingting114/mixed_bam/COLO829_PAO/TF1e-2_25x/TF1e-2_25x.rep2.bam.bai
[W::bam_next_basemod] MM tag refers to bases beyond sequence length
[W::hts_idx_load3] The index file is older than the data file: /bip7_disk/pingting114/mixed_bam/COLO829_PAO/TF1e-2_25x/TF1e-2_25x.rep2.bam.bai
[W::hts_idx_load3] The index file is older than the data file: /bip7_disk/pingting114/mixed_bam/COLO829_PAO/TF1e-2_25x/TF1e-2_25x.rep2.bam.bai
[W::hts_idx_load3] The index file is older than the data file: /bip7_disk/pingting114/mixed_bam/COLO829_PAO/TF1e-2_25x/TF1e-2_25x.rep2.bam.bai
[W::hts_idx_load3] The index file is older than the data file: /bip7_disk/pingting114/mixed_bam/COLO829_PAO/TF1e-2_25x/TF1e-2_25x.rep2.bam.bai
[W::hts_idx_load3] The index file is older than the data file: /bip7_disk/pingting114/mixed_bam/COLO829_PAO/TF1e-2_25x/TF1e-2_25x.rep2.bam.bai
[W::bam_next_basemod] MM tag refers to bases beyond sequence length
[W::hts_idx_load3] The index file is older than the data file: /bip7_disk/pingting114/mixed_bam/COLO829_PAO/TF1e-2_25x/TF1e-2_25x.rep2.bam.bai
[W::hts_idx_load3] The index file is older than the data file: /bip7_disk/pingting114/mixed_bam/COLO829_PAO/TF1e-2_25x/TF1e-2_25x.rep2.bam.bai
[W::hts_idx_load3] The index file is older than the data file: /bip7_disk/pingting114/mixed_bam/COLO829_PAO/TF1e-2_25x/TF1e-2_25x.rep2.bam.bai
[W::hts_idx_load3] The index file is older than the data file: /bip7_disk/pingting114/mixed_bam/COLO829_PAO/TF1e-2_25x/TF1e-2_25x.rep2.bam.bai
[E::bam_parse_basemod2] b0a857a5-6677-4a50-b7f8-d5b6f0c1dafe: MM tag refers to bases beyond sequence length
[W::hts_idx_load3] The index file is older than the data file: /bip7_disk/pingting114/mixed_bam/COLO829_PAO/TF1e-2_25x/TF1e-2_25x.rep2.bam.bai
[W::hts_idx_load3] The index file is older than the data file: /bip7_disk/pingting114/mixed_bam/COLO829_PAO/TF1e-2_25x/TF1e-2_25x.rep2.bam.bai
[W::hts_idx_load3] The index file is older than the data file: /bip7_disk/pingting114/mixed_bam/COLO829_PAO/TF1e-2_25x/TF1e-2_25x.rep2.bam.bai
[W::hts_idx_load3] The index file is older than the data file: /bip7_disk/pingting114/mixed_bam/COLO829_PAO/TF1e-2_25x/TF1e-2_25x.rep2.bam.bai
[E::bam_parse_basemod2] 14c0e0e1-779a-4e03-8e90-e11063adbdc5: MM tag refers to bases beyond sequence length
[W::bam_next_basemod] MM tag refers to bases beyond sequence length
[W::hts_idx_load3] The index file is older than the data file: /bip7_disk/pingting114/mixed_bam/COLO829_PAO/TF1e-2_25x/TF1e-2_25x.rep2.bam.bai
[W::bam_next_basemod] MM tag refers to bases beyond sequence length
[W::hts_idx_load3] The index file is older than the data file: /bip7_disk/pingting114/mixed_bam/COLO829_PAO/TF1e-2_25x/TF1e-2_25x.rep2.bam.bai
[W::hts_idx_load3] The index file is older than the data file: /bip7_disk/pingting114/mixed_bam/COLO829_PAO/TF1e-2_25x/TF1e-2_25x.rep2.bam.bai
[W::hts_idx_load3] The index file is older than the data file: /bip7_disk/pingting114/mixed_bam/COLO829_PAO/TF1e-2_25x/TF1e-2_25x.rep2.bam.bai
[W::hts_idx_load3] The index file is older than the data file: /bip7_disk/pingting114/mixed_bam/COLO829_PAO/TF1e-2_25x/TF1e-2_25x.rep2.bam.bai
[W::hts_idx_load3] The index file is older than the data file: /bip7_disk/pingting114/mixed_bam/COLO829_PAO/TF1e-2_25x/TF1e-2_25x.rep2.bam.bai
[W::hts_idx_load3] The index file is older than the data file: /bip7_disk/pingting114/mixed_bam/COLO829_PAO/TF1e-2_25x/TF1e-2_25x.rep2.bam.bai
[W::hts_idx_load3] The index file is older than the data file: /bip7_disk/pingting114/mixed_bam/COLO829_PAO/TF1e-2_25x/TF1e-2_25x.rep2.bam.bai
[W::hts_idx_load3] The index file is older than the data file: /bip7_disk/pingting114/mixed_bam/COLO829_PAO/TF1e-2_25x/TF1e-2_25x.rep2.bam.bai
[W::hts_idx_load3] The index file is older than the data file: /bip7_disk/pingting114/mixed_bam/COLO829_PAO/TF1e-2_25x/TF1e-2_25x.rep2.bam.bai
[W::hts_idx_load3] The index file is older than the data file: /bip7_disk/pingting114/mixed_bam/COLO829_PAO/TF1e-2_25x/TF1e-2_25x.rep2.bam.bai
[W::hts_idx_load3] The index file is older than the data file: /bip7_disk/pingting114/mixed_bam/COLO829_PAO/TF1e-2_25x/TF1e-2_25x.rep2.bam.bai
[W::hts_idx_load3] The index file is older than the data file: /bip7_disk/pingting114/mixed_bam/COLO829_PAO/TF1e-2_25x/TF1e-2_25x.rep2.bam.bai
[W::bam_next_basemod] MM tag refers to bases beyond sequence length
[W::hts_idx_load3] The index file is older than the data file: /bip7_disk/pingting114/mixed_bam/COLO829_PAO/TF1e-2_25x/TF1e-2_25x.rep2.bam.bai
[W::hts_idx_load3] The index file is older than the data file: /bip7_disk/pingting114/mixed_bam/COLO829_PAO/TF1e-2_25x/TF1e-2_25x.rep2.bam.bai
[W::bam_next_basemod] MM tag refers to bases beyond sequence length
[W::hts_idx_load3] The index file is older than the data file: /bip7_disk/pingting114/mixed_bam/COLO829_PAO/TF1e-2_25x/TF1e-2_25x.rep2.bam.bai
[W::hts_idx_load3] The index file is older than the data file: /bip7_disk/pingting114/mixed_bam/COLO829_PAO/TF1e-2_25x/TF1e-2_25x.rep2.bam.bai
[W::hts_idx_load3] The index file is older than the data file: /bip7_disk/pingting114/mixed_bam/COLO829_PAO/TF1e-2_25x/TF1e-2_25x.rep2.bam.bai
[W::hts_idx_load3] The index file is older than the data file: /bip7_disk/pingting114/mixed_bam/COLO829_PAO/TF1e-2_25x/TF1e-2_25x.rep2.bam.bai
[W::hts_idx_load3] The index file is older than the data file: /bip7_disk/pingting114/mixed_bam/COLO829_PAO/TF1e-2_25x/TF1e-2_25x.rep2.bam.bai
[W::hts_idx_load3] The index file is older than the data file: /bip7_disk/pingting114/mixed_bam/COLO829_PAO/TF1e-2_25x/TF1e-2_25x.rep2.bam.bai
[W::hts_idx_load3] The index file is older than the data file: /bip7_disk/pingting114/mixed_bam/COLO829_PAO/TF1e-2_25x/TF1e-2_25x.rep2.bam.bai
[W::hts_idx_load3] The index file is older than the data file: /bip7_disk/pingting114/mixed_bam/COLO829_PAO/TF1e-2_25x/TF1e-2_25x.rep2.bam.bai
[W::hts_idx_load3] The index file is older than the data file: /bip7_disk/pingting114/mixed_bam/COLO829_PAO/TF1e-2_25x/TF1e-2_25x.rep2.bam.bai
[W::hts_idx_load3] The index file is older than the data file: /bip7_disk/pingting114/mixed_bam/COLO829_PAO/TF1e-2_25x/TF1e-2_25x.rep2.bam.bai
[W::hts_idx_load3] The index file is older than the data file: /bip7_disk/pingting114/mixed_bam/COLO829_PAO/TF1e-2_25x/TF1e-2_25x.rep2.bam.bai
[W::hts_idx_load3] The index file is older than the data file: /bip7_disk/pingting114/mixed_bam/COLO829_PAO/TF1e-2_25x/TF1e-2_25x.rep2.bam.bai
[W::hts_idx_load3] The index file is older than the data file: /bip7_disk/pingting114/mixed_bam/COLO829_PAO/TF1e-2_25x/TF1e-2_25x.rep2.bam.bai
[E::bam_parse_basemod2] 0383dcb3-208f-4c85-8673-e349598d3660: MM tag refers to bases beyond sequence length
[W::hts_idx_load3] The index file is older than the data file: /bip7_disk/pingting114/mixed_bam/COLO829_PAO/TF1e-2_25x/TF1e-2_25x.rep2.bam.bai
[W::hts_idx_load3] The index file is older than the data file: /bip7_disk/pingting114/mixed_bam/COLO829_PAO/TF1e-2_25x/TF1e-2_25x.rep2.bam.bai
[W::bam_next_basemod] MM tag refers to bases beyond sequence length
[W::hts_idx_load3] The index file is older than the data file: /bip7_disk/pingting114/mixed_bam/COLO829_PAO/TF1e-2_25x/TF1e-2_25x.rep2.bam.bai
[E::bam_parse_basemod2] c528133e-24e4-467a-973b-fa1a5f92b1cf: MM tag refers to bases beyond sequence length
[E::bam_parse_basemod2] 9c216773-4a39-47a5-a1b6-638afa4b1524: MM tag refers to bases beyond sequence length
[W::hts_idx_load3] The index file is older than the data file: /bip7_disk/pingting114/mixed_bam/COLO829_PAO/TF1e-2_25x/TF1e-2_25x.rep2.bam.bai
[W::hts_idx_load3] The index file is older than the data file: /bip7_disk/pingting114/mixed_bam/COLO829_PAO/TF1e-2_25x/TF1e-2_25x.rep2.bam.bai
[W::hts_idx_load3] The index file is older than the data file: /bip7_disk/pingting114/mixed_bam/COLO829_PAO/TF1e-2_25x/TF1e-2_25x.rep2.bam.bai
[W::bam_next_basemod] MM tag refers to bases beyond sequence length
[W::hts_idx_load3] The index file is older than the data file: /bip7_disk/pingting114/mixed_bam/COLO829_PAO/TF1e-2_25x/TF1e-2_25x.rep2.bam.bai
[E::bam_parse_basemod2] 5da127d9-7116-4801-984d-c3ac3387f145: MM tag refers to bases beyond sequence length
[W::hts_idx_load3] The index file is older than the data file: /bip7_disk/pingting114/mixed_bam/COLO829_PAO/TF1e-2_25x/TF1e-2_25x.rep2.bam.bai
[W::hts_idx_load3] The index file is older than the data file: /bip7_disk/pingting114/mixed_bam/COLO829_PAO/TF1e-2_25x/TF1e-2_25x.rep2.bam.bai
[W::hts_idx_load3] The index file is older than the data file: /bip7_disk/pingting114/mixed_bam/COLO829_PAO/TF1e-2_25x/TF1e-2_25x.rep2.bam.bai
[W::bam_next_basemod] MM tag refers to bases beyond sequence length
[E::bam_parse_basemod2] e89742cd-614f-4ddc-9462-38e8352f2d47: MM tag refers to bases beyond sequence length
[W::hts_idx_load3] The index file is older than the data file: /bip7_disk/pingting114/mixed_bam/COLO829_PAO/TF1e-2_25x/TF1e-2_25x.rep2.bam.bai
[W::bam_next_basemod] MM tag refers to bases beyond sequence length
[W::bam_next_basemod] MM tag refers to bases beyond sequence length
[W::hts_idx_load3] The index file is older than the data file: /bip7_disk/pingting114/mixed_bam/COLO829_PAO/TF1e-2_25x/TF1e-2_25x.rep2.bam.bai
[W::hts_idx_load3] The index file is older than the data file: /bip7_disk/pingting114/mixed_bam/COLO829_PAO/TF1e-2_25x/TF1e-2_25x.rep2.bam.bai
[W::bam_next_basemod] MM tag refers to bases beyond sequence length
[W::hts_idx_load3] The index file is older than the data file: /bip7_disk/pingting114/mixed_bam/COLO829_PAO/TF1e-2_25x/TF1e-2_25x.rep2.bam.bai
[W::hts_idx_load3] The index file is older than the data file: /bip7_disk/pingting114/mixed_bam/COLO829_PAO/TF1e-2_25x/TF1e-2_25x.rep2.bam.bai
[E::bam_parse_basemod2] c2752e99-0c25-4c16-bb45-c66ee308b138: MM tag refers to bases beyond sequence length
[W::hts_idx_load3] The index file is older than the data file: /bip7_disk/pingting114/mixed_bam/COLO829_PAO/TF1e-2_25x/TF1e-2_25x.rep2.bam.bai
[W::hts_idx_load3] The index file is older than the data file: /bip7_disk/pingting114/mixed_bam/COLO829_PAO/TF1e-2_25x/TF1e-2_25x.rep2.bam.bai
[W::hts_idx_load3] The index file is older than the data file: /bip7_disk/pingting114/mixed_bam/COLO829_PAO/TF1e-2_25x/TF1e-2_25x.rep2.bam.bai
[W::hts_idx_load3] The index file is older than the data file: /bip7_disk/pingting114/mixed_bam/COLO829_PAO/TF1e-2_25x/TF1e-2_25x.rep2.bam.bai
[W::hts_idx_load3] The index file is older than the data file: /bip7_disk/pingting114/mixed_bam/COLO829_PAO/TF1e-2_25x/TF1e-2_25x.rep2.bam.bai
[W::hts_idx_load3] The index file is older than the data file: /bip7_disk/pingting114/mixed_bam/COLO829_PAO/TF1e-2_25x/TF1e-2_25x.rep2.bam.bai
[W::hts_idx_load3] The index file is older than the data file: /bip7_disk/pingting114/mixed_bam/COLO829_PAO/TF1e-2_25x/TF1e-2_25x.rep2.bam.bai
[E::bam_parse_basemod2] 124723de-c801-4766-980f-73163ef42dd0: MM tag refers to bases beyond sequence length
[W::hts_idx_load3] The index file is older than the data file: /bip7_disk/pingting114/mixed_bam/COLO829_PAO/TF1e-2_25x/TF1e-2_25x.rep2.bam.bai
[W::hts_idx_load3] The index file is older than the data file: /bip7_disk/pingting114/mixed_bam/COLO829_PAO/TF1e-2_25x/TF1e-2_25x.rep2.bam.bai
[W::hts_idx_load3] The index file is older than the data file: /bip7_disk/pingting114/mixed_bam/COLO829_PAO/TF1e-2_25x/TF1e-2_25x.rep2.bam.bai
[W::hts_idx_load3] The index file is older than the data file: /bip7_disk/pingting114/mixed_bam/COLO829_PAO/TF1e-2_25x/TF1e-2_25x.rep2.bam.bai
[W::hts_idx_load3] The index file is older than the data file: /bip7_disk/pingting114/mixed_bam/COLO829_PAO/TF1e-2_25x/TF1e-2_25x.rep2.bam.bai
[W::hts_idx_load3] The index file is older than the data file: /bip7_disk/pingting114/mixed_bam/COLO829_PAO/TF1e-2_25x/TF1e-2_25x.rep2.bam.bai
[W::hts_idx_load3] The index file is older than the data file: /bip7_disk/pingting114/mixed_bam/COLO829_PAO/TF1e-2_25x/TF1e-2_25x.rep2.bam.bai
[E::bam_parse_basemod2] c7b90cde-c226-4d76-a7a1-7d5a1cda4b5b: MM tag refers to bases beyond sequence length
[W::hts_idx_load3] The index file is older than the data file: /bip7_disk/pingting114/mixed_bam/COLO829_PAO/TF1e-2_25x/TF1e-2_25x.rep2.bam.bai
[W::hts_idx_load3] The index file is older than the data file: /bip7_disk/pingting114/mixed_bam/COLO829_PAO/TF1e-2_25x/TF1e-2_25x.rep2.bam.bai
[W::hts_idx_load3] The index file is older than the data file: /bip7_disk/pingting114/mixed_bam/COLO829_PAO/TF1e-2_25x/TF1e-2_25x.rep2.bam.bai
[W::hts_idx_load3] The index file is older than the data file: /bip7_disk/pingting114/mixed_bam/COLO829_PAO/TF1e-2_25x/TF1e-2_25x.rep2.bam.bai
[W::hts_idx_load3] The index file is older than the data file: /bip7_disk/pingting114/mixed_bam/COLO829_PAO/TF1e-2_25x/TF1e-2_25x.rep2.bam.bai
[W::bam_next_basemod] MM tag refers to bases beyond sequence length
[W::bam_next_basemod] MM tag refers to bases beyond sequence length
[E::bam_parse_basemod2] 1aad74db-0b80-417c-89fc-18e939298f5b: MM tag refers to bases beyond sequence length
[W::hts_idx_load3] The index file is older than the data file: /bip7_disk/pingting114/mixed_bam/COLO829_PAO/TF1e-2_25x/TF1e-2_25x.rep2.bam.bai
[W::hts_idx_load3] The index file is older than the data file: /bip7_disk/pingting114/mixed_bam/COLO829_PAO/TF1e-2_25x/TF1e-2_25x.rep2.bam.bai
[E::bam_parse_basemod2] ebc2f5ec-59e5-4e1f-8cbb-42950636dc14: MM tag refers to bases beyond sequence length
[W::hts_idx_load3] The index file is older than the data file: /bip7_disk/pingting114/mixed_bam/COLO829_PAO/TF1e-2_25x/TF1e-2_25x.rep2.bam.bai
[W::bam_next_basemod] MM tag refers to bases beyond sequence length
[W::hts_idx_load3] The index file is older than the data file: /bip7_disk/pingting114/mixed_bam/COLO829_PAO/TF1e-2_25x/TF1e-2_25x.rep2.bam.bai
[W::hts_idx_load3] The index file is older than the data file: /bip7_disk/pingting114/mixed_bam/COLO829_PAO/TF1e-2_25x/TF1e-2_25x.rep2.bam.bai
[W::hts_idx_load3] The index file is older than the data file: /bip7_disk/pingting114/mixed_bam/COLO829_PAO/TF1e-2_25x/TF1e-2_25x.rep2.bam.bai
[W::bam_next_basemod] MM tag refers to bases beyond sequence length
[W::hts_idx_load3] The index file is older than the data file: /bip7_disk/pingting114/mixed_bam/COLO829_PAO/TF1e-2_25x/TF1e-2_25x.rep2.bam.bai
[W::bam_next_basemod] MM tag refers to bases beyond sequence length
[W::hts_idx_load3] The index file is older than the data file: /bip7_disk/pingting114/mixed_bam/COLO829_PAO/TF1e-2_25x/TF1e-2_25x.rep2.bam.bai
[W::hts_idx_load3] The index file is older than the data file: /bip7_disk/pingting114/mixed_bam/COLO829_PAO/TF1e-2_25x/TF1e-2_25x.rep2.bam.bai
[W::bam_next_basemod] MM tag refers to bases beyond sequence length
[E::bam_parse_basemod2] f1dbc4ae-3c6c-4240-8b18-b8bf78ee3f22: MM tag refers to bases beyond sequence length
[E::bam_parse_basemod2] 3d2e82b1-81f0-4185-8b5f-849066cbbdc9: MM tag refers to bases beyond sequence length
[E::bam_parse_basemod2] b2076725-3080-4974-8b42-848b9ee4ba3a: MM tag refers to bases beyond sequence length
[W::bam_next_basemod] MM tag refers to bases beyond sequence length
[W::bam_next_basemod] MM tag refers to bases beyond sequence length
[E::bam_parse_basemod2] ebc0aee9-26c9-48a4-b500-4beb7b058a02: MM tag refers to bases beyond sequence length
[E::bam_parse_basemod2] 18e25511-6af0-47d5-bac7-7e8bee8cc08a: MM tag refers to bases beyond sequence length
[W::hts_idx_load3] The index file is older than the data file: /bip7_disk/pingting114/mixed_bam/COLO829_PAO/TF1e-2_25x/TF1e-2_25x.rep2.bam.bai
[W::hts_idx_load3] The index file is older than the data file: /bip7_disk/pingting114/mixed_bam/COLO829_PAO/TF1e-2_25x/TF1e-2_25x.rep2.bam.bai
[W::hts_idx_load3] The index file is older than the data file: /bip7_disk/pingting114/mixed_bam/COLO829_PAO/TF1e-2_25x/TF1e-2_25x.rep2.bam.bai
[W::hts_idx_load3] The index file is older than the data file: /bip7_disk/pingting114/mixed_bam/COLO829_PAO/TF1e-2_25x/TF1e-2_25x.rep2.bam.bai
[W::hts_idx_load3] The index file is older than the data file: /bip7_disk/pingting114/mixed_bam/COLO829_PAO/TF1e-2_25x/TF1e-2_25x.rep2.bam.bai
[W::hts_idx_load3] The index file is older than the data file: /bip7_disk/pingting114/mixed_bam/COLO829_PAO/TF1e-2_25x/TF1e-2_25x.rep2.bam.bai
[W::hts_idx_load3] The index file is older than the data file: /bip7_disk/pingting114/mixed_bam/COLO829_PAO/TF1e-2_25x/TF1e-2_25x.rep2.bam.bai
[W::hts_idx_load3] The index file is older than the data file: /bip7_disk/pingting114/mixed_bam/COLO829_PAO/TF1e-2_25x/TF1e-2_25x.rep2.bam.bai
[E::bam_parse_basemod2] 4a5201a8-414d-4eb1-a80e-c41cd32d44d7: MM tag refers to bases beyond sequence length
[W::hts_idx_load3] The index file is older than the data file: /bip7_disk/pingting114/mixed_bam/COLO829_PAO/TF1e-2_25x/TF1e-2_25x.rep2.bam.bai
[W::hts_idx_load3] The index file is older than the data file: /bip7_disk/pingting114/mixed_bam/COLO829_PAO/TF1e-2_25x/TF1e-2_25x.rep2.bam.bai
[W::hts_idx_load3] The index file is older than the data file: /bip7_disk/pingting114/mixed_bam/COLO829_PAO/TF1e-2_25x/TF1e-2_25x.rep2.bam.bai
[W::hts_idx_load3] The index file is older than the data file: /bip7_disk/pingting114/mixed_bam/COLO829_PAO/TF1e-2_25x/TF1e-2_25x.rep2.bam.bai
[E::bam_parse_basemod2] a2ac098a-2174-4691-a934-ae403e82e0e3: MM tag refers to bases beyond sequence length
[W::hts_idx_load3] The index file is older than the data file: /bip7_disk/pingting114/mixed_bam/COLO829_PAO/TF1e-2_25x/TF1e-2_25x.rep2.bam.bai
[W::hts_idx_load3] The index file is older than the data file: /bip7_disk/pingting114/mixed_bam/COLO829_PAO/TF1e-2_25x/TF1e-2_25x.rep2.bam.bai
[W::hts_idx_load3] The index file is older than the data file: /bip7_disk/pingting114/mixed_bam/COLO829_PAO/TF1e-2_25x/TF1e-2_25x.rep2.bam.bai
[W::hts_idx_load3] The index file is older than the data file: /bip7_disk/pingting114/mixed_bam/COLO829_PAO/TF1e-2_25x/TF1e-2_25x.rep2.bam.bai
[W::bam_next_basemod] MM tag refers to bases beyond sequence length
[W::hts_idx_load3] The index file is older than the data file: /bip7_disk/pingting114/mixed_bam/COLO829_PAO/TF1e-2_25x/TF1e-2_25x.rep2.bam.bai
[W::hts_idx_load3] The index file is older than the data file: /bip7_disk/pingting114/mixed_bam/COLO829_PAO/TF1e-2_25x/TF1e-2_25x.rep2.bam.bai
[W::hts_idx_load3] The index file is older than the data file: /bip7_disk/pingting114/mixed_bam/COLO829_PAO/TF1e-2_25x/TF1e-2_25x.rep2.bam.bai
[W::hts_idx_load3] The index file is older than the data file: /bip7_disk/pingting114/mixed_bam/COLO829_PAO/TF1e-2_25x/TF1e-2_25x.rep2.bam.bai
[W::hts_idx_load3] The index file is older than the data file: /bip7_disk/pingting114/mixed_bam/COLO829_PAO/TF1e-2_25x/TF1e-2_25x.rep2.bam.bai
[W::hts_idx_load3] The index file is older than the data file: /bip7_disk/pingting114/mixed_bam/COLO829_PAO/TF1e-2_25x/TF1e-2_25x.rep2.bam.bai
[W::bam_next_basemod] MM tag refers to bases beyond sequence length
[W::hts_idx_load3] The index file is older than the data file: /bip7_disk/pingting114/mixed_bam/COLO829_PAO/TF1e-2_25x/TF1e-2_25x.rep2.bam.bai
[W::bam_next_basemod] MM tag refers to bases beyond sequence length
[W::bam_next_basemod] MM tag refers to bases beyond sequence length
[E::bam_parse_basemod2] d16b2549-e740-433d-bfbb-16fa30a8f7e6: MM tag refers to bases beyond sequence length
[W::bam_next_basemod] MM tag refers to bases beyond sequence length
[E::bam_parse_basemod2] 3027e55d-c104-4741-adbd-fa958af4e755: MM tag refers to bases beyond sequence length
[E::bam_parse_basemod2] 1d5ee4f4-09d1-41e9-8b46-1671c1a6f8b5: MM tag refers to bases beyond sequence length
[W::bam_next_basemod] MM tag refers to bases beyond sequence length
[E::bam_parse_basemod2] 3979d0a4-374a-4a46-b811-44abc3f6c85c: MM tag refers to bases beyond sequence length
[W::bam_next_basemod] MM tag refers to bases beyond sequence length
[E::bam_parse_basemod2] 80cf101d-5a89-47ba-83c5-11d24f32adde: MM tag refers to bases beyond sequence length
[W::hts_idx_load3] The index file is older than the data file: /bip7_disk/pingting114/mixed_bam/COLO829_PAO/TF1e-2_25x/TF1e-2_25x.rep2.bam.bai
[W::hts_idx_load3] The index file is older than the data file: /bip7_disk/pingting114/mixed_bam/COLO829_PAO/TF1e-2_25x/TF1e-2_25x.rep2.bam.bai
[W::hts_idx_load3] The index file is older than the data file: /bip7_disk/pingting114/mixed_bam/COLO829_PAO/TF1e-2_25x/TF1e-2_25x.rep2.bam.bai
[W::hts_idx_load3] The index file is older than the data file: /bip7_disk/pingting114/mixed_bam/COLO829_PAO/TF1e-2_25x/TF1e-2_25x.rep2.bam.bai
[W::hts_idx_load3] The index file is older than the data file: /bip7_disk/pingting114/mixed_bam/COLO829_PAO/TF1e-2_25x/TF1e-2_25x.rep2.bam.bai
[W::hts_idx_load3] The index file is older than the data file: /bip7_disk/pingting114/mixed_bam/COLO829_PAO/TF1e-2_25x/TF1e-2_25x.rep2.bam.bai
[W::hts_idx_load3] The index file is older than the data file: /bip7_disk/pingting114/mixed_bam/COLO829_PAO/TF1e-2_25x/TF1e-2_25x.rep2.bam.bai
[W::hts_idx_load3] The index file is older than the data file: /bip7_disk/pingting114/mixed_bam/COLO829_PAO/TF1e-2_25x/TF1e-2_25x.rep2.bam.bai
[W::hts_idx_load3] The index file is older than the data file: /bip7_disk/pingting114/mixed_bam/COLO829_PAO/TF1e-2_25x/TF1e-2_25x.rep2.bam.bai
[W::hts_idx_load3] The index file is older than the data file: /bip7_disk/pingting114/mixed_bam/COLO829_PAO/TF1e-2_25x/TF1e-2_25x.rep2.bam.bai
[W::hts_idx_load3] The index file is older than the data file: /bip7_disk/pingting114/mixed_bam/COLO829_PAO/TF1e-2_25x/TF1e-2_25x.rep2.bam.bai
[W::hts_idx_load3] The index file is older than the data file: /bip7_disk/pingting114/mixed_bam/COLO829_PAO/TF1e-2_25x/TF1e-2_25x.rep2.bam.bai
[W::hts_idx_load3] The index file is older than the data file: /bip7_disk/pingting114/mixed_bam/COLO829_PAO/TF1e-2_25x/TF1e-2_25x.rep2.bam.bai
[W::hts_idx_load3] The index file is older than the data file: /bip7_disk/pingting114/mixed_bam/COLO829_PAO/TF1e-2_25x/TF1e-2_25x.rep2.bam.bai
[W::hts_idx_load3] The index file is older than the data file: /bip7_disk/pingting114/mixed_bam/COLO829_PAO/TF1e-2_25x/TF1e-2_25x.rep2.bam.bai
[W::hts_idx_load3] The index file is older than the data file: /bip7_disk/pingting114/mixed_bam/COLO829_PAO/TF1e-2_25x/TF1e-2_25x.rep2.bam.bai
[W::hts_idx_load3] The index file is older than the data file: /bip7_disk/pingting114/mixed_bam/COLO829_PAO/TF1e-2_25x/TF1e-2_25x.rep2.bam.bai
[W::hts_idx_load3] The index file is older than the data file: /bip7_disk/pingting114/mixed_bam/COLO829_PAO/TF1e-2_25x/TF1e-2_25x.rep2.bam.bai
[W::hts_idx_load3] The index file is older than the data file: /bip7_disk/pingting114/mixed_bam/COLO829_PAO/TF1e-2_25x/TF1e-2_25x.rep2.bam.bai
[W::hts_idx_load3] The index file is older than the data file: /bip7_disk/pingting114/mixed_bam/COLO829_PAO/TF1e-2_25x/TF1e-2_25x.rep2.bam.bai
[W::hts_idx_load3] The index file is older than the data file: /bip7_disk/pingting114/mixed_bam/COLO829_PAO/TF1e-2_25x/TF1e-2_25x.rep2.bam.bai
[W::bam_next_basemod] MM tag refers to bases beyond sequence length
[W::hts_idx_load3] The index file is older than the data file: /bip7_disk/pingting114/mixed_bam/COLO829_PAO/TF1e-2_25x/TF1e-2_25x.rep2.bam.bai
[E::bam_parse_basemod2] 9e1fad8c-4af5-472a-88d7-a6add3849e0f: MM tag refers to bases beyond sequence length
[W::hts_idx_load3] The index file is older than the data file: /bip7_disk/pingting114/mixed_bam/COLO829_PAO/TF1e-2_25x/TF1e-2_25x.rep2.bam.bai
[E::bam_parse_basemod2] 1ab248af-652c-4f7b-910e-351a1e282241: MM tag refers to bases beyond sequence length
[W::hts_idx_load3] The index file is older than the data file: /bip7_disk/pingting114/mixed_bam/COLO829_PAO/TF1e-2_25x/TF1e-2_25x.rep2.bam.bai
[W::hts_idx_load3] The index file is older than the data file: /bip7_disk/pingting114/mixed_bam/COLO829_PAO/TF1e-2_25x/TF1e-2_25x.rep2.bam.bai
[E::bam_parse_basemod2] 4e2315b9-3415-49f3-8cd9-d05023077247: MM tag refers to bases beyond sequence length
[W::hts_idx_load3] The index file is older than the data file: /bip7_disk/pingting114/mixed_bam/COLO829_PAO/TF1e-2_25x/TF1e-2_25x.rep2.bam.bai
[E::bam_parse_basemod2] e056c040-311f-4d58-957b-cc0255a86d65: MM tag refers to bases beyond sequence length
[W::hts_idx_load3] The index file is older than the data file: /bip7_disk/pingting114/mixed_bam/COLO829_PAO/TF1e-2_25x/TF1e-2_25x.rep2.bam.bai
[W::bam_next_basemod] MM tag refers to bases beyond sequence length
[W::bam_next_basemod] MM tag refers to bases beyond sequence length
[W::hts_idx_load3] The index file is older than the data file: /bip7_disk/pingting114/mixed_bam/COLO829_PAO/TF1e-2_25x/TF1e-2_25x.rep2.bam.bai
[W::hts_idx_load3] The index file is older than the data file: /bip7_disk/pingting114/mixed_bam/COLO829_PAO/TF1e-2_25x/TF1e-2_25x.rep2.bam.bai
[E::bam_parse_basemod2] 953ad85a-49ff-4a1d-a114-36f522fca24c: MM tag refers to bases beyond sequence length
[W::bam_next_basemod] MM tag refers to bases beyond sequence length
[W::hts_idx_load3] The index file is older than the data file: /bip7_disk/pingting114/mixed_bam/COLO829_PAO/TF1e-2_25x/TF1e-2_25x.rep2.bam.bai
[W::bam_next_basemod] MM tag refers to bases beyond sequence length
[W::bam_next_basemod] MM tag refers to bases beyond sequence length
[W::hts_idx_load3] The index file is older than the data file: /bip7_disk/pingting114/mixed_bam/COLO829_PAO/TF1e-2_25x/TF1e-2_25x.rep2.bam.bai
[E::bam_parse_basemod2] 80598e39-9daa-466e-84a9-e3f60744a029: MM tag refers to bases beyond sequence length
[W::hts_idx_load3] The index file is older than the data file: /bip7_disk/pingting114/mixed_bam/COLO829_PAO/TF1e-2_25x/TF1e-2_25x.rep2.bam.bai
[E::bam_parse_basemod2] 5c6a31e6-6010-4935-8712-e522599f80d0: MM tag refers to bases beyond sequence length
[W::bam_next_basemod] MM tag refers to bases beyond sequence length
[W::hts_idx_load3] The index file is older than the data file: /bip7_disk/pingting114/mixed_bam/COLO829_PAO/TF1e-2_25x/TF1e-2_25x.rep2.bam.bai
[W::bam_next_basemod] MM tag refers to bases beyond sequence length
[W::bam_next_basemod] MM tag refers to bases beyond sequence length
[W::hts_idx_load3] The index file is older than the data file: /bip7_disk/pingting114/mixed_bam/COLO829_PAO/TF1e-2_25x/TF1e-2_25x.rep2.bam.bai
[W::bam_next_basemod] MM tag refers to bases beyond sequence length
[W::hts_idx_load3] The index file is older than the data file: /bip7_disk/pingting114/mixed_bam/COLO829_PAO/TF1e-2_25x/TF1e-2_25x.rep2.bam.bai
[W::hts_idx_load3] The index file is older than the data file: /bip7_disk/pingting114/mixed_bam/COLO829_PAO/TF1e-2_25x/TF1e-2_25x.rep2.bam.bai
[E::bam_parse_basemod2] 9c5d4cd9-f87e-4822-94da-2999021c9f6f: MM tag refers to bases beyond sequence length
[W::hts_idx_load3] The index file is older than the data file: /bip7_disk/pingting114/mixed_bam/COLO829_PAO/TF1e-2_25x/TF1e-2_25x.rep2.bam.bai
[W::hts_idx_load3] The index file is older than the data file: /bip7_disk/pingting114/mixed_bam/COLO829_PAO/TF1e-2_25x/TF1e-2_25x.rep2.bam.bai
[W::hts_idx_load3] The index file is older than the data file: /bip7_disk/pingting114/mixed_bam/COLO829_PAO/TF1e-2_25x/TF1e-2_25x.rep2.bam.bai
[W::hts_idx_load3] The index file is older than the data file: /bip7_disk/pingting114/mixed_bam/COLO829_PAO/TF1e-2_25x/TF1e-2_25x.rep2.bam.bai
[W::hts_idx_load3] The index file is older than the data file: /bip7_disk/pingting114/mixed_bam/COLO829_PAO/TF1e-2_25x/TF1e-2_25x.rep2.bam.bai
[W::hts_idx_load3] The index file is older than the data file: /bip7_disk/pingting114/mixed_bam/COLO829_PAO/TF1e-2_25x/TF1e-2_25x.rep2.bam.bai
[W::hts_idx_load3] The index file is older than the data file: /bip7_disk/pingting114/mixed_bam/COLO829_PAO/TF1e-2_25x/TF1e-2_25x.rep2.bam.bai
[W::hts_idx_load3] The index file is older than the data file: /bip7_disk/pingting114/mixed_bam/COLO829_PAO/TF1e-2_25x/TF1e-2_25x.rep2.bam.bai
[W::hts_idx_load3] The index file is older than the data file: /bip7_disk/pingting114/mixed_bam/COLO829_PAO/TF1e-2_25x/TF1e-2_25x.rep2.bam.bai
[W::bam_next_basemod] MM tag refers to bases beyond sequence length
[W::hts_idx_load3] The index file is older than the data file: /bip7_disk/pingting114/mixed_bam/COLO829_PAO/TF1e-2_25x/TF1e-2_25x.rep2.bam.bai
[W::hts_idx_load3] The index file is older than the data file: /bip7_disk/pingting114/mixed_bam/COLO829_PAO/TF1e-2_25x/TF1e-2_25x.rep2.bam.bai
[W::hts_idx_load3] The index file is older than the data file: /bip7_disk/pingting114/mixed_bam/COLO829_PAO/TF1e-2_25x/TF1e-2_25x.rep2.bam.bai
[W::hts_idx_load3] The index file is older than the data file: /bip7_disk/pingting114/mixed_bam/COLO829_PAO/TF1e-2_25x/TF1e-2_25x.rep2.bam.bai
[W::hts_idx_load3] The index file is older than the data file: /bip7_disk/pingting114/mixed_bam/COLO829_PAO/TF1e-2_25x/TF1e-2_25x.rep2.bam.bai
[W::hts_idx_load3] The index file is older than the data file: /bip7_disk/pingting114/mixed_bam/COLO829_PAO/TF1e-2_25x/TF1e-2_25x.rep2.bam.bai
[W::hts_idx_load3] The index file is older than the data file: /bip7_disk/pingting114/mixed_bam/COLO829_PAO/TF1e-2_25x/TF1e-2_25x.rep2.bam.bai
[W::hts_idx_load3] The index file is older than the data file: /bip7_disk/pingting114/mixed_bam/COLO829_PAO/TF1e-2_25x/TF1e-2_25x.rep2.bam.bai
[W::hts_idx_load3] The index file is older than the data file: /bip7_disk/pingting114/mixed_bam/COLO829_PAO/TF1e-2_25x/TF1e-2_25x.rep2.bam.bai
[E::bam_parse_basemod2] e6743cb1-57fc-4e7f-9095-e6c93f372033: MM tag refers to bases beyond sequence length
[W::hts_idx_load3] The index file is older than the data file: /bip7_disk/pingting114/mixed_bam/COLO829_PAO/TF1e-2_25x/TF1e-2_25x.rep2.bam.bai
[W::hts_idx_load3] The index file is older than the data file: /bip7_disk/pingting114/mixed_bam/COLO829_PAO/TF1e-2_25x/TF1e-2_25x.rep2.bam.bai
[W::bam_next_basemod] MM tag refers to bases beyond sequence length
[W::hts_idx_load3] The index file is older than the data file: /bip7_disk/pingting114/mixed_bam/COLO829_PAO/TF1e-2_25x/TF1e-2_25x.rep2.bam.bai
[W::hts_idx_load3] The index file is older than the data file: /bip7_disk/pingting114/mixed_bam/COLO829_PAO/TF1e-2_25x/TF1e-2_25x.rep2.bam.bai
[W::hts_idx_load3] The index file is older than the data file: /bip7_disk/pingting114/mixed_bam/COLO829_PAO/TF1e-2_25x/TF1e-2_25x.rep2.bam.bai
[W::hts_idx_load3] The index file is older than the data file: /bip7_disk/pingting114/mixed_bam/COLO829_PAO/TF1e-2_25x/TF1e-2_25x.rep2.bam.bai
[E::bam_parse_basemod2] 73c6b6b0-ed45-483e-8119-4f826e39ecf0: MM tag refers to bases beyond sequence length
[W::hts_idx_load3] The index file is older than the data file: /bip7_disk/pingting114/mixed_bam/COLO829_PAO/TF1e-2_25x/TF1e-2_25x.rep2.bam.bai
[W::hts_idx_load3] The index file is older than the data file: /bip7_disk/pingting114/mixed_bam/COLO829_PAO/TF1e-2_25x/TF1e-2_25x.rep2.bam.bai
[E::bam_parse_basemod2] 65e26db9-0c16-41a6-9322-9698ebfe4927: MM tag refers to bases beyond sequence length
[W::hts_idx_load3] The index file is older than the data file: /bip7_disk/pingting114/mixed_bam/COLO829_PAO/TF1e-2_25x/TF1e-2_25x.rep2.bam.bai
[W::hts_idx_load3] The index file is older than the data file: /bip7_disk/pingting114/mixed_bam/COLO829_PAO/TF1e-2_25x/TF1e-2_25x.rep2.bam.bai
[E::bam_parse_basemod2] 2c274caa-966c-4a7b-a173-48c672566816: MM tag refers to bases beyond sequence length
[W::hts_idx_load3] The index file is older than the data file: /bip7_disk/pingting114/mixed_bam/COLO829_PAO/TF1e-2_25x/TF1e-2_25x.rep2.bam.bai
[E::bam_parse_basemod2] 15e8950e-9b40-425f-9752-5d96e0d3aa52: MM tag refers to bases beyond sequence length
[W::hts_idx_load3] The index file is older than the data file: /bip7_disk/pingting114/mixed_bam/COLO829_PAO/TF1e-2_25x/TF1e-2_25x.rep2.bam.bai
[W::hts_idx_load3] The index file is older than the data file: /bip7_disk/pingting114/mixed_bam/COLO829_PAO/TF1e-2_25x/TF1e-2_25x.rep2.bam.bai
[W::bam_next_basemod] MM tag refers to bases beyond sequence length
[W::hts_idx_load3] The index file is older than the data file: /bip7_disk/pingting114/mixed_bam/COLO829_PAO/TF1e-2_25x/TF1e-2_25x.rep2.bam.bai
[W::hts_idx_load3] The index file is older than the data file: /bip7_disk/pingting114/mixed_bam/COLO829_PAO/TF1e-2_25x/TF1e-2_25x.rep2.bam.bai
[W::hts_idx_load3] The index file is older than the data file: /bip7_disk/pingting114/mixed_bam/COLO829_PAO/TF1e-2_25x/TF1e-2_25x.rep2.bam.bai
[W::hts_idx_load3] The index file is older than the data file: /bip7_disk/pingting114/mixed_bam/COLO829_PAO/TF1e-2_25x/TF1e-2_25x.rep2.bam.bai
[W::hts_idx_load3] The index file is older than the data file: /bip7_disk/pingting114/mixed_bam/COLO829_PAO/TF1e-2_25x/TF1e-2_25x.rep2.bam.bai
[W::hts_idx_load3] The index file is older than the data file: /bip7_disk/pingting114/mixed_bam/COLO829_PAO/TF1e-2_25x/TF1e-2_25x.rep2.bam.bai
[W::hts_idx_load3] The index file is older than the data file: /bip7_disk/pingting114/mixed_bam/COLO829_PAO/TF1e-2_25x/TF1e-2_25x.rep2.bam.bai
[W::bam_next_basemod] MM tag refers to bases beyond sequence length
[W::bam_next_basemod] MM tag refers to bases beyond sequence length
[W::bam_next_basemod] MM tag refers to bases beyond sequence length
[W::hts_idx_load3] The index file is older than the data file: /bip7_disk/pingting114/mixed_bam/COLO829_PAO/TF1e-2_25x/TF1e-2_25x.rep2.bam.bai
[W::hts_idx_load3] The index file is older than the data file: /bip7_disk/pingting114/mixed_bam/COLO829_PAO/TF1e-2_25x/TF1e-2_25x.rep2.bam.bai
[W::hts_idx_load3] The index file is older than the data file: /bip7_disk/pingting114/mixed_bam/COLO829_PAO/TF1e-2_25x/TF1e-2_25x.rep2.bam.bai
[W::hts_idx_load3] The index file is older than the data file: /bip7_disk/pingting114/mixed_bam/COLO829_PAO/TF1e-2_25x/TF1e-2_25x.rep2.bam.bai
[W::hts_idx_load3] The index file is older than the data file: /bip7_disk/pingting114/mixed_bam/COLO829_PAO/TF1e-2_25x/TF1e-2_25x.rep2.bam.bai
[W::bam_next_basemod] MM tag refers to bases beyond sequence length
[W::hts_idx_load3] The index file is older than the data file: /bip7_disk/pingting114/mixed_bam/COLO829_PAO/TF1e-2_25x/TF1e-2_25x.rep2.bam.bai
[W::hts_idx_load3] The index file is older than the data file: /bip7_disk/pingting114/mixed_bam/COLO829_PAO/TF1e-2_25x/TF1e-2_25x.rep2.bam.bai
[W::hts_idx_load3] The index file is older than the data file: /bip7_disk/pingting114/mixed_bam/COLO829_PAO/TF1e-2_25x/TF1e-2_25x.rep2.bam.bai
[W::hts_idx_load3] The index file is older than the data file: /bip7_disk/pingting114/mixed_bam/COLO829_PAO/TF1e-2_25x/TF1e-2_25x.rep2.bam.bai
[W::hts_idx_load3] The index file is older than the data file: /bip7_disk/pingting114/mixed_bam/COLO829_PAO/TF1e-2_25x/TF1e-2_25x.rep2.bam.bai
[W::hts_idx_load3] The index file is older than the data file: /bip7_disk/pingting114/mixed_bam/COLO829_PAO/TF1e-2_25x/TF1e-2_25x.rep2.bam.bai
[W::bam_next_basemod] MM tag refers to bases beyond sequence length
[W::hts_idx_load3] The index file is older than the data file: /bip7_disk/pingting114/mixed_bam/COLO829_PAO/TF1e-2_25x/TF1e-2_25x.rep2.bam.bai
[W::bam_next_basemod] MM tag refers to bases beyond sequence length
[W::hts_idx_load3] The index file is older than the data file: /bip7_disk/pingting114/mixed_bam/COLO829_PAO/TF1e-2_25x/TF1e-2_25x.rep2.bam.bai
[W::hts_idx_load3] The index file is older than the data file: /bip7_disk/pingting114/mixed_bam/COLO829_PAO/TF1e-2_25x/TF1e-2_25x.rep2.bam.bai
[W::bam_next_basemod] MM tag refers to bases beyond sequence length
[W::hts_idx_load3] The index file is older than the data file: /bip7_disk/pingting114/mixed_bam/COLO829_PAO/TF1e-2_25x/TF1e-2_25x.rep2.bam.bai
[W::bam_next_basemod] MM tag refers to bases beyond sequence length
[W::hts_idx_load3] The index file is older than the data file: /bip7_disk/pingting114/mixed_bam/COLO829_PAO/TF1e-2_25x/TF1e-2_25x.rep2.bam.bai
[W::hts_idx_load3] The index file is older than the data file: /bip7_disk/pingting114/mixed_bam/COLO829_PAO/TF1e-2_25x/TF1e-2_25x.rep2.bam.bai
[W::hts_idx_load3] The index file is older than the data file: /bip7_disk/pingting114/mixed_bam/COLO829_PAO/TF1e-2_25x/TF1e-2_25x.rep2.bam.bai
[W::hts_idx_load3] The index file is older than the data file: /bip7_disk/pingting114/mixed_bam/COLO829_PAO/TF1e-2_25x/TF1e-2_25x.rep2.bam.bai
[W::bam_next_basemod] MM tag refers to bases beyond sequence length
[W::hts_idx_load3] The index file is older than the data file: /bip7_disk/pingting114/mixed_bam/COLO829_PAO/TF1e-2_25x/TF1e-2_25x.rep2.bam.bai
[E::bam_parse_basemod2] 8c927e55-2f7e-424d-9679-08c5732bbdf8: MM tag refers to bases beyond sequence length
[E::bam_parse_basemod2] d0b48f66-335a-4fba-81ef-8740e9f2f507: MM tag refers to bases beyond sequence length
[W::hts_idx_load3] The index file is older than the data file: /bip7_disk/pingting114/mixed_bam/COLO829_PAO/TF1e-2_25x/TF1e-2_25x.rep2.bam.bai
[W::bam_next_basemod] MM tag refers to bases beyond sequence length
[E::bam_parse_basemod2] bc126ebd-cc1b-4080-867e-f19013843dd7: MM tag refers to bases beyond sequence length
[E::bam_parse_basemod2] b0e82921-f222-485c-bc74-1bee8fa75410: MM tag refers to bases beyond sequence length
[W::hts_idx_load3] The index file is older than the data file: /bip7_disk/pingting114/mixed_bam/COLO829_PAO/TF1e-2_25x/TF1e-2_25x.rep2.bam.bai
[W::bam_next_basemod] MM tag refers to bases beyond sequence length
[W::hts_idx_load3] The index file is older than the data file: /bip7_disk/pingting114/mixed_bam/COLO829_PAO/TF1e-2_25x/TF1e-2_25x.rep2.bam.bai
[W::hts_idx_load3] The index file is older than the data file: /bip7_disk/pingting114/mixed_bam/COLO829_PAO/TF1e-2_25x/TF1e-2_25x.rep2.bam.bai
[W::hts_idx_load3] The index file is older than the data file: /bip7_disk/pingting114/mixed_bam/COLO829_PAO/TF1e-2_25x/TF1e-2_25x.rep2.bam.bai
[W::hts_idx_load3] The index file is older than the data file: /bip7_disk/pingting114/mixed_bam/COLO829_PAO/TF1e-2_25x/TF1e-2_25x.rep2.bam.bai
[W::hts_idx_load3] The index file is older than the data file: /bip7_disk/pingting114/mixed_bam/COLO829_PAO/TF1e-2_25x/TF1e-2_25x.rep2.bam.bai
[W::bam_next_basemod] MM tag refers to bases beyond sequence length
[W::hts_idx_load3] The index file is older than the data file: /bip7_disk/pingting114/mixed_bam/COLO829_PAO/TF1e-2_25x/TF1e-2_25x.rep2.bam.bai
[W::hts_idx_load3] The index file is older than the data file: /bip7_disk/pingting114/mixed_bam/COLO829_PAO/TF1e-2_25x/TF1e-2_25x.rep2.bam.bai
[W::bam_next_basemod] MM tag refers to bases beyond sequence length
[W::hts_idx_load3] The index file is older than the data file: /bip7_disk/pingting114/mixed_bam/COLO829_PAO/TF1e-2_25x/TF1e-2_25x.rep2.bam.bai
[W::hts_idx_load3] The index file is older than the data file: /bip7_disk/pingting114/mixed_bam/COLO829_PAO/TF1e-2_25x/TF1e-2_25x.rep2.bam.bai
[W::hts_idx_load3] The index file is older than the data file: /bip7_disk/pingting114/mixed_bam/COLO829_PAO/TF1e-2_25x/TF1e-2_25x.rep2.bam.bai
[W::hts_idx_load3] The index file is older than the data file: /bip7_disk/pingting114/mixed_bam/COLO829_PAO/TF1e-2_25x/TF1e-2_25x.rep2.bam.bai
[W::hts_idx_load3] The index file is older than the data file: /bip7_disk/pingting114/mixed_bam/COLO829_PAO/TF1e-2_25x/TF1e-2_25x.rep2.bam.bai
[E::bam_parse_basemod2] 6e56b1b5-f83c-4f89-a73f-b724bafd0815: MM tag refers to bases beyond sequence length
[W::bam_next_basemod] MM tag refers to bases beyond sequence length
[W::hts_idx_load3] The index file is older than the data file: /bip7_disk/pingting114/mixed_bam/COLO829_PAO/TF1e-2_25x/TF1e-2_25x.rep2.bam.bai
[W::bam_next_basemod] MM tag refers to bases beyond sequence length
[W::hts_idx_load3] The index file is older than the data file: /bip7_disk/pingting114/mixed_bam/COLO829_PAO/TF1e-2_25x/TF1e-2_25x.rep2.bam.bai
[E::bam_parse_basemod2] 32d08d74-b7c1-461e-9811-0f53086741ed: MM tag refers to bases beyond sequence length
[W::hts_idx_load3] The index file is older than the data file: /bip7_disk/pingting114/mixed_bam/COLO829_PAO/TF1e-2_25x/TF1e-2_25x.rep2.bam.bai
[W::bam_next_basemod] MM tag refers to bases beyond sequence length
[W::hts_idx_load3] The index file is older than the data file: /bip7_disk/pingting114/mixed_bam/COLO829_PAO/TF1e-2_25x/TF1e-2_25x.rep2.bam.bai
[W::hts_idx_load3] The index file is older than the data file: /bip7_disk/pingting114/mixed_bam/COLO829_PAO/TF1e-2_25x/TF1e-2_25x.rep2.bam.bai
[W::hts_idx_load3] The index file is older than the data file: /bip7_disk/pingting114/mixed_bam/COLO829_PAO/TF1e-2_25x/TF1e-2_25x.rep2.bam.bai
[W::hts_idx_load3] The index file is older than the data file: /bip7_disk/pingting114/mixed_bam/COLO829_PAO/TF1e-2_25x/TF1e-2_25x.rep2.bam.bai
[E::bam_parse_basemod2] 00a3ddca-96d0-40e1-8b33-fb303d82e26d: MM tag refers to bases beyond sequence length
[W::hts_idx_load3] The index file is older than the data file: /bip7_disk/pingting114/mixed_bam/COLO829_PAO/TF1e-2_25x/TF1e-2_25x.rep2.bam.bai
[E::bam_parse_basemod2] 473da472-816c-4ddf-afe7-12ba51296218: MM tag refers to bases beyond sequence length
[W::hts_idx_load3] The index file is older than the data file: /bip7_disk/pingting114/mixed_bam/COLO829_PAO/TF1e-2_25x/TF1e-2_25x.rep2.bam.bai
[W::hts_idx_load3] The index file is older than the data file: /bip7_disk/pingting114/mixed_bam/COLO829_PAO/TF1e-2_25x/TF1e-2_25x.rep2.bam.bai
[W::hts_idx_load3] The index file is older than the data file: /bip7_disk/pingting114/mixed_bam/COLO829_PAO/TF1e-2_25x/TF1e-2_25x.rep2.bam.bai
[W::bam_next_basemod] MM tag refers to bases beyond sequence length
[W::hts_idx_load3] The index file is older than the data file: /bip7_disk/pingting114/mixed_bam/COLO829_PAO/TF1e-2_25x/TF1e-2_25x.rep2.bam.bai
[W::hts_idx_load3] The index file is older than the data file: /bip7_disk/pingting114/mixed_bam/COLO829_PAO/TF1e-2_25x/TF1e-2_25x.rep2.bam.bai
[W::hts_idx_load3] The index file is older than the data file: /bip7_disk/pingting114/mixed_bam/COLO829_PAO/TF1e-2_25x/TF1e-2_25x.rep2.bam.bai
[W::hts_idx_load3] The index file is older than the data file: /bip7_disk/pingting114/mixed_bam/COLO829_PAO/TF1e-2_25x/TF1e-2_25x.rep2.bam.bai
[W::hts_idx_load3] The index file is older than the data file: /bip7_disk/pingting114/mixed_bam/COLO829_PAO/TF1e-2_25x/TF1e-2_25x.rep2.bam.bai
[W::hts_idx_load3] The index file is older than the data file: /bip7_disk/pingting114/mixed_bam/COLO829_PAO/TF1e-2_25x/TF1e-2_25x.rep2.bam.bai
[W::hts_idx_load3] The index file is older than the data file: /bip7_disk/pingting114/mixed_bam/COLO829_PAO/TF1e-2_25x/TF1e-2_25x.rep2.bam.bai
[W::hts_idx_load3] The index file is older than the data file: /bip7_disk/pingting114/mixed_bam/COLO829_PAO/TF1e-2_25x/TF1e-2_25x.rep2.bam.bai
[W::hts_idx_load3] The index file is older than the data file: /bip7_disk/pingting114/mixed_bam/COLO829_PAO/TF1e-2_25x/TF1e-2_25x.rep2.bam.bai
[W::hts_idx_load3] The index file is older than the data file: /bip7_disk/pingting114/mixed_bam/COLO829_PAO/TF1e-2_25x/TF1e-2_25x.rep2.bam.bai
[W::hts_idx_load3] The index file is older than the data file: /bip7_disk/pingting114/mixed_bam/COLO829_PAO/TF1e-2_25x/TF1e-2_25x.rep2.bam.bai
[W::hts_idx_load3] The index file is older than the data file: /bip7_disk/pingting114/mixed_bam/COLO829_PAO/TF1e-2_25x/TF1e-2_25x.rep2.bam.bai
[W::hts_idx_load3] The index file is older than the data file: /bip7_disk/pingting114/mixed_bam/COLO829_PAO/TF1e-2_25x/TF1e-2_25x.rep2.bam.bai
[W::hts_idx_load3] The index file is older than the data file: /bip7_disk/pingting114/mixed_bam/COLO829_PAO/TF1e-2_25x/TF1e-2_25x.rep2.bam.bai
[W::hts_idx_load3] The index file is older than the data file: /bip7_disk/pingting114/mixed_bam/COLO829_PAO/TF1e-2_25x/TF1e-2_25x.rep2.bam.bai
[W::hts_idx_load3] The index file is older than the data file: /bip7_disk/pingting114/mixed_bam/COLO829_PAO/TF1e-2_25x/TF1e-2_25x.rep2.bam.bai
[W::bam_next_basemod] MM tag refers to bases beyond sequence length
[E::bam_parse_basemod2] 6450febd-ffe0-4889-bb52-7592dddd63e9: MM tag refers to bases beyond sequence length
[E::bam_parse_basemod2] e80f4080-c168-471b-bf5d-c19f9025b864: MM tag refers to bases beyond sequence length
[E::bam_parse_basemod2] c3fddab9-ad87-42c8-8f8e-696720b01278: MM tag refers to bases beyond sequence length
[W::bam_next_basemod] MM tag refers to bases beyond sequence length
[E::bam_parse_basemod2] dbcae2d1-c216-41c8-8aba-b8899126a7aa: MM tag refers to bases beyond sequence length
[E::bam_parse_basemod2] b416c016-5830-496d-b6ff-2a6e229d4e36: MM tag refers to bases beyond sequence length
[W::bam_next_basemod] MM tag refers to bases beyond sequence length
[W::hts_idx_load3] The index file is older than the data file: /bip7_disk/pingting114/mixed_bam/COLO829_PAO/TF1e-2_25x/TF1e-2_25x.rep2.bam.bai
[W::hts_idx_load3] The index file is older than the data file: /bip7_disk/pingting114/mixed_bam/COLO829_PAO/TF1e-2_25x/TF1e-2_25x.rep2.bam.bai
[W::hts_idx_load3] The index file is older than the data file: /bip7_disk/pingting114/mixed_bam/COLO829_PAO/TF1e-2_25x/TF1e-2_25x.rep2.bam.bai
[W::hts_idx_load3] The index file is older than the data file: /bip7_disk/pingting114/mixed_bam/COLO829_PAO/TF1e-2_25x/TF1e-2_25x.rep2.bam.bai
[W::hts_idx_load3] The index file is older than the data file: /bip7_disk/pingting114/mixed_bam/COLO829_PAO/TF1e-2_25x/TF1e-2_25x.rep2.bam.bai
[W::hts_idx_load3] The index file is older than the data file: /bip7_disk/pingting114/mixed_bam/COLO829_PAO/TF1e-2_25x/TF1e-2_25x.rep2.bam.bai
[W::hts_idx_load3] The index file is older than the data file: /bip7_disk/pingting114/mixed_bam/COLO829_PAO/TF1e-2_25x/TF1e-2_25x.rep2.bam.bai
[W::hts_idx_load3] The index file is older than the data file: /bip7_disk/pingting114/mixed_bam/COLO829_PAO/TF1e-2_25x/TF1e-2_25x.rep2.bam.bai
[W::bam_next_basemod] MM tag refers to bases beyond sequence length
[W::hts_idx_load3] The index file is older than the data file: /bip7_disk/pingting114/mixed_bam/COLO829_PAO/TF1e-2_25x/TF1e-2_25x.rep2.bam.bai
[E::bam_parse_basemod2] 6819d0cb-6c3e-4049-8ca2-d7f01eb5acf7: MM tag refers to bases beyond sequence length
  TF1e-2_25x.rep2.bam cand 2500/4000
[W::hts_idx_load3] The index file is older than the data file: /bip7_disk/pingting114/mixed_bam/COLO829_PAO/TF1e-2_25x/TF1e-2_25x.rep2.bam.bai
[W::hts_idx_load3] The index file is older than the data file: /bip7_disk/pingting114/mixed_bam/COLO829_PAO/TF1e-2_25x/TF1e-2_25x.rep2.bam.bai
[W::hts_idx_load3] The index file is older than the data file: /bip7_disk/pingting114/mixed_bam/COLO829_PAO/TF1e-2_25x/TF1e-2_25x.rep2.bam.bai
[E::bam_parse_basemod2] 8267193b-7359-4f38-93e4-fe3f5914b52e: MM tag refers to bases beyond sequence length
[W::hts_idx_load3] The index file is older than the data file: /bip7_disk/pingting114/mixed_bam/COLO829_PAO/TF1e-2_25x/TF1e-2_25x.rep2.bam.bai
[W::hts_idx_load3] The index file is older than the data file: /bip7_disk/pingting114/mixed_bam/COLO829_PAO/TF1e-2_25x/TF1e-2_25x.rep2.bam.bai
[W::hts_idx_load3] The index file is older than the data file: /bip7_disk/pingting114/mixed_bam/COLO829_PAO/TF1e-2_25x/TF1e-2_25x.rep2.bam.bai
[W::hts_idx_load3] The index file is older than the data file: /bip7_disk/pingting114/mixed_bam/COLO829_PAO/TF1e-2_25x/TF1e-2_25x.rep2.bam.bai
[W::bam_next_basemod] MM tag refers to bases beyond sequence length
[W::hts_idx_load3] The index file is older than the data file: /bip7_disk/pingting114/mixed_bam/COLO829_PAO/TF1e-2_25x/TF1e-2_25x.rep2.bam.bai
[W::hts_idx_load3] The index file is older than the data file: /bip7_disk/pingting114/mixed_bam/COLO829_PAO/TF1e-2_25x/TF1e-2_25x.rep2.bam.bai
[W::hts_idx_load3] The index file is older than the data file: /bip7_disk/pingting114/mixed_bam/COLO829_PAO/TF1e-2_25x/TF1e-2_25x.rep2.bam.bai
[W::hts_idx_load3] The index file is older than the data file: /bip7_disk/pingting114/mixed_bam/COLO829_PAO/TF1e-2_25x/TF1e-2_25x.rep2.bam.bai
[W::hts_idx_load3] The index file is older than the data file: /bip7_disk/pingting114/mixed_bam/COLO829_PAO/TF1e-2_25x/TF1e-2_25x.rep2.bam.bai
[W::hts_idx_load3] The index file is older than the data file: /bip7_disk/pingting114/mixed_bam/COLO829_PAO/TF1e-2_25x/TF1e-2_25x.rep2.bam.bai
[W::hts_idx_load3] The index file is older than the data file: /bip7_disk/pingting114/mixed_bam/COLO829_PAO/TF1e-2_25x/TF1e-2_25x.rep2.bam.bai
[W::hts_idx_load3] The index file is older than the data file: /bip7_disk/pingting114/mixed_bam/COLO829_PAO/TF1e-2_25x/TF1e-2_25x.rep2.bam.bai
[W::hts_idx_load3] The index file is older than the data file: /bip7_disk/pingting114/mixed_bam/COLO829_PAO/TF1e-2_25x/TF1e-2_25x.rep2.bam.bai
[W::hts_idx_load3] The index file is older than the data file: /bip7_disk/pingting114/mixed_bam/COLO829_PAO/TF1e-2_25x/TF1e-2_25x.rep2.bam.bai
[W::hts_idx_load3] The index file is older than the data file: /bip7_disk/pingting114/mixed_bam/COLO829_PAO/TF1e-2_25x/TF1e-2_25x.rep2.bam.bai
[W::hts_idx_load3] The index file is older than the data file: /bip7_disk/pingting114/mixed_bam/COLO829_PAO/TF1e-2_25x/TF1e-2_25x.rep2.bam.bai
[W::hts_idx_load3] The index file is older than the data file: /bip7_disk/pingting114/mixed_bam/COLO829_PAO/TF1e-2_25x/TF1e-2_25x.rep2.bam.bai
[W::hts_idx_load3] The index file is older than the data file: /bip7_disk/pingting114/mixed_bam/COLO829_PAO/TF1e-2_25x/TF1e-2_25x.rep2.bam.bai
[W::hts_idx_load3] The index file is older than the data file: /bip7_disk/pingting114/mixed_bam/COLO829_PAO/TF1e-2_25x/TF1e-2_25x.rep2.bam.bai
[W::hts_idx_load3] The index file is older than the data file: /bip7_disk/pingting114/mixed_bam/COLO829_PAO/TF1e-2_25x/TF1e-2_25x.rep2.bam.bai
[W::hts_idx_load3] The index file is older than the data file: /bip7_disk/pingting114/mixed_bam/COLO829_PAO/TF1e-2_25x/TF1e-2_25x.rep2.bam.bai
[W::bam_next_basemod] MM tag refers to bases beyond sequence length
[W::hts_idx_load3] The index file is older than the data file: /bip7_disk/pingting114/mixed_bam/COLO829_PAO/TF1e-2_25x/TF1e-2_25x.rep2.bam.bai
[W::hts_idx_load3] The index file is older than the data file: /bip7_disk/pingting114/mixed_bam/COLO829_PAO/TF1e-2_25x/TF1e-2_25x.rep2.bam.bai
[W::hts_idx_load3] The index file is older than the data file: /bip7_disk/pingting114/mixed_bam/COLO829_PAO/TF1e-2_25x/TF1e-2_25x.rep2.bam.bai
[W::hts_idx_load3] The index file is older than the data file: /bip7_disk/pingting114/mixed_bam/COLO829_PAO/TF1e-2_25x/TF1e-2_25x.rep2.bam.bai
[W::hts_idx_load3] The index file is older than the data file: /bip7_disk/pingting114/mixed_bam/COLO829_PAO/TF1e-2_25x/TF1e-2_25x.rep2.bam.bai
[W::hts_idx_load3] The index file is older than the data file: /bip7_disk/pingting114/mixed_bam/COLO829_PAO/TF1e-2_25x/TF1e-2_25x.rep2.bam.bai
[W::hts_idx_load3] The index file is older than the data file: /bip7_disk/pingting114/mixed_bam/COLO829_PAO/TF1e-2_25x/TF1e-2_25x.rep2.bam.bai
[W::bam_next_basemod] MM tag refers to bases beyond sequence length
[E::bam_parse_basemod2] f4e3064a-e8e7-4bbe-b2ee-a2308e29dbd9: MM tag refers to bases beyond sequence length
[W::hts_idx_load3] The index file is older than the data file: /bip7_disk/pingting114/mixed_bam/COLO829_PAO/TF1e-2_25x/TF1e-2_25x.rep2.bam.bai
[W::hts_idx_load3] The index file is older than the data file: /bip7_disk/pingting114/mixed_bam/COLO829_PAO/TF1e-2_25x/TF1e-2_25x.rep2.bam.bai
[W::bam_next_basemod] MM tag refers to bases beyond sequence length
[W::bam_next_basemod] MM tag refers to bases beyond sequence length
[W::hts_idx_load3] The index file is older than the data file: /bip7_disk/pingting114/mixed_bam/COLO829_PAO/TF1e-2_25x/TF1e-2_25x.rep2.bam.bai
[W::hts_idx_load3] The index file is older than the data file: /bip7_disk/pingting114/mixed_bam/COLO829_PAO/TF1e-2_25x/TF1e-2_25x.rep2.bam.bai
[W::hts_idx_load3] The index file is older than the data file: /bip7_disk/pingting114/mixed_bam/COLO829_PAO/TF1e-2_25x/TF1e-2_25x.rep2.bam.bai
[W::hts_idx_load3] The index file is older than the data file: /bip7_disk/pingting114/mixed_bam/COLO829_PAO/TF1e-2_25x/TF1e-2_25x.rep2.bam.bai
[W::hts_idx_load3] The index file is older than the data file: /bip7_disk/pingting114/mixed_bam/COLO829_PAO/TF1e-2_25x/TF1e-2_25x.rep2.bam.bai
[W::bam_next_basemod] MM tag refers to bases beyond sequence length
[E::bam_parse_basemod2] 87b0d8c2-6921-4b86-811f-23f57206a0b1: MM tag refers to bases beyond sequence length
[W::hts_idx_load3] The index file is older than the data file: /bip7_disk/pingting114/mixed_bam/COLO829_PAO/TF1e-2_25x/TF1e-2_25x.rep2.bam.bai
[W::hts_idx_load3] The index file is older than the data file: /bip7_disk/pingting114/mixed_bam/COLO829_PAO/TF1e-2_25x/TF1e-2_25x.rep2.bam.bai
[W::hts_idx_load3] The index file is older than the data file: /bip7_disk/pingting114/mixed_bam/COLO829_PAO/TF1e-2_25x/TF1e-2_25x.rep2.bam.bai
[W::hts_idx_load3] The index file is older than the data file: /bip7_disk/pingting114/mixed_bam/COLO829_PAO/TF1e-2_25x/TF1e-2_25x.rep2.bam.bai
[W::hts_idx_load3] The index file is older than the data file: /bip7_disk/pingting114/mixed_bam/COLO829_PAO/TF1e-2_25x/TF1e-2_25x.rep2.bam.bai
[W::hts_idx_load3] The index file is older than the data file: /bip7_disk/pingting114/mixed_bam/COLO829_PAO/TF1e-2_25x/TF1e-2_25x.rep2.bam.bai
[W::hts_idx_load3] The index file is older than the data file: /bip7_disk/pingting114/mixed_bam/COLO829_PAO/TF1e-2_25x/TF1e-2_25x.rep2.bam.bai
[W::hts_idx_load3] The index file is older than the data file: /bip7_disk/pingting114/mixed_bam/COLO829_PAO/TF1e-2_25x/TF1e-2_25x.rep2.bam.bai
[E::bam_parse_basemod2] c4571965-16df-4c2f-8a8d-bc2b7326cec0: MM tag refers to bases beyond sequence length
[W::hts_idx_load3] The index file is older than the data file: /bip7_disk/pingting114/mixed_bam/COLO829_PAO/TF1e-2_25x/TF1e-2_25x.rep2.bam.bai
[W::hts_idx_load3] The index file is older than the data file: /bip7_disk/pingting114/mixed_bam/COLO829_PAO/TF1e-2_25x/TF1e-2_25x.rep2.bam.bai
[W::hts_idx_load3] The index file is older than the data file: /bip7_disk/pingting114/mixed_bam/COLO829_PAO/TF1e-2_25x/TF1e-2_25x.rep2.bam.bai
[W::hts_idx_load3] The index file is older than the data file: /bip7_disk/pingting114/mixed_bam/COLO829_PAO/TF1e-2_25x/TF1e-2_25x.rep2.bam.bai
[W::hts_idx_load3] The index file is older than the data file: /bip7_disk/pingting114/mixed_bam/COLO829_PAO/TF1e-2_25x/TF1e-2_25x.rep2.bam.bai
[W::hts_idx_load3] The index file is older than the data file: /bip7_disk/pingting114/mixed_bam/COLO829_PAO/TF1e-2_25x/TF1e-2_25x.rep2.bam.bai
[W::hts_idx_load3] The index file is older than the data file: /bip7_disk/pingting114/mixed_bam/COLO829_PAO/TF1e-2_25x/TF1e-2_25x.rep2.bam.bai
[W::hts_idx_load3] The index file is older than the data file: /bip7_disk/pingting114/mixed_bam/COLO829_PAO/TF1e-2_25x/TF1e-2_25x.rep2.bam.bai
[W::hts_idx_load3] The index file is older than the data file: /bip7_disk/pingting114/mixed_bam/COLO829_PAO/TF1e-2_25x/TF1e-2_25x.rep2.bam.bai
[W::bam_next_basemod] MM tag refers to bases beyond sequence length
[W::bam_next_basemod] MM tag refers to bases beyond sequence length
[W::hts_idx_load3] The index file is older than the data file: /bip7_disk/pingting114/mixed_bam/COLO829_PAO/TF1e-2_25x/TF1e-2_25x.rep2.bam.bai
[W::hts_idx_load3] The index file is older than the data file: /bip7_disk/pingting114/mixed_bam/COLO829_PAO/TF1e-2_25x/TF1e-2_25x.rep2.bam.bai
[W::hts_idx_load3] The index file is older than the data file: /bip7_disk/pingting114/mixed_bam/COLO829_PAO/TF1e-2_25x/TF1e-2_25x.rep2.bam.bai
[W::bam_next_basemod] MM tag refers to bases beyond sequence length
[W::hts_idx_load3] The index file is older than the data file: /bip7_disk/pingting114/mixed_bam/COLO829_PAO/TF1e-2_25x/TF1e-2_25x.rep2.bam.bai
[W::hts_idx_load3] The index file is older than the data file: /bip7_disk/pingting114/mixed_bam/COLO829_PAO/TF1e-2_25x/TF1e-2_25x.rep2.bam.bai
[W::bam_next_basemod] MM tag refers to bases beyond sequence length
[W::hts_idx_load3] The index file is older than the data file: /bip7_disk/pingting114/mixed_bam/COLO829_PAO/TF1e-2_25x/TF1e-2_25x.rep2.bam.bai
[W::hts_idx_load3] The index file is older than the data file: /bip7_disk/pingting114/mixed_bam/COLO829_PAO/TF1e-2_25x/TF1e-2_25x.rep2.bam.bai
[W::hts_idx_load3] The index file is older than the data file: /bip7_disk/pingting114/mixed_bam/COLO829_PAO/TF1e-2_25x/TF1e-2_25x.rep2.bam.bai
[W::hts_idx_load3] The index file is older than the data file: /bip7_disk/pingting114/mixed_bam/COLO829_PAO/TF1e-2_25x/TF1e-2_25x.rep2.bam.bai
[W::bam_next_basemod] MM tag refers to bases beyond sequence length
[W::hts_idx_load3] The index file is older than the data file: /bip7_disk/pingting114/mixed_bam/COLO829_PAO/TF1e-2_25x/TF1e-2_25x.rep2.bam.bai
[W::hts_idx_load3] The index file is older than the data file: /bip7_disk/pingting114/mixed_bam/COLO829_PAO/TF1e-2_25x/TF1e-2_25x.rep2.bam.bai
[W::hts_idx_load3] The index file is older than the data file: /bip7_disk/pingting114/mixed_bam/COLO829_PAO/TF1e-2_25x/TF1e-2_25x.rep2.bam.bai
[W::bam_next_basemod] MM tag refers to bases beyond sequence length
[W::hts_idx_load3] The index file is older than the data file: /bip7_disk/pingting114/mixed_bam/COLO829_PAO/TF1e-2_25x/TF1e-2_25x.rep2.bam.bai
[W::hts_idx_load3] The index file is older than the data file: /bip7_disk/pingting114/mixed_bam/COLO829_PAO/TF1e-2_25x/TF1e-2_25x.rep2.bam.bai
[W::hts_idx_load3] The index file is older than the data file: /bip7_disk/pingting114/mixed_bam/COLO829_PAO/TF1e-2_25x/TF1e-2_25x.rep2.bam.bai
[W::hts_idx_load3] The index file is older than the data file: /bip7_disk/pingting114/mixed_bam/COLO829_PAO/TF1e-2_25x/TF1e-2_25x.rep2.bam.bai
[W::hts_idx_load3] The index file is older than the data file: /bip7_disk/pingting114/mixed_bam/COLO829_PAO/TF1e-2_25x/TF1e-2_25x.rep2.bam.bai
[W::hts_idx_load3] The index file is older than the data file: /bip7_disk/pingting114/mixed_bam/COLO829_PAO/TF1e-2_25x/TF1e-2_25x.rep2.bam.bai
[W::hts_idx_load3] The index file is older than the data file: /bip7_disk/pingting114/mixed_bam/COLO829_PAO/TF1e-2_25x/TF1e-2_25x.rep2.bam.bai
[W::hts_idx_load3] The index file is older than the data file: /bip7_disk/pingting114/mixed_bam/COLO829_PAO/TF1e-2_25x/TF1e-2_25x.rep2.bam.bai
[E::bam_parse_basemod2] 9cc46c4c-f2e5-4c97-9f35-b2a77aaffa8c: MM tag refers to bases beyond sequence length
[W::hts_idx_load3] The index file is older than the data file: /bip7_disk/pingting114/mixed_bam/COLO829_PAO/TF1e-2_25x/TF1e-2_25x.rep2.bam.bai
[W::hts_idx_load3] The index file is older than the data file: /bip7_disk/pingting114/mixed_bam/COLO829_PAO/TF1e-2_25x/TF1e-2_25x.rep2.bam.bai
[W::hts_idx_load3] The index file is older than the data file: /bip7_disk/pingting114/mixed_bam/COLO829_PAO/TF1e-2_25x/TF1e-2_25x.rep2.bam.bai
[E::bam_parse_basemod2] 8217c24a-ccf1-4a5d-9ecf-2b3212c83f44: MM tag refers to bases beyond sequence length
[W::hts_idx_load3] The index file is older than the data file: /bip7_disk/pingting114/mixed_bam/COLO829_PAO/TF1e-2_25x/TF1e-2_25x.rep2.bam.bai
[W::hts_idx_load3] The index file is older than the data file: /bip7_disk/pingting114/mixed_bam/COLO829_PAO/TF1e-2_25x/TF1e-2_25x.rep2.bam.bai
[W::hts_idx_load3] The index file is older than the data file: /bip7_disk/pingting114/mixed_bam/COLO829_PAO/TF1e-2_25x/TF1e-2_25x.rep2.bam.bai
[W::hts_idx_load3] The index file is older than the data file: /bip7_disk/pingting114/mixed_bam/COLO829_PAO/TF1e-2_25x/TF1e-2_25x.rep2.bam.bai
[W::hts_idx_load3] The index file is older than the data file: /bip7_disk/pingting114/mixed_bam/COLO829_PAO/TF1e-2_25x/TF1e-2_25x.rep2.bam.bai
[W::hts_idx_load3] The index file is older than the data file: /bip7_disk/pingting114/mixed_bam/COLO829_PAO/TF1e-2_25x/TF1e-2_25x.rep2.bam.bai
[W::hts_idx_load3] The index file is older than the data file: /bip7_disk/pingting114/mixed_bam/COLO829_PAO/TF1e-2_25x/TF1e-2_25x.rep2.bam.bai
[W::hts_idx_load3] The index file is older than the data file: /bip7_disk/pingting114/mixed_bam/COLO829_PAO/TF1e-2_25x/TF1e-2_25x.rep2.bam.bai
[W::hts_idx_load3] The index file is older than the data file: /bip7_disk/pingting114/mixed_bam/COLO829_PAO/TF1e-2_25x/TF1e-2_25x.rep2.bam.bai
[W::bam_next_basemod] MM tag refers to bases beyond sequence length
[E::bam_parse_basemod2] ab1c1de3-265a-46e9-bfe0-525248f85704: MM tag refers to bases beyond sequence length
[W::hts_idx_load3] The index file is older than the data file: /bip7_disk/pingting114/mixed_bam/COLO829_PAO/TF1e-2_25x/TF1e-2_25x.rep2.bam.bai
[W::hts_idx_load3] The index file is older than the data file: /bip7_disk/pingting114/mixed_bam/COLO829_PAO/TF1e-2_25x/TF1e-2_25x.rep2.bam.bai
[W::hts_idx_load3] The index file is older than the data file: /bip7_disk/pingting114/mixed_bam/COLO829_PAO/TF1e-2_25x/TF1e-2_25x.rep2.bam.bai
[W::hts_idx_load3] The index file is older than the data file: /bip7_disk/pingting114/mixed_bam/COLO829_PAO/TF1e-2_25x/TF1e-2_25x.rep2.bam.bai
[W::hts_idx_load3] The index file is older than the data file: /bip7_disk/pingting114/mixed_bam/COLO829_PAO/TF1e-2_25x/TF1e-2_25x.rep2.bam.bai
[W::hts_idx_load3] The index file is older than the data file: /bip7_disk/pingting114/mixed_bam/COLO829_PAO/TF1e-2_25x/TF1e-2_25x.rep2.bam.bai
[W::hts_idx_load3] The index file is older than the data file: /bip7_disk/pingting114/mixed_bam/COLO829_PAO/TF1e-2_25x/TF1e-2_25x.rep2.bam.bai
[W::hts_idx_load3] The index file is older than the data file: /bip7_disk/pingting114/mixed_bam/COLO829_PAO/TF1e-2_25x/TF1e-2_25x.rep2.bam.bai
[W::bam_next_basemod] MM tag refers to bases beyond sequence length
[W::bam_next_basemod] MM tag refers to bases beyond sequence length
[W::hts_idx_load3] The index file is older than the data file: /bip7_disk/pingting114/mixed_bam/COLO829_PAO/TF1e-2_25x/TF1e-2_25x.rep2.bam.bai
[W::hts_idx_load3] The index file is older than the data file: /bip7_disk/pingting114/mixed_bam/COLO829_PAO/TF1e-2_25x/TF1e-2_25x.rep2.bam.bai
[W::hts_idx_load3] The index file is older than the data file: /bip7_disk/pingting114/mixed_bam/COLO829_PAO/TF1e-2_25x/TF1e-2_25x.rep2.bam.bai
[W::hts_idx_load3] The index file is older than the data file: /bip7_disk/pingting114/mixed_bam/COLO829_PAO/TF1e-2_25x/TF1e-2_25x.rep2.bam.bai
[W::hts_idx_load3] The index file is older than the data file: /bip7_disk/pingting114/mixed_bam/COLO829_PAO/TF1e-2_25x/TF1e-2_25x.rep2.bam.bai
[W::bam_next_basemod] MM tag refers to bases beyond sequence length
[W::hts_idx_load3] The index file is older than the data file: /bip7_disk/pingting114/mixed_bam/COLO829_PAO/TF1e-2_25x/TF1e-2_25x.rep2.bam.bai
[E::bam_parse_basemod2] bb34068b-652f-4d03-8e2c-2978cae9ddcd: MM tag refers to bases beyond sequence length
[W::hts_idx_load3] The index file is older than the data file: /bip7_disk/pingting114/mixed_bam/COLO829_PAO/TF1e-2_25x/TF1e-2_25x.rep2.bam.bai
[W::hts_idx_load3] The index file is older than the data file: /bip7_disk/pingting114/mixed_bam/COLO829_PAO/TF1e-2_25x/TF1e-2_25x.rep2.bam.bai
[W::hts_idx_load3] The index file is older than the data file: /bip7_disk/pingting114/mixed_bam/COLO829_PAO/TF1e-2_25x/TF1e-2_25x.rep2.bam.bai
[E::bam_parse_basemod2] 023d9bec-e8fd-4746-a5b1-29f0f03c92cb: MM tag refers to bases beyond sequence length
[W::hts_idx_load3] The index file is older than the data file: /bip7_disk/pingting114/mixed_bam/COLO829_PAO/TF1e-2_25x/TF1e-2_25x.rep2.bam.bai
[W::hts_idx_load3] The index file is older than the data file: /bip7_disk/pingting114/mixed_bam/COLO829_PAO/TF1e-2_25x/TF1e-2_25x.rep2.bam.bai
[W::bam_next_basemod] MM tag refers to bases beyond sequence length
[E::bam_parse_basemod2] c62b43e7-930d-4a6b-9c2a-c7dc70da1757: MM tag refers to bases beyond sequence length
[W::hts_idx_load3] The index file is older than the data file: /bip7_disk/pingting114/mixed_bam/COLO829_PAO/TF1e-2_25x/TF1e-2_25x.rep2.bam.bai
[W::hts_idx_load3] The index file is older than the data file: /bip7_disk/pingting114/mixed_bam/COLO829_PAO/TF1e-2_25x/TF1e-2_25x.rep2.bam.bai
[W::hts_idx_load3] The index file is older than the data file: /bip7_disk/pingting114/mixed_bam/COLO829_PAO/TF1e-2_25x/TF1e-2_25x.rep2.bam.bai
[W::hts_idx_load3] The index file is older than the data file: /bip7_disk/pingting114/mixed_bam/COLO829_PAO/TF1e-2_25x/TF1e-2_25x.rep2.bam.bai
[W::hts_idx_load3] The index file is older than the data file: /bip7_disk/pingting114/mixed_bam/COLO829_PAO/TF1e-2_25x/TF1e-2_25x.rep2.bam.bai
[W::hts_idx_load3] The index file is older than the data file: /bip7_disk/pingting114/mixed_bam/COLO829_PAO/TF1e-2_25x/TF1e-2_25x.rep2.bam.bai
[E::bam_parse_basemod2] 47638394-73d9-4518-adab-8ba6f5d6e69f: MM tag refers to bases beyond sequence length
[W::hts_idx_load3] The index file is older than the data file: /bip7_disk/pingting114/mixed_bam/COLO829_PAO/TF1e-2_25x/TF1e-2_25x.rep2.bam.bai
[W::hts_idx_load3] The index file is older than the data file: /bip7_disk/pingting114/mixed_bam/COLO829_PAO/TF1e-2_25x/TF1e-2_25x.rep2.bam.bai
[W::hts_idx_load3] The index file is older than the data file: /bip7_disk/pingting114/mixed_bam/COLO829_PAO/TF1e-2_25x/TF1e-2_25x.rep2.bam.bai
[W::hts_idx_load3] The index file is older than the data file: /bip7_disk/pingting114/mixed_bam/COLO829_PAO/TF1e-2_25x/TF1e-2_25x.rep2.bam.bai
[W::hts_idx_load3] The index file is older than the data file: /bip7_disk/pingting114/mixed_bam/COLO829_PAO/TF1e-2_25x/TF1e-2_25x.rep2.bam.bai
[W::hts_idx_load3] The index file is older than the data file: /bip7_disk/pingting114/mixed_bam/COLO829_PAO/TF1e-2_25x/TF1e-2_25x.rep2.bam.bai
[E::bam_parse_basemod2] dc3a0d4b-a9e5-45ed-a65a-f386d598424e: MM tag refers to bases beyond sequence length
[W::hts_idx_load3] The index file is older than the data file: /bip7_disk/pingting114/mixed_bam/COLO829_PAO/TF1e-2_25x/TF1e-2_25x.rep2.bam.bai
[W::hts_idx_load3] The index file is older than the data file: /bip7_disk/pingting114/mixed_bam/COLO829_PAO/TF1e-2_25x/TF1e-2_25x.rep2.bam.bai
[W::hts_idx_load3] The index file is older than the data file: /bip7_disk/pingting114/mixed_bam/COLO829_PAO/TF1e-2_25x/TF1e-2_25x.rep2.bam.bai
[W::hts_idx_load3] The index file is older than the data file: /bip7_disk/pingting114/mixed_bam/COLO829_PAO/TF1e-2_25x/TF1e-2_25x.rep2.bam.bai
[E::bam_parse_basemod2] 37d8d966-324e-4f35-b397-8b43b9ff8a42: MM tag refers to bases beyond sequence length
[W::hts_idx_load3] The index file is older than the data file: /bip7_disk/pingting114/mixed_bam/COLO829_PAO/TF1e-2_25x/TF1e-2_25x.rep2.bam.bai
[W::hts_idx_load3] The index file is older than the data file: /bip7_disk/pingting114/mixed_bam/COLO829_PAO/TF1e-2_25x/TF1e-2_25x.rep2.bam.bai
[W::hts_idx_load3] The index file is older than the data file: /bip7_disk/pingting114/mixed_bam/COLO829_PAO/TF1e-2_25x/TF1e-2_25x.rep2.bam.bai
[W::hts_idx_load3] The index file is older than the data file: /bip7_disk/pingting114/mixed_bam/COLO829_PAO/TF1e-2_25x/TF1e-2_25x.rep2.bam.bai
[W::bam_next_basemod] MM tag refers to bases beyond sequence length
[W::hts_idx_load3] The index file is older than the data file: /bip7_disk/pingting114/mixed_bam/COLO829_PAO/TF1e-2_25x/TF1e-2_25x.rep2.bam.bai
[W::hts_idx_load3] The index file is older than the data file: /bip7_disk/pingting114/mixed_bam/COLO829_PAO/TF1e-2_25x/TF1e-2_25x.rep2.bam.bai
[W::hts_idx_load3] The index file is older than the data file: /bip7_disk/pingting114/mixed_bam/COLO829_PAO/TF1e-2_25x/TF1e-2_25x.rep2.bam.bai
[W::bam_next_basemod] MM tag refers to bases beyond sequence length
[W::hts_idx_load3] The index file is older than the data file: /bip7_disk/pingting114/mixed_bam/COLO829_PAO/TF1e-2_25x/TF1e-2_25x.rep2.bam.bai
[W::hts_idx_load3] The index file is older than the data file: /bip7_disk/pingting114/mixed_bam/COLO829_PAO/TF1e-2_25x/TF1e-2_25x.rep2.bam.bai
[W::hts_idx_load3] The index file is older than the data file: /bip7_disk/pingting114/mixed_bam/COLO829_PAO/TF1e-2_25x/TF1e-2_25x.rep2.bam.bai
[W::hts_idx_load3] The index file is older than the data file: /bip7_disk/pingting114/mixed_bam/COLO829_PAO/TF1e-2_25x/TF1e-2_25x.rep2.bam.bai
[W::bam_next_basemod] MM tag refers to bases beyond sequence length
[W::hts_idx_load3] The index file is older than the data file: /bip7_disk/pingting114/mixed_bam/COLO829_PAO/TF1e-2_25x/TF1e-2_25x.rep2.bam.bai
[W::bam_next_basemod] MM tag refers to bases beyond sequence length
[W::hts_idx_load3] The index file is older than the data file: /bip7_disk/pingting114/mixed_bam/COLO829_PAO/TF1e-2_25x/TF1e-2_25x.rep2.bam.bai
[E::bam_parse_basemod2] adbeca43-3f6a-41ae-ad63-1d5fb0af9661: MM tag refers to bases beyond sequence length
[W::hts_idx_load3] The index file is older than the data file: /bip7_disk/pingting114/mixed_bam/COLO829_PAO/TF1e-2_25x/TF1e-2_25x.rep2.bam.bai
[W::hts_idx_load3] The index file is older than the data file: /bip7_disk/pingting114/mixed_bam/COLO829_PAO/TF1e-2_25x/TF1e-2_25x.rep2.bam.bai
[W::hts_idx_load3] The index file is older than the data file: /bip7_disk/pingting114/mixed_bam/COLO829_PAO/TF1e-2_25x/TF1e-2_25x.rep2.bam.bai
[E::bam_parse_basemod2] 7efb763a-c3b1-4f9f-8b18-78ef8509a91e: MM tag refers to bases beyond sequence length
[W::bam_next_basemod] MM tag refers to bases beyond sequence length
[W::hts_idx_load3] The index file is older than the data file: /bip7_disk/pingting114/mixed_bam/COLO829_PAO/TF1e-2_25x/TF1e-2_25x.rep2.bam.bai
[W::hts_idx_load3] The index file is older than the data file: /bip7_disk/pingting114/mixed_bam/COLO829_PAO/TF1e-2_25x/TF1e-2_25x.rep2.bam.bai
[W::bam_next_basemod] MM tag refers to bases beyond sequence length
[W::bam_next_basemod] MM tag refers to bases beyond sequence length
[W::hts_idx_load3] The index file is older than the data file: /bip7_disk/pingting114/mixed_bam/COLO829_PAO/TF1e-2_25x/TF1e-2_25x.rep2.bam.bai
[W::hts_idx_load3] The index file is older than the data file: /bip7_disk/pingting114/mixed_bam/COLO829_PAO/TF1e-2_25x/TF1e-2_25x.rep2.bam.bai
[W::hts_idx_load3] The index file is older than the data file: /bip7_disk/pingting114/mixed_bam/COLO829_PAO/TF1e-2_25x/TF1e-2_25x.rep2.bam.bai
[W::hts_idx_load3] The index file is older than the data file: /bip7_disk/pingting114/mixed_bam/COLO829_PAO/TF1e-2_25x/TF1e-2_25x.rep2.bam.bai
[W::bam_next_basemod] MM tag refers to bases beyond sequence length
[E::bam_parse_basemod2] 13def9c1-c2aa-496c-a4fc-5f2c304b21bf: MM tag refers to bases beyond sequence length
[W::hts_idx_load3] The index file is older than the data file: /bip7_disk/pingting114/mixed_bam/COLO829_PAO/TF1e-2_25x/TF1e-2_25x.rep2.bam.bai
[W::bam_next_basemod] MM tag refers to bases beyond sequence length
[W::hts_idx_load3] The index file is older than the data file: /bip7_disk/pingting114/mixed_bam/COLO829_PAO/TF1e-2_25x/TF1e-2_25x.rep2.bam.bai
[W::hts_idx_load3] The index file is older than the data file: /bip7_disk/pingting114/mixed_bam/COLO829_PAO/TF1e-2_25x/TF1e-2_25x.rep2.bam.bai
[E::bam_parse_basemod2] f1e4bee4-d628-46d3-8427-6225537e0776: MM tag refers to bases beyond sequence length
[W::hts_idx_load3] The index file is older than the data file: /bip7_disk/pingting114/mixed_bam/COLO829_PAO/TF1e-2_25x/TF1e-2_25x.rep2.bam.bai
[W::bam_next_basemod] MM tag refers to bases beyond sequence length
[W::bam_next_basemod] MM tag refers to bases beyond sequence length
[W::hts_idx_load3] The index file is older than the data file: /bip7_disk/pingting114/mixed_bam/COLO829_PAO/TF1e-2_25x/TF1e-2_25x.rep2.bam.bai
[W::hts_idx_load3] The index file is older than the data file: /bip7_disk/pingting114/mixed_bam/COLO829_PAO/TF1e-2_25x/TF1e-2_25x.rep2.bam.bai
[W::hts_idx_load3] The index file is older than the data file: /bip7_disk/pingting114/mixed_bam/COLO829_PAO/TF1e-2_25x/TF1e-2_25x.rep2.bam.bai
[W::bam_next_basemod] MM tag refers to bases beyond sequence length
[W::bam_next_basemod] MM tag refers to bases beyond sequence length
[W::hts_idx_load3] The index file is older than the data file: /bip7_disk/pingting114/mixed_bam/COLO829_PAO/TF1e-2_25x/TF1e-2_25x.rep2.bam.bai
[E::bam_parse_basemod2] da52163e-66b4-460a-9352-00133d8d505f: MM tag refers to bases beyond sequence length
[W::hts_idx_load3] The index file is older than the data file: /bip7_disk/pingting114/mixed_bam/COLO829_PAO/TF1e-2_25x/TF1e-2_25x.rep2.bam.bai
[W::hts_idx_load3] The index file is older than the data file: /bip7_disk/pingting114/mixed_bam/COLO829_PAO/TF1e-2_25x/TF1e-2_25x.rep2.bam.bai
[W::hts_idx_load3] The index file is older than the data file: /bip7_disk/pingting114/mixed_bam/COLO829_PAO/TF1e-2_25x/TF1e-2_25x.rep2.bam.bai
[W::hts_idx_load3] The index file is older than the data file: /bip7_disk/pingting114/mixed_bam/COLO829_PAO/TF1e-2_25x/TF1e-2_25x.rep2.bam.bai
[W::hts_idx_load3] The index file is older than the data file: /bip7_disk/pingting114/mixed_bam/COLO829_PAO/TF1e-2_25x/TF1e-2_25x.rep2.bam.bai
[W::hts_idx_load3] The index file is older than the data file: /bip7_disk/pingting114/mixed_bam/COLO829_PAO/TF1e-2_25x/TF1e-2_25x.rep2.bam.bai
[W::hts_idx_load3] The index file is older than the data file: /bip7_disk/pingting114/mixed_bam/COLO829_PAO/TF1e-2_25x/TF1e-2_25x.rep2.bam.bai
[W::hts_idx_load3] The index file is older than the data file: /bip7_disk/pingting114/mixed_bam/COLO829_PAO/TF1e-2_25x/TF1e-2_25x.rep2.bam.bai
[W::hts_idx_load3] The index file is older than the data file: /bip7_disk/pingting114/mixed_bam/COLO829_PAO/TF1e-2_25x/TF1e-2_25x.rep2.bam.bai
[W::hts_idx_load3] The index file is older than the data file: /bip7_disk/pingting114/mixed_bam/COLO829_PAO/TF1e-2_25x/TF1e-2_25x.rep2.bam.bai
[W::hts_idx_load3] The index file is older than the data file: /bip7_disk/pingting114/mixed_bam/COLO829_PAO/TF1e-2_25x/TF1e-2_25x.rep2.bam.bai
[E::bam_parse_basemod2] fe88b674-64af-4bb7-aec5-1014d676ed1b: MM tag refers to bases beyond sequence length
[W::hts_idx_load3] The index file is older than the data file: /bip7_disk/pingting114/mixed_bam/COLO829_PAO/TF1e-2_25x/TF1e-2_25x.rep2.bam.bai
[W::hts_idx_load3] The index file is older than the data file: /bip7_disk/pingting114/mixed_bam/COLO829_PAO/TF1e-2_25x/TF1e-2_25x.rep2.bam.bai
[E::bam_parse_basemod2] eeba65a7-b8e8-41e7-9a3e-cd02252321a7: MM tag refers to bases beyond sequence length
[W::hts_idx_load3] The index file is older than the data file: /bip7_disk/pingting114/mixed_bam/COLO829_PAO/TF1e-2_25x/TF1e-2_25x.rep2.bam.bai
[W::hts_idx_load3] The index file is older than the data file: /bip7_disk/pingting114/mixed_bam/COLO829_PAO/TF1e-2_25x/TF1e-2_25x.rep2.bam.bai
[W::bam_next_basemod] MM tag refers to bases beyond sequence length
[W::hts_idx_load3] The index file is older than the data file: /bip7_disk/pingting114/mixed_bam/COLO829_PAO/TF1e-2_25x/TF1e-2_25x.rep2.bam.bai
[W::hts_idx_load3] The index file is older than the data file: /bip7_disk/pingting114/mixed_bam/COLO829_PAO/TF1e-2_25x/TF1e-2_25x.rep2.bam.bai
[W::hts_idx_load3] The index file is older than the data file: /bip7_disk/pingting114/mixed_bam/COLO829_PAO/TF1e-2_25x/TF1e-2_25x.rep2.bam.bai
[W::bam_next_basemod] MM tag refers to bases beyond sequence length
[W::hts_idx_load3] The index file is older than the data file: /bip7_disk/pingting114/mixed_bam/COLO829_PAO/TF1e-2_25x/TF1e-2_25x.rep2.bam.bai
[W::hts_idx_load3] The index file is older than the data file: /bip7_disk/pingting114/mixed_bam/COLO829_PAO/TF1e-2_25x/TF1e-2_25x.rep2.bam.bai
[W::hts_idx_load3] The index file is older than the data file: /bip7_disk/pingting114/mixed_bam/COLO829_PAO/TF1e-2_25x/TF1e-2_25x.rep2.bam.bai
[W::hts_idx_load3] The index file is older than the data file: /bip7_disk/pingting114/mixed_bam/COLO829_PAO/TF1e-2_25x/TF1e-2_25x.rep2.bam.bai
[W::hts_idx_load3] The index file is older than the data file: /bip7_disk/pingting114/mixed_bam/COLO829_PAO/TF1e-2_25x/TF1e-2_25x.rep2.bam.bai
[W::hts_idx_load3] The index file is older than the data file: /bip7_disk/pingting114/mixed_bam/COLO829_PAO/TF1e-2_25x/TF1e-2_25x.rep2.bam.bai
[E::bam_parse_basemod2] 478e7022-a43d-43e1-b935-7d0bfeac9bfb: MM tag refers to bases beyond sequence length
[W::hts_idx_load3] The index file is older than the data file: /bip7_disk/pingting114/mixed_bam/COLO829_PAO/TF1e-2_25x/TF1e-2_25x.rep2.bam.bai
[W::bam_next_basemod] MM tag refers to bases beyond sequence length
[W::hts_idx_load3] The index file is older than the data file: /bip7_disk/pingting114/mixed_bam/COLO829_PAO/TF1e-2_25x/TF1e-2_25x.rep2.bam.bai
[W::hts_idx_load3] The index file is older than the data file: /bip7_disk/pingting114/mixed_bam/COLO829_PAO/TF1e-2_25x/TF1e-2_25x.rep2.bam.bai
[W::bam_next_basemod] MM tag refers to bases beyond sequence length
[W::hts_idx_load3] The index file is older than the data file: /bip7_disk/pingting114/mixed_bam/COLO829_PAO/TF1e-2_25x/TF1e-2_25x.rep2.bam.bai
[W::bam_next_basemod] MM tag refers to bases beyond sequence length
[W::hts_idx_load3] The index file is older than the data file: /bip7_disk/pingting114/mixed_bam/COLO829_PAO/TF1e-2_25x/TF1e-2_25x.rep2.bam.bai
[W::bam_next_basemod] MM tag refers to bases beyond sequence length
[W::hts_idx_load3] The index file is older than the data file: /bip7_disk/pingting114/mixed_bam/COLO829_PAO/TF1e-2_25x/TF1e-2_25x.rep2.bam.bai
[W::bam_next_basemod] MM tag refers to bases beyond sequence length
[W::hts_idx_load3] The index file is older than the data file: /bip7_disk/pingting114/mixed_bam/COLO829_PAO/TF1e-2_25x/TF1e-2_25x.rep2.bam.bai
[W::hts_idx_load3] The index file is older than the data file: /bip7_disk/pingting114/mixed_bam/COLO829_PAO/TF1e-2_25x/TF1e-2_25x.rep2.bam.bai
[W::hts_idx_load3] The index file is older than the data file: /bip7_disk/pingting114/mixed_bam/COLO829_PAO/TF1e-2_25x/TF1e-2_25x.rep2.bam.bai
[W::hts_idx_load3] The index file is older than the data file: /bip7_disk/pingting114/mixed_bam/COLO829_PAO/TF1e-2_25x/TF1e-2_25x.rep2.bam.bai
[W::hts_idx_load3] The index file is older than the data file: /bip7_disk/pingting114/mixed_bam/COLO829_PAO/TF1e-2_25x/TF1e-2_25x.rep2.bam.bai
[E::bam_parse_basemod2] a081d99a-82ab-4606-bb34-bd279d689699: MM tag refers to bases beyond sequence length
[W::hts_idx_load3] The index file is older than the data file: /bip7_disk/pingting114/mixed_bam/COLO829_PAO/TF1e-2_25x/TF1e-2_25x.rep2.bam.bai
[W::hts_idx_load3] The index file is older than the data file: /bip7_disk/pingting114/mixed_bam/COLO829_PAO/TF1e-2_25x/TF1e-2_25x.rep2.bam.bai
[W::hts_idx_load3] The index file is older than the data file: /bip7_disk/pingting114/mixed_bam/COLO829_PAO/TF1e-2_25x/TF1e-2_25x.rep2.bam.bai
[W::hts_idx_load3] The index file is older than the data file: /bip7_disk/pingting114/mixed_bam/COLO829_PAO/TF1e-2_25x/TF1e-2_25x.rep2.bam.bai
[W::hts_idx_load3] The index file is older than the data file: /bip7_disk/pingting114/mixed_bam/COLO829_PAO/TF1e-2_25x/TF1e-2_25x.rep2.bam.bai
[W::hts_idx_load3] The index file is older than the data file: /bip7_disk/pingting114/mixed_bam/COLO829_PAO/TF1e-2_25x/TF1e-2_25x.rep2.bam.bai
[W::hts_idx_load3] The index file is older than the data file: /bip7_disk/pingting114/mixed_bam/COLO829_PAO/TF1e-2_25x/TF1e-2_25x.rep2.bam.bai
[W::hts_idx_load3] The index file is older than the data file: /bip7_disk/pingting114/mixed_bam/COLO829_PAO/TF1e-2_25x/TF1e-2_25x.rep2.bam.bai
[W::bam_next_basemod] MM tag refers to bases beyond sequence length
[W::hts_idx_load3] The index file is older than the data file: /bip7_disk/pingting114/mixed_bam/COLO829_PAO/TF1e-2_25x/TF1e-2_25x.rep2.bam.bai
[W::hts_idx_load3] The index file is older than the data file: /bip7_disk/pingting114/mixed_bam/COLO829_PAO/TF1e-2_25x/TF1e-2_25x.rep2.bam.bai
[W::bam_next_basemod] MM tag refers to bases beyond sequence length
[E::bam_parse_basemod2] 6311de66-e2dc-4cd5-b26c-c3d6ee163314: MM tag refers to bases beyond sequence length
[W::hts_idx_load3] The index file is older than the data file: /bip7_disk/pingting114/mixed_bam/COLO829_PAO/TF1e-2_25x/TF1e-2_25x.rep2.bam.bai
[E::bam_parse_basemod2] bf9666b2-e165-44a9-9366-37d01140db31: MM tag refers to bases beyond sequence length
[W::hts_idx_load3] The index file is older than the data file: /bip7_disk/pingting114/mixed_bam/COLO829_PAO/TF1e-2_25x/TF1e-2_25x.rep2.bam.bai
[E::bam_parse_basemod2] f0710927-a234-4833-aa53-5bae2ecea1cb: MM tag refers to bases beyond sequence length
[W::hts_idx_load3] The index file is older than the data file: /bip7_disk/pingting114/mixed_bam/COLO829_PAO/TF1e-2_25x/TF1e-2_25x.rep2.bam.bai
[W::bam_next_basemod] MM tag refers to bases beyond sequence length
[W::bam_next_basemod] MM tag refers to bases beyond sequence length
[W::hts_idx_load3] The index file is older than the data file: /bip7_disk/pingting114/mixed_bam/COLO829_PAO/TF1e-2_25x/TF1e-2_25x.rep2.bam.bai
[W::hts_idx_load3] The index file is older than the data file: /bip7_disk/pingting114/mixed_bam/COLO829_PAO/TF1e-2_25x/TF1e-2_25x.rep2.bam.bai
[W::hts_idx_load3] The index file is older than the data file: /bip7_disk/pingting114/mixed_bam/COLO829_PAO/TF1e-2_25x/TF1e-2_25x.rep2.bam.bai
[W::hts_idx_load3] The index file is older than the data file: /bip7_disk/pingting114/mixed_bam/COLO829_PAO/TF1e-2_25x/TF1e-2_25x.rep2.bam.bai
[E::bam_parse_basemod2] a88212be-58bb-41a7-a518-6395a4dd78aa: MM tag refers to bases beyond sequence length
[W::bam_next_basemod] MM tag refers to bases beyond sequence length
[W::hts_idx_load3] The index file is older than the data file: /bip7_disk/pingting114/mixed_bam/COLO829_PAO/TF1e-2_25x/TF1e-2_25x.rep2.bam.bai
[W::hts_idx_load3] The index file is older than the data file: /bip7_disk/pingting114/mixed_bam/COLO829_PAO/TF1e-2_25x/TF1e-2_25x.rep2.bam.bai
[W::hts_idx_load3] The index file is older than the data file: /bip7_disk/pingting114/mixed_bam/COLO829_PAO/TF1e-2_25x/TF1e-2_25x.rep2.bam.bai
[W::hts_idx_load3] The index file is older than the data file: /bip7_disk/pingting114/mixed_bam/COLO829_PAO/TF1e-2_25x/TF1e-2_25x.rep2.bam.bai
[W::hts_idx_load3] The index file is older than the data file: /bip7_disk/pingting114/mixed_bam/COLO829_PAO/TF1e-2_25x/TF1e-2_25x.rep2.bam.bai
[E::bam_parse_basemod2] 0fdd6e69-b3b8-4a1d-8d11-a329d9ee40f4: MM tag refers to bases beyond sequence length
[W::hts_idx_load3] The index file is older than the data file: /bip7_disk/pingting114/mixed_bam/COLO829_PAO/TF1e-2_25x/TF1e-2_25x.rep2.bam.bai
[W::hts_idx_load3] The index file is older than the data file: /bip7_disk/pingting114/mixed_bam/COLO829_PAO/TF1e-2_25x/TF1e-2_25x.rep2.bam.bai
[W::bam_next_basemod] MM tag refers to bases beyond sequence length
[W::hts_idx_load3] The index file is older than the data file: /bip7_disk/pingting114/mixed_bam/COLO829_PAO/TF1e-2_25x/TF1e-2_25x.rep2.bam.bai
[W::bam_next_basemod] MM tag refers to bases beyond sequence length
[W::hts_idx_load3] The index file is older than the data file: /bip7_disk/pingting114/mixed_bam/COLO829_PAO/TF1e-2_25x/TF1e-2_25x.rep2.bam.bai
[W::hts_idx_load3] The index file is older than the data file: /bip7_disk/pingting114/mixed_bam/COLO829_PAO/TF1e-2_25x/TF1e-2_25x.rep2.bam.bai
[W::hts_idx_load3] The index file is older than the data file: /bip7_disk/pingting114/mixed_bam/COLO829_PAO/TF1e-2_25x/TF1e-2_25x.rep2.bam.bai
[W::hts_idx_load3] The index file is older than the data file: /bip7_disk/pingting114/mixed_bam/COLO829_PAO/TF1e-2_25x/TF1e-2_25x.rep2.bam.bai
[W::hts_idx_load3] The index file is older than the data file: /bip7_disk/pingting114/mixed_bam/COLO829_PAO/TF1e-2_25x/TF1e-2_25x.rep2.bam.bai
[W::hts_idx_load3] The index file is older than the data file: /bip7_disk/pingting114/mixed_bam/COLO829_PAO/TF1e-2_25x/TF1e-2_25x.rep2.bam.bai
[W::hts_idx_load3] The index file is older than the data file: /bip7_disk/pingting114/mixed_bam/COLO829_PAO/TF1e-2_25x/TF1e-2_25x.rep2.bam.bai
[W::hts_idx_load3] The index file is older than the data file: /bip7_disk/pingting114/mixed_bam/COLO829_PAO/TF1e-2_25x/TF1e-2_25x.rep2.bam.bai
[E::bam_parse_basemod2] 29ae28ea-edeb-4e37-925a-3dbcd3640d1f: MM tag refers to bases beyond sequence length
[W::hts_idx_load3] The index file is older than the data file: /bip7_disk/pingting114/mixed_bam/COLO829_PAO/TF1e-2_25x/TF1e-2_25x.rep2.bam.bai
[W::hts_idx_load3] The index file is older than the data file: /bip7_disk/pingting114/mixed_bam/COLO829_PAO/TF1e-2_25x/TF1e-2_25x.rep2.bam.bai
[E::bam_parse_basemod2] 8bc2ab47-e2eb-48e5-89af-c1cffbd53b08: MM tag refers to bases beyond sequence length
[E::bam_parse_basemod2] e3ca72f2-cb89-45c2-9ba0-9cb53ebd6afa: MM tag refers to bases beyond sequence length
[W::hts_idx_load3] The index file is older than the data file: /bip7_disk/pingting114/mixed_bam/COLO829_PAO/TF1e-2_25x/TF1e-2_25x.rep2.bam.bai
[W::hts_idx_load3] The index file is older than the data file: /bip7_disk/pingting114/mixed_bam/COLO829_PAO/TF1e-2_25x/TF1e-2_25x.rep2.bam.bai
[W::hts_idx_load3] The index file is older than the data file: /bip7_disk/pingting114/mixed_bam/COLO829_PAO/TF1e-2_25x/TF1e-2_25x.rep2.bam.bai
[W::hts_idx_load3] The index file is older than the data file: /bip7_disk/pingting114/mixed_bam/COLO829_PAO/TF1e-2_25x/TF1e-2_25x.rep2.bam.bai
[W::hts_idx_load3] The index file is older than the data file: /bip7_disk/pingting114/mixed_bam/COLO829_PAO/TF1e-2_25x/TF1e-2_25x.rep2.bam.bai
[W::bam_next_basemod] MM tag refers to bases beyond sequence length
[W::hts_idx_load3] The index file is older than the data file: /bip7_disk/pingting114/mixed_bam/COLO829_PAO/TF1e-2_25x/TF1e-2_25x.rep2.bam.bai
[W::hts_idx_load3] The index file is older than the data file: /bip7_disk/pingting114/mixed_bam/COLO829_PAO/TF1e-2_25x/TF1e-2_25x.rep2.bam.bai
[W::hts_idx_load3] The index file is older than the data file: /bip7_disk/pingting114/mixed_bam/COLO829_PAO/TF1e-2_25x/TF1e-2_25x.rep2.bam.bai
[W::bam_next_basemod] MM tag refers to bases beyond sequence length
[W::hts_idx_load3] The index file is older than the data file: /bip7_disk/pingting114/mixed_bam/COLO829_PAO/TF1e-2_25x/TF1e-2_25x.rep2.bam.bai
[W::hts_idx_load3] The index file is older than the data file: /bip7_disk/pingting114/mixed_bam/COLO829_PAO/TF1e-2_25x/TF1e-2_25x.rep2.bam.bai
[W::hts_idx_load3] The index file is older than the data file: /bip7_disk/pingting114/mixed_bam/COLO829_PAO/TF1e-2_25x/TF1e-2_25x.rep2.bam.bai
[W::bam_next_basemod] MM tag refers to bases beyond sequence length
[E::bam_parse_basemod2] ac4a3948-59e2-4c70-b22c-6d4f9020f2a8: MM tag refers to bases beyond sequence length
[W::hts_idx_load3] The index file is older than the data file: /bip7_disk/pingting114/mixed_bam/COLO829_PAO/TF1e-2_25x/TF1e-2_25x.rep2.bam.bai
[W::hts_idx_load3] The index file is older than the data file: /bip7_disk/pingting114/mixed_bam/COLO829_PAO/TF1e-2_25x/TF1e-2_25x.rep2.bam.bai
[W::bam_next_basemod] MM tag refers to bases beyond sequence length
[E::bam_parse_basemod2] f1e0635e-c22b-4d7d-b7c6-0c2614cac343: MM tag refers to bases beyond sequence length
[W::hts_idx_load3] The index file is older than the data file: /bip7_disk/pingting114/mixed_bam/COLO829_PAO/TF1e-2_25x/TF1e-2_25x.rep2.bam.bai
[W::hts_idx_load3] The index file is older than the data file: /bip7_disk/pingting114/mixed_bam/COLO829_PAO/TF1e-2_25x/TF1e-2_25x.rep2.bam.bai
[W::hts_idx_load3] The index file is older than the data file: /bip7_disk/pingting114/mixed_bam/COLO829_PAO/TF1e-2_25x/TF1e-2_25x.rep2.bam.bai
[W::hts_idx_load3] The index file is older than the data file: /bip7_disk/pingting114/mixed_bam/COLO829_PAO/TF1e-2_25x/TF1e-2_25x.rep2.bam.bai
[W::bam_next_basemod] MM tag refers to bases beyond sequence length
[W::hts_idx_load3] The index file is older than the data file: /bip7_disk/pingting114/mixed_bam/COLO829_PAO/TF1e-2_25x/TF1e-2_25x.rep2.bam.bai
[W::bam_next_basemod] MM tag refers to bases beyond sequence length
[W::hts_idx_load3] The index file is older than the data file: /bip7_disk/pingting114/mixed_bam/COLO829_PAO/TF1e-2_25x/TF1e-2_25x.rep2.bam.bai
[E::bam_parse_basemod2] 6f0e928f-78e4-4b49-9337-7bd6f7d97f76: MM tag refers to bases beyond sequence length
[W::hts_idx_load3] The index file is older than the data file: /bip7_disk/pingting114/mixed_bam/COLO829_PAO/TF1e-2_25x/TF1e-2_25x.rep2.bam.bai
[W::hts_idx_load3] The index file is older than the data file: /bip7_disk/pingting114/mixed_bam/COLO829_PAO/TF1e-2_25x/TF1e-2_25x.rep2.bam.bai
[W::bam_next_basemod] MM tag refers to bases beyond sequence length
[W::hts_idx_load3] The index file is older than the data file: /bip7_disk/pingting114/mixed_bam/COLO829_PAO/TF1e-2_25x/TF1e-2_25x.rep2.bam.bai
[W::hts_idx_load3] The index file is older than the data file: /bip7_disk/pingting114/mixed_bam/COLO829_PAO/TF1e-2_25x/TF1e-2_25x.rep2.bam.bai
[W::bam_next_basemod] MM tag refers to bases beyond sequence length
[W::hts_idx_load3] The index file is older than the data file: /bip7_disk/pingting114/mixed_bam/COLO829_PAO/TF1e-2_25x/TF1e-2_25x.rep2.bam.bai
[W::bam_next_basemod] MM tag refers to bases beyond sequence length
[E::bam_parse_basemod2] ea45e4e5-1d39-4f1e-877d-3169da6ecd37: MM tag refers to bases beyond sequence length
[W::hts_idx_load3] The index file is older than the data file: /bip7_disk/pingting114/mixed_bam/COLO829_PAO/TF1e-2_25x/TF1e-2_25x.rep2.bam.bai
[W::hts_idx_load3] The index file is older than the data file: /bip7_disk/pingting114/mixed_bam/COLO829_PAO/TF1e-2_25x/TF1e-2_25x.rep2.bam.bai
[W::bam_next_basemod] MM tag refers to bases beyond sequence length
[E::bam_parse_basemod2] c858188f-6966-4f28-9815-3fff2f1cca2e: MM tag refers to bases beyond sequence length
[W::hts_idx_load3] The index file is older than the data file: /bip7_disk/pingting114/mixed_bam/COLO829_PAO/TF1e-2_25x/TF1e-2_25x.rep2.bam.bai
[W::bam_next_basemod] MM tag refers to bases beyond sequence length
[W::hts_idx_load3] The index file is older than the data file: /bip7_disk/pingting114/mixed_bam/COLO829_PAO/TF1e-2_25x/TF1e-2_25x.rep2.bam.bai
[W::hts_idx_load3] The index file is older than the data file: /bip7_disk/pingting114/mixed_bam/COLO829_PAO/TF1e-2_25x/TF1e-2_25x.rep2.bam.bai
[W::bam_next_basemod] MM tag refers to bases beyond sequence length
[W::hts_idx_load3] The index file is older than the data file: /bip7_disk/pingting114/mixed_bam/COLO829_PAO/TF1e-2_25x/TF1e-2_25x.rep2.bam.bai
[W::hts_idx_load3] The index file is older than the data file: /bip7_disk/pingting114/mixed_bam/COLO829_PAO/TF1e-2_25x/TF1e-2_25x.rep2.bam.bai
[W::hts_idx_load3] The index file is older than the data file: /bip7_disk/pingting114/mixed_bam/COLO829_PAO/TF1e-2_25x/TF1e-2_25x.rep2.bam.bai
[E::bam_parse_basemod2] 3201bc50-47bc-478b-baa5-fb1736255d37: MM tag refers to bases beyond sequence length
[W::hts_idx_load3] The index file is older than the data file: /bip7_disk/pingting114/mixed_bam/COLO829_PAO/TF1e-2_25x/TF1e-2_25x.rep2.bam.bai
[W::hts_idx_load3] The index file is older than the data file: /bip7_disk/pingting114/mixed_bam/COLO829_PAO/TF1e-2_25x/TF1e-2_25x.rep2.bam.bai
[W::hts_idx_load3] The index file is older than the data file: /bip7_disk/pingting114/mixed_bam/COLO829_PAO/TF1e-2_25x/TF1e-2_25x.rep2.bam.bai
[W::bam_next_basemod] MM tag refers to bases beyond sequence length
[W::hts_idx_load3] The index file is older than the data file: /bip7_disk/pingting114/mixed_bam/COLO829_PAO/TF1e-2_25x/TF1e-2_25x.rep2.bam.bai
[W::hts_idx_load3] The index file is older than the data file: /bip7_disk/pingting114/mixed_bam/COLO829_PAO/TF1e-2_25x/TF1e-2_25x.rep2.bam.bai
[E::bam_parse_basemod2] 41cc76e1-29e3-420f-b305-dafdcd60277e: MM tag refers to bases beyond sequence length
[W::hts_idx_load3] The index file is older than the data file: /bip7_disk/pingting114/mixed_bam/COLO829_PAO/TF1e-2_25x/TF1e-2_25x.rep2.bam.bai
[W::hts_idx_load3] The index file is older than the data file: /bip7_disk/pingting114/mixed_bam/COLO829_PAO/TF1e-2_25x/TF1e-2_25x.rep2.bam.bai
[W::hts_idx_load3] The index file is older than the data file: /bip7_disk/pingting114/mixed_bam/COLO829_PAO/TF1e-2_25x/TF1e-2_25x.rep2.bam.bai
[W::hts_idx_load3] The index file is older than the data file: /bip7_disk/pingting114/mixed_bam/COLO829_PAO/TF1e-2_25x/TF1e-2_25x.rep2.bam.bai
[W::hts_idx_load3] The index file is older than the data file: /bip7_disk/pingting114/mixed_bam/COLO829_PAO/TF1e-2_25x/TF1e-2_25x.rep2.bam.bai
[W::hts_idx_load3] The index file is older than the data file: /bip7_disk/pingting114/mixed_bam/COLO829_PAO/TF1e-2_25x/TF1e-2_25x.rep2.bam.bai
[W::bam_next_basemod] MM tag refers to bases beyond sequence length
[W::hts_idx_load3] The index file is older than the data file: /bip7_disk/pingting114/mixed_bam/COLO829_PAO/TF1e-2_25x/TF1e-2_25x.rep2.bam.bai
[W::bam_next_basemod] MM tag refers to bases beyond sequence length
[W::bam_next_basemod] MM tag refers to bases beyond sequence length
[E::bam_parse_basemod2] 18620641-6f5b-43d9-ae1d-9e995090b23d: MM tag refers to bases beyond sequence length
[E::bam_parse_basemod2] 1eb468de-b026-4c78-835b-e5409cf88d88: MM tag refers to bases beyond sequence length
[E::bam_parse_basemod2] 095bebb2-5623-45e4-9b65-e05405235ed3: MM tag refers to bases beyond sequence length
[E::bam_parse_basemod2] b96f547e-754f-46e8-84b3-37f02894f23b: MM tag refers to bases beyond sequence length
[E::bam_parse_basemod2] e83abfef-5889-4a08-8f80-67aab40435e4: MM tag refers to bases beyond sequence length
[E::bam_parse_basemod2] 9a0f7bbe-fcca-4f05-866b-dd9d305f028f: MM tag refers to bases beyond sequence length
[E::bam_parse_basemod2] 886520a0-07a8-4eee-8e87-52f6610cdaa3: MM tag refers to bases beyond sequence length
[W::bam_next_basemod] MM tag refers to bases beyond sequence length
[W::hts_idx_load3] The index file is older than the data file: /bip7_disk/pingting114/mixed_bam/COLO829_PAO/TF1e-2_25x/TF1e-2_25x.rep2.bam.bai
[E::bam_parse_basemod2] 2d2d9c69-4066-4dff-a577-6a3cb0eb2ec1: MM tag refers to bases beyond sequence length
[W::hts_idx_load3] The index file is older than the data file: /bip7_disk/pingting114/mixed_bam/COLO829_PAO/TF1e-2_25x/TF1e-2_25x.rep2.bam.bai
[W::bam_next_basemod] MM tag refers to bases beyond sequence length
[W::hts_idx_load3] The index file is older than the data file: /bip7_disk/pingting114/mixed_bam/COLO829_PAO/TF1e-2_25x/TF1e-2_25x.rep2.bam.bai
[W::bam_next_basemod] MM tag refers to bases beyond sequence length
[W::hts_idx_load3] The index file is older than the data file: /bip7_disk/pingting114/mixed_bam/COLO829_PAO/TF1e-2_25x/TF1e-2_25x.rep2.bam.bai
[W::hts_idx_load3] The index file is older than the data file: /bip7_disk/pingting114/mixed_bam/COLO829_PAO/TF1e-2_25x/TF1e-2_25x.rep2.bam.bai
[W::hts_idx_load3] The index file is older than the data file: /bip7_disk/pingting114/mixed_bam/COLO829_PAO/TF1e-2_25x/TF1e-2_25x.rep2.bam.bai
[W::hts_idx_load3] The index file is older than the data file: /bip7_disk/pingting114/mixed_bam/COLO829_PAO/TF1e-2_25x/TF1e-2_25x.rep2.bam.bai
[W::hts_idx_load3] The index file is older than the data file: /bip7_disk/pingting114/mixed_bam/COLO829_PAO/TF1e-2_25x/TF1e-2_25x.rep2.bam.bai
[W::hts_idx_load3] The index file is older than the data file: /bip7_disk/pingting114/mixed_bam/COLO829_PAO/TF1e-2_25x/TF1e-2_25x.rep2.bam.bai
[W::hts_idx_load3] The index file is older than the data file: /bip7_disk/pingting114/mixed_bam/COLO829_PAO/TF1e-2_25x/TF1e-2_25x.rep2.bam.bai
[E::bam_parse_basemod2] 368f54df-8c72-486d-a175-f0b886f9ed0c: MM tag refers to bases beyond sequence length
[W::hts_idx_load3] The index file is older than the data file: /bip7_disk/pingting114/mixed_bam/COLO829_PAO/TF1e-2_25x/TF1e-2_25x.rep2.bam.bai
[W::bam_next_basemod] MM tag refers to bases beyond sequence length
[W::hts_idx_load3] The index file is older than the data file: /bip7_disk/pingting114/mixed_bam/COLO829_PAO/TF1e-2_25x/TF1e-2_25x.rep2.bam.bai
[W::hts_idx_load3] The index file is older than the data file: /bip7_disk/pingting114/mixed_bam/COLO829_PAO/TF1e-2_25x/TF1e-2_25x.rep2.bam.bai
[W::hts_idx_load3] The index file is older than the data file: /bip7_disk/pingting114/mixed_bam/COLO829_PAO/TF1e-2_25x/TF1e-2_25x.rep2.bam.bai
[W::bam_next_basemod] MM tag refers to bases beyond sequence length
[W::hts_idx_load3] The index file is older than the data file: /bip7_disk/pingting114/mixed_bam/COLO829_PAO/TF1e-2_25x/TF1e-2_25x.rep2.bam.bai
[W::bam_next_basemod] MM tag refers to bases beyond sequence length
[W::hts_idx_load3] The index file is older than the data file: /bip7_disk/pingting114/mixed_bam/COLO829_PAO/TF1e-2_25x/TF1e-2_25x.rep2.bam.bai
[W::hts_idx_load3] The index file is older than the data file: /bip7_disk/pingting114/mixed_bam/COLO829_PAO/TF1e-2_25x/TF1e-2_25x.rep2.bam.bai
[W::bam_next_basemod] MM tag refers to bases beyond sequence length
[E::bam_parse_basemod2] 50748771-6bf6-4e99-82d5-35627f779005: MM tag refers to bases beyond sequence length
[W::hts_idx_load3] The index file is older than the data file: /bip7_disk/pingting114/mixed_bam/COLO829_PAO/TF1e-2_25x/TF1e-2_25x.rep2.bam.bai
[W::hts_idx_load3] The index file is older than the data file: /bip7_disk/pingting114/mixed_bam/COLO829_PAO/TF1e-2_25x/TF1e-2_25x.rep2.bam.bai
[W::hts_idx_load3] The index file is older than the data file: /bip7_disk/pingting114/mixed_bam/COLO829_PAO/TF1e-2_25x/TF1e-2_25x.rep2.bam.bai
[W::hts_idx_load3] The index file is older than the data file: /bip7_disk/pingting114/mixed_bam/COLO829_PAO/TF1e-2_25x/TF1e-2_25x.rep2.bam.bai
[W::hts_idx_load3] The index file is older than the data file: /bip7_disk/pingting114/mixed_bam/COLO829_PAO/TF1e-2_25x/TF1e-2_25x.rep2.bam.bai
[W::hts_idx_load3] The index file is older than the data file: /bip7_disk/pingting114/mixed_bam/COLO829_PAO/TF1e-2_25x/TF1e-2_25x.rep2.bam.bai
[W::hts_idx_load3] The index file is older than the data file: /bip7_disk/pingting114/mixed_bam/COLO829_PAO/TF1e-2_25x/TF1e-2_25x.rep2.bam.bai
[W::hts_idx_load3] The index file is older than the data file: /bip7_disk/pingting114/mixed_bam/COLO829_PAO/TF1e-2_25x/TF1e-2_25x.rep2.bam.bai
[W::hts_idx_load3] The index file is older than the data file: /bip7_disk/pingting114/mixed_bam/COLO829_PAO/TF1e-2_25x/TF1e-2_25x.rep2.bam.bai
[W::hts_idx_load3] The index file is older than the data file: /bip7_disk/pingting114/mixed_bam/COLO829_PAO/TF1e-2_25x/TF1e-2_25x.rep2.bam.bai
[W::hts_idx_load3] The index file is older than the data file: /bip7_disk/pingting114/mixed_bam/COLO829_PAO/TF1e-2_25x/TF1e-2_25x.rep2.bam.bai
[W::hts_idx_load3] The index file is older than the data file: /bip7_disk/pingting114/mixed_bam/COLO829_PAO/TF1e-2_25x/TF1e-2_25x.rep2.bam.bai
[W::hts_idx_load3] The index file is older than the data file: /bip7_disk/pingting114/mixed_bam/COLO829_PAO/TF1e-2_25x/TF1e-2_25x.rep2.bam.bai
[W::hts_idx_load3] The index file is older than the data file: /bip7_disk/pingting114/mixed_bam/COLO829_PAO/TF1e-2_25x/TF1e-2_25x.rep2.bam.bai
[W::bam_next_basemod] MM tag refers to bases beyond sequence length
[W::hts_idx_load3] The index file is older than the data file: /bip7_disk/pingting114/mixed_bam/COLO829_PAO/TF1e-2_25x/TF1e-2_25x.rep2.bam.bai
[E::bam_parse_basemod2] caa87ae7-6047-474a-9388-08cc47daa3ce: MM tag refers to bases beyond sequence length
[W::hts_idx_load3] The index file is older than the data file: /bip7_disk/pingting114/mixed_bam/COLO829_PAO/TF1e-2_25x/TF1e-2_25x.rep2.bam.bai
[W::hts_idx_load3] The index file is older than the data file: /bip7_disk/pingting114/mixed_bam/COLO829_PAO/TF1e-2_25x/TF1e-2_25x.rep2.bam.bai
[W::hts_idx_load3] The index file is older than the data file: /bip7_disk/pingting114/mixed_bam/COLO829_PAO/TF1e-2_25x/TF1e-2_25x.rep2.bam.bai
[W::hts_idx_load3] The index file is older than the data file: /bip7_disk/pingting114/mixed_bam/COLO829_PAO/TF1e-2_25x/TF1e-2_25x.rep2.bam.bai
[E::bam_parse_basemod2] 3251a5c8-da85-434e-9bfa-774d3550de43: MM tag refers to bases beyond sequence length
[W::hts_idx_load3] The index file is older than the data file: /bip7_disk/pingting114/mixed_bam/COLO829_PAO/TF1e-2_25x/TF1e-2_25x.rep2.bam.bai
[W::hts_idx_load3] The index file is older than the data file: /bip7_disk/pingting114/mixed_bam/COLO829_PAO/TF1e-2_25x/TF1e-2_25x.rep2.bam.bai
[W::hts_idx_load3] The index file is older than the data file: /bip7_disk/pingting114/mixed_bam/COLO829_PAO/TF1e-2_25x/TF1e-2_25x.rep2.bam.bai
[W::hts_idx_load3] The index file is older than the data file: /bip7_disk/pingting114/mixed_bam/COLO829_PAO/TF1e-2_25x/TF1e-2_25x.rep2.bam.bai
[E::bam_parse_basemod2] cabc2ef2-1ec0-4924-862f-1bbfda0ecb79: MM tag refers to bases beyond sequence length
[W::hts_idx_load3] The index file is older than the data file: /bip7_disk/pingting114/mixed_bam/COLO829_PAO/TF1e-2_25x/TF1e-2_25x.rep2.bam.bai
[E::bam_parse_basemod2] da156cc9-8930-4e4e-aa36-5a88d60bd31a: MM tag refers to bases beyond sequence length
[W::bam_next_basemod] MM tag refers to bases beyond sequence length
[W::hts_idx_load3] The index file is older than the data file: /bip7_disk/pingting114/mixed_bam/COLO829_PAO/TF1e-2_25x/TF1e-2_25x.rep2.bam.bai
[W::hts_idx_load3] The index file is older than the data file: /bip7_disk/pingting114/mixed_bam/COLO829_PAO/TF1e-2_25x/TF1e-2_25x.rep2.bam.bai
[W::hts_idx_load3] The index file is older than the data file: /bip7_disk/pingting114/mixed_bam/COLO829_PAO/TF1e-2_25x/TF1e-2_25x.rep2.bam.bai
[W::hts_idx_load3] The index file is older than the data file: /bip7_disk/pingting114/mixed_bam/COLO829_PAO/TF1e-2_25x/TF1e-2_25x.rep2.bam.bai
[W::bam_next_basemod] MM tag refers to bases beyond sequence length
[W::bam_next_basemod] MM tag refers to bases beyond sequence length
[W::hts_idx_load3] The index file is older than the data file: /bip7_disk/pingting114/mixed_bam/COLO829_PAO/TF1e-2_25x/TF1e-2_25x.rep2.bam.bai
[E::bam_parse_basemod2] ee025df7-e9ba-4567-afce-1ccf66130ea1: MM tag refers to bases beyond sequence length
[W::hts_idx_load3] The index file is older than the data file: /bip7_disk/pingting114/mixed_bam/COLO829_PAO/TF1e-2_25x/TF1e-2_25x.rep2.bam.bai
[W::hts_idx_load3] The index file is older than the data file: /bip7_disk/pingting114/mixed_bam/COLO829_PAO/TF1e-2_25x/TF1e-2_25x.rep2.bam.bai
[W::bam_next_basemod] MM tag refers to bases beyond sequence length
[W::bam_next_basemod] MM tag refers to bases beyond sequence length
[W::hts_idx_load3] The index file is older than the data file: /bip7_disk/pingting114/mixed_bam/COLO829_PAO/TF1e-2_25x/TF1e-2_25x.rep2.bam.bai
[W::hts_idx_load3] The index file is older than the data file: /bip7_disk/pingting114/mixed_bam/COLO829_PAO/TF1e-2_25x/TF1e-2_25x.rep2.bam.bai
[W::bam_next_basemod] MM tag refers to bases beyond sequence length
[W::hts_idx_load3] The index file is older than the data file: /bip7_disk/pingting114/mixed_bam/COLO829_PAO/TF1e-2_25x/TF1e-2_25x.rep2.bam.bai
[W::hts_idx_load3] The index file is older than the data file: /bip7_disk/pingting114/mixed_bam/COLO829_PAO/TF1e-2_25x/TF1e-2_25x.rep2.bam.bai
[W::bam_next_basemod] MM tag refers to bases beyond sequence length
[W::hts_idx_load3] The index file is older than the data file: /bip7_disk/pingting114/mixed_bam/COLO829_PAO/TF1e-2_25x/TF1e-2_25x.rep2.bam.bai
[E::bam_parse_basemod2] 057024c5-5fef-423f-a1ff-0ffbda7cb626: MM tag refers to bases beyond sequence length
[W::bam_next_basemod] MM tag refers to bases beyond sequence length
[W::hts_idx_load3] The index file is older than the data file: /bip7_disk/pingting114/mixed_bam/COLO829_PAO/TF1e-2_25x/TF1e-2_25x.rep2.bam.bai
[W::bam_next_basemod] MM tag refers to bases beyond sequence length
[W::hts_idx_load3] The index file is older than the data file: /bip7_disk/pingting114/mixed_bam/COLO829_PAO/TF1e-2_25x/TF1e-2_25x.rep2.bam.bai
[W::hts_idx_load3] The index file is older than the data file: /bip7_disk/pingting114/mixed_bam/COLO829_PAO/TF1e-2_25x/TF1e-2_25x.rep2.bam.bai
[W::hts_idx_load3] The index file is older than the data file: /bip7_disk/pingting114/mixed_bam/COLO829_PAO/TF1e-2_25x/TF1e-2_25x.rep2.bam.bai
[W::bam_next_basemod] MM tag refers to bases beyond sequence length
[W::hts_idx_load3] The index file is older than the data file: /bip7_disk/pingting114/mixed_bam/COLO829_PAO/TF1e-2_25x/TF1e-2_25x.rep2.bam.bai
[W::hts_idx_load3] The index file is older than the data file: /bip7_disk/pingting114/mixed_bam/COLO829_PAO/TF1e-2_25x/TF1e-2_25x.rep2.bam.bai
[W::hts_idx_load3] The index file is older than the data file: /bip7_disk/pingting114/mixed_bam/COLO829_PAO/TF1e-2_25x/TF1e-2_25x.rep2.bam.bai
[W::hts_idx_load3] The index file is older than the data file: /bip7_disk/pingting114/mixed_bam/COLO829_PAO/TF1e-2_25x/TF1e-2_25x.rep2.bam.bai
[E::bam_parse_basemod2] 4ac9164b-d727-47d5-874f-d29abbfc88b8: MM tag refers to bases beyond sequence length
[W::hts_idx_load3] The index file is older than the data file: /bip7_disk/pingting114/mixed_bam/COLO829_PAO/TF1e-2_25x/TF1e-2_25x.rep2.bam.bai
[W::hts_idx_load3] The index file is older than the data file: /bip7_disk/pingting114/mixed_bam/COLO829_PAO/TF1e-2_25x/TF1e-2_25x.rep2.bam.bai
[W::hts_idx_load3] The index file is older than the data file: /bip7_disk/pingting114/mixed_bam/COLO829_PAO/TF1e-2_25x/TF1e-2_25x.rep2.bam.bai
[W::bam_next_basemod] MM tag refers to bases beyond sequence length
[W::hts_idx_load3] The index file is older than the data file: /bip7_disk/pingting114/mixed_bam/COLO829_PAO/TF1e-2_25x/TF1e-2_25x.rep2.bam.bai
[E::bam_parse_basemod2] 7a6e4fe6-d2b4-47ce-a4d4-c0d5438aaf9f: MM tag refers to bases beyond sequence length
[W::hts_idx_load3] The index file is older than the data file: /bip7_disk/pingting114/mixed_bam/COLO829_PAO/TF1e-2_25x/TF1e-2_25x.rep2.bam.bai
[W::bam_next_basemod] MM tag refers to bases beyond sequence length
[W::hts_idx_load3] The index file is older than the data file: /bip7_disk/pingting114/mixed_bam/COLO829_PAO/TF1e-2_25x/TF1e-2_25x.rep2.bam.bai
[W::bam_next_basemod] MM tag refers to bases beyond sequence length
[W::hts_idx_load3] The index file is older than the data file: /bip7_disk/pingting114/mixed_bam/COLO829_PAO/TF1e-2_25x/TF1e-2_25x.rep2.bam.bai
[W::hts_idx_load3] The index file is older than the data file: /bip7_disk/pingting114/mixed_bam/COLO829_PAO/TF1e-2_25x/TF1e-2_25x.rep2.bam.bai
[W::hts_idx_load3] The index file is older than the data file: /bip7_disk/pingting114/mixed_bam/COLO829_PAO/TF1e-2_25x/TF1e-2_25x.rep2.bam.bai
[E::bam_parse_basemod2] aa2ba0fc-74b2-4c45-ad28-1aff6ba961e5: MM tag refers to bases beyond sequence length
[W::hts_idx_load3] The index file is older than the data file: /bip7_disk/pingting114/mixed_bam/COLO829_PAO/TF1e-2_25x/TF1e-2_25x.rep2.bam.bai
[W::bam_next_basemod] MM tag refers to bases beyond sequence length
[W::hts_idx_load3] The index file is older than the data file: /bip7_disk/pingting114/mixed_bam/COLO829_PAO/TF1e-2_25x/TF1e-2_25x.rep2.bam.bai
[W::hts_idx_load3] The index file is older than the data file: /bip7_disk/pingting114/mixed_bam/COLO829_PAO/TF1e-2_25x/TF1e-2_25x.rep2.bam.bai
[W::hts_idx_load3] The index file is older than the data file: /bip7_disk/pingting114/mixed_bam/COLO829_PAO/TF1e-2_25x/TF1e-2_25x.rep2.bam.bai
[W::hts_idx_load3] The index file is older than the data file: /bip7_disk/pingting114/mixed_bam/COLO829_PAO/TF1e-2_25x/TF1e-2_25x.rep2.bam.bai
[W::hts_idx_load3] The index file is older than the data file: /bip7_disk/pingting114/mixed_bam/COLO829_PAO/TF1e-2_25x/TF1e-2_25x.rep2.bam.bai
[W::hts_idx_load3] The index file is older than the data file: /bip7_disk/pingting114/mixed_bam/COLO829_PAO/TF1e-2_25x/TF1e-2_25x.rep2.bam.bai
[W::hts_idx_load3] The index file is older than the data file: /bip7_disk/pingting114/mixed_bam/COLO829_PAO/TF1e-2_25x/TF1e-2_25x.rep2.bam.bai
[W::hts_idx_load3] The index file is older than the data file: /bip7_disk/pingting114/mixed_bam/COLO829_PAO/TF1e-2_25x/TF1e-2_25x.rep2.bam.bai
[W::hts_idx_load3] The index file is older than the data file: /bip7_disk/pingting114/mixed_bam/COLO829_PAO/TF1e-2_25x/TF1e-2_25x.rep2.bam.bai
[W::hts_idx_load3] The index file is older than the data file: /bip7_disk/pingting114/mixed_bam/COLO829_PAO/TF1e-2_25x/TF1e-2_25x.rep2.bam.bai
[E::bam_parse_basemod2] 028bcd53-3b2e-48e1-8097-b1e48ff48057: MM tag refers to bases beyond sequence length
[W::hts_idx_load3] The index file is older than the data file: /bip7_disk/pingting114/mixed_bam/COLO829_PAO/TF1e-2_25x/TF1e-2_25x.rep2.bam.bai
[W::bam_next_basemod] MM tag refers to bases beyond sequence length
[W::hts_idx_load3] The index file is older than the data file: /bip7_disk/pingting114/mixed_bam/COLO829_PAO/TF1e-2_25x/TF1e-2_25x.rep2.bam.bai
[W::bam_next_basemod] MM tag refers to bases beyond sequence length
[W::hts_idx_load3] The index file is older than the data file: /bip7_disk/pingting114/mixed_bam/COLO829_PAO/TF1e-2_25x/TF1e-2_25x.rep2.bam.bai
[W::hts_idx_load3] The index file is older than the data file: /bip7_disk/pingting114/mixed_bam/COLO829_PAO/TF1e-2_25x/TF1e-2_25x.rep2.bam.bai
[W::hts_idx_load3] The index file is older than the data file: /bip7_disk/pingting114/mixed_bam/COLO829_PAO/TF1e-2_25x/TF1e-2_25x.rep2.bam.bai
[W::hts_idx_load3] The index file is older than the data file: /bip7_disk/pingting114/mixed_bam/COLO829_PAO/TF1e-2_25x/TF1e-2_25x.rep2.bam.bai
[W::bam_next_basemod] MM tag refers to bases beyond sequence length
[W::bam_next_basemod] MM tag refers to bases beyond sequence length
[E::bam_parse_basemod2] d5e4962a-1ab4-460c-8116-be1c46feaade: MM tag refers to bases beyond sequence length
[W::bam_next_basemod] MM tag refers to bases beyond sequence length
[W::hts_idx_load3] The index file is older than the data file: /bip7_disk/pingting114/mixed_bam/COLO829_PAO/TF1e-2_25x/TF1e-2_25x.rep2.bam.bai
[W::hts_idx_load3] The index file is older than the data file: /bip7_disk/pingting114/mixed_bam/COLO829_PAO/TF1e-2_25x/TF1e-2_25x.rep2.bam.bai
[W::hts_idx_load3] The index file is older than the data file: /bip7_disk/pingting114/mixed_bam/COLO829_PAO/TF1e-2_25x/TF1e-2_25x.rep2.bam.bai
[W::hts_idx_load3] The index file is older than the data file: /bip7_disk/pingting114/mixed_bam/COLO829_PAO/TF1e-2_25x/TF1e-2_25x.rep2.bam.bai
[W::hts_idx_load3] The index file is older than the data file: /bip7_disk/pingting114/mixed_bam/COLO829_PAO/TF1e-2_25x/TF1e-2_25x.rep2.bam.bai
[W::hts_idx_load3] The index file is older than the data file: /bip7_disk/pingting114/mixed_bam/COLO829_PAO/TF1e-2_25x/TF1e-2_25x.rep2.bam.bai
[W::hts_idx_load3] The index file is older than the data file: /bip7_disk/pingting114/mixed_bam/COLO829_PAO/TF1e-2_25x/TF1e-2_25x.rep2.bam.bai
[W::hts_idx_load3] The index file is older than the data file: /bip7_disk/pingting114/mixed_bam/COLO829_PAO/TF1e-2_25x/TF1e-2_25x.rep2.bam.bai
[W::bam_next_basemod] MM tag refers to bases beyond sequence length
[W::hts_idx_load3] The index file is older than the data file: /bip7_disk/pingting114/mixed_bam/COLO829_PAO/TF1e-2_25x/TF1e-2_25x.rep2.bam.bai
[W::bam_next_basemod] MM tag refers to bases beyond sequence length
[W::hts_idx_load3] The index file is older than the data file: /bip7_disk/pingting114/mixed_bam/COLO829_PAO/TF1e-2_25x/TF1e-2_25x.rep2.bam.bai
[E::bam_parse_basemod2] c6d32791-79f1-4e82-90ed-967cc94d9976: MM tag refers to bases beyond sequence length
[W::hts_idx_load3] The index file is older than the data file: /bip7_disk/pingting114/mixed_bam/COLO829_PAO/TF1e-2_25x/TF1e-2_25x.rep2.bam.bai
[E::bam_parse_basemod2] a62d5a84-dc23-44ec-89aa-77b090188485: MM tag refers to bases beyond sequence length
[W::hts_idx_load3] The index file is older than the data file: /bip7_disk/pingting114/mixed_bam/COLO829_PAO/TF1e-2_25x/TF1e-2_25x.rep2.bam.bai
[W::bam_next_basemod] MM tag refers to bases beyond sequence length
[W::hts_idx_load3] The index file is older than the data file: /bip7_disk/pingting114/mixed_bam/COLO829_PAO/TF1e-2_25x/TF1e-2_25x.rep2.bam.bai
[W::hts_idx_load3] The index file is older than the data file: /bip7_disk/pingting114/mixed_bam/COLO829_PAO/TF1e-2_25x/TF1e-2_25x.rep2.bam.bai
[E::bam_parse_basemod2] b8308d78-c37a-4487-93ca-14c52b6cbdd2: MM tag refers to bases beyond sequence length
[W::hts_idx_load3] The index file is older than the data file: /bip7_disk/pingting114/mixed_bam/COLO829_PAO/TF1e-2_25x/TF1e-2_25x.rep2.bam.bai
[E::bam_parse_basemod2] adabbf53-3c52-4cca-888d-bbd60a1011a1: MM tag refers to bases beyond sequence length
[W::hts_idx_load3] The index file is older than the data file: /bip7_disk/pingting114/mixed_bam/COLO829_PAO/TF1e-2_25x/TF1e-2_25x.rep2.bam.bai
[W::hts_idx_load3] The index file is older than the data file: /bip7_disk/pingting114/mixed_bam/COLO829_PAO/TF1e-2_25x/TF1e-2_25x.rep2.bam.bai
[W::hts_idx_load3] The index file is older than the data file: /bip7_disk/pingting114/mixed_bam/COLO829_PAO/TF1e-2_25x/TF1e-2_25x.rep2.bam.bai
[W::hts_idx_load3] The index file is older than the data file: /bip7_disk/pingting114/mixed_bam/COLO829_PAO/TF1e-2_25x/TF1e-2_25x.rep2.bam.bai
[E::bam_parse_basemod2] 7eeb76b4-e428-4d7a-8804-241bb1dff5df: MM tag refers to bases beyond sequence length
[W::bam_next_basemod] MM tag refers to bases beyond sequence length
[W::hts_idx_load3] The index file is older than the data file: /bip7_disk/pingting114/mixed_bam/COLO829_PAO/TF1e-2_25x/TF1e-2_25x.rep2.bam.bai
[W::hts_idx_load3] The index file is older than the data file: /bip7_disk/pingting114/mixed_bam/COLO829_PAO/TF1e-2_25x/TF1e-2_25x.rep2.bam.bai
[W::hts_idx_load3] The index file is older than the data file: /bip7_disk/pingting114/mixed_bam/COLO829_PAO/TF1e-2_25x/TF1e-2_25x.rep2.bam.bai
[W::hts_idx_load3] The index file is older than the data file: /bip7_disk/pingting114/mixed_bam/COLO829_PAO/TF1e-2_25x/TF1e-2_25x.rep2.bam.bai
[W::hts_idx_load3] The index file is older than the data file: /bip7_disk/pingting114/mixed_bam/COLO829_PAO/TF1e-2_25x/TF1e-2_25x.rep2.bam.bai
[W::hts_idx_load3] The index file is older than the data file: /bip7_disk/pingting114/mixed_bam/COLO829_PAO/TF1e-2_25x/TF1e-2_25x.rep2.bam.bai
[W::hts_idx_load3] The index file is older than the data file: /bip7_disk/pingting114/mixed_bam/COLO829_PAO/TF1e-2_25x/TF1e-2_25x.rep2.bam.bai
[W::hts_idx_load3] The index file is older than the data file: /bip7_disk/pingting114/mixed_bam/COLO829_PAO/TF1e-2_25x/TF1e-2_25x.rep2.bam.bai
[W::hts_idx_load3] The index file is older than the data file: /bip7_disk/pingting114/mixed_bam/COLO829_PAO/TF1e-2_25x/TF1e-2_25x.rep2.bam.bai
[W::bam_next_basemod] MM tag refers to bases beyond sequence length
[W::hts_idx_load3] The index file is older than the data file: /bip7_disk/pingting114/mixed_bam/COLO829_PAO/TF1e-2_25x/TF1e-2_25x.rep2.bam.bai
[E::bam_parse_basemod2] 2f6bd022-5760-4946-a3e2-fe68cbdf61f5: MM tag refers to bases beyond sequence length
[W::hts_idx_load3] The index file is older than the data file: /bip7_disk/pingting114/mixed_bam/COLO829_PAO/TF1e-2_25x/TF1e-2_25x.rep2.bam.bai
[W::bam_next_basemod] MM tag refers to bases beyond sequence length
[W::hts_idx_load3] The index file is older than the data file: /bip7_disk/pingting114/mixed_bam/COLO829_PAO/TF1e-2_25x/TF1e-2_25x.rep2.bam.bai
[E::bam_parse_basemod2] e06311f5-2ec6-4056-8e0c-961bce41205d: MM tag refers to bases beyond sequence length
[W::hts_idx_load3] The index file is older than the data file: /bip7_disk/pingting114/mixed_bam/COLO829_PAO/TF1e-2_25x/TF1e-2_25x.rep2.bam.bai
[W::hts_idx_load3] The index file is older than the data file: /bip7_disk/pingting114/mixed_bam/COLO829_PAO/TF1e-2_25x/TF1e-2_25x.rep2.bam.bai
[W::hts_idx_load3] The index file is older than the data file: /bip7_disk/pingting114/mixed_bam/COLO829_PAO/TF1e-2_25x/TF1e-2_25x.rep2.bam.bai
[W::hts_idx_load3] The index file is older than the data file: /bip7_disk/pingting114/mixed_bam/COLO829_PAO/TF1e-2_25x/TF1e-2_25x.rep2.bam.bai
[W::hts_idx_load3] The index file is older than the data file: /bip7_disk/pingting114/mixed_bam/COLO829_PAO/TF1e-2_25x/TF1e-2_25x.rep2.bam.bai
[E::bam_parse_basemod2] aafa3734-1400-44ee-9ec7-f9670c17938c: MM tag refers to bases beyond sequence length
[W::bam_next_basemod] MM tag refers to bases beyond sequence length
[W::hts_idx_load3] The index file is older than the data file: /bip7_disk/pingting114/mixed_bam/COLO829_PAO/TF1e-2_25x/TF1e-2_25x.rep2.bam.bai
[W::hts_idx_load3] The index file is older than the data file: /bip7_disk/pingting114/mixed_bam/COLO829_PAO/TF1e-2_25x/TF1e-2_25x.rep2.bam.bai
[W::bam_next_basemod] MM tag refers to bases beyond sequence length
[W::hts_idx_load3] The index file is older than the data file: /bip7_disk/pingting114/mixed_bam/COLO829_PAO/TF1e-2_25x/TF1e-2_25x.rep2.bam.bai
[W::hts_idx_load3] The index file is older than the data file: /bip7_disk/pingting114/mixed_bam/COLO829_PAO/TF1e-2_25x/TF1e-2_25x.rep2.bam.bai
[E::bam_parse_basemod2] 54e8e03d-e491-4e4e-b719-be5ea863cc8c: MM tag refers to bases beyond sequence length
[E::bam_parse_basemod2] 3a6dcecc-2bf8-4ebc-aafa-03df84f93057: MM tag refers to bases beyond sequence length
[W::hts_idx_load3] The index file is older than the data file: /bip7_disk/pingting114/mixed_bam/COLO829_PAO/TF1e-2_25x/TF1e-2_25x.rep2.bam.bai
[W::hts_idx_load3] The index file is older than the data file: /bip7_disk/pingting114/mixed_bam/COLO829_PAO/TF1e-2_25x/TF1e-2_25x.rep2.bam.bai
[W::hts_idx_load3] The index file is older than the data file: /bip7_disk/pingting114/mixed_bam/COLO829_PAO/TF1e-2_25x/TF1e-2_25x.rep2.bam.bai
[W::hts_idx_load3] The index file is older than the data file: /bip7_disk/pingting114/mixed_bam/COLO829_PAO/TF1e-2_25x/TF1e-2_25x.rep2.bam.bai
[W::bam_next_basemod] MM tag refers to bases beyond sequence length
[W::hts_idx_load3] The index file is older than the data file: /bip7_disk/pingting114/mixed_bam/COLO829_PAO/TF1e-2_25x/TF1e-2_25x.rep2.bam.bai
[W::hts_idx_load3] The index file is older than the data file: /bip7_disk/pingting114/mixed_bam/COLO829_PAO/TF1e-2_25x/TF1e-2_25x.rep2.bam.bai
[W::bam_next_basemod] MM tag refers to bases beyond sequence length
[E::bam_parse_basemod2] efcae92b-509e-4fa9-b3a4-a581ca338e72: MM tag refers to bases beyond sequence length
[E::bam_parse_basemod2] 662f1627-5d2e-43fc-856f-44678369c088: MM tag refers to bases beyond sequence length
[W::bam_next_basemod] MM tag refers to bases beyond sequence length
[W::bam_next_basemod] MM tag refers to bases beyond sequence length
[W::bam_next_basemod] MM tag refers to bases beyond sequence length
[W::bam_next_basemod] MM tag refers to bases beyond sequence length
[W::hts_idx_load3] The index file is older than the data file: /bip7_disk/pingting114/mixed_bam/COLO829_PAO/TF1e-2_25x/TF1e-2_25x.rep2.bam.bai
[W::hts_idx_load3] The index file is older than the data file: /bip7_disk/pingting114/mixed_bam/COLO829_PAO/TF1e-2_25x/TF1e-2_25x.rep2.bam.bai
[W::hts_idx_load3] The index file is older than the data file: /bip7_disk/pingting114/mixed_bam/COLO829_PAO/TF1e-2_25x/TF1e-2_25x.rep2.bam.bai
[E::bam_parse_basemod2] dc23fa15-43de-49a8-8b0e-23e2d6a11bc1: MM tag refers to bases beyond sequence length
[W::hts_idx_load3] The index file is older than the data file: /bip7_disk/pingting114/mixed_bam/COLO829_PAO/TF1e-2_25x/TF1e-2_25x.rep2.bam.bai
[W::bam_next_basemod] MM tag refers to bases beyond sequence length
[W::hts_idx_load3] The index file is older than the data file: /bip7_disk/pingting114/mixed_bam/COLO829_PAO/TF1e-2_25x/TF1e-2_25x.rep2.bam.bai
[W::hts_idx_load3] The index file is older than the data file: /bip7_disk/pingting114/mixed_bam/COLO829_PAO/TF1e-2_25x/TF1e-2_25x.rep2.bam.bai
[W::hts_idx_load3] The index file is older than the data file: /bip7_disk/pingting114/mixed_bam/COLO829_PAO/TF1e-2_25x/TF1e-2_25x.rep2.bam.bai
[W::bam_next_basemod] MM tag refers to bases beyond sequence length
[W::bam_next_basemod] MM tag refers to bases beyond sequence length
[E::bam_parse_basemod2] 346345af-262e-42ac-8270-4ff9f3b15651: MM tag refers to bases beyond sequence length
[W::hts_idx_load3] The index file is older than the data file: /bip7_disk/pingting114/mixed_bam/COLO829_PAO/TF1e-2_25x/TF1e-2_25x.rep2.bam.bai
[W::hts_idx_load3] The index file is older than the data file: /bip7_disk/pingting114/mixed_bam/COLO829_PAO/TF1e-2_25x/TF1e-2_25x.rep2.bam.bai
[W::bam_next_basemod] MM tag refers to bases beyond sequence length
[W::hts_idx_load3] The index file is older than the data file: /bip7_disk/pingting114/mixed_bam/COLO829_PAO/TF1e-2_25x/TF1e-2_25x.rep2.bam.bai
[W::hts_idx_load3] The index file is older than the data file: /bip7_disk/pingting114/mixed_bam/COLO829_PAO/TF1e-2_25x/TF1e-2_25x.rep2.bam.bai
[W::bam_next_basemod] MM tag refers to bases beyond sequence length
[W::bam_next_basemod] MM tag refers to bases beyond sequence length
[W::hts_idx_load3] The index file is older than the data file: /bip7_disk/pingting114/mixed_bam/COLO829_PAO/TF1e-2_25x/TF1e-2_25x.rep2.bam.bai
[W::bam_next_basemod] MM tag refers to bases beyond sequence length
[W::hts_idx_load3] The index file is older than the data file: /bip7_disk/pingting114/mixed_bam/COLO829_PAO/TF1e-2_25x/TF1e-2_25x.rep2.bam.bai
[E::bam_parse_basemod2] 38c4a322-e9ad-4f1b-852d-84f65cb8f2be: MM tag refers to bases beyond sequence length
[W::hts_idx_load3] The index file is older than the data file: /bip7_disk/pingting114/mixed_bam/COLO829_PAO/TF1e-2_25x/TF1e-2_25x.rep2.bam.bai
[W::hts_idx_load3] The index file is older than the data file: /bip7_disk/pingting114/mixed_bam/COLO829_PAO/TF1e-2_25x/TF1e-2_25x.rep2.bam.bai
[E::bam_parse_basemod2] 7fb7f728-b4f4-4367-adbf-9fd02370dc9d: MM tag refers to bases beyond sequence length
[W::bam_next_basemod] MM tag refers to bases beyond sequence length
[W::hts_idx_load3] The index file is older than the data file: /bip7_disk/pingting114/mixed_bam/COLO829_PAO/TF1e-2_25x/TF1e-2_25x.rep2.bam.bai
[W::bam_next_basemod] MM tag refers to bases beyond sequence length
[W::bam_next_basemod] MM tag refers to bases beyond sequence length
[W::hts_idx_load3] The index file is older than the data file: /bip7_disk/pingting114/mixed_bam/COLO829_PAO/TF1e-2_25x/TF1e-2_25x.rep2.bam.bai
[W::hts_idx_load3] The index file is older than the data file: /bip7_disk/pingting114/mixed_bam/COLO829_PAO/TF1e-2_25x/TF1e-2_25x.rep2.bam.bai
[E::bam_parse_basemod2] 39bc29d5-0c10-487f-a384-b790a152d045: MM tag refers to bases beyond sequence length
[W::hts_idx_load3] The index file is older than the data file: /bip7_disk/pingting114/mixed_bam/COLO829_PAO/TF1e-2_25x/TF1e-2_25x.rep2.bam.bai
[W::hts_idx_load3] The index file is older than the data file: /bip7_disk/pingting114/mixed_bam/COLO829_PAO/TF1e-2_25x/TF1e-2_25x.rep2.bam.bai
[W::hts_idx_load3] The index file is older than the data file: /bip7_disk/pingting114/mixed_bam/COLO829_PAO/TF1e-2_25x/TF1e-2_25x.rep2.bam.bai
[W::hts_idx_load3] The index file is older than the data file: /bip7_disk/pingting114/mixed_bam/COLO829_PAO/TF1e-2_25x/TF1e-2_25x.rep2.bam.bai
[W::bam_next_basemod] MM tag refers to bases beyond sequence length
[W::hts_idx_load3] The index file is older than the data file: /bip7_disk/pingting114/mixed_bam/COLO829_PAO/TF1e-2_25x/TF1e-2_25x.rep2.bam.bai
[W::hts_idx_load3] The index file is older than the data file: /bip7_disk/pingting114/mixed_bam/COLO829_PAO/TF1e-2_25x/TF1e-2_25x.rep2.bam.bai
[W::bam_next_basemod] MM tag refers to bases beyond sequence length
[W::hts_idx_load3] The index file is older than the data file: /bip7_disk/pingting114/mixed_bam/COLO829_PAO/TF1e-2_25x/TF1e-2_25x.rep2.bam.bai
[W::hts_idx_load3] The index file is older than the data file: /bip7_disk/pingting114/mixed_bam/COLO829_PAO/TF1e-2_25x/TF1e-2_25x.rep2.bam.bai
[W::hts_idx_load3] The index file is older than the data file: /bip7_disk/pingting114/mixed_bam/COLO829_PAO/TF1e-2_25x/TF1e-2_25x.rep2.bam.bai
[W::hts_idx_load3] The index file is older than the data file: /bip7_disk/pingting114/mixed_bam/COLO829_PAO/TF1e-2_25x/TF1e-2_25x.rep2.bam.bai
[W::hts_idx_load3] The index file is older than the data file: /bip7_disk/pingting114/mixed_bam/COLO829_PAO/TF1e-2_25x/TF1e-2_25x.rep2.bam.bai
[W::hts_idx_load3] The index file is older than the data file: /bip7_disk/pingting114/mixed_bam/COLO829_PAO/TF1e-2_25x/TF1e-2_25x.rep2.bam.bai
[W::bam_next_basemod] MM tag refers to bases beyond sequence length
[W::hts_idx_load3] The index file is older than the data file: /bip7_disk/pingting114/mixed_bam/COLO829_PAO/TF1e-2_25x/TF1e-2_25x.rep2.bam.bai
[W::hts_idx_load3] The index file is older than the data file: /bip7_disk/pingting114/mixed_bam/COLO829_PAO/TF1e-2_25x/TF1e-2_25x.rep2.bam.bai
[W::hts_idx_load3] The index file is older than the data file: /bip7_disk/pingting114/mixed_bam/COLO829_PAO/TF1e-2_25x/TF1e-2_25x.rep2.bam.bai
[W::hts_idx_load3] The index file is older than the data file: /bip7_disk/pingting114/mixed_bam/COLO829_PAO/TF1e-2_25x/TF1e-2_25x.rep2.bam.bai
[W::hts_idx_load3] The index file is older than the data file: /bip7_disk/pingting114/mixed_bam/COLO829_PAO/TF1e-2_25x/TF1e-2_25x.rep2.bam.bai
[W::bam_next_basemod] MM tag refers to bases beyond sequence length
[W::hts_idx_load3] The index file is older than the data file: /bip7_disk/pingting114/mixed_bam/COLO829_PAO/TF1e-2_25x/TF1e-2_25x.rep2.bam.bai
[W::hts_idx_load3] The index file is older than the data file: /bip7_disk/pingting114/mixed_bam/COLO829_PAO/TF1e-2_25x/TF1e-2_25x.rep2.bam.bai
[W::hts_idx_load3] The index file is older than the data file: /bip7_disk/pingting114/mixed_bam/COLO829_PAO/TF1e-2_25x/TF1e-2_25x.rep2.bam.bai
[E::bam_parse_basemod2] 6d3dbd19-2484-4ad3-b281-9e751bea64af: MM tag refers to bases beyond sequence length
[W::hts_idx_load3] The index file is older than the data file: /bip7_disk/pingting114/mixed_bam/COLO829_PAO/TF1e-2_25x/TF1e-2_25x.rep2.bam.bai
[W::hts_idx_load3] The index file is older than the data file: /bip7_disk/pingting114/mixed_bam/COLO829_PAO/TF1e-2_25x/TF1e-2_25x.rep2.bam.bai
[W::bam_next_basemod] MM tag refers to bases beyond sequence length
[W::hts_idx_load3] The index file is older than the data file: /bip7_disk/pingting114/mixed_bam/COLO829_PAO/TF1e-2_25x/TF1e-2_25x.rep2.bam.bai
[W::hts_idx_load3] The index file is older than the data file: /bip7_disk/pingting114/mixed_bam/COLO829_PAO/TF1e-2_25x/TF1e-2_25x.rep2.bam.bai
[W::hts_idx_load3] The index file is older than the data file: /bip7_disk/pingting114/mixed_bam/COLO829_PAO/TF1e-2_25x/TF1e-2_25x.rep2.bam.bai
[W::bam_next_basemod] MM tag refers to bases beyond sequence length
[W::hts_idx_load3] The index file is older than the data file: /bip7_disk/pingting114/mixed_bam/COLO829_PAO/TF1e-2_25x/TF1e-2_25x.rep2.bam.bai
[W::bam_next_basemod] MM tag refers to bases beyond sequence length
[W::hts_idx_load3] The index file is older than the data file: /bip7_disk/pingting114/mixed_bam/COLO829_PAO/TF1e-2_25x/TF1e-2_25x.rep2.bam.bai
[W::hts_idx_load3] The index file is older than the data file: /bip7_disk/pingting114/mixed_bam/COLO829_PAO/TF1e-2_25x/TF1e-2_25x.rep2.bam.bai
[W::hts_idx_load3] The index file is older than the data file: /bip7_disk/pingting114/mixed_bam/COLO829_PAO/TF1e-2_25x/TF1e-2_25x.rep2.bam.bai
[W::hts_idx_load3] The index file is older than the data file: /bip7_disk/pingting114/mixed_bam/COLO829_PAO/TF1e-2_25x/TF1e-2_25x.rep2.bam.bai
[W::hts_idx_load3] The index file is older than the data file: /bip7_disk/pingting114/mixed_bam/COLO829_PAO/TF1e-2_25x/TF1e-2_25x.rep2.bam.bai
[W::hts_idx_load3] The index file is older than the data file: /bip7_disk/pingting114/mixed_bam/COLO829_PAO/TF1e-2_25x/TF1e-2_25x.rep2.bam.bai
[W::hts_idx_load3] The index file is older than the data file: /bip7_disk/pingting114/mixed_bam/COLO829_PAO/TF1e-2_25x/TF1e-2_25x.rep2.bam.bai
[W::hts_idx_load3] The index file is older than the data file: /bip7_disk/pingting114/mixed_bam/COLO829_PAO/TF1e-2_25x/TF1e-2_25x.rep2.bam.bai
[W::hts_idx_load3] The index file is older than the data file: /bip7_disk/pingting114/mixed_bam/COLO829_PAO/TF1e-2_25x/TF1e-2_25x.rep2.bam.bai
[W::hts_idx_load3] The index file is older than the data file: /bip7_disk/pingting114/mixed_bam/COLO829_PAO/TF1e-2_25x/TF1e-2_25x.rep2.bam.bai
[W::hts_idx_load3] The index file is older than the data file: /bip7_disk/pingting114/mixed_bam/COLO829_PAO/TF1e-2_25x/TF1e-2_25x.rep2.bam.bai
[W::hts_idx_load3] The index file is older than the data file: /bip7_disk/pingting114/mixed_bam/COLO829_PAO/TF1e-2_25x/TF1e-2_25x.rep2.bam.bai
[W::bam_next_basemod] MM tag refers to bases beyond sequence length
[W::hts_idx_load3] The index file is older than the data file: /bip7_disk/pingting114/mixed_bam/COLO829_PAO/TF1e-2_25x/TF1e-2_25x.rep2.bam.bai
[W::hts_idx_load3] The index file is older than the data file: /bip7_disk/pingting114/mixed_bam/COLO829_PAO/TF1e-2_25x/TF1e-2_25x.rep2.bam.bai
[E::bam_parse_basemod2] 9cc61cb8-752f-4329-8e9b-d46d930a9a2d: MM tag refers to bases beyond sequence length
[W::hts_idx_load3] The index file is older than the data file: /bip7_disk/pingting114/mixed_bam/COLO829_PAO/TF1e-2_25x/TF1e-2_25x.rep2.bam.bai
[W::bam_next_basemod] MM tag refers to bases beyond sequence length
[W::hts_idx_load3] The index file is older than the data file: /bip7_disk/pingting114/mixed_bam/COLO829_PAO/TF1e-2_25x/TF1e-2_25x.rep2.bam.bai
[E::bam_parse_basemod2] 88f7b042-fc1f-4155-92fe-d6877c08aea7: MM tag refers to bases beyond sequence length
[W::hts_idx_load3] The index file is older than the data file: /bip7_disk/pingting114/mixed_bam/COLO829_PAO/TF1e-2_25x/TF1e-2_25x.rep2.bam.bai
[W::hts_idx_load3] The index file is older than the data file: /bip7_disk/pingting114/mixed_bam/COLO829_PAO/TF1e-2_25x/TF1e-2_25x.rep2.bam.bai
[W::hts_idx_load3] The index file is older than the data file: /bip7_disk/pingting114/mixed_bam/COLO829_PAO/TF1e-2_25x/TF1e-2_25x.rep2.bam.bai
[W::hts_idx_load3] The index file is older than the data file: /bip7_disk/pingting114/mixed_bam/COLO829_PAO/TF1e-2_25x/TF1e-2_25x.rep2.bam.bai
[W::hts_idx_load3] The index file is older than the data file: /bip7_disk/pingting114/mixed_bam/COLO829_PAO/TF1e-2_25x/TF1e-2_25x.rep2.bam.bai
[W::hts_idx_load3] The index file is older than the data file: /bip7_disk/pingting114/mixed_bam/COLO829_PAO/TF1e-2_25x/TF1e-2_25x.rep2.bam.bai
[W::hts_idx_load3] The index file is older than the data file: /bip7_disk/pingting114/mixed_bam/COLO829_PAO/TF1e-2_25x/TF1e-2_25x.rep2.bam.bai
[W::hts_idx_load3] The index file is older than the data file: /bip7_disk/pingting114/mixed_bam/COLO829_PAO/TF1e-2_25x/TF1e-2_25x.rep2.bam.bai
[E::bam_parse_basemod2] 618f6e9b-baa7-4864-ab3a-d4aa1c293364: MM tag refers to bases beyond sequence length
[W::hts_idx_load3] The index file is older than the data file: /bip7_disk/pingting114/mixed_bam/COLO829_PAO/TF1e-2_25x/TF1e-2_25x.rep2.bam.bai
[W::hts_idx_load3] The index file is older than the data file: /bip7_disk/pingting114/mixed_bam/COLO829_PAO/TF1e-2_25x/TF1e-2_25x.rep2.bam.bai
[W::bam_next_basemod] MM tag refers to bases beyond sequence length
[W::hts_idx_load3] The index file is older than the data file: /bip7_disk/pingting114/mixed_bam/COLO829_PAO/TF1e-2_25x/TF1e-2_25x.rep2.bam.bai
[W::hts_idx_load3] The index file is older than the data file: /bip7_disk/pingting114/mixed_bam/COLO829_PAO/TF1e-2_25x/TF1e-2_25x.rep2.bam.bai
[W::hts_idx_load3] The index file is older than the data file: /bip7_disk/pingting114/mixed_bam/COLO829_PAO/TF1e-2_25x/TF1e-2_25x.rep2.bam.bai
[W::hts_idx_load3] The index file is older than the data file: /bip7_disk/pingting114/mixed_bam/COLO829_PAO/TF1e-2_25x/TF1e-2_25x.rep2.bam.bai
[W::hts_idx_load3] The index file is older than the data file: /bip7_disk/pingting114/mixed_bam/COLO829_PAO/TF1e-2_25x/TF1e-2_25x.rep2.bam.bai
[W::hts_idx_load3] The index file is older than the data file: /bip7_disk/pingting114/mixed_bam/COLO829_PAO/TF1e-2_25x/TF1e-2_25x.rep2.bam.bai
[W::hts_idx_load3] The index file is older than the data file: /bip7_disk/pingting114/mixed_bam/COLO829_PAO/TF1e-2_25x/TF1e-2_25x.rep2.bam.bai
[W::hts_idx_load3] The index file is older than the data file: /bip7_disk/pingting114/mixed_bam/COLO829_PAO/TF1e-2_25x/TF1e-2_25x.rep2.bam.bai
[W::hts_idx_load3] The index file is older than the data file: /bip7_disk/pingting114/mixed_bam/COLO829_PAO/TF1e-2_25x/TF1e-2_25x.rep2.bam.bai
[W::hts_idx_load3] The index file is older than the data file: /bip7_disk/pingting114/mixed_bam/COLO829_PAO/TF1e-2_25x/TF1e-2_25x.rep2.bam.bai
[W::hts_idx_load3] The index file is older than the data file: /bip7_disk/pingting114/mixed_bam/COLO829_PAO/TF1e-2_25x/TF1e-2_25x.rep2.bam.bai
[W::bam_next_basemod] MM tag refers to bases beyond sequence length
[W::hts_idx_load3] The index file is older than the data file: /bip7_disk/pingting114/mixed_bam/COLO829_PAO/TF1e-2_25x/TF1e-2_25x.rep2.bam.bai
[W::hts_idx_load3] The index file is older than the data file: /bip7_disk/pingting114/mixed_bam/COLO829_PAO/TF1e-2_25x/TF1e-2_25x.rep2.bam.bai
[W::bam_next_basemod] MM tag refers to bases beyond sequence length
[W::bam_next_basemod] MM tag refers to bases beyond sequence length
[E::bam_parse_basemod2] 71029cd3-0176-483f-9501-a53c883813b6: MM tag refers to bases beyond sequence length
[W::hts_idx_load3] The index file is older than the data file: /bip7_disk/pingting114/mixed_bam/COLO829_PAO/TF1e-2_25x/TF1e-2_25x.rep2.bam.bai
[W::hts_idx_load3] The index file is older than the data file: /bip7_disk/pingting114/mixed_bam/COLO829_PAO/TF1e-2_25x/TF1e-2_25x.rep2.bam.bai
[W::hts_idx_load3] The index file is older than the data file: /bip7_disk/pingting114/mixed_bam/COLO829_PAO/TF1e-2_25x/TF1e-2_25x.rep2.bam.bai
[W::hts_idx_load3] The index file is older than the data file: /bip7_disk/pingting114/mixed_bam/COLO829_PAO/TF1e-2_25x/TF1e-2_25x.rep2.bam.bai
[E::bam_parse_basemod2] 6fd296f0-80ef-40e4-8805-b320dbebac2c: MM tag refers to bases beyond sequence length
[W::hts_idx_load3] The index file is older than the data file: /bip7_disk/pingting114/mixed_bam/COLO829_PAO/TF1e-2_25x/TF1e-2_25x.rep2.bam.bai
[W::hts_idx_load3] The index file is older than the data file: /bip7_disk/pingting114/mixed_bam/COLO829_PAO/TF1e-2_25x/TF1e-2_25x.rep2.bam.bai
[W::hts_idx_load3] The index file is older than the data file: /bip7_disk/pingting114/mixed_bam/COLO829_PAO/TF1e-2_25x/TF1e-2_25x.rep2.bam.bai
[E::bam_parse_basemod2] ff044db5-f364-4e18-973d-1b730ff12430: MM tag refers to bases beyond sequence length
[W::hts_idx_load3] The index file is older than the data file: /bip7_disk/pingting114/mixed_bam/COLO829_PAO/TF1e-2_25x/TF1e-2_25x.rep2.bam.bai
[W::hts_idx_load3] The index file is older than the data file: /bip7_disk/pingting114/mixed_bam/COLO829_PAO/TF1e-2_25x/TF1e-2_25x.rep2.bam.bai
[W::hts_idx_load3] The index file is older than the data file: /bip7_disk/pingting114/mixed_bam/COLO829_PAO/TF1e-2_25x/TF1e-2_25x.rep2.bam.bai
[W::hts_idx_load3] The index file is older than the data file: /bip7_disk/pingting114/mixed_bam/COLO829_PAO/TF1e-2_25x/TF1e-2_25x.rep2.bam.bai
[W::hts_idx_load3] The index file is older than the data file: /bip7_disk/pingting114/mixed_bam/COLO829_PAO/TF1e-2_25x/TF1e-2_25x.rep2.bam.bai
[W::hts_idx_load3] The index file is older than the data file: /bip7_disk/pingting114/mixed_bam/COLO829_PAO/TF1e-2_25x/TF1e-2_25x.rep2.bam.bai
[W::hts_idx_load3] The index file is older than the data file: /bip7_disk/pingting114/mixed_bam/COLO829_PAO/TF1e-2_25x/TF1e-2_25x.rep2.bam.bai
[W::bam_next_basemod] MM tag refers to bases beyond sequence length
[W::hts_idx_load3] The index file is older than the data file: /bip7_disk/pingting114/mixed_bam/COLO829_PAO/TF1e-2_25x/TF1e-2_25x.rep2.bam.bai
[W::hts_idx_load3] The index file is older than the data file: /bip7_disk/pingting114/mixed_bam/COLO829_PAO/TF1e-2_25x/TF1e-2_25x.rep2.bam.bai
[W::hts_idx_load3] The index file is older than the data file: /bip7_disk/pingting114/mixed_bam/COLO829_PAO/TF1e-2_25x/TF1e-2_25x.rep2.bam.bai
[W::hts_idx_load3] The index file is older than the data file: /bip7_disk/pingting114/mixed_bam/COLO829_PAO/TF1e-2_25x/TF1e-2_25x.rep2.bam.bai
  TF1e-2_25x.rep2.bam cand 3000/4000
[W::hts_idx_load3] The index file is older than the data file: /bip7_disk/pingting114/mixed_bam/COLO829_PAO/TF1e-2_25x/TF1e-2_25x.rep2.bam.bai
[W::hts_idx_load3] The index file is older than the data file: /bip7_disk/pingting114/mixed_bam/COLO829_PAO/TF1e-2_25x/TF1e-2_25x.rep2.bam.bai
[W::hts_idx_load3] The index file is older than the data file: /bip7_disk/pingting114/mixed_bam/COLO829_PAO/TF1e-2_25x/TF1e-2_25x.rep2.bam.bai
[W::hts_idx_load3] The index file is older than the data file: /bip7_disk/pingting114/mixed_bam/COLO829_PAO/TF1e-2_25x/TF1e-2_25x.rep2.bam.bai
[E::bam_parse_basemod2] 838105b7-4577-475e-8116-92668d0077c5: MM tag refers to bases beyond sequence length
[W::hts_idx_load3] The index file is older than the data file: /bip7_disk/pingting114/mixed_bam/COLO829_PAO/TF1e-2_25x/TF1e-2_25x.rep2.bam.bai
[W::hts_idx_load3] The index file is older than the data file: /bip7_disk/pingting114/mixed_bam/COLO829_PAO/TF1e-2_25x/TF1e-2_25x.rep2.bam.bai
[W::hts_idx_load3] The index file is older than the data file: /bip7_disk/pingting114/mixed_bam/COLO829_PAO/TF1e-2_25x/TF1e-2_25x.rep2.bam.bai
[W::hts_idx_load3] The index file is older than the data file: /bip7_disk/pingting114/mixed_bam/COLO829_PAO/TF1e-2_25x/TF1e-2_25x.rep2.bam.bai
[W::bam_next_basemod] MM tag refers to bases beyond sequence length
[W::hts_idx_load3] The index file is older than the data file: /bip7_disk/pingting114/mixed_bam/COLO829_PAO/TF1e-2_25x/TF1e-2_25x.rep2.bam.bai
[W::bam_next_basemod] MM tag refers to bases beyond sequence length
[W::hts_idx_load3] The index file is older than the data file: /bip7_disk/pingting114/mixed_bam/COLO829_PAO/TF1e-2_25x/TF1e-2_25x.rep2.bam.bai
[W::hts_idx_load3] The index file is older than the data file: /bip7_disk/pingting114/mixed_bam/COLO829_PAO/TF1e-2_25x/TF1e-2_25x.rep2.bam.bai
[W::hts_idx_load3] The index file is older than the data file: /bip7_disk/pingting114/mixed_bam/COLO829_PAO/TF1e-2_25x/TF1e-2_25x.rep2.bam.bai
[E::bam_parse_basemod2] fa22ae57-2561-44e0-b68d-7158a1607a37: MM tag refers to bases beyond sequence length
[W::bam_next_basemod] MM tag refers to bases beyond sequence length
[W::hts_idx_load3] The index file is older than the data file: /bip7_disk/pingting114/mixed_bam/COLO829_PAO/TF1e-2_25x/TF1e-2_25x.rep2.bam.bai
[W::hts_idx_load3] The index file is older than the data file: /bip7_disk/pingting114/mixed_bam/COLO829_PAO/TF1e-2_25x/TF1e-2_25x.rep2.bam.bai
[W::hts_idx_load3] The index file is older than the data file: /bip7_disk/pingting114/mixed_bam/COLO829_PAO/TF1e-2_25x/TF1e-2_25x.rep2.bam.bai
[W::hts_idx_load3] The index file is older than the data file: /bip7_disk/pingting114/mixed_bam/COLO829_PAO/TF1e-2_25x/TF1e-2_25x.rep2.bam.bai
[W::hts_idx_load3] The index file is older than the data file: /bip7_disk/pingting114/mixed_bam/COLO829_PAO/TF1e-2_25x/TF1e-2_25x.rep2.bam.bai
[W::hts_idx_load3] The index file is older than the data file: /bip7_disk/pingting114/mixed_bam/COLO829_PAO/TF1e-2_25x/TF1e-2_25x.rep2.bam.bai
[W::hts_idx_load3] The index file is older than the data file: /bip7_disk/pingting114/mixed_bam/COLO829_PAO/TF1e-2_25x/TF1e-2_25x.rep2.bam.bai
[E::bam_parse_basemod2] 2683d3c0-291f-4e58-acd8-7a131ac2a5fc: MM tag refers to bases beyond sequence length
[W::bam_next_basemod] MM tag refers to bases beyond sequence length
[W::hts_idx_load3] The index file is older than the data file: /bip7_disk/pingting114/mixed_bam/COLO829_PAO/TF1e-2_25x/TF1e-2_25x.rep2.bam.bai
[W::hts_idx_load3] The index file is older than the data file: /bip7_disk/pingting114/mixed_bam/COLO829_PAO/TF1e-2_25x/TF1e-2_25x.rep2.bam.bai
[E::bam_parse_basemod2] 80d60de1-c910-4655-82f8-306b6e19ff5a: MM tag refers to bases beyond sequence length
[W::hts_idx_load3] The index file is older than the data file: /bip7_disk/pingting114/mixed_bam/COLO829_PAO/TF1e-2_25x/TF1e-2_25x.rep2.bam.bai
[W::bam_next_basemod] MM tag refers to bases beyond sequence length
[W::hts_idx_load3] The index file is older than the data file: /bip7_disk/pingting114/mixed_bam/COLO829_PAO/TF1e-2_25x/TF1e-2_25x.rep2.bam.bai
[W::hts_idx_load3] The index file is older than the data file: /bip7_disk/pingting114/mixed_bam/COLO829_PAO/TF1e-2_25x/TF1e-2_25x.rep2.bam.bai
[W::hts_idx_load3] The index file is older than the data file: /bip7_disk/pingting114/mixed_bam/COLO829_PAO/TF1e-2_25x/TF1e-2_25x.rep2.bam.bai
[W::hts_idx_load3] The index file is older than the data file: /bip7_disk/pingting114/mixed_bam/COLO829_PAO/TF1e-2_25x/TF1e-2_25x.rep2.bam.bai
[W::hts_idx_load3] The index file is older than the data file: /bip7_disk/pingting114/mixed_bam/COLO829_PAO/TF1e-2_25x/TF1e-2_25x.rep2.bam.bai
[W::hts_idx_load3] The index file is older than the data file: /bip7_disk/pingting114/mixed_bam/COLO829_PAO/TF1e-2_25x/TF1e-2_25x.rep2.bam.bai
[W::bam_next_basemod] MM tag refers to bases beyond sequence length
[W::hts_idx_load3] The index file is older than the data file: /bip7_disk/pingting114/mixed_bam/COLO829_PAO/TF1e-2_25x/TF1e-2_25x.rep2.bam.bai
[W::hts_idx_load3] The index file is older than the data file: /bip7_disk/pingting114/mixed_bam/COLO829_PAO/TF1e-2_25x/TF1e-2_25x.rep2.bam.bai
[E::bam_parse_basemod2] 2cf65c33-4cd3-4645-9346-1e23b9537148: MM tag refers to bases beyond sequence length
[W::hts_idx_load3] The index file is older than the data file: /bip7_disk/pingting114/mixed_bam/COLO829_PAO/TF1e-2_25x/TF1e-2_25x.rep2.bam.bai
[W::hts_idx_load3] The index file is older than the data file: /bip7_disk/pingting114/mixed_bam/COLO829_PAO/TF1e-2_25x/TF1e-2_25x.rep2.bam.bai
[W::hts_idx_load3] The index file is older than the data file: /bip7_disk/pingting114/mixed_bam/COLO829_PAO/TF1e-2_25x/TF1e-2_25x.rep2.bam.bai
[W::hts_idx_load3] The index file is older than the data file: /bip7_disk/pingting114/mixed_bam/COLO829_PAO/TF1e-2_25x/TF1e-2_25x.rep2.bam.bai
[W::hts_idx_load3] The index file is older than the data file: /bip7_disk/pingting114/mixed_bam/COLO829_PAO/TF1e-2_25x/TF1e-2_25x.rep2.bam.bai
[E::bam_parse_basemod2] ea39eebf-c485-441d-94e8-5563bc718bac: MM tag refers to bases beyond sequence length
[W::hts_idx_load3] The index file is older than the data file: /bip7_disk/pingting114/mixed_bam/COLO829_PAO/TF1e-2_25x/TF1e-2_25x.rep2.bam.bai
[W::bam_next_basemod] MM tag refers to bases beyond sequence length
[W::hts_idx_load3] The index file is older than the data file: /bip7_disk/pingting114/mixed_bam/COLO829_PAO/TF1e-2_25x/TF1e-2_25x.rep2.bam.bai
[W::bam_next_basemod] MM tag refers to bases beyond sequence length
[W::hts_idx_load3] The index file is older than the data file: /bip7_disk/pingting114/mixed_bam/COLO829_PAO/TF1e-2_25x/TF1e-2_25x.rep2.bam.bai
[W::hts_idx_load3] The index file is older than the data file: /bip7_disk/pingting114/mixed_bam/COLO829_PAO/TF1e-2_25x/TF1e-2_25x.rep2.bam.bai
[W::bam_next_basemod] MM tag refers to bases beyond sequence length
[W::hts_idx_load3] The index file is older than the data file: /bip7_disk/pingting114/mixed_bam/COLO829_PAO/TF1e-2_25x/TF1e-2_25x.rep2.bam.bai
[W::bam_next_basemod] MM tag refers to bases beyond sequence length
[W::hts_idx_load3] The index file is older than the data file: /bip7_disk/pingting114/mixed_bam/COLO829_PAO/TF1e-2_25x/TF1e-2_25x.rep2.bam.bai
[W::hts_idx_load3] The index file is older than the data file: /bip7_disk/pingting114/mixed_bam/COLO829_PAO/TF1e-2_25x/TF1e-2_25x.rep2.bam.bai
[W::bam_next_basemod] MM tag refers to bases beyond sequence length
[W::hts_idx_load3] The index file is older than the data file: /bip7_disk/pingting114/mixed_bam/COLO829_PAO/TF1e-2_25x/TF1e-2_25x.rep2.bam.bai
[W::hts_idx_load3] The index file is older than the data file: /bip7_disk/pingting114/mixed_bam/COLO829_PAO/TF1e-2_25x/TF1e-2_25x.rep2.bam.bai
[W::hts_idx_load3] The index file is older than the data file: /bip7_disk/pingting114/mixed_bam/COLO829_PAO/TF1e-2_25x/TF1e-2_25x.rep2.bam.bai
[W::hts_idx_load3] The index file is older than the data file: /bip7_disk/pingting114/mixed_bam/COLO829_PAO/TF1e-2_25x/TF1e-2_25x.rep2.bam.bai
[W::hts_idx_load3] The index file is older than the data file: /bip7_disk/pingting114/mixed_bam/COLO829_PAO/TF1e-2_25x/TF1e-2_25x.rep2.bam.bai
[W::hts_idx_load3] The index file is older than the data file: /bip7_disk/pingting114/mixed_bam/COLO829_PAO/TF1e-2_25x/TF1e-2_25x.rep2.bam.bai
[W::hts_idx_load3] The index file is older than the data file: /bip7_disk/pingting114/mixed_bam/COLO829_PAO/TF1e-2_25x/TF1e-2_25x.rep2.bam.bai
[W::hts_idx_load3] The index file is older than the data file: /bip7_disk/pingting114/mixed_bam/COLO829_PAO/TF1e-2_25x/TF1e-2_25x.rep2.bam.bai
[W::hts_idx_load3] The index file is older than the data file: /bip7_disk/pingting114/mixed_bam/COLO829_PAO/TF1e-2_25x/TF1e-2_25x.rep2.bam.bai
[W::bam_next_basemod] MM tag refers to bases beyond sequence length
[W::hts_idx_load3] The index file is older than the data file: /bip7_disk/pingting114/mixed_bam/COLO829_PAO/TF1e-2_25x/TF1e-2_25x.rep2.bam.bai
[W::hts_idx_load3] The index file is older than the data file: /bip7_disk/pingting114/mixed_bam/COLO829_PAO/TF1e-2_25x/TF1e-2_25x.rep2.bam.bai
[E::bam_parse_basemod2] 29460daa-60f6-4932-ad8b-eb3e68a044dd: MM tag refers to bases beyond sequence length
[W::hts_idx_load3] The index file is older than the data file: /bip7_disk/pingting114/mixed_bam/COLO829_PAO/TF1e-2_25x/TF1e-2_25x.rep2.bam.bai
[W::hts_idx_load3] The index file is older than the data file: /bip7_disk/pingting114/mixed_bam/COLO829_PAO/TF1e-2_25x/TF1e-2_25x.rep2.bam.bai
[W::bam_next_basemod] MM tag refers to bases beyond sequence length
[W::hts_idx_load3] The index file is older than the data file: /bip7_disk/pingting114/mixed_bam/COLO829_PAO/TF1e-2_25x/TF1e-2_25x.rep2.bam.bai
[W::hts_idx_load3] The index file is older than the data file: /bip7_disk/pingting114/mixed_bam/COLO829_PAO/TF1e-2_25x/TF1e-2_25x.rep2.bam.bai
[W::hts_idx_load3] The index file is older than the data file: /bip7_disk/pingting114/mixed_bam/COLO829_PAO/TF1e-2_25x/TF1e-2_25x.rep2.bam.bai
[W::bam_next_basemod] MM tag refers to bases beyond sequence length
[W::hts_idx_load3] The index file is older than the data file: /bip7_disk/pingting114/mixed_bam/COLO829_PAO/TF1e-2_25x/TF1e-2_25x.rep2.bam.bai
[E::bam_parse_basemod2] 01597bc3-b5e6-45d3-a5d8-c6896ce1ccc1: MM tag refers to bases beyond sequence length
[W::hts_idx_load3] The index file is older than the data file: /bip7_disk/pingting114/mixed_bam/COLO829_PAO/TF1e-2_25x/TF1e-2_25x.rep2.bam.bai
[W::hts_idx_load3] The index file is older than the data file: /bip7_disk/pingting114/mixed_bam/COLO829_PAO/TF1e-2_25x/TF1e-2_25x.rep2.bam.bai
[W::bam_next_basemod] MM tag refers to bases beyond sequence length
[W::bam_next_basemod] MM tag refers to bases beyond sequence length
[E::bam_parse_basemod2] 70891429-3a59-41c7-8f9a-168d9ca6f9c3: MM tag refers to bases beyond sequence length
[W::hts_idx_load3] The index file is older than the data file: /bip7_disk/pingting114/mixed_bam/COLO829_PAO/TF1e-2_25x/TF1e-2_25x.rep2.bam.bai
[W::hts_idx_load3] The index file is older than the data file: /bip7_disk/pingting114/mixed_bam/COLO829_PAO/TF1e-2_25x/TF1e-2_25x.rep2.bam.bai
[W::hts_idx_load3] The index file is older than the data file: /bip7_disk/pingting114/mixed_bam/COLO829_PAO/TF1e-2_25x/TF1e-2_25x.rep2.bam.bai
[W::hts_idx_load3] The index file is older than the data file: /bip7_disk/pingting114/mixed_bam/COLO829_PAO/TF1e-2_25x/TF1e-2_25x.rep2.bam.bai
[W::hts_idx_load3] The index file is older than the data file: /bip7_disk/pingting114/mixed_bam/COLO829_PAO/TF1e-2_25x/TF1e-2_25x.rep2.bam.bai
[W::hts_idx_load3] The index file is older than the data file: /bip7_disk/pingting114/mixed_bam/COLO829_PAO/TF1e-2_25x/TF1e-2_25x.rep2.bam.bai
[W::hts_idx_load3] The index file is older than the data file: /bip7_disk/pingting114/mixed_bam/COLO829_PAO/TF1e-2_25x/TF1e-2_25x.rep2.bam.bai
[W::hts_idx_load3] The index file is older than the data file: /bip7_disk/pingting114/mixed_bam/COLO829_PAO/TF1e-2_25x/TF1e-2_25x.rep2.bam.bai
[W::hts_idx_load3] The index file is older than the data file: /bip7_disk/pingting114/mixed_bam/COLO829_PAO/TF1e-2_25x/TF1e-2_25x.rep2.bam.bai
[W::bam_next_basemod] MM tag refers to bases beyond sequence length
[W::hts_idx_load3] The index file is older than the data file: /bip7_disk/pingting114/mixed_bam/COLO829_PAO/TF1e-2_25x/TF1e-2_25x.rep2.bam.bai
[E::bam_parse_basemod2] 4fff5b7d-05d4-4721-988a-e4c9e0a0504c: MM tag refers to bases beyond sequence length
[W::hts_idx_load3] The index file is older than the data file: /bip7_disk/pingting114/mixed_bam/COLO829_PAO/TF1e-2_25x/TF1e-2_25x.rep2.bam.bai
[W::bam_next_basemod] MM tag refers to bases beyond sequence length
[W::hts_idx_load3] The index file is older than the data file: /bip7_disk/pingting114/mixed_bam/COLO829_PAO/TF1e-2_25x/TF1e-2_25x.rep2.bam.bai
[E::bam_parse_basemod2] a65b4b42-5ae3-4d31-9dca-0e12781bffa7: MM tag refers to bases beyond sequence length
[W::hts_idx_load3] The index file is older than the data file: /bip7_disk/pingting114/mixed_bam/COLO829_PAO/TF1e-2_25x/TF1e-2_25x.rep2.bam.bai
[W::bam_next_basemod] MM tag refers to bases beyond sequence length
[W::hts_idx_load3] The index file is older than the data file: /bip7_disk/pingting114/mixed_bam/COLO829_PAO/TF1e-2_25x/TF1e-2_25x.rep2.bam.bai
[W::hts_idx_load3] The index file is older than the data file: /bip7_disk/pingting114/mixed_bam/COLO829_PAO/TF1e-2_25x/TF1e-2_25x.rep2.bam.bai
[W::hts_idx_load3] The index file is older than the data file: /bip7_disk/pingting114/mixed_bam/COLO829_PAO/TF1e-2_25x/TF1e-2_25x.rep2.bam.bai
[W::hts_idx_load3] The index file is older than the data file: /bip7_disk/pingting114/mixed_bam/COLO829_PAO/TF1e-2_25x/TF1e-2_25x.rep2.bam.bai
[W::hts_idx_load3] The index file is older than the data file: /bip7_disk/pingting114/mixed_bam/COLO829_PAO/TF1e-2_25x/TF1e-2_25x.rep2.bam.bai
[W::hts_idx_load3] The index file is older than the data file: /bip7_disk/pingting114/mixed_bam/COLO829_PAO/TF1e-2_25x/TF1e-2_25x.rep2.bam.bai
[W::hts_idx_load3] The index file is older than the data file: /bip7_disk/pingting114/mixed_bam/COLO829_PAO/TF1e-2_25x/TF1e-2_25x.rep2.bam.bai
[W::hts_idx_load3] The index file is older than the data file: /bip7_disk/pingting114/mixed_bam/COLO829_PAO/TF1e-2_25x/TF1e-2_25x.rep2.bam.bai
[E::bam_parse_basemod2] 811dcb74-21a8-4679-868e-e567a7afa9ed: MM tag refers to bases beyond sequence length
[W::hts_idx_load3] The index file is older than the data file: /bip7_disk/pingting114/mixed_bam/COLO829_PAO/TF1e-2_25x/TF1e-2_25x.rep2.bam.bai
[W::hts_idx_load3] The index file is older than the data file: /bip7_disk/pingting114/mixed_bam/COLO829_PAO/TF1e-2_25x/TF1e-2_25x.rep2.bam.bai
[W::hts_idx_load3] The index file is older than the data file: /bip7_disk/pingting114/mixed_bam/COLO829_PAO/TF1e-2_25x/TF1e-2_25x.rep2.bam.bai
[W::hts_idx_load3] The index file is older than the data file: /bip7_disk/pingting114/mixed_bam/COLO829_PAO/TF1e-2_25x/TF1e-2_25x.rep2.bam.bai
[W::hts_idx_load3] The index file is older than the data file: /bip7_disk/pingting114/mixed_bam/COLO829_PAO/TF1e-2_25x/TF1e-2_25x.rep2.bam.bai
[W::bam_next_basemod] MM tag refers to bases beyond sequence length
[W::bam_next_basemod] MM tag refers to bases beyond sequence length
[W::hts_idx_load3] The index file is older than the data file: /bip7_disk/pingting114/mixed_bam/COLO829_PAO/TF1e-2_25x/TF1e-2_25x.rep2.bam.bai
[W::hts_idx_load3] The index file is older than the data file: /bip7_disk/pingting114/mixed_bam/COLO829_PAO/TF1e-2_25x/TF1e-2_25x.rep2.bam.bai
[E::bam_parse_basemod2] d9eebb5e-a5cd-4c8f-b232-e4b2fc22b555: MM tag refers to bases beyond sequence length
[W::hts_idx_load3] The index file is older than the data file: /bip7_disk/pingting114/mixed_bam/COLO829_PAO/TF1e-2_25x/TF1e-2_25x.rep2.bam.bai
[W::hts_idx_load3] The index file is older than the data file: /bip7_disk/pingting114/mixed_bam/COLO829_PAO/TF1e-2_25x/TF1e-2_25x.rep2.bam.bai
[W::hts_idx_load3] The index file is older than the data file: /bip7_disk/pingting114/mixed_bam/COLO829_PAO/TF1e-2_25x/TF1e-2_25x.rep2.bam.bai
[W::bam_next_basemod] MM tag refers to bases beyond sequence length
[W::bam_next_basemod] MM tag refers to bases beyond sequence length
[W::hts_idx_load3] The index file is older than the data file: /bip7_disk/pingting114/mixed_bam/COLO829_PAO/TF1e-2_25x/TF1e-2_25x.rep2.bam.bai
[W::hts_idx_load3] The index file is older than the data file: /bip7_disk/pingting114/mixed_bam/COLO829_PAO/TF1e-2_25x/TF1e-2_25x.rep2.bam.bai
[W::hts_idx_load3] The index file is older than the data file: /bip7_disk/pingting114/mixed_bam/COLO829_PAO/TF1e-2_25x/TF1e-2_25x.rep2.bam.bai
[W::bam_next_basemod] MM tag refers to bases beyond sequence length
[W::hts_idx_load3] The index file is older than the data file: /bip7_disk/pingting114/mixed_bam/COLO829_PAO/TF1e-2_25x/TF1e-2_25x.rep2.bam.bai
[W::hts_idx_load3] The index file is older than the data file: /bip7_disk/pingting114/mixed_bam/COLO829_PAO/TF1e-2_25x/TF1e-2_25x.rep2.bam.bai
[W::hts_idx_load3] The index file is older than the data file: /bip7_disk/pingting114/mixed_bam/COLO829_PAO/TF1e-2_25x/TF1e-2_25x.rep2.bam.bai
[W::hts_idx_load3] The index file is older than the data file: /bip7_disk/pingting114/mixed_bam/COLO829_PAO/TF1e-2_25x/TF1e-2_25x.rep2.bam.bai
[W::bam_next_basemod] MM tag refers to bases beyond sequence length
[W::hts_idx_load3] The index file is older than the data file: /bip7_disk/pingting114/mixed_bam/COLO829_PAO/TF1e-2_25x/TF1e-2_25x.rep2.bam.bai
[W::hts_idx_load3] The index file is older than the data file: /bip7_disk/pingting114/mixed_bam/COLO829_PAO/TF1e-2_25x/TF1e-2_25x.rep2.bam.bai
[E::bam_parse_basemod2] 50e72072-adf8-482f-b4e5-567d091ad057: MM tag refers to bases beyond sequence length
[W::bam_next_basemod] MM tag refers to bases beyond sequence length
[W::hts_idx_load3] The index file is older than the data file: /bip7_disk/pingting114/mixed_bam/COLO829_PAO/TF1e-2_25x/TF1e-2_25x.rep2.bam.bai
[W::hts_idx_load3] The index file is older than the data file: /bip7_disk/pingting114/mixed_bam/COLO829_PAO/TF1e-2_25x/TF1e-2_25x.rep2.bam.bai
[W::bam_next_basemod] MM tag refers to bases beyond sequence length
[W::hts_idx_load3] The index file is older than the data file: /bip7_disk/pingting114/mixed_bam/COLO829_PAO/TF1e-2_25x/TF1e-2_25x.rep2.bam.bai
[W::hts_idx_load3] The index file is older than the data file: /bip7_disk/pingting114/mixed_bam/COLO829_PAO/TF1e-2_25x/TF1e-2_25x.rep2.bam.bai
[W::bam_next_basemod] MM tag refers to bases beyond sequence length
[E::bam_parse_basemod2] e864b2eb-02f1-458e-88e0-4e12dabdfbbc: MM tag refers to bases beyond sequence length
[W::hts_idx_load3] The index file is older than the data file: /bip7_disk/pingting114/mixed_bam/COLO829_PAO/TF1e-2_25x/TF1e-2_25x.rep2.bam.bai
[W::hts_idx_load3] The index file is older than the data file: /bip7_disk/pingting114/mixed_bam/COLO829_PAO/TF1e-2_25x/TF1e-2_25x.rep2.bam.bai
[E::bam_parse_basemod2] 99f18c4d-cb96-4b50-b020-32c3ef97b1df: MM tag refers to bases beyond sequence length
[W::hts_idx_load3] The index file is older than the data file: /bip7_disk/pingting114/mixed_bam/COLO829_PAO/TF1e-2_25x/TF1e-2_25x.rep2.bam.bai
[W::hts_idx_load3] The index file is older than the data file: /bip7_disk/pingting114/mixed_bam/COLO829_PAO/TF1e-2_25x/TF1e-2_25x.rep2.bam.bai
[W::bam_next_basemod] MM tag refers to bases beyond sequence length
[W::hts_idx_load3] The index file is older than the data file: /bip7_disk/pingting114/mixed_bam/COLO829_PAO/TF1e-2_25x/TF1e-2_25x.rep2.bam.bai
[W::hts_idx_load3] The index file is older than the data file: /bip7_disk/pingting114/mixed_bam/COLO829_PAO/TF1e-2_25x/TF1e-2_25x.rep2.bam.bai
[E::bam_parse_basemod2] b2a08182-c0c0-47e7-8e0a-dec38fe1f2db: MM tag refers to bases beyond sequence length
[W::bam_next_basemod] MM tag refers to bases beyond sequence length
[W::hts_idx_load3] The index file is older than the data file: /bip7_disk/pingting114/mixed_bam/COLO829_PAO/TF1e-2_25x/TF1e-2_25x.rep2.bam.bai
[W::hts_idx_load3] The index file is older than the data file: /bip7_disk/pingting114/mixed_bam/COLO829_PAO/TF1e-2_25x/TF1e-2_25x.rep2.bam.bai
[E::bam_parse_basemod2] 45de5a13-c443-46f8-aebd-55940759c688: MM tag refers to bases beyond sequence length
[W::hts_idx_load3] The index file is older than the data file: /bip7_disk/pingting114/mixed_bam/COLO829_PAO/TF1e-2_25x/TF1e-2_25x.rep2.bam.bai
[W::hts_idx_load3] The index file is older than the data file: /bip7_disk/pingting114/mixed_bam/COLO829_PAO/TF1e-2_25x/TF1e-2_25x.rep2.bam.bai
[W::bam_next_basemod] MM tag refers to bases beyond sequence length
[W::bam_next_basemod] MM tag refers to bases beyond sequence length
[W::hts_idx_load3] The index file is older than the data file: /bip7_disk/pingting114/mixed_bam/COLO829_PAO/TF1e-2_25x/TF1e-2_25x.rep2.bam.bai
[W::hts_idx_load3] The index file is older than the data file: /bip7_disk/pingting114/mixed_bam/COLO829_PAO/TF1e-2_25x/TF1e-2_25x.rep2.bam.bai
[W::hts_idx_load3] The index file is older than the data file: /bip7_disk/pingting114/mixed_bam/COLO829_PAO/TF1e-2_25x/TF1e-2_25x.rep2.bam.bai
[W::bam_next_basemod] MM tag refers to bases beyond sequence length
[W::hts_idx_load3] The index file is older than the data file: /bip7_disk/pingting114/mixed_bam/COLO829_PAO/TF1e-2_25x/TF1e-2_25x.rep2.bam.bai
[W::hts_idx_load3] The index file is older than the data file: /bip7_disk/pingting114/mixed_bam/COLO829_PAO/TF1e-2_25x/TF1e-2_25x.rep2.bam.bai
[W::hts_idx_load3] The index file is older than the data file: /bip7_disk/pingting114/mixed_bam/COLO829_PAO/TF1e-2_25x/TF1e-2_25x.rep2.bam.bai
[E::bam_parse_basemod2] 88276e4d-f10d-4d40-84a4-fb3fe4d84118: MM tag refers to bases beyond sequence length
[W::hts_idx_load3] The index file is older than the data file: /bip7_disk/pingting114/mixed_bam/COLO829_PAO/TF1e-2_25x/TF1e-2_25x.rep2.bam.bai
[W::hts_idx_load3] The index file is older than the data file: /bip7_disk/pingting114/mixed_bam/COLO829_PAO/TF1e-2_25x/TF1e-2_25x.rep2.bam.bai
[W::hts_idx_load3] The index file is older than the data file: /bip7_disk/pingting114/mixed_bam/COLO829_PAO/TF1e-2_25x/TF1e-2_25x.rep2.bam.bai
[E::bam_parse_basemod2] 8448efd5-9de2-4431-93ca-beb32e23e127: MM tag refers to bases beyond sequence length
[W::hts_idx_load3] The index file is older than the data file: /bip7_disk/pingting114/mixed_bam/COLO829_PAO/TF1e-2_25x/TF1e-2_25x.rep2.bam.bai
[W::bam_next_basemod] MM tag refers to bases beyond sequence length
[E::bam_parse_basemod2] c69e058d-7c82-4249-9c36-1282c004f4c5: MM tag refers to bases beyond sequence length
[W::hts_idx_load3] The index file is older than the data file: /bip7_disk/pingting114/mixed_bam/COLO829_PAO/TF1e-2_25x/TF1e-2_25x.rep2.bam.bai
[W::hts_idx_load3] The index file is older than the data file: /bip7_disk/pingting114/mixed_bam/COLO829_PAO/TF1e-2_25x/TF1e-2_25x.rep2.bam.bai
[W::hts_idx_load3] The index file is older than the data file: /bip7_disk/pingting114/mixed_bam/COLO829_PAO/TF1e-2_25x/TF1e-2_25x.rep2.bam.bai
[W::hts_idx_load3] The index file is older than the data file: /bip7_disk/pingting114/mixed_bam/COLO829_PAO/TF1e-2_25x/TF1e-2_25x.rep2.bam.bai
[W::bam_next_basemod] MM tag refers to bases beyond sequence length
[W::bam_next_basemod] MM tag refers to bases beyond sequence length
[W::hts_idx_load3] The index file is older than the data file: /bip7_disk/pingting114/mixed_bam/COLO829_PAO/TF1e-2_25x/TF1e-2_25x.rep2.bam.bai
[W::bam_next_basemod] MM tag refers to bases beyond sequence length
[W::hts_idx_load3] The index file is older than the data file: /bip7_disk/pingting114/mixed_bam/COLO829_PAO/TF1e-2_25x/TF1e-2_25x.rep2.bam.bai
[E::bam_parse_basemod2] 58e3ddd3-0130-4c35-90c4-2a9f9f73be76: MM tag refers to bases beyond sequence length
[W::hts_idx_load3] The index file is older than the data file: /bip7_disk/pingting114/mixed_bam/COLO829_PAO/TF1e-2_25x/TF1e-2_25x.rep2.bam.bai
[W::hts_idx_load3] The index file is older than the data file: /bip7_disk/pingting114/mixed_bam/COLO829_PAO/TF1e-2_25x/TF1e-2_25x.rep2.bam.bai
[W::hts_idx_load3] The index file is older than the data file: /bip7_disk/pingting114/mixed_bam/COLO829_PAO/TF1e-2_25x/TF1e-2_25x.rep2.bam.bai
[W::hts_idx_load3] The index file is older than the data file: /bip7_disk/pingting114/mixed_bam/COLO829_PAO/TF1e-2_25x/TF1e-2_25x.rep2.bam.bai
[W::hts_idx_load3] The index file is older than the data file: /bip7_disk/pingting114/mixed_bam/COLO829_PAO/TF1e-2_25x/TF1e-2_25x.rep2.bam.bai
[E::bam_parse_basemod2] 23b1fb29-c438-4f6b-b8d5-9696907eec11: MM tag refers to bases beyond sequence length
[W::hts_idx_load3] The index file is older than the data file: /bip7_disk/pingting114/mixed_bam/COLO829_PAO/TF1e-2_25x/TF1e-2_25x.rep2.bam.bai
[W::bam_next_basemod] MM tag refers to bases beyond sequence length
[W::hts_idx_load3] The index file is older than the data file: /bip7_disk/pingting114/mixed_bam/COLO829_PAO/TF1e-2_25x/TF1e-2_25x.rep2.bam.bai
[W::hts_idx_load3] The index file is older than the data file: /bip7_disk/pingting114/mixed_bam/COLO829_PAO/TF1e-2_25x/TF1e-2_25x.rep2.bam.bai
[W::hts_idx_load3] The index file is older than the data file: /bip7_disk/pingting114/mixed_bam/COLO829_PAO/TF1e-2_25x/TF1e-2_25x.rep2.bam.bai
[W::bam_next_basemod] MM tag refers to bases beyond sequence length
[W::hts_idx_load3] The index file is older than the data file: /bip7_disk/pingting114/mixed_bam/COLO829_PAO/TF1e-2_25x/TF1e-2_25x.rep2.bam.bai
[W::hts_idx_load3] The index file is older than the data file: /bip7_disk/pingting114/mixed_bam/COLO829_PAO/TF1e-2_25x/TF1e-2_25x.rep2.bam.bai
[W::hts_idx_load3] The index file is older than the data file: /bip7_disk/pingting114/mixed_bam/COLO829_PAO/TF1e-2_25x/TF1e-2_25x.rep2.bam.bai
[W::hts_idx_load3] The index file is older than the data file: /bip7_disk/pingting114/mixed_bam/COLO829_PAO/TF1e-2_25x/TF1e-2_25x.rep2.bam.bai
[W::bam_next_basemod] MM tag refers to bases beyond sequence length
[E::bam_parse_basemod2] a64d9eb1-5b41-4adc-90f3-ac27846e9858: MM tag refers to bases beyond sequence length
[W::hts_idx_load3] The index file is older than the data file: /bip7_disk/pingting114/mixed_bam/COLO829_PAO/TF1e-2_25x/TF1e-2_25x.rep2.bam.bai
[E::bam_parse_basemod2] 1d161394-cc92-4c50-be96-bcc78c817ded: MM tag refers to bases beyond sequence length
[W::hts_idx_load3] The index file is older than the data file: /bip7_disk/pingting114/mixed_bam/COLO829_PAO/TF1e-2_25x/TF1e-2_25x.rep2.bam.bai
[W::hts_idx_load3] The index file is older than the data file: /bip7_disk/pingting114/mixed_bam/COLO829_PAO/TF1e-2_25x/TF1e-2_25x.rep2.bam.bai
[E::bam_parse_basemod2] d14de449-a42e-4f84-842c-6ba24a6102d9: MM tag refers to bases beyond sequence length
[W::hts_idx_load3] The index file is older than the data file: /bip7_disk/pingting114/mixed_bam/COLO829_PAO/TF1e-2_25x/TF1e-2_25x.rep2.bam.bai
[W::hts_idx_load3] The index file is older than the data file: /bip7_disk/pingting114/mixed_bam/COLO829_PAO/TF1e-2_25x/TF1e-2_25x.rep2.bam.bai
[E::bam_parse_basemod2] ce4d17bc-fe89-4f7b-8cf1-faac90fdd111: MM tag refers to bases beyond sequence length
[W::hts_idx_load3] The index file is older than the data file: /bip7_disk/pingting114/mixed_bam/COLO829_PAO/TF1e-2_25x/TF1e-2_25x.rep2.bam.bai
[W::hts_idx_load3] The index file is older than the data file: /bip7_disk/pingting114/mixed_bam/COLO829_PAO/TF1e-2_25x/TF1e-2_25x.rep2.bam.bai
[W::hts_idx_load3] The index file is older than the data file: /bip7_disk/pingting114/mixed_bam/COLO829_PAO/TF1e-2_25x/TF1e-2_25x.rep2.bam.bai
[W::hts_idx_load3] The index file is older than the data file: /bip7_disk/pingting114/mixed_bam/COLO829_PAO/TF1e-2_25x/TF1e-2_25x.rep2.bam.bai
[W::hts_idx_load3] The index file is older than the data file: /bip7_disk/pingting114/mixed_bam/COLO829_PAO/TF1e-2_25x/TF1e-2_25x.rep2.bam.bai
[E::bam_parse_basemod2] a89ce9db-22f3-4962-82d6-686f326d559e: MM tag refers to bases beyond sequence length
[W::hts_idx_load3] The index file is older than the data file: /bip7_disk/pingting114/mixed_bam/COLO829_PAO/TF1e-2_25x/TF1e-2_25x.rep2.bam.bai
[W::hts_idx_load3] The index file is older than the data file: /bip7_disk/pingting114/mixed_bam/COLO829_PAO/TF1e-2_25x/TF1e-2_25x.rep2.bam.bai
[W::hts_idx_load3] The index file is older than the data file: /bip7_disk/pingting114/mixed_bam/COLO829_PAO/TF1e-2_25x/TF1e-2_25x.rep2.bam.bai
[W::hts_idx_load3] The index file is older than the data file: /bip7_disk/pingting114/mixed_bam/COLO829_PAO/TF1e-2_25x/TF1e-2_25x.rep2.bam.bai
[W::hts_idx_load3] The index file is older than the data file: /bip7_disk/pingting114/mixed_bam/COLO829_PAO/TF1e-2_25x/TF1e-2_25x.rep2.bam.bai
[W::hts_idx_load3] The index file is older than the data file: /bip7_disk/pingting114/mixed_bam/COLO829_PAO/TF1e-2_25x/TF1e-2_25x.rep2.bam.bai
[W::bam_next_basemod] MM tag refers to bases beyond sequence length
[W::hts_idx_load3] The index file is older than the data file: /bip7_disk/pingting114/mixed_bam/COLO829_PAO/TF1e-2_25x/TF1e-2_25x.rep2.bam.bai
[W::hts_idx_load3] The index file is older than the data file: /bip7_disk/pingting114/mixed_bam/COLO829_PAO/TF1e-2_25x/TF1e-2_25x.rep2.bam.bai
[W::bam_next_basemod] MM tag refers to bases beyond sequence length
[E::bam_parse_basemod2] 64d9e6f4-f455-4f82-b0bf-e7ed6000f476: MM tag refers to bases beyond sequence length
[W::bam_next_basemod] MM tag refers to bases beyond sequence length
[W::hts_idx_load3] The index file is older than the data file: /bip7_disk/pingting114/mixed_bam/COLO829_PAO/TF1e-2_25x/TF1e-2_25x.rep2.bam.bai
[E::bam_parse_basemod2] 1c640181-8b55-4866-8efe-210ef3865dc6: MM tag refers to bases beyond sequence length
[W::hts_idx_load3] The index file is older than the data file: /bip7_disk/pingting114/mixed_bam/COLO829_PAO/TF1e-2_25x/TF1e-2_25x.rep2.bam.bai
[W::hts_idx_load3] The index file is older than the data file: /bip7_disk/pingting114/mixed_bam/COLO829_PAO/TF1e-2_25x/TF1e-2_25x.rep2.bam.bai
[W::hts_idx_load3] The index file is older than the data file: /bip7_disk/pingting114/mixed_bam/COLO829_PAO/TF1e-2_25x/TF1e-2_25x.rep2.bam.bai
[W::hts_idx_load3] The index file is older than the data file: /bip7_disk/pingting114/mixed_bam/COLO829_PAO/TF1e-2_25x/TF1e-2_25x.rep2.bam.bai
[W::hts_idx_load3] The index file is older than the data file: /bip7_disk/pingting114/mixed_bam/COLO829_PAO/TF1e-2_25x/TF1e-2_25x.rep2.bam.bai
[W::hts_idx_load3] The index file is older than the data file: /bip7_disk/pingting114/mixed_bam/COLO829_PAO/TF1e-2_25x/TF1e-2_25x.rep2.bam.bai
[W::hts_idx_load3] The index file is older than the data file: /bip7_disk/pingting114/mixed_bam/COLO829_PAO/TF1e-2_25x/TF1e-2_25x.rep2.bam.bai
[W::hts_idx_load3] The index file is older than the data file: /bip7_disk/pingting114/mixed_bam/COLO829_PAO/TF1e-2_25x/TF1e-2_25x.rep2.bam.bai
[W::bam_next_basemod] MM tag refers to bases beyond sequence length
[W::hts_idx_load3] The index file is older than the data file: /bip7_disk/pingting114/mixed_bam/COLO829_PAO/TF1e-2_25x/TF1e-2_25x.rep2.bam.bai
[W::bam_next_basemod] MM tag refers to bases beyond sequence length
[W::hts_idx_load3] The index file is older than the data file: /bip7_disk/pingting114/mixed_bam/COLO829_PAO/TF1e-2_25x/TF1e-2_25x.rep2.bam.bai
[W::hts_idx_load3] The index file is older than the data file: /bip7_disk/pingting114/mixed_bam/COLO829_PAO/TF1e-2_25x/TF1e-2_25x.rep2.bam.bai
[W::hts_idx_load3] The index file is older than the data file: /bip7_disk/pingting114/mixed_bam/COLO829_PAO/TF1e-2_25x/TF1e-2_25x.rep2.bam.bai
[W::bam_next_basemod] MM tag refers to bases beyond sequence length
[W::bam_next_basemod] MM tag refers to bases beyond sequence length
[W::bam_next_basemod] MM tag refers to bases beyond sequence length
[W::hts_idx_load3] The index file is older than the data file: /bip7_disk/pingting114/mixed_bam/COLO829_PAO/TF1e-2_25x/TF1e-2_25x.rep2.bam.bai
[W::bam_next_basemod] MM tag refers to bases beyond sequence length
[W::bam_next_basemod] MM tag refers to bases beyond sequence length
[W::hts_idx_load3] The index file is older than the data file: /bip7_disk/pingting114/mixed_bam/COLO829_PAO/TF1e-2_25x/TF1e-2_25x.rep2.bam.bai
[W::bam_next_basemod] MM tag refers to bases beyond sequence length
[W::hts_idx_load3] The index file is older than the data file: /bip7_disk/pingting114/mixed_bam/COLO829_PAO/TF1e-2_25x/TF1e-2_25x.rep2.bam.bai
[W::hts_idx_load3] The index file is older than the data file: /bip7_disk/pingting114/mixed_bam/COLO829_PAO/TF1e-2_25x/TF1e-2_25x.rep2.bam.bai
[E::bam_parse_basemod2] 80d5d4e6-eaae-489e-addf-732683f6d9e9: MM tag refers to bases beyond sequence length
[W::hts_idx_load3] The index file is older than the data file: /bip7_disk/pingting114/mixed_bam/COLO829_PAO/TF1e-2_25x/TF1e-2_25x.rep2.bam.bai
[W::hts_idx_load3] The index file is older than the data file: /bip7_disk/pingting114/mixed_bam/COLO829_PAO/TF1e-2_25x/TF1e-2_25x.rep2.bam.bai
[W::hts_idx_load3] The index file is older than the data file: /bip7_disk/pingting114/mixed_bam/COLO829_PAO/TF1e-2_25x/TF1e-2_25x.rep2.bam.bai
[W::hts_idx_load3] The index file is older than the data file: /bip7_disk/pingting114/mixed_bam/COLO829_PAO/TF1e-2_25x/TF1e-2_25x.rep2.bam.bai
[W::hts_idx_load3] The index file is older than the data file: /bip7_disk/pingting114/mixed_bam/COLO829_PAO/TF1e-2_25x/TF1e-2_25x.rep2.bam.bai
[W::bam_next_basemod] MM tag refers to bases beyond sequence length
[W::hts_idx_load3] The index file is older than the data file: /bip7_disk/pingting114/mixed_bam/COLO829_PAO/TF1e-2_25x/TF1e-2_25x.rep2.bam.bai
[W::bam_next_basemod] MM tag refers to bases beyond sequence length
[W::hts_idx_load3] The index file is older than the data file: /bip7_disk/pingting114/mixed_bam/COLO829_PAO/TF1e-2_25x/TF1e-2_25x.rep2.bam.bai
[W::hts_idx_load3] The index file is older than the data file: /bip7_disk/pingting114/mixed_bam/COLO829_PAO/TF1e-2_25x/TF1e-2_25x.rep2.bam.bai
[W::hts_idx_load3] The index file is older than the data file: /bip7_disk/pingting114/mixed_bam/COLO829_PAO/TF1e-2_25x/TF1e-2_25x.rep2.bam.bai
[E::bam_parse_basemod2] 42710711-fc54-41ab-a59f-5e1aa2aa4c0d: MM tag refers to bases beyond sequence length
[W::hts_idx_load3] The index file is older than the data file: /bip7_disk/pingting114/mixed_bam/COLO829_PAO/TF1e-2_25x/TF1e-2_25x.rep2.bam.bai
[W::hts_idx_load3] The index file is older than the data file: /bip7_disk/pingting114/mixed_bam/COLO829_PAO/TF1e-2_25x/TF1e-2_25x.rep2.bam.bai
[W::hts_idx_load3] The index file is older than the data file: /bip7_disk/pingting114/mixed_bam/COLO829_PAO/TF1e-2_25x/TF1e-2_25x.rep2.bam.bai
[W::bam_next_basemod] MM tag refers to bases beyond sequence length
[W::hts_idx_load3] The index file is older than the data file: /bip7_disk/pingting114/mixed_bam/COLO829_PAO/TF1e-2_25x/TF1e-2_25x.rep2.bam.bai
[W::hts_idx_load3] The index file is older than the data file: /bip7_disk/pingting114/mixed_bam/COLO829_PAO/TF1e-2_25x/TF1e-2_25x.rep2.bam.bai
[W::hts_idx_load3] The index file is older than the data file: /bip7_disk/pingting114/mixed_bam/COLO829_PAO/TF1e-2_25x/TF1e-2_25x.rep2.bam.bai
[W::hts_idx_load3] The index file is older than the data file: /bip7_disk/pingting114/mixed_bam/COLO829_PAO/TF1e-2_25x/TF1e-2_25x.rep2.bam.bai
[W::hts_idx_load3] The index file is older than the data file: /bip7_disk/pingting114/mixed_bam/COLO829_PAO/TF1e-2_25x/TF1e-2_25x.rep2.bam.bai
[W::hts_idx_load3] The index file is older than the data file: /bip7_disk/pingting114/mixed_bam/COLO829_PAO/TF1e-2_25x/TF1e-2_25x.rep2.bam.bai
[W::hts_idx_load3] The index file is older than the data file: /bip7_disk/pingting114/mixed_bam/COLO829_PAO/TF1e-2_25x/TF1e-2_25x.rep2.bam.bai
[W::hts_idx_load3] The index file is older than the data file: /bip7_disk/pingting114/mixed_bam/COLO829_PAO/TF1e-2_25x/TF1e-2_25x.rep2.bam.bai
[W::hts_idx_load3] The index file is older than the data file: /bip7_disk/pingting114/mixed_bam/COLO829_PAO/TF1e-2_25x/TF1e-2_25x.rep2.bam.bai
[W::hts_idx_load3] The index file is older than the data file: /bip7_disk/pingting114/mixed_bam/COLO829_PAO/TF1e-2_25x/TF1e-2_25x.rep2.bam.bai
[E::bam_parse_basemod2] 88aede5d-71c8-45f4-a1c1-7d7aaae307f5: MM tag refers to bases beyond sequence length
[W::hts_idx_load3] The index file is older than the data file: /bip7_disk/pingting114/mixed_bam/COLO829_PAO/TF1e-2_25x/TF1e-2_25x.rep2.bam.bai
[W::bam_next_basemod] MM tag refers to bases beyond sequence length
[W::hts_idx_load3] The index file is older than the data file: /bip7_disk/pingting114/mixed_bam/COLO829_PAO/TF1e-2_25x/TF1e-2_25x.rep2.bam.bai
[W::hts_idx_load3] The index file is older than the data file: /bip7_disk/pingting114/mixed_bam/COLO829_PAO/TF1e-2_25x/TF1e-2_25x.rep2.bam.bai
[W::hts_idx_load3] The index file is older than the data file: /bip7_disk/pingting114/mixed_bam/COLO829_PAO/TF1e-2_25x/TF1e-2_25x.rep2.bam.bai
[E::bam_parse_basemod2] 8260a22c-323f-43b5-967c-94497af7c9ee: MM tag refers to bases beyond sequence length
[W::hts_idx_load3] The index file is older than the data file: /bip7_disk/pingting114/mixed_bam/COLO829_PAO/TF1e-2_25x/TF1e-2_25x.rep2.bam.bai
[W::bam_next_basemod] MM tag refers to bases beyond sequence length
[W::bam_next_basemod] MM tag refers to bases beyond sequence length
[W::hts_idx_load3] The index file is older than the data file: /bip7_disk/pingting114/mixed_bam/COLO829_PAO/TF1e-2_25x/TF1e-2_25x.rep2.bam.bai
[W::hts_idx_load3] The index file is older than the data file: /bip7_disk/pingting114/mixed_bam/COLO829_PAO/TF1e-2_25x/TF1e-2_25x.rep2.bam.bai
[W::hts_idx_load3] The index file is older than the data file: /bip7_disk/pingting114/mixed_bam/COLO829_PAO/TF1e-2_25x/TF1e-2_25x.rep2.bam.bai
[W::bam_next_basemod] MM tag refers to bases beyond sequence length
[W::hts_idx_load3] The index file is older than the data file: /bip7_disk/pingting114/mixed_bam/COLO829_PAO/TF1e-2_25x/TF1e-2_25x.rep2.bam.bai
[W::hts_idx_load3] The index file is older than the data file: /bip7_disk/pingting114/mixed_bam/COLO829_PAO/TF1e-2_25x/TF1e-2_25x.rep2.bam.bai
[W::hts_idx_load3] The index file is older than the data file: /bip7_disk/pingting114/mixed_bam/COLO829_PAO/TF1e-2_25x/TF1e-2_25x.rep2.bam.bai
[W::hts_idx_load3] The index file is older than the data file: /bip7_disk/pingting114/mixed_bam/COLO829_PAO/TF1e-2_25x/TF1e-2_25x.rep2.bam.bai
[W::bam_next_basemod] MM tag refers to bases beyond sequence length
[W::bam_next_basemod] MM tag refers to bases beyond sequence length
[E::bam_parse_basemod2] 45280e10-c5a9-46e9-a0bf-1e316b4b8ef0: MM tag refers to bases beyond sequence length
[E::bam_parse_basemod2] 9007822e-1b82-41c6-9850-2e4bca751970: MM tag refers to bases beyond sequence length
[W::hts_idx_load3] The index file is older than the data file: /bip7_disk/pingting114/mixed_bam/COLO829_PAO/TF1e-2_25x/TF1e-2_25x.rep2.bam.bai
[E::bam_parse_basemod2] 54bd7723-f3c3-40bd-8796-b67732617199: MM tag refers to bases beyond sequence length
[E::bam_parse_basemod2] c3fee7ad-387e-4f52-bad4-8cab3700e0b4: MM tag refers to bases beyond sequence length
[W::hts_idx_load3] The index file is older than the data file: /bip7_disk/pingting114/mixed_bam/COLO829_PAO/TF1e-2_25x/TF1e-2_25x.rep2.bam.bai
[W::hts_idx_load3] The index file is older than the data file: /bip7_disk/pingting114/mixed_bam/COLO829_PAO/TF1e-2_25x/TF1e-2_25x.rep2.bam.bai
[W::hts_idx_load3] The index file is older than the data file: /bip7_disk/pingting114/mixed_bam/COLO829_PAO/TF1e-2_25x/TF1e-2_25x.rep2.bam.bai
[W::hts_idx_load3] The index file is older than the data file: /bip7_disk/pingting114/mixed_bam/COLO829_PAO/TF1e-2_25x/TF1e-2_25x.rep2.bam.bai
[W::hts_idx_load3] The index file is older than the data file: /bip7_disk/pingting114/mixed_bam/COLO829_PAO/TF1e-2_25x/TF1e-2_25x.rep2.bam.bai
[W::hts_idx_load3] The index file is older than the data file: /bip7_disk/pingting114/mixed_bam/COLO829_PAO/TF1e-2_25x/TF1e-2_25x.rep2.bam.bai
[W::hts_idx_load3] The index file is older than the data file: /bip7_disk/pingting114/mixed_bam/COLO829_PAO/TF1e-2_25x/TF1e-2_25x.rep2.bam.bai
[W::hts_idx_load3] The index file is older than the data file: /bip7_disk/pingting114/mixed_bam/COLO829_PAO/TF1e-2_25x/TF1e-2_25x.rep2.bam.bai
[W::hts_idx_load3] The index file is older than the data file: /bip7_disk/pingting114/mixed_bam/COLO829_PAO/TF1e-2_25x/TF1e-2_25x.rep2.bam.bai
[E::bam_parse_basemod2] 42bb1a50-451a-46c0-ba8d-8c9836e89e65: MM tag refers to bases beyond sequence length
[W::hts_idx_load3] The index file is older than the data file: /bip7_disk/pingting114/mixed_bam/COLO829_PAO/TF1e-2_25x/TF1e-2_25x.rep2.bam.bai
[W::hts_idx_load3] The index file is older than the data file: /bip7_disk/pingting114/mixed_bam/COLO829_PAO/TF1e-2_25x/TF1e-2_25x.rep2.bam.bai
[W::hts_idx_load3] The index file is older than the data file: /bip7_disk/pingting114/mixed_bam/COLO829_PAO/TF1e-2_25x/TF1e-2_25x.rep2.bam.bai
[W::hts_idx_load3] The index file is older than the data file: /bip7_disk/pingting114/mixed_bam/COLO829_PAO/TF1e-2_25x/TF1e-2_25x.rep2.bam.bai
[W::hts_idx_load3] The index file is older than the data file: /bip7_disk/pingting114/mixed_bam/COLO829_PAO/TF1e-2_25x/TF1e-2_25x.rep2.bam.bai
[W::hts_idx_load3] The index file is older than the data file: /bip7_disk/pingting114/mixed_bam/COLO829_PAO/TF1e-2_25x/TF1e-2_25x.rep2.bam.bai
[W::bam_next_basemod] MM tag refers to bases beyond sequence length
[W::hts_idx_load3] The index file is older than the data file: /bip7_disk/pingting114/mixed_bam/COLO829_PAO/TF1e-2_25x/TF1e-2_25x.rep2.bam.bai
[W::bam_next_basemod] MM tag refers to bases beyond sequence length
[W::hts_idx_load3] The index file is older than the data file: /bip7_disk/pingting114/mixed_bam/COLO829_PAO/TF1e-2_25x/TF1e-2_25x.rep2.bam.bai
[W::hts_idx_load3] The index file is older than the data file: /bip7_disk/pingting114/mixed_bam/COLO829_PAO/TF1e-2_25x/TF1e-2_25x.rep2.bam.bai
[W::hts_idx_load3] The index file is older than the data file: /bip7_disk/pingting114/mixed_bam/COLO829_PAO/TF1e-2_25x/TF1e-2_25x.rep2.bam.bai
[W::hts_idx_load3] The index file is older than the data file: /bip7_disk/pingting114/mixed_bam/COLO829_PAO/TF1e-2_25x/TF1e-2_25x.rep2.bam.bai
[W::bam_next_basemod] MM tag refers to bases beyond sequence length
[W::hts_idx_load3] The index file is older than the data file: /bip7_disk/pingting114/mixed_bam/COLO829_PAO/TF1e-2_25x/TF1e-2_25x.rep2.bam.bai
[W::hts_idx_load3] The index file is older than the data file: /bip7_disk/pingting114/mixed_bam/COLO829_PAO/TF1e-2_25x/TF1e-2_25x.rep2.bam.bai
[W::bam_next_basemod] MM tag refers to bases beyond sequence length
[W::bam_next_basemod] MM tag refers to bases beyond sequence length
[W::hts_idx_load3] The index file is older than the data file: /bip7_disk/pingting114/mixed_bam/COLO829_PAO/TF1e-2_25x/TF1e-2_25x.rep2.bam.bai
[W::hts_idx_load3] The index file is older than the data file: /bip7_disk/pingting114/mixed_bam/COLO829_PAO/TF1e-2_25x/TF1e-2_25x.rep2.bam.bai
[W::hts_idx_load3] The index file is older than the data file: /bip7_disk/pingting114/mixed_bam/COLO829_PAO/TF1e-2_25x/TF1e-2_25x.rep2.bam.bai
[W::hts_idx_load3] The index file is older than the data file: /bip7_disk/pingting114/mixed_bam/COLO829_PAO/TF1e-2_25x/TF1e-2_25x.rep2.bam.bai
[E::bam_parse_basemod2] a60ad38d-f7ac-4526-b75b-06417259b07b: MM tag refers to bases beyond sequence length
[E::bam_parse_basemod2] b9707861-9377-458c-89c4-044691f621d5: MM tag refers to bases beyond sequence length
[W::hts_idx_load3] The index file is older than the data file: /bip7_disk/pingting114/mixed_bam/COLO829_PAO/TF1e-2_25x/TF1e-2_25x.rep2.bam.bai
[W::hts_idx_load3] The index file is older than the data file: /bip7_disk/pingting114/mixed_bam/COLO829_PAO/TF1e-2_25x/TF1e-2_25x.rep2.bam.bai
[W::hts_idx_load3] The index file is older than the data file: /bip7_disk/pingting114/mixed_bam/COLO829_PAO/TF1e-2_25x/TF1e-2_25x.rep2.bam.bai
[W::hts_idx_load3] The index file is older than the data file: /bip7_disk/pingting114/mixed_bam/COLO829_PAO/TF1e-2_25x/TF1e-2_25x.rep2.bam.bai
[W::hts_idx_load3] The index file is older than the data file: /bip7_disk/pingting114/mixed_bam/COLO829_PAO/TF1e-2_25x/TF1e-2_25x.rep2.bam.bai
[W::hts_idx_load3] The index file is older than the data file: /bip7_disk/pingting114/mixed_bam/COLO829_PAO/TF1e-2_25x/TF1e-2_25x.rep2.bam.bai
[W::hts_idx_load3] The index file is older than the data file: /bip7_disk/pingting114/mixed_bam/COLO829_PAO/TF1e-2_25x/TF1e-2_25x.rep2.bam.bai
[W::bam_next_basemod] MM tag refers to bases beyond sequence length
[W::hts_idx_load3] The index file is older than the data file: /bip7_disk/pingting114/mixed_bam/COLO829_PAO/TF1e-2_25x/TF1e-2_25x.rep2.bam.bai
[W::hts_idx_load3] The index file is older than the data file: /bip7_disk/pingting114/mixed_bam/COLO829_PAO/TF1e-2_25x/TF1e-2_25x.rep2.bam.bai
[W::hts_idx_load3] The index file is older than the data file: /bip7_disk/pingting114/mixed_bam/COLO829_PAO/TF1e-2_25x/TF1e-2_25x.rep2.bam.bai
[W::hts_idx_load3] The index file is older than the data file: /bip7_disk/pingting114/mixed_bam/COLO829_PAO/TF1e-2_25x/TF1e-2_25x.rep2.bam.bai
[W::bam_next_basemod] MM tag refers to bases beyond sequence length
[W::hts_idx_load3] The index file is older than the data file: /bip7_disk/pingting114/mixed_bam/COLO829_PAO/TF1e-2_25x/TF1e-2_25x.rep2.bam.bai
[W::hts_idx_load3] The index file is older than the data file: /bip7_disk/pingting114/mixed_bam/COLO829_PAO/TF1e-2_25x/TF1e-2_25x.rep2.bam.bai
[W::hts_idx_load3] The index file is older than the data file: /bip7_disk/pingting114/mixed_bam/COLO829_PAO/TF1e-2_25x/TF1e-2_25x.rep2.bam.bai
[W::hts_idx_load3] The index file is older than the data file: /bip7_disk/pingting114/mixed_bam/COLO829_PAO/TF1e-2_25x/TF1e-2_25x.rep2.bam.bai
[W::hts_idx_load3] The index file is older than the data file: /bip7_disk/pingting114/mixed_bam/COLO829_PAO/TF1e-2_25x/TF1e-2_25x.rep2.bam.bai
[W::hts_idx_load3] The index file is older than the data file: /bip7_disk/pingting114/mixed_bam/COLO829_PAO/TF1e-2_25x/TF1e-2_25x.rep2.bam.bai
[W::hts_idx_load3] The index file is older than the data file: /bip7_disk/pingting114/mixed_bam/COLO829_PAO/TF1e-2_25x/TF1e-2_25x.rep2.bam.bai
[W::hts_idx_load3] The index file is older than the data file: /bip7_disk/pingting114/mixed_bam/COLO829_PAO/TF1e-2_25x/TF1e-2_25x.rep2.bam.bai
[W::hts_idx_load3] The index file is older than the data file: /bip7_disk/pingting114/mixed_bam/COLO829_PAO/TF1e-2_25x/TF1e-2_25x.rep2.bam.bai
[W::hts_idx_load3] The index file is older than the data file: /bip7_disk/pingting114/mixed_bam/COLO829_PAO/TF1e-2_25x/TF1e-2_25x.rep2.bam.bai
[W::hts_idx_load3] The index file is older than the data file: /bip7_disk/pingting114/mixed_bam/COLO829_PAO/TF1e-2_25x/TF1e-2_25x.rep2.bam.bai
[W::hts_idx_load3] The index file is older than the data file: /bip7_disk/pingting114/mixed_bam/COLO829_PAO/TF1e-2_25x/TF1e-2_25x.rep2.bam.bai
[E::bam_parse_basemod2] fe1a510a-903a-4cf6-a925-2f452cdbbad4: MM tag refers to bases beyond sequence length
[W::hts_idx_load3] The index file is older than the data file: /bip7_disk/pingting114/mixed_bam/COLO829_PAO/TF1e-2_25x/TF1e-2_25x.rep2.bam.bai
[W::hts_idx_load3] The index file is older than the data file: /bip7_disk/pingting114/mixed_bam/COLO829_PAO/TF1e-2_25x/TF1e-2_25x.rep2.bam.bai
[W::hts_idx_load3] The index file is older than the data file: /bip7_disk/pingting114/mixed_bam/COLO829_PAO/TF1e-2_25x/TF1e-2_25x.rep2.bam.bai
[W::bam_next_basemod] MM tag refers to bases beyond sequence length
[W::hts_idx_load3] The index file is older than the data file: /bip7_disk/pingting114/mixed_bam/COLO829_PAO/TF1e-2_25x/TF1e-2_25x.rep2.bam.bai
[W::hts_idx_load3] The index file is older than the data file: /bip7_disk/pingting114/mixed_bam/COLO829_PAO/TF1e-2_25x/TF1e-2_25x.rep2.bam.bai
[W::hts_idx_load3] The index file is older than the data file: /bip7_disk/pingting114/mixed_bam/COLO829_PAO/TF1e-2_25x/TF1e-2_25x.rep2.bam.bai
[W::hts_idx_load3] The index file is older than the data file: /bip7_disk/pingting114/mixed_bam/COLO829_PAO/TF1e-2_25x/TF1e-2_25x.rep2.bam.bai
[W::hts_idx_load3] The index file is older than the data file: /bip7_disk/pingting114/mixed_bam/COLO829_PAO/TF1e-2_25x/TF1e-2_25x.rep2.bam.bai
[W::bam_next_basemod] MM tag refers to bases beyond sequence length
[W::hts_idx_load3] The index file is older than the data file: /bip7_disk/pingting114/mixed_bam/COLO829_PAO/TF1e-2_25x/TF1e-2_25x.rep2.bam.bai
[E::bam_parse_basemod2] ea858cc9-1d2d-4fa2-9557-ad73c023f2b8: MM tag refers to bases beyond sequence length
[W::hts_idx_load3] The index file is older than the data file: /bip7_disk/pingting114/mixed_bam/COLO829_PAO/TF1e-2_25x/TF1e-2_25x.rep2.bam.bai
[W::hts_idx_load3] The index file is older than the data file: /bip7_disk/pingting114/mixed_bam/COLO829_PAO/TF1e-2_25x/TF1e-2_25x.rep2.bam.bai
[W::hts_idx_load3] The index file is older than the data file: /bip7_disk/pingting114/mixed_bam/COLO829_PAO/TF1e-2_25x/TF1e-2_25x.rep2.bam.bai
[W::hts_idx_load3] The index file is older than the data file: /bip7_disk/pingting114/mixed_bam/COLO829_PAO/TF1e-2_25x/TF1e-2_25x.rep2.bam.bai
[W::hts_idx_load3] The index file is older than the data file: /bip7_disk/pingting114/mixed_bam/COLO829_PAO/TF1e-2_25x/TF1e-2_25x.rep2.bam.bai
[W::hts_idx_load3] The index file is older than the data file: /bip7_disk/pingting114/mixed_bam/COLO829_PAO/TF1e-2_25x/TF1e-2_25x.rep2.bam.bai
[W::hts_idx_load3] The index file is older than the data file: /bip7_disk/pingting114/mixed_bam/COLO829_PAO/TF1e-2_25x/TF1e-2_25x.rep2.bam.bai
[W::bam_next_basemod] MM tag refers to bases beyond sequence length
[W::hts_idx_load3] The index file is older than the data file: /bip7_disk/pingting114/mixed_bam/COLO829_PAO/TF1e-2_25x/TF1e-2_25x.rep2.bam.bai
[W::hts_idx_load3] The index file is older than the data file: /bip7_disk/pingting114/mixed_bam/COLO829_PAO/TF1e-2_25x/TF1e-2_25x.rep2.bam.bai
[W::hts_idx_load3] The index file is older than the data file: /bip7_disk/pingting114/mixed_bam/COLO829_PAO/TF1e-2_25x/TF1e-2_25x.rep2.bam.bai
[E::bam_parse_basemod2] 30fc2126-ebab-446d-800f-f19decf53ed2: MM tag refers to bases beyond sequence length
[W::hts_idx_load3] The index file is older than the data file: /bip7_disk/pingting114/mixed_bam/COLO829_PAO/TF1e-2_25x/TF1e-2_25x.rep2.bam.bai
[W::hts_idx_load3] The index file is older than the data file: /bip7_disk/pingting114/mixed_bam/COLO829_PAO/TF1e-2_25x/TF1e-2_25x.rep2.bam.bai
[W::hts_idx_load3] The index file is older than the data file: /bip7_disk/pingting114/mixed_bam/COLO829_PAO/TF1e-2_25x/TF1e-2_25x.rep2.bam.bai
[W::hts_idx_load3] The index file is older than the data file: /bip7_disk/pingting114/mixed_bam/COLO829_PAO/TF1e-2_25x/TF1e-2_25x.rep2.bam.bai
[E::bam_parse_basemod2] a5ecc47b-2351-4c3f-8827-8a978a911f7f: MM tag refers to bases beyond sequence length
[W::bam_next_basemod] MM tag refers to bases beyond sequence length
[W::hts_idx_load3] The index file is older than the data file: /bip7_disk/pingting114/mixed_bam/COLO829_PAO/TF1e-2_25x/TF1e-2_25x.rep2.bam.bai
[W::hts_idx_load3] The index file is older than the data file: /bip7_disk/pingting114/mixed_bam/COLO829_PAO/TF1e-2_25x/TF1e-2_25x.rep2.bam.bai
[W::hts_idx_load3] The index file is older than the data file: /bip7_disk/pingting114/mixed_bam/COLO829_PAO/TF1e-2_25x/TF1e-2_25x.rep2.bam.bai
[W::hts_idx_load3] The index file is older than the data file: /bip7_disk/pingting114/mixed_bam/COLO829_PAO/TF1e-2_25x/TF1e-2_25x.rep2.bam.bai
[W::hts_idx_load3] The index file is older than the data file: /bip7_disk/pingting114/mixed_bam/COLO829_PAO/TF1e-2_25x/TF1e-2_25x.rep2.bam.bai
[E::bam_parse_basemod2] 4e849b71-1f8e-42e9-8cbc-da2c2ea1d572: MM tag refers to bases beyond sequence length
[E::bam_parse_basemod2] 75030f1e-7b65-47c2-b872-ccb0cf08b9b9: MM tag refers to bases beyond sequence length
[W::hts_idx_load3] The index file is older than the data file: /bip7_disk/pingting114/mixed_bam/COLO829_PAO/TF1e-2_25x/TF1e-2_25x.rep2.bam.bai
[W::bam_next_basemod] MM tag refers to bases beyond sequence length
[W::hts_idx_load3] The index file is older than the data file: /bip7_disk/pingting114/mixed_bam/COLO829_PAO/TF1e-2_25x/TF1e-2_25x.rep2.bam.bai
[W::hts_idx_load3] The index file is older than the data file: /bip7_disk/pingting114/mixed_bam/COLO829_PAO/TF1e-2_25x/TF1e-2_25x.rep2.bam.bai
[W::hts_idx_load3] The index file is older than the data file: /bip7_disk/pingting114/mixed_bam/COLO829_PAO/TF1e-2_25x/TF1e-2_25x.rep2.bam.bai
[W::hts_idx_load3] The index file is older than the data file: /bip7_disk/pingting114/mixed_bam/COLO829_PAO/TF1e-2_25x/TF1e-2_25x.rep2.bam.bai
[W::bam_next_basemod] MM tag refers to bases beyond sequence length
[E::bam_parse_basemod2] f59d52ee-e676-4412-bf93-b54be5f71c98: MM tag refers to bases beyond sequence length
[W::hts_idx_load3] The index file is older than the data file: /bip7_disk/pingting114/mixed_bam/COLO829_PAO/TF1e-2_25x/TF1e-2_25x.rep2.bam.bai
[W::hts_idx_load3] The index file is older than the data file: /bip7_disk/pingting114/mixed_bam/COLO829_PAO/TF1e-2_25x/TF1e-2_25x.rep2.bam.bai
[W::bam_next_basemod] MM tag refers to bases beyond sequence length
[W::hts_idx_load3] The index file is older than the data file: /bip7_disk/pingting114/mixed_bam/COLO829_PAO/TF1e-2_25x/TF1e-2_25x.rep2.bam.bai
[W::bam_next_basemod] MM tag refers to bases beyond sequence length
[W::hts_idx_load3] The index file is older than the data file: /bip7_disk/pingting114/mixed_bam/COLO829_PAO/TF1e-2_25x/TF1e-2_25x.rep2.bam.bai
[W::bam_next_basemod] MM tag refers to bases beyond sequence length
[W::hts_idx_load3] The index file is older than the data file: /bip7_disk/pingting114/mixed_bam/COLO829_PAO/TF1e-2_25x/TF1e-2_25x.rep2.bam.bai
[W::hts_idx_load3] The index file is older than the data file: /bip7_disk/pingting114/mixed_bam/COLO829_PAO/TF1e-2_25x/TF1e-2_25x.rep2.bam.bai
[E::bam_parse_basemod2] 0b4da21c-0524-4151-96d1-4859fc56b0d7: MM tag refers to bases beyond sequence length
[W::hts_idx_load3] The index file is older than the data file: /bip7_disk/pingting114/mixed_bam/COLO829_PAO/TF1e-2_25x/TF1e-2_25x.rep2.bam.bai
[W::hts_idx_load3] The index file is older than the data file: /bip7_disk/pingting114/mixed_bam/COLO829_PAO/TF1e-2_25x/TF1e-2_25x.rep2.bam.bai
[W::hts_idx_load3] The index file is older than the data file: /bip7_disk/pingting114/mixed_bam/COLO829_PAO/TF1e-2_25x/TF1e-2_25x.rep2.bam.bai
[W::hts_idx_load3] The index file is older than the data file: /bip7_disk/pingting114/mixed_bam/COLO829_PAO/TF1e-2_25x/TF1e-2_25x.rep2.bam.bai
[W::hts_idx_load3] The index file is older than the data file: /bip7_disk/pingting114/mixed_bam/COLO829_PAO/TF1e-2_25x/TF1e-2_25x.rep2.bam.bai
[W::hts_idx_load3] The index file is older than the data file: /bip7_disk/pingting114/mixed_bam/COLO829_PAO/TF1e-2_25x/TF1e-2_25x.rep2.bam.bai
[W::hts_idx_load3] The index file is older than the data file: /bip7_disk/pingting114/mixed_bam/COLO829_PAO/TF1e-2_25x/TF1e-2_25x.rep2.bam.bai
[W::bam_next_basemod] MM tag refers to bases beyond sequence length
[W::hts_idx_load3] The index file is older than the data file: /bip7_disk/pingting114/mixed_bam/COLO829_PAO/TF1e-2_25x/TF1e-2_25x.rep2.bam.bai
[E::bam_parse_basemod2] e25ec332-b955-4a23-a3f2-e7285796771a: MM tag refers to bases beyond sequence length
[W::hts_idx_load3] The index file is older than the data file: /bip7_disk/pingting114/mixed_bam/COLO829_PAO/TF1e-2_25x/TF1e-2_25x.rep2.bam.bai
[E::bam_parse_basemod2] 3c3c5b39-01c1-495d-8476-7b809f45660d: MM tag refers to bases beyond sequence length
[W::hts_idx_load3] The index file is older than the data file: /bip7_disk/pingting114/mixed_bam/COLO829_PAO/TF1e-2_25x/TF1e-2_25x.rep2.bam.bai
[W::hts_idx_load3] The index file is older than the data file: /bip7_disk/pingting114/mixed_bam/COLO829_PAO/TF1e-2_25x/TF1e-2_25x.rep2.bam.bai
[W::hts_idx_load3] The index file is older than the data file: /bip7_disk/pingting114/mixed_bam/COLO829_PAO/TF1e-2_25x/TF1e-2_25x.rep2.bam.bai
[W::hts_idx_load3] The index file is older than the data file: /bip7_disk/pingting114/mixed_bam/COLO829_PAO/TF1e-2_25x/TF1e-2_25x.rep2.bam.bai
[W::bam_next_basemod] MM tag refers to bases beyond sequence length
[W::bam_next_basemod] MM tag refers to bases beyond sequence length
[W::hts_idx_load3] The index file is older than the data file: /bip7_disk/pingting114/mixed_bam/COLO829_PAO/TF1e-2_25x/TF1e-2_25x.rep2.bam.bai
[W::hts_idx_load3] The index file is older than the data file: /bip7_disk/pingting114/mixed_bam/COLO829_PAO/TF1e-2_25x/TF1e-2_25x.rep2.bam.bai
[W::hts_idx_load3] The index file is older than the data file: /bip7_disk/pingting114/mixed_bam/COLO829_PAO/TF1e-2_25x/TF1e-2_25x.rep2.bam.bai
[W::hts_idx_load3] The index file is older than the data file: /bip7_disk/pingting114/mixed_bam/COLO829_PAO/TF1e-2_25x/TF1e-2_25x.rep2.bam.bai
[W::hts_idx_load3] The index file is older than the data file: /bip7_disk/pingting114/mixed_bam/COLO829_PAO/TF1e-2_25x/TF1e-2_25x.rep2.bam.bai
[W::bam_next_basemod] MM tag refers to bases beyond sequence length
[W::hts_idx_load3] The index file is older than the data file: /bip7_disk/pingting114/mixed_bam/COLO829_PAO/TF1e-2_25x/TF1e-2_25x.rep2.bam.bai
[E::bam_parse_basemod2] 9e274ddd-f42a-42d1-8dfc-b59440324db1: MM tag refers to bases beyond sequence length
[W::hts_idx_load3] The index file is older than the data file: /bip7_disk/pingting114/mixed_bam/COLO829_PAO/TF1e-2_25x/TF1e-2_25x.rep2.bam.bai
[W::hts_idx_load3] The index file is older than the data file: /bip7_disk/pingting114/mixed_bam/COLO829_PAO/TF1e-2_25x/TF1e-2_25x.rep2.bam.bai
[W::bam_next_basemod] MM tag refers to bases beyond sequence length
[W::hts_idx_load3] The index file is older than the data file: /bip7_disk/pingting114/mixed_bam/COLO829_PAO/TF1e-2_25x/TF1e-2_25x.rep2.bam.bai
[W::hts_idx_load3] The index file is older than the data file: /bip7_disk/pingting114/mixed_bam/COLO829_PAO/TF1e-2_25x/TF1e-2_25x.rep2.bam.bai
[E::bam_parse_basemod2] 4fe30cd2-9903-411b-9887-57fc62ee75d7: MM tag refers to bases beyond sequence length
[W::hts_idx_load3] The index file is older than the data file: /bip7_disk/pingting114/mixed_bam/COLO829_PAO/TF1e-2_25x/TF1e-2_25x.rep2.bam.bai
[W::hts_idx_load3] The index file is older than the data file: /bip7_disk/pingting114/mixed_bam/COLO829_PAO/TF1e-2_25x/TF1e-2_25x.rep2.bam.bai
[E::bam_parse_basemod2] c2c12675-814a-4a48-a99b-77032da5cacc: MM tag refers to bases beyond sequence length
[W::hts_idx_load3] The index file is older than the data file: /bip7_disk/pingting114/mixed_bam/COLO829_PAO/TF1e-2_25x/TF1e-2_25x.rep2.bam.bai
[W::hts_idx_load3] The index file is older than the data file: /bip7_disk/pingting114/mixed_bam/COLO829_PAO/TF1e-2_25x/TF1e-2_25x.rep2.bam.bai
[E::bam_parse_basemod2] b55f6500-8de9-4954-8ba2-575acd531284: MM tag refers to bases beyond sequence length
[W::hts_idx_load3] The index file is older than the data file: /bip7_disk/pingting114/mixed_bam/COLO829_PAO/TF1e-2_25x/TF1e-2_25x.rep2.bam.bai
[W::hts_idx_load3] The index file is older than the data file: /bip7_disk/pingting114/mixed_bam/COLO829_PAO/TF1e-2_25x/TF1e-2_25x.rep2.bam.bai
[W::hts_idx_load3] The index file is older than the data file: /bip7_disk/pingting114/mixed_bam/COLO829_PAO/TF1e-2_25x/TF1e-2_25x.rep2.bam.bai
[W::hts_idx_load3] The index file is older than the data file: /bip7_disk/pingting114/mixed_bam/COLO829_PAO/TF1e-2_25x/TF1e-2_25x.rep2.bam.bai
[W::hts_idx_load3] The index file is older than the data file: /bip7_disk/pingting114/mixed_bam/COLO829_PAO/TF1e-2_25x/TF1e-2_25x.rep2.bam.bai
[W::hts_idx_load3] The index file is older than the data file: /bip7_disk/pingting114/mixed_bam/COLO829_PAO/TF1e-2_25x/TF1e-2_25x.rep2.bam.bai
[W::hts_idx_load3] The index file is older than the data file: /bip7_disk/pingting114/mixed_bam/COLO829_PAO/TF1e-2_25x/TF1e-2_25x.rep2.bam.bai
[W::bam_next_basemod] MM tag refers to bases beyond sequence length
[W::hts_idx_load3] The index file is older than the data file: /bip7_disk/pingting114/mixed_bam/COLO829_PAO/TF1e-2_25x/TF1e-2_25x.rep2.bam.bai
[W::bam_next_basemod] MM tag refers to bases beyond sequence length
[W::hts_idx_load3] The index file is older than the data file: /bip7_disk/pingting114/mixed_bam/COLO829_PAO/TF1e-2_25x/TF1e-2_25x.rep2.bam.bai
[E::bam_parse_basemod2] 8f3fb9c7-15fc-4980-8578-64a70d0a0592: MM tag refers to bases beyond sequence length
[W::hts_idx_load3] The index file is older than the data file: /bip7_disk/pingting114/mixed_bam/COLO829_PAO/TF1e-2_25x/TF1e-2_25x.rep2.bam.bai
[W::hts_idx_load3] The index file is older than the data file: /bip7_disk/pingting114/mixed_bam/COLO829_PAO/TF1e-2_25x/TF1e-2_25x.rep2.bam.bai
[W::hts_idx_load3] The index file is older than the data file: /bip7_disk/pingting114/mixed_bam/COLO829_PAO/TF1e-2_25x/TF1e-2_25x.rep2.bam.bai
[W::hts_idx_load3] The index file is older than the data file: /bip7_disk/pingting114/mixed_bam/COLO829_PAO/TF1e-2_25x/TF1e-2_25x.rep2.bam.bai
[W::hts_idx_load3] The index file is older than the data file: /bip7_disk/pingting114/mixed_bam/COLO829_PAO/TF1e-2_25x/TF1e-2_25x.rep2.bam.bai
[W::hts_idx_load3] The index file is older than the data file: /bip7_disk/pingting114/mixed_bam/COLO829_PAO/TF1e-2_25x/TF1e-2_25x.rep2.bam.bai
[W::hts_idx_load3] The index file is older than the data file: /bip7_disk/pingting114/mixed_bam/COLO829_PAO/TF1e-2_25x/TF1e-2_25x.rep2.bam.bai
[W::hts_idx_load3] The index file is older than the data file: /bip7_disk/pingting114/mixed_bam/COLO829_PAO/TF1e-2_25x/TF1e-2_25x.rep2.bam.bai
[W::hts_idx_load3] The index file is older than the data file: /bip7_disk/pingting114/mixed_bam/COLO829_PAO/TF1e-2_25x/TF1e-2_25x.rep2.bam.bai
[W::hts_idx_load3] The index file is older than the data file: /bip7_disk/pingting114/mixed_bam/COLO829_PAO/TF1e-2_25x/TF1e-2_25x.rep2.bam.bai
[E::bam_parse_basemod2] 43e134ae-cc90-45ff-9557-874fab22e1fd: MM tag refers to bases beyond sequence length
[W::hts_idx_load3] The index file is older than the data file: /bip7_disk/pingting114/mixed_bam/COLO829_PAO/TF1e-2_25x/TF1e-2_25x.rep2.bam.bai
[W::bam_next_basemod] MM tag refers to bases beyond sequence length
[W::hts_idx_load3] The index file is older than the data file: /bip7_disk/pingting114/mixed_bam/COLO829_PAO/TF1e-2_25x/TF1e-2_25x.rep2.bam.bai
[W::hts_idx_load3] The index file is older than the data file: /bip7_disk/pingting114/mixed_bam/COLO829_PAO/TF1e-2_25x/TF1e-2_25x.rep2.bam.bai
[W::hts_idx_load3] The index file is older than the data file: /bip7_disk/pingting114/mixed_bam/COLO829_PAO/TF1e-2_25x/TF1e-2_25x.rep2.bam.bai
[W::hts_idx_load3] The index file is older than the data file: /bip7_disk/pingting114/mixed_bam/COLO829_PAO/TF1e-2_25x/TF1e-2_25x.rep2.bam.bai
[W::bam_next_basemod] MM tag refers to bases beyond sequence length
[W::hts_idx_load3] The index file is older than the data file: /bip7_disk/pingting114/mixed_bam/COLO829_PAO/TF1e-2_25x/TF1e-2_25x.rep2.bam.bai
[W::hts_idx_load3] The index file is older than the data file: /bip7_disk/pingting114/mixed_bam/COLO829_PAO/TF1e-2_25x/TF1e-2_25x.rep2.bam.bai
[W::hts_idx_load3] The index file is older than the data file: /bip7_disk/pingting114/mixed_bam/COLO829_PAO/TF1e-2_25x/TF1e-2_25x.rep2.bam.bai
[W::hts_idx_load3] The index file is older than the data file: /bip7_disk/pingting114/mixed_bam/COLO829_PAO/TF1e-2_25x/TF1e-2_25x.rep2.bam.bai
[W::hts_idx_load3] The index file is older than the data file: /bip7_disk/pingting114/mixed_bam/COLO829_PAO/TF1e-2_25x/TF1e-2_25x.rep2.bam.bai
[W::hts_idx_load3] The index file is older than the data file: /bip7_disk/pingting114/mixed_bam/COLO829_PAO/TF1e-2_25x/TF1e-2_25x.rep2.bam.bai
[W::hts_idx_load3] The index file is older than the data file: /bip7_disk/pingting114/mixed_bam/COLO829_PAO/TF1e-2_25x/TF1e-2_25x.rep2.bam.bai
[W::hts_idx_load3] The index file is older than the data file: /bip7_disk/pingting114/mixed_bam/COLO829_PAO/TF1e-2_25x/TF1e-2_25x.rep2.bam.bai
[W::hts_idx_load3] The index file is older than the data file: /bip7_disk/pingting114/mixed_bam/COLO829_PAO/TF1e-2_25x/TF1e-2_25x.rep2.bam.bai
[W::hts_idx_load3] The index file is older than the data file: /bip7_disk/pingting114/mixed_bam/COLO829_PAO/TF1e-2_25x/TF1e-2_25x.rep2.bam.bai
[W::hts_idx_load3] The index file is older than the data file: /bip7_disk/pingting114/mixed_bam/COLO829_PAO/TF1e-2_25x/TF1e-2_25x.rep2.bam.bai
[W::bam_next_basemod] MM tag refers to bases beyond sequence length
[W::hts_idx_load3] The index file is older than the data file: /bip7_disk/pingting114/mixed_bam/COLO829_PAO/TF1e-2_25x/TF1e-2_25x.rep2.bam.bai
[W::bam_next_basemod] MM tag refers to bases beyond sequence length
[E::bam_parse_basemod2] c501eb91-142d-40cc-ab77-05adde047416: MM tag refers to bases beyond sequence length
[W::hts_idx_load3] The index file is older than the data file: /bip7_disk/pingting114/mixed_bam/COLO829_PAO/TF1e-2_25x/TF1e-2_25x.rep2.bam.bai
[W::hts_idx_load3] The index file is older than the data file: /bip7_disk/pingting114/mixed_bam/COLO829_PAO/TF1e-2_25x/TF1e-2_25x.rep2.bam.bai
[W::hts_idx_load3] The index file is older than the data file: /bip7_disk/pingting114/mixed_bam/COLO829_PAO/TF1e-2_25x/TF1e-2_25x.rep2.bam.bai
[W::hts_idx_load3] The index file is older than the data file: /bip7_disk/pingting114/mixed_bam/COLO829_PAO/TF1e-2_25x/TF1e-2_25x.rep2.bam.bai
[W::hts_idx_load3] The index file is older than the data file: /bip7_disk/pingting114/mixed_bam/COLO829_PAO/TF1e-2_25x/TF1e-2_25x.rep2.bam.bai
[E::bam_parse_basemod2] 25d608fe-8f8f-4f38-8f0b-d8e47e87f6d1: MM tag refers to bases beyond sequence length
[W::hts_idx_load3] The index file is older than the data file: /bip7_disk/pingting114/mixed_bam/COLO829_PAO/TF1e-2_25x/TF1e-2_25x.rep2.bam.bai
[E::bam_parse_basemod2] 3dabad48-56c8-4432-b335-589c0214b49e: MM tag refers to bases beyond sequence length
[W::hts_idx_load3] The index file is older than the data file: /bip7_disk/pingting114/mixed_bam/COLO829_PAO/TF1e-2_25x/TF1e-2_25x.rep2.bam.bai
[W::hts_idx_load3] The index file is older than the data file: /bip7_disk/pingting114/mixed_bam/COLO829_PAO/TF1e-2_25x/TF1e-2_25x.rep2.bam.bai
[W::bam_next_basemod] MM tag refers to bases beyond sequence length
[W::hts_idx_load3] The index file is older than the data file: /bip7_disk/pingting114/mixed_bam/COLO829_PAO/TF1e-2_25x/TF1e-2_25x.rep2.bam.bai
[W::hts_idx_load3] The index file is older than the data file: /bip7_disk/pingting114/mixed_bam/COLO829_PAO/TF1e-2_25x/TF1e-2_25x.rep2.bam.bai
[E::bam_parse_basemod2] a828b427-f269-4a18-88a0-f4e0d711bf7c: MM tag refers to bases beyond sequence length
[E::bam_parse_basemod2] 5b7db061-f73a-4eac-b9d1-616d938b8f2b: MM tag refers to bases beyond sequence length
[W::hts_idx_load3] The index file is older than the data file: /bip7_disk/pingting114/mixed_bam/COLO829_PAO/TF1e-2_25x/TF1e-2_25x.rep2.bam.bai
[W::hts_idx_load3] The index file is older than the data file: /bip7_disk/pingting114/mixed_bam/COLO829_PAO/TF1e-2_25x/TF1e-2_25x.rep2.bam.bai
[W::hts_idx_load3] The index file is older than the data file: /bip7_disk/pingting114/mixed_bam/COLO829_PAO/TF1e-2_25x/TF1e-2_25x.rep2.bam.bai
[W::hts_idx_load3] The index file is older than the data file: /bip7_disk/pingting114/mixed_bam/COLO829_PAO/TF1e-2_25x/TF1e-2_25x.rep2.bam.bai
[W::hts_idx_load3] The index file is older than the data file: /bip7_disk/pingting114/mixed_bam/COLO829_PAO/TF1e-2_25x/TF1e-2_25x.rep2.bam.bai
[W::hts_idx_load3] The index file is older than the data file: /bip7_disk/pingting114/mixed_bam/COLO829_PAO/TF1e-2_25x/TF1e-2_25x.rep2.bam.bai
[W::hts_idx_load3] The index file is older than the data file: /bip7_disk/pingting114/mixed_bam/COLO829_PAO/TF1e-2_25x/TF1e-2_25x.rep2.bam.bai
[W::hts_idx_load3] The index file is older than the data file: /bip7_disk/pingting114/mixed_bam/COLO829_PAO/TF1e-2_25x/TF1e-2_25x.rep2.bam.bai
[W::hts_idx_load3] The index file is older than the data file: /bip7_disk/pingting114/mixed_bam/COLO829_PAO/TF1e-2_25x/TF1e-2_25x.rep2.bam.bai
[W::hts_idx_load3] The index file is older than the data file: /bip7_disk/pingting114/mixed_bam/COLO829_PAO/TF1e-2_25x/TF1e-2_25x.rep2.bam.bai
[W::hts_idx_load3] The index file is older than the data file: /bip7_disk/pingting114/mixed_bam/COLO829_PAO/TF1e-2_25x/TF1e-2_25x.rep2.bam.bai
[W::bam_next_basemod] MM tag refers to bases beyond sequence length
[W::hts_idx_load3] The index file is older than the data file: /bip7_disk/pingting114/mixed_bam/COLO829_PAO/TF1e-2_25x/TF1e-2_25x.rep2.bam.bai
[W::hts_idx_load3] The index file is older than the data file: /bip7_disk/pingting114/mixed_bam/COLO829_PAO/TF1e-2_25x/TF1e-2_25x.rep2.bam.bai
[W::bam_next_basemod] MM tag refers to bases beyond sequence length
[W::hts_idx_load3] The index file is older than the data file: /bip7_disk/pingting114/mixed_bam/COLO829_PAO/TF1e-2_25x/TF1e-2_25x.rep2.bam.bai
[E::bam_parse_basemod2] 735a7b23-194d-4ca7-8fae-105bb858ca76: MM tag refers to bases beyond sequence length
[W::bam_next_basemod] MM tag refers to bases beyond sequence length
[W::hts_idx_load3] The index file is older than the data file: /bip7_disk/pingting114/mixed_bam/COLO829_PAO/TF1e-2_25x/TF1e-2_25x.rep2.bam.bai
[W::hts_idx_load3] The index file is older than the data file: /bip7_disk/pingting114/mixed_bam/COLO829_PAO/TF1e-2_25x/TF1e-2_25x.rep2.bam.bai
[W::hts_idx_load3] The index file is older than the data file: /bip7_disk/pingting114/mixed_bam/COLO829_PAO/TF1e-2_25x/TF1e-2_25x.rep2.bam.bai
[W::hts_idx_load3] The index file is older than the data file: /bip7_disk/pingting114/mixed_bam/COLO829_PAO/TF1e-2_25x/TF1e-2_25x.rep2.bam.bai
[W::hts_idx_load3] The index file is older than the data file: /bip7_disk/pingting114/mixed_bam/COLO829_PAO/TF1e-2_25x/TF1e-2_25x.rep2.bam.bai
[W::hts_idx_load3] The index file is older than the data file: /bip7_disk/pingting114/mixed_bam/COLO829_PAO/TF1e-2_25x/TF1e-2_25x.rep2.bam.bai
[W::hts_idx_load3] The index file is older than the data file: /bip7_disk/pingting114/mixed_bam/COLO829_PAO/TF1e-2_25x/TF1e-2_25x.rep2.bam.bai
[W::hts_idx_load3] The index file is older than the data file: /bip7_disk/pingting114/mixed_bam/COLO829_PAO/TF1e-2_25x/TF1e-2_25x.rep2.bam.bai
[W::hts_idx_load3] The index file is older than the data file: /bip7_disk/pingting114/mixed_bam/COLO829_PAO/TF1e-2_25x/TF1e-2_25x.rep2.bam.bai
[W::hts_idx_load3] The index file is older than the data file: /bip7_disk/pingting114/mixed_bam/COLO829_PAO/TF1e-2_25x/TF1e-2_25x.rep2.bam.bai
[W::hts_idx_load3] The index file is older than the data file: /bip7_disk/pingting114/mixed_bam/COLO829_PAO/TF1e-2_25x/TF1e-2_25x.rep2.bam.bai
[E::bam_parse_basemod2] b00cd966-181d-471b-b662-e3f4a229e6a3: MM tag refers to bases beyond sequence length
[W::hts_idx_load3] The index file is older than the data file: /bip7_disk/pingting114/mixed_bam/COLO829_PAO/TF1e-2_25x/TF1e-2_25x.rep2.bam.bai
[W::bam_next_basemod] MM tag refers to bases beyond sequence length
[W::hts_idx_load3] The index file is older than the data file: /bip7_disk/pingting114/mixed_bam/COLO829_PAO/TF1e-2_25x/TF1e-2_25x.rep2.bam.bai
[W::hts_idx_load3] The index file is older than the data file: /bip7_disk/pingting114/mixed_bam/COLO829_PAO/TF1e-2_25x/TF1e-2_25x.rep2.bam.bai
[W::hts_idx_load3] The index file is older than the data file: /bip7_disk/pingting114/mixed_bam/COLO829_PAO/TF1e-2_25x/TF1e-2_25x.rep2.bam.bai
[W::hts_idx_load3] The index file is older than the data file: /bip7_disk/pingting114/mixed_bam/COLO829_PAO/TF1e-2_25x/TF1e-2_25x.rep2.bam.bai
[W::hts_idx_load3] The index file is older than the data file: /bip7_disk/pingting114/mixed_bam/COLO829_PAO/TF1e-2_25x/TF1e-2_25x.rep2.bam.bai
[W::bam_next_basemod] MM tag refers to bases beyond sequence length
[E::bam_parse_basemod2] 965d7f33-a49d-46cb-8641-e1f5f23f1325: MM tag refers to bases beyond sequence length
[W::hts_idx_load3] The index file is older than the data file: /bip7_disk/pingting114/mixed_bam/COLO829_PAO/TF1e-2_25x/TF1e-2_25x.rep2.bam.bai
[W::bam_next_basemod] MM tag refers to bases beyond sequence length
[W::hts_idx_load3] The index file is older than the data file: /bip7_disk/pingting114/mixed_bam/COLO829_PAO/TF1e-2_25x/TF1e-2_25x.rep2.bam.bai
[E::bam_parse_basemod2] 2011fe9a-6603-4df0-816b-b731fd7dbc05: MM tag refers to bases beyond sequence length
[W::hts_idx_load3] The index file is older than the data file: /bip7_disk/pingting114/mixed_bam/COLO829_PAO/TF1e-2_25x/TF1e-2_25x.rep2.bam.bai
[E::bam_parse_basemod2] a59b78a3-ef80-471d-8622-47eb826746ed: MM tag refers to bases beyond sequence length
[E::bam_parse_basemod2] ddf4ef12-062c-4a19-a9c1-2234e6f26339: MM tag refers to bases beyond sequence length
[W::hts_idx_load3] The index file is older than the data file: /bip7_disk/pingting114/mixed_bam/COLO829_PAO/TF1e-2_25x/TF1e-2_25x.rep2.bam.bai
[W::bam_next_basemod] MM tag refers to bases beyond sequence length
[W::hts_idx_load3] The index file is older than the data file: /bip7_disk/pingting114/mixed_bam/COLO829_PAO/TF1e-2_25x/TF1e-2_25x.rep2.bam.bai
[W::hts_idx_load3] The index file is older than the data file: /bip7_disk/pingting114/mixed_bam/COLO829_PAO/TF1e-2_25x/TF1e-2_25x.rep2.bam.bai
[W::hts_idx_load3] The index file is older than the data file: /bip7_disk/pingting114/mixed_bam/COLO829_PAO/TF1e-2_25x/TF1e-2_25x.rep2.bam.bai
[E::bam_parse_basemod2] 90851ed3-db32-477c-b02c-d522193dd371: MM tag refers to bases beyond sequence length
[W::bam_next_basemod] MM tag refers to bases beyond sequence length
[W::hts_idx_load3] The index file is older than the data file: /bip7_disk/pingting114/mixed_bam/COLO829_PAO/TF1e-2_25x/TF1e-2_25x.rep2.bam.bai
[W::hts_idx_load3] The index file is older than the data file: /bip7_disk/pingting114/mixed_bam/COLO829_PAO/TF1e-2_25x/TF1e-2_25x.rep2.bam.bai
[W::hts_idx_load3] The index file is older than the data file: /bip7_disk/pingting114/mixed_bam/COLO829_PAO/TF1e-2_25x/TF1e-2_25x.rep2.bam.bai
[W::bam_next_basemod] MM tag refers to bases beyond sequence length
[W::hts_idx_load3] The index file is older than the data file: /bip7_disk/pingting114/mixed_bam/COLO829_PAO/TF1e-2_25x/TF1e-2_25x.rep2.bam.bai
[W::hts_idx_load3] The index file is older than the data file: /bip7_disk/pingting114/mixed_bam/COLO829_PAO/TF1e-2_25x/TF1e-2_25x.rep2.bam.bai
[W::hts_idx_load3] The index file is older than the data file: /bip7_disk/pingting114/mixed_bam/COLO829_PAO/TF1e-2_25x/TF1e-2_25x.rep2.bam.bai
[W::hts_idx_load3] The index file is older than the data file: /bip7_disk/pingting114/mixed_bam/COLO829_PAO/TF1e-2_25x/TF1e-2_25x.rep2.bam.bai
[W::hts_idx_load3] The index file is older than the data file: /bip7_disk/pingting114/mixed_bam/COLO829_PAO/TF1e-2_25x/TF1e-2_25x.rep2.bam.bai
[E::bam_parse_basemod2] cdb6dd50-3c7f-44f8-8ed7-269180d30b98: MM tag refers to bases beyond sequence length
[W::hts_idx_load3] The index file is older than the data file: /bip7_disk/pingting114/mixed_bam/COLO829_PAO/TF1e-2_25x/TF1e-2_25x.rep2.bam.bai
[W::hts_idx_load3] The index file is older than the data file: /bip7_disk/pingting114/mixed_bam/COLO829_PAO/TF1e-2_25x/TF1e-2_25x.rep2.bam.bai
[W::hts_idx_load3] The index file is older than the data file: /bip7_disk/pingting114/mixed_bam/COLO829_PAO/TF1e-2_25x/TF1e-2_25x.rep2.bam.bai
[W::hts_idx_load3] The index file is older than the data file: /bip7_disk/pingting114/mixed_bam/COLO829_PAO/TF1e-2_25x/TF1e-2_25x.rep2.bam.bai
[W::hts_idx_load3] The index file is older than the data file: /bip7_disk/pingting114/mixed_bam/COLO829_PAO/TF1e-2_25x/TF1e-2_25x.rep2.bam.bai
[W::hts_idx_load3] The index file is older than the data file: /bip7_disk/pingting114/mixed_bam/COLO829_PAO/TF1e-2_25x/TF1e-2_25x.rep2.bam.bai
[W::hts_idx_load3] The index file is older than the data file: /bip7_disk/pingting114/mixed_bam/COLO829_PAO/TF1e-2_25x/TF1e-2_25x.rep2.bam.bai
[W::hts_idx_load3] The index file is older than the data file: /bip7_disk/pingting114/mixed_bam/COLO829_PAO/TF1e-2_25x/TF1e-2_25x.rep2.bam.bai
[W::bam_next_basemod] MM tag refers to bases beyond sequence length
[W::hts_idx_load3] The index file is older than the data file: /bip7_disk/pingting114/mixed_bam/COLO829_PAO/TF1e-2_25x/TF1e-2_25x.rep2.bam.bai
[W::hts_idx_load3] The index file is older than the data file: /bip7_disk/pingting114/mixed_bam/COLO829_PAO/TF1e-2_25x/TF1e-2_25x.rep2.bam.bai
[W::hts_idx_load3] The index file is older than the data file: /bip7_disk/pingting114/mixed_bam/COLO829_PAO/TF1e-2_25x/TF1e-2_25x.rep2.bam.bai
[W::hts_idx_load3] The index file is older than the data file: /bip7_disk/pingting114/mixed_bam/COLO829_PAO/TF1e-2_25x/TF1e-2_25x.rep2.bam.bai
[W::hts_idx_load3] The index file is older than the data file: /bip7_disk/pingting114/mixed_bam/COLO829_PAO/TF1e-2_25x/TF1e-2_25x.rep2.bam.bai
[W::hts_idx_load3] The index file is older than the data file: /bip7_disk/pingting114/mixed_bam/COLO829_PAO/TF1e-2_25x/TF1e-2_25x.rep2.bam.bai
[E::bam_parse_basemod2] 6f1084c1-077a-45cb-84da-f003dc92581e: MM tag refers to bases beyond sequence length
[W::hts_idx_load3] The index file is older than the data file: /bip7_disk/pingting114/mixed_bam/COLO829_PAO/TF1e-2_25x/TF1e-2_25x.rep2.bam.bai
[W::bam_next_basemod] MM tag refers to bases beyond sequence length
[W::hts_idx_load3] The index file is older than the data file: /bip7_disk/pingting114/mixed_bam/COLO829_PAO/TF1e-2_25x/TF1e-2_25x.rep2.bam.bai
[W::hts_idx_load3] The index file is older than the data file: /bip7_disk/pingting114/mixed_bam/COLO829_PAO/TF1e-2_25x/TF1e-2_25x.rep2.bam.bai
[W::bam_next_basemod] MM tag refers to bases beyond sequence length
[W::hts_idx_load3] The index file is older than the data file: /bip7_disk/pingting114/mixed_bam/COLO829_PAO/TF1e-2_25x/TF1e-2_25x.rep2.bam.bai
[W::hts_idx_load3] The index file is older than the data file: /bip7_disk/pingting114/mixed_bam/COLO829_PAO/TF1e-2_25x/TF1e-2_25x.rep2.bam.bai
[W::hts_idx_load3] The index file is older than the data file: /bip7_disk/pingting114/mixed_bam/COLO829_PAO/TF1e-2_25x/TF1e-2_25x.rep2.bam.bai
[W::bam_next_basemod] MM tag refers to bases beyond sequence length
[W::hts_idx_load3] The index file is older than the data file: /bip7_disk/pingting114/mixed_bam/COLO829_PAO/TF1e-2_25x/TF1e-2_25x.rep2.bam.bai
[W::hts_idx_load3] The index file is older than the data file: /bip7_disk/pingting114/mixed_bam/COLO829_PAO/TF1e-2_25x/TF1e-2_25x.rep2.bam.bai
[W::hts_idx_load3] The index file is older than the data file: /bip7_disk/pingting114/mixed_bam/COLO829_PAO/TF1e-2_25x/TF1e-2_25x.rep2.bam.bai
[W::hts_idx_load3] The index file is older than the data file: /bip7_disk/pingting114/mixed_bam/COLO829_PAO/TF1e-2_25x/TF1e-2_25x.rep2.bam.bai
[W::hts_idx_load3] The index file is older than the data file: /bip7_disk/pingting114/mixed_bam/COLO829_PAO/TF1e-2_25x/TF1e-2_25x.rep2.bam.bai
[W::hts_idx_load3] The index file is older than the data file: /bip7_disk/pingting114/mixed_bam/COLO829_PAO/TF1e-2_25x/TF1e-2_25x.rep2.bam.bai
[W::hts_idx_load3] The index file is older than the data file: /bip7_disk/pingting114/mixed_bam/COLO829_PAO/TF1e-2_25x/TF1e-2_25x.rep2.bam.bai
[W::hts_idx_load3] The index file is older than the data file: /bip7_disk/pingting114/mixed_bam/COLO829_PAO/TF1e-2_25x/TF1e-2_25x.rep2.bam.bai
[W::hts_idx_load3] The index file is older than the data file: /bip7_disk/pingting114/mixed_bam/COLO829_PAO/TF1e-2_25x/TF1e-2_25x.rep2.bam.bai
[W::hts_idx_load3] The index file is older than the data file: /bip7_disk/pingting114/mixed_bam/COLO829_PAO/TF1e-2_25x/TF1e-2_25x.rep2.bam.bai
[W::hts_idx_load3] The index file is older than the data file: /bip7_disk/pingting114/mixed_bam/COLO829_PAO/TF1e-2_25x/TF1e-2_25x.rep2.bam.bai
[W::hts_idx_load3] The index file is older than the data file: /bip7_disk/pingting114/mixed_bam/COLO829_PAO/TF1e-2_25x/TF1e-2_25x.rep2.bam.bai
[W::hts_idx_load3] The index file is older than the data file: /bip7_disk/pingting114/mixed_bam/COLO829_PAO/TF1e-2_25x/TF1e-2_25x.rep2.bam.bai
[W::hts_idx_load3] The index file is older than the data file: /bip7_disk/pingting114/mixed_bam/COLO829_PAO/TF1e-2_25x/TF1e-2_25x.rep2.bam.bai
[W::bam_next_basemod] MM tag refers to bases beyond sequence length
[W::hts_idx_load3] The index file is older than the data file: /bip7_disk/pingting114/mixed_bam/COLO829_PAO/TF1e-2_25x/TF1e-2_25x.rep2.bam.bai
[W::hts_idx_load3] The index file is older than the data file: /bip7_disk/pingting114/mixed_bam/COLO829_PAO/TF1e-2_25x/TF1e-2_25x.rep2.bam.bai
[E::bam_parse_basemod2] ff6e389d-96b0-4f4b-be03-0e46666bd058: MM tag refers to bases beyond sequence length
[E::bam_parse_basemod2] 20dad495-f338-4347-8952-c459d6da4f28: MM tag refers to bases beyond sequence length
[W::hts_idx_load3] The index file is older than the data file: /bip7_disk/pingting114/mixed_bam/COLO829_PAO/TF1e-2_25x/TF1e-2_25x.rep2.bam.bai
[W::hts_idx_load3] The index file is older than the data file: /bip7_disk/pingting114/mixed_bam/COLO829_PAO/TF1e-2_25x/TF1e-2_25x.rep2.bam.bai
[W::hts_idx_load3] The index file is older than the data file: /bip7_disk/pingting114/mixed_bam/COLO829_PAO/TF1e-2_25x/TF1e-2_25x.rep2.bam.bai
[W::hts_idx_load3] The index file is older than the data file: /bip7_disk/pingting114/mixed_bam/COLO829_PAO/TF1e-2_25x/TF1e-2_25x.rep2.bam.bai
[W::hts_idx_load3] The index file is older than the data file: /bip7_disk/pingting114/mixed_bam/COLO829_PAO/TF1e-2_25x/TF1e-2_25x.rep2.bam.bai
[W::hts_idx_load3] The index file is older than the data file: /bip7_disk/pingting114/mixed_bam/COLO829_PAO/TF1e-2_25x/TF1e-2_25x.rep2.bam.bai
[W::hts_idx_load3] The index file is older than the data file: /bip7_disk/pingting114/mixed_bam/COLO829_PAO/TF1e-2_25x/TF1e-2_25x.rep2.bam.bai
[W::hts_idx_load3] The index file is older than the data file: /bip7_disk/pingting114/mixed_bam/COLO829_PAO/TF1e-2_25x/TF1e-2_25x.rep2.bam.bai
[W::hts_idx_load3] The index file is older than the data file: /bip7_disk/pingting114/mixed_bam/COLO829_PAO/TF1e-2_25x/TF1e-2_25x.rep2.bam.bai
[W::bam_next_basemod] MM tag refers to bases beyond sequence length
[W::bam_next_basemod] MM tag refers to bases beyond sequence length
[W::hts_idx_load3] The index file is older than the data file: /bip7_disk/pingting114/mixed_bam/COLO829_PAO/TF1e-2_25x/TF1e-2_25x.rep2.bam.bai
[E::bam_parse_basemod2] f3ce69c1-b149-4eb2-a0f1-d0dd4110917a: MM tag refers to bases beyond sequence length
[W::hts_idx_load3] The index file is older than the data file: /bip7_disk/pingting114/mixed_bam/COLO829_PAO/TF1e-2_25x/TF1e-2_25x.rep2.bam.bai
[W::hts_idx_load3] The index file is older than the data file: /bip7_disk/pingting114/mixed_bam/COLO829_PAO/TF1e-2_25x/TF1e-2_25x.rep2.bam.bai
[W::bam_next_basemod] MM tag refers to bases beyond sequence length
[W::hts_idx_load3] The index file is older than the data file: /bip7_disk/pingting114/mixed_bam/COLO829_PAO/TF1e-2_25x/TF1e-2_25x.rep2.bam.bai
[W::hts_idx_load3] The index file is older than the data file: /bip7_disk/pingting114/mixed_bam/COLO829_PAO/TF1e-2_25x/TF1e-2_25x.rep2.bam.bai
[W::hts_idx_load3] The index file is older than the data file: /bip7_disk/pingting114/mixed_bam/COLO829_PAO/TF1e-2_25x/TF1e-2_25x.rep2.bam.bai
[W::hts_idx_load3] The index file is older than the data file: /bip7_disk/pingting114/mixed_bam/COLO829_PAO/TF1e-2_25x/TF1e-2_25x.rep2.bam.bai
[W::hts_idx_load3] The index file is older than the data file: /bip7_disk/pingting114/mixed_bam/COLO829_PAO/TF1e-2_25x/TF1e-2_25x.rep2.bam.bai
[W::hts_idx_load3] The index file is older than the data file: /bip7_disk/pingting114/mixed_bam/COLO829_PAO/TF1e-2_25x/TF1e-2_25x.rep2.bam.bai
[W::hts_idx_load3] The index file is older than the data file: /bip7_disk/pingting114/mixed_bam/COLO829_PAO/TF1e-2_25x/TF1e-2_25x.rep2.bam.bai
[E::bam_parse_basemod2] 580d281e-d360-47b8-9eb6-4dc9584c7dd8: MM tag refers to bases beyond sequence length
[W::hts_idx_load3] The index file is older than the data file: /bip7_disk/pingting114/mixed_bam/COLO829_PAO/TF1e-2_25x/TF1e-2_25x.rep2.bam.bai
[W::hts_idx_load3] The index file is older than the data file: /bip7_disk/pingting114/mixed_bam/COLO829_PAO/TF1e-2_25x/TF1e-2_25x.rep2.bam.bai
[W::hts_idx_load3] The index file is older than the data file: /bip7_disk/pingting114/mixed_bam/COLO829_PAO/TF1e-2_25x/TF1e-2_25x.rep2.bam.bai
[W::hts_idx_load3] The index file is older than the data file: /bip7_disk/pingting114/mixed_bam/COLO829_PAO/TF1e-2_25x/TF1e-2_25x.rep2.bam.bai
[W::hts_idx_load3] The index file is older than the data file: /bip7_disk/pingting114/mixed_bam/COLO829_PAO/TF1e-2_25x/TF1e-2_25x.rep2.bam.bai
[W::hts_idx_load3] The index file is older than the data file: /bip7_disk/pingting114/mixed_bam/COLO829_PAO/TF1e-2_25x/TF1e-2_25x.rep2.bam.bai
[W::hts_idx_load3] The index file is older than the data file: /bip7_disk/pingting114/mixed_bam/COLO829_PAO/TF1e-2_25x/TF1e-2_25x.rep2.bam.bai
[W::hts_idx_load3] The index file is older than the data file: /bip7_disk/pingting114/mixed_bam/COLO829_PAO/TF1e-2_25x/TF1e-2_25x.rep2.bam.bai
[W::hts_idx_load3] The index file is older than the data file: /bip7_disk/pingting114/mixed_bam/COLO829_PAO/TF1e-2_25x/TF1e-2_25x.rep2.bam.bai
[W::hts_idx_load3] The index file is older than the data file: /bip7_disk/pingting114/mixed_bam/COLO829_PAO/TF1e-2_25x/TF1e-2_25x.rep2.bam.bai
[W::hts_idx_load3] The index file is older than the data file: /bip7_disk/pingting114/mixed_bam/COLO829_PAO/TF1e-2_25x/TF1e-2_25x.rep2.bam.bai
[W::hts_idx_load3] The index file is older than the data file: /bip7_disk/pingting114/mixed_bam/COLO829_PAO/TF1e-2_25x/TF1e-2_25x.rep2.bam.bai
[W::hts_idx_load3] The index file is older than the data file: /bip7_disk/pingting114/mixed_bam/COLO829_PAO/TF1e-2_25x/TF1e-2_25x.rep2.bam.bai
[W::bam_next_basemod] MM tag refers to bases beyond sequence length
[W::hts_idx_load3] The index file is older than the data file: /bip7_disk/pingting114/mixed_bam/COLO829_PAO/TF1e-2_25x/TF1e-2_25x.rep2.bam.bai
[W::bam_next_basemod] MM tag refers to bases beyond sequence length
[W::hts_idx_load3] The index file is older than the data file: /bip7_disk/pingting114/mixed_bam/COLO829_PAO/TF1e-2_25x/TF1e-2_25x.rep2.bam.bai
[W::hts_idx_load3] The index file is older than the data file: /bip7_disk/pingting114/mixed_bam/COLO829_PAO/TF1e-2_25x/TF1e-2_25x.rep2.bam.bai
[W::hts_idx_load3] The index file is older than the data file: /bip7_disk/pingting114/mixed_bam/COLO829_PAO/TF1e-2_25x/TF1e-2_25x.rep2.bam.bai
[W::bam_next_basemod] MM tag refers to bases beyond sequence length
[W::hts_idx_load3] The index file is older than the data file: /bip7_disk/pingting114/mixed_bam/COLO829_PAO/TF1e-2_25x/TF1e-2_25x.rep2.bam.bai
[W::hts_idx_load3] The index file is older than the data file: /bip7_disk/pingting114/mixed_bam/COLO829_PAO/TF1e-2_25x/TF1e-2_25x.rep2.bam.bai
[W::hts_idx_load3] The index file is older than the data file: /bip7_disk/pingting114/mixed_bam/COLO829_PAO/TF1e-2_25x/TF1e-2_25x.rep2.bam.bai
[W::hts_idx_load3] The index file is older than the data file: /bip7_disk/pingting114/mixed_bam/COLO829_PAO/TF1e-2_25x/TF1e-2_25x.rep2.bam.bai
[W::hts_idx_load3] The index file is older than the data file: /bip7_disk/pingting114/mixed_bam/COLO829_PAO/TF1e-2_25x/TF1e-2_25x.rep2.bam.bai
[W::bam_next_basemod] MM tag refers to bases beyond sequence length
[W::hts_idx_load3] The index file is older than the data file: /bip7_disk/pingting114/mixed_bam/COLO829_PAO/TF1e-2_25x/TF1e-2_25x.rep2.bam.bai
[W::hts_idx_load3] The index file is older than the data file: /bip7_disk/pingting114/mixed_bam/COLO829_PAO/TF1e-2_25x/TF1e-2_25x.rep2.bam.bai
  TF1e-2_25x.rep2.bam cand 3500/4000
[W::hts_idx_load3] The index file is older than the data file: /bip7_disk/pingting114/mixed_bam/COLO829_PAO/TF1e-2_25x/TF1e-2_25x.rep2.bam.bai
[W::hts_idx_load3] The index file is older than the data file: /bip7_disk/pingting114/mixed_bam/COLO829_PAO/TF1e-2_25x/TF1e-2_25x.rep2.bam.bai
[W::hts_idx_load3] The index file is older than the data file: /bip7_disk/pingting114/mixed_bam/COLO829_PAO/TF1e-2_25x/TF1e-2_25x.rep2.bam.bai
[E::bam_parse_basemod2] be57fb51-d7d9-4576-89d4-63b46a790ce8: MM tag refers to bases beyond sequence length
[W::hts_idx_load3] The index file is older than the data file: /bip7_disk/pingting114/mixed_bam/COLO829_PAO/TF1e-2_25x/TF1e-2_25x.rep2.bam.bai
[W::hts_idx_load3] The index file is older than the data file: /bip7_disk/pingting114/mixed_bam/COLO829_PAO/TF1e-2_25x/TF1e-2_25x.rep2.bam.bai
[E::bam_parse_basemod2] ce8f1b20-18ee-4b89-9ae7-976ce04098a1: MM tag refers to bases beyond sequence length
[W::hts_idx_load3] The index file is older than the data file: /bip7_disk/pingting114/mixed_bam/COLO829_PAO/TF1e-2_25x/TF1e-2_25x.rep2.bam.bai
[W::hts_idx_load3] The index file is older than the data file: /bip7_disk/pingting114/mixed_bam/COLO829_PAO/TF1e-2_25x/TF1e-2_25x.rep2.bam.bai
[W::hts_idx_load3] The index file is older than the data file: /bip7_disk/pingting114/mixed_bam/COLO829_PAO/TF1e-2_25x/TF1e-2_25x.rep2.bam.bai
[W::hts_idx_load3] The index file is older than the data file: /bip7_disk/pingting114/mixed_bam/COLO829_PAO/TF1e-2_25x/TF1e-2_25x.rep2.bam.bai
[W::hts_idx_load3] The index file is older than the data file: /bip7_disk/pingting114/mixed_bam/COLO829_PAO/TF1e-2_25x/TF1e-2_25x.rep2.bam.bai
[W::hts_idx_load3] The index file is older than the data file: /bip7_disk/pingting114/mixed_bam/COLO829_PAO/TF1e-2_25x/TF1e-2_25x.rep2.bam.bai
[W::hts_idx_load3] The index file is older than the data file: /bip7_disk/pingting114/mixed_bam/COLO829_PAO/TF1e-2_25x/TF1e-2_25x.rep2.bam.bai
[W::hts_idx_load3] The index file is older than the data file: /bip7_disk/pingting114/mixed_bam/COLO829_PAO/TF1e-2_25x/TF1e-2_25x.rep2.bam.bai
[W::hts_idx_load3] The index file is older than the data file: /bip7_disk/pingting114/mixed_bam/COLO829_PAO/TF1e-2_25x/TF1e-2_25x.rep2.bam.bai
[W::hts_idx_load3] The index file is older than the data file: /bip7_disk/pingting114/mixed_bam/COLO829_PAO/TF1e-2_25x/TF1e-2_25x.rep2.bam.bai
[W::hts_idx_load3] The index file is older than the data file: /bip7_disk/pingting114/mixed_bam/COLO829_PAO/TF1e-2_25x/TF1e-2_25x.rep2.bam.bai
[E::bam_parse_basemod2] 19348f4c-e0c9-45e2-9f8c-203e80b961d7: MM tag refers to bases beyond sequence length
[W::hts_idx_load3] The index file is older than the data file: /bip7_disk/pingting114/mixed_bam/COLO829_PAO/TF1e-2_25x/TF1e-2_25x.rep2.bam.bai
[W::hts_idx_load3] The index file is older than the data file: /bip7_disk/pingting114/mixed_bam/COLO829_PAO/TF1e-2_25x/TF1e-2_25x.rep2.bam.bai
[W::hts_idx_load3] The index file is older than the data file: /bip7_disk/pingting114/mixed_bam/COLO829_PAO/TF1e-2_25x/TF1e-2_25x.rep2.bam.bai
[W::hts_idx_load3] The index file is older than the data file: /bip7_disk/pingting114/mixed_bam/COLO829_PAO/TF1e-2_25x/TF1e-2_25x.rep2.bam.bai
[W::hts_idx_load3] The index file is older than the data file: /bip7_disk/pingting114/mixed_bam/COLO829_PAO/TF1e-2_25x/TF1e-2_25x.rep2.bam.bai
[W::hts_idx_load3] The index file is older than the data file: /bip7_disk/pingting114/mixed_bam/COLO829_PAO/TF1e-2_25x/TF1e-2_25x.rep2.bam.bai
[W::bam_next_basemod] MM tag refers to bases beyond sequence length
[W::hts_idx_load3] The index file is older than the data file: /bip7_disk/pingting114/mixed_bam/COLO829_PAO/TF1e-2_25x/TF1e-2_25x.rep2.bam.bai
[E::bam_parse_basemod2] f55358f0-c558-4f8f-afed-b34c69d79ade: MM tag refers to bases beyond sequence length
[W::hts_idx_load3] The index file is older than the data file: /bip7_disk/pingting114/mixed_bam/COLO829_PAO/TF1e-2_25x/TF1e-2_25x.rep2.bam.bai
[W::hts_idx_load3] The index file is older than the data file: /bip7_disk/pingting114/mixed_bam/COLO829_PAO/TF1e-2_25x/TF1e-2_25x.rep2.bam.bai
[W::hts_idx_load3] The index file is older than the data file: /bip7_disk/pingting114/mixed_bam/COLO829_PAO/TF1e-2_25x/TF1e-2_25x.rep2.bam.bai
[W::hts_idx_load3] The index file is older than the data file: /bip7_disk/pingting114/mixed_bam/COLO829_PAO/TF1e-2_25x/TF1e-2_25x.rep2.bam.bai
[W::hts_idx_load3] The index file is older than the data file: /bip7_disk/pingting114/mixed_bam/COLO829_PAO/TF1e-2_25x/TF1e-2_25x.rep2.bam.bai
[W::hts_idx_load3] The index file is older than the data file: /bip7_disk/pingting114/mixed_bam/COLO829_PAO/TF1e-2_25x/TF1e-2_25x.rep2.bam.bai
[W::hts_idx_load3] The index file is older than the data file: /bip7_disk/pingting114/mixed_bam/COLO829_PAO/TF1e-2_25x/TF1e-2_25x.rep2.bam.bai
[W::hts_idx_load3] The index file is older than the data file: /bip7_disk/pingting114/mixed_bam/COLO829_PAO/TF1e-2_25x/TF1e-2_25x.rep2.bam.bai
[W::hts_idx_load3] The index file is older than the data file: /bip7_disk/pingting114/mixed_bam/COLO829_PAO/TF1e-2_25x/TF1e-2_25x.rep2.bam.bai
[W::bam_next_basemod] MM tag refers to bases beyond sequence length
[W::hts_idx_load3] The index file is older than the data file: /bip7_disk/pingting114/mixed_bam/COLO829_PAO/TF1e-2_25x/TF1e-2_25x.rep2.bam.bai
[W::hts_idx_load3] The index file is older than the data file: /bip7_disk/pingting114/mixed_bam/COLO829_PAO/TF1e-2_25x/TF1e-2_25x.rep2.bam.bai
[W::hts_idx_load3] The index file is older than the data file: /bip7_disk/pingting114/mixed_bam/COLO829_PAO/TF1e-2_25x/TF1e-2_25x.rep2.bam.bai
[W::hts_idx_load3] The index file is older than the data file: /bip7_disk/pingting114/mixed_bam/COLO829_PAO/TF1e-2_25x/TF1e-2_25x.rep2.bam.bai
[W::hts_idx_load3] The index file is older than the data file: /bip7_disk/pingting114/mixed_bam/COLO829_PAO/TF1e-2_25x/TF1e-2_25x.rep2.bam.bai
[E::bam_parse_basemod2] 1fc30062-9c3f-49b4-89c0-a60f18955001: MM tag refers to bases beyond sequence length
[W::hts_idx_load3] The index file is older than the data file: /bip7_disk/pingting114/mixed_bam/COLO829_PAO/TF1e-2_25x/TF1e-2_25x.rep2.bam.bai
[W::hts_idx_load3] The index file is older than the data file: /bip7_disk/pingting114/mixed_bam/COLO829_PAO/TF1e-2_25x/TF1e-2_25x.rep2.bam.bai
[W::hts_idx_load3] The index file is older than the data file: /bip7_disk/pingting114/mixed_bam/COLO829_PAO/TF1e-2_25x/TF1e-2_25x.rep2.bam.bai
[E::bam_parse_basemod2] afb509e5-9dba-4eae-9c87-061e7f4f580b: MM tag refers to bases beyond sequence length
[W::hts_idx_load3] The index file is older than the data file: /bip7_disk/pingting114/mixed_bam/COLO829_PAO/TF1e-2_25x/TF1e-2_25x.rep2.bam.bai
[W::hts_idx_load3] The index file is older than the data file: /bip7_disk/pingting114/mixed_bam/COLO829_PAO/TF1e-2_25x/TF1e-2_25x.rep2.bam.bai
[E::bam_parse_basemod2] ae3759d1-a070-43f5-9879-01b3d6a5f390: MM tag refers to bases beyond sequence length
[W::hts_idx_load3] The index file is older than the data file: /bip7_disk/pingting114/mixed_bam/COLO829_PAO/TF1e-2_25x/TF1e-2_25x.rep2.bam.bai
[E::bam_parse_basemod2] b5abcd7a-943e-4811-9a4e-981319919fc1: MM tag refers to bases beyond sequence length
[W::hts_idx_load3] The index file is older than the data file: /bip7_disk/pingting114/mixed_bam/COLO829_PAO/TF1e-2_25x/TF1e-2_25x.rep2.bam.bai
[W::hts_idx_load3] The index file is older than the data file: /bip7_disk/pingting114/mixed_bam/COLO829_PAO/TF1e-2_25x/TF1e-2_25x.rep2.bam.bai
[W::hts_idx_load3] The index file is older than the data file: /bip7_disk/pingting114/mixed_bam/COLO829_PAO/TF1e-2_25x/TF1e-2_25x.rep2.bam.bai
[W::hts_idx_load3] The index file is older than the data file: /bip7_disk/pingting114/mixed_bam/COLO829_PAO/TF1e-2_25x/TF1e-2_25x.rep2.bam.bai
[W::hts_idx_load3] The index file is older than the data file: /bip7_disk/pingting114/mixed_bam/COLO829_PAO/TF1e-2_25x/TF1e-2_25x.rep2.bam.bai
[W::hts_idx_load3] The index file is older than the data file: /bip7_disk/pingting114/mixed_bam/COLO829_PAO/TF1e-2_25x/TF1e-2_25x.rep2.bam.bai
[W::hts_idx_load3] The index file is older than the data file: /bip7_disk/pingting114/mixed_bam/COLO829_PAO/TF1e-2_25x/TF1e-2_25x.rep2.bam.bai
[W::hts_idx_load3] The index file is older than the data file: /bip7_disk/pingting114/mixed_bam/COLO829_PAO/TF1e-2_25x/TF1e-2_25x.rep2.bam.bai
[W::hts_idx_load3] The index file is older than the data file: /bip7_disk/pingting114/mixed_bam/COLO829_PAO/TF1e-2_25x/TF1e-2_25x.rep2.bam.bai
[W::hts_idx_load3] The index file is older than the data file: /bip7_disk/pingting114/mixed_bam/COLO829_PAO/TF1e-2_25x/TF1e-2_25x.rep2.bam.bai
[W::hts_idx_load3] The index file is older than the data file: /bip7_disk/pingting114/mixed_bam/COLO829_PAO/TF1e-2_25x/TF1e-2_25x.rep2.bam.bai
[W::hts_idx_load3] The index file is older than the data file: /bip7_disk/pingting114/mixed_bam/COLO829_PAO/TF1e-2_25x/TF1e-2_25x.rep2.bam.bai
[W::hts_idx_load3] The index file is older than the data file: /bip7_disk/pingting114/mixed_bam/COLO829_PAO/TF1e-2_25x/TF1e-2_25x.rep2.bam.bai
[W::hts_idx_load3] The index file is older than the data file: /bip7_disk/pingting114/mixed_bam/COLO829_PAO/TF1e-2_25x/TF1e-2_25x.rep2.bam.bai
[W::hts_idx_load3] The index file is older than the data file: /bip7_disk/pingting114/mixed_bam/COLO829_PAO/TF1e-2_25x/TF1e-2_25x.rep2.bam.bai
[W::hts_idx_load3] The index file is older than the data file: /bip7_disk/pingting114/mixed_bam/COLO829_PAO/TF1e-2_25x/TF1e-2_25x.rep2.bam.bai
[W::hts_idx_load3] The index file is older than the data file: /bip7_disk/pingting114/mixed_bam/COLO829_PAO/TF1e-2_25x/TF1e-2_25x.rep2.bam.bai
[W::hts_idx_load3] The index file is older than the data file: /bip7_disk/pingting114/mixed_bam/COLO829_PAO/TF1e-2_25x/TF1e-2_25x.rep2.bam.bai
[W::hts_idx_load3] The index file is older than the data file: /bip7_disk/pingting114/mixed_bam/COLO829_PAO/TF1e-2_25x/TF1e-2_25x.rep2.bam.bai
[W::bam_next_basemod] MM tag refers to bases beyond sequence length
[W::hts_idx_load3] The index file is older than the data file: /bip7_disk/pingting114/mixed_bam/COLO829_PAO/TF1e-2_25x/TF1e-2_25x.rep2.bam.bai
[W::bam_next_basemod] MM tag refers to bases beyond sequence length
[E::bam_parse_basemod2] fb5625a9-5dba-4c4f-bbad-bc02aa31b8a0: MM tag refers to bases beyond sequence length
[W::hts_idx_load3] The index file is older than the data file: /bip7_disk/pingting114/mixed_bam/COLO829_PAO/TF1e-2_25x/TF1e-2_25x.rep2.bam.bai
[E::bam_parse_basemod2] 087c37de-b60f-45c3-ae7b-6bd4fefb82df: MM tag refers to bases beyond sequence length
[E::bam_parse_basemod2] b9a34868-87b2-4418-bf34-d35a342c15e3: MM tag refers to bases beyond sequence length
[W::hts_idx_load3] The index file is older than the data file: /bip7_disk/pingting114/mixed_bam/COLO829_PAO/TF1e-2_25x/TF1e-2_25x.rep2.bam.bai
[E::bam_parse_basemod2] 7f788fc6-a217-4b91-bfc5-3d47f2facb47: MM tag refers to bases beyond sequence length
[W::hts_idx_load3] The index file is older than the data file: /bip7_disk/pingting114/mixed_bam/COLO829_PAO/TF1e-2_25x/TF1e-2_25x.rep2.bam.bai
[W::hts_idx_load3] The index file is older than the data file: /bip7_disk/pingting114/mixed_bam/COLO829_PAO/TF1e-2_25x/TF1e-2_25x.rep2.bam.bai
[W::hts_idx_load3] The index file is older than the data file: /bip7_disk/pingting114/mixed_bam/COLO829_PAO/TF1e-2_25x/TF1e-2_25x.rep2.bam.bai
[W::hts_idx_load3] The index file is older than the data file: /bip7_disk/pingting114/mixed_bam/COLO829_PAO/TF1e-2_25x/TF1e-2_25x.rep2.bam.bai
[E::bam_parse_basemod2] 38ea1153-91e7-401d-9f62-6f5203e28c83: MM tag refers to bases beyond sequence length
[W::hts_idx_load3] The index file is older than the data file: /bip7_disk/pingting114/mixed_bam/COLO829_PAO/TF1e-2_25x/TF1e-2_25x.rep2.bam.bai
[W::hts_idx_load3] The index file is older than the data file: /bip7_disk/pingting114/mixed_bam/COLO829_PAO/TF1e-2_25x/TF1e-2_25x.rep2.bam.bai
[W::hts_idx_load3] The index file is older than the data file: /bip7_disk/pingting114/mixed_bam/COLO829_PAO/TF1e-2_25x/TF1e-2_25x.rep2.bam.bai
[W::hts_idx_load3] The index file is older than the data file: /bip7_disk/pingting114/mixed_bam/COLO829_PAO/TF1e-2_25x/TF1e-2_25x.rep2.bam.bai
[W::hts_idx_load3] The index file is older than the data file: /bip7_disk/pingting114/mixed_bam/COLO829_PAO/TF1e-2_25x/TF1e-2_25x.rep2.bam.bai
[W::hts_idx_load3] The index file is older than the data file: /bip7_disk/pingting114/mixed_bam/COLO829_PAO/TF1e-2_25x/TF1e-2_25x.rep2.bam.bai
[W::hts_idx_load3] The index file is older than the data file: /bip7_disk/pingting114/mixed_bam/COLO829_PAO/TF1e-2_25x/TF1e-2_25x.rep2.bam.bai
[W::bam_next_basemod] MM tag refers to bases beyond sequence length
[W::hts_idx_load3] The index file is older than the data file: /bip7_disk/pingting114/mixed_bam/COLO829_PAO/TF1e-2_25x/TF1e-2_25x.rep2.bam.bai
[W::bam_next_basemod] MM tag refers to bases beyond sequence length
[W::hts_idx_load3] The index file is older than the data file: /bip7_disk/pingting114/mixed_bam/COLO829_PAO/TF1e-2_25x/TF1e-2_25x.rep2.bam.bai
[E::bam_parse_basemod2] 5d86622e-724e-4f84-8ebe-322a54320f0d: MM tag refers to bases beyond sequence length
[W::hts_idx_load3] The index file is older than the data file: /bip7_disk/pingting114/mixed_bam/COLO829_PAO/TF1e-2_25x/TF1e-2_25x.rep2.bam.bai
[W::hts_idx_load3] The index file is older than the data file: /bip7_disk/pingting114/mixed_bam/COLO829_PAO/TF1e-2_25x/TF1e-2_25x.rep2.bam.bai
[W::hts_idx_load3] The index file is older than the data file: /bip7_disk/pingting114/mixed_bam/COLO829_PAO/TF1e-2_25x/TF1e-2_25x.rep2.bam.bai
[W::hts_idx_load3] The index file is older than the data file: /bip7_disk/pingting114/mixed_bam/COLO829_PAO/TF1e-2_25x/TF1e-2_25x.rep2.bam.bai
[E::bam_parse_basemod2] 96c1ae2f-05f3-4288-b2e2-288ad2ad6853: MM tag refers to bases beyond sequence length
[W::hts_idx_load3] The index file is older than the data file: /bip7_disk/pingting114/mixed_bam/COLO829_PAO/TF1e-2_25x/TF1e-2_25x.rep2.bam.bai
[W::hts_idx_load3] The index file is older than the data file: /bip7_disk/pingting114/mixed_bam/COLO829_PAO/TF1e-2_25x/TF1e-2_25x.rep2.bam.bai
[W::hts_idx_load3] The index file is older than the data file: /bip7_disk/pingting114/mixed_bam/COLO829_PAO/TF1e-2_25x/TF1e-2_25x.rep2.bam.bai
[W::hts_idx_load3] The index file is older than the data file: /bip7_disk/pingting114/mixed_bam/COLO829_PAO/TF1e-2_25x/TF1e-2_25x.rep2.bam.bai
[W::hts_idx_load3] The index file is older than the data file: /bip7_disk/pingting114/mixed_bam/COLO829_PAO/TF1e-2_25x/TF1e-2_25x.rep2.bam.bai
[E::bam_parse_basemod2] 6c63ad9a-e278-4efa-b574-98119fb03748: MM tag refers to bases beyond sequence length
[W::hts_idx_load3] The index file is older than the data file: /bip7_disk/pingting114/mixed_bam/COLO829_PAO/TF1e-2_25x/TF1e-2_25x.rep2.bam.bai
[W::hts_idx_load3] The index file is older than the data file: /bip7_disk/pingting114/mixed_bam/COLO829_PAO/TF1e-2_25x/TF1e-2_25x.rep2.bam.bai
[E::bam_parse_basemod2] dee8e617-15e3-4593-87d2-7f2b0fc6e69c: MM tag refers to bases beyond sequence length
[W::hts_idx_load3] The index file is older than the data file: /bip7_disk/pingting114/mixed_bam/COLO829_PAO/TF1e-2_25x/TF1e-2_25x.rep2.bam.bai
[W::hts_idx_load3] The index file is older than the data file: /bip7_disk/pingting114/mixed_bam/COLO829_PAO/TF1e-2_25x/TF1e-2_25x.rep2.bam.bai
[W::hts_idx_load3] The index file is older than the data file: /bip7_disk/pingting114/mixed_bam/COLO829_PAO/TF1e-2_25x/TF1e-2_25x.rep2.bam.bai
[W::hts_idx_load3] The index file is older than the data file: /bip7_disk/pingting114/mixed_bam/COLO829_PAO/TF1e-2_25x/TF1e-2_25x.rep2.bam.bai
[W::bam_next_basemod] MM tag refers to bases beyond sequence length
[W::hts_idx_load3] The index file is older than the data file: /bip7_disk/pingting114/mixed_bam/COLO829_PAO/TF1e-2_25x/TF1e-2_25x.rep2.bam.bai
[W::hts_idx_load3] The index file is older than the data file: /bip7_disk/pingting114/mixed_bam/COLO829_PAO/TF1e-2_25x/TF1e-2_25x.rep2.bam.bai
[W::hts_idx_load3] The index file is older than the data file: /bip7_disk/pingting114/mixed_bam/COLO829_PAO/TF1e-2_25x/TF1e-2_25x.rep2.bam.bai
[W::hts_idx_load3] The index file is older than the data file: /bip7_disk/pingting114/mixed_bam/COLO829_PAO/TF1e-2_25x/TF1e-2_25x.rep2.bam.bai
[W::bam_next_basemod] MM tag refers to bases beyond sequence length
[W::hts_idx_load3] The index file is older than the data file: /bip7_disk/pingting114/mixed_bam/COLO829_PAO/TF1e-2_25x/TF1e-2_25x.rep2.bam.bai
[W::hts_idx_load3] The index file is older than the data file: /bip7_disk/pingting114/mixed_bam/COLO829_PAO/TF1e-2_25x/TF1e-2_25x.rep2.bam.bai
[W::hts_idx_load3] The index file is older than the data file: /bip7_disk/pingting114/mixed_bam/COLO829_PAO/TF1e-2_25x/TF1e-2_25x.rep2.bam.bai
[W::bam_next_basemod] MM tag refers to bases beyond sequence length
[W::hts_idx_load3] The index file is older than the data file: /bip7_disk/pingting114/mixed_bam/COLO829_PAO/TF1e-2_25x/TF1e-2_25x.rep2.bam.bai
[W::hts_idx_load3] The index file is older than the data file: /bip7_disk/pingting114/mixed_bam/COLO829_PAO/TF1e-2_25x/TF1e-2_25x.rep2.bam.bai
[W::hts_idx_load3] The index file is older than the data file: /bip7_disk/pingting114/mixed_bam/COLO829_PAO/TF1e-2_25x/TF1e-2_25x.rep2.bam.bai
[W::hts_idx_load3] The index file is older than the data file: /bip7_disk/pingting114/mixed_bam/COLO829_PAO/TF1e-2_25x/TF1e-2_25x.rep2.bam.bai
[W::hts_idx_load3] The index file is older than the data file: /bip7_disk/pingting114/mixed_bam/COLO829_PAO/TF1e-2_25x/TF1e-2_25x.rep2.bam.bai
[W::hts_idx_load3] The index file is older than the data file: /bip7_disk/pingting114/mixed_bam/COLO829_PAO/TF1e-2_25x/TF1e-2_25x.rep2.bam.bai
[W::bam_next_basemod] MM tag refers to bases beyond sequence length
[W::hts_idx_load3] The index file is older than the data file: /bip7_disk/pingting114/mixed_bam/COLO829_PAO/TF1e-2_25x/TF1e-2_25x.rep2.bam.bai
[W::hts_idx_load3] The index file is older than the data file: /bip7_disk/pingting114/mixed_bam/COLO829_PAO/TF1e-2_25x/TF1e-2_25x.rep2.bam.bai
[W::hts_idx_load3] The index file is older than the data file: /bip7_disk/pingting114/mixed_bam/COLO829_PAO/TF1e-2_25x/TF1e-2_25x.rep2.bam.bai
[W::hts_idx_load3] The index file is older than the data file: /bip7_disk/pingting114/mixed_bam/COLO829_PAO/TF1e-2_25x/TF1e-2_25x.rep2.bam.bai
[W::hts_idx_load3] The index file is older than the data file: /bip7_disk/pingting114/mixed_bam/COLO829_PAO/TF1e-2_25x/TF1e-2_25x.rep2.bam.bai
[W::hts_idx_load3] The index file is older than the data file: /bip7_disk/pingting114/mixed_bam/COLO829_PAO/TF1e-2_25x/TF1e-2_25x.rep2.bam.bai
[W::hts_idx_load3] The index file is older than the data file: /bip7_disk/pingting114/mixed_bam/COLO829_PAO/TF1e-2_25x/TF1e-2_25x.rep2.bam.bai
[W::hts_idx_load3] The index file is older than the data file: /bip7_disk/pingting114/mixed_bam/COLO829_PAO/TF1e-2_25x/TF1e-2_25x.rep2.bam.bai
[W::hts_idx_load3] The index file is older than the data file: /bip7_disk/pingting114/mixed_bam/COLO829_PAO/TF1e-2_25x/TF1e-2_25x.rep2.bam.bai
[W::bam_next_basemod] MM tag refers to bases beyond sequence length
[W::hts_idx_load3] The index file is older than the data file: /bip7_disk/pingting114/mixed_bam/COLO829_PAO/TF1e-2_25x/TF1e-2_25x.rep2.bam.bai
[W::hts_idx_load3] The index file is older than the data file: /bip7_disk/pingting114/mixed_bam/COLO829_PAO/TF1e-2_25x/TF1e-2_25x.rep2.bam.bai
[W::hts_idx_load3] The index file is older than the data file: /bip7_disk/pingting114/mixed_bam/COLO829_PAO/TF1e-2_25x/TF1e-2_25x.rep2.bam.bai
[W::bam_next_basemod] MM tag refers to bases beyond sequence length
[W::bam_next_basemod] MM tag refers to bases beyond sequence length
[W::hts_idx_load3] The index file is older than the data file: /bip7_disk/pingting114/mixed_bam/COLO829_PAO/TF1e-2_25x/TF1e-2_25x.rep2.bam.bai
[E::bam_parse_basemod2] c5f9ee8a-c70a-4051-a467-614d863ada65: MM tag refers to bases beyond sequence length
[W::hts_idx_load3] The index file is older than the data file: /bip7_disk/pingting114/mixed_bam/COLO829_PAO/TF1e-2_25x/TF1e-2_25x.rep2.bam.bai
[W::hts_idx_load3] The index file is older than the data file: /bip7_disk/pingting114/mixed_bam/COLO829_PAO/TF1e-2_25x/TF1e-2_25x.rep2.bam.bai
[W::hts_idx_load3] The index file is older than the data file: /bip7_disk/pingting114/mixed_bam/COLO829_PAO/TF1e-2_25x/TF1e-2_25x.rep2.bam.bai
[E::bam_parse_basemod2] 022cb3c4-31e4-4f7a-bab5-85e7b3e2326d: MM tag refers to bases beyond sequence length
[W::hts_idx_load3] The index file is older than the data file: /bip7_disk/pingting114/mixed_bam/COLO829_PAO/TF1e-2_25x/TF1e-2_25x.rep2.bam.bai
[W::hts_idx_load3] The index file is older than the data file: /bip7_disk/pingting114/mixed_bam/COLO829_PAO/TF1e-2_25x/TF1e-2_25x.rep2.bam.bai
[W::hts_idx_load3] The index file is older than the data file: /bip7_disk/pingting114/mixed_bam/COLO829_PAO/TF1e-2_25x/TF1e-2_25x.rep2.bam.bai
[W::hts_idx_load3] The index file is older than the data file: /bip7_disk/pingting114/mixed_bam/COLO829_PAO/TF1e-2_25x/TF1e-2_25x.rep2.bam.bai
[W::hts_idx_load3] The index file is older than the data file: /bip7_disk/pingting114/mixed_bam/COLO829_PAO/TF1e-2_25x/TF1e-2_25x.rep2.bam.bai
[W::hts_idx_load3] The index file is older than the data file: /bip7_disk/pingting114/mixed_bam/COLO829_PAO/TF1e-2_25x/TF1e-2_25x.rep2.bam.bai
[W::hts_idx_load3] The index file is older than the data file: /bip7_disk/pingting114/mixed_bam/COLO829_PAO/TF1e-2_25x/TF1e-2_25x.rep2.bam.bai
[W::hts_idx_load3] The index file is older than the data file: /bip7_disk/pingting114/mixed_bam/COLO829_PAO/TF1e-2_25x/TF1e-2_25x.rep2.bam.bai
[W::hts_idx_load3] The index file is older than the data file: /bip7_disk/pingting114/mixed_bam/COLO829_PAO/TF1e-2_25x/TF1e-2_25x.rep2.bam.bai
[W::hts_idx_load3] The index file is older than the data file: /bip7_disk/pingting114/mixed_bam/COLO829_PAO/TF1e-2_25x/TF1e-2_25x.rep2.bam.bai
[W::hts_idx_load3] The index file is older than the data file: /bip7_disk/pingting114/mixed_bam/COLO829_PAO/TF1e-2_25x/TF1e-2_25x.rep2.bam.bai
[W::hts_idx_load3] The index file is older than the data file: /bip7_disk/pingting114/mixed_bam/COLO829_PAO/TF1e-2_25x/TF1e-2_25x.rep2.bam.bai
[W::bam_next_basemod] MM tag refers to bases beyond sequence length
[W::hts_idx_load3] The index file is older than the data file: /bip7_disk/pingting114/mixed_bam/COLO829_PAO/TF1e-2_25x/TF1e-2_25x.rep2.bam.bai
[W::hts_idx_load3] The index file is older than the data file: /bip7_disk/pingting114/mixed_bam/COLO829_PAO/TF1e-2_25x/TF1e-2_25x.rep2.bam.bai
[W::bam_next_basemod] MM tag refers to bases beyond sequence length
[W::hts_idx_load3] The index file is older than the data file: /bip7_disk/pingting114/mixed_bam/COLO829_PAO/TF1e-2_25x/TF1e-2_25x.rep2.bam.bai
[W::bam_next_basemod] MM tag refers to bases beyond sequence length
[W::hts_idx_load3] The index file is older than the data file: /bip7_disk/pingting114/mixed_bam/COLO829_PAO/TF1e-2_25x/TF1e-2_25x.rep2.bam.bai
[W::bam_next_basemod] MM tag refers to bases beyond sequence length
[W::hts_idx_load3] The index file is older than the data file: /bip7_disk/pingting114/mixed_bam/COLO829_PAO/TF1e-2_25x/TF1e-2_25x.rep2.bam.bai
[W::hts_idx_load3] The index file is older than the data file: /bip7_disk/pingting114/mixed_bam/COLO829_PAO/TF1e-2_25x/TF1e-2_25x.rep2.bam.bai
[W::bam_next_basemod] MM tag refers to bases beyond sequence length
[W::hts_idx_load3] The index file is older than the data file: /bip7_disk/pingting114/mixed_bam/COLO829_PAO/TF1e-2_25x/TF1e-2_25x.rep2.bam.bai
[W::hts_idx_load3] The index file is older than the data file: /bip7_disk/pingting114/mixed_bam/COLO829_PAO/TF1e-2_25x/TF1e-2_25x.rep2.bam.bai
[W::bam_next_basemod] MM tag refers to bases beyond sequence length
[W::hts_idx_load3] The index file is older than the data file: /bip7_disk/pingting114/mixed_bam/COLO829_PAO/TF1e-2_25x/TF1e-2_25x.rep2.bam.bai
[E::bam_parse_basemod2] ba8f60f0-8d7b-4f5e-846c-7b1295b4c58d: MM tag refers to bases beyond sequence length
[W::bam_next_basemod] MM tag refers to bases beyond sequence length
[W::hts_idx_load3] The index file is older than the data file: /bip7_disk/pingting114/mixed_bam/COLO829_PAO/TF1e-2_25x/TF1e-2_25x.rep2.bam.bai
[W::hts_idx_load3] The index file is older than the data file: /bip7_disk/pingting114/mixed_bam/COLO829_PAO/TF1e-2_25x/TF1e-2_25x.rep2.bam.bai
[W::hts_idx_load3] The index file is older than the data file: /bip7_disk/pingting114/mixed_bam/COLO829_PAO/TF1e-2_25x/TF1e-2_25x.rep2.bam.bai
[W::hts_idx_load3] The index file is older than the data file: /bip7_disk/pingting114/mixed_bam/COLO829_PAO/TF1e-2_25x/TF1e-2_25x.rep2.bam.bai
[E::bam_parse_basemod2] 83553df8-ea65-43b8-81d8-b66b7b2b4043: MM tag refers to bases beyond sequence length
[W::hts_idx_load3] The index file is older than the data file: /bip7_disk/pingting114/mixed_bam/COLO829_PAO/TF1e-2_25x/TF1e-2_25x.rep2.bam.bai
[W::hts_idx_load3] The index file is older than the data file: /bip7_disk/pingting114/mixed_bam/COLO829_PAO/TF1e-2_25x/TF1e-2_25x.rep2.bam.bai
[W::bam_next_basemod] MM tag refers to bases beyond sequence length
[W::hts_idx_load3] The index file is older than the data file: /bip7_disk/pingting114/mixed_bam/COLO829_PAO/TF1e-2_25x/TF1e-2_25x.rep2.bam.bai
[W::hts_idx_load3] The index file is older than the data file: /bip7_disk/pingting114/mixed_bam/COLO829_PAO/TF1e-2_25x/TF1e-2_25x.rep2.bam.bai
[E::bam_parse_basemod2] 518e235b-e3ab-417f-9204-96821f0db284: MM tag refers to bases beyond sequence length
[W::hts_idx_load3] The index file is older than the data file: /bip7_disk/pingting114/mixed_bam/COLO829_PAO/TF1e-2_25x/TF1e-2_25x.rep2.bam.bai
[W::hts_idx_load3] The index file is older than the data file: /bip7_disk/pingting114/mixed_bam/COLO829_PAO/TF1e-2_25x/TF1e-2_25x.rep2.bam.bai
[W::bam_next_basemod] MM tag refers to bases beyond sequence length
[W::hts_idx_load3] The index file is older than the data file: /bip7_disk/pingting114/mixed_bam/COLO829_PAO/TF1e-2_25x/TF1e-2_25x.rep2.bam.bai
[W::hts_idx_load3] The index file is older than the data file: /bip7_disk/pingting114/mixed_bam/COLO829_PAO/TF1e-2_25x/TF1e-2_25x.rep2.bam.bai
[W::hts_idx_load3] The index file is older than the data file: /bip7_disk/pingting114/mixed_bam/COLO829_PAO/TF1e-2_25x/TF1e-2_25x.rep2.bam.bai
[W::hts_idx_load3] The index file is older than the data file: /bip7_disk/pingting114/mixed_bam/COLO829_PAO/TF1e-2_25x/TF1e-2_25x.rep2.bam.bai
[W::hts_idx_load3] The index file is older than the data file: /bip7_disk/pingting114/mixed_bam/COLO829_PAO/TF1e-2_25x/TF1e-2_25x.rep2.bam.bai
[W::hts_idx_load3] The index file is older than the data file: /bip7_disk/pingting114/mixed_bam/COLO829_PAO/TF1e-2_25x/TF1e-2_25x.rep2.bam.bai
[W::bam_next_basemod] MM tag refers to bases beyond sequence length
[W::hts_idx_load3] The index file is older than the data file: /bip7_disk/pingting114/mixed_bam/COLO829_PAO/TF1e-2_25x/TF1e-2_25x.rep2.bam.bai
[W::hts_idx_load3] The index file is older than the data file: /bip7_disk/pingting114/mixed_bam/COLO829_PAO/TF1e-2_25x/TF1e-2_25x.rep2.bam.bai
[W::hts_idx_load3] The index file is older than the data file: /bip7_disk/pingting114/mixed_bam/COLO829_PAO/TF1e-2_25x/TF1e-2_25x.rep2.bam.bai
[W::hts_idx_load3] The index file is older than the data file: /bip7_disk/pingting114/mixed_bam/COLO829_PAO/TF1e-2_25x/TF1e-2_25x.rep2.bam.bai
[W::hts_idx_load3] The index file is older than the data file: /bip7_disk/pingting114/mixed_bam/COLO829_PAO/TF1e-2_25x/TF1e-2_25x.rep2.bam.bai
[W::hts_idx_load3] The index file is older than the data file: /bip7_disk/pingting114/mixed_bam/COLO829_PAO/TF1e-2_25x/TF1e-2_25x.rep2.bam.bai
[W::bam_next_basemod] MM tag refers to bases beyond sequence length
[W::bam_next_basemod] MM tag refers to bases beyond sequence length
[W::hts_idx_load3] The index file is older than the data file: /bip7_disk/pingting114/mixed_bam/COLO829_PAO/TF1e-2_25x/TF1e-2_25x.rep2.bam.bai
[W::hts_idx_load3] The index file is older than the data file: /bip7_disk/pingting114/mixed_bam/COLO829_PAO/TF1e-2_25x/TF1e-2_25x.rep2.bam.bai
[W::hts_idx_load3] The index file is older than the data file: /bip7_disk/pingting114/mixed_bam/COLO829_PAO/TF1e-2_25x/TF1e-2_25x.rep2.bam.bai
[W::hts_idx_load3] The index file is older than the data file: /bip7_disk/pingting114/mixed_bam/COLO829_PAO/TF1e-2_25x/TF1e-2_25x.rep2.bam.bai
[W::hts_idx_load3] The index file is older than the data file: /bip7_disk/pingting114/mixed_bam/COLO829_PAO/TF1e-2_25x/TF1e-2_25x.rep2.bam.bai
[E::bam_parse_basemod2] 7684b1a6-0f19-499c-87f5-81e38601fb12: MM tag refers to bases beyond sequence length
[W::bam_next_basemod] MM tag refers to bases beyond sequence length
[W::hts_idx_load3] The index file is older than the data file: /bip7_disk/pingting114/mixed_bam/COLO829_PAO/TF1e-2_25x/TF1e-2_25x.rep2.bam.bai
[E::bam_parse_basemod2] 8e54c20e-827e-471f-890e-b6e8ea8aae91: MM tag refers to bases beyond sequence length
[W::hts_idx_load3] The index file is older than the data file: /bip7_disk/pingting114/mixed_bam/COLO829_PAO/TF1e-2_25x/TF1e-2_25x.rep2.bam.bai
[W::hts_idx_load3] The index file is older than the data file: /bip7_disk/pingting114/mixed_bam/COLO829_PAO/TF1e-2_25x/TF1e-2_25x.rep2.bam.bai
[W::hts_idx_load3] The index file is older than the data file: /bip7_disk/pingting114/mixed_bam/COLO829_PAO/TF1e-2_25x/TF1e-2_25x.rep2.bam.bai
[W::hts_idx_load3] The index file is older than the data file: /bip7_disk/pingting114/mixed_bam/COLO829_PAO/TF1e-2_25x/TF1e-2_25x.rep2.bam.bai
[W::hts_idx_load3] The index file is older than the data file: /bip7_disk/pingting114/mixed_bam/COLO829_PAO/TF1e-2_25x/TF1e-2_25x.rep2.bam.bai
[W::bam_next_basemod] MM tag refers to bases beyond sequence length
[W::hts_idx_load3] The index file is older than the data file: /bip7_disk/pingting114/mixed_bam/COLO829_PAO/TF1e-2_25x/TF1e-2_25x.rep2.bam.bai
[W::hts_idx_load3] The index file is older than the data file: /bip7_disk/pingting114/mixed_bam/COLO829_PAO/TF1e-2_25x/TF1e-2_25x.rep2.bam.bai
[E::bam_parse_basemod2] 33b5e723-1d2a-46e2-9c80-ff5b3b3ba770: MM tag refers to bases beyond sequence length
[W::bam_next_basemod] MM tag refers to bases beyond sequence length
[W::bam_next_basemod] MM tag refers to bases beyond sequence length
[W::hts_idx_load3] The index file is older than the data file: /bip7_disk/pingting114/mixed_bam/COLO829_PAO/TF1e-2_25x/TF1e-2_25x.rep2.bam.bai
[W::hts_idx_load3] The index file is older than the data file: /bip7_disk/pingting114/mixed_bam/COLO829_PAO/TF1e-2_25x/TF1e-2_25x.rep2.bam.bai
[W::hts_idx_load3] The index file is older than the data file: /bip7_disk/pingting114/mixed_bam/COLO829_PAO/TF1e-2_25x/TF1e-2_25x.rep2.bam.bai
[W::hts_idx_load3] The index file is older than the data file: /bip7_disk/pingting114/mixed_bam/COLO829_PAO/TF1e-2_25x/TF1e-2_25x.rep2.bam.bai
[W::bam_next_basemod] MM tag refers to bases beyond sequence length
[W::hts_idx_load3] The index file is older than the data file: /bip7_disk/pingting114/mixed_bam/COLO829_PAO/TF1e-2_25x/TF1e-2_25x.rep2.bam.bai
[W::bam_next_basemod] MM tag refers to bases beyond sequence length
[W::hts_idx_load3] The index file is older than the data file: /bip7_disk/pingting114/mixed_bam/COLO829_PAO/TF1e-2_25x/TF1e-2_25x.rep2.bam.bai
[W::hts_idx_load3] The index file is older than the data file: /bip7_disk/pingting114/mixed_bam/COLO829_PAO/TF1e-2_25x/TF1e-2_25x.rep2.bam.bai
[W::bam_next_basemod] MM tag refers to bases beyond sequence length
[E::bam_parse_basemod2] 94103757-50f9-4b0a-9f66-2150dde654ff: MM tag refers to bases beyond sequence length
[W::hts_idx_load3] The index file is older than the data file: /bip7_disk/pingting114/mixed_bam/COLO829_PAO/TF1e-2_25x/TF1e-2_25x.rep2.bam.bai
[W::hts_idx_load3] The index file is older than the data file: /bip7_disk/pingting114/mixed_bam/COLO829_PAO/TF1e-2_25x/TF1e-2_25x.rep2.bam.bai
[W::hts_idx_load3] The index file is older than the data file: /bip7_disk/pingting114/mixed_bam/COLO829_PAO/TF1e-2_25x/TF1e-2_25x.rep2.bam.bai
[W::hts_idx_load3] The index file is older than the data file: /bip7_disk/pingting114/mixed_bam/COLO829_PAO/TF1e-2_25x/TF1e-2_25x.rep2.bam.bai
[W::bam_next_basemod] MM tag refers to bases beyond sequence length
[E::bam_parse_basemod2] 7b1db82f-5863-46d8-a7d5-0cc69661ea29: MM tag refers to bases beyond sequence length
[W::hts_idx_load3] The index file is older than the data file: /bip7_disk/pingting114/mixed_bam/COLO829_PAO/TF1e-2_25x/TF1e-2_25x.rep2.bam.bai
[W::hts_idx_load3] The index file is older than the data file: /bip7_disk/pingting114/mixed_bam/COLO829_PAO/TF1e-2_25x/TF1e-2_25x.rep2.bam.bai
[W::hts_idx_load3] The index file is older than the data file: /bip7_disk/pingting114/mixed_bam/COLO829_PAO/TF1e-2_25x/TF1e-2_25x.rep2.bam.bai
[W::hts_idx_load3] The index file is older than the data file: /bip7_disk/pingting114/mixed_bam/COLO829_PAO/TF1e-2_25x/TF1e-2_25x.rep2.bam.bai
[E::bam_parse_basemod2] 7f6c80c2-49d7-49c5-bdc9-76ee875d718c: MM tag refers to bases beyond sequence length
[W::hts_idx_load3] The index file is older than the data file: /bip7_disk/pingting114/mixed_bam/COLO829_PAO/TF1e-2_25x/TF1e-2_25x.rep2.bam.bai
[W::bam_next_basemod] MM tag refers to bases beyond sequence length
[W::hts_idx_load3] The index file is older than the data file: /bip7_disk/pingting114/mixed_bam/COLO829_PAO/TF1e-2_25x/TF1e-2_25x.rep2.bam.bai
[W::hts_idx_load3] The index file is older than the data file: /bip7_disk/pingting114/mixed_bam/COLO829_PAO/TF1e-2_25x/TF1e-2_25x.rep2.bam.bai
[W::hts_idx_load3] The index file is older than the data file: /bip7_disk/pingting114/mixed_bam/COLO829_PAO/TF1e-2_25x/TF1e-2_25x.rep2.bam.bai
[W::hts_idx_load3] The index file is older than the data file: /bip7_disk/pingting114/mixed_bam/COLO829_PAO/TF1e-2_25x/TF1e-2_25x.rep2.bam.bai
[E::bam_parse_basemod2] 70507c58-82c4-4f2d-83e6-984cafcdd4e6: MM tag refers to bases beyond sequence length
[W::hts_idx_load3] The index file is older than the data file: /bip7_disk/pingting114/mixed_bam/COLO829_PAO/TF1e-2_25x/TF1e-2_25x.rep2.bam.bai
[E::bam_parse_basemod2] 05565707-f89e-4f0c-b66e-5c314f2ec7d5: MM tag refers to bases beyond sequence length
[W::hts_idx_load3] The index file is older than the data file: /bip7_disk/pingting114/mixed_bam/COLO829_PAO/TF1e-2_25x/TF1e-2_25x.rep2.bam.bai
[W::hts_idx_load3] The index file is older than the data file: /bip7_disk/pingting114/mixed_bam/COLO829_PAO/TF1e-2_25x/TF1e-2_25x.rep2.bam.bai
[W::hts_idx_load3] The index file is older than the data file: /bip7_disk/pingting114/mixed_bam/COLO829_PAO/TF1e-2_25x/TF1e-2_25x.rep2.bam.bai
[W::hts_idx_load3] The index file is older than the data file: /bip7_disk/pingting114/mixed_bam/COLO829_PAO/TF1e-2_25x/TF1e-2_25x.rep2.bam.bai
[W::hts_idx_load3] The index file is older than the data file: /bip7_disk/pingting114/mixed_bam/COLO829_PAO/TF1e-2_25x/TF1e-2_25x.rep2.bam.bai
[W::hts_idx_load3] The index file is older than the data file: /bip7_disk/pingting114/mixed_bam/COLO829_PAO/TF1e-2_25x/TF1e-2_25x.rep2.bam.bai
[W::hts_idx_load3] The index file is older than the data file: /bip7_disk/pingting114/mixed_bam/COLO829_PAO/TF1e-2_25x/TF1e-2_25x.rep2.bam.bai
[E::bam_parse_basemod2] 5835befa-9044-4f5f-84f1-0d899397c0fd: MM tag refers to bases beyond sequence length
[W::hts_idx_load3] The index file is older than the data file: /bip7_disk/pingting114/mixed_bam/COLO829_PAO/TF1e-2_25x/TF1e-2_25x.rep2.bam.bai
[W::hts_idx_load3] The index file is older than the data file: /bip7_disk/pingting114/mixed_bam/COLO829_PAO/TF1e-2_25x/TF1e-2_25x.rep2.bam.bai
[W::hts_idx_load3] The index file is older than the data file: /bip7_disk/pingting114/mixed_bam/COLO829_PAO/TF1e-2_25x/TF1e-2_25x.rep2.bam.bai
[E::bam_parse_basemod2] 0261ec46-8009-4972-8d83-3800dabcfc50: MM tag refers to bases beyond sequence length
[W::hts_idx_load3] The index file is older than the data file: /bip7_disk/pingting114/mixed_bam/COLO829_PAO/TF1e-2_25x/TF1e-2_25x.rep2.bam.bai
[W::bam_next_basemod] MM tag refers to bases beyond sequence length
[W::hts_idx_load3] The index file is older than the data file: /bip7_disk/pingting114/mixed_bam/COLO829_PAO/TF1e-2_25x/TF1e-2_25x.rep2.bam.bai
[W::hts_idx_load3] The index file is older than the data file: /bip7_disk/pingting114/mixed_bam/COLO829_PAO/TF1e-2_25x/TF1e-2_25x.rep2.bam.bai
[W::hts_idx_load3] The index file is older than the data file: /bip7_disk/pingting114/mixed_bam/COLO829_PAO/TF1e-2_25x/TF1e-2_25x.rep2.bam.bai
[W::hts_idx_load3] The index file is older than the data file: /bip7_disk/pingting114/mixed_bam/COLO829_PAO/TF1e-2_25x/TF1e-2_25x.rep2.bam.bai
[W::hts_idx_load3] The index file is older than the data file: /bip7_disk/pingting114/mixed_bam/COLO829_PAO/TF1e-2_25x/TF1e-2_25x.rep2.bam.bai
[W::hts_idx_load3] The index file is older than the data file: /bip7_disk/pingting114/mixed_bam/COLO829_PAO/TF1e-2_25x/TF1e-2_25x.rep2.bam.bai
[W::hts_idx_load3] The index file is older than the data file: /bip7_disk/pingting114/mixed_bam/COLO829_PAO/TF1e-2_25x/TF1e-2_25x.rep2.bam.bai
[W::hts_idx_load3] The index file is older than the data file: /bip7_disk/pingting114/mixed_bam/COLO829_PAO/TF1e-2_25x/TF1e-2_25x.rep2.bam.bai
[W::bam_next_basemod] MM tag refers to bases beyond sequence length
[W::hts_idx_load3] The index file is older than the data file: /bip7_disk/pingting114/mixed_bam/COLO829_PAO/TF1e-2_25x/TF1e-2_25x.rep2.bam.bai
[W::hts_idx_load3] The index file is older than the data file: /bip7_disk/pingting114/mixed_bam/COLO829_PAO/TF1e-2_25x/TF1e-2_25x.rep2.bam.bai
[W::hts_idx_load3] The index file is older than the data file: /bip7_disk/pingting114/mixed_bam/COLO829_PAO/TF1e-2_25x/TF1e-2_25x.rep2.bam.bai
[W::hts_idx_load3] The index file is older than the data file: /bip7_disk/pingting114/mixed_bam/COLO829_PAO/TF1e-2_25x/TF1e-2_25x.rep2.bam.bai
[W::hts_idx_load3] The index file is older than the data file: /bip7_disk/pingting114/mixed_bam/COLO829_PAO/TF1e-2_25x/TF1e-2_25x.rep2.bam.bai
[W::hts_idx_load3] The index file is older than the data file: /bip7_disk/pingting114/mixed_bam/COLO829_PAO/TF1e-2_25x/TF1e-2_25x.rep2.bam.bai
[W::hts_idx_load3] The index file is older than the data file: /bip7_disk/pingting114/mixed_bam/COLO829_PAO/TF1e-2_25x/TF1e-2_25x.rep2.bam.bai
[W::hts_idx_load3] The index file is older than the data file: /bip7_disk/pingting114/mixed_bam/COLO829_PAO/TF1e-2_25x/TF1e-2_25x.rep2.bam.bai
[W::hts_idx_load3] The index file is older than the data file: /bip7_disk/pingting114/mixed_bam/COLO829_PAO/TF1e-2_25x/TF1e-2_25x.rep2.bam.bai
[W::hts_idx_load3] The index file is older than the data file: /bip7_disk/pingting114/mixed_bam/COLO829_PAO/TF1e-2_25x/TF1e-2_25x.rep2.bam.bai
[W::hts_idx_load3] The index file is older than the data file: /bip7_disk/pingting114/mixed_bam/COLO829_PAO/TF1e-2_25x/TF1e-2_25x.rep2.bam.bai
[W::hts_idx_load3] The index file is older than the data file: /bip7_disk/pingting114/mixed_bam/COLO829_PAO/TF1e-2_25x/TF1e-2_25x.rep2.bam.bai
[W::hts_idx_load3] The index file is older than the data file: /bip7_disk/pingting114/mixed_bam/COLO829_PAO/TF1e-2_25x/TF1e-2_25x.rep2.bam.bai
[W::hts_idx_load3] The index file is older than the data file: /bip7_disk/pingting114/mixed_bam/COLO829_PAO/TF1e-2_25x/TF1e-2_25x.rep2.bam.bai
[W::hts_idx_load3] The index file is older than the data file: /bip7_disk/pingting114/mixed_bam/COLO829_PAO/TF1e-2_25x/TF1e-2_25x.rep2.bam.bai
[W::hts_idx_load3] The index file is older than the data file: /bip7_disk/pingting114/mixed_bam/COLO829_PAO/TF1e-2_25x/TF1e-2_25x.rep2.bam.bai
[W::hts_idx_load3] The index file is older than the data file: /bip7_disk/pingting114/mixed_bam/COLO829_PAO/TF1e-2_25x/TF1e-2_25x.rep2.bam.bai
[W::hts_idx_load3] The index file is older than the data file: /bip7_disk/pingting114/mixed_bam/COLO829_PAO/TF1e-2_25x/TF1e-2_25x.rep2.bam.bai
[W::hts_idx_load3] The index file is older than the data file: /bip7_disk/pingting114/mixed_bam/COLO829_PAO/TF1e-2_25x/TF1e-2_25x.rep2.bam.bai
[E::bam_parse_basemod2] cc7afd30-7cd1-497a-8ca5-edec8383ed19: MM tag refers to bases beyond sequence length
[W::hts_idx_load3] The index file is older than the data file: /bip7_disk/pingting114/mixed_bam/COLO829_PAO/TF1e-2_25x/TF1e-2_25x.rep2.bam.bai
[W::hts_idx_load3] The index file is older than the data file: /bip7_disk/pingting114/mixed_bam/COLO829_PAO/TF1e-2_25x/TF1e-2_25x.rep2.bam.bai
[W::hts_idx_load3] The index file is older than the data file: /bip7_disk/pingting114/mixed_bam/COLO829_PAO/TF1e-2_25x/TF1e-2_25x.rep2.bam.bai
[E::bam_parse_basemod2] 8d485a97-d172-4a52-9fd2-40cf8b4e2779: MM tag refers to bases beyond sequence length
[W::hts_idx_load3] The index file is older than the data file: /bip7_disk/pingting114/mixed_bam/COLO829_PAO/TF1e-2_25x/TF1e-2_25x.rep2.bam.bai
[W::bam_next_basemod] MM tag refers to bases beyond sequence length
[W::bam_next_basemod] MM tag refers to bases beyond sequence length
[W::hts_idx_load3] The index file is older than the data file: /bip7_disk/pingting114/mixed_bam/COLO829_PAO/TF1e-2_25x/TF1e-2_25x.rep2.bam.bai
[W::hts_idx_load3] The index file is older than the data file: /bip7_disk/pingting114/mixed_bam/COLO829_PAO/TF1e-2_25x/TF1e-2_25x.rep2.bam.bai
[E::bam_parse_basemod2] 17e9a1d4-6332-437d-9042-1fb30d880bc7: MM tag refers to bases beyond sequence length
[W::hts_idx_load3] The index file is older than the data file: /bip7_disk/pingting114/mixed_bam/COLO829_PAO/TF1e-2_25x/TF1e-2_25x.rep2.bam.bai
[E::bam_parse_basemod2] bd648a6d-fcfc-41a1-9528-18e59b55907e: MM tag refers to bases beyond sequence length
[W::hts_idx_load3] The index file is older than the data file: /bip7_disk/pingting114/mixed_bam/COLO829_PAO/TF1e-2_25x/TF1e-2_25x.rep2.bam.bai
[W::hts_idx_load3] The index file is older than the data file: /bip7_disk/pingting114/mixed_bam/COLO829_PAO/TF1e-2_25x/TF1e-2_25x.rep2.bam.bai
[W::hts_idx_load3] The index file is older than the data file: /bip7_disk/pingting114/mixed_bam/COLO829_PAO/TF1e-2_25x/TF1e-2_25x.rep2.bam.bai
[E::bam_parse_basemod2] 41a2dc69-aa8e-4dc5-b77b-67597a62a076: MM tag refers to bases beyond sequence length
[W::hts_idx_load3] The index file is older than the data file: /bip7_disk/pingting114/mixed_bam/COLO829_PAO/TF1e-2_25x/TF1e-2_25x.rep2.bam.bai
[W::hts_idx_load3] The index file is older than the data file: /bip7_disk/pingting114/mixed_bam/COLO829_PAO/TF1e-2_25x/TF1e-2_25x.rep2.bam.bai
[E::bam_parse_basemod2] a0cce699-e98b-42c0-ac12-779cc42dfbde: MM tag refers to bases beyond sequence length
[W::hts_idx_load3] The index file is older than the data file: /bip7_disk/pingting114/mixed_bam/COLO829_PAO/TF1e-2_25x/TF1e-2_25x.rep2.bam.bai
[E::bam_parse_basemod2] d769111f-e4b5-4fee-b5d4-b78402762227: MM tag refers to bases beyond sequence length
[W::hts_idx_load3] The index file is older than the data file: /bip7_disk/pingting114/mixed_bam/COLO829_PAO/TF1e-2_25x/TF1e-2_25x.rep2.bam.bai
[E::bam_parse_basemod2] 94168c28-d310-4d64-aa49-6f110f558b20: MM tag refers to bases beyond sequence length
[W::hts_idx_load3] The index file is older than the data file: /bip7_disk/pingting114/mixed_bam/COLO829_PAO/TF1e-2_25x/TF1e-2_25x.rep2.bam.bai
[W::bam_next_basemod] MM tag refers to bases beyond sequence length
[W::bam_next_basemod] MM tag refers to bases beyond sequence length
[W::hts_idx_load3] The index file is older than the data file: /bip7_disk/pingting114/mixed_bam/COLO829_PAO/TF1e-2_25x/TF1e-2_25x.rep2.bam.bai
[W::bam_next_basemod] MM tag refers to bases beyond sequence length
[W::hts_idx_load3] The index file is older than the data file: /bip7_disk/pingting114/mixed_bam/COLO829_PAO/TF1e-2_25x/TF1e-2_25x.rep2.bam.bai
[W::hts_idx_load3] The index file is older than the data file: /bip7_disk/pingting114/mixed_bam/COLO829_PAO/TF1e-2_25x/TF1e-2_25x.rep2.bam.bai
[W::hts_idx_load3] The index file is older than the data file: /bip7_disk/pingting114/mixed_bam/COLO829_PAO/TF1e-2_25x/TF1e-2_25x.rep2.bam.bai
[E::bam_parse_basemod2] 7a95f17b-43c5-4c58-9e41-8d965a63bab3: MM tag refers to bases beyond sequence length
[W::hts_idx_load3] The index file is older than the data file: /bip7_disk/pingting114/mixed_bam/COLO829_PAO/TF1e-2_25x/TF1e-2_25x.rep2.bam.bai
[W::hts_idx_load3] The index file is older than the data file: /bip7_disk/pingting114/mixed_bam/COLO829_PAO/TF1e-2_25x/TF1e-2_25x.rep2.bam.bai
[W::hts_idx_load3] The index file is older than the data file: /bip7_disk/pingting114/mixed_bam/COLO829_PAO/TF1e-2_25x/TF1e-2_25x.rep2.bam.bai
[E::bam_parse_basemod2] e3120b4e-a60e-44a3-b98f-b3ab9a665c15: MM tag refers to bases beyond sequence length
[W::hts_idx_load3] The index file is older than the data file: /bip7_disk/pingting114/mixed_bam/COLO829_PAO/TF1e-2_25x/TF1e-2_25x.rep2.bam.bai
[W::hts_idx_load3] The index file is older than the data file: /bip7_disk/pingting114/mixed_bam/COLO829_PAO/TF1e-2_25x/TF1e-2_25x.rep2.bam.bai
[W::hts_idx_load3] The index file is older than the data file: /bip7_disk/pingting114/mixed_bam/COLO829_PAO/TF1e-2_25x/TF1e-2_25x.rep2.bam.bai
[W::hts_idx_load3] The index file is older than the data file: /bip7_disk/pingting114/mixed_bam/COLO829_PAO/TF1e-2_25x/TF1e-2_25x.rep2.bam.bai
[W::hts_idx_load3] The index file is older than the data file: /bip7_disk/pingting114/mixed_bam/COLO829_PAO/TF1e-2_25x/TF1e-2_25x.rep2.bam.bai
[W::hts_idx_load3] The index file is older than the data file: /bip7_disk/pingting114/mixed_bam/COLO829_PAO/TF1e-2_25x/TF1e-2_25x.rep2.bam.bai
[W::hts_idx_load3] The index file is older than the data file: /bip7_disk/pingting114/mixed_bam/COLO829_PAO/TF1e-2_25x/TF1e-2_25x.rep2.bam.bai
[E::bam_parse_basemod2] 88121125-e1af-4225-bdf6-bf5e55942154: MM tag refers to bases beyond sequence length
[W::hts_idx_load3] The index file is older than the data file: /bip7_disk/pingting114/mixed_bam/COLO829_PAO/TF1e-2_25x/TF1e-2_25x.rep2.bam.bai
[W::hts_idx_load3] The index file is older than the data file: /bip7_disk/pingting114/mixed_bam/COLO829_PAO/TF1e-2_25x/TF1e-2_25x.rep2.bam.bai
[W::hts_idx_load3] The index file is older than the data file: /bip7_disk/pingting114/mixed_bam/COLO829_PAO/TF1e-2_25x/TF1e-2_25x.rep2.bam.bai
[E::bam_parse_basemod2] 26426324-d22b-4f68-800f-39246b20f6fc: MM tag refers to bases beyond sequence length
[W::hts_idx_load3] The index file is older than the data file: /bip7_disk/pingting114/mixed_bam/COLO829_PAO/TF1e-2_25x/TF1e-2_25x.rep2.bam.bai
[W::bam_next_basemod] MM tag refers to bases beyond sequence length
[W::bam_next_basemod] MM tag refers to bases beyond sequence length
[E::bam_parse_basemod2] 27736ab0-021c-42de-b730-e64622cc8e6e: MM tag refers to bases beyond sequence length
[W::hts_idx_load3] The index file is older than the data file: /bip7_disk/pingting114/mixed_bam/COLO829_PAO/TF1e-2_25x/TF1e-2_25x.rep2.bam.bai
[E::bam_parse_basemod2] fc60d925-eada-4157-ab9b-bb795ea4926b: MM tag refers to bases beyond sequence length
[W::hts_idx_load3] The index file is older than the data file: /bip7_disk/pingting114/mixed_bam/COLO829_PAO/TF1e-2_25x/TF1e-2_25x.rep2.bam.bai
[W::bam_next_basemod] MM tag refers to bases beyond sequence length
[W::bam_next_basemod] MM tag refers to bases beyond sequence length
[W::hts_idx_load3] The index file is older than the data file: /bip7_disk/pingting114/mixed_bam/COLO829_PAO/TF1e-2_25x/TF1e-2_25x.rep2.bam.bai
[W::hts_idx_load3] The index file is older than the data file: /bip7_disk/pingting114/mixed_bam/COLO829_PAO/TF1e-2_25x/TF1e-2_25x.rep2.bam.bai
[W::hts_idx_load3] The index file is older than the data file: /bip7_disk/pingting114/mixed_bam/COLO829_PAO/TF1e-2_25x/TF1e-2_25x.rep2.bam.bai
[W::hts_idx_load3] The index file is older than the data file: /bip7_disk/pingting114/mixed_bam/COLO829_PAO/TF1e-2_25x/TF1e-2_25x.rep2.bam.bai
[W::hts_idx_load3] The index file is older than the data file: /bip7_disk/pingting114/mixed_bam/COLO829_PAO/TF1e-2_25x/TF1e-2_25x.rep2.bam.bai
[E::bam_parse_basemod2] a0296f74-edbd-48b0-b8aa-6fe98608a5e5: MM tag refers to bases beyond sequence length
[E::bam_parse_basemod2] 2e0b7e83-977c-4bde-a957-42b1749fc6e2: MM tag refers to bases beyond sequence length
[W::hts_idx_load3] The index file is older than the data file: /bip7_disk/pingting114/mixed_bam/COLO829_PAO/TF1e-2_25x/TF1e-2_25x.rep2.bam.bai
[W::hts_idx_load3] The index file is older than the data file: /bip7_disk/pingting114/mixed_bam/COLO829_PAO/TF1e-2_25x/TF1e-2_25x.rep2.bam.bai
[W::hts_idx_load3] The index file is older than the data file: /bip7_disk/pingting114/mixed_bam/COLO829_PAO/TF1e-2_25x/TF1e-2_25x.rep2.bam.bai
[W::bam_next_basemod] MM tag refers to bases beyond sequence length
[W::hts_idx_load3] The index file is older than the data file: /bip7_disk/pingting114/mixed_bam/COLO829_PAO/TF1e-2_25x/TF1e-2_25x.rep2.bam.bai
[W::hts_idx_load3] The index file is older than the data file: /bip7_disk/pingting114/mixed_bam/COLO829_PAO/TF1e-2_25x/TF1e-2_25x.rep2.bam.bai
[W::hts_idx_load3] The index file is older than the data file: /bip7_disk/pingting114/mixed_bam/COLO829_PAO/TF1e-2_25x/TF1e-2_25x.rep2.bam.bai
[W::hts_idx_load3] The index file is older than the data file: /bip7_disk/pingting114/mixed_bam/COLO829_PAO/TF1e-2_25x/TF1e-2_25x.rep2.bam.bai
[W::hts_idx_load3] The index file is older than the data file: /bip7_disk/pingting114/mixed_bam/COLO829_PAO/TF1e-2_25x/TF1e-2_25x.rep2.bam.bai
[E::bam_parse_basemod2] 7a6e1eea-1836-4a95-9ca6-d8e9aa46c468: MM tag refers to bases beyond sequence length
[W::hts_idx_load3] The index file is older than the data file: /bip7_disk/pingting114/mixed_bam/COLO829_PAO/TF1e-2_25x/TF1e-2_25x.rep2.bam.bai
[W::bam_next_basemod] MM tag refers to bases beyond sequence length
[W::hts_idx_load3] The index file is older than the data file: /bip7_disk/pingting114/mixed_bam/COLO829_PAO/TF1e-2_25x/TF1e-2_25x.rep2.bam.bai
[W::hts_idx_load3] The index file is older than the data file: /bip7_disk/pingting114/mixed_bam/COLO829_PAO/TF1e-2_25x/TF1e-2_25x.rep2.bam.bai
[W::hts_idx_load3] The index file is older than the data file: /bip7_disk/pingting114/mixed_bam/COLO829_PAO/TF1e-2_25x/TF1e-2_25x.rep2.bam.bai
[W::hts_idx_load3] The index file is older than the data file: /bip7_disk/pingting114/mixed_bam/COLO829_PAO/TF1e-2_25x/TF1e-2_25x.rep2.bam.bai
[W::hts_idx_load3] The index file is older than the data file: /bip7_disk/pingting114/mixed_bam/COLO829_PAO/TF1e-2_25x/TF1e-2_25x.rep2.bam.bai
[W::hts_idx_load3] The index file is older than the data file: /bip7_disk/pingting114/mixed_bam/COLO829_PAO/TF1e-2_25x/TF1e-2_25x.rep2.bam.bai
[W::hts_idx_load3] The index file is older than the data file: /bip7_disk/pingting114/mixed_bam/COLO829_PAO/TF1e-2_25x/TF1e-2_25x.rep2.bam.bai
[W::hts_idx_load3] The index file is older than the data file: /bip7_disk/pingting114/mixed_bam/COLO829_PAO/TF1e-2_25x/TF1e-2_25x.rep2.bam.bai
[W::hts_idx_load3] The index file is older than the data file: /bip7_disk/pingting114/mixed_bam/COLO829_PAO/TF1e-2_25x/TF1e-2_25x.rep2.bam.bai
[W::hts_idx_load3] The index file is older than the data file: /bip7_disk/pingting114/mixed_bam/COLO829_PAO/TF1e-2_25x/TF1e-2_25x.rep2.bam.bai
[W::hts_idx_load3] The index file is older than the data file: /bip7_disk/pingting114/mixed_bam/COLO829_PAO/TF1e-2_25x/TF1e-2_25x.rep2.bam.bai
[W::hts_idx_load3] The index file is older than the data file: /bip7_disk/pingting114/mixed_bam/COLO829_PAO/TF1e-2_25x/TF1e-2_25x.rep2.bam.bai
[E::bam_parse_basemod2] 498e0e05-bca6-446c-bc49-eda9dbbf750e: MM tag refers to bases beyond sequence length
[W::hts_idx_load3] The index file is older than the data file: /bip7_disk/pingting114/mixed_bam/COLO829_PAO/TF1e-2_25x/TF1e-2_25x.rep2.bam.bai
[W::hts_idx_load3] The index file is older than the data file: /bip7_disk/pingting114/mixed_bam/COLO829_PAO/TF1e-2_25x/TF1e-2_25x.rep2.bam.bai
[W::hts_idx_load3] The index file is older than the data file: /bip7_disk/pingting114/mixed_bam/COLO829_PAO/TF1e-2_25x/TF1e-2_25x.rep2.bam.bai
[W::hts_idx_load3] The index file is older than the data file: /bip7_disk/pingting114/mixed_bam/COLO829_PAO/TF1e-2_25x/TF1e-2_25x.rep2.bam.bai
[W::hts_idx_load3] The index file is older than the data file: /bip7_disk/pingting114/mixed_bam/COLO829_PAO/TF1e-2_25x/TF1e-2_25x.rep2.bam.bai
[W::bam_next_basemod] MM tag refers to bases beyond sequence length
[W::hts_idx_load3] The index file is older than the data file: /bip7_disk/pingting114/mixed_bam/COLO829_PAO/TF1e-2_25x/TF1e-2_25x.rep2.bam.bai
[E::bam_parse_basemod2] 696fcfb3-49da-4ee3-8e28-2a7e10557ca8: MM tag refers to bases beyond sequence length
[W::bam_next_basemod] MM tag refers to bases beyond sequence length
[W::hts_idx_load3] The index file is older than the data file: /bip7_disk/pingting114/mixed_bam/COLO829_PAO/TF1e-2_25x/TF1e-2_25x.rep2.bam.bai
[E::bam_parse_basemod2] a5822348-541e-4b9e-bfd3-3bf8369d3aa5: MM tag refers to bases beyond sequence length
[W::hts_idx_load3] The index file is older than the data file: /bip7_disk/pingting114/mixed_bam/COLO829_PAO/TF1e-2_25x/TF1e-2_25x.rep2.bam.bai
[W::hts_idx_load3] The index file is older than the data file: /bip7_disk/pingting114/mixed_bam/COLO829_PAO/TF1e-2_25x/TF1e-2_25x.rep2.bam.bai
[W::bam_next_basemod] MM tag refers to bases beyond sequence length
[W::hts_idx_load3] The index file is older than the data file: /bip7_disk/pingting114/mixed_bam/COLO829_PAO/TF1e-2_25x/TF1e-2_25x.rep2.bam.bai
[W::hts_idx_load3] The index file is older than the data file: /bip7_disk/pingting114/mixed_bam/COLO829_PAO/TF1e-2_25x/TF1e-2_25x.rep2.bam.bai
[W::hts_idx_load3] The index file is older than the data file: /bip7_disk/pingting114/mixed_bam/COLO829_PAO/TF1e-2_25x/TF1e-2_25x.rep2.bam.bai
[E::bam_parse_basemod2] 160ef2dc-9968-4df4-a6c8-8ba482a1067a: MM tag refers to bases beyond sequence length
[W::bam_next_basemod] MM tag refers to bases beyond sequence length
[W::hts_idx_load3] The index file is older than the data file: /bip7_disk/pingting114/mixed_bam/COLO829_PAO/TF1e-2_25x/TF1e-2_25x.rep2.bam.bai
[W::hts_idx_load3] The index file is older than the data file: /bip7_disk/pingting114/mixed_bam/COLO829_PAO/TF1e-2_25x/TF1e-2_25x.rep2.bam.bai
[W::bam_next_basemod] MM tag refers to bases beyond sequence length
[W::hts_idx_load3] The index file is older than the data file: /bip7_disk/pingting114/mixed_bam/COLO829_PAO/TF1e-2_25x/TF1e-2_25x.rep2.bam.bai
[W::hts_idx_load3] The index file is older than the data file: /bip7_disk/pingting114/mixed_bam/COLO829_PAO/TF1e-2_25x/TF1e-2_25x.rep2.bam.bai
[W::hts_idx_load3] The index file is older than the data file: /bip7_disk/pingting114/mixed_bam/COLO829_PAO/TF1e-2_25x/TF1e-2_25x.rep2.bam.bai
[W::hts_idx_load3] The index file is older than the data file: /bip7_disk/pingting114/mixed_bam/COLO829_PAO/TF1e-2_25x/TF1e-2_25x.rep2.bam.bai
[W::bam_next_basemod] MM tag refers to bases beyond sequence length
[W::hts_idx_load3] The index file is older than the data file: /bip7_disk/pingting114/mixed_bam/COLO829_PAO/TF1e-2_25x/TF1e-2_25x.rep2.bam.bai
[W::bam_next_basemod] MM tag refers to bases beyond sequence length
[W::hts_idx_load3] The index file is older than the data file: /bip7_disk/pingting114/mixed_bam/COLO829_PAO/TF1e-2_25x/TF1e-2_25x.rep2.bam.bai
[E::bam_parse_basemod2] 2f33726f-79b0-4031-91e6-d9f2c71feb4b: MM tag refers to bases beyond sequence length
[W::bam_next_basemod] MM tag refers to bases beyond sequence length
[W::hts_idx_load3] The index file is older than the data file: /bip7_disk/pingting114/mixed_bam/COLO829_PAO/TF1e-2_25x/TF1e-2_25x.rep2.bam.bai
[W::hts_idx_load3] The index file is older than the data file: /bip7_disk/pingting114/mixed_bam/COLO829_PAO/TF1e-2_25x/TF1e-2_25x.rep2.bam.bai
[W::hts_idx_load3] The index file is older than the data file: /bip7_disk/pingting114/mixed_bam/COLO829_PAO/TF1e-2_25x/TF1e-2_25x.rep2.bam.bai
[W::hts_idx_load3] The index file is older than the data file: /bip7_disk/pingting114/mixed_bam/COLO829_PAO/TF1e-2_25x/TF1e-2_25x.rep2.bam.bai
[E::bam_parse_basemod2] 2841e574-c1f7-499a-bdae-5fb9f172ee83: MM tag refers to bases beyond sequence length
[W::hts_idx_load3] The index file is older than the data file: /bip7_disk/pingting114/mixed_bam/COLO829_PAO/TF1e-2_25x/TF1e-2_25x.rep2.bam.bai
[W::bam_next_basemod] MM tag refers to bases beyond sequence length
[W::bam_next_basemod] MM tag refers to bases beyond sequence length
[W::hts_idx_load3] The index file is older than the data file: /bip7_disk/pingting114/mixed_bam/COLO829_PAO/TF1e-2_25x/TF1e-2_25x.rep2.bam.bai
[W::hts_idx_load3] The index file is older than the data file: /bip7_disk/pingting114/mixed_bam/COLO829_PAO/TF1e-2_25x/TF1e-2_25x.rep2.bam.bai
[W::bam_next_basemod] MM tag refers to bases beyond sequence length
[W::hts_idx_load3] The index file is older than the data file: /bip7_disk/pingting114/mixed_bam/COLO829_PAO/TF1e-2_25x/TF1e-2_25x.rep2.bam.bai
[W::hts_idx_load3] The index file is older than the data file: /bip7_disk/pingting114/mixed_bam/COLO829_PAO/TF1e-2_25x/TF1e-2_25x.rep2.bam.bai
[W::hts_idx_load3] The index file is older than the data file: /bip7_disk/pingting114/mixed_bam/COLO829_PAO/TF1e-2_25x/TF1e-2_25x.rep2.bam.bai
[W::bam_next_basemod] MM tag refers to bases beyond sequence length
[W::hts_idx_load3] The index file is older than the data file: /bip7_disk/pingting114/mixed_bam/COLO829_PAO/TF1e-2_25x/TF1e-2_25x.rep2.bam.bai
[W::bam_next_basemod] MM tag refers to bases beyond sequence length
[W::hts_idx_load3] The index file is older than the data file: /bip7_disk/pingting114/mixed_bam/COLO829_PAO/TF1e-2_25x/TF1e-2_25x.rep2.bam.bai
[W::hts_idx_load3] The index file is older than the data file: /bip7_disk/pingting114/mixed_bam/COLO829_PAO/TF1e-2_25x/TF1e-2_25x.rep2.bam.bai
[W::hts_idx_load3] The index file is older than the data file: /bip7_disk/pingting114/mixed_bam/COLO829_PAO/TF1e-2_25x/TF1e-2_25x.rep2.bam.bai
[E::bam_parse_basemod2] ec263b30-fc29-4ce5-8678-0ccfc8ead950: MM tag refers to bases beyond sequence length
[W::hts_idx_load3] The index file is older than the data file: /bip7_disk/pingting114/mixed_bam/COLO829_PAO/TF1e-2_25x/TF1e-2_25x.rep2.bam.bai
[W::hts_idx_load3] The index file is older than the data file: /bip7_disk/pingting114/mixed_bam/COLO829_PAO/TF1e-2_25x/TF1e-2_25x.rep2.bam.bai
[W::hts_idx_load3] The index file is older than the data file: /bip7_disk/pingting114/mixed_bam/COLO829_PAO/TF1e-2_25x/TF1e-2_25x.rep2.bam.bai
[W::hts_idx_load3] The index file is older than the data file: /bip7_disk/pingting114/mixed_bam/COLO829_PAO/TF1e-2_25x/TF1e-2_25x.rep2.bam.bai
[W::hts_idx_load3] The index file is older than the data file: /bip7_disk/pingting114/mixed_bam/COLO829_PAO/TF1e-2_25x/TF1e-2_25x.rep2.bam.bai
[W::hts_idx_load3] The index file is older than the data file: /bip7_disk/pingting114/mixed_bam/COLO829_PAO/TF1e-2_25x/TF1e-2_25x.rep2.bam.bai
[W::bam_next_basemod] MM tag refers to bases beyond sequence length
[W::hts_idx_load3] The index file is older than the data file: /bip7_disk/pingting114/mixed_bam/COLO829_PAO/TF1e-2_25x/TF1e-2_25x.rep2.bam.bai
[W::hts_idx_load3] The index file is older than the data file: /bip7_disk/pingting114/mixed_bam/COLO829_PAO/TF1e-2_25x/TF1e-2_25x.rep2.bam.bai
[W::hts_idx_load3] The index file is older than the data file: /bip7_disk/pingting114/mixed_bam/COLO829_PAO/TF1e-2_25x/TF1e-2_25x.rep2.bam.bai
[W::hts_idx_load3] The index file is older than the data file: /bip7_disk/pingting114/mixed_bam/COLO829_PAO/TF1e-2_25x/TF1e-2_25x.rep2.bam.bai
[W::hts_idx_load3] The index file is older than the data file: /bip7_disk/pingting114/mixed_bam/COLO829_PAO/TF1e-2_25x/TF1e-2_25x.rep2.bam.bai
[W::hts_idx_load3] The index file is older than the data file: /bip7_disk/pingting114/mixed_bam/COLO829_PAO/TF1e-2_25x/TF1e-2_25x.rep2.bam.bai
[W::hts_idx_load3] The index file is older than the data file: /bip7_disk/pingting114/mixed_bam/COLO829_PAO/TF1e-2_25x/TF1e-2_25x.rep2.bam.bai
[W::hts_idx_load3] The index file is older than the data file: /bip7_disk/pingting114/mixed_bam/COLO829_PAO/TF1e-2_25x/TF1e-2_25x.rep2.bam.bai
[W::hts_idx_load3] The index file is older than the data file: /bip7_disk/pingting114/mixed_bam/COLO829_PAO/TF1e-2_25x/TF1e-2_25x.rep2.bam.bai
[W::hts_idx_load3] The index file is older than the data file: /bip7_disk/pingting114/mixed_bam/COLO829_PAO/TF1e-2_25x/TF1e-2_25x.rep2.bam.bai
[W::hts_idx_load3] The index file is older than the data file: /bip7_disk/pingting114/mixed_bam/COLO829_PAO/TF1e-2_25x/TF1e-2_25x.rep2.bam.bai
[W::hts_idx_load3] The index file is older than the data file: /bip7_disk/pingting114/mixed_bam/COLO829_PAO/TF1e-2_25x/TF1e-2_25x.rep2.bam.bai
[W::hts_idx_load3] The index file is older than the data file: /bip7_disk/pingting114/mixed_bam/COLO829_PAO/TF1e-2_25x/TF1e-2_25x.rep2.bam.bai
[W::hts_idx_load3] The index file is older than the data file: /bip7_disk/pingting114/mixed_bam/COLO829_PAO/TF1e-2_25x/TF1e-2_25x.rep2.bam.bai
[W::hts_idx_load3] The index file is older than the data file: /bip7_disk/pingting114/mixed_bam/COLO829_PAO/TF1e-2_25x/TF1e-2_25x.rep2.bam.bai
[W::hts_idx_load3] The index file is older than the data file: /bip7_disk/pingting114/mixed_bam/COLO829_PAO/TF1e-2_25x/TF1e-2_25x.rep2.bam.bai
[W::hts_idx_load3] The index file is older than the data file: /bip7_disk/pingting114/mixed_bam/COLO829_PAO/TF1e-2_25x/TF1e-2_25x.rep2.bam.bai
[W::hts_idx_load3] The index file is older than the data file: /bip7_disk/pingting114/mixed_bam/COLO829_PAO/TF1e-2_25x/TF1e-2_25x.rep2.bam.bai
[E::bam_parse_basemod2] e849b26f-b4fd-4d23-b6be-ba8e4e7968ec: MM tag refers to bases beyond sequence length
[W::hts_idx_load3] The index file is older than the data file: /bip7_disk/pingting114/mixed_bam/COLO829_PAO/TF1e-2_25x/TF1e-2_25x.rep2.bam.bai
[W::hts_idx_load3] The index file is older than the data file: /bip7_disk/pingting114/mixed_bam/COLO829_PAO/TF1e-2_25x/TF1e-2_25x.rep2.bam.bai
[W::bam_next_basemod] MM tag refers to bases beyond sequence length
[W::hts_idx_load3] The index file is older than the data file: /bip7_disk/pingting114/mixed_bam/COLO829_PAO/TF1e-2_25x/TF1e-2_25x.rep2.bam.bai
[W::bam_next_basemod] MM tag refers to bases beyond sequence length
[W::hts_idx_load3] The index file is older than the data file: /bip7_disk/pingting114/mixed_bam/COLO829_PAO/TF1e-2_25x/TF1e-2_25x.rep2.bam.bai
[W::hts_idx_load3] The index file is older than the data file: /bip7_disk/pingting114/mixed_bam/COLO829_PAO/TF1e-2_25x/TF1e-2_25x.rep2.bam.bai
[W::hts_idx_load3] The index file is older than the data file: /bip7_disk/pingting114/mixed_bam/COLO829_PAO/TF1e-2_25x/TF1e-2_25x.rep2.bam.bai
[W::hts_idx_load3] The index file is older than the data file: /bip7_disk/pingting114/mixed_bam/COLO829_PAO/TF1e-2_25x/TF1e-2_25x.rep2.bam.bai
[E::bam_parse_basemod2] ae63cf9c-e13f-4972-903d-0830ebaf585c: MM tag refers to bases beyond sequence length
[W::hts_idx_load3] The index file is older than the data file: /bip7_disk/pingting114/mixed_bam/COLO829_PAO/TF1e-2_25x/TF1e-2_25x.rep2.bam.bai
[W::hts_idx_load3] The index file is older than the data file: /bip7_disk/pingting114/mixed_bam/COLO829_PAO/TF1e-2_25x/TF1e-2_25x.rep2.bam.bai
[W::hts_idx_load3] The index file is older than the data file: /bip7_disk/pingting114/mixed_bam/COLO829_PAO/TF1e-2_25x/TF1e-2_25x.rep2.bam.bai
[W::hts_idx_load3] The index file is older than the data file: /bip7_disk/pingting114/mixed_bam/COLO829_PAO/TF1e-2_25x/TF1e-2_25x.rep2.bam.bai
[W::hts_idx_load3] The index file is older than the data file: /bip7_disk/pingting114/mixed_bam/COLO829_PAO/TF1e-2_25x/TF1e-2_25x.rep2.bam.bai
[W::hts_idx_load3] The index file is older than the data file: /bip7_disk/pingting114/mixed_bam/COLO829_PAO/TF1e-2_25x/TF1e-2_25x.rep2.bam.bai
[W::hts_idx_load3] The index file is older than the data file: /bip7_disk/pingting114/mixed_bam/COLO829_PAO/TF1e-2_25x/TF1e-2_25x.rep2.bam.bai
[W::hts_idx_load3] The index file is older than the data file: /bip7_disk/pingting114/mixed_bam/COLO829_PAO/TF1e-2_25x/TF1e-2_25x.rep2.bam.bai
[W::hts_idx_load3] The index file is older than the data file: /bip7_disk/pingting114/mixed_bam/COLO829_PAO/TF1e-2_25x/TF1e-2_25x.rep2.bam.bai
[W::hts_idx_load3] The index file is older than the data file: /bip7_disk/pingting114/mixed_bam/COLO829_PAO/TF1e-2_25x/TF1e-2_25x.rep2.bam.bai
[W::hts_idx_load3] The index file is older than the data file: /bip7_disk/pingting114/mixed_bam/COLO829_PAO/TF1e-2_25x/TF1e-2_25x.rep2.bam.bai
[E::bam_parse_basemod2] 364e67f2-e024-4a21-bb12-ba014d873611: MM tag refers to bases beyond sequence length
[W::hts_idx_load3] The index file is older than the data file: /bip7_disk/pingting114/mixed_bam/COLO829_PAO/TF1e-2_25x/TF1e-2_25x.rep2.bam.bai
[E::bam_parse_basemod2] 431b1afe-69b2-489d-9d7a-e64243f64b01: MM tag refers to bases beyond sequence length
[W::hts_idx_load3] The index file is older than the data file: /bip7_disk/pingting114/mixed_bam/COLO829_PAO/TF1e-2_25x/TF1e-2_25x.rep2.bam.bai
[W::hts_idx_load3] The index file is older than the data file: /bip7_disk/pingting114/mixed_bam/COLO829_PAO/TF1e-2_25x/TF1e-2_25x.rep2.bam.bai
[W::hts_idx_load3] The index file is older than the data file: /bip7_disk/pingting114/mixed_bam/COLO829_PAO/TF1e-2_25x/TF1e-2_25x.rep2.bam.bai
[W::hts_idx_load3] The index file is older than the data file: /bip7_disk/pingting114/mixed_bam/COLO829_PAO/TF1e-2_25x/TF1e-2_25x.rep2.bam.bai
[W::hts_idx_load3] The index file is older than the data file: /bip7_disk/pingting114/mixed_bam/COLO829_PAO/TF1e-2_25x/TF1e-2_25x.rep2.bam.bai
[W::hts_idx_load3] The index file is older than the data file: /bip7_disk/pingting114/mixed_bam/COLO829_PAO/TF1e-2_25x/TF1e-2_25x.rep2.bam.bai
[W::hts_idx_load3] The index file is older than the data file: /bip7_disk/pingting114/mixed_bam/COLO829_PAO/TF1e-2_25x/TF1e-2_25x.rep2.bam.bai
[W::hts_idx_load3] The index file is older than the data file: /bip7_disk/pingting114/mixed_bam/COLO829_PAO/TF1e-2_25x/TF1e-2_25x.rep2.bam.bai
[W::hts_idx_load3] The index file is older than the data file: /bip7_disk/pingting114/mixed_bam/COLO829_PAO/TF1e-2_25x/TF1e-2_25x.rep2.bam.bai
[W::bam_next_basemod] MM tag refers to bases beyond sequence length
[W::hts_idx_load3] The index file is older than the data file: /bip7_disk/pingting114/mixed_bam/COLO829_PAO/TF1e-2_25x/TF1e-2_25x.rep2.bam.bai
[W::bam_next_basemod] MM tag refers to bases beyond sequence length
[W::bam_next_basemod] MM tag refers to bases beyond sequence length
[W::hts_idx_load3] The index file is older than the data file: /bip7_disk/pingting114/mixed_bam/COLO829_PAO/TF1e-2_25x/TF1e-2_25x.rep2.bam.bai
[W::hts_idx_load3] The index file is older than the data file: /bip7_disk/pingting114/mixed_bam/COLO829_PAO/TF1e-2_25x/TF1e-2_25x.rep2.bam.bai
[W::hts_idx_load3] The index file is older than the data file: /bip7_disk/pingting114/mixed_bam/COLO829_PAO/TF1e-2_25x/TF1e-2_25x.rep2.bam.bai
[W::hts_idx_load3] The index file is older than the data file: /bip7_disk/pingting114/mixed_bam/COLO829_PAO/TF1e-2_25x/TF1e-2_25x.rep2.bam.bai
[W::hts_idx_load3] The index file is older than the data file: /bip7_disk/pingting114/mixed_bam/COLO829_PAO/TF1e-2_25x/TF1e-2_25x.rep2.bam.bai
[W::hts_idx_load3] The index file is older than the data file: /bip7_disk/pingting114/mixed_bam/COLO829_PAO/TF1e-2_25x/TF1e-2_25x.rep2.bam.bai
[W::hts_idx_load3] The index file is older than the data file: /bip7_disk/pingting114/mixed_bam/COLO829_PAO/TF1e-2_25x/TF1e-2_25x.rep2.bam.bai
[W::hts_idx_load3] The index file is older than the data file: /bip7_disk/pingting114/mixed_bam/COLO829_PAO/TF1e-2_25x/TF1e-2_25x.rep2.bam.bai
[W::hts_idx_load3] The index file is older than the data file: /bip7_disk/pingting114/mixed_bam/COLO829_PAO/TF1e-2_25x/TF1e-2_25x.rep2.bam.bai
[W::bam_next_basemod] MM tag refers to bases beyond sequence length
[W::hts_idx_load3] The index file is older than the data file: /bip7_disk/pingting114/mixed_bam/COLO829_PAO/TF1e-2_25x/TF1e-2_25x.rep2.bam.bai
[W::hts_idx_load3] The index file is older than the data file: /bip7_disk/pingting114/mixed_bam/COLO829_PAO/TF1e-2_25x/TF1e-2_25x.rep2.bam.bai
[E::bam_parse_basemod2] 56e198b2-f4f6-4b17-b50b-589e7edcc43d: MM tag refers to bases beyond sequence length
[W::hts_idx_load3] The index file is older than the data file: /bip7_disk/pingting114/mixed_bam/COLO829_PAO/TF1e-2_25x/TF1e-2_25x.rep2.bam.bai
[W::hts_idx_load3] The index file is older than the data file: /bip7_disk/pingting114/mixed_bam/COLO829_PAO/TF1e-2_25x/TF1e-2_25x.rep2.bam.bai
[W::hts_idx_load3] The index file is older than the data file: /bip7_disk/pingting114/mixed_bam/COLO829_PAO/TF1e-2_25x/TF1e-2_25x.rep2.bam.bai
[W::hts_idx_load3] The index file is older than the data file: /bip7_disk/pingting114/mixed_bam/COLO829_PAO/TF1e-2_25x/TF1e-2_25x.rep2.bam.bai
[W::hts_idx_load3] The index file is older than the data file: /bip7_disk/pingting114/mixed_bam/COLO829_PAO/TF1e-2_25x/TF1e-2_25x.rep2.bam.bai
[W::hts_idx_load3] The index file is older than the data file: /bip7_disk/pingting114/mixed_bam/COLO829_PAO/TF1e-2_25x/TF1e-2_25x.rep2.bam.bai
[W::hts_idx_load3] The index file is older than the data file: /bip7_disk/pingting114/mixed_bam/COLO829_PAO/TF1e-2_25x/TF1e-2_25x.rep2.bam.bai
[W::hts_idx_load3] The index file is older than the data file: /bip7_disk/pingting114/mixed_bam/COLO829_PAO/TF1e-2_25x/TF1e-2_25x.rep2.bam.bai
[W::hts_idx_load3] The index file is older than the data file: /bip7_disk/pingting114/mixed_bam/COLO829_PAO/TF1e-2_25x/TF1e-2_25x.rep2.bam.bai
[W::hts_idx_load3] The index file is older than the data file: /bip7_disk/pingting114/mixed_bam/COLO829_PAO/TF1e-2_25x/TF1e-2_25x.rep2.bam.bai
[W::hts_idx_load3] The index file is older than the data file: /bip7_disk/pingting114/mixed_bam/COLO829_PAO/TF1e-2_25x/TF1e-2_25x.rep2.bam.bai
[W::hts_idx_load3] The index file is older than the data file: /bip7_disk/pingting114/mixed_bam/COLO829_PAO/TF1e-2_25x/TF1e-2_25x.rep2.bam.bai
[W::hts_idx_load3] The index file is older than the data file: /bip7_disk/pingting114/mixed_bam/COLO829_PAO/TF1e-2_25x/TF1e-2_25x.rep2.bam.bai
[W::hts_idx_load3] The index file is older than the data file: /bip7_disk/pingting114/mixed_bam/COLO829_PAO/TF1e-2_25x/TF1e-2_25x.rep2.bam.bai
[W::hts_idx_load3] The index file is older than the data file: /bip7_disk/pingting114/mixed_bam/COLO829_PAO/TF1e-2_25x/TF1e-2_25x.rep2.bam.bai
[W::bam_next_basemod] MM tag refers to bases beyond sequence length
[W::hts_idx_load3] The index file is older than the data file: /bip7_disk/pingting114/mixed_bam/COLO829_PAO/TF1e-2_25x/TF1e-2_25x.rep2.bam.bai
[W::hts_idx_load3] The index file is older than the data file: /bip7_disk/pingting114/mixed_bam/COLO829_PAO/TF1e-2_25x/TF1e-2_25x.rep2.bam.bai
[W::hts_idx_load3] The index file is older than the data file: /bip7_disk/pingting114/mixed_bam/COLO829_PAO/TF1e-2_25x/TF1e-2_25x.rep2.bam.bai
[W::hts_idx_load3] The index file is older than the data file: /bip7_disk/pingting114/mixed_bam/COLO829_PAO/TF1e-2_25x/TF1e-2_25x.rep2.bam.bai
[W::hts_idx_load3] The index file is older than the data file: /bip7_disk/pingting114/mixed_bam/COLO829_PAO/TF1e-2_25x/TF1e-2_25x.rep2.bam.bai
[W::bam_next_basemod] MM tag refers to bases beyond sequence length
[W::hts_idx_load3] The index file is older than the data file: /bip7_disk/pingting114/mixed_bam/COLO829_PAO/TF1e-2_25x/TF1e-2_25x.rep2.bam.bai
[W::bam_next_basemod] MM tag refers to bases beyond sequence length
[W::bam_next_basemod] MM tag refers to bases beyond sequence length
[E::bam_parse_basemod2] f3a8b218-b619-4988-8e56-0fd9d8224991: MM tag refers to bases beyond sequence length
[W::hts_idx_load3] The index file is older than the data file: /bip7_disk/pingting114/mixed_bam/COLO829_PAO/TF1e-2_25x/TF1e-2_25x.rep2.bam.bai
[W::hts_idx_load3] The index file is older than the data file: /bip7_disk/pingting114/mixed_bam/COLO829_PAO/TF1e-2_25x/TF1e-2_25x.rep2.bam.bai
[W::hts_idx_load3] The index file is older than the data file: /bip7_disk/pingting114/mixed_bam/COLO829_PAO/TF1e-2_25x/TF1e-2_25x.rep2.bam.bai
[W::hts_idx_load3] The index file is older than the data file: /bip7_disk/pingting114/mixed_bam/COLO829_PAO/TF1e-2_25x/TF1e-2_25x.rep2.bam.bai
[W::hts_idx_load3] The index file is older than the data file: /bip7_disk/pingting114/mixed_bam/COLO829_PAO/TF1e-2_25x/TF1e-2_25x.rep2.bam.bai
[W::hts_idx_load3] The index file is older than the data file: /bip7_disk/pingting114/mixed_bam/COLO829_PAO/TF1e-2_25x/TF1e-2_25x.rep2.bam.bai
[E::bam_parse_basemod2] 35c4f7ab-dd0a-4501-820f-a6a9af43c3fc: MM tag refers to bases beyond sequence length
[W::hts_idx_load3] The index file is older than the data file: /bip7_disk/pingting114/mixed_bam/COLO829_PAO/TF1e-2_25x/TF1e-2_25x.rep2.bam.bai
[W::hts_idx_load3] The index file is older than the data file: /bip7_disk/pingting114/mixed_bam/COLO829_PAO/TF1e-2_25x/TF1e-2_25x.rep2.bam.bai
[W::hts_idx_load3] The index file is older than the data file: /bip7_disk/pingting114/mixed_bam/COLO829_PAO/TF1e-2_25x/TF1e-2_25x.rep2.bam.bai
[W::hts_idx_load3] The index file is older than the data file: /bip7_disk/pingting114/mixed_bam/COLO829_PAO/TF1e-2_25x/TF1e-2_25x.rep2.bam.bai
[W::hts_idx_load3] The index file is older than the data file: /bip7_disk/pingting114/mixed_bam/COLO829_PAO/TF1e-2_25x/TF1e-2_25x.rep2.bam.bai
[W::hts_idx_load3] The index file is older than the data file: /bip7_disk/pingting114/mixed_bam/COLO829_PAO/TF1e-2_25x/TF1e-2_25x.rep2.bam.bai
[W::hts_idx_load3] The index file is older than the data file: /bip7_disk/pingting114/mixed_bam/COLO829_PAO/TF1e-2_25x/TF1e-2_25x.rep2.bam.bai
[E::bam_parse_basemod2] ac420ad3-20e7-4c4c-a9fa-ad6a3b791c8a: MM tag refers to bases beyond sequence length
[W::hts_idx_load3] The index file is older than the data file: /bip7_disk/pingting114/mixed_bam/COLO829_PAO/TF1e-2_25x/TF1e-2_25x.rep2.bam.bai
[W::hts_idx_load3] The index file is older than the data file: /bip7_disk/pingting114/mixed_bam/COLO829_PAO/TF1e-2_25x/TF1e-2_25x.rep2.bam.bai
[W::hts_idx_load3] The index file is older than the data file: /bip7_disk/pingting114/mixed_bam/COLO829_PAO/TF1e-2_25x/TF1e-2_25x.rep2.bam.bai
[W::hts_idx_load3] The index file is older than the data file: /bip7_disk/pingting114/mixed_bam/COLO829_PAO/TF1e-2_25x/TF1e-2_25x.rep2.bam.bai
[W::hts_idx_load3] The index file is older than the data file: /bip7_disk/pingting114/mixed_bam/COLO829_PAO/TF1e-2_25x/TF1e-2_25x.rep2.bam.bai
[W::hts_idx_load3] The index file is older than the data file: /bip7_disk/pingting114/mixed_bam/COLO829_PAO/TF1e-2_25x/TF1e-2_25x.rep2.bam.bai
[W::hts_idx_load3] The index file is older than the data file: /bip7_disk/pingting114/mixed_bam/COLO829_PAO/TF1e-2_25x/TF1e-2_25x.rep2.bam.bai
[W::bam_next_basemod] MM tag refers to bases beyond sequence length
[W::hts_idx_load3] The index file is older than the data file: /bip7_disk/pingting114/mixed_bam/COLO829_PAO/TF1e-2_25x/TF1e-2_25x.rep2.bam.bai
[W::hts_idx_load3] The index file is older than the data file: /bip7_disk/pingting114/mixed_bam/COLO829_PAO/TF1e-2_25x/TF1e-2_25x.rep2.bam.bai
[W::hts_idx_load3] The index file is older than the data file: /bip7_disk/pingting114/mixed_bam/COLO829_PAO/TF1e-2_25x/TF1e-2_25x.rep2.bam.bai
[W::hts_idx_load3] The index file is older than the data file: /bip7_disk/pingting114/mixed_bam/COLO829_PAO/TF1e-2_25x/TF1e-2_25x.rep2.bam.bai
[W::hts_idx_load3] The index file is older than the data file: /bip7_disk/pingting114/mixed_bam/COLO829_PAO/TF1e-2_25x/TF1e-2_25x.rep2.bam.bai
[W::bam_next_basemod] MM tag refers to bases beyond sequence length
[W::hts_idx_load3] The index file is older than the data file: /bip7_disk/pingting114/mixed_bam/COLO829_PAO/TF1e-2_25x/TF1e-2_25x.rep2.bam.bai
[W::hts_idx_load3] The index file is older than the data file: /bip7_disk/pingting114/mixed_bam/COLO829_PAO/TF1e-2_25x/TF1e-2_25x.rep2.bam.bai
[W::hts_idx_load3] The index file is older than the data file: /bip7_disk/pingting114/mixed_bam/COLO829_PAO/TF1e-2_25x/TF1e-2_25x.rep2.bam.bai
[W::hts_idx_load3] The index file is older than the data file: /bip7_disk/pingting114/mixed_bam/COLO829_PAO/TF1e-2_25x/TF1e-2_25x.rep2.bam.bai
[W::bam_next_basemod] MM tag refers to bases beyond sequence length
[W::hts_idx_load3] The index file is older than the data file: /bip7_disk/pingting114/mixed_bam/COLO829_PAO/TF1e-2_25x/TF1e-2_25x.rep2.bam.bai
[W::hts_idx_load3] The index file is older than the data file: /bip7_disk/pingting114/mixed_bam/COLO829_PAO/TF1e-2_25x/TF1e-2_25x.rep2.bam.bai
[W::hts_idx_load3] The index file is older than the data file: /bip7_disk/pingting114/mixed_bam/COLO829_PAO/TF1e-2_25x/TF1e-2_25x.rep2.bam.bai
[W::hts_idx_load3] The index file is older than the data file: /bip7_disk/pingting114/mixed_bam/COLO829_PAO/TF1e-2_25x/TF1e-2_25x.rep2.bam.bai
[W::bam_next_basemod] MM tag refers to bases beyond sequence length
[W::hts_idx_load3] The index file is older than the data file: /bip7_disk/pingting114/mixed_bam/COLO829_PAO/TF1e-2_25x/TF1e-2_25x.rep2.bam.bai
[W::hts_idx_load3] The index file is older than the data file: /bip7_disk/pingting114/mixed_bam/COLO829_PAO/TF1e-2_25x/TF1e-2_25x.rep2.bam.bai
[W::bam_next_basemod] MM tag refers to bases beyond sequence length
[E::bam_parse_basemod2] 9fb9762f-fa9b-4cf2-8b6e-12a5f4543a37: MM tag refers to bases beyond sequence length
[W::hts_idx_load3] The index file is older than the data file: /bip7_disk/pingting114/mixed_bam/COLO829_PAO/TF1e-2_25x/TF1e-2_25x.rep2.bam.bai
[W::hts_idx_load3] The index file is older than the data file: /bip7_disk/pingting114/mixed_bam/COLO829_PAO/TF1e-2_25x/TF1e-2_25x.rep2.bam.bai
[W::hts_idx_load3] The index file is older than the data file: /bip7_disk/pingting114/mixed_bam/COLO829_PAO/TF1e-2_25x/TF1e-2_25x.rep2.bam.bai
[W::hts_idx_load3] The index file is older than the data file: /bip7_disk/pingting114/mixed_bam/COLO829_PAO/TF1e-2_25x/TF1e-2_25x.rep2.bam.bai
[E::bam_parse_basemod2] 4bcf0b5b-938d-496d-95c5-9c6833af251f: MM tag refers to bases beyond sequence length
[W::hts_idx_load3] The index file is older than the data file: /bip7_disk/pingting114/mixed_bam/COLO829_PAO/TF1e-2_25x/TF1e-2_25x.rep2.bam.bai
[W::bam_next_basemod] MM tag refers to bases beyond sequence length
[E::bam_parse_basemod2] 2d5bf261-b278-4ff9-8e04-6300441c620e: MM tag refers to bases beyond sequence length
[W::hts_idx_load3] The index file is older than the data file: /bip7_disk/pingting114/mixed_bam/COLO829_PAO/TF1e-2_25x/TF1e-2_25x.rep2.bam.bai
[W::hts_idx_load3] The index file is older than the data file: /bip7_disk/pingting114/mixed_bam/COLO829_PAO/TF1e-2_25x/TF1e-2_25x.rep2.bam.bai
[W::hts_idx_load3] The index file is older than the data file: /bip7_disk/pingting114/mixed_bam/COLO829_PAO/TF1e-2_25x/TF1e-2_25x.rep2.bam.bai
[W::hts_idx_load3] The index file is older than the data file: /bip7_disk/pingting114/mixed_bam/COLO829_PAO/TF1e-2_25x/TF1e-2_25x.rep2.bam.bai
[W::hts_idx_load3] The index file is older than the data file: /bip7_disk/pingting114/mixed_bam/COLO829_PAO/TF1e-2_25x/TF1e-2_25x.rep2.bam.bai
[E::bam_parse_basemod2] 3a73505a-35af-4f79-9b41-1809fc0878e6: MM tag refers to bases beyond sequence length
[W::hts_idx_load3] The index file is older than the data file: /bip7_disk/pingting114/mixed_bam/COLO829_PAO/TF1e-2_25x/TF1e-2_25x.rep2.bam.bai
[W::hts_idx_load3] The index file is older than the data file: /bip7_disk/pingting114/mixed_bam/COLO829_PAO/TF1e-2_25x/TF1e-2_25x.rep2.bam.bai
[W::hts_idx_load3] The index file is older than the data file: /bip7_disk/pingting114/mixed_bam/COLO829_PAO/TF1e-2_25x/TF1e-2_25x.rep2.bam.bai
[W::hts_idx_load3] The index file is older than the data file: /bip7_disk/pingting114/mixed_bam/COLO829_PAO/TF1e-2_25x/TF1e-2_25x.rep2.bam.bai
[W::hts_idx_load3] The index file is older than the data file: /bip7_disk/pingting114/mixed_bam/COLO829_PAO/TF1e-2_25x/TF1e-2_25x.rep2.bam.bai
[W::hts_idx_load3] The index file is older than the data file: /bip7_disk/pingting114/mixed_bam/COLO829_PAO/TF1e-2_25x/TF1e-2_25x.rep2.bam.bai
[W::hts_idx_load3] The index file is older than the data file: /bip7_disk/pingting114/mixed_bam/COLO829_PAO/TF1e-2_25x/TF1e-2_25x.rep2.bam.bai
[W::hts_idx_load3] The index file is older than the data file: /bip7_disk/pingting114/mixed_bam/COLO829_PAO/TF1e-2_25x/TF1e-2_25x.rep2.bam.bai
[W::hts_idx_load3] The index file is older than the data file: /bip7_disk/pingting114/mixed_bam/COLO829_PAO/TF1e-2_25x/TF1e-2_25x.rep2.bam.bai
[W::hts_idx_load3] The index file is older than the data file: /bip7_disk/pingting114/mixed_bam/COLO829_PAO/TF1e-2_25x/TF1e-2_25x.rep2.bam.bai
[W::hts_idx_load3] The index file is older than the data file: /bip7_disk/pingting114/mixed_bam/COLO829_PAO/TF1e-2_25x/TF1e-2_25x.rep2.bam.bai
[W::bam_next_basemod] MM tag refers to bases beyond sequence length
[W::hts_idx_load3] The index file is older than the data file: /bip7_disk/pingting114/mixed_bam/COLO829_PAO/TF1e-2_25x/TF1e-2_25x.rep2.bam.bai
[W::hts_idx_load3] The index file is older than the data file: /bip7_disk/pingting114/mixed_bam/COLO829_PAO/TF1e-2_25x/TF1e-2_25x.rep2.bam.bai
[W::hts_idx_load3] The index file is older than the data file: /bip7_disk/pingting114/mixed_bam/COLO829_PAO/TF1e-2_25x/TF1e-2_25x.rep2.bam.bai
[W::hts_idx_load3] The index file is older than the data file: /bip7_disk/pingting114/mixed_bam/COLO829_PAO/TF1e-2_25x/TF1e-2_25x.rep2.bam.bai
[W::hts_idx_load3] The index file is older than the data file: /bip7_disk/pingting114/mixed_bam/COLO829_PAO/TF1e-2_25x/TF1e-2_25x.rep2.bam.bai
[W::hts_idx_load3] The index file is older than the data file: /bip7_disk/pingting114/mixed_bam/COLO829_PAO/TF1e-2_25x/TF1e-2_25x.rep2.bam.bai
[W::hts_idx_load3] The index file is older than the data file: /bip7_disk/pingting114/mixed_bam/COLO829_PAO/TF1e-2_25x/TF1e-2_25x.rep2.bam.bai
[W::hts_idx_load3] The index file is older than the data file: /bip7_disk/pingting114/mixed_bam/COLO829_PAO/TF1e-2_25x/TF1e-2_25x.rep2.bam.bai
[E::bam_parse_basemod2] 8942e71c-3698-4f51-896c-6d569bd82dc6: MM tag refers to bases beyond sequence length
[W::hts_idx_load3] The index file is older than the data file: /bip7_disk/pingting114/mixed_bam/COLO829_PAO/TF1e-2_25x/TF1e-2_25x.rep2.bam.bai
[W::hts_idx_load3] The index file is older than the data file: /bip7_disk/pingting114/mixed_bam/COLO829_PAO/TF1e-2_25x/TF1e-2_25x.rep2.bam.bai
[W::hts_idx_load3] The index file is older than the data file: /bip7_disk/pingting114/mixed_bam/COLO829_PAO/TF1e-2_25x/TF1e-2_25x.rep2.bam.bai
[W::hts_idx_load3] The index file is older than the data file: /bip7_disk/pingting114/mixed_bam/COLO829_PAO/TF1e-2_25x/TF1e-2_25x.rep2.bam.bai
[W::hts_idx_load3] The index file is older than the data file: /bip7_disk/pingting114/mixed_bam/COLO829_PAO/TF1e-2_25x/TF1e-2_25x.rep2.bam.bai
[W::hts_idx_load3] The index file is older than the data file: /bip7_disk/pingting114/mixed_bam/COLO829_PAO/TF1e-2_25x/TF1e-2_25x.rep2.bam.bai
[W::hts_idx_load3] The index file is older than the data file: /bip7_disk/pingting114/mixed_bam/COLO829_PAO/TF1e-2_25x/TF1e-2_25x.rep2.bam.bai
[W::hts_idx_load3] The index file is older than the data file: /bip7_disk/pingting114/mixed_bam/COLO829_PAO/TF1e-2_25x/TF1e-2_25x.rep2.bam.bai
[W::hts_idx_load3] The index file is older than the data file: /bip7_disk/pingting114/mixed_bam/COLO829_PAO/TF1e-2_25x/TF1e-2_25x.rep2.bam.bai
[E::bam_parse_basemod2] 6d5a454b-1ed5-47b6-96b4-4261e664c2ad: MM tag refers to bases beyond sequence length
[W::hts_idx_load3] The index file is older than the data file: /bip7_disk/pingting114/mixed_bam/COLO829_PAO/TF1e-2_25x/TF1e-2_25x.rep2.bam.bai
[W::hts_idx_load3] The index file is older than the data file: /bip7_disk/pingting114/mixed_bam/COLO829_PAO/TF1e-2_25x/TF1e-2_25x.rep2.bam.bai
[W::bam_next_basemod] MM tag refers to bases beyond sequence length
[E::bam_parse_basemod2] 8c17fa70-cf30-4e9d-aaef-4781a2255f99: MM tag refers to bases beyond sequence length
[W::hts_idx_load3] The index file is older than the data file: /bip7_disk/pingting114/mixed_bam/COLO829_PAO/TF1e-2_25x/TF1e-2_25x.rep2.bam.bai
[W::bam_next_basemod] MM tag refers to bases beyond sequence length
[E::bam_parse_basemod2] 5a463cf3-71b6-4937-8bd2-4730ee761cff: MM tag refers to bases beyond sequence length
[W::hts_idx_load3] The index file is older than the data file: /bip7_disk/pingting114/mixed_bam/COLO829_PAO/TF1e-2_25x/TF1e-2_25x.rep2.bam.bai
[W::hts_idx_load3] The index file is older than the data file: /bip7_disk/pingting114/mixed_bam/COLO829_PAO/TF1e-2_25x/TF1e-2_25x.rep2.bam.bai
[W::hts_idx_load3] The index file is older than the data file: /bip7_disk/pingting114/mixed_bam/COLO829_PAO/TF1e-2_25x/TF1e-2_25x.rep2.bam.bai
[W::hts_idx_load3] The index file is older than the data file: /bip7_disk/pingting114/mixed_bam/COLO829_PAO/TF1e-2_25x/TF1e-2_25x.rep2.bam.bai
[W::hts_idx_load3] The index file is older than the data file: /bip7_disk/pingting114/mixed_bam/COLO829_PAO/TF1e-2_25x/TF1e-2_25x.rep2.bam.bai
[W::hts_idx_load3] The index file is older than the data file: /bip7_disk/pingting114/mixed_bam/COLO829_PAO/TF1e-2_25x/TF1e-2_25x.rep2.bam.bai
[W::bam_next_basemod] MM tag refers to bases beyond sequence length
DONE /bip7_disk/pingting114/mixed_bam/COLO829_PAO/TF1e-2_25x/TF1e-2_25x.rep2.bam -> execution/raw/COLO829_TF1e-2_rep2.json
