[W::hts_idx_load3] The index file is older than the data file: /bip7_disk/pingting114/mixed_bam/COLO829_PAO/TF1e-2_25x/TF1e-2_25x.rep1.bam.bai
[W::hts_idx_load3] The index file is older than the data file: /bip7_disk/pingting114/mixed_bam/COLO829_PAO/TF1e-2_25x/TF1e-2_25x.rep1.bam.bai
  TF1e-2_25x.rep1.bam cand 0/4000
[W::hts_idx_load3] The index file is older than the data file: /bip7_disk/pingting114/mixed_bam/COLO829_PAO/TF1e-2_25x/TF1e-2_25x.rep1.bam.bai
[W::hts_idx_load3] The index file is older than the data file: /bip7_disk/pingting114/mixed_bam/COLO829_PAO/TF1e-2_25x/TF1e-2_25x.rep1.bam.bai
[W::hts_idx_load3] The index file is older than the data file: /bip7_disk/pingting114/mixed_bam/COLO829_PAO/TF1e-2_25x/TF1e-2_25x.rep1.bam.bai
[W::bam_next_basemod] MM tag refers to bases beyond sequence length
[W::hts_idx_load3] The index file is older than the data file: /bip7_disk/pingting114/mixed_bam/COLO829_PAO/TF1e-2_25x/TF1e-2_25x.rep1.bam.bai
[W::hts_idx_load3] The index file is older than the data file: /bip7_disk/pingting114/mixed_bam/COLO829_PAO/TF1e-2_25x/TF1e-2_25x.rep1.bam.bai
[W::hts_idx_load3] The index file is older than the data file: /bip7_disk/pingting114/mixed_bam/COLO829_PAO/TF1e-2_25x/TF1e-2_25x.rep1.bam.bai
[W::hts_idx_load3] The index file is older than the data file: /bip7_disk/pingting114/mixed_bam/COLO829_PAO/TF1e-2_25x/TF1e-2_25x.rep1.bam.bai
[W::hts_idx_load3] The index file is older than the data file: /bip7_disk/pingting114/mixed_bam/COLO829_PAO/TF1e-2_25x/TF1e-2_25x.rep1.bam.bai
[W::hts_idx_load3] The index file is older than the data file: /bip7_disk/pingting114/mixed_bam/COLO829_PAO/TF1e-2_25x/TF1e-2_25x.rep1.bam.bai
[W::hts_idx_load3] The index file is older than the data file: /bip7_disk/pingting114/mixed_bam/COLO829_PAO/TF1e-2_25x/TF1e-2_25x.rep1.bam.bai
[W::hts_idx_load3] The index file is older than the data file: /bip7_disk/pingting114/mixed_bam/COLO829_PAO/TF1e-2_25x/TF1e-2_25x.rep1.bam.bai
[W::hts_idx_load3] The index file is older than the data file: /bip7_disk/pingting114/mixed_bam/COLO829_PAO/TF1e-2_25x/TF1e-2_25x.rep1.bam.bai
[W::hts_idx_load3] The index file is older than the data file: /bip7_disk/pingting114/mixed_bam/COLO829_PAO/TF1e-2_25x/TF1e-2_25x.rep1.bam.bai
[W::hts_idx_load3] The index file is older than the data file: /bip7_disk/pingting114/mixed_bam/COLO829_PAO/TF1e-2_25x/TF1e-2_25x.rep1.bam.bai
[W::hts_idx_load3] The index file is older than the data file: /bip7_disk/pingting114/mixed_bam/COLO829_PAO/TF1e-2_25x/TF1e-2_25x.rep1.bam.bai
[W::hts_idx_load3] The index file is older than the data file: /bip7_disk/pingting114/mixed_bam/COLO829_PAO/TF1e-2_25x/TF1e-2_25x.rep1.bam.bai
[W::hts_idx_load3] The index file is older than the data file: /bip7_disk/pingting114/mixed_bam/COLO829_PAO/TF1e-2_25x/TF1e-2_25x.rep1.bam.bai
[W::hts_idx_load3] The index file is older than the data file: /bip7_disk/pingting114/mixed_bam/COLO829_PAO/TF1e-2_25x/TF1e-2_25x.rep1.bam.bai
[W::hts_idx_load3] The index file is older than the data file: /bip7_disk/pingting114/mixed_bam/COLO829_PAO/TF1e-2_25x/TF1e-2_25x.rep1.bam.bai
[W::hts_idx_load3] The index file is older than the data file: /bip7_disk/pingting114/mixed_bam/COLO829_PAO/TF1e-2_25x/TF1e-2_25x.rep1.bam.bai
[W::hts_idx_load3] The index file is older than the data file: /bip7_disk/pingting114/mixed_bam/COLO829_PAO/TF1e-2_25x/TF1e-2_25x.rep1.bam.bai
[W::hts_idx_load3] The index file is older than the data file: /bip7_disk/pingting114/mixed_bam/COLO829_PAO/TF1e-2_25x/TF1e-2_25x.rep1.bam.bai
[W::bam_next_basemod] MM tag refers to bases beyond sequence length
[W::hts_idx_load3] The index file is older than the data file: /bip7_disk/pingting114/mixed_bam/COLO829_PAO/TF1e-2_25x/TF1e-2_25x.rep1.bam.bai
[W::hts_idx_load3] The index file is older than the data file: /bip7_disk/pingting114/mixed_bam/COLO829_PAO/TF1e-2_25x/TF1e-2_25x.rep1.bam.bai
[W::bam_next_basemod] MM tag refers to bases beyond sequence length
[W::hts_idx_load3] The index file is older than the data file: /bip7_disk/pingting114/mixed_bam/COLO829_PAO/TF1e-2_25x/TF1e-2_25x.rep1.bam.bai
[W::hts_idx_load3] The index file is older than the data file: /bip7_disk/pingting114/mixed_bam/COLO829_PAO/TF1e-2_25x/TF1e-2_25x.rep1.bam.bai
[W::hts_idx_load3] The index file is older than the data file: /bip7_disk/pingting114/mixed_bam/COLO829_PAO/TF1e-2_25x/TF1e-2_25x.rep1.bam.bai
[W::bam_next_basemod] MM tag refers to bases beyond sequence length
[W::hts_idx_load3] The index file is older than the data file: /bip7_disk/pingting114/mixed_bam/COLO829_PAO/TF1e-2_25x/TF1e-2_25x.rep1.bam.bai
[W::hts_idx_load3] The index file is older than the data file: /bip7_disk/pingting114/mixed_bam/COLO829_PAO/TF1e-2_25x/TF1e-2_25x.rep1.bam.bai
[W::hts_idx_load3] The index file is older than the data file: /bip7_disk/pingting114/mixed_bam/COLO829_PAO/TF1e-2_25x/TF1e-2_25x.rep1.bam.bai
[E::bam_parse_basemod2] 10285f68-e4dc-4e53-bf50-d0dd4a10994a: MM tag refers to bases beyond sequence length
[W::hts_idx_load3] The index file is older than the data file: /bip7_disk/pingting114/mixed_bam/COLO829_PAO/TF1e-2_25x/TF1e-2_25x.rep1.bam.bai
[E::bam_parse_basemod2] 761525aa-5fee-486d-a56f-733356a820dd: MM tag refers to bases beyond sequence length
[W::hts_idx_load3] The index file is older than the data file: /bip7_disk/pingting114/mixed_bam/COLO829_PAO/TF1e-2_25x/TF1e-2_25x.rep1.bam.bai
[W::bam_next_basemod] MM tag refers to bases beyond sequence length
[W::hts_idx_load3] The index file is older than the data file: /bip7_disk/pingting114/mixed_bam/COLO829_PAO/TF1e-2_25x/TF1e-2_25x.rep1.bam.bai
[W::hts_idx_load3] The index file is older than the data file: /bip7_disk/pingting114/mixed_bam/COLO829_PAO/TF1e-2_25x/TF1e-2_25x.rep1.bam.bai
[W::hts_idx_load3] The index file is older than the data file: /bip7_disk/pingting114/mixed_bam/COLO829_PAO/TF1e-2_25x/TF1e-2_25x.rep1.bam.bai
[W::hts_idx_load3] The index file is older than the data file: /bip7_disk/pingting114/mixed_bam/COLO829_PAO/TF1e-2_25x/TF1e-2_25x.rep1.bam.bai
[E::bam_parse_basemod2] a6d956ea-edd3-4b1b-8ab5-9025ed741354: MM tag refers to bases beyond sequence length
[W::hts_idx_load3] The index file is older than the data file: /bip7_disk/pingting114/mixed_bam/COLO829_PAO/TF1e-2_25x/TF1e-2_25x.rep1.bam.bai
[W::hts_idx_load3] The index file is older than the data file: /bip7_disk/pingting114/mixed_bam/COLO829_PAO/TF1e-2_25x/TF1e-2_25x.rep1.bam.bai
[W::hts_idx_load3] The index file is older than the data file: /bip7_disk/pingting114/mixed_bam/COLO829_PAO/TF1e-2_25x/TF1e-2_25x.rep1.bam.bai
[W::hts_idx_load3] The index file is older than the data file: /bip7_disk/pingting114/mixed_bam/COLO829_PAO/TF1e-2_25x/TF1e-2_25x.rep1.bam.bai
[W::bam_next_basemod] MM tag refers to bases beyond sequence length
[W::hts_idx_load3] The index file is older than the data file: /bip7_disk/pingting114/mixed_bam/COLO829_PAO/TF1e-2_25x/TF1e-2_25x.rep1.bam.bai
[W::hts_idx_load3] The index file is older than the data file: /bip7_disk/pingting114/mixed_bam/COLO829_PAO/TF1e-2_25x/TF1e-2_25x.rep1.bam.bai
[W::bam_next_basemod] MM tag refers to bases beyond sequence length
[W::hts_idx_load3] The index file is older than the data file: /bip7_disk/pingting114/mixed_bam/COLO829_PAO/TF1e-2_25x/TF1e-2_25x.rep1.bam.bai
[W::hts_idx_load3] The index file is older than the data file: /bip7_disk/pingting114/mixed_bam/COLO829_PAO/TF1e-2_25x/TF1e-2_25x.rep1.bam.bai
[W::bam_next_basemod] MM tag refers to bases beyond sequence length
[W::hts_idx_load3] The index file is older than the data file: /bip7_disk/pingting114/mixed_bam/COLO829_PAO/TF1e-2_25x/TF1e-2_25x.rep1.bam.bai
[W::hts_idx_load3] The index file is older than the data file: /bip7_disk/pingting114/mixed_bam/COLO829_PAO/TF1e-2_25x/TF1e-2_25x.rep1.bam.bai
[W::bam_next_basemod] MM tag refers to bases beyond sequence length
[E::bam_parse_basemod2] 39deee86-0691-411c-bbb1-291c8a8864a9: MM tag refers to bases beyond sequence length
[W::hts_idx_load3] The index file is older than the data file: /bip7_disk/pingting114/mixed_bam/COLO829_PAO/TF1e-2_25x/TF1e-2_25x.rep1.bam.bai
[W::hts_idx_load3] The index file is older than the data file: /bip7_disk/pingting114/mixed_bam/COLO829_PAO/TF1e-2_25x/TF1e-2_25x.rep1.bam.bai
[W::hts_idx_load3] The index file is older than the data file: /bip7_disk/pingting114/mixed_bam/COLO829_PAO/TF1e-2_25x/TF1e-2_25x.rep1.bam.bai
[W::hts_idx_load3] The index file is older than the data file: /bip7_disk/pingting114/mixed_bam/COLO829_PAO/TF1e-2_25x/TF1e-2_25x.rep1.bam.bai
[E::bam_parse_basemod2] 68015e37-5c32-45cf-b8fd-068a48796959: MM tag refers to bases beyond sequence length
[W::hts_idx_load3] The index file is older than the data file: /bip7_disk/pingting114/mixed_bam/COLO829_PAO/TF1e-2_25x/TF1e-2_25x.rep1.bam.bai
[W::hts_idx_load3] The index file is older than the data file: /bip7_disk/pingting114/mixed_bam/COLO829_PAO/TF1e-2_25x/TF1e-2_25x.rep1.bam.bai
[W::hts_idx_load3] The index file is older than the data file: /bip7_disk/pingting114/mixed_bam/COLO829_PAO/TF1e-2_25x/TF1e-2_25x.rep1.bam.bai
[W::hts_idx_load3] The index file is older than the data file: /bip7_disk/pingting114/mixed_bam/COLO829_PAO/TF1e-2_25x/TF1e-2_25x.rep1.bam.bai
[W::bam_next_basemod] MM tag refers to bases beyond sequence length
[E::bam_parse_basemod2] d94857a9-f5f3-42bf-8291-481470768f7e: MM tag refers to bases beyond sequence length
[W::hts_idx_load3] The index file is older than the data file: /bip7_disk/pingting114/mixed_bam/COLO829_PAO/TF1e-2_25x/TF1e-2_25x.rep1.bam.bai
[W::hts_idx_load3] The index file is older than the data file: /bip7_disk/pingting114/mixed_bam/COLO829_PAO/TF1e-2_25x/TF1e-2_25x.rep1.bam.bai
[W::hts_idx_load3] The index file is older than the data file: /bip7_disk/pingting114/mixed_bam/COLO829_PAO/TF1e-2_25x/TF1e-2_25x.rep1.bam.bai
[W::hts_idx_load3] The index file is older than the data file: /bip7_disk/pingting114/mixed_bam/COLO829_PAO/TF1e-2_25x/TF1e-2_25x.rep1.bam.bai
[W::hts_idx_load3] The index file is older than the data file: /bip7_disk/pingting114/mixed_bam/COLO829_PAO/TF1e-2_25x/TF1e-2_25x.rep1.bam.bai
[W::bam_next_basemod] MM tag refers to bases beyond sequence length
[W::bam_next_basemod] MM tag refers to bases beyond sequence length
[W::hts_idx_load3] The index file is older than the data file: /bip7_disk/pingting114/mixed_bam/COLO829_PAO/TF1e-2_25x/TF1e-2_25x.rep1.bam.bai
[W::hts_idx_load3] The index file is older than the data file: /bip7_disk/pingting114/mixed_bam/COLO829_PAO/TF1e-2_25x/TF1e-2_25x.rep1.bam.bai
[W::hts_idx_load3] The index file is older than the data file: /bip7_disk/pingting114/mixed_bam/COLO829_PAO/TF1e-2_25x/TF1e-2_25x.rep1.bam.bai
[W::hts_idx_load3] The index file is older than the data file: /bip7_disk/pingting114/mixed_bam/COLO829_PAO/TF1e-2_25x/TF1e-2_25x.rep1.bam.bai
[W::hts_idx_load3] The index file is older than the data file: /bip7_disk/pingting114/mixed_bam/COLO829_PAO/TF1e-2_25x/TF1e-2_25x.rep1.bam.bai
[W::hts_idx_load3] The index file is older than the data file: /bip7_disk/pingting114/mixed_bam/COLO829_PAO/TF1e-2_25x/TF1e-2_25x.rep1.bam.bai
[W::hts_idx_load3] The index file is older than the data file: /bip7_disk/pingting114/mixed_bam/COLO829_PAO/TF1e-2_25x/TF1e-2_25x.rep1.bam.bai
[W::hts_idx_load3] The index file is older than the data file: /bip7_disk/pingting114/mixed_bam/COLO829_PAO/TF1e-2_25x/TF1e-2_25x.rep1.bam.bai
[W::bam_next_basemod] MM tag refers to bases beyond sequence length
[E::bam_parse_basemod2] 0587af62-93c1-4a25-a703-fed5be91e3ce: MM tag refers to bases beyond sequence length
[W::hts_idx_load3] The index file is older than the data file: /bip7_disk/pingting114/mixed_bam/COLO829_PAO/TF1e-2_25x/TF1e-2_25x.rep1.bam.bai
[W::hts_idx_load3] The index file is older than the data file: /bip7_disk/pingting114/mixed_bam/COLO829_PAO/TF1e-2_25x/TF1e-2_25x.rep1.bam.bai
[E::bam_parse_basemod2] 4bdb11c7-153b-4fd7-bc8f-5c587ec70e0e: MM tag refers to bases beyond sequence length
[W::hts_idx_load3] The index file is older than the data file: /bip7_disk/pingting114/mixed_bam/COLO829_PAO/TF1e-2_25x/TF1e-2_25x.rep1.bam.bai
[W::bam_next_basemod] MM tag refers to bases beyond sequence length
[E::bam_parse_basemod2] 84dea587-2454-4934-bb23-4c8ed0cfeefa: MM tag refers to bases beyond sequence length
[W::bam_next_basemod] MM tag refers to bases beyond sequence length
[W::hts_idx_load3] The index file is older than the data file: /bip7_disk/pingting114/mixed_bam/COLO829_PAO/TF1e-2_25x/TF1e-2_25x.rep1.bam.bai
[W::hts_idx_load3] The index file is older than the data file: /bip7_disk/pingting114/mixed_bam/COLO829_PAO/TF1e-2_25x/TF1e-2_25x.rep1.bam.bai
[W::hts_idx_load3] The index file is older than the data file: /bip7_disk/pingting114/mixed_bam/COLO829_PAO/TF1e-2_25x/TF1e-2_25x.rep1.bam.bai
[W::hts_idx_load3] The index file is older than the data file: /bip7_disk/pingting114/mixed_bam/COLO829_PAO/TF1e-2_25x/TF1e-2_25x.rep1.bam.bai
[W::hts_idx_load3] The index file is older than the data file: /bip7_disk/pingting114/mixed_bam/COLO829_PAO/TF1e-2_25x/TF1e-2_25x.rep1.bam.bai
[W::hts_idx_load3] The index file is older than the data file: /bip7_disk/pingting114/mixed_bam/COLO829_PAO/TF1e-2_25x/TF1e-2_25x.rep1.bam.bai
[W::hts_idx_load3] The index file is older than the data file: /bip7_disk/pingting114/mixed_bam/COLO829_PAO/TF1e-2_25x/TF1e-2_25x.rep1.bam.bai
[W::bam_next_basemod] MM tag refers to bases beyond sequence length
[W::hts_idx_load3] The index file is older than the data file: /bip7_disk/pingting114/mixed_bam/COLO829_PAO/TF1e-2_25x/TF1e-2_25x.rep1.bam.bai
[W::bam_next_basemod] MM tag refers to bases beyond sequence length
[W::hts_idx_load3] The index file is older than the data file: /bip7_disk/pingting114/mixed_bam/COLO829_PAO/TF1e-2_25x/TF1e-2_25x.rep1.bam.bai
[E::bam_parse_basemod2] b7e53f57-b45b-4304-aecd-6bc5b8e9861d: MM tag refers to bases beyond sequence length
[W::hts_idx_load3] The index file is older than the data file: /bip7_disk/pingting114/mixed_bam/COLO829_PAO/TF1e-2_25x/TF1e-2_25x.rep1.bam.bai
[W::bam_next_basemod] MM tag refers to bases beyond sequence length
[W::hts_idx_load3] The index file is older than the data file: /bip7_disk/pingting114/mixed_bam/COLO829_PAO/TF1e-2_25x/TF1e-2_25x.rep1.bam.bai
[W::hts_idx_load3] The index file is older than the data file: /bip7_disk/pingting114/mixed_bam/COLO829_PAO/TF1e-2_25x/TF1e-2_25x.rep1.bam.bai
[W::hts_idx_load3] The index file is older than the data file: /bip7_disk/pingting114/mixed_bam/COLO829_PAO/TF1e-2_25x/TF1e-2_25x.rep1.bam.bai
[W::hts_idx_load3] The index file is older than the data file: /bip7_disk/pingting114/mixed_bam/COLO829_PAO/TF1e-2_25x/TF1e-2_25x.rep1.bam.bai
[W::hts_idx_load3] The index file is older than the data file: /bip7_disk/pingting114/mixed_bam/COLO829_PAO/TF1e-2_25x/TF1e-2_25x.rep1.bam.bai
[W::hts_idx_load3] The index file is older than the data file: /bip7_disk/pingting114/mixed_bam/COLO829_PAO/TF1e-2_25x/TF1e-2_25x.rep1.bam.bai
[W::bam_next_basemod] MM tag refers to bases beyond sequence length
[W::hts_idx_load3] The index file is older than the data file: /bip7_disk/pingting114/mixed_bam/COLO829_PAO/TF1e-2_25x/TF1e-2_25x.rep1.bam.bai
[W::hts_idx_load3] The index file is older than the data file: /bip7_disk/pingting114/mixed_bam/COLO829_PAO/TF1e-2_25x/TF1e-2_25x.rep1.bam.bai
[W::bam_next_basemod] MM tag refers to bases beyond sequence length
[W::hts_idx_load3] The index file is older than the data file: /bip7_disk/pingting114/mixed_bam/COLO829_PAO/TF1e-2_25x/TF1e-2_25x.rep1.bam.bai
[W::hts_idx_load3] The index file is older than the data file: /bip7_disk/pingting114/mixed_bam/COLO829_PAO/TF1e-2_25x/TF1e-2_25x.rep1.bam.bai
[W::hts_idx_load3] The index file is older than the data file: /bip7_disk/pingting114/mixed_bam/COLO829_PAO/TF1e-2_25x/TF1e-2_25x.rep1.bam.bai
[W::hts_idx_load3] The index file is older than the data file: /bip7_disk/pingting114/mixed_bam/COLO829_PAO/TF1e-2_25x/TF1e-2_25x.rep1.bam.bai
[W::bam_next_basemod] MM tag refers to bases beyond sequence length
[W::hts_idx_load3] The index file is older than the data file: /bip7_disk/pingting114/mixed_bam/COLO829_PAO/TF1e-2_25x/TF1e-2_25x.rep1.bam.bai
[W::hts_idx_load3] The index file is older than the data file: /bip7_disk/pingting114/mixed_bam/COLO829_PAO/TF1e-2_25x/TF1e-2_25x.rep1.bam.bai
[W::hts_idx_load3] The index file is older than the data file: /bip7_disk/pingting114/mixed_bam/COLO829_PAO/TF1e-2_25x/TF1e-2_25x.rep1.bam.bai
[W::hts_idx_load3] The index file is older than the data file: /bip7_disk/pingting114/mixed_bam/COLO829_PAO/TF1e-2_25x/TF1e-2_25x.rep1.bam.bai
[W::hts_idx_load3] The index file is older than the data file: /bip7_disk/pingting114/mixed_bam/COLO829_PAO/TF1e-2_25x/TF1e-2_25x.rep1.bam.bai
[W::hts_idx_load3] The index file is older than the data file: /bip7_disk/pingting114/mixed_bam/COLO829_PAO/TF1e-2_25x/TF1e-2_25x.rep1.bam.bai
[W::hts_idx_load3] The index file is older than the data file: /bip7_disk/pingting114/mixed_bam/COLO829_PAO/TF1e-2_25x/TF1e-2_25x.rep1.bam.bai
[W::hts_idx_load3] The index file is older than the data file: /bip7_disk/pingting114/mixed_bam/COLO829_PAO/TF1e-2_25x/TF1e-2_25x.rep1.bam.bai
[W::bam_next_basemod] MM tag refers to bases beyond sequence length
[W::hts_idx_load3] The index file is older than the data file: /bip7_disk/pingting114/mixed_bam/COLO829_PAO/TF1e-2_25x/TF1e-2_25x.rep1.bam.bai
[W::hts_idx_load3] The index file is older than the data file: /bip7_disk/pingting114/mixed_bam/COLO829_PAO/TF1e-2_25x/TF1e-2_25x.rep1.bam.bai
[W::hts_idx_load3] The index file is older than the data file: /bip7_disk/pingting114/mixed_bam/COLO829_PAO/TF1e-2_25x/TF1e-2_25x.rep1.bam.bai
[W::hts_idx_load3] The index file is older than the data file: /bip7_disk/pingting114/mixed_bam/COLO829_PAO/TF1e-2_25x/TF1e-2_25x.rep1.bam.bai
[W::hts_idx_load3] The index file is older than the data file: /bip7_disk/pingting114/mixed_bam/COLO829_PAO/TF1e-2_25x/TF1e-2_25x.rep1.bam.bai
[W::hts_idx_load3] The index file is older than the data file: /bip7_disk/pingting114/mixed_bam/COLO829_PAO/TF1e-2_25x/TF1e-2_25x.rep1.bam.bai
[W::hts_idx_load3] The index file is older than the data file: /bip7_disk/pingting114/mixed_bam/COLO829_PAO/TF1e-2_25x/TF1e-2_25x.rep1.bam.bai
[W::hts_idx_load3] The index file is older than the data file: /bip7_disk/pingting114/mixed_bam/COLO829_PAO/TF1e-2_25x/TF1e-2_25x.rep1.bam.bai
[W::hts_idx_load3] The index file is older than the data file: /bip7_disk/pingting114/mixed_bam/COLO829_PAO/TF1e-2_25x/TF1e-2_25x.rep1.bam.bai
[E::bam_parse_basemod2] e818efed-9371-475d-810d-612390d39cde: MM tag refers to bases beyond sequence length
[W::bam_next_basemod] MM tag refers to bases beyond sequence length
[W::hts_idx_load3] The index file is older than the data file: /bip7_disk/pingting114/mixed_bam/COLO829_PAO/TF1e-2_25x/TF1e-2_25x.rep1.bam.bai
[W::bam_next_basemod] MM tag refers to bases beyond sequence length
[W::hts_idx_load3] The index file is older than the data file: /bip7_disk/pingting114/mixed_bam/COLO829_PAO/TF1e-2_25x/TF1e-2_25x.rep1.bam.bai
[E::bam_parse_basemod2] 84b31ed3-f860-46b9-9954-53514e3eb06b: MM tag refers to bases beyond sequence length
[W::hts_idx_load3] The index file is older than the data file: /bip7_disk/pingting114/mixed_bam/COLO829_PAO/TF1e-2_25x/TF1e-2_25x.rep1.bam.bai
[W::hts_idx_load3] The index file is older than the data file: /bip7_disk/pingting114/mixed_bam/COLO829_PAO/TF1e-2_25x/TF1e-2_25x.rep1.bam.bai
[W::hts_idx_load3] The index file is older than the data file: /bip7_disk/pingting114/mixed_bam/COLO829_PAO/TF1e-2_25x/TF1e-2_25x.rep1.bam.bai
[W::bam_next_basemod] MM tag refers to bases beyond sequence length
[E::bam_parse_basemod2] be793b24-0799-4919-9ca1-0c6e1627235b: MM tag refers to bases beyond sequence length
[W::hts_idx_load3] The index file is older than the data file: /bip7_disk/pingting114/mixed_bam/COLO829_PAO/TF1e-2_25x/TF1e-2_25x.rep1.bam.bai
[W::hts_idx_load3] The index file is older than the data file: /bip7_disk/pingting114/mixed_bam/COLO829_PAO/TF1e-2_25x/TF1e-2_25x.rep1.bam.bai
[W::hts_idx_load3] The index file is older than the data file: /bip7_disk/pingting114/mixed_bam/COLO829_PAO/TF1e-2_25x/TF1e-2_25x.rep1.bam.bai
[W::hts_idx_load3] The index file is older than the data file: /bip7_disk/pingting114/mixed_bam/COLO829_PAO/TF1e-2_25x/TF1e-2_25x.rep1.bam.bai
[W::hts_idx_load3] The index file is older than the data file: /bip7_disk/pingting114/mixed_bam/COLO829_PAO/TF1e-2_25x/TF1e-2_25x.rep1.bam.bai
[W::hts_idx_load3] The index file is older than the data file: /bip7_disk/pingting114/mixed_bam/COLO829_PAO/TF1e-2_25x/TF1e-2_25x.rep1.bam.bai
[W::hts_idx_load3] The index file is older than the data file: /bip7_disk/pingting114/mixed_bam/COLO829_PAO/TF1e-2_25x/TF1e-2_25x.rep1.bam.bai
[W::hts_idx_load3] The index file is older than the data file: /bip7_disk/pingting114/mixed_bam/COLO829_PAO/TF1e-2_25x/TF1e-2_25x.rep1.bam.bai
[W::hts_idx_load3] The index file is older than the data file: /bip7_disk/pingting114/mixed_bam/COLO829_PAO/TF1e-2_25x/TF1e-2_25x.rep1.bam.bai
[W::hts_idx_load3] The index file is older than the data file: /bip7_disk/pingting114/mixed_bam/COLO829_PAO/TF1e-2_25x/TF1e-2_25x.rep1.bam.bai
[W::bam_next_basemod] MM tag refers to bases beyond sequence length
[W::hts_idx_load3] The index file is older than the data file: /bip7_disk/pingting114/mixed_bam/COLO829_PAO/TF1e-2_25x/TF1e-2_25x.rep1.bam.bai
[W::bam_next_basemod] MM tag refers to bases beyond sequence length
[W::hts_idx_load3] The index file is older than the data file: /bip7_disk/pingting114/mixed_bam/COLO829_PAO/TF1e-2_25x/TF1e-2_25x.rep1.bam.bai
[W::hts_idx_load3] The index file is older than the data file: /bip7_disk/pingting114/mixed_bam/COLO829_PAO/TF1e-2_25x/TF1e-2_25x.rep1.bam.bai
[W::hts_idx_load3] The index file is older than the data file: /bip7_disk/pingting114/mixed_bam/COLO829_PAO/TF1e-2_25x/TF1e-2_25x.rep1.bam.bai
[W::bam_next_basemod] MM tag refers to bases beyond sequence length
[W::hts_idx_load3] The index file is older than the data file: /bip7_disk/pingting114/mixed_bam/COLO829_PAO/TF1e-2_25x/TF1e-2_25x.rep1.bam.bai
[W::hts_idx_load3] The index file is older than the data file: /bip7_disk/pingting114/mixed_bam/COLO829_PAO/TF1e-2_25x/TF1e-2_25x.rep1.bam.bai
[W::hts_idx_load3] The index file is older than the data file: /bip7_disk/pingting114/mixed_bam/COLO829_PAO/TF1e-2_25x/TF1e-2_25x.rep1.bam.bai
[W::bam_next_basemod] MM tag refers to bases beyond sequence length
[W::hts_idx_load3] The index file is older than the data file: /bip7_disk/pingting114/mixed_bam/COLO829_PAO/TF1e-2_25x/TF1e-2_25x.rep1.bam.bai
[W::bam_next_basemod] MM tag refers to bases beyond sequence length
[E::bam_parse_basemod2] 7a9e4ecd-80a6-4228-941f-b887d8a73cd6: MM tag refers to bases beyond sequence length
[W::hts_idx_load3] The index file is older than the data file: /bip7_disk/pingting114/mixed_bam/COLO829_PAO/TF1e-2_25x/TF1e-2_25x.rep1.bam.bai
[W::bam_next_basemod] MM tag refers to bases beyond sequence length
[W::hts_idx_load3] The index file is older than the data file: /bip7_disk/pingting114/mixed_bam/COLO829_PAO/TF1e-2_25x/TF1e-2_25x.rep1.bam.bai
[W::hts_idx_load3] The index file is older than the data file: /bip7_disk/pingting114/mixed_bam/COLO829_PAO/TF1e-2_25x/TF1e-2_25x.rep1.bam.bai
[W::bam_next_basemod] MM tag refers to bases beyond sequence length
[W::hts_idx_load3] The index file is older than the data file: /bip7_disk/pingting114/mixed_bam/COLO829_PAO/TF1e-2_25x/TF1e-2_25x.rep1.bam.bai
[W::hts_idx_load3] The index file is older than the data file: /bip7_disk/pingting114/mixed_bam/COLO829_PAO/TF1e-2_25x/TF1e-2_25x.rep1.bam.bai
[E::bam_parse_basemod2] b7da0d0c-878a-449a-ac21-ce2ac6f6191f: MM tag refers to bases beyond sequence length
[W::hts_idx_load3] The index file is older than the data file: /bip7_disk/pingting114/mixed_bam/COLO829_PAO/TF1e-2_25x/TF1e-2_25x.rep1.bam.bai
[W::hts_idx_load3] The index file is older than the data file: /bip7_disk/pingting114/mixed_bam/COLO829_PAO/TF1e-2_25x/TF1e-2_25x.rep1.bam.bai
[W::bam_next_basemod] MM tag refers to bases beyond sequence length
[W::hts_idx_load3] The index file is older than the data file: /bip7_disk/pingting114/mixed_bam/COLO829_PAO/TF1e-2_25x/TF1e-2_25x.rep1.bam.bai
[E::bam_parse_basemod2] 8b3bd841-9c7f-40e2-ad8a-6cdfa5151496: MM tag refers to bases beyond sequence length
[W::hts_idx_load3] The index file is older than the data file: /bip7_disk/pingting114/mixed_bam/COLO829_PAO/TF1e-2_25x/TF1e-2_25x.rep1.bam.bai
[E::bam_parse_basemod2] 81e153b5-e776-409e-a932-c8b3a8a79942: MM tag refers to bases beyond sequence length
[W::hts_idx_load3] The index file is older than the data file: /bip7_disk/pingting114/mixed_bam/COLO829_PAO/TF1e-2_25x/TF1e-2_25x.rep1.bam.bai
[W::hts_idx_load3] The index file is older than the data file: /bip7_disk/pingting114/mixed_bam/COLO829_PAO/TF1e-2_25x/TF1e-2_25x.rep1.bam.bai
[W::hts_idx_load3] The index file is older than the data file: /bip7_disk/pingting114/mixed_bam/COLO829_PAO/TF1e-2_25x/TF1e-2_25x.rep1.bam.bai
[W::hts_idx_load3] The index file is older than the data file: /bip7_disk/pingting114/mixed_bam/COLO829_PAO/TF1e-2_25x/TF1e-2_25x.rep1.bam.bai
[W::bam_next_basemod] MM tag refers to bases beyond sequence length
[W::hts_idx_load3] The index file is older than the data file: /bip7_disk/pingting114/mixed_bam/COLO829_PAO/TF1e-2_25x/TF1e-2_25x.rep1.bam.bai
[W::hts_idx_load3] The index file is older than the data file: /bip7_disk/pingting114/mixed_bam/COLO829_PAO/TF1e-2_25x/TF1e-2_25x.rep1.bam.bai
[W::hts_idx_load3] The index file is older than the data file: /bip7_disk/pingting114/mixed_bam/COLO829_PAO/TF1e-2_25x/TF1e-2_25x.rep1.bam.bai
[W::hts_idx_load3] The index file is older than the data file: /bip7_disk/pingting114/mixed_bam/COLO829_PAO/TF1e-2_25x/TF1e-2_25x.rep1.bam.bai
[W::hts_idx_load3] The index file is older than the data file: /bip7_disk/pingting114/mixed_bam/COLO829_PAO/TF1e-2_25x/TF1e-2_25x.rep1.bam.bai
[W::bam_next_basemod] MM tag refers to bases beyond sequence length
[W::hts_idx_load3] The index file is older than the data file: /bip7_disk/pingting114/mixed_bam/COLO829_PAO/TF1e-2_25x/TF1e-2_25x.rep1.bam.bai
[W::hts_idx_load3] The index file is older than the data file: /bip7_disk/pingting114/mixed_bam/COLO829_PAO/TF1e-2_25x/TF1e-2_25x.rep1.bam.bai
[W::hts_idx_load3] The index file is older than the data file: /bip7_disk/pingting114/mixed_bam/COLO829_PAO/TF1e-2_25x/TF1e-2_25x.rep1.bam.bai
[W::bam_next_basemod] MM tag refers to bases beyond sequence length
[W::hts_idx_load3] The index file is older than the data file: /bip7_disk/pingting114/mixed_bam/COLO829_PAO/TF1e-2_25x/TF1e-2_25x.rep1.bam.bai
[W::hts_idx_load3] The index file is older than the data file: /bip7_disk/pingting114/mixed_bam/COLO829_PAO/TF1e-2_25x/TF1e-2_25x.rep1.bam.bai
[W::hts_idx_load3] The index file is older than the data file: /bip7_disk/pingting114/mixed_bam/COLO829_PAO/TF1e-2_25x/TF1e-2_25x.rep1.bam.bai
[W::hts_idx_load3] The index file is older than the data file: /bip7_disk/pingting114/mixed_bam/COLO829_PAO/TF1e-2_25x/TF1e-2_25x.rep1.bam.bai
[W::bam_next_basemod] MM tag refers to bases beyond sequence length
[W::hts_idx_load3] The index file is older than the data file: /bip7_disk/pingting114/mixed_bam/COLO829_PAO/TF1e-2_25x/TF1e-2_25x.rep1.bam.bai
[W::hts_idx_load3] The index file is older than the data file: /bip7_disk/pingting114/mixed_bam/COLO829_PAO/TF1e-2_25x/TF1e-2_25x.rep1.bam.bai
[W::hts_idx_load3] The index file is older than the data file: /bip7_disk/pingting114/mixed_bam/COLO829_PAO/TF1e-2_25x/TF1e-2_25x.rep1.bam.bai
[W::hts_idx_load3] The index file is older than the data file: /bip7_disk/pingting114/mixed_bam/COLO829_PAO/TF1e-2_25x/TF1e-2_25x.rep1.bam.bai
[W::hts_idx_load3] The index file is older than the data file: /bip7_disk/pingting114/mixed_bam/COLO829_PAO/TF1e-2_25x/TF1e-2_25x.rep1.bam.bai
[W::bam_next_basemod] MM tag refers to bases beyond sequence length
[W::hts_idx_load3] The index file is older than the data file: /bip7_disk/pingting114/mixed_bam/COLO829_PAO/TF1e-2_25x/TF1e-2_25x.rep1.bam.bai
[W::hts_idx_load3] The index file is older than the data file: /bip7_disk/pingting114/mixed_bam/COLO829_PAO/TF1e-2_25x/TF1e-2_25x.rep1.bam.bai
[W::hts_idx_load3] The index file is older than the data file: /bip7_disk/pingting114/mixed_bam/COLO829_PAO/TF1e-2_25x/TF1e-2_25x.rep1.bam.bai
[E::bam_parse_basemod2] 95894277-b524-4bb5-88d9-c172b4405406: MM tag refers to bases beyond sequence length
[W::hts_idx_load3] The index file is older than the data file: /bip7_disk/pingting114/mixed_bam/COLO829_PAO/TF1e-2_25x/TF1e-2_25x.rep1.bam.bai
[E::bam_parse_basemod2] 335ca0ba-740a-4e5c-bbf3-548fc53cec00: MM tag refers to bases beyond sequence length
[W::hts_idx_load3] The index file is older than the data file: /bip7_disk/pingting114/mixed_bam/COLO829_PAO/TF1e-2_25x/TF1e-2_25x.rep1.bam.bai
[W::hts_idx_load3] The index file is older than the data file: /bip7_disk/pingting114/mixed_bam/COLO829_PAO/TF1e-2_25x/TF1e-2_25x.rep1.bam.bai
[W::hts_idx_load3] The index file is older than the data file: /bip7_disk/pingting114/mixed_bam/COLO829_PAO/TF1e-2_25x/TF1e-2_25x.rep1.bam.bai
[W::hts_idx_load3] The index file is older than the data file: /bip7_disk/pingting114/mixed_bam/COLO829_PAO/TF1e-2_25x/TF1e-2_25x.rep1.bam.bai
[W::hts_idx_load3] The index file is older than the data file: /bip7_disk/pingting114/mixed_bam/COLO829_PAO/TF1e-2_25x/TF1e-2_25x.rep1.bam.bai
[W::hts_idx_load3] The index file is older than the data file: /bip7_disk/pingting114/mixed_bam/COLO829_PAO/TF1e-2_25x/TF1e-2_25x.rep1.bam.bai
[W::hts_idx_load3] The index file is older than the data file: /bip7_disk/pingting114/mixed_bam/COLO829_PAO/TF1e-2_25x/TF1e-2_25x.rep1.bam.bai
[W::bam_next_basemod] MM tag refers to bases beyond sequence length
[W::hts_idx_load3] The index file is older than the data file: /bip7_disk/pingting114/mixed_bam/COLO829_PAO/TF1e-2_25x/TF1e-2_25x.rep1.bam.bai
[E::bam_parse_basemod2] c5ece701-9232-406e-ba88-c1b91ee44759: MM tag refers to bases beyond sequence length
[W::hts_idx_load3] The index file is older than the data file: /bip7_disk/pingting114/mixed_bam/COLO829_PAO/TF1e-2_25x/TF1e-2_25x.rep1.bam.bai
[W::bam_next_basemod] MM tag refers to bases beyond sequence length
[E::bam_parse_basemod2] b4fb4b0c-f302-430c-8901-5d1d64acc333: MM tag refers to bases beyond sequence length
[W::hts_idx_load3] The index file is older than the data file: /bip7_disk/pingting114/mixed_bam/COLO829_PAO/TF1e-2_25x/TF1e-2_25x.rep1.bam.bai
[W::hts_idx_load3] The index file is older than the data file: /bip7_disk/pingting114/mixed_bam/COLO829_PAO/TF1e-2_25x/TF1e-2_25x.rep1.bam.bai
[W::hts_idx_load3] The index file is older than the data file: /bip7_disk/pingting114/mixed_bam/COLO829_PAO/TF1e-2_25x/TF1e-2_25x.rep1.bam.bai
[W::hts_idx_load3] The index file is older than the data file: /bip7_disk/pingting114/mixed_bam/COLO829_PAO/TF1e-2_25x/TF1e-2_25x.rep1.bam.bai
[W::hts_idx_load3] The index file is older than the data file: /bip7_disk/pingting114/mixed_bam/COLO829_PAO/TF1e-2_25x/TF1e-2_25x.rep1.bam.bai
[W::hts_idx_load3] The index file is older than the data file: /bip7_disk/pingting114/mixed_bam/COLO829_PAO/TF1e-2_25x/TF1e-2_25x.rep1.bam.bai
[W::bam_next_basemod] MM tag refers to bases beyond sequence length
[W::bam_next_basemod] MM tag refers to bases beyond sequence length
[W::hts_idx_load3] The index file is older than the data file: /bip7_disk/pingting114/mixed_bam/COLO829_PAO/TF1e-2_25x/TF1e-2_25x.rep1.bam.bai
[W::bam_next_basemod] MM tag refers to bases beyond sequence length
[W::hts_idx_load3] The index file is older than the data file: /bip7_disk/pingting114/mixed_bam/COLO829_PAO/TF1e-2_25x/TF1e-2_25x.rep1.bam.bai
[W::hts_idx_load3] The index file is older than the data file: /bip7_disk/pingting114/mixed_bam/COLO829_PAO/TF1e-2_25x/TF1e-2_25x.rep1.bam.bai
[W::hts_idx_load3] The index file is older than the data file: /bip7_disk/pingting114/mixed_bam/COLO829_PAO/TF1e-2_25x/TF1e-2_25x.rep1.bam.bai
[W::hts_idx_load3] The index file is older than the data file: /bip7_disk/pingting114/mixed_bam/COLO829_PAO/TF1e-2_25x/TF1e-2_25x.rep1.bam.bai
[E::bam_parse_basemod2] 0eea12bf-e5fd-40bc-9b59-c5916b940750: MM tag refers to bases beyond sequence length
[W::bam_next_basemod] MM tag refers to bases beyond sequence length
[W::hts_idx_load3] The index file is older than the data file: /bip7_disk/pingting114/mixed_bam/COLO829_PAO/TF1e-2_25x/TF1e-2_25x.rep1.bam.bai
[E::bam_parse_basemod2] 59208bf2-c52e-415f-921d-f5e3d938b290: MM tag refers to bases beyond sequence length
[W::hts_idx_load3] The index file is older than the data file: /bip7_disk/pingting114/mixed_bam/COLO829_PAO/TF1e-2_25x/TF1e-2_25x.rep1.bam.bai
[W::hts_idx_load3] The index file is older than the data file: /bip7_disk/pingting114/mixed_bam/COLO829_PAO/TF1e-2_25x/TF1e-2_25x.rep1.bam.bai
[W::hts_idx_load3] The index file is older than the data file: /bip7_disk/pingting114/mixed_bam/COLO829_PAO/TF1e-2_25x/TF1e-2_25x.rep1.bam.bai
[W::hts_idx_load3] The index file is older than the data file: /bip7_disk/pingting114/mixed_bam/COLO829_PAO/TF1e-2_25x/TF1e-2_25x.rep1.bam.bai
[E::bam_parse_basemod2] cb0ace37-8ece-4ec2-8394-37babec94000: MM tag refers to bases beyond sequence length
[W::hts_idx_load3] The index file is older than the data file: /bip7_disk/pingting114/mixed_bam/COLO829_PAO/TF1e-2_25x/TF1e-2_25x.rep1.bam.bai
[W::hts_idx_load3] The index file is older than the data file: /bip7_disk/pingting114/mixed_bam/COLO829_PAO/TF1e-2_25x/TF1e-2_25x.rep1.bam.bai
[W::hts_idx_load3] The index file is older than the data file: /bip7_disk/pingting114/mixed_bam/COLO829_PAO/TF1e-2_25x/TF1e-2_25x.rep1.bam.bai
[E::bam_parse_basemod2] 912c433f-3f52-412a-89d7-2ba69c999756: MM tag refers to bases beyond sequence length
[W::hts_idx_load3] The index file is older than the data file: /bip7_disk/pingting114/mixed_bam/COLO829_PAO/TF1e-2_25x/TF1e-2_25x.rep1.bam.bai
[W::hts_idx_load3] The index file is older than the data file: /bip7_disk/pingting114/mixed_bam/COLO829_PAO/TF1e-2_25x/TF1e-2_25x.rep1.bam.bai
[W::hts_idx_load3] The index file is older than the data file: /bip7_disk/pingting114/mixed_bam/COLO829_PAO/TF1e-2_25x/TF1e-2_25x.rep1.bam.bai
[W::bam_next_basemod] MM tag refers to bases beyond sequence length
[W::hts_idx_load3] The index file is older than the data file: /bip7_disk/pingting114/mixed_bam/COLO829_PAO/TF1e-2_25x/TF1e-2_25x.rep1.bam.bai
[W::hts_idx_load3] The index file is older than the data file: /bip7_disk/pingting114/mixed_bam/COLO829_PAO/TF1e-2_25x/TF1e-2_25x.rep1.bam.bai
[W::bam_next_basemod] MM tag refers to bases beyond sequence length
[W::hts_idx_load3] The index file is older than the data file: /bip7_disk/pingting114/mixed_bam/COLO829_PAO/TF1e-2_25x/TF1e-2_25x.rep1.bam.bai
[W::bam_next_basemod] MM tag refers to bases beyond sequence length
[W::hts_idx_load3] The index file is older than the data file: /bip7_disk/pingting114/mixed_bam/COLO829_PAO/TF1e-2_25x/TF1e-2_25x.rep1.bam.bai
[W::hts_idx_load3] The index file is older than the data file: /bip7_disk/pingting114/mixed_bam/COLO829_PAO/TF1e-2_25x/TF1e-2_25x.rep1.bam.bai
[W::bam_next_basemod] MM tag refers to bases beyond sequence length
[W::hts_idx_load3] The index file is older than the data file: /bip7_disk/pingting114/mixed_bam/COLO829_PAO/TF1e-2_25x/TF1e-2_25x.rep1.bam.bai
[W::hts_idx_load3] The index file is older than the data file: /bip7_disk/pingting114/mixed_bam/COLO829_PAO/TF1e-2_25x/TF1e-2_25x.rep1.bam.bai
[W::hts_idx_load3] The index file is older than the data file: /bip7_disk/pingting114/mixed_bam/COLO829_PAO/TF1e-2_25x/TF1e-2_25x.rep1.bam.bai
[W::hts_idx_load3] The index file is older than the data file: /bip7_disk/pingting114/mixed_bam/COLO829_PAO/TF1e-2_25x/TF1e-2_25x.rep1.bam.bai
[W::hts_idx_load3] The index file is older than the data file: /bip7_disk/pingting114/mixed_bam/COLO829_PAO/TF1e-2_25x/TF1e-2_25x.rep1.bam.bai
[W::hts_idx_load3] The index file is older than the data file: /bip7_disk/pingting114/mixed_bam/COLO829_PAO/TF1e-2_25x/TF1e-2_25x.rep1.bam.bai
[W::hts_idx_load3] The index file is older than the data file: /bip7_disk/pingting114/mixed_bam/COLO829_PAO/TF1e-2_25x/TF1e-2_25x.rep1.bam.bai
[W::hts_idx_load3] The index file is older than the data file: /bip7_disk/pingting114/mixed_bam/COLO829_PAO/TF1e-2_25x/TF1e-2_25x.rep1.bam.bai
[W::hts_idx_load3] The index file is older than the data file: /bip7_disk/pingting114/mixed_bam/COLO829_PAO/TF1e-2_25x/TF1e-2_25x.rep1.bam.bai
[W::hts_idx_load3] The index file is older than the data file: /bip7_disk/pingting114/mixed_bam/COLO829_PAO/TF1e-2_25x/TF1e-2_25x.rep1.bam.bai
[W::hts_idx_load3] The index file is older than the data file: /bip7_disk/pingting114/mixed_bam/COLO829_PAO/TF1e-2_25x/TF1e-2_25x.rep1.bam.bai
[W::hts_idx_load3] The index file is older than the data file: /bip7_disk/pingting114/mixed_bam/COLO829_PAO/TF1e-2_25x/TF1e-2_25x.rep1.bam.bai
[W::hts_idx_load3] The index file is older than the data file: /bip7_disk/pingting114/mixed_bam/COLO829_PAO/TF1e-2_25x/TF1e-2_25x.rep1.bam.bai
[W::hts_idx_load3] The index file is older than the data file: /bip7_disk/pingting114/mixed_bam/COLO829_PAO/TF1e-2_25x/TF1e-2_25x.rep1.bam.bai
[W::bam_next_basemod] MM tag refers to bases beyond sequence length
[W::hts_idx_load3] The index file is older than the data file: /bip7_disk/pingting114/mixed_bam/COLO829_PAO/TF1e-2_25x/TF1e-2_25x.rep1.bam.bai
[W::hts_idx_load3] The index file is older than the data file: /bip7_disk/pingting114/mixed_bam/COLO829_PAO/TF1e-2_25x/TF1e-2_25x.rep1.bam.bai
[E::bam_parse_basemod2] 4ccdb7d3-6704-4ade-85b4-728ee1aeedb3: MM tag refers to bases beyond sequence length
[W::hts_idx_load3] The index file is older than the data file: /bip7_disk/pingting114/mixed_bam/COLO829_PAO/TF1e-2_25x/TF1e-2_25x.rep1.bam.bai
[W::bam_next_basemod] MM tag refers to bases beyond sequence length
[W::hts_idx_load3] The index file is older than the data file: /bip7_disk/pingting114/mixed_bam/COLO829_PAO/TF1e-2_25x/TF1e-2_25x.rep1.bam.bai
[W::hts_idx_load3] The index file is older than the data file: /bip7_disk/pingting114/mixed_bam/COLO829_PAO/TF1e-2_25x/TF1e-2_25x.rep1.bam.bai
[E::bam_parse_basemod2] 14118af2-7b11-4ad4-b087-1600b1846f08: MM tag refers to bases beyond sequence length
[W::hts_idx_load3] The index file is older than the data file: /bip7_disk/pingting114/mixed_bam/COLO829_PAO/TF1e-2_25x/TF1e-2_25x.rep1.bam.bai
[W::hts_idx_load3] The index file is older than the data file: /bip7_disk/pingting114/mixed_bam/COLO829_PAO/TF1e-2_25x/TF1e-2_25x.rep1.bam.bai
[E::bam_parse_basemod2] e5461a47-1a09-4db9-a9b5-f7d2bea76129: MM tag refers to bases beyond sequence length
[W::hts_idx_load3] The index file is older than the data file: /bip7_disk/pingting114/mixed_bam/COLO829_PAO/TF1e-2_25x/TF1e-2_25x.rep1.bam.bai
[E::bam_parse_basemod2] 0389439d-37ea-432f-969d-74429230fa4f: MM tag refers to bases beyond sequence length
[W::hts_idx_load3] The index file is older than the data file: /bip7_disk/pingting114/mixed_bam/COLO829_PAO/TF1e-2_25x/TF1e-2_25x.rep1.bam.bai
[W::hts_idx_load3] The index file is older than the data file: /bip7_disk/pingting114/mixed_bam/COLO829_PAO/TF1e-2_25x/TF1e-2_25x.rep1.bam.bai
[W::hts_idx_load3] The index file is older than the data file: /bip7_disk/pingting114/mixed_bam/COLO829_PAO/TF1e-2_25x/TF1e-2_25x.rep1.bam.bai
[W::hts_idx_load3] The index file is older than the data file: /bip7_disk/pingting114/mixed_bam/COLO829_PAO/TF1e-2_25x/TF1e-2_25x.rep1.bam.bai
[W::hts_idx_load3] The index file is older than the data file: /bip7_disk/pingting114/mixed_bam/COLO829_PAO/TF1e-2_25x/TF1e-2_25x.rep1.bam.bai
[E::bam_parse_basemod2] 67edd870-9d1b-4863-bea9-a226ca68e152: MM tag refers to bases beyond sequence length
[W::bam_next_basemod] MM tag refers to bases beyond sequence length
[W::hts_idx_load3] The index file is older than the data file: /bip7_disk/pingting114/mixed_bam/COLO829_PAO/TF1e-2_25x/TF1e-2_25x.rep1.bam.bai
[W::hts_idx_load3] The index file is older than the data file: /bip7_disk/pingting114/mixed_bam/COLO829_PAO/TF1e-2_25x/TF1e-2_25x.rep1.bam.bai
[W::bam_next_basemod] MM tag refers to bases beyond sequence length
[W::hts_idx_load3] The index file is older than the data file: /bip7_disk/pingting114/mixed_bam/COLO829_PAO/TF1e-2_25x/TF1e-2_25x.rep1.bam.bai
[W::hts_idx_load3] The index file is older than the data file: /bip7_disk/pingting114/mixed_bam/COLO829_PAO/TF1e-2_25x/TF1e-2_25x.rep1.bam.bai
[W::hts_idx_load3] The index file is older than the data file: /bip7_disk/pingting114/mixed_bam/COLO829_PAO/TF1e-2_25x/TF1e-2_25x.rep1.bam.bai
[E::bam_parse_basemod2] a03457e8-21e1-40cd-a3c6-84e3c3a6b58b: MM tag refers to bases beyond sequence length
[E::bam_parse_basemod2] 88802a78-3398-4768-9241-81843846fc2f: MM tag refers to bases beyond sequence length
[W::hts_idx_load3] The index file is older than the data file: /bip7_disk/pingting114/mixed_bam/COLO829_PAO/TF1e-2_25x/TF1e-2_25x.rep1.bam.bai
[W::hts_idx_load3] The index file is older than the data file: /bip7_disk/pingting114/mixed_bam/COLO829_PAO/TF1e-2_25x/TF1e-2_25x.rep1.bam.bai
[E::bam_parse_basemod2] 98375781-9e41-4992-b316-bf8e3637afae: MM tag refers to bases beyond sequence length
[W::hts_idx_load3] The index file is older than the data file: /bip7_disk/pingting114/mixed_bam/COLO829_PAO/TF1e-2_25x/TF1e-2_25x.rep1.bam.bai
[W::bam_next_basemod] MM tag refers to bases beyond sequence length
[W::hts_idx_load3] The index file is older than the data file: /bip7_disk/pingting114/mixed_bam/COLO829_PAO/TF1e-2_25x/TF1e-2_25x.rep1.bam.bai
[E::bam_parse_basemod2] 13e572a3-c984-470e-9621-653a6f5245ff: MM tag refers to bases beyond sequence length
[W::hts_idx_load3] The index file is older than the data file: /bip7_disk/pingting114/mixed_bam/COLO829_PAO/TF1e-2_25x/TF1e-2_25x.rep1.bam.bai
[W::hts_idx_load3] The index file is older than the data file: /bip7_disk/pingting114/mixed_bam/COLO829_PAO/TF1e-2_25x/TF1e-2_25x.rep1.bam.bai
[W::bam_next_basemod] MM tag refers to bases beyond sequence length
[W::hts_idx_load3] The index file is older than the data file: /bip7_disk/pingting114/mixed_bam/COLO829_PAO/TF1e-2_25x/TF1e-2_25x.rep1.bam.bai
[W::hts_idx_load3] The index file is older than the data file: /bip7_disk/pingting114/mixed_bam/COLO829_PAO/TF1e-2_25x/TF1e-2_25x.rep1.bam.bai
[E::bam_parse_basemod2] d5e3e800-eedd-4704-9100-7815308e743e: MM tag refers to bases beyond sequence length
[W::hts_idx_load3] The index file is older than the data file: /bip7_disk/pingting114/mixed_bam/COLO829_PAO/TF1e-2_25x/TF1e-2_25x.rep1.bam.bai
[E::bam_parse_basemod2] 17160d49-1b7d-4a72-a11e-814f688f3701: MM tag refers to bases beyond sequence length
[W::hts_idx_load3] The index file is older than the data file: /bip7_disk/pingting114/mixed_bam/COLO829_PAO/TF1e-2_25x/TF1e-2_25x.rep1.bam.bai
[W::hts_idx_load3] The index file is older than the data file: /bip7_disk/pingting114/mixed_bam/COLO829_PAO/TF1e-2_25x/TF1e-2_25x.rep1.bam.bai
[W::hts_idx_load3] The index file is older than the data file: /bip7_disk/pingting114/mixed_bam/COLO829_PAO/TF1e-2_25x/TF1e-2_25x.rep1.bam.bai
[E::bam_parse_basemod2] e65a0280-af63-418c-a731-98aed7727ada: MM tag refers to bases beyond sequence length
[W::hts_idx_load3] The index file is older than the data file: /bip7_disk/pingting114/mixed_bam/COLO829_PAO/TF1e-2_25x/TF1e-2_25x.rep1.bam.bai
[W::hts_idx_load3] The index file is older than the data file: /bip7_disk/pingting114/mixed_bam/COLO829_PAO/TF1e-2_25x/TF1e-2_25x.rep1.bam.bai
[W::hts_idx_load3] The index file is older than the data file: /bip7_disk/pingting114/mixed_bam/COLO829_PAO/TF1e-2_25x/TF1e-2_25x.rep1.bam.bai
[W::hts_idx_load3] The index file is older than the data file: /bip7_disk/pingting114/mixed_bam/COLO829_PAO/TF1e-2_25x/TF1e-2_25x.rep1.bam.bai
[W::bam_next_basemod] MM tag refers to bases beyond sequence length
[W::hts_idx_load3] The index file is older than the data file: /bip7_disk/pingting114/mixed_bam/COLO829_PAO/TF1e-2_25x/TF1e-2_25x.rep1.bam.bai
[W::hts_idx_load3] The index file is older than the data file: /bip7_disk/pingting114/mixed_bam/COLO829_PAO/TF1e-2_25x/TF1e-2_25x.rep1.bam.bai
[W::hts_idx_load3] The index file is older than the data file: /bip7_disk/pingting114/mixed_bam/COLO829_PAO/TF1e-2_25x/TF1e-2_25x.rep1.bam.bai
[W::hts_idx_load3] The index file is older than the data file: /bip7_disk/pingting114/mixed_bam/COLO829_PAO/TF1e-2_25x/TF1e-2_25x.rep1.bam.bai
[W::hts_idx_load3] The index file is older than the data file: /bip7_disk/pingting114/mixed_bam/COLO829_PAO/TF1e-2_25x/TF1e-2_25x.rep1.bam.bai
[W::hts_idx_load3] The index file is older than the data file: /bip7_disk/pingting114/mixed_bam/COLO829_PAO/TF1e-2_25x/TF1e-2_25x.rep1.bam.bai
[W::hts_idx_load3] The index file is older than the data file: /bip7_disk/pingting114/mixed_bam/COLO829_PAO/TF1e-2_25x/TF1e-2_25x.rep1.bam.bai
[W::hts_idx_load3] The index file is older than the data file: /bip7_disk/pingting114/mixed_bam/COLO829_PAO/TF1e-2_25x/TF1e-2_25x.rep1.bam.bai
[W::hts_idx_load3] The index file is older than the data file: /bip7_disk/pingting114/mixed_bam/COLO829_PAO/TF1e-2_25x/TF1e-2_25x.rep1.bam.bai
[W::hts_idx_load3] The index file is older than the data file: /bip7_disk/pingting114/mixed_bam/COLO829_PAO/TF1e-2_25x/TF1e-2_25x.rep1.bam.bai
[W::bam_next_basemod] MM tag refers to bases beyond sequence length
[W::bam_next_basemod] MM tag refers to bases beyond sequence length
[W::hts_idx_load3] The index file is older than the data file: /bip7_disk/pingting114/mixed_bam/COLO829_PAO/TF1e-2_25x/TF1e-2_25x.rep1.bam.bai
[W::hts_idx_load3] The index file is older than the data file: /bip7_disk/pingting114/mixed_bam/COLO829_PAO/TF1e-2_25x/TF1e-2_25x.rep1.bam.bai
[W::hts_idx_load3] The index file is older than the data file: /bip7_disk/pingting114/mixed_bam/COLO829_PAO/TF1e-2_25x/TF1e-2_25x.rep1.bam.bai
[W::hts_idx_load3] The index file is older than the data file: /bip7_disk/pingting114/mixed_bam/COLO829_PAO/TF1e-2_25x/TF1e-2_25x.rep1.bam.bai
[W::hts_idx_load3] The index file is older than the data file: /bip7_disk/pingting114/mixed_bam/COLO829_PAO/TF1e-2_25x/TF1e-2_25x.rep1.bam.bai
[W::bam_next_basemod] MM tag refers to bases beyond sequence length
[W::hts_idx_load3] The index file is older than the data file: /bip7_disk/pingting114/mixed_bam/COLO829_PAO/TF1e-2_25x/TF1e-2_25x.rep1.bam.bai
[W::hts_idx_load3] The index file is older than the data file: /bip7_disk/pingting114/mixed_bam/COLO829_PAO/TF1e-2_25x/TF1e-2_25x.rep1.bam.bai
[W::hts_idx_load3] The index file is older than the data file: /bip7_disk/pingting114/mixed_bam/COLO829_PAO/TF1e-2_25x/TF1e-2_25x.rep1.bam.bai
[W::hts_idx_load3] The index file is older than the data file: /bip7_disk/pingting114/mixed_bam/COLO829_PAO/TF1e-2_25x/TF1e-2_25x.rep1.bam.bai
[E::bam_parse_basemod2] f358e432-9252-44ad-8af6-cb1272431f70: MM tag refers to bases beyond sequence length
[W::hts_idx_load3] The index file is older than the data file: /bip7_disk/pingting114/mixed_bam/COLO829_PAO/TF1e-2_25x/TF1e-2_25x.rep1.bam.bai
[W::hts_idx_load3] The index file is older than the data file: /bip7_disk/pingting114/mixed_bam/COLO829_PAO/TF1e-2_25x/TF1e-2_25x.rep1.bam.bai
[E::bam_parse_basemod2] c62a246c-f157-4804-93d3-9c6022d79366: MM tag refers to bases beyond sequence length
[W::hts_idx_load3] The index file is older than the data file: /bip7_disk/pingting114/mixed_bam/COLO829_PAO/TF1e-2_25x/TF1e-2_25x.rep1.bam.bai
[W::hts_idx_load3] The index file is older than the data file: /bip7_disk/pingting114/mixed_bam/COLO829_PAO/TF1e-2_25x/TF1e-2_25x.rep1.bam.bai
[W::hts_idx_load3] The index file is older than the data file: /bip7_disk/pingting114/mixed_bam/COLO829_PAO/TF1e-2_25x/TF1e-2_25x.rep1.bam.bai
[W::hts_idx_load3] The index file is older than the data file: /bip7_disk/pingting114/mixed_bam/COLO829_PAO/TF1e-2_25x/TF1e-2_25x.rep1.bam.bai
[W::hts_idx_load3] The index file is older than the data file: /bip7_disk/pingting114/mixed_bam/COLO829_PAO/TF1e-2_25x/TF1e-2_25x.rep1.bam.bai
[W::hts_idx_load3] The index file is older than the data file: /bip7_disk/pingting114/mixed_bam/COLO829_PAO/TF1e-2_25x/TF1e-2_25x.rep1.bam.bai
[W::hts_idx_load3] The index file is older than the data file: /bip7_disk/pingting114/mixed_bam/COLO829_PAO/TF1e-2_25x/TF1e-2_25x.rep1.bam.bai
[W::bam_next_basemod] MM tag refers to bases beyond sequence length
[W::hts_idx_load3] The index file is older than the data file: /bip7_disk/pingting114/mixed_bam/COLO829_PAO/TF1e-2_25x/TF1e-2_25x.rep1.bam.bai
[W::bam_next_basemod] MM tag refers to bases beyond sequence length
[W::hts_idx_load3] The index file is older than the data file: /bip7_disk/pingting114/mixed_bam/COLO829_PAO/TF1e-2_25x/TF1e-2_25x.rep1.bam.bai
[W::hts_idx_load3] The index file is older than the data file: /bip7_disk/pingting114/mixed_bam/COLO829_PAO/TF1e-2_25x/TF1e-2_25x.rep1.bam.bai
[W::hts_idx_load3] The index file is older than the data file: /bip7_disk/pingting114/mixed_bam/COLO829_PAO/TF1e-2_25x/TF1e-2_25x.rep1.bam.bai
[W::hts_idx_load3] The index file is older than the data file: /bip7_disk/pingting114/mixed_bam/COLO829_PAO/TF1e-2_25x/TF1e-2_25x.rep1.bam.bai
[W::bam_next_basemod] MM tag refers to bases beyond sequence length
[W::hts_idx_load3] The index file is older than the data file: /bip7_disk/pingting114/mixed_bam/COLO829_PAO/TF1e-2_25x/TF1e-2_25x.rep1.bam.bai
[W::hts_idx_load3] The index file is older than the data file: /bip7_disk/pingting114/mixed_bam/COLO829_PAO/TF1e-2_25x/TF1e-2_25x.rep1.bam.bai
[W::hts_idx_load3] The index file is older than the data file: /bip7_disk/pingting114/mixed_bam/COLO829_PAO/TF1e-2_25x/TF1e-2_25x.rep1.bam.bai
[W::hts_idx_load3] The index file is older than the data file: /bip7_disk/pingting114/mixed_bam/COLO829_PAO/TF1e-2_25x/TF1e-2_25x.rep1.bam.bai
[W::hts_idx_load3] The index file is older than the data file: /bip7_disk/pingting114/mixed_bam/COLO829_PAO/TF1e-2_25x/TF1e-2_25x.rep1.bam.bai
[W::hts_idx_load3] The index file is older than the data file: /bip7_disk/pingting114/mixed_bam/COLO829_PAO/TF1e-2_25x/TF1e-2_25x.rep1.bam.bai
[W::hts_idx_load3] The index file is older than the data file: /bip7_disk/pingting114/mixed_bam/COLO829_PAO/TF1e-2_25x/TF1e-2_25x.rep1.bam.bai
[W::hts_idx_load3] The index file is older than the data file: /bip7_disk/pingting114/mixed_bam/COLO829_PAO/TF1e-2_25x/TF1e-2_25x.rep1.bam.bai
[W::hts_idx_load3] The index file is older than the data file: /bip7_disk/pingting114/mixed_bam/COLO829_PAO/TF1e-2_25x/TF1e-2_25x.rep1.bam.bai
[W::bam_next_basemod] MM tag refers to bases beyond sequence length
[W::hts_idx_load3] The index file is older than the data file: /bip7_disk/pingting114/mixed_bam/COLO829_PAO/TF1e-2_25x/TF1e-2_25x.rep1.bam.bai
[W::bam_next_basemod] MM tag refers to bases beyond sequence length
[W::hts_idx_load3] The index file is older than the data file: /bip7_disk/pingting114/mixed_bam/COLO829_PAO/TF1e-2_25x/TF1e-2_25x.rep1.bam.bai
[W::hts_idx_load3] The index file is older than the data file: /bip7_disk/pingting114/mixed_bam/COLO829_PAO/TF1e-2_25x/TF1e-2_25x.rep1.bam.bai
[W::hts_idx_load3] The index file is older than the data file: /bip7_disk/pingting114/mixed_bam/COLO829_PAO/TF1e-2_25x/TF1e-2_25x.rep1.bam.bai
[W::hts_idx_load3] The index file is older than the data file: /bip7_disk/pingting114/mixed_bam/COLO829_PAO/TF1e-2_25x/TF1e-2_25x.rep1.bam.bai
[W::hts_idx_load3] The index file is older than the data file: /bip7_disk/pingting114/mixed_bam/COLO829_PAO/TF1e-2_25x/TF1e-2_25x.rep1.bam.bai
[W::hts_idx_load3] The index file is older than the data file: /bip7_disk/pingting114/mixed_bam/COLO829_PAO/TF1e-2_25x/TF1e-2_25x.rep1.bam.bai
[W::hts_idx_load3] The index file is older than the data file: /bip7_disk/pingting114/mixed_bam/COLO829_PAO/TF1e-2_25x/TF1e-2_25x.rep1.bam.bai
[W::hts_idx_load3] The index file is older than the data file: /bip7_disk/pingting114/mixed_bam/COLO829_PAO/TF1e-2_25x/TF1e-2_25x.rep1.bam.bai
[W::hts_idx_load3] The index file is older than the data file: /bip7_disk/pingting114/mixed_bam/COLO829_PAO/TF1e-2_25x/TF1e-2_25x.rep1.bam.bai
[W::hts_idx_load3] The index file is older than the data file: /bip7_disk/pingting114/mixed_bam/COLO829_PAO/TF1e-2_25x/TF1e-2_25x.rep1.bam.bai
[W::hts_idx_load3] The index file is older than the data file: /bip7_disk/pingting114/mixed_bam/COLO829_PAO/TF1e-2_25x/TF1e-2_25x.rep1.bam.bai
[E::bam_parse_basemod2] fc59c98c-f86b-4c83-8bee-4c61127e5234: MM tag refers to bases beyond sequence length
[W::hts_idx_load3] The index file is older than the data file: /bip7_disk/pingting114/mixed_bam/COLO829_PAO/TF1e-2_25x/TF1e-2_25x.rep1.bam.bai
[W::hts_idx_load3] The index file is older than the data file: /bip7_disk/pingting114/mixed_bam/COLO829_PAO/TF1e-2_25x/TF1e-2_25x.rep1.bam.bai
[W::hts_idx_load3] The index file is older than the data file: /bip7_disk/pingting114/mixed_bam/COLO829_PAO/TF1e-2_25x/TF1e-2_25x.rep1.bam.bai
[W::hts_idx_load3] The index file is older than the data file: /bip7_disk/pingting114/mixed_bam/COLO829_PAO/TF1e-2_25x/TF1e-2_25x.rep1.bam.bai
[W::hts_idx_load3] The index file is older than the data file: /bip7_disk/pingting114/mixed_bam/COLO829_PAO/TF1e-2_25x/TF1e-2_25x.rep1.bam.bai
[W::hts_idx_load3] The index file is older than the data file: /bip7_disk/pingting114/mixed_bam/COLO829_PAO/TF1e-2_25x/TF1e-2_25x.rep1.bam.bai
[W::hts_idx_load3] The index file is older than the data file: /bip7_disk/pingting114/mixed_bam/COLO829_PAO/TF1e-2_25x/TF1e-2_25x.rep1.bam.bai
[W::bam_next_basemod] MM tag refers to bases beyond sequence length
[E::bam_parse_basemod2] 58b02501-778e-4db9-aa06-cc8d3f56557c: MM tag refers to bases beyond sequence length
[W::hts_idx_load3] The index file is older than the data file: /bip7_disk/pingting114/mixed_bam/COLO829_PAO/TF1e-2_25x/TF1e-2_25x.rep1.bam.bai
[W::hts_idx_load3] The index file is older than the data file: /bip7_disk/pingting114/mixed_bam/COLO829_PAO/TF1e-2_25x/TF1e-2_25x.rep1.bam.bai
[E::bam_parse_basemod2] f95f364c-69fa-4069-adfd-9eef42c3118c: MM tag refers to bases beyond sequence length
[W::bam_next_basemod] MM tag refers to bases beyond sequence length
[W::hts_idx_load3] The index file is older than the data file: /bip7_disk/pingting114/mixed_bam/COLO829_PAO/TF1e-2_25x/TF1e-2_25x.rep1.bam.bai
[W::hts_idx_load3] The index file is older than the data file: /bip7_disk/pingting114/mixed_bam/COLO829_PAO/TF1e-2_25x/TF1e-2_25x.rep1.bam.bai
[W::bam_next_basemod] MM tag refers to bases beyond sequence length
[W::hts_idx_load3] The index file is older than the data file: /bip7_disk/pingting114/mixed_bam/COLO829_PAO/TF1e-2_25x/TF1e-2_25x.rep1.bam.bai
[E::bam_parse_basemod2] 458d040b-8ec5-4472-9139-d431d04acd25: MM tag refers to bases beyond sequence length
[W::hts_idx_load3] The index file is older than the data file: /bip7_disk/pingting114/mixed_bam/COLO829_PAO/TF1e-2_25x/TF1e-2_25x.rep1.bam.bai
[W::hts_idx_load3] The index file is older than the data file: /bip7_disk/pingting114/mixed_bam/COLO829_PAO/TF1e-2_25x/TF1e-2_25x.rep1.bam.bai
[E::bam_parse_basemod2] a79dc5f7-fd00-468f-8af5-8234e6a04239: MM tag refers to bases beyond sequence length
[W::hts_idx_load3] The index file is older than the data file: /bip7_disk/pingting114/mixed_bam/COLO829_PAO/TF1e-2_25x/TF1e-2_25x.rep1.bam.bai
[W::hts_idx_load3] The index file is older than the data file: /bip7_disk/pingting114/mixed_bam/COLO829_PAO/TF1e-2_25x/TF1e-2_25x.rep1.bam.bai
[W::hts_idx_load3] The index file is older than the data file: /bip7_disk/pingting114/mixed_bam/COLO829_PAO/TF1e-2_25x/TF1e-2_25x.rep1.bam.bai
[W::bam_next_basemod] MM tag refers to bases beyond sequence length
[E::bam_parse_basemod2] c1fbb30a-656b-4a15-ba55-337a1f809e56: MM tag refers to bases beyond sequence length
[W::hts_idx_load3] The index file is older than the data file: /bip7_disk/pingting114/mixed_bam/COLO829_PAO/TF1e-2_25x/TF1e-2_25x.rep1.bam.bai
[W::hts_idx_load3] The index file is older than the data file: /bip7_disk/pingting114/mixed_bam/COLO829_PAO/TF1e-2_25x/TF1e-2_25x.rep1.bam.bai
[E::bam_parse_basemod2] 67826e8d-beb4-4a3b-af48-b4d78ed16fd8: MM tag refers to bases beyond sequence length
[W::hts_idx_load3] The index file is older than the data file: /bip7_disk/pingting114/mixed_bam/COLO829_PAO/TF1e-2_25x/TF1e-2_25x.rep1.bam.bai
[W::hts_idx_load3] The index file is older than the data file: /bip7_disk/pingting114/mixed_bam/COLO829_PAO/TF1e-2_25x/TF1e-2_25x.rep1.bam.bai
[W::bam_next_basemod] MM tag refers to bases beyond sequence length
[W::hts_idx_load3] The index file is older than the data file: /bip7_disk/pingting114/mixed_bam/COLO829_PAO/TF1e-2_25x/TF1e-2_25x.rep1.bam.bai
[W::bam_next_basemod] MM tag refers to bases beyond sequence length
[W::hts_idx_load3] The index file is older than the data file: /bip7_disk/pingting114/mixed_bam/COLO829_PAO/TF1e-2_25x/TF1e-2_25x.rep1.bam.bai
[W::hts_idx_load3] The index file is older than the data file: /bip7_disk/pingting114/mixed_bam/COLO829_PAO/TF1e-2_25x/TF1e-2_25x.rep1.bam.bai
[W::hts_idx_load3] The index file is older than the data file: /bip7_disk/pingting114/mixed_bam/COLO829_PAO/TF1e-2_25x/TF1e-2_25x.rep1.bam.bai
[W::bam_next_basemod] MM tag refers to bases beyond sequence length
[W::bam_next_basemod] MM tag refers to bases beyond sequence length
[W::hts_idx_load3] The index file is older than the data file: /bip7_disk/pingting114/mixed_bam/COLO829_PAO/TF1e-2_25x/TF1e-2_25x.rep1.bam.bai
[W::hts_idx_load3] The index file is older than the data file: /bip7_disk/pingting114/mixed_bam/COLO829_PAO/TF1e-2_25x/TF1e-2_25x.rep1.bam.bai
[W::hts_idx_load3] The index file is older than the data file: /bip7_disk/pingting114/mixed_bam/COLO829_PAO/TF1e-2_25x/TF1e-2_25x.rep1.bam.bai
[W::hts_idx_load3] The index file is older than the data file: /bip7_disk/pingting114/mixed_bam/COLO829_PAO/TF1e-2_25x/TF1e-2_25x.rep1.bam.bai
[W::bam_next_basemod] MM tag refers to bases beyond sequence length
[W::hts_idx_load3] The index file is older than the data file: /bip7_disk/pingting114/mixed_bam/COLO829_PAO/TF1e-2_25x/TF1e-2_25x.rep1.bam.bai
[W::hts_idx_load3] The index file is older than the data file: /bip7_disk/pingting114/mixed_bam/COLO829_PAO/TF1e-2_25x/TF1e-2_25x.rep1.bam.bai
[W::hts_idx_load3] The index file is older than the data file: /bip7_disk/pingting114/mixed_bam/COLO829_PAO/TF1e-2_25x/TF1e-2_25x.rep1.bam.bai
[W::hts_idx_load3] The index file is older than the data file: /bip7_disk/pingting114/mixed_bam/COLO829_PAO/TF1e-2_25x/TF1e-2_25x.rep1.bam.bai
[W::hts_idx_load3] The index file is older than the data file: /bip7_disk/pingting114/mixed_bam/COLO829_PAO/TF1e-2_25x/TF1e-2_25x.rep1.bam.bai
[E::bam_parse_basemod2] 9e0cf5cb-7b83-4aa5-87d8-3bd2ef87103b: MM tag refers to bases beyond sequence length
[W::hts_idx_load3] The index file is older than the data file: /bip7_disk/pingting114/mixed_bam/COLO829_PAO/TF1e-2_25x/TF1e-2_25x.rep1.bam.bai
[W::hts_idx_load3] The index file is older than the data file: /bip7_disk/pingting114/mixed_bam/COLO829_PAO/TF1e-2_25x/TF1e-2_25x.rep1.bam.bai
[W::bam_next_basemod] MM tag refers to bases beyond sequence length
[W::hts_idx_load3] The index file is older than the data file: /bip7_disk/pingting114/mixed_bam/COLO829_PAO/TF1e-2_25x/TF1e-2_25x.rep1.bam.bai
[W::hts_idx_load3] The index file is older than the data file: /bip7_disk/pingting114/mixed_bam/COLO829_PAO/TF1e-2_25x/TF1e-2_25x.rep1.bam.bai
[W::hts_idx_load3] The index file is older than the data file: /bip7_disk/pingting114/mixed_bam/COLO829_PAO/TF1e-2_25x/TF1e-2_25x.rep1.bam.bai
[W::bam_next_basemod] MM tag refers to bases beyond sequence length
[W::hts_idx_load3] The index file is older than the data file: /bip7_disk/pingting114/mixed_bam/COLO829_PAO/TF1e-2_25x/TF1e-2_25x.rep1.bam.bai
[W::hts_idx_load3] The index file is older than the data file: /bip7_disk/pingting114/mixed_bam/COLO829_PAO/TF1e-2_25x/TF1e-2_25x.rep1.bam.bai
[W::hts_idx_load3] The index file is older than the data file: /bip7_disk/pingting114/mixed_bam/COLO829_PAO/TF1e-2_25x/TF1e-2_25x.rep1.bam.bai
[W::hts_idx_load3] The index file is older than the data file: /bip7_disk/pingting114/mixed_bam/COLO829_PAO/TF1e-2_25x/TF1e-2_25x.rep1.bam.bai
[W::hts_idx_load3] The index file is older than the data file: /bip7_disk/pingting114/mixed_bam/COLO829_PAO/TF1e-2_25x/TF1e-2_25x.rep1.bam.bai
[W::hts_idx_load3] The index file is older than the data file: /bip7_disk/pingting114/mixed_bam/COLO829_PAO/TF1e-2_25x/TF1e-2_25x.rep1.bam.bai
[W::hts_idx_load3] The index file is older than the data file: /bip7_disk/pingting114/mixed_bam/COLO829_PAO/TF1e-2_25x/TF1e-2_25x.rep1.bam.bai
[W::bam_next_basemod] MM tag refers to bases beyond sequence length
[W::bam_next_basemod] MM tag refers to bases beyond sequence length
[W::hts_idx_load3] The index file is older than the data file: /bip7_disk/pingting114/mixed_bam/COLO829_PAO/TF1e-2_25x/TF1e-2_25x.rep1.bam.bai
[W::hts_idx_load3] The index file is older than the data file: /bip7_disk/pingting114/mixed_bam/COLO829_PAO/TF1e-2_25x/TF1e-2_25x.rep1.bam.bai
[W::hts_idx_load3] The index file is older than the data file: /bip7_disk/pingting114/mixed_bam/COLO829_PAO/TF1e-2_25x/TF1e-2_25x.rep1.bam.bai
[W::hts_idx_load3] The index file is older than the data file: /bip7_disk/pingting114/mixed_bam/COLO829_PAO/TF1e-2_25x/TF1e-2_25x.rep1.bam.bai
[W::hts_idx_load3] The index file is older than the data file: /bip7_disk/pingting114/mixed_bam/COLO829_PAO/TF1e-2_25x/TF1e-2_25x.rep1.bam.bai
[W::bam_next_basemod] MM tag refers to bases beyond sequence length
[W::hts_idx_load3] The index file is older than the data file: /bip7_disk/pingting114/mixed_bam/COLO829_PAO/TF1e-2_25x/TF1e-2_25x.rep1.bam.bai
[W::bam_next_basemod] MM tag refers to bases beyond sequence length
[W::hts_idx_load3] The index file is older than the data file: /bip7_disk/pingting114/mixed_bam/COLO829_PAO/TF1e-2_25x/TF1e-2_25x.rep1.bam.bai
[W::hts_idx_load3] The index file is older than the data file: /bip7_disk/pingting114/mixed_bam/COLO829_PAO/TF1e-2_25x/TF1e-2_25x.rep1.bam.bai
[W::hts_idx_load3] The index file is older than the data file: /bip7_disk/pingting114/mixed_bam/COLO829_PAO/TF1e-2_25x/TF1e-2_25x.rep1.bam.bai
[W::hts_idx_load3] The index file is older than the data file: /bip7_disk/pingting114/mixed_bam/COLO829_PAO/TF1e-2_25x/TF1e-2_25x.rep1.bam.bai
[E::bam_parse_basemod2] 9419c8ef-9945-4260-ab49-9a2fbfd9e5a4: MM tag refers to bases beyond sequence length
[W::hts_idx_load3] The index file is older than the data file: /bip7_disk/pingting114/mixed_bam/COLO829_PAO/TF1e-2_25x/TF1e-2_25x.rep1.bam.bai
[W::hts_idx_load3] The index file is older than the data file: /bip7_disk/pingting114/mixed_bam/COLO829_PAO/TF1e-2_25x/TF1e-2_25x.rep1.bam.bai
[E::bam_parse_basemod2] 5b168b6f-bcf4-49dd-8788-9f12ce1d67c6: MM tag refers to bases beyond sequence length
[W::hts_idx_load3] The index file is older than the data file: /bip7_disk/pingting114/mixed_bam/COLO829_PAO/TF1e-2_25x/TF1e-2_25x.rep1.bam.bai
[W::bam_next_basemod] MM tag refers to bases beyond sequence length
[W::hts_idx_load3] The index file is older than the data file: /bip7_disk/pingting114/mixed_bam/COLO829_PAO/TF1e-2_25x/TF1e-2_25x.rep1.bam.bai
[W::hts_idx_load3] The index file is older than the data file: /bip7_disk/pingting114/mixed_bam/COLO829_PAO/TF1e-2_25x/TF1e-2_25x.rep1.bam.bai
[W::bam_next_basemod] MM tag refers to bases beyond sequence length
[W::hts_idx_load3] The index file is older than the data file: /bip7_disk/pingting114/mixed_bam/COLO829_PAO/TF1e-2_25x/TF1e-2_25x.rep1.bam.bai
[W::hts_idx_load3] The index file is older than the data file: /bip7_disk/pingting114/mixed_bam/COLO829_PAO/TF1e-2_25x/TF1e-2_25x.rep1.bam.bai
[W::bam_next_basemod] MM tag refers to bases beyond sequence length
[W::hts_idx_load3] The index file is older than the data file: /bip7_disk/pingting114/mixed_bam/COLO829_PAO/TF1e-2_25x/TF1e-2_25x.rep1.bam.bai
[W::bam_next_basemod] MM tag refers to bases beyond sequence length
[W::hts_idx_load3] The index file is older than the data file: /bip7_disk/pingting114/mixed_bam/COLO829_PAO/TF1e-2_25x/TF1e-2_25x.rep1.bam.bai
[W::bam_next_basemod] MM tag refers to bases beyond sequence length
[W::hts_idx_load3] The index file is older than the data file: /bip7_disk/pingting114/mixed_bam/COLO829_PAO/TF1e-2_25x/TF1e-2_25x.rep1.bam.bai
[E::bam_parse_basemod2] 94749576-ecb0-4882-8637-9e3dcd34df41: MM tag refers to bases beyond sequence length
[W::hts_idx_load3] The index file is older than the data file: /bip7_disk/pingting114/mixed_bam/COLO829_PAO/TF1e-2_25x/TF1e-2_25x.rep1.bam.bai
[W::hts_idx_load3] The index file is older than the data file: /bip7_disk/pingting114/mixed_bam/COLO829_PAO/TF1e-2_25x/TF1e-2_25x.rep1.bam.bai
[E::bam_parse_basemod2] dc7e7b1c-b9be-4ffe-afb1-850bd7aa6a6c: MM tag refers to bases beyond sequence length
[W::bam_next_basemod] MM tag refers to bases beyond sequence length
[W::hts_idx_load3] The index file is older than the data file: /bip7_disk/pingting114/mixed_bam/COLO829_PAO/TF1e-2_25x/TF1e-2_25x.rep1.bam.bai
[W::hts_idx_load3] The index file is older than the data file: /bip7_disk/pingting114/mixed_bam/COLO829_PAO/TF1e-2_25x/TF1e-2_25x.rep1.bam.bai
[W::hts_idx_load3] The index file is older than the data file: /bip7_disk/pingting114/mixed_bam/COLO829_PAO/TF1e-2_25x/TF1e-2_25x.rep1.bam.bai
[W::hts_idx_load3] The index file is older than the data file: /bip7_disk/pingting114/mixed_bam/COLO829_PAO/TF1e-2_25x/TF1e-2_25x.rep1.bam.bai
[W::hts_idx_load3] The index file is older than the data file: /bip7_disk/pingting114/mixed_bam/COLO829_PAO/TF1e-2_25x/TF1e-2_25x.rep1.bam.bai
[W::hts_idx_load3] The index file is older than the data file: /bip7_disk/pingting114/mixed_bam/COLO829_PAO/TF1e-2_25x/TF1e-2_25x.rep1.bam.bai
[W::hts_idx_load3] The index file is older than the data file: /bip7_disk/pingting114/mixed_bam/COLO829_PAO/TF1e-2_25x/TF1e-2_25x.rep1.bam.bai
[W::bam_next_basemod] MM tag refers to bases beyond sequence length
[W::hts_idx_load3] The index file is older than the data file: /bip7_disk/pingting114/mixed_bam/COLO829_PAO/TF1e-2_25x/TF1e-2_25x.rep1.bam.bai
[W::hts_idx_load3] The index file is older than the data file: /bip7_disk/pingting114/mixed_bam/COLO829_PAO/TF1e-2_25x/TF1e-2_25x.rep1.bam.bai
[E::bam_parse_basemod2] 6b700601-0edf-4dcb-a4f1-f0eb36c3bdec: MM tag refers to bases beyond sequence length
[W::hts_idx_load3] The index file is older than the data file: /bip7_disk/pingting114/mixed_bam/COLO829_PAO/TF1e-2_25x/TF1e-2_25x.rep1.bam.bai
[W::hts_idx_load3] The index file is older than the data file: /bip7_disk/pingting114/mixed_bam/COLO829_PAO/TF1e-2_25x/TF1e-2_25x.rep1.bam.bai
[W::hts_idx_load3] The index file is older than the data file: /bip7_disk/pingting114/mixed_bam/COLO829_PAO/TF1e-2_25x/TF1e-2_25x.rep1.bam.bai
[W::bam_next_basemod] MM tag refers to bases beyond sequence length
[W::hts_idx_load3] The index file is older than the data file: /bip7_disk/pingting114/mixed_bam/COLO829_PAO/TF1e-2_25x/TF1e-2_25x.rep1.bam.bai
[W::hts_idx_load3] The index file is older than the data file: /bip7_disk/pingting114/mixed_bam/COLO829_PAO/TF1e-2_25x/TF1e-2_25x.rep1.bam.bai
[W::hts_idx_load3] The index file is older than the data file: /bip7_disk/pingting114/mixed_bam/COLO829_PAO/TF1e-2_25x/TF1e-2_25x.rep1.bam.bai
[W::hts_idx_load3] The index file is older than the data file: /bip7_disk/pingting114/mixed_bam/COLO829_PAO/TF1e-2_25x/TF1e-2_25x.rep1.bam.bai
[W::hts_idx_load3] The index file is older than the data file: /bip7_disk/pingting114/mixed_bam/COLO829_PAO/TF1e-2_25x/TF1e-2_25x.rep1.bam.bai
[W::hts_idx_load3] The index file is older than the data file: /bip7_disk/pingting114/mixed_bam/COLO829_PAO/TF1e-2_25x/TF1e-2_25x.rep1.bam.bai
[W::hts_idx_load3] The index file is older than the data file: /bip7_disk/pingting114/mixed_bam/COLO829_PAO/TF1e-2_25x/TF1e-2_25x.rep1.bam.bai
[W::hts_idx_load3] The index file is older than the data file: /bip7_disk/pingting114/mixed_bam/COLO829_PAO/TF1e-2_25x/TF1e-2_25x.rep1.bam.bai
[W::hts_idx_load3] The index file is older than the data file: /bip7_disk/pingting114/mixed_bam/COLO829_PAO/TF1e-2_25x/TF1e-2_25x.rep1.bam.bai
[W::hts_idx_load3] The index file is older than the data file: /bip7_disk/pingting114/mixed_bam/COLO829_PAO/TF1e-2_25x/TF1e-2_25x.rep1.bam.bai
[W::hts_idx_load3] The index file is older than the data file: /bip7_disk/pingting114/mixed_bam/COLO829_PAO/TF1e-2_25x/TF1e-2_25x.rep1.bam.bai
[E::bam_parse_basemod2] f27e8406-47c7-4317-914a-c9b6cd4aedfd: MM tag refers to bases beyond sequence length
[W::hts_idx_load3] The index file is older than the data file: /bip7_disk/pingting114/mixed_bam/COLO829_PAO/TF1e-2_25x/TF1e-2_25x.rep1.bam.bai
[W::hts_idx_load3] The index file is older than the data file: /bip7_disk/pingting114/mixed_bam/COLO829_PAO/TF1e-2_25x/TF1e-2_25x.rep1.bam.bai
[W::hts_idx_load3] The index file is older than the data file: /bip7_disk/pingting114/mixed_bam/COLO829_PAO/TF1e-2_25x/TF1e-2_25x.rep1.bam.bai
[W::hts_idx_load3] The index file is older than the data file: /bip7_disk/pingting114/mixed_bam/COLO829_PAO/TF1e-2_25x/TF1e-2_25x.rep1.bam.bai
[W::hts_idx_load3] The index file is older than the data file: /bip7_disk/pingting114/mixed_bam/COLO829_PAO/TF1e-2_25x/TF1e-2_25x.rep1.bam.bai
[E::bam_parse_basemod2] 16162ab5-81b3-43e1-a066-9518caa1f1a9: MM tag refers to bases beyond sequence length
[W::hts_idx_load3] The index file is older than the data file: /bip7_disk/pingting114/mixed_bam/COLO829_PAO/TF1e-2_25x/TF1e-2_25x.rep1.bam.bai
[W::hts_idx_load3] The index file is older than the data file: /bip7_disk/pingting114/mixed_bam/COLO829_PAO/TF1e-2_25x/TF1e-2_25x.rep1.bam.bai
[W::hts_idx_load3] The index file is older than the data file: /bip7_disk/pingting114/mixed_bam/COLO829_PAO/TF1e-2_25x/TF1e-2_25x.rep1.bam.bai
[W::hts_idx_load3] The index file is older than the data file: /bip7_disk/pingting114/mixed_bam/COLO829_PAO/TF1e-2_25x/TF1e-2_25x.rep1.bam.bai
[W::hts_idx_load3] The index file is older than the data file: /bip7_disk/pingting114/mixed_bam/COLO829_PAO/TF1e-2_25x/TF1e-2_25x.rep1.bam.bai
[W::hts_idx_load3] The index file is older than the data file: /bip7_disk/pingting114/mixed_bam/COLO829_PAO/TF1e-2_25x/TF1e-2_25x.rep1.bam.bai
[W::hts_idx_load3] The index file is older than the data file: /bip7_disk/pingting114/mixed_bam/COLO829_PAO/TF1e-2_25x/TF1e-2_25x.rep1.bam.bai
[W::hts_idx_load3] The index file is older than the data file: /bip7_disk/pingting114/mixed_bam/COLO829_PAO/TF1e-2_25x/TF1e-2_25x.rep1.bam.bai
[W::hts_idx_load3] The index file is older than the data file: /bip7_disk/pingting114/mixed_bam/COLO829_PAO/TF1e-2_25x/TF1e-2_25x.rep1.bam.bai
[W::bam_next_basemod] MM tag refers to bases beyond sequence length
[W::hts_idx_load3] The index file is older than the data file: /bip7_disk/pingting114/mixed_bam/COLO829_PAO/TF1e-2_25x/TF1e-2_25x.rep1.bam.bai
[W::hts_idx_load3] The index file is older than the data file: /bip7_disk/pingting114/mixed_bam/COLO829_PAO/TF1e-2_25x/TF1e-2_25x.rep1.bam.bai
[W::hts_idx_load3] The index file is older than the data file: /bip7_disk/pingting114/mixed_bam/COLO829_PAO/TF1e-2_25x/TF1e-2_25x.rep1.bam.bai
[W::hts_idx_load3] The index file is older than the data file: /bip7_disk/pingting114/mixed_bam/COLO829_PAO/TF1e-2_25x/TF1e-2_25x.rep1.bam.bai
[W::hts_idx_load3] The index file is older than the data file: /bip7_disk/pingting114/mixed_bam/COLO829_PAO/TF1e-2_25x/TF1e-2_25x.rep1.bam.bai
[W::hts_idx_load3] The index file is older than the data file: /bip7_disk/pingting114/mixed_bam/COLO829_PAO/TF1e-2_25x/TF1e-2_25x.rep1.bam.bai
[E::bam_parse_basemod2] d581c573-a072-4c6f-8801-cb9c0d096dbf: MM tag refers to bases beyond sequence length
[W::hts_idx_load3] The index file is older than the data file: /bip7_disk/pingting114/mixed_bam/COLO829_PAO/TF1e-2_25x/TF1e-2_25x.rep1.bam.bai
[W::hts_idx_load3] The index file is older than the data file: /bip7_disk/pingting114/mixed_bam/COLO829_PAO/TF1e-2_25x/TF1e-2_25x.rep1.bam.bai
[W::hts_idx_load3] The index file is older than the data file: /bip7_disk/pingting114/mixed_bam/COLO829_PAO/TF1e-2_25x/TF1e-2_25x.rep1.bam.bai
[W::hts_idx_load3] The index file is older than the data file: /bip7_disk/pingting114/mixed_bam/COLO829_PAO/TF1e-2_25x/TF1e-2_25x.rep1.bam.bai
[E::bam_parse_basemod2] edb1d780-9a4b-4b71-b108-a7df6b771550: MM tag refers to bases beyond sequence length
[W::hts_idx_load3] The index file is older than the data file: /bip7_disk/pingting114/mixed_bam/COLO829_PAO/TF1e-2_25x/TF1e-2_25x.rep1.bam.bai
[W::bam_next_basemod] MM tag refers to bases beyond sequence length
[W::hts_idx_load3] The index file is older than the data file: /bip7_disk/pingting114/mixed_bam/COLO829_PAO/TF1e-2_25x/TF1e-2_25x.rep1.bam.bai
[W::hts_idx_load3] The index file is older than the data file: /bip7_disk/pingting114/mixed_bam/COLO829_PAO/TF1e-2_25x/TF1e-2_25x.rep1.bam.bai
[W::hts_idx_load3] The index file is older than the data file: /bip7_disk/pingting114/mixed_bam/COLO829_PAO/TF1e-2_25x/TF1e-2_25x.rep1.bam.bai
[W::hts_idx_load3] The index file is older than the data file: /bip7_disk/pingting114/mixed_bam/COLO829_PAO/TF1e-2_25x/TF1e-2_25x.rep1.bam.bai
[W::hts_idx_load3] The index file is older than the data file: /bip7_disk/pingting114/mixed_bam/COLO829_PAO/TF1e-2_25x/TF1e-2_25x.rep1.bam.bai
[W::hts_idx_load3] The index file is older than the data file: /bip7_disk/pingting114/mixed_bam/COLO829_PAO/TF1e-2_25x/TF1e-2_25x.rep1.bam.bai
[W::hts_idx_load3] The index file is older than the data file: /bip7_disk/pingting114/mixed_bam/COLO829_PAO/TF1e-2_25x/TF1e-2_25x.rep1.bam.bai
[W::hts_idx_load3] The index file is older than the data file: /bip7_disk/pingting114/mixed_bam/COLO829_PAO/TF1e-2_25x/TF1e-2_25x.rep1.bam.bai
[W::hts_idx_load3] The index file is older than the data file: /bip7_disk/pingting114/mixed_bam/COLO829_PAO/TF1e-2_25x/TF1e-2_25x.rep1.bam.bai
[W::bam_next_basemod] MM tag refers to bases beyond sequence length
[W::hts_idx_load3] The index file is older than the data file: /bip7_disk/pingting114/mixed_bam/COLO829_PAO/TF1e-2_25x/TF1e-2_25x.rep1.bam.bai
[E::bam_parse_basemod2] e6a8ee1b-243f-40a8-80af-c205dcd9e556: MM tag refers to bases beyond sequence length
[W::hts_idx_load3] The index file is older than the data file: /bip7_disk/pingting114/mixed_bam/COLO829_PAO/TF1e-2_25x/TF1e-2_25x.rep1.bam.bai
[W::hts_idx_load3] The index file is older than the data file: /bip7_disk/pingting114/mixed_bam/COLO829_PAO/TF1e-2_25x/TF1e-2_25x.rep1.bam.bai
[W::hts_idx_load3] The index file is older than the data file: /bip7_disk/pingting114/mixed_bam/COLO829_PAO/TF1e-2_25x/TF1e-2_25x.rep1.bam.bai
[W::hts_idx_load3] The index file is older than the data file: /bip7_disk/pingting114/mixed_bam/COLO829_PAO/TF1e-2_25x/TF1e-2_25x.rep1.bam.bai
[W::hts_idx_load3] The index file is older than the data file: /bip7_disk/pingting114/mixed_bam/COLO829_PAO/TF1e-2_25x/TF1e-2_25x.rep1.bam.bai
[W::hts_idx_load3] The index file is older than the data file: /bip7_disk/pingting114/mixed_bam/COLO829_PAO/TF1e-2_25x/TF1e-2_25x.rep1.bam.bai
[W::hts_idx_load3] The index file is older than the data file: /bip7_disk/pingting114/mixed_bam/COLO829_PAO/TF1e-2_25x/TF1e-2_25x.rep1.bam.bai
[W::bam_next_basemod] MM tag refers to bases beyond sequence length
[W::hts_idx_load3] The index file is older than the data file: /bip7_disk/pingting114/mixed_bam/COLO829_PAO/TF1e-2_25x/TF1e-2_25x.rep1.bam.bai
[W::hts_idx_load3] The index file is older than the data file: /bip7_disk/pingting114/mixed_bam/COLO829_PAO/TF1e-2_25x/TF1e-2_25x.rep1.bam.bai
[W::bam_next_basemod] MM tag refers to bases beyond sequence length
[W::hts_idx_load3] The index file is older than the data file: /bip7_disk/pingting114/mixed_bam/COLO829_PAO/TF1e-2_25x/TF1e-2_25x.rep1.bam.bai
[W::hts_idx_load3] The index file is older than the data file: /bip7_disk/pingting114/mixed_bam/COLO829_PAO/TF1e-2_25x/TF1e-2_25x.rep1.bam.bai
[W::hts_idx_load3] The index file is older than the data file: /bip7_disk/pingting114/mixed_bam/COLO829_PAO/TF1e-2_25x/TF1e-2_25x.rep1.bam.bai
[E::bam_parse_basemod2] a0e5750a-de14-42a8-b754-8c1e71b6bdb4: MM tag refers to bases beyond sequence length
[W::hts_idx_load3] The index file is older than the data file: /bip7_disk/pingting114/mixed_bam/COLO829_PAO/TF1e-2_25x/TF1e-2_25x.rep1.bam.bai
[W::hts_idx_load3] The index file is older than the data file: /bip7_disk/pingting114/mixed_bam/COLO829_PAO/TF1e-2_25x/TF1e-2_25x.rep1.bam.bai
[W::hts_idx_load3] The index file is older than the data file: /bip7_disk/pingting114/mixed_bam/COLO829_PAO/TF1e-2_25x/TF1e-2_25x.rep1.bam.bai
[W::hts_idx_load3] The index file is older than the data file: /bip7_disk/pingting114/mixed_bam/COLO829_PAO/TF1e-2_25x/TF1e-2_25x.rep1.bam.bai
[W::hts_idx_load3] The index file is older than the data file: /bip7_disk/pingting114/mixed_bam/COLO829_PAO/TF1e-2_25x/TF1e-2_25x.rep1.bam.bai
[W::hts_idx_load3] The index file is older than the data file: /bip7_disk/pingting114/mixed_bam/COLO829_PAO/TF1e-2_25x/TF1e-2_25x.rep1.bam.bai
[W::hts_idx_load3] The index file is older than the data file: /bip7_disk/pingting114/mixed_bam/COLO829_PAO/TF1e-2_25x/TF1e-2_25x.rep1.bam.bai
[W::hts_idx_load3] The index file is older than the data file: /bip7_disk/pingting114/mixed_bam/COLO829_PAO/TF1e-2_25x/TF1e-2_25x.rep1.bam.bai
[W::bam_next_basemod] MM tag refers to bases beyond sequence length
[W::hts_idx_load3] The index file is older than the data file: /bip7_disk/pingting114/mixed_bam/COLO829_PAO/TF1e-2_25x/TF1e-2_25x.rep1.bam.bai
[W::hts_idx_load3] The index file is older than the data file: /bip7_disk/pingting114/mixed_bam/COLO829_PAO/TF1e-2_25x/TF1e-2_25x.rep1.bam.bai
[W::bam_next_basemod] MM tag refers to bases beyond sequence length
[W::bam_next_basemod] MM tag refers to bases beyond sequence length
[W::hts_idx_load3] The index file is older than the data file: /bip7_disk/pingting114/mixed_bam/COLO829_PAO/TF1e-2_25x/TF1e-2_25x.rep1.bam.bai
[W::hts_idx_load3] The index file is older than the data file: /bip7_disk/pingting114/mixed_bam/COLO829_PAO/TF1e-2_25x/TF1e-2_25x.rep1.bam.bai
[W::hts_idx_load3] The index file is older than the data file: /bip7_disk/pingting114/mixed_bam/COLO829_PAO/TF1e-2_25x/TF1e-2_25x.rep1.bam.bai
[W::hts_idx_load3] The index file is older than the data file: /bip7_disk/pingting114/mixed_bam/COLO829_PAO/TF1e-2_25x/TF1e-2_25x.rep1.bam.bai
[W::hts_idx_load3] The index file is older than the data file: /bip7_disk/pingting114/mixed_bam/COLO829_PAO/TF1e-2_25x/TF1e-2_25x.rep1.bam.bai
[W::hts_idx_load3] The index file is older than the data file: /bip7_disk/pingting114/mixed_bam/COLO829_PAO/TF1e-2_25x/TF1e-2_25x.rep1.bam.bai
[E::bam_parse_basemod2] cbff987c-09c9-42c8-b382-73dfe5f4bc61: MM tag refers to bases beyond sequence length
[W::hts_idx_load3] The index file is older than the data file: /bip7_disk/pingting114/mixed_bam/COLO829_PAO/TF1e-2_25x/TF1e-2_25x.rep1.bam.bai
[W::hts_idx_load3] The index file is older than the data file: /bip7_disk/pingting114/mixed_bam/COLO829_PAO/TF1e-2_25x/TF1e-2_25x.rep1.bam.bai
[E::bam_parse_basemod2] 7b749819-0fc9-44a3-9838-18ba314d3740: MM tag refers to bases beyond sequence length
[E::bam_parse_basemod2] 2fcdc0a4-e6f6-4758-96ef-b78103c83968: MM tag refers to bases beyond sequence length
[W::hts_idx_load3] The index file is older than the data file: /bip7_disk/pingting114/mixed_bam/COLO829_PAO/TF1e-2_25x/TF1e-2_25x.rep1.bam.bai
[W::hts_idx_load3] The index file is older than the data file: /bip7_disk/pingting114/mixed_bam/COLO829_PAO/TF1e-2_25x/TF1e-2_25x.rep1.bam.bai
[W::bam_next_basemod] MM tag refers to bases beyond sequence length
[W::bam_next_basemod] MM tag refers to bases beyond sequence length
[W::hts_idx_load3] The index file is older than the data file: /bip7_disk/pingting114/mixed_bam/COLO829_PAO/TF1e-2_25x/TF1e-2_25x.rep1.bam.bai
[W::hts_idx_load3] The index file is older than the data file: /bip7_disk/pingting114/mixed_bam/COLO829_PAO/TF1e-2_25x/TF1e-2_25x.rep1.bam.bai
[W::hts_idx_load3] The index file is older than the data file: /bip7_disk/pingting114/mixed_bam/COLO829_PAO/TF1e-2_25x/TF1e-2_25x.rep1.bam.bai
[W::bam_next_basemod] MM tag refers to bases beyond sequence length
[W::bam_next_basemod] MM tag refers to bases beyond sequence length
[E::bam_parse_basemod2] ed21e8c9-0455-498b-a35f-cab1a97e952f: MM tag refers to bases beyond sequence length
[W::hts_idx_load3] The index file is older than the data file: /bip7_disk/pingting114/mixed_bam/COLO829_PAO/TF1e-2_25x/TF1e-2_25x.rep1.bam.bai
[W::hts_idx_load3] The index file is older than the data file: /bip7_disk/pingting114/mixed_bam/COLO829_PAO/TF1e-2_25x/TF1e-2_25x.rep1.bam.bai
[W::hts_idx_load3] The index file is older than the data file: /bip7_disk/pingting114/mixed_bam/COLO829_PAO/TF1e-2_25x/TF1e-2_25x.rep1.bam.bai
[W::hts_idx_load3] The index file is older than the data file: /bip7_disk/pingting114/mixed_bam/COLO829_PAO/TF1e-2_25x/TF1e-2_25x.rep1.bam.bai
[W::hts_idx_load3] The index file is older than the data file: /bip7_disk/pingting114/mixed_bam/COLO829_PAO/TF1e-2_25x/TF1e-2_25x.rep1.bam.bai
[E::bam_parse_basemod2] de8a08d1-f4d5-4c63-b079-28f69f1894c0: MM tag refers to bases beyond sequence length
[W::hts_idx_load3] The index file is older than the data file: /bip7_disk/pingting114/mixed_bam/COLO829_PAO/TF1e-2_25x/TF1e-2_25x.rep1.bam.bai
[W::hts_idx_load3] The index file is older than the data file: /bip7_disk/pingting114/mixed_bam/COLO829_PAO/TF1e-2_25x/TF1e-2_25x.rep1.bam.bai
[E::bam_parse_basemod2] c3f7b103-e426-4451-b205-cc8d9f63d8c0: MM tag refers to bases beyond sequence length
[W::hts_idx_load3] The index file is older than the data file: /bip7_disk/pingting114/mixed_bam/COLO829_PAO/TF1e-2_25x/TF1e-2_25x.rep1.bam.bai
[E::bam_parse_basemod2] e9b338da-fc4b-484b-a024-be5bf9080ad3: MM tag refers to bases beyond sequence length
[W::hts_idx_load3] The index file is older than the data file: /bip7_disk/pingting114/mixed_bam/COLO829_PAO/TF1e-2_25x/TF1e-2_25x.rep1.bam.bai
[W::hts_idx_load3] The index file is older than the data file: /bip7_disk/pingting114/mixed_bam/COLO829_PAO/TF1e-2_25x/TF1e-2_25x.rep1.bam.bai
[W::hts_idx_load3] The index file is older than the data file: /bip7_disk/pingting114/mixed_bam/COLO829_PAO/TF1e-2_25x/TF1e-2_25x.rep1.bam.bai
[W::hts_idx_load3] The index file is older than the data file: /bip7_disk/pingting114/mixed_bam/COLO829_PAO/TF1e-2_25x/TF1e-2_25x.rep1.bam.bai
[W::hts_idx_load3] The index file is older than the data file: /bip7_disk/pingting114/mixed_bam/COLO829_PAO/TF1e-2_25x/TF1e-2_25x.rep1.bam.bai
[W::hts_idx_load3] The index file is older than the data file: /bip7_disk/pingting114/mixed_bam/COLO829_PAO/TF1e-2_25x/TF1e-2_25x.rep1.bam.bai
[W::hts_idx_load3] The index file is older than the data file: /bip7_disk/pingting114/mixed_bam/COLO829_PAO/TF1e-2_25x/TF1e-2_25x.rep1.bam.bai
[W::bam_next_basemod] MM tag refers to bases beyond sequence length
[W::hts_idx_load3] The index file is older than the data file: /bip7_disk/pingting114/mixed_bam/COLO829_PAO/TF1e-2_25x/TF1e-2_25x.rep1.bam.bai
[W::hts_idx_load3] The index file is older than the data file: /bip7_disk/pingting114/mixed_bam/COLO829_PAO/TF1e-2_25x/TF1e-2_25x.rep1.bam.bai
[E::bam_parse_basemod2] d30c296b-1811-42ad-a190-42ea27beeb3f: MM tag refers to bases beyond sequence length
[W::hts_idx_load3] The index file is older than the data file: /bip7_disk/pingting114/mixed_bam/COLO829_PAO/TF1e-2_25x/TF1e-2_25x.rep1.bam.bai
[W::hts_idx_load3] The index file is older than the data file: /bip7_disk/pingting114/mixed_bam/COLO829_PAO/TF1e-2_25x/TF1e-2_25x.rep1.bam.bai
[W::hts_idx_load3] The index file is older than the data file: /bip7_disk/pingting114/mixed_bam/COLO829_PAO/TF1e-2_25x/TF1e-2_25x.rep1.bam.bai
[W::hts_idx_load3] The index file is older than the data file: /bip7_disk/pingting114/mixed_bam/COLO829_PAO/TF1e-2_25x/TF1e-2_25x.rep1.bam.bai
[W::hts_idx_load3] The index file is older than the data file: /bip7_disk/pingting114/mixed_bam/COLO829_PAO/TF1e-2_25x/TF1e-2_25x.rep1.bam.bai
[W::hts_idx_load3] The index file is older than the data file: /bip7_disk/pingting114/mixed_bam/COLO829_PAO/TF1e-2_25x/TF1e-2_25x.rep1.bam.bai
[W::bam_next_basemod] MM tag refers to bases beyond sequence length
[W::hts_idx_load3] The index file is older than the data file: /bip7_disk/pingting114/mixed_bam/COLO829_PAO/TF1e-2_25x/TF1e-2_25x.rep1.bam.bai
[E::bam_parse_basemod2] 3af69e3c-4a99-472c-abf4-c1f7cedbda05: MM tag refers to bases beyond sequence length
[W::hts_idx_load3] The index file is older than the data file: /bip7_disk/pingting114/mixed_bam/COLO829_PAO/TF1e-2_25x/TF1e-2_25x.rep1.bam.bai
[W::hts_idx_load3] The index file is older than the data file: /bip7_disk/pingting114/mixed_bam/COLO829_PAO/TF1e-2_25x/TF1e-2_25x.rep1.bam.bai
[W::hts_idx_load3] The index file is older than the data file: /bip7_disk/pingting114/mixed_bam/COLO829_PAO/TF1e-2_25x/TF1e-2_25x.rep1.bam.bai
[W::hts_idx_load3] The index file is older than the data file: /bip7_disk/pingting114/mixed_bam/COLO829_PAO/TF1e-2_25x/TF1e-2_25x.rep1.bam.bai
[W::bam_next_basemod] MM tag refers to bases beyond sequence length
[W::hts_idx_load3] The index file is older than the data file: /bip7_disk/pingting114/mixed_bam/COLO829_PAO/TF1e-2_25x/TF1e-2_25x.rep1.bam.bai
[W::hts_idx_load3] The index file is older than the data file: /bip7_disk/pingting114/mixed_bam/COLO829_PAO/TF1e-2_25x/TF1e-2_25x.rep1.bam.bai
[W::hts_idx_load3] The index file is older than the data file: /bip7_disk/pingting114/mixed_bam/COLO829_PAO/TF1e-2_25x/TF1e-2_25x.rep1.bam.bai
[W::hts_idx_load3] The index file is older than the data file: /bip7_disk/pingting114/mixed_bam/COLO829_PAO/TF1e-2_25x/TF1e-2_25x.rep1.bam.bai
[W::hts_idx_load3] The index file is older than the data file: /bip7_disk/pingting114/mixed_bam/COLO829_PAO/TF1e-2_25x/TF1e-2_25x.rep1.bam.bai
[W::bam_next_basemod] MM tag refers to bases beyond sequence length
[W::hts_idx_load3] The index file is older than the data file: /bip7_disk/pingting114/mixed_bam/COLO829_PAO/TF1e-2_25x/TF1e-2_25x.rep1.bam.bai
[W::hts_idx_load3] The index file is older than the data file: /bip7_disk/pingting114/mixed_bam/COLO829_PAO/TF1e-2_25x/TF1e-2_25x.rep1.bam.bai
  TF1e-2_25x.rep1.bam cand 500/4000
[W::hts_idx_load3] The index file is older than the data file: /bip7_disk/pingting114/mixed_bam/COLO829_PAO/TF1e-2_25x/TF1e-2_25x.rep1.bam.bai
[W::hts_idx_load3] The index file is older than the data file: /bip7_disk/pingting114/mixed_bam/COLO829_PAO/TF1e-2_25x/TF1e-2_25x.rep1.bam.bai
[W::bam_next_basemod] MM tag refers to bases beyond sequence length
[W::hts_idx_load3] The index file is older than the data file: /bip7_disk/pingting114/mixed_bam/COLO829_PAO/TF1e-2_25x/TF1e-2_25x.rep1.bam.bai
[W::hts_idx_load3] The index file is older than the data file: /bip7_disk/pingting114/mixed_bam/COLO829_PAO/TF1e-2_25x/TF1e-2_25x.rep1.bam.bai
[W::hts_idx_load3] The index file is older than the data file: /bip7_disk/pingting114/mixed_bam/COLO829_PAO/TF1e-2_25x/TF1e-2_25x.rep1.bam.bai
[W::hts_idx_load3] The index file is older than the data file: /bip7_disk/pingting114/mixed_bam/COLO829_PAO/TF1e-2_25x/TF1e-2_25x.rep1.bam.bai
[W::hts_idx_load3] The index file is older than the data file: /bip7_disk/pingting114/mixed_bam/COLO829_PAO/TF1e-2_25x/TF1e-2_25x.rep1.bam.bai
[W::hts_idx_load3] The index file is older than the data file: /bip7_disk/pingting114/mixed_bam/COLO829_PAO/TF1e-2_25x/TF1e-2_25x.rep1.bam.bai
[W::hts_idx_load3] The index file is older than the data file: /bip7_disk/pingting114/mixed_bam/COLO829_PAO/TF1e-2_25x/TF1e-2_25x.rep1.bam.bai
[W::hts_idx_load3] The index file is older than the data file: /bip7_disk/pingting114/mixed_bam/COLO829_PAO/TF1e-2_25x/TF1e-2_25x.rep1.bam.bai
[W::hts_idx_load3] The index file is older than the data file: /bip7_disk/pingting114/mixed_bam/COLO829_PAO/TF1e-2_25x/TF1e-2_25x.rep1.bam.bai
[W::hts_idx_load3] The index file is older than the data file: /bip7_disk/pingting114/mixed_bam/COLO829_PAO/TF1e-2_25x/TF1e-2_25x.rep1.bam.bai
[W::hts_idx_load3] The index file is older than the data file: /bip7_disk/pingting114/mixed_bam/COLO829_PAO/TF1e-2_25x/TF1e-2_25x.rep1.bam.bai
[W::hts_idx_load3] The index file is older than the data file: /bip7_disk/pingting114/mixed_bam/COLO829_PAO/TF1e-2_25x/TF1e-2_25x.rep1.bam.bai
[W::hts_idx_load3] The index file is older than the data file: /bip7_disk/pingting114/mixed_bam/COLO829_PAO/TF1e-2_25x/TF1e-2_25x.rep1.bam.bai
[W::hts_idx_load3] The index file is older than the data file: /bip7_disk/pingting114/mixed_bam/COLO829_PAO/TF1e-2_25x/TF1e-2_25x.rep1.bam.bai
[W::hts_idx_load3] The index file is older than the data file: /bip7_disk/pingting114/mixed_bam/COLO829_PAO/TF1e-2_25x/TF1e-2_25x.rep1.bam.bai
[W::hts_idx_load3] The index file is older than the data file: /bip7_disk/pingting114/mixed_bam/COLO829_PAO/TF1e-2_25x/TF1e-2_25x.rep1.bam.bai
[W::hts_idx_load3] The index file is older than the data file: /bip7_disk/pingting114/mixed_bam/COLO829_PAO/TF1e-2_25x/TF1e-2_25x.rep1.bam.bai
[W::hts_idx_load3] The index file is older than the data file: /bip7_disk/pingting114/mixed_bam/COLO829_PAO/TF1e-2_25x/TF1e-2_25x.rep1.bam.bai
[W::hts_idx_load3] The index file is older than the data file: /bip7_disk/pingting114/mixed_bam/COLO829_PAO/TF1e-2_25x/TF1e-2_25x.rep1.bam.bai
[W::hts_idx_load3] The index file is older than the data file: /bip7_disk/pingting114/mixed_bam/COLO829_PAO/TF1e-2_25x/TF1e-2_25x.rep1.bam.bai
[W::hts_idx_load3] The index file is older than the data file: /bip7_disk/pingting114/mixed_bam/COLO829_PAO/TF1e-2_25x/TF1e-2_25x.rep1.bam.bai
[W::bam_next_basemod] MM tag refers to bases beyond sequence length
[W::bam_next_basemod] MM tag refers to bases beyond sequence length
[W::hts_idx_load3] The index file is older than the data file: /bip7_disk/pingting114/mixed_bam/COLO829_PAO/TF1e-2_25x/TF1e-2_25x.rep1.bam.bai
[W::hts_idx_load3] The index file is older than the data file: /bip7_disk/pingting114/mixed_bam/COLO829_PAO/TF1e-2_25x/TF1e-2_25x.rep1.bam.bai
[E::bam_parse_basemod2] 4d3a6515-217c-4865-8eda-3b871e7ee2cc: MM tag refers to bases beyond sequence length
[E::bam_parse_basemod2] cedc71d8-eaed-4a0d-8786-465623b7967c: MM tag refers to bases beyond sequence length
[W::hts_idx_load3] The index file is older than the data file: /bip7_disk/pingting114/mixed_bam/COLO829_PAO/TF1e-2_25x/TF1e-2_25x.rep1.bam.bai
[W::hts_idx_load3] The index file is older than the data file: /bip7_disk/pingting114/mixed_bam/COLO829_PAO/TF1e-2_25x/TF1e-2_25x.rep1.bam.bai
[W::hts_idx_load3] The index file is older than the data file: /bip7_disk/pingting114/mixed_bam/COLO829_PAO/TF1e-2_25x/TF1e-2_25x.rep1.bam.bai
[E::bam_parse_basemod2] 25146193-11f0-43db-b121-55e627cfbcb3: MM tag refers to bases beyond sequence length
[W::hts_idx_load3] The index file is older than the data file: /bip7_disk/pingting114/mixed_bam/COLO829_PAO/TF1e-2_25x/TF1e-2_25x.rep1.bam.bai
[W::hts_idx_load3] The index file is older than the data file: /bip7_disk/pingting114/mixed_bam/COLO829_PAO/TF1e-2_25x/TF1e-2_25x.rep1.bam.bai
[W::hts_idx_load3] The index file is older than the data file: /bip7_disk/pingting114/mixed_bam/COLO829_PAO/TF1e-2_25x/TF1e-2_25x.rep1.bam.bai
[E::bam_parse_basemod2] e8ade6db-84c7-4a78-bbb6-12b5c0245948: MM tag refers to bases beyond sequence length
[W::hts_idx_load3] The index file is older than the data file: /bip7_disk/pingting114/mixed_bam/COLO829_PAO/TF1e-2_25x/TF1e-2_25x.rep1.bam.bai
[W::hts_idx_load3] The index file is older than the data file: /bip7_disk/pingting114/mixed_bam/COLO829_PAO/TF1e-2_25x/TF1e-2_25x.rep1.bam.bai
[W::hts_idx_load3] The index file is older than the data file: /bip7_disk/pingting114/mixed_bam/COLO829_PAO/TF1e-2_25x/TF1e-2_25x.rep1.bam.bai
[W::hts_idx_load3] The index file is older than the data file: /bip7_disk/pingting114/mixed_bam/COLO829_PAO/TF1e-2_25x/TF1e-2_25x.rep1.bam.bai
[E::bam_parse_basemod2] 0661f890-25eb-4c1b-8df3-15fa5e497143: MM tag refers to bases beyond sequence length
[W::hts_idx_load3] The index file is older than the data file: /bip7_disk/pingting114/mixed_bam/COLO829_PAO/TF1e-2_25x/TF1e-2_25x.rep1.bam.bai
[W::hts_idx_load3] The index file is older than the data file: /bip7_disk/pingting114/mixed_bam/COLO829_PAO/TF1e-2_25x/TF1e-2_25x.rep1.bam.bai
[W::hts_idx_load3] The index file is older than the data file: /bip7_disk/pingting114/mixed_bam/COLO829_PAO/TF1e-2_25x/TF1e-2_25x.rep1.bam.bai
[W::hts_idx_load3] The index file is older than the data file: /bip7_disk/pingting114/mixed_bam/COLO829_PAO/TF1e-2_25x/TF1e-2_25x.rep1.bam.bai
[W::bam_next_basemod] MM tag refers to bases beyond sequence length
[W::hts_idx_load3] The index file is older than the data file: /bip7_disk/pingting114/mixed_bam/COLO829_PAO/TF1e-2_25x/TF1e-2_25x.rep1.bam.bai
[W::hts_idx_load3] The index file is older than the data file: /bip7_disk/pingting114/mixed_bam/COLO829_PAO/TF1e-2_25x/TF1e-2_25x.rep1.bam.bai
[W::hts_idx_load3] The index file is older than the data file: /bip7_disk/pingting114/mixed_bam/COLO829_PAO/TF1e-2_25x/TF1e-2_25x.rep1.bam.bai
[W::hts_idx_load3] The index file is older than the data file: /bip7_disk/pingting114/mixed_bam/COLO829_PAO/TF1e-2_25x/TF1e-2_25x.rep1.bam.bai
[W::bam_next_basemod] MM tag refers to bases beyond sequence length
[W::hts_idx_load3] The index file is older than the data file: /bip7_disk/pingting114/mixed_bam/COLO829_PAO/TF1e-2_25x/TF1e-2_25x.rep1.bam.bai
[W::hts_idx_load3] The index file is older than the data file: /bip7_disk/pingting114/mixed_bam/COLO829_PAO/TF1e-2_25x/TF1e-2_25x.rep1.bam.bai
[W::hts_idx_load3] The index file is older than the data file: /bip7_disk/pingting114/mixed_bam/COLO829_PAO/TF1e-2_25x/TF1e-2_25x.rep1.bam.bai
[E::bam_parse_basemod2] e4169427-d4b2-494a-bb23-97403dc5e9e6: MM tag refers to bases beyond sequence length
[E::bam_parse_basemod2] 037a9ddd-3f44-4ee1-9a80-8b313b7a2d97: MM tag refers to bases beyond sequence length
[W::hts_idx_load3] The index file is older than the data file: /bip7_disk/pingting114/mixed_bam/COLO829_PAO/TF1e-2_25x/TF1e-2_25x.rep1.bam.bai
[W::hts_idx_load3] The index file is older than the data file: /bip7_disk/pingting114/mixed_bam/COLO829_PAO/TF1e-2_25x/TF1e-2_25x.rep1.bam.bai
[W::bam_next_basemod] MM tag refers to bases beyond sequence length
[W::hts_idx_load3] The index file is older than the data file: /bip7_disk/pingting114/mixed_bam/COLO829_PAO/TF1e-2_25x/TF1e-2_25x.rep1.bam.bai
[W::hts_idx_load3] The index file is older than the data file: /bip7_disk/pingting114/mixed_bam/COLO829_PAO/TF1e-2_25x/TF1e-2_25x.rep1.bam.bai
[W::hts_idx_load3] The index file is older than the data file: /bip7_disk/pingting114/mixed_bam/COLO829_PAO/TF1e-2_25x/TF1e-2_25x.rep1.bam.bai
[W::bam_next_basemod] MM tag refers to bases beyond sequence length
[W::hts_idx_load3] The index file is older than the data file: /bip7_disk/pingting114/mixed_bam/COLO829_PAO/TF1e-2_25x/TF1e-2_25x.rep1.bam.bai
[W::hts_idx_load3] The index file is older than the data file: /bip7_disk/pingting114/mixed_bam/COLO829_PAO/TF1e-2_25x/TF1e-2_25x.rep1.bam.bai
[W::hts_idx_load3] The index file is older than the data file: /bip7_disk/pingting114/mixed_bam/COLO829_PAO/TF1e-2_25x/TF1e-2_25x.rep1.bam.bai
[W::hts_idx_load3] The index file is older than the data file: /bip7_disk/pingting114/mixed_bam/COLO829_PAO/TF1e-2_25x/TF1e-2_25x.rep1.bam.bai
[W::hts_idx_load3] The index file is older than the data file: /bip7_disk/pingting114/mixed_bam/COLO829_PAO/TF1e-2_25x/TF1e-2_25x.rep1.bam.bai
[W::bam_next_basemod] MM tag refers to bases beyond sequence length
[W::hts_idx_load3] The index file is older than the data file: /bip7_disk/pingting114/mixed_bam/COLO829_PAO/TF1e-2_25x/TF1e-2_25x.rep1.bam.bai
[W::hts_idx_load3] The index file is older than the data file: /bip7_disk/pingting114/mixed_bam/COLO829_PAO/TF1e-2_25x/TF1e-2_25x.rep1.bam.bai
[W::bam_next_basemod] MM tag refers to bases beyond sequence length
[E::bam_parse_basemod2] d1dce694-2da3-45c7-9a2a-063c004fe852: MM tag refers to bases beyond sequence length
[E::bam_parse_basemod2] d769a4fb-2b39-4364-8f47-3e60a5f73d2d: MM tag refers to bases beyond sequence length
[E::bam_parse_basemod2] 417bdbcb-82db-4cf3-ab90-3e14013f7fd8: MM tag refers to bases beyond sequence length
[W::hts_idx_load3] The index file is older than the data file: /bip7_disk/pingting114/mixed_bam/COLO829_PAO/TF1e-2_25x/TF1e-2_25x.rep1.bam.bai
[E::bam_parse_basemod2] 5e9c5fd0-b91a-46ed-ab32-a9ca51c79501: MM tag refers to bases beyond sequence length
[W::hts_idx_load3] The index file is older than the data file: /bip7_disk/pingting114/mixed_bam/COLO829_PAO/TF1e-2_25x/TF1e-2_25x.rep1.bam.bai
[E::bam_parse_basemod2] 0f8af832-1db1-4093-9169-3efcaf0ca29b: MM tag refers to bases beyond sequence length
[W::hts_idx_load3] The index file is older than the data file: /bip7_disk/pingting114/mixed_bam/COLO829_PAO/TF1e-2_25x/TF1e-2_25x.rep1.bam.bai
[W::bam_next_basemod] MM tag refers to bases beyond sequence length
[W::hts_idx_load3] The index file is older than the data file: /bip7_disk/pingting114/mixed_bam/COLO829_PAO/TF1e-2_25x/TF1e-2_25x.rep1.bam.bai
[W::hts_idx_load3] The index file is older than the data file: /bip7_disk/pingting114/mixed_bam/COLO829_PAO/TF1e-2_25x/TF1e-2_25x.rep1.bam.bai
[W::hts_idx_load3] The index file is older than the data file: /bip7_disk/pingting114/mixed_bam/COLO829_PAO/TF1e-2_25x/TF1e-2_25x.rep1.bam.bai
[W::hts_idx_load3] The index file is older than the data file: /bip7_disk/pingting114/mixed_bam/COLO829_PAO/TF1e-2_25x/TF1e-2_25x.rep1.bam.bai
[W::bam_next_basemod] MM tag refers to bases beyond sequence length
[W::hts_idx_load3] The index file is older than the data file: /bip7_disk/pingting114/mixed_bam/COLO829_PAO/TF1e-2_25x/TF1e-2_25x.rep1.bam.bai
[W::hts_idx_load3] The index file is older than the data file: /bip7_disk/pingting114/mixed_bam/COLO829_PAO/TF1e-2_25x/TF1e-2_25x.rep1.bam.bai
[E::bam_parse_basemod2] 68f128f1-4c44-4d16-9f66-1784652baa5f: MM tag refers to bases beyond sequence length
[W::hts_idx_load3] The index file is older than the data file: /bip7_disk/pingting114/mixed_bam/COLO829_PAO/TF1e-2_25x/TF1e-2_25x.rep1.bam.bai
[W::hts_idx_load3] The index file is older than the data file: /bip7_disk/pingting114/mixed_bam/COLO829_PAO/TF1e-2_25x/TF1e-2_25x.rep1.bam.bai
[W::bam_next_basemod] MM tag refers to bases beyond sequence length
[E::bam_parse_basemod2] 2a7520fd-927a-450d-a164-c8d985ad477d: MM tag refers to bases beyond sequence length
[W::hts_idx_load3] The index file is older than the data file: /bip7_disk/pingting114/mixed_bam/COLO829_PAO/TF1e-2_25x/TF1e-2_25x.rep1.bam.bai
[W::hts_idx_load3] The index file is older than the data file: /bip7_disk/pingting114/mixed_bam/COLO829_PAO/TF1e-2_25x/TF1e-2_25x.rep1.bam.bai
[W::hts_idx_load3] The index file is older than the data file: /bip7_disk/pingting114/mixed_bam/COLO829_PAO/TF1e-2_25x/TF1e-2_25x.rep1.bam.bai
[E::bam_parse_basemod2] e7b6229d-fedd-4229-93ea-88085f7abe2f: MM tag refers to bases beyond sequence length
[W::hts_idx_load3] The index file is older than the data file: /bip7_disk/pingting114/mixed_bam/COLO829_PAO/TF1e-2_25x/TF1e-2_25x.rep1.bam.bai
[W::hts_idx_load3] The index file is older than the data file: /bip7_disk/pingting114/mixed_bam/COLO829_PAO/TF1e-2_25x/TF1e-2_25x.rep1.bam.bai
[W::hts_idx_load3] The index file is older than the data file: /bip7_disk/pingting114/mixed_bam/COLO829_PAO/TF1e-2_25x/TF1e-2_25x.rep1.bam.bai
[W::bam_next_basemod] MM tag refers to bases beyond sequence length
[W::hts_idx_load3] The index file is older than the data file: /bip7_disk/pingting114/mixed_bam/COLO829_PAO/TF1e-2_25x/TF1e-2_25x.rep1.bam.bai
[W::hts_idx_load3] The index file is older than the data file: /bip7_disk/pingting114/mixed_bam/COLO829_PAO/TF1e-2_25x/TF1e-2_25x.rep1.bam.bai
[W::hts_idx_load3] The index file is older than the data file: /bip7_disk/pingting114/mixed_bam/COLO829_PAO/TF1e-2_25x/TF1e-2_25x.rep1.bam.bai
[W::hts_idx_load3] The index file is older than the data file: /bip7_disk/pingting114/mixed_bam/COLO829_PAO/TF1e-2_25x/TF1e-2_25x.rep1.bam.bai
[E::bam_parse_basemod2] 3b8a22eb-26cf-4f44-920e-7e530b6af40a: MM tag refers to bases beyond sequence length
[W::hts_idx_load3] The index file is older than the data file: /bip7_disk/pingting114/mixed_bam/COLO829_PAO/TF1e-2_25x/TF1e-2_25x.rep1.bam.bai
[W::hts_idx_load3] The index file is older than the data file: /bip7_disk/pingting114/mixed_bam/COLO829_PAO/TF1e-2_25x/TF1e-2_25x.rep1.bam.bai
[W::hts_idx_load3] The index file is older than the data file: /bip7_disk/pingting114/mixed_bam/COLO829_PAO/TF1e-2_25x/TF1e-2_25x.rep1.bam.bai
[W::hts_idx_load3] The index file is older than the data file: /bip7_disk/pingting114/mixed_bam/COLO829_PAO/TF1e-2_25x/TF1e-2_25x.rep1.bam.bai
[E::bam_parse_basemod2] 99816d3b-64c7-4107-acb7-a506ab2078d7: MM tag refers to bases beyond sequence length
[W::bam_next_basemod] MM tag refers to bases beyond sequence length
[W::hts_idx_load3] The index file is older than the data file: /bip7_disk/pingting114/mixed_bam/COLO829_PAO/TF1e-2_25x/TF1e-2_25x.rep1.bam.bai
[W::hts_idx_load3] The index file is older than the data file: /bip7_disk/pingting114/mixed_bam/COLO829_PAO/TF1e-2_25x/TF1e-2_25x.rep1.bam.bai
[E::bam_parse_basemod2] 9382a862-24a2-4d6a-9e8d-25a8883d8339: MM tag refers to bases beyond sequence length
[W::hts_idx_load3] The index file is older than the data file: /bip7_disk/pingting114/mixed_bam/COLO829_PAO/TF1e-2_25x/TF1e-2_25x.rep1.bam.bai
[W::hts_idx_load3] The index file is older than the data file: /bip7_disk/pingting114/mixed_bam/COLO829_PAO/TF1e-2_25x/TF1e-2_25x.rep1.bam.bai
[W::hts_idx_load3] The index file is older than the data file: /bip7_disk/pingting114/mixed_bam/COLO829_PAO/TF1e-2_25x/TF1e-2_25x.rep1.bam.bai
[W::hts_idx_load3] The index file is older than the data file: /bip7_disk/pingting114/mixed_bam/COLO829_PAO/TF1e-2_25x/TF1e-2_25x.rep1.bam.bai
[W::hts_idx_load3] The index file is older than the data file: /bip7_disk/pingting114/mixed_bam/COLO829_PAO/TF1e-2_25x/TF1e-2_25x.rep1.bam.bai
[W::hts_idx_load3] The index file is older than the data file: /bip7_disk/pingting114/mixed_bam/COLO829_PAO/TF1e-2_25x/TF1e-2_25x.rep1.bam.bai
[W::bam_next_basemod] MM tag refers to bases beyond sequence length
[E::bam_parse_basemod2] 0746b5cc-c7e3-4e6f-8c1f-5fc8747133e4: MM tag refers to bases beyond sequence length
[W::hts_idx_load3] The index file is older than the data file: /bip7_disk/pingting114/mixed_bam/COLO829_PAO/TF1e-2_25x/TF1e-2_25x.rep1.bam.bai
[W::hts_idx_load3] The index file is older than the data file: /bip7_disk/pingting114/mixed_bam/COLO829_PAO/TF1e-2_25x/TF1e-2_25x.rep1.bam.bai
[W::hts_idx_load3] The index file is older than the data file: /bip7_disk/pingting114/mixed_bam/COLO829_PAO/TF1e-2_25x/TF1e-2_25x.rep1.bam.bai
[W::hts_idx_load3] The index file is older than the data file: /bip7_disk/pingting114/mixed_bam/COLO829_PAO/TF1e-2_25x/TF1e-2_25x.rep1.bam.bai
[W::bam_next_basemod] MM tag refers to bases beyond sequence length
[W::hts_idx_load3] The index file is older than the data file: /bip7_disk/pingting114/mixed_bam/COLO829_PAO/TF1e-2_25x/TF1e-2_25x.rep1.bam.bai
[W::hts_idx_load3] The index file is older than the data file: /bip7_disk/pingting114/mixed_bam/COLO829_PAO/TF1e-2_25x/TF1e-2_25x.rep1.bam.bai
[W::hts_idx_load3] The index file is older than the data file: /bip7_disk/pingting114/mixed_bam/COLO829_PAO/TF1e-2_25x/TF1e-2_25x.rep1.bam.bai
[W::bam_next_basemod] MM tag refers to bases beyond sequence length
[W::hts_idx_load3] The index file is older than the data file: /bip7_disk/pingting114/mixed_bam/COLO829_PAO/TF1e-2_25x/TF1e-2_25x.rep1.bam.bai
[W::hts_idx_load3] The index file is older than the data file: /bip7_disk/pingting114/mixed_bam/COLO829_PAO/TF1e-2_25x/TF1e-2_25x.rep1.bam.bai
[W::hts_idx_load3] The index file is older than the data file: /bip7_disk/pingting114/mixed_bam/COLO829_PAO/TF1e-2_25x/TF1e-2_25x.rep1.bam.bai
[W::hts_idx_load3] The index file is older than the data file: /bip7_disk/pingting114/mixed_bam/COLO829_PAO/TF1e-2_25x/TF1e-2_25x.rep1.bam.bai
[E::bam_parse_basemod2] fa6007f0-7bdf-49f7-99e5-773a219ffc86: MM tag refers to bases beyond sequence length
[E::bam_parse_basemod2] 996a9b5b-af2a-4ad3-a4a7-b5a4470450e6: MM tag refers to bases beyond sequence length
[W::hts_idx_load3] The index file is older than the data file: /bip7_disk/pingting114/mixed_bam/COLO829_PAO/TF1e-2_25x/TF1e-2_25x.rep1.bam.bai
[W::hts_idx_load3] The index file is older than the data file: /bip7_disk/pingting114/mixed_bam/COLO829_PAO/TF1e-2_25x/TF1e-2_25x.rep1.bam.bai
[W::bam_next_basemod] MM tag refers to bases beyond sequence length
[W::hts_idx_load3] The index file is older than the data file: /bip7_disk/pingting114/mixed_bam/COLO829_PAO/TF1e-2_25x/TF1e-2_25x.rep1.bam.bai
[W::hts_idx_load3] The index file is older than the data file: /bip7_disk/pingting114/mixed_bam/COLO829_PAO/TF1e-2_25x/TF1e-2_25x.rep1.bam.bai
[E::bam_parse_basemod2] 3a075474-64d2-4c5a-a8e8-00dfe48d4107: MM tag refers to bases beyond sequence length
[W::hts_idx_load3] The index file is older than the data file: /bip7_disk/pingting114/mixed_bam/COLO829_PAO/TF1e-2_25x/TF1e-2_25x.rep1.bam.bai
[W::hts_idx_load3] The index file is older than the data file: /bip7_disk/pingting114/mixed_bam/COLO829_PAO/TF1e-2_25x/TF1e-2_25x.rep1.bam.bai
[W::hts_idx_load3] The index file is older than the data file: /bip7_disk/pingting114/mixed_bam/COLO829_PAO/TF1e-2_25x/TF1e-2_25x.rep1.bam.bai
[W::hts_idx_load3] The index file is older than the data file: /bip7_disk/pingting114/mixed_bam/COLO829_PAO/TF1e-2_25x/TF1e-2_25x.rep1.bam.bai
[W::bam_next_basemod] MM tag refers to bases beyond sequence length
[E::bam_parse_basemod2] d9d2108c-108d-4f28-9b63-33a6d6171c58: MM tag refers to bases beyond sequence length
[W::hts_idx_load3] The index file is older than the data file: /bip7_disk/pingting114/mixed_bam/COLO829_PAO/TF1e-2_25x/TF1e-2_25x.rep1.bam.bai
[E::bam_parse_basemod2] 23df8b92-37c6-4e2f-ad2f-4ba13c7efcff: MM tag refers to bases beyond sequence length
[W::hts_idx_load3] The index file is older than the data file: /bip7_disk/pingting114/mixed_bam/COLO829_PAO/TF1e-2_25x/TF1e-2_25x.rep1.bam.bai
[W::hts_idx_load3] The index file is older than the data file: /bip7_disk/pingting114/mixed_bam/COLO829_PAO/TF1e-2_25x/TF1e-2_25x.rep1.bam.bai
[E::bam_parse_basemod2] df3d9aeb-865a-4e6e-b690-bc13955fc849: MM tag refers to bases beyond sequence length
[W::hts_idx_load3] The index file is older than the data file: /bip7_disk/pingting114/mixed_bam/COLO829_PAO/TF1e-2_25x/TF1e-2_25x.rep1.bam.bai
[W::hts_idx_load3] The index file is older than the data file: /bip7_disk/pingting114/mixed_bam/COLO829_PAO/TF1e-2_25x/TF1e-2_25x.rep1.bam.bai
[W::hts_idx_load3] The index file is older than the data file: /bip7_disk/pingting114/mixed_bam/COLO829_PAO/TF1e-2_25x/TF1e-2_25x.rep1.bam.bai
[E::bam_parse_basemod2] 879cea3b-0615-4b3e-9251-d8c0d1bef3a1: MM tag refers to bases beyond sequence length
[W::hts_idx_load3] The index file is older than the data file: /bip7_disk/pingting114/mixed_bam/COLO829_PAO/TF1e-2_25x/TF1e-2_25x.rep1.bam.bai
[W::bam_next_basemod] MM tag refers to bases beyond sequence length
[W::hts_idx_load3] The index file is older than the data file: /bip7_disk/pingting114/mixed_bam/COLO829_PAO/TF1e-2_25x/TF1e-2_25x.rep1.bam.bai
[W::hts_idx_load3] The index file is older than the data file: /bip7_disk/pingting114/mixed_bam/COLO829_PAO/TF1e-2_25x/TF1e-2_25x.rep1.bam.bai
[W::bam_next_basemod] MM tag refers to bases beyond sequence length
[W::bam_next_basemod] MM tag refers to bases beyond sequence length
[W::hts_idx_load3] The index file is older than the data file: /bip7_disk/pingting114/mixed_bam/COLO829_PAO/TF1e-2_25x/TF1e-2_25x.rep1.bam.bai
[E::bam_parse_basemod2] 0f369f36-30f2-4e08-b5f7-fe34f67892ed: MM tag refers to bases beyond sequence length
[W::hts_idx_load3] The index file is older than the data file: /bip7_disk/pingting114/mixed_bam/COLO829_PAO/TF1e-2_25x/TF1e-2_25x.rep1.bam.bai
[E::bam_parse_basemod2] ae18b132-bacf-4b9e-ada4-0546e7443dbc: MM tag refers to bases beyond sequence length
[W::hts_idx_load3] The index file is older than the data file: /bip7_disk/pingting114/mixed_bam/COLO829_PAO/TF1e-2_25x/TF1e-2_25x.rep1.bam.bai
[E::bam_parse_basemod2] 3d126e59-aad6-43aa-b8d3-7f9d0c290b26: MM tag refers to bases beyond sequence length
[W::hts_idx_load3] The index file is older than the data file: /bip7_disk/pingting114/mixed_bam/COLO829_PAO/TF1e-2_25x/TF1e-2_25x.rep1.bam.bai
[W::hts_idx_load3] The index file is older than the data file: /bip7_disk/pingting114/mixed_bam/COLO829_PAO/TF1e-2_25x/TF1e-2_25x.rep1.bam.bai
[W::hts_idx_load3] The index file is older than the data file: /bip7_disk/pingting114/mixed_bam/COLO829_PAO/TF1e-2_25x/TF1e-2_25x.rep1.bam.bai
[W::hts_idx_load3] The index file is older than the data file: /bip7_disk/pingting114/mixed_bam/COLO829_PAO/TF1e-2_25x/TF1e-2_25x.rep1.bam.bai
[W::hts_idx_load3] The index file is older than the data file: /bip7_disk/pingting114/mixed_bam/COLO829_PAO/TF1e-2_25x/TF1e-2_25x.rep1.bam.bai
[W::hts_idx_load3] The index file is older than the data file: /bip7_disk/pingting114/mixed_bam/COLO829_PAO/TF1e-2_25x/TF1e-2_25x.rep1.bam.bai
[W::hts_idx_load3] The index file is older than the data file: /bip7_disk/pingting114/mixed_bam/COLO829_PAO/TF1e-2_25x/TF1e-2_25x.rep1.bam.bai
[W::hts_idx_load3] The index file is older than the data file: /bip7_disk/pingting114/mixed_bam/COLO829_PAO/TF1e-2_25x/TF1e-2_25x.rep1.bam.bai
[W::hts_idx_load3] The index file is older than the data file: /bip7_disk/pingting114/mixed_bam/COLO829_PAO/TF1e-2_25x/TF1e-2_25x.rep1.bam.bai
[W::hts_idx_load3] The index file is older than the data file: /bip7_disk/pingting114/mixed_bam/COLO829_PAO/TF1e-2_25x/TF1e-2_25x.rep1.bam.bai
[W::hts_idx_load3] The index file is older than the data file: /bip7_disk/pingting114/mixed_bam/COLO829_PAO/TF1e-2_25x/TF1e-2_25x.rep1.bam.bai
[W::bam_next_basemod] MM tag refers to bases beyond sequence length
[W::bam_next_basemod] MM tag refers to bases beyond sequence length
[W::hts_idx_load3] The index file is older than the data file: /bip7_disk/pingting114/mixed_bam/COLO829_PAO/TF1e-2_25x/TF1e-2_25x.rep1.bam.bai
[W::hts_idx_load3] The index file is older than the data file: /bip7_disk/pingting114/mixed_bam/COLO829_PAO/TF1e-2_25x/TF1e-2_25x.rep1.bam.bai
[W::hts_idx_load3] The index file is older than the data file: /bip7_disk/pingting114/mixed_bam/COLO829_PAO/TF1e-2_25x/TF1e-2_25x.rep1.bam.bai
[E::bam_parse_basemod2] ff75504f-32a0-4d56-9d4c-61d81642a9c7: MM tag refers to bases beyond sequence length
[E::bam_parse_basemod2] 993cf982-a6fa-4bbe-8a90-e84727491974: MM tag refers to bases beyond sequence length
[W::hts_idx_load3] The index file is older than the data file: /bip7_disk/pingting114/mixed_bam/COLO829_PAO/TF1e-2_25x/TF1e-2_25x.rep1.bam.bai
[W::hts_idx_load3] The index file is older than the data file: /bip7_disk/pingting114/mixed_bam/COLO829_PAO/TF1e-2_25x/TF1e-2_25x.rep1.bam.bai
[W::hts_idx_load3] The index file is older than the data file: /bip7_disk/pingting114/mixed_bam/COLO829_PAO/TF1e-2_25x/TF1e-2_25x.rep1.bam.bai
[W::hts_idx_load3] The index file is older than the data file: /bip7_disk/pingting114/mixed_bam/COLO829_PAO/TF1e-2_25x/TF1e-2_25x.rep1.bam.bai
[E::bam_parse_basemod2] c0b71081-2afa-456c-9769-f1d8c206d6f7: MM tag refers to bases beyond sequence length
[W::hts_idx_load3] The index file is older than the data file: /bip7_disk/pingting114/mixed_bam/COLO829_PAO/TF1e-2_25x/TF1e-2_25x.rep1.bam.bai
[W::hts_idx_load3] The index file is older than the data file: /bip7_disk/pingting114/mixed_bam/COLO829_PAO/TF1e-2_25x/TF1e-2_25x.rep1.bam.bai
[W::hts_idx_load3] The index file is older than the data file: /bip7_disk/pingting114/mixed_bam/COLO829_PAO/TF1e-2_25x/TF1e-2_25x.rep1.bam.bai
[W::hts_idx_load3] The index file is older than the data file: /bip7_disk/pingting114/mixed_bam/COLO829_PAO/TF1e-2_25x/TF1e-2_25x.rep1.bam.bai
[W::bam_next_basemod] MM tag refers to bases beyond sequence length
[E::bam_parse_basemod2] 3b8c1106-d0ed-442e-baaf-4ce64d8d0256: MM tag refers to bases beyond sequence length
[W::hts_idx_load3] The index file is older than the data file: /bip7_disk/pingting114/mixed_bam/COLO829_PAO/TF1e-2_25x/TF1e-2_25x.rep1.bam.bai
[W::hts_idx_load3] The index file is older than the data file: /bip7_disk/pingting114/mixed_bam/COLO829_PAO/TF1e-2_25x/TF1e-2_25x.rep1.bam.bai
[W::bam_next_basemod] MM tag refers to bases beyond sequence length
[W::hts_idx_load3] The index file is older than the data file: /bip7_disk/pingting114/mixed_bam/COLO829_PAO/TF1e-2_25x/TF1e-2_25x.rep1.bam.bai
[W::hts_idx_load3] The index file is older than the data file: /bip7_disk/pingting114/mixed_bam/COLO829_PAO/TF1e-2_25x/TF1e-2_25x.rep1.bam.bai
[E::bam_parse_basemod2] 8e607117-f5b1-43aa-9980-481352c1831a: MM tag refers to bases beyond sequence length
[W::hts_idx_load3] The index file is older than the data file: /bip7_disk/pingting114/mixed_bam/COLO829_PAO/TF1e-2_25x/TF1e-2_25x.rep1.bam.bai
[W::hts_idx_load3] The index file is older than the data file: /bip7_disk/pingting114/mixed_bam/COLO829_PAO/TF1e-2_25x/TF1e-2_25x.rep1.bam.bai
[W::hts_idx_load3] The index file is older than the data file: /bip7_disk/pingting114/mixed_bam/COLO829_PAO/TF1e-2_25x/TF1e-2_25x.rep1.bam.bai
[W::hts_idx_load3] The index file is older than the data file: /bip7_disk/pingting114/mixed_bam/COLO829_PAO/TF1e-2_25x/TF1e-2_25x.rep1.bam.bai
[W::hts_idx_load3] The index file is older than the data file: /bip7_disk/pingting114/mixed_bam/COLO829_PAO/TF1e-2_25x/TF1e-2_25x.rep1.bam.bai
[W::hts_idx_load3] The index file is older than the data file: /bip7_disk/pingting114/mixed_bam/COLO829_PAO/TF1e-2_25x/TF1e-2_25x.rep1.bam.bai
[W::hts_idx_load3] The index file is older than the data file: /bip7_disk/pingting114/mixed_bam/COLO829_PAO/TF1e-2_25x/TF1e-2_25x.rep1.bam.bai
[W::bam_next_basemod] MM tag refers to bases beyond sequence length
[E::bam_parse_basemod2] bdb15c33-7622-4d3c-947e-16633e15114c: MM tag refers to bases beyond sequence length
[W::hts_idx_load3] The index file is older than the data file: /bip7_disk/pingting114/mixed_bam/COLO829_PAO/TF1e-2_25x/TF1e-2_25x.rep1.bam.bai
[W::hts_idx_load3] The index file is older than the data file: /bip7_disk/pingting114/mixed_bam/COLO829_PAO/TF1e-2_25x/TF1e-2_25x.rep1.bam.bai
[W::hts_idx_load3] The index file is older than the data file: /bip7_disk/pingting114/mixed_bam/COLO829_PAO/TF1e-2_25x/TF1e-2_25x.rep1.bam.bai
[W::bam_next_basemod] MM tag refers to bases beyond sequence length
[W::hts_idx_load3] The index file is older than the data file: /bip7_disk/pingting114/mixed_bam/COLO829_PAO/TF1e-2_25x/TF1e-2_25x.rep1.bam.bai
[W::hts_idx_load3] The index file is older than the data file: /bip7_disk/pingting114/mixed_bam/COLO829_PAO/TF1e-2_25x/TF1e-2_25x.rep1.bam.bai
[W::hts_idx_load3] The index file is older than the data file: /bip7_disk/pingting114/mixed_bam/COLO829_PAO/TF1e-2_25x/TF1e-2_25x.rep1.bam.bai
[W::hts_idx_load3] The index file is older than the data file: /bip7_disk/pingting114/mixed_bam/COLO829_PAO/TF1e-2_25x/TF1e-2_25x.rep1.bam.bai
[W::hts_idx_load3] The index file is older than the data file: /bip7_disk/pingting114/mixed_bam/COLO829_PAO/TF1e-2_25x/TF1e-2_25x.rep1.bam.bai
[W::hts_idx_load3] The index file is older than the data file: /bip7_disk/pingting114/mixed_bam/COLO829_PAO/TF1e-2_25x/TF1e-2_25x.rep1.bam.bai
[W::hts_idx_load3] The index file is older than the data file: /bip7_disk/pingting114/mixed_bam/COLO829_PAO/TF1e-2_25x/TF1e-2_25x.rep1.bam.bai
[W::hts_idx_load3] The index file is older than the data file: /bip7_disk/pingting114/mixed_bam/COLO829_PAO/TF1e-2_25x/TF1e-2_25x.rep1.bam.bai
[E::bam_parse_basemod2] 1b9c2eb0-3484-46da-a2ec-7487fb964c53: MM tag refers to bases beyond sequence length
[W::hts_idx_load3] The index file is older than the data file: /bip7_disk/pingting114/mixed_bam/COLO829_PAO/TF1e-2_25x/TF1e-2_25x.rep1.bam.bai
[W::hts_idx_load3] The index file is older than the data file: /bip7_disk/pingting114/mixed_bam/COLO829_PAO/TF1e-2_25x/TF1e-2_25x.rep1.bam.bai
[E::bam_parse_basemod2] 58397e8a-937e-4a91-8d3b-85624e664ab8: MM tag refers to bases beyond sequence length
[W::hts_idx_load3] The index file is older than the data file: /bip7_disk/pingting114/mixed_bam/COLO829_PAO/TF1e-2_25x/TF1e-2_25x.rep1.bam.bai
[W::hts_idx_load3] The index file is older than the data file: /bip7_disk/pingting114/mixed_bam/COLO829_PAO/TF1e-2_25x/TF1e-2_25x.rep1.bam.bai
[W::hts_idx_load3] The index file is older than the data file: /bip7_disk/pingting114/mixed_bam/COLO829_PAO/TF1e-2_25x/TF1e-2_25x.rep1.bam.bai
[E::bam_parse_basemod2] c714bb5a-c748-4776-b516-cca1136f1297: MM tag refers to bases beyond sequence length
[W::hts_idx_load3] The index file is older than the data file: /bip7_disk/pingting114/mixed_bam/COLO829_PAO/TF1e-2_25x/TF1e-2_25x.rep1.bam.bai
[W::hts_idx_load3] The index file is older than the data file: /bip7_disk/pingting114/mixed_bam/COLO829_PAO/TF1e-2_25x/TF1e-2_25x.rep1.bam.bai
[W::hts_idx_load3] The index file is older than the data file: /bip7_disk/pingting114/mixed_bam/COLO829_PAO/TF1e-2_25x/TF1e-2_25x.rep1.bam.bai
[W::hts_idx_load3] The index file is older than the data file: /bip7_disk/pingting114/mixed_bam/COLO829_PAO/TF1e-2_25x/TF1e-2_25x.rep1.bam.bai
[W::hts_idx_load3] The index file is older than the data file: /bip7_disk/pingting114/mixed_bam/COLO829_PAO/TF1e-2_25x/TF1e-2_25x.rep1.bam.bai
[W::hts_idx_load3] The index file is older than the data file: /bip7_disk/pingting114/mixed_bam/COLO829_PAO/TF1e-2_25x/TF1e-2_25x.rep1.bam.bai
[W::hts_idx_load3] The index file is older than the data file: /bip7_disk/pingting114/mixed_bam/COLO829_PAO/TF1e-2_25x/TF1e-2_25x.rep1.bam.bai
[W::hts_idx_load3] The index file is older than the data file: /bip7_disk/pingting114/mixed_bam/COLO829_PAO/TF1e-2_25x/TF1e-2_25x.rep1.bam.bai
[W::hts_idx_load3] The index file is older than the data file: /bip7_disk/pingting114/mixed_bam/COLO829_PAO/TF1e-2_25x/TF1e-2_25x.rep1.bam.bai
[W::hts_idx_load3] The index file is older than the data file: /bip7_disk/pingting114/mixed_bam/COLO829_PAO/TF1e-2_25x/TF1e-2_25x.rep1.bam.bai
[W::hts_idx_load3] The index file is older than the data file: /bip7_disk/pingting114/mixed_bam/COLO829_PAO/TF1e-2_25x/TF1e-2_25x.rep1.bam.bai
[W::hts_idx_load3] The index file is older than the data file: /bip7_disk/pingting114/mixed_bam/COLO829_PAO/TF1e-2_25x/TF1e-2_25x.rep1.bam.bai
[W::hts_idx_load3] The index file is older than the data file: /bip7_disk/pingting114/mixed_bam/COLO829_PAO/TF1e-2_25x/TF1e-2_25x.rep1.bam.bai
[W::hts_idx_load3] The index file is older than the data file: /bip7_disk/pingting114/mixed_bam/COLO829_PAO/TF1e-2_25x/TF1e-2_25x.rep1.bam.bai
[W::hts_idx_load3] The index file is older than the data file: /bip7_disk/pingting114/mixed_bam/COLO829_PAO/TF1e-2_25x/TF1e-2_25x.rep1.bam.bai
[W::bam_next_basemod] MM tag refers to bases beyond sequence length
[E::bam_parse_basemod2] e1a385fa-8236-40bc-a29f-d824f0bcf197: MM tag refers to bases beyond sequence length
[W::hts_idx_load3] The index file is older than the data file: /bip7_disk/pingting114/mixed_bam/COLO829_PAO/TF1e-2_25x/TF1e-2_25x.rep1.bam.bai
[W::hts_idx_load3] The index file is older than the data file: /bip7_disk/pingting114/mixed_bam/COLO829_PAO/TF1e-2_25x/TF1e-2_25x.rep1.bam.bai
[E::bam_parse_basemod2] 65578f1b-f81a-4f56-b0db-464e676ccf40: MM tag refers to bases beyond sequence length
[W::bam_next_basemod] MM tag refers to bases beyond sequence length
[W::hts_idx_load3] The index file is older than the data file: /bip7_disk/pingting114/mixed_bam/COLO829_PAO/TF1e-2_25x/TF1e-2_25x.rep1.bam.bai
[W::hts_idx_load3] The index file is older than the data file: /bip7_disk/pingting114/mixed_bam/COLO829_PAO/TF1e-2_25x/TF1e-2_25x.rep1.bam.bai
[W::bam_next_basemod] MM tag refers to bases beyond sequence length
[W::hts_idx_load3] The index file is older than the data file: /bip7_disk/pingting114/mixed_bam/COLO829_PAO/TF1e-2_25x/TF1e-2_25x.rep1.bam.bai
[W::hts_idx_load3] The index file is older than the data file: /bip7_disk/pingting114/mixed_bam/COLO829_PAO/TF1e-2_25x/TF1e-2_25x.rep1.bam.bai
[W::hts_idx_load3] The index file is older than the data file: /bip7_disk/pingting114/mixed_bam/COLO829_PAO/TF1e-2_25x/TF1e-2_25x.rep1.bam.bai
[E::bam_parse_basemod2] cbb6d20f-96ee-476a-8ad5-13c8b9b0c797: MM tag refers to bases beyond sequence length
[W::hts_idx_load3] The index file is older than the data file: /bip7_disk/pingting114/mixed_bam/COLO829_PAO/TF1e-2_25x/TF1e-2_25x.rep1.bam.bai
[W::hts_idx_load3] The index file is older than the data file: /bip7_disk/pingting114/mixed_bam/COLO829_PAO/TF1e-2_25x/TF1e-2_25x.rep1.bam.bai
[W::hts_idx_load3] The index file is older than the data file: /bip7_disk/pingting114/mixed_bam/COLO829_PAO/TF1e-2_25x/TF1e-2_25x.rep1.bam.bai
[W::bam_next_basemod] MM tag refers to bases beyond sequence length
[W::hts_idx_load3] The index file is older than the data file: /bip7_disk/pingting114/mixed_bam/COLO829_PAO/TF1e-2_25x/TF1e-2_25x.rep1.bam.bai
[W::bam_next_basemod] MM tag refers to bases beyond sequence length
[W::hts_idx_load3] The index file is older than the data file: /bip7_disk/pingting114/mixed_bam/COLO829_PAO/TF1e-2_25x/TF1e-2_25x.rep1.bam.bai
[W::hts_idx_load3] The index file is older than the data file: /bip7_disk/pingting114/mixed_bam/COLO829_PAO/TF1e-2_25x/TF1e-2_25x.rep1.bam.bai
[W::hts_idx_load3] The index file is older than the data file: /bip7_disk/pingting114/mixed_bam/COLO829_PAO/TF1e-2_25x/TF1e-2_25x.rep1.bam.bai
[W::hts_idx_load3] The index file is older than the data file: /bip7_disk/pingting114/mixed_bam/COLO829_PAO/TF1e-2_25x/TF1e-2_25x.rep1.bam.bai
[W::hts_idx_load3] The index file is older than the data file: /bip7_disk/pingting114/mixed_bam/COLO829_PAO/TF1e-2_25x/TF1e-2_25x.rep1.bam.bai
[W::hts_idx_load3] The index file is older than the data file: /bip7_disk/pingting114/mixed_bam/COLO829_PAO/TF1e-2_25x/TF1e-2_25x.rep1.bam.bai
[W::hts_idx_load3] The index file is older than the data file: /bip7_disk/pingting114/mixed_bam/COLO829_PAO/TF1e-2_25x/TF1e-2_25x.rep1.bam.bai
[W::hts_idx_load3] The index file is older than the data file: /bip7_disk/pingting114/mixed_bam/COLO829_PAO/TF1e-2_25x/TF1e-2_25x.rep1.bam.bai
[E::bam_parse_basemod2] 75091089-b291-4774-a9e6-6f7264ac05df: MM tag refers to bases beyond sequence length
[W::hts_idx_load3] The index file is older than the data file: /bip7_disk/pingting114/mixed_bam/COLO829_PAO/TF1e-2_25x/TF1e-2_25x.rep1.bam.bai
[W::bam_next_basemod] MM tag refers to bases beyond sequence length
[W::bam_next_basemod] MM tag refers to bases beyond sequence length
[W::hts_idx_load3] The index file is older than the data file: /bip7_disk/pingting114/mixed_bam/COLO829_PAO/TF1e-2_25x/TF1e-2_25x.rep1.bam.bai
[W::hts_idx_load3] The index file is older than the data file: /bip7_disk/pingting114/mixed_bam/COLO829_PAO/TF1e-2_25x/TF1e-2_25x.rep1.bam.bai
[W::hts_idx_load3] The index file is older than the data file: /bip7_disk/pingting114/mixed_bam/COLO829_PAO/TF1e-2_25x/TF1e-2_25x.rep1.bam.bai
[W::hts_idx_load3] The index file is older than the data file: /bip7_disk/pingting114/mixed_bam/COLO829_PAO/TF1e-2_25x/TF1e-2_25x.rep1.bam.bai
[E::bam_parse_basemod2] 9e04e0e9-70c8-4492-aab6-e5fd38648721: MM tag refers to bases beyond sequence length
[W::hts_idx_load3] The index file is older than the data file: /bip7_disk/pingting114/mixed_bam/COLO829_PAO/TF1e-2_25x/TF1e-2_25x.rep1.bam.bai
[W::hts_idx_load3] The index file is older than the data file: /bip7_disk/pingting114/mixed_bam/COLO829_PAO/TF1e-2_25x/TF1e-2_25x.rep1.bam.bai
[W::hts_idx_load3] The index file is older than the data file: /bip7_disk/pingting114/mixed_bam/COLO829_PAO/TF1e-2_25x/TF1e-2_25x.rep1.bam.bai
[W::hts_idx_load3] The index file is older than the data file: /bip7_disk/pingting114/mixed_bam/COLO829_PAO/TF1e-2_25x/TF1e-2_25x.rep1.bam.bai
[E::bam_parse_basemod2] 04919def-1f37-4f61-a7e2-320a6a63a43e: MM tag refers to bases beyond sequence length
[W::hts_idx_load3] The index file is older than the data file: /bip7_disk/pingting114/mixed_bam/COLO829_PAO/TF1e-2_25x/TF1e-2_25x.rep1.bam.bai
[E::bam_parse_basemod2] 83c43feb-a02f-4e2a-bd01-28d037dd31d0: MM tag refers to bases beyond sequence length
[W::hts_idx_load3] The index file is older than the data file: /bip7_disk/pingting114/mixed_bam/COLO829_PAO/TF1e-2_25x/TF1e-2_25x.rep1.bam.bai
[W::hts_idx_load3] The index file is older than the data file: /bip7_disk/pingting114/mixed_bam/COLO829_PAO/TF1e-2_25x/TF1e-2_25x.rep1.bam.bai
[W::hts_idx_load3] The index file is older than the data file: /bip7_disk/pingting114/mixed_bam/COLO829_PAO/TF1e-2_25x/TF1e-2_25x.rep1.bam.bai
[E::bam_parse_basemod2] 28249489-bb39-43ff-8493-c1b13652d720: MM tag refers to bases beyond sequence length
[W::hts_idx_load3] The index file is older than the data file: /bip7_disk/pingting114/mixed_bam/COLO829_PAO/TF1e-2_25x/TF1e-2_25x.rep1.bam.bai
[W::hts_idx_load3] The index file is older than the data file: /bip7_disk/pingting114/mixed_bam/COLO829_PAO/TF1e-2_25x/TF1e-2_25x.rep1.bam.bai
[E::bam_parse_basemod2] 8caef7f2-5287-44ae-b437-c7b44d0aea42: MM tag refers to bases beyond sequence length
[W::hts_idx_load3] The index file is older than the data file: /bip7_disk/pingting114/mixed_bam/COLO829_PAO/TF1e-2_25x/TF1e-2_25x.rep1.bam.bai
[W::bam_next_basemod] MM tag refers to bases beyond sequence length
[W::hts_idx_load3] The index file is older than the data file: /bip7_disk/pingting114/mixed_bam/COLO829_PAO/TF1e-2_25x/TF1e-2_25x.rep1.bam.bai
[W::bam_next_basemod] MM tag refers to bases beyond sequence length
[E::bam_parse_basemod2] 39998301-34b7-474c-9c4b-0617f96ba46b: MM tag refers to bases beyond sequence length
[W::hts_idx_load3] The index file is older than the data file: /bip7_disk/pingting114/mixed_bam/COLO829_PAO/TF1e-2_25x/TF1e-2_25x.rep1.bam.bai
[W::hts_idx_load3] The index file is older than the data file: /bip7_disk/pingting114/mixed_bam/COLO829_PAO/TF1e-2_25x/TF1e-2_25x.rep1.bam.bai
[W::hts_idx_load3] The index file is older than the data file: /bip7_disk/pingting114/mixed_bam/COLO829_PAO/TF1e-2_25x/TF1e-2_25x.rep1.bam.bai
[W::bam_next_basemod] MM tag refers to bases beyond sequence length
[W::hts_idx_load3] The index file is older than the data file: /bip7_disk/pingting114/mixed_bam/COLO829_PAO/TF1e-2_25x/TF1e-2_25x.rep1.bam.bai
[W::hts_idx_load3] The index file is older than the data file: /bip7_disk/pingting114/mixed_bam/COLO829_PAO/TF1e-2_25x/TF1e-2_25x.rep1.bam.bai
[W::hts_idx_load3] The index file is older than the data file: /bip7_disk/pingting114/mixed_bam/COLO829_PAO/TF1e-2_25x/TF1e-2_25x.rep1.bam.bai
[E::bam_parse_basemod2] 45d0bca2-6c26-4929-9793-3845186f22a0: MM tag refers to bases beyond sequence length
[E::bam_parse_basemod2] 13f0884a-2840-4adc-a796-dbec1243b9a8: MM tag refers to bases beyond sequence length
[W::hts_idx_load3] The index file is older than the data file: /bip7_disk/pingting114/mixed_bam/COLO829_PAO/TF1e-2_25x/TF1e-2_25x.rep1.bam.bai
[W::bam_next_basemod] MM tag refers to bases beyond sequence length
[W::hts_idx_load3] The index file is older than the data file: /bip7_disk/pingting114/mixed_bam/COLO829_PAO/TF1e-2_25x/TF1e-2_25x.rep1.bam.bai
[W::hts_idx_load3] The index file is older than the data file: /bip7_disk/pingting114/mixed_bam/COLO829_PAO/TF1e-2_25x/TF1e-2_25x.rep1.bam.bai
[W::hts_idx_load3] The index file is older than the data file: /bip7_disk/pingting114/mixed_bam/COLO829_PAO/TF1e-2_25x/TF1e-2_25x.rep1.bam.bai
[W::hts_idx_load3] The index file is older than the data file: /bip7_disk/pingting114/mixed_bam/COLO829_PAO/TF1e-2_25x/TF1e-2_25x.rep1.bam.bai
[W::hts_idx_load3] The index file is older than the data file: /bip7_disk/pingting114/mixed_bam/COLO829_PAO/TF1e-2_25x/TF1e-2_25x.rep1.bam.bai
[E::bam_parse_basemod2] 6ca87f13-aac8-40d2-b280-356083ced3cb: MM tag refers to bases beyond sequence length
[W::hts_idx_load3] The index file is older than the data file: /bip7_disk/pingting114/mixed_bam/COLO829_PAO/TF1e-2_25x/TF1e-2_25x.rep1.bam.bai
[W::hts_idx_load3] The index file is older than the data file: /bip7_disk/pingting114/mixed_bam/COLO829_PAO/TF1e-2_25x/TF1e-2_25x.rep1.bam.bai
[E::bam_parse_basemod2] afe1d06b-01f3-4952-904c-5683db2784e9: MM tag refers to bases beyond sequence length
[W::hts_idx_load3] The index file is older than the data file: /bip7_disk/pingting114/mixed_bam/COLO829_PAO/TF1e-2_25x/TF1e-2_25x.rep1.bam.bai
[W::hts_idx_load3] The index file is older than the data file: /bip7_disk/pingting114/mixed_bam/COLO829_PAO/TF1e-2_25x/TF1e-2_25x.rep1.bam.bai
[W::hts_idx_load3] The index file is older than the data file: /bip7_disk/pingting114/mixed_bam/COLO829_PAO/TF1e-2_25x/TF1e-2_25x.rep1.bam.bai
[E::bam_parse_basemod2] c0913022-62e3-4cd0-93a6-61a5f84fc1ef: MM tag refers to bases beyond sequence length
[W::hts_idx_load3] The index file is older than the data file: /bip7_disk/pingting114/mixed_bam/COLO829_PAO/TF1e-2_25x/TF1e-2_25x.rep1.bam.bai
[W::hts_idx_load3] The index file is older than the data file: /bip7_disk/pingting114/mixed_bam/COLO829_PAO/TF1e-2_25x/TF1e-2_25x.rep1.bam.bai
[W::bam_next_basemod] MM tag refers to bases beyond sequence length
[W::hts_idx_load3] The index file is older than the data file: /bip7_disk/pingting114/mixed_bam/COLO829_PAO/TF1e-2_25x/TF1e-2_25x.rep1.bam.bai
[W::hts_idx_load3] The index file is older than the data file: /bip7_disk/pingting114/mixed_bam/COLO829_PAO/TF1e-2_25x/TF1e-2_25x.rep1.bam.bai
[W::hts_idx_load3] The index file is older than the data file: /bip7_disk/pingting114/mixed_bam/COLO829_PAO/TF1e-2_25x/TF1e-2_25x.rep1.bam.bai
[W::hts_idx_load3] The index file is older than the data file: /bip7_disk/pingting114/mixed_bam/COLO829_PAO/TF1e-2_25x/TF1e-2_25x.rep1.bam.bai
[W::hts_idx_load3] The index file is older than the data file: /bip7_disk/pingting114/mixed_bam/COLO829_PAO/TF1e-2_25x/TF1e-2_25x.rep1.bam.bai
[W::bam_next_basemod] MM tag refers to bases beyond sequence length
[W::hts_idx_load3] The index file is older than the data file: /bip7_disk/pingting114/mixed_bam/COLO829_PAO/TF1e-2_25x/TF1e-2_25x.rep1.bam.bai
[W::hts_idx_load3] The index file is older than the data file: /bip7_disk/pingting114/mixed_bam/COLO829_PAO/TF1e-2_25x/TF1e-2_25x.rep1.bam.bai
[W::hts_idx_load3] The index file is older than the data file: /bip7_disk/pingting114/mixed_bam/COLO829_PAO/TF1e-2_25x/TF1e-2_25x.rep1.bam.bai
[W::hts_idx_load3] The index file is older than the data file: /bip7_disk/pingting114/mixed_bam/COLO829_PAO/TF1e-2_25x/TF1e-2_25x.rep1.bam.bai
[E::bam_parse_basemod2] fe6445c8-6f30-42e2-bda0-4affaa4ade26: MM tag refers to bases beyond sequence length
[W::hts_idx_load3] The index file is older than the data file: /bip7_disk/pingting114/mixed_bam/COLO829_PAO/TF1e-2_25x/TF1e-2_25x.rep1.bam.bai
[E::bam_parse_basemod2] a39bb30c-0927-4922-bdd3-a94b1638635d: MM tag refers to bases beyond sequence length
[E::bam_parse_basemod2] c22e9424-4a5d-4c44-bbe8-032d3d4e26f1: MM tag refers to bases beyond sequence length
[W::hts_idx_load3] The index file is older than the data file: /bip7_disk/pingting114/mixed_bam/COLO829_PAO/TF1e-2_25x/TF1e-2_25x.rep1.bam.bai
[W::hts_idx_load3] The index file is older than the data file: /bip7_disk/pingting114/mixed_bam/COLO829_PAO/TF1e-2_25x/TF1e-2_25x.rep1.bam.bai
[W::hts_idx_load3] The index file is older than the data file: /bip7_disk/pingting114/mixed_bam/COLO829_PAO/TF1e-2_25x/TF1e-2_25x.rep1.bam.bai
[W::hts_idx_load3] The index file is older than the data file: /bip7_disk/pingting114/mixed_bam/COLO829_PAO/TF1e-2_25x/TF1e-2_25x.rep1.bam.bai
[W::hts_idx_load3] The index file is older than the data file: /bip7_disk/pingting114/mixed_bam/COLO829_PAO/TF1e-2_25x/TF1e-2_25x.rep1.bam.bai
[W::hts_idx_load3] The index file is older than the data file: /bip7_disk/pingting114/mixed_bam/COLO829_PAO/TF1e-2_25x/TF1e-2_25x.rep1.bam.bai
[W::hts_idx_load3] The index file is older than the data file: /bip7_disk/pingting114/mixed_bam/COLO829_PAO/TF1e-2_25x/TF1e-2_25x.rep1.bam.bai
[W::hts_idx_load3] The index file is older than the data file: /bip7_disk/pingting114/mixed_bam/COLO829_PAO/TF1e-2_25x/TF1e-2_25x.rep1.bam.bai
[E::bam_parse_basemod2] 78d1789d-cc81-4553-8a2a-359c4012ab96: MM tag refers to bases beyond sequence length
[W::hts_idx_load3] The index file is older than the data file: /bip7_disk/pingting114/mixed_bam/COLO829_PAO/TF1e-2_25x/TF1e-2_25x.rep1.bam.bai
[E::bam_parse_basemod2] ec8850f7-0eee-418b-a7ee-5ea7806526cd: MM tag refers to bases beyond sequence length
[W::hts_idx_load3] The index file is older than the data file: /bip7_disk/pingting114/mixed_bam/COLO829_PAO/TF1e-2_25x/TF1e-2_25x.rep1.bam.bai
[W::hts_idx_load3] The index file is older than the data file: /bip7_disk/pingting114/mixed_bam/COLO829_PAO/TF1e-2_25x/TF1e-2_25x.rep1.bam.bai
[W::hts_idx_load3] The index file is older than the data file: /bip7_disk/pingting114/mixed_bam/COLO829_PAO/TF1e-2_25x/TF1e-2_25x.rep1.bam.bai
[W::hts_idx_load3] The index file is older than the data file: /bip7_disk/pingting114/mixed_bam/COLO829_PAO/TF1e-2_25x/TF1e-2_25x.rep1.bam.bai
[W::bam_next_basemod] MM tag refers to bases beyond sequence length
[W::bam_next_basemod] MM tag refers to bases beyond sequence length
[W::hts_idx_load3] The index file is older than the data file: /bip7_disk/pingting114/mixed_bam/COLO829_PAO/TF1e-2_25x/TF1e-2_25x.rep1.bam.bai
[W::hts_idx_load3] The index file is older than the data file: /bip7_disk/pingting114/mixed_bam/COLO829_PAO/TF1e-2_25x/TF1e-2_25x.rep1.bam.bai
[W::hts_idx_load3] The index file is older than the data file: /bip7_disk/pingting114/mixed_bam/COLO829_PAO/TF1e-2_25x/TF1e-2_25x.rep1.bam.bai
[W::hts_idx_load3] The index file is older than the data file: /bip7_disk/pingting114/mixed_bam/COLO829_PAO/TF1e-2_25x/TF1e-2_25x.rep1.bam.bai
[W::hts_idx_load3] The index file is older than the data file: /bip7_disk/pingting114/mixed_bam/COLO829_PAO/TF1e-2_25x/TF1e-2_25x.rep1.bam.bai
[W::hts_idx_load3] The index file is older than the data file: /bip7_disk/pingting114/mixed_bam/COLO829_PAO/TF1e-2_25x/TF1e-2_25x.rep1.bam.bai
[W::bam_next_basemod] MM tag refers to bases beyond sequence length
[W::hts_idx_load3] The index file is older than the data file: /bip7_disk/pingting114/mixed_bam/COLO829_PAO/TF1e-2_25x/TF1e-2_25x.rep1.bam.bai
[E::bam_parse_basemod2] 15af6637-8ce9-425e-8f80-b354beea1808: MM tag refers to bases beyond sequence length
[W::hts_idx_load3] The index file is older than the data file: /bip7_disk/pingting114/mixed_bam/COLO829_PAO/TF1e-2_25x/TF1e-2_25x.rep1.bam.bai
[W::hts_idx_load3] The index file is older than the data file: /bip7_disk/pingting114/mixed_bam/COLO829_PAO/TF1e-2_25x/TF1e-2_25x.rep1.bam.bai
[W::hts_idx_load3] The index file is older than the data file: /bip7_disk/pingting114/mixed_bam/COLO829_PAO/TF1e-2_25x/TF1e-2_25x.rep1.bam.bai
[W::hts_idx_load3] The index file is older than the data file: /bip7_disk/pingting114/mixed_bam/COLO829_PAO/TF1e-2_25x/TF1e-2_25x.rep1.bam.bai
[W::hts_idx_load3] The index file is older than the data file: /bip7_disk/pingting114/mixed_bam/COLO829_PAO/TF1e-2_25x/TF1e-2_25x.rep1.bam.bai
[W::hts_idx_load3] The index file is older than the data file: /bip7_disk/pingting114/mixed_bam/COLO829_PAO/TF1e-2_25x/TF1e-2_25x.rep1.bam.bai
[W::hts_idx_load3] The index file is older than the data file: /bip7_disk/pingting114/mixed_bam/COLO829_PAO/TF1e-2_25x/TF1e-2_25x.rep1.bam.bai
[W::hts_idx_load3] The index file is older than the data file: /bip7_disk/pingting114/mixed_bam/COLO829_PAO/TF1e-2_25x/TF1e-2_25x.rep1.bam.bai
[W::bam_next_basemod] MM tag refers to bases beyond sequence length
[W::hts_idx_load3] The index file is older than the data file: /bip7_disk/pingting114/mixed_bam/COLO829_PAO/TF1e-2_25x/TF1e-2_25x.rep1.bam.bai
[W::bam_next_basemod] MM tag refers to bases beyond sequence length
[W::hts_idx_load3] The index file is older than the data file: /bip7_disk/pingting114/mixed_bam/COLO829_PAO/TF1e-2_25x/TF1e-2_25x.rep1.bam.bai
[W::hts_idx_load3] The index file is older than the data file: /bip7_disk/pingting114/mixed_bam/COLO829_PAO/TF1e-2_25x/TF1e-2_25x.rep1.bam.bai
[W::hts_idx_load3] The index file is older than the data file: /bip7_disk/pingting114/mixed_bam/COLO829_PAO/TF1e-2_25x/TF1e-2_25x.rep1.bam.bai
[E::bam_parse_basemod2] fb4aed07-3a56-4ae1-8c0e-beefa37d359f: MM tag refers to bases beyond sequence length
[W::hts_idx_load3] The index file is older than the data file: /bip7_disk/pingting114/mixed_bam/COLO829_PAO/TF1e-2_25x/TF1e-2_25x.rep1.bam.bai
[W::hts_idx_load3] The index file is older than the data file: /bip7_disk/pingting114/mixed_bam/COLO829_PAO/TF1e-2_25x/TF1e-2_25x.rep1.bam.bai
[W::hts_idx_load3] The index file is older than the data file: /bip7_disk/pingting114/mixed_bam/COLO829_PAO/TF1e-2_25x/TF1e-2_25x.rep1.bam.bai
[W::hts_idx_load3] The index file is older than the data file: /bip7_disk/pingting114/mixed_bam/COLO829_PAO/TF1e-2_25x/TF1e-2_25x.rep1.bam.bai
[W::hts_idx_load3] The index file is older than the data file: /bip7_disk/pingting114/mixed_bam/COLO829_PAO/TF1e-2_25x/TF1e-2_25x.rep1.bam.bai
[W::hts_idx_load3] The index file is older than the data file: /bip7_disk/pingting114/mixed_bam/COLO829_PAO/TF1e-2_25x/TF1e-2_25x.rep1.bam.bai
[W::hts_idx_load3] The index file is older than the data file: /bip7_disk/pingting114/mixed_bam/COLO829_PAO/TF1e-2_25x/TF1e-2_25x.rep1.bam.bai
[W::bam_next_basemod] MM tag refers to bases beyond sequence length
[E::bam_parse_basemod2] 846c2a84-8573-466a-a875-a6a4154a1f34: MM tag refers to bases beyond sequence length
[W::hts_idx_load3] The index file is older than the data file: /bip7_disk/pingting114/mixed_bam/COLO829_PAO/TF1e-2_25x/TF1e-2_25x.rep1.bam.bai
[W::hts_idx_load3] The index file is older than the data file: /bip7_disk/pingting114/mixed_bam/COLO829_PAO/TF1e-2_25x/TF1e-2_25x.rep1.bam.bai
[W::bam_next_basemod] MM tag refers to bases beyond sequence length
[W::hts_idx_load3] The index file is older than the data file: /bip7_disk/pingting114/mixed_bam/COLO829_PAO/TF1e-2_25x/TF1e-2_25x.rep1.bam.bai
[W::bam_next_basemod] MM tag refers to bases beyond sequence length
[W::hts_idx_load3] The index file is older than the data file: /bip7_disk/pingting114/mixed_bam/COLO829_PAO/TF1e-2_25x/TF1e-2_25x.rep1.bam.bai
[W::hts_idx_load3] The index file is older than the data file: /bip7_disk/pingting114/mixed_bam/COLO829_PAO/TF1e-2_25x/TF1e-2_25x.rep1.bam.bai
[E::bam_parse_basemod2] b7c21aee-0c4f-42b1-a55b-1a8927b772fa: MM tag refers to bases beyond sequence length
[W::hts_idx_load3] The index file is older than the data file: /bip7_disk/pingting114/mixed_bam/COLO829_PAO/TF1e-2_25x/TF1e-2_25x.rep1.bam.bai
[W::bam_next_basemod] MM tag refers to bases beyond sequence length
[W::bam_next_basemod] MM tag refers to bases beyond sequence length
[W::hts_idx_load3] The index file is older than the data file: /bip7_disk/pingting114/mixed_bam/COLO829_PAO/TF1e-2_25x/TF1e-2_25x.rep1.bam.bai
[E::bam_parse_basemod2] 4ebd4cf3-59fa-4468-a15e-76329eda1b00: MM tag refers to bases beyond sequence length
[W::hts_idx_load3] The index file is older than the data file: /bip7_disk/pingting114/mixed_bam/COLO829_PAO/TF1e-2_25x/TF1e-2_25x.rep1.bam.bai
[W::hts_idx_load3] The index file is older than the data file: /bip7_disk/pingting114/mixed_bam/COLO829_PAO/TF1e-2_25x/TF1e-2_25x.rep1.bam.bai
[W::hts_idx_load3] The index file is older than the data file: /bip7_disk/pingting114/mixed_bam/COLO829_PAO/TF1e-2_25x/TF1e-2_25x.rep1.bam.bai
[W::hts_idx_load3] The index file is older than the data file: /bip7_disk/pingting114/mixed_bam/COLO829_PAO/TF1e-2_25x/TF1e-2_25x.rep1.bam.bai
[W::hts_idx_load3] The index file is older than the data file: /bip7_disk/pingting114/mixed_bam/COLO829_PAO/TF1e-2_25x/TF1e-2_25x.rep1.bam.bai
[W::bam_next_basemod] MM tag refers to bases beyond sequence length
[W::hts_idx_load3] The index file is older than the data file: /bip7_disk/pingting114/mixed_bam/COLO829_PAO/TF1e-2_25x/TF1e-2_25x.rep1.bam.bai
[W::hts_idx_load3] The index file is older than the data file: /bip7_disk/pingting114/mixed_bam/COLO829_PAO/TF1e-2_25x/TF1e-2_25x.rep1.bam.bai
[W::hts_idx_load3] The index file is older than the data file: /bip7_disk/pingting114/mixed_bam/COLO829_PAO/TF1e-2_25x/TF1e-2_25x.rep1.bam.bai
[W::bam_next_basemod] MM tag refers to bases beyond sequence length
[W::hts_idx_load3] The index file is older than the data file: /bip7_disk/pingting114/mixed_bam/COLO829_PAO/TF1e-2_25x/TF1e-2_25x.rep1.bam.bai
[W::hts_idx_load3] The index file is older than the data file: /bip7_disk/pingting114/mixed_bam/COLO829_PAO/TF1e-2_25x/TF1e-2_25x.rep1.bam.bai
[E::bam_parse_basemod2] 4282428f-d168-4c30-ae84-0cd3522c5559: MM tag refers to bases beyond sequence length
[W::hts_idx_load3] The index file is older than the data file: /bip7_disk/pingting114/mixed_bam/COLO829_PAO/TF1e-2_25x/TF1e-2_25x.rep1.bam.bai
[E::bam_parse_basemod2] 387a05f2-132b-427f-9188-a7cfe3881b52: MM tag refers to bases beyond sequence length
[W::hts_idx_load3] The index file is older than the data file: /bip7_disk/pingting114/mixed_bam/COLO829_PAO/TF1e-2_25x/TF1e-2_25x.rep1.bam.bai
[W::hts_idx_load3] The index file is older than the data file: /bip7_disk/pingting114/mixed_bam/COLO829_PAO/TF1e-2_25x/TF1e-2_25x.rep1.bam.bai
[W::hts_idx_load3] The index file is older than the data file: /bip7_disk/pingting114/mixed_bam/COLO829_PAO/TF1e-2_25x/TF1e-2_25x.rep1.bam.bai
[W::hts_idx_load3] The index file is older than the data file: /bip7_disk/pingting114/mixed_bam/COLO829_PAO/TF1e-2_25x/TF1e-2_25x.rep1.bam.bai
[W::hts_idx_load3] The index file is older than the data file: /bip7_disk/pingting114/mixed_bam/COLO829_PAO/TF1e-2_25x/TF1e-2_25x.rep1.bam.bai
[W::hts_idx_load3] The index file is older than the data file: /bip7_disk/pingting114/mixed_bam/COLO829_PAO/TF1e-2_25x/TF1e-2_25x.rep1.bam.bai
[W::bam_next_basemod] MM tag refers to bases beyond sequence length
[W::hts_idx_load3] The index file is older than the data file: /bip7_disk/pingting114/mixed_bam/COLO829_PAO/TF1e-2_25x/TF1e-2_25x.rep1.bam.bai
[W::hts_idx_load3] The index file is older than the data file: /bip7_disk/pingting114/mixed_bam/COLO829_PAO/TF1e-2_25x/TF1e-2_25x.rep1.bam.bai
[W::hts_idx_load3] The index file is older than the data file: /bip7_disk/pingting114/mixed_bam/COLO829_PAO/TF1e-2_25x/TF1e-2_25x.rep1.bam.bai
[W::bam_next_basemod] MM tag refers to bases beyond sequence length
[W::hts_idx_load3] The index file is older than the data file: /bip7_disk/pingting114/mixed_bam/COLO829_PAO/TF1e-2_25x/TF1e-2_25x.rep1.bam.bai
[W::hts_idx_load3] The index file is older than the data file: /bip7_disk/pingting114/mixed_bam/COLO829_PAO/TF1e-2_25x/TF1e-2_25x.rep1.bam.bai
[W::hts_idx_load3] The index file is older than the data file: /bip7_disk/pingting114/mixed_bam/COLO829_PAO/TF1e-2_25x/TF1e-2_25x.rep1.bam.bai
[W::hts_idx_load3] The index file is older than the data file: /bip7_disk/pingting114/mixed_bam/COLO829_PAO/TF1e-2_25x/TF1e-2_25x.rep1.bam.bai
[W::hts_idx_load3] The index file is older than the data file: /bip7_disk/pingting114/mixed_bam/COLO829_PAO/TF1e-2_25x/TF1e-2_25x.rep1.bam.bai
[W::hts_idx_load3] The index file is older than the data file: /bip7_disk/pingting114/mixed_bam/COLO829_PAO/TF1e-2_25x/TF1e-2_25x.rep1.bam.bai
[E::bam_parse_basemod2] f61a3c38-acc0-4f3c-b0ff-0d49a798b8df: MM tag refers to bases beyond sequence length
[W::hts_idx_load3] The index file is older than the data file: /bip7_disk/pingting114/mixed_bam/COLO829_PAO/TF1e-2_25x/TF1e-2_25x.rep1.bam.bai
[W::bam_next_basemod] MM tag refers to bases beyond sequence length
[W::hts_idx_load3] The index file is older than the data file: /bip7_disk/pingting114/mixed_bam/COLO829_PAO/TF1e-2_25x/TF1e-2_25x.rep1.bam.bai
[W::hts_idx_load3] The index file is older than the data file: /bip7_disk/pingting114/mixed_bam/COLO829_PAO/TF1e-2_25x/TF1e-2_25x.rep1.bam.bai
[W::hts_idx_load3] The index file is older than the data file: /bip7_disk/pingting114/mixed_bam/COLO829_PAO/TF1e-2_25x/TF1e-2_25x.rep1.bam.bai
[E::bam_parse_basemod2] 9ca605a2-0f55-481f-a36c-87accf5ad1c3: MM tag refers to bases beyond sequence length
[W::hts_idx_load3] The index file is older than the data file: /bip7_disk/pingting114/mixed_bam/COLO829_PAO/TF1e-2_25x/TF1e-2_25x.rep1.bam.bai
[W::hts_idx_load3] The index file is older than the data file: /bip7_disk/pingting114/mixed_bam/COLO829_PAO/TF1e-2_25x/TF1e-2_25x.rep1.bam.bai
[W::hts_idx_load3] The index file is older than the data file: /bip7_disk/pingting114/mixed_bam/COLO829_PAO/TF1e-2_25x/TF1e-2_25x.rep1.bam.bai
[W::hts_idx_load3] The index file is older than the data file: /bip7_disk/pingting114/mixed_bam/COLO829_PAO/TF1e-2_25x/TF1e-2_25x.rep1.bam.bai
[W::hts_idx_load3] The index file is older than the data file: /bip7_disk/pingting114/mixed_bam/COLO829_PAO/TF1e-2_25x/TF1e-2_25x.rep1.bam.bai
[W::hts_idx_load3] The index file is older than the data file: /bip7_disk/pingting114/mixed_bam/COLO829_PAO/TF1e-2_25x/TF1e-2_25x.rep1.bam.bai
[E::bam_parse_basemod2] f1e18e11-9b7a-4ad8-8f7a-d4aa0c87024e: MM tag refers to bases beyond sequence length
[E::bam_parse_basemod2] d604f60c-d5b0-40a0-8954-1469c8700bee: MM tag refers to bases beyond sequence length
[W::hts_idx_load3] The index file is older than the data file: /bip7_disk/pingting114/mixed_bam/COLO829_PAO/TF1e-2_25x/TF1e-2_25x.rep1.bam.bai
[W::hts_idx_load3] The index file is older than the data file: /bip7_disk/pingting114/mixed_bam/COLO829_PAO/TF1e-2_25x/TF1e-2_25x.rep1.bam.bai
[W::bam_next_basemod] MM tag refers to bases beyond sequence length
[W::bam_next_basemod] MM tag refers to bases beyond sequence length
[E::bam_parse_basemod2] 9a15570d-3ee8-4bbf-b1c3-cc56ab0a03f6: MM tag refers to bases beyond sequence length
[W::hts_idx_load3] The index file is older than the data file: /bip7_disk/pingting114/mixed_bam/COLO829_PAO/TF1e-2_25x/TF1e-2_25x.rep1.bam.bai
[W::hts_idx_load3] The index file is older than the data file: /bip7_disk/pingting114/mixed_bam/COLO829_PAO/TF1e-2_25x/TF1e-2_25x.rep1.bam.bai
[W::hts_idx_load3] The index file is older than the data file: /bip7_disk/pingting114/mixed_bam/COLO829_PAO/TF1e-2_25x/TF1e-2_25x.rep1.bam.bai
[E::bam_parse_basemod2] 3d39e56a-6757-462d-aeed-ce2586403549: MM tag refers to bases beyond sequence length
[W::hts_idx_load3] The index file is older than the data file: /bip7_disk/pingting114/mixed_bam/COLO829_PAO/TF1e-2_25x/TF1e-2_25x.rep1.bam.bai
[W::bam_next_basemod] MM tag refers to bases beyond sequence length
[W::hts_idx_load3] The index file is older than the data file: /bip7_disk/pingting114/mixed_bam/COLO829_PAO/TF1e-2_25x/TF1e-2_25x.rep1.bam.bai
[W::bam_next_basemod] MM tag refers to bases beyond sequence length
[W::hts_idx_load3] The index file is older than the data file: /bip7_disk/pingting114/mixed_bam/COLO829_PAO/TF1e-2_25x/TF1e-2_25x.rep1.bam.bai
[W::hts_idx_load3] The index file is older than the data file: /bip7_disk/pingting114/mixed_bam/COLO829_PAO/TF1e-2_25x/TF1e-2_25x.rep1.bam.bai
[W::hts_idx_load3] The index file is older than the data file: /bip7_disk/pingting114/mixed_bam/COLO829_PAO/TF1e-2_25x/TF1e-2_25x.rep1.bam.bai
[W::hts_idx_load3] The index file is older than the data file: /bip7_disk/pingting114/mixed_bam/COLO829_PAO/TF1e-2_25x/TF1e-2_25x.rep1.bam.bai
[W::hts_idx_load3] The index file is older than the data file: /bip7_disk/pingting114/mixed_bam/COLO829_PAO/TF1e-2_25x/TF1e-2_25x.rep1.bam.bai
[W::hts_idx_load3] The index file is older than the data file: /bip7_disk/pingting114/mixed_bam/COLO829_PAO/TF1e-2_25x/TF1e-2_25x.rep1.bam.bai
[E::bam_parse_basemod2] a0f25337-fb4b-4ccc-9bbe-7ed9d2fae31b: MM tag refers to bases beyond sequence length
[W::hts_idx_load3] The index file is older than the data file: /bip7_disk/pingting114/mixed_bam/COLO829_PAO/TF1e-2_25x/TF1e-2_25x.rep1.bam.bai
[W::bam_next_basemod] MM tag refers to bases beyond sequence length
[W::hts_idx_load3] The index file is older than the data file: /bip7_disk/pingting114/mixed_bam/COLO829_PAO/TF1e-2_25x/TF1e-2_25x.rep1.bam.bai
[W::hts_idx_load3] The index file is older than the data file: /bip7_disk/pingting114/mixed_bam/COLO829_PAO/TF1e-2_25x/TF1e-2_25x.rep1.bam.bai
[W::bam_next_basemod] MM tag refers to bases beyond sequence length
[W::hts_idx_load3] The index file is older than the data file: /bip7_disk/pingting114/mixed_bam/COLO829_PAO/TF1e-2_25x/TF1e-2_25x.rep1.bam.bai
[W::bam_next_basemod] MM tag refers to bases beyond sequence length
[W::hts_idx_load3] The index file is older than the data file: /bip7_disk/pingting114/mixed_bam/COLO829_PAO/TF1e-2_25x/TF1e-2_25x.rep1.bam.bai
[W::hts_idx_load3] The index file is older than the data file: /bip7_disk/pingting114/mixed_bam/COLO829_PAO/TF1e-2_25x/TF1e-2_25x.rep1.bam.bai
[W::hts_idx_load3] The index file is older than the data file: /bip7_disk/pingting114/mixed_bam/COLO829_PAO/TF1e-2_25x/TF1e-2_25x.rep1.bam.bai
[W::hts_idx_load3] The index file is older than the data file: /bip7_disk/pingting114/mixed_bam/COLO829_PAO/TF1e-2_25x/TF1e-2_25x.rep1.bam.bai
[W::hts_idx_load3] The index file is older than the data file: /bip7_disk/pingting114/mixed_bam/COLO829_PAO/TF1e-2_25x/TF1e-2_25x.rep1.bam.bai
[W::hts_idx_load3] The index file is older than the data file: /bip7_disk/pingting114/mixed_bam/COLO829_PAO/TF1e-2_25x/TF1e-2_25x.rep1.bam.bai
[W::bam_next_basemod] MM tag refers to bases beyond sequence length
[W::hts_idx_load3] The index file is older than the data file: /bip7_disk/pingting114/mixed_bam/COLO829_PAO/TF1e-2_25x/TF1e-2_25x.rep1.bam.bai
[E::bam_parse_basemod2] 10713a45-f34d-4be4-bd9f-29c48e8ae981: MM tag refers to bases beyond sequence length
[W::hts_idx_load3] The index file is older than the data file: /bip7_disk/pingting114/mixed_bam/COLO829_PAO/TF1e-2_25x/TF1e-2_25x.rep1.bam.bai
[W::hts_idx_load3] The index file is older than the data file: /bip7_disk/pingting114/mixed_bam/COLO829_PAO/TF1e-2_25x/TF1e-2_25x.rep1.bam.bai
[W::hts_idx_load3] The index file is older than the data file: /bip7_disk/pingting114/mixed_bam/COLO829_PAO/TF1e-2_25x/TF1e-2_25x.rep1.bam.bai
[W::hts_idx_load3] The index file is older than the data file: /bip7_disk/pingting114/mixed_bam/COLO829_PAO/TF1e-2_25x/TF1e-2_25x.rep1.bam.bai
[W::hts_idx_load3] The index file is older than the data file: /bip7_disk/pingting114/mixed_bam/COLO829_PAO/TF1e-2_25x/TF1e-2_25x.rep1.bam.bai
[E::bam_parse_basemod2] 9a009362-90d8-4c4e-af13-f4f8716c52fc: MM tag refers to bases beyond sequence length
[W::hts_idx_load3] The index file is older than the data file: /bip7_disk/pingting114/mixed_bam/COLO829_PAO/TF1e-2_25x/TF1e-2_25x.rep1.bam.bai
[W::hts_idx_load3] The index file is older than the data file: /bip7_disk/pingting114/mixed_bam/COLO829_PAO/TF1e-2_25x/TF1e-2_25x.rep1.bam.bai
[E::bam_parse_basemod2] 82a2b050-7306-4ef8-ad0b-cd8966b9d6b5: MM tag refers to bases beyond sequence length
[W::hts_idx_load3] The index file is older than the data file: /bip7_disk/pingting114/mixed_bam/COLO829_PAO/TF1e-2_25x/TF1e-2_25x.rep1.bam.bai
[W::hts_idx_load3] The index file is older than the data file: /bip7_disk/pingting114/mixed_bam/COLO829_PAO/TF1e-2_25x/TF1e-2_25x.rep1.bam.bai
[W::bam_next_basemod] MM tag refers to bases beyond sequence length
[W::hts_idx_load3] The index file is older than the data file: /bip7_disk/pingting114/mixed_bam/COLO829_PAO/TF1e-2_25x/TF1e-2_25x.rep1.bam.bai
[W::hts_idx_load3] The index file is older than the data file: /bip7_disk/pingting114/mixed_bam/COLO829_PAO/TF1e-2_25x/TF1e-2_25x.rep1.bam.bai
[W::hts_idx_load3] The index file is older than the data file: /bip7_disk/pingting114/mixed_bam/COLO829_PAO/TF1e-2_25x/TF1e-2_25x.rep1.bam.bai
[W::hts_idx_load3] The index file is older than the data file: /bip7_disk/pingting114/mixed_bam/COLO829_PAO/TF1e-2_25x/TF1e-2_25x.rep1.bam.bai
[W::hts_idx_load3] The index file is older than the data file: /bip7_disk/pingting114/mixed_bam/COLO829_PAO/TF1e-2_25x/TF1e-2_25x.rep1.bam.bai
[W::hts_idx_load3] The index file is older than the data file: /bip7_disk/pingting114/mixed_bam/COLO829_PAO/TF1e-2_25x/TF1e-2_25x.rep1.bam.bai
[W::hts_idx_load3] The index file is older than the data file: /bip7_disk/pingting114/mixed_bam/COLO829_PAO/TF1e-2_25x/TF1e-2_25x.rep1.bam.bai
[E::bam_parse_basemod2] 38475b7e-8455-4e02-9344-54dfd7b59cbb: MM tag refers to bases beyond sequence length
[W::hts_idx_load3] The index file is older than the data file: /bip7_disk/pingting114/mixed_bam/COLO829_PAO/TF1e-2_25x/TF1e-2_25x.rep1.bam.bai
[W::hts_idx_load3] The index file is older than the data file: /bip7_disk/pingting114/mixed_bam/COLO829_PAO/TF1e-2_25x/TF1e-2_25x.rep1.bam.bai
[W::hts_idx_load3] The index file is older than the data file: /bip7_disk/pingting114/mixed_bam/COLO829_PAO/TF1e-2_25x/TF1e-2_25x.rep1.bam.bai
[W::hts_idx_load3] The index file is older than the data file: /bip7_disk/pingting114/mixed_bam/COLO829_PAO/TF1e-2_25x/TF1e-2_25x.rep1.bam.bai
[W::hts_idx_load3] The index file is older than the data file: /bip7_disk/pingting114/mixed_bam/COLO829_PAO/TF1e-2_25x/TF1e-2_25x.rep1.bam.bai
[W::bam_next_basemod] MM tag refers to bases beyond sequence length
[W::hts_idx_load3] The index file is older than the data file: /bip7_disk/pingting114/mixed_bam/COLO829_PAO/TF1e-2_25x/TF1e-2_25x.rep1.bam.bai
[E::bam_parse_basemod2] c29c673b-abe7-46df-ada5-e670d7139b07: MM tag refers to bases beyond sequence length
[W::hts_idx_load3] The index file is older than the data file: /bip7_disk/pingting114/mixed_bam/COLO829_PAO/TF1e-2_25x/TF1e-2_25x.rep1.bam.bai
[W::hts_idx_load3] The index file is older than the data file: /bip7_disk/pingting114/mixed_bam/COLO829_PAO/TF1e-2_25x/TF1e-2_25x.rep1.bam.bai
[W::hts_idx_load3] The index file is older than the data file: /bip7_disk/pingting114/mixed_bam/COLO829_PAO/TF1e-2_25x/TF1e-2_25x.rep1.bam.bai
[W::hts_idx_load3] The index file is older than the data file: /bip7_disk/pingting114/mixed_bam/COLO829_PAO/TF1e-2_25x/TF1e-2_25x.rep1.bam.bai
[W::hts_idx_load3] The index file is older than the data file: /bip7_disk/pingting114/mixed_bam/COLO829_PAO/TF1e-2_25x/TF1e-2_25x.rep1.bam.bai
[W::bam_next_basemod] MM tag refers to bases beyond sequence length
[W::hts_idx_load3] The index file is older than the data file: /bip7_disk/pingting114/mixed_bam/COLO829_PAO/TF1e-2_25x/TF1e-2_25x.rep1.bam.bai
[W::bam_next_basemod] MM tag refers to bases beyond sequence length
[W::hts_idx_load3] The index file is older than the data file: /bip7_disk/pingting114/mixed_bam/COLO829_PAO/TF1e-2_25x/TF1e-2_25x.rep1.bam.bai
[W::hts_idx_load3] The index file is older than the data file: /bip7_disk/pingting114/mixed_bam/COLO829_PAO/TF1e-2_25x/TF1e-2_25x.rep1.bam.bai
[W::hts_idx_load3] The index file is older than the data file: /bip7_disk/pingting114/mixed_bam/COLO829_PAO/TF1e-2_25x/TF1e-2_25x.rep1.bam.bai
[W::hts_idx_load3] The index file is older than the data file: /bip7_disk/pingting114/mixed_bam/COLO829_PAO/TF1e-2_25x/TF1e-2_25x.rep1.bam.bai
[W::hts_idx_load3] The index file is older than the data file: /bip7_disk/pingting114/mixed_bam/COLO829_PAO/TF1e-2_25x/TF1e-2_25x.rep1.bam.bai
[W::hts_idx_load3] The index file is older than the data file: /bip7_disk/pingting114/mixed_bam/COLO829_PAO/TF1e-2_25x/TF1e-2_25x.rep1.bam.bai
[W::hts_idx_load3] The index file is older than the data file: /bip7_disk/pingting114/mixed_bam/COLO829_PAO/TF1e-2_25x/TF1e-2_25x.rep1.bam.bai
[W::hts_idx_load3] The index file is older than the data file: /bip7_disk/pingting114/mixed_bam/COLO829_PAO/TF1e-2_25x/TF1e-2_25x.rep1.bam.bai
[W::bam_next_basemod] MM tag refers to bases beyond sequence length
[W::hts_idx_load3] The index file is older than the data file: /bip7_disk/pingting114/mixed_bam/COLO829_PAO/TF1e-2_25x/TF1e-2_25x.rep1.bam.bai
[W::hts_idx_load3] The index file is older than the data file: /bip7_disk/pingting114/mixed_bam/COLO829_PAO/TF1e-2_25x/TF1e-2_25x.rep1.bam.bai
[W::hts_idx_load3] The index file is older than the data file: /bip7_disk/pingting114/mixed_bam/COLO829_PAO/TF1e-2_25x/TF1e-2_25x.rep1.bam.bai
[W::hts_idx_load3] The index file is older than the data file: /bip7_disk/pingting114/mixed_bam/COLO829_PAO/TF1e-2_25x/TF1e-2_25x.rep1.bam.bai
[W::hts_idx_load3] The index file is older than the data file: /bip7_disk/pingting114/mixed_bam/COLO829_PAO/TF1e-2_25x/TF1e-2_25x.rep1.bam.bai
[E::bam_parse_basemod2] 0887b581-2113-4c37-8324-96475e68da8b: MM tag refers to bases beyond sequence length
[W::hts_idx_load3] The index file is older than the data file: /bip7_disk/pingting114/mixed_bam/COLO829_PAO/TF1e-2_25x/TF1e-2_25x.rep1.bam.bai
[E::bam_parse_basemod2] 20821812-4e3a-4977-b98d-5c6d516ac336: MM tag refers to bases beyond sequence length
[W::hts_idx_load3] The index file is older than the data file: /bip7_disk/pingting114/mixed_bam/COLO829_PAO/TF1e-2_25x/TF1e-2_25x.rep1.bam.bai
[W::bam_next_basemod] MM tag refers to bases beyond sequence length
[W::hts_idx_load3] The index file is older than the data file: /bip7_disk/pingting114/mixed_bam/COLO829_PAO/TF1e-2_25x/TF1e-2_25x.rep1.bam.bai
[W::hts_idx_load3] The index file is older than the data file: /bip7_disk/pingting114/mixed_bam/COLO829_PAO/TF1e-2_25x/TF1e-2_25x.rep1.bam.bai
[W::bam_next_basemod] MM tag refers to bases beyond sequence length
[W::hts_idx_load3] The index file is older than the data file: /bip7_disk/pingting114/mixed_bam/COLO829_PAO/TF1e-2_25x/TF1e-2_25x.rep1.bam.bai
[W::hts_idx_load3] The index file is older than the data file: /bip7_disk/pingting114/mixed_bam/COLO829_PAO/TF1e-2_25x/TF1e-2_25x.rep1.bam.bai
[W::hts_idx_load3] The index file is older than the data file: /bip7_disk/pingting114/mixed_bam/COLO829_PAO/TF1e-2_25x/TF1e-2_25x.rep1.bam.bai
[W::hts_idx_load3] The index file is older than the data file: /bip7_disk/pingting114/mixed_bam/COLO829_PAO/TF1e-2_25x/TF1e-2_25x.rep1.bam.bai
[W::hts_idx_load3] The index file is older than the data file: /bip7_disk/pingting114/mixed_bam/COLO829_PAO/TF1e-2_25x/TF1e-2_25x.rep1.bam.bai
[W::hts_idx_load3] The index file is older than the data file: /bip7_disk/pingting114/mixed_bam/COLO829_PAO/TF1e-2_25x/TF1e-2_25x.rep1.bam.bai
[W::hts_idx_load3] The index file is older than the data file: /bip7_disk/pingting114/mixed_bam/COLO829_PAO/TF1e-2_25x/TF1e-2_25x.rep1.bam.bai
[E::bam_parse_basemod2] da26b3dc-75cd-494e-a44a-f580f03182c2: MM tag refers to bases beyond sequence length
[W::hts_idx_load3] The index file is older than the data file: /bip7_disk/pingting114/mixed_bam/COLO829_PAO/TF1e-2_25x/TF1e-2_25x.rep1.bam.bai
[W::hts_idx_load3] The index file is older than the data file: /bip7_disk/pingting114/mixed_bam/COLO829_PAO/TF1e-2_25x/TF1e-2_25x.rep1.bam.bai
[E::bam_parse_basemod2] 7e3f08a2-bd1b-4ac8-8817-9cecc4422e71: MM tag refers to bases beyond sequence length
[W::hts_idx_load3] The index file is older than the data file: /bip7_disk/pingting114/mixed_bam/COLO829_PAO/TF1e-2_25x/TF1e-2_25x.rep1.bam.bai
[W::hts_idx_load3] The index file is older than the data file: /bip7_disk/pingting114/mixed_bam/COLO829_PAO/TF1e-2_25x/TF1e-2_25x.rep1.bam.bai
[W::bam_next_basemod] MM tag refers to bases beyond sequence length
[W::hts_idx_load3] The index file is older than the data file: /bip7_disk/pingting114/mixed_bam/COLO829_PAO/TF1e-2_25x/TF1e-2_25x.rep1.bam.bai
[W::hts_idx_load3] The index file is older than the data file: /bip7_disk/pingting114/mixed_bam/COLO829_PAO/TF1e-2_25x/TF1e-2_25x.rep1.bam.bai
[W::hts_idx_load3] The index file is older than the data file: /bip7_disk/pingting114/mixed_bam/COLO829_PAO/TF1e-2_25x/TF1e-2_25x.rep1.bam.bai
[W::hts_idx_load3] The index file is older than the data file: /bip7_disk/pingting114/mixed_bam/COLO829_PAO/TF1e-2_25x/TF1e-2_25x.rep1.bam.bai
[W::hts_idx_load3] The index file is older than the data file: /bip7_disk/pingting114/mixed_bam/COLO829_PAO/TF1e-2_25x/TF1e-2_25x.rep1.bam.bai
[W::hts_idx_load3] The index file is older than the data file: /bip7_disk/pingting114/mixed_bam/COLO829_PAO/TF1e-2_25x/TF1e-2_25x.rep1.bam.bai
[W::hts_idx_load3] The index file is older than the data file: /bip7_disk/pingting114/mixed_bam/COLO829_PAO/TF1e-2_25x/TF1e-2_25x.rep1.bam.bai
[W::hts_idx_load3] The index file is older than the data file: /bip7_disk/pingting114/mixed_bam/COLO829_PAO/TF1e-2_25x/TF1e-2_25x.rep1.bam.bai
[W::hts_idx_load3] The index file is older than the data file: /bip7_disk/pingting114/mixed_bam/COLO829_PAO/TF1e-2_25x/TF1e-2_25x.rep1.bam.bai
[W::hts_idx_load3] The index file is older than the data file: /bip7_disk/pingting114/mixed_bam/COLO829_PAO/TF1e-2_25x/TF1e-2_25x.rep1.bam.bai
[W::hts_idx_load3] The index file is older than the data file: /bip7_disk/pingting114/mixed_bam/COLO829_PAO/TF1e-2_25x/TF1e-2_25x.rep1.bam.bai
[W::hts_idx_load3] The index file is older than the data file: /bip7_disk/pingting114/mixed_bam/COLO829_PAO/TF1e-2_25x/TF1e-2_25x.rep1.bam.bai
[W::hts_idx_load3] The index file is older than the data file: /bip7_disk/pingting114/mixed_bam/COLO829_PAO/TF1e-2_25x/TF1e-2_25x.rep1.bam.bai
[W::hts_idx_load3] The index file is older than the data file: /bip7_disk/pingting114/mixed_bam/COLO829_PAO/TF1e-2_25x/TF1e-2_25x.rep1.bam.bai
[W::hts_idx_load3] The index file is older than the data file: /bip7_disk/pingting114/mixed_bam/COLO829_PAO/TF1e-2_25x/TF1e-2_25x.rep1.bam.bai
[W::hts_idx_load3] The index file is older than the data file: /bip7_disk/pingting114/mixed_bam/COLO829_PAO/TF1e-2_25x/TF1e-2_25x.rep1.bam.bai
[W::hts_idx_load3] The index file is older than the data file: /bip7_disk/pingting114/mixed_bam/COLO829_PAO/TF1e-2_25x/TF1e-2_25x.rep1.bam.bai
[W::hts_idx_load3] The index file is older than the data file: /bip7_disk/pingting114/mixed_bam/COLO829_PAO/TF1e-2_25x/TF1e-2_25x.rep1.bam.bai
[W::hts_idx_load3] The index file is older than the data file: /bip7_disk/pingting114/mixed_bam/COLO829_PAO/TF1e-2_25x/TF1e-2_25x.rep1.bam.bai
[W::hts_idx_load3] The index file is older than the data file: /bip7_disk/pingting114/mixed_bam/COLO829_PAO/TF1e-2_25x/TF1e-2_25x.rep1.bam.bai
[W::bam_next_basemod] MM tag refers to bases beyond sequence length
[E::bam_parse_basemod2] 11de9e66-7247-49c0-ba16-0ac650192da3: MM tag refers to bases beyond sequence length
[W::bam_next_basemod] MM tag refers to bases beyond sequence length
[W::hts_idx_load3] The index file is older than the data file: /bip7_disk/pingting114/mixed_bam/COLO829_PAO/TF1e-2_25x/TF1e-2_25x.rep1.bam.bai
[W::hts_idx_load3] The index file is older than the data file: /bip7_disk/pingting114/mixed_bam/COLO829_PAO/TF1e-2_25x/TF1e-2_25x.rep1.bam.bai
[E::bam_parse_basemod2] afc1e996-956f-4561-acbd-b16720fa9c47: MM tag refers to bases beyond sequence length
[E::bam_parse_basemod2] 97ccc338-0048-4e6f-a398-89ba555fd359: MM tag refers to bases beyond sequence length
[W::hts_idx_load3] The index file is older than the data file: /bip7_disk/pingting114/mixed_bam/COLO829_PAO/TF1e-2_25x/TF1e-2_25x.rep1.bam.bai
[E::bam_parse_basemod2] 32121697-e3d6-4f58-9b22-616ffe05ef6d: MM tag refers to bases beyond sequence length
[W::hts_idx_load3] The index file is older than the data file: /bip7_disk/pingting114/mixed_bam/COLO829_PAO/TF1e-2_25x/TF1e-2_25x.rep1.bam.bai
[W::hts_idx_load3] The index file is older than the data file: /bip7_disk/pingting114/mixed_bam/COLO829_PAO/TF1e-2_25x/TF1e-2_25x.rep1.bam.bai
[W::hts_idx_load3] The index file is older than the data file: /bip7_disk/pingting114/mixed_bam/COLO829_PAO/TF1e-2_25x/TF1e-2_25x.rep1.bam.bai
[W::hts_idx_load3] The index file is older than the data file: /bip7_disk/pingting114/mixed_bam/COLO829_PAO/TF1e-2_25x/TF1e-2_25x.rep1.bam.bai
[W::hts_idx_load3] The index file is older than the data file: /bip7_disk/pingting114/mixed_bam/COLO829_PAO/TF1e-2_25x/TF1e-2_25x.rep1.bam.bai
[E::bam_parse_basemod2] 296f5229-7d85-48a5-a270-d819a46a48c6: MM tag refers to bases beyond sequence length
[W::hts_idx_load3] The index file is older than the data file: /bip7_disk/pingting114/mixed_bam/COLO829_PAO/TF1e-2_25x/TF1e-2_25x.rep1.bam.bai
[W::hts_idx_load3] The index file is older than the data file: /bip7_disk/pingting114/mixed_bam/COLO829_PAO/TF1e-2_25x/TF1e-2_25x.rep1.bam.bai
[W::bam_next_basemod] MM tag refers to bases beyond sequence length
[W::hts_idx_load3] The index file is older than the data file: /bip7_disk/pingting114/mixed_bam/COLO829_PAO/TF1e-2_25x/TF1e-2_25x.rep1.bam.bai
[W::bam_next_basemod] MM tag refers to bases beyond sequence length
[W::hts_idx_load3] The index file is older than the data file: /bip7_disk/pingting114/mixed_bam/COLO829_PAO/TF1e-2_25x/TF1e-2_25x.rep1.bam.bai
[W::hts_idx_load3] The index file is older than the data file: /bip7_disk/pingting114/mixed_bam/COLO829_PAO/TF1e-2_25x/TF1e-2_25x.rep1.bam.bai
[E::bam_parse_basemod2] df3767e8-f8c4-4f3d-98a9-1ed4a913a592: MM tag refers to bases beyond sequence length
[W::bam_next_basemod] MM tag refers to bases beyond sequence length
[W::hts_idx_load3] The index file is older than the data file: /bip7_disk/pingting114/mixed_bam/COLO829_PAO/TF1e-2_25x/TF1e-2_25x.rep1.bam.bai
[W::hts_idx_load3] The index file is older than the data file: /bip7_disk/pingting114/mixed_bam/COLO829_PAO/TF1e-2_25x/TF1e-2_25x.rep1.bam.bai
[W::bam_next_basemod] MM tag refers to bases beyond sequence length
[W::hts_idx_load3] The index file is older than the data file: /bip7_disk/pingting114/mixed_bam/COLO829_PAO/TF1e-2_25x/TF1e-2_25x.rep1.bam.bai
[W::hts_idx_load3] The index file is older than the data file: /bip7_disk/pingting114/mixed_bam/COLO829_PAO/TF1e-2_25x/TF1e-2_25x.rep1.bam.bai
[W::bam_next_basemod] MM tag refers to bases beyond sequence length
[W::hts_idx_load3] The index file is older than the data file: /bip7_disk/pingting114/mixed_bam/COLO829_PAO/TF1e-2_25x/TF1e-2_25x.rep1.bam.bai
[W::hts_idx_load3] The index file is older than the data file: /bip7_disk/pingting114/mixed_bam/COLO829_PAO/TF1e-2_25x/TF1e-2_25x.rep1.bam.bai
[W::hts_idx_load3] The index file is older than the data file: /bip7_disk/pingting114/mixed_bam/COLO829_PAO/TF1e-2_25x/TF1e-2_25x.rep1.bam.bai
[W::hts_idx_load3] The index file is older than the data file: /bip7_disk/pingting114/mixed_bam/COLO829_PAO/TF1e-2_25x/TF1e-2_25x.rep1.bam.bai
[E::bam_parse_basemod2] 5d84a5c4-6ec8-4ffa-be0e-fc7940ca38bf: MM tag refers to bases beyond sequence length
[W::bam_next_basemod] MM tag refers to bases beyond sequence length
[W::hts_idx_load3] The index file is older than the data file: /bip7_disk/pingting114/mixed_bam/COLO829_PAO/TF1e-2_25x/TF1e-2_25x.rep1.bam.bai
[W::hts_idx_load3] The index file is older than the data file: /bip7_disk/pingting114/mixed_bam/COLO829_PAO/TF1e-2_25x/TF1e-2_25x.rep1.bam.bai
[W::hts_idx_load3] The index file is older than the data file: /bip7_disk/pingting114/mixed_bam/COLO829_PAO/TF1e-2_25x/TF1e-2_25x.rep1.bam.bai
[W::hts_idx_load3] The index file is older than the data file: /bip7_disk/pingting114/mixed_bam/COLO829_PAO/TF1e-2_25x/TF1e-2_25x.rep1.bam.bai
[W::hts_idx_load3] The index file is older than the data file: /bip7_disk/pingting114/mixed_bam/COLO829_PAO/TF1e-2_25x/TF1e-2_25x.rep1.bam.bai
[E::bam_parse_basemod2] 4dd7ae60-de44-40e7-b6f0-dd1143a57c35: MM tag refers to bases beyond sequence length
[W::hts_idx_load3] The index file is older than the data file: /bip7_disk/pingting114/mixed_bam/COLO829_PAO/TF1e-2_25x/TF1e-2_25x.rep1.bam.bai
[W::hts_idx_load3] The index file is older than the data file: /bip7_disk/pingting114/mixed_bam/COLO829_PAO/TF1e-2_25x/TF1e-2_25x.rep1.bam.bai
[W::hts_idx_load3] The index file is older than the data file: /bip7_disk/pingting114/mixed_bam/COLO829_PAO/TF1e-2_25x/TF1e-2_25x.rep1.bam.bai
[W::hts_idx_load3] The index file is older than the data file: /bip7_disk/pingting114/mixed_bam/COLO829_PAO/TF1e-2_25x/TF1e-2_25x.rep1.bam.bai
[W::bam_next_basemod] MM tag refers to bases beyond sequence length
[E::bam_parse_basemod2] 1f36bb23-b5a3-42a7-af24-392dc21ff35e: MM tag refers to bases beyond sequence length
[W::hts_idx_load3] The index file is older than the data file: /bip7_disk/pingting114/mixed_bam/COLO829_PAO/TF1e-2_25x/TF1e-2_25x.rep1.bam.bai
[W::hts_idx_load3] The index file is older than the data file: /bip7_disk/pingting114/mixed_bam/COLO829_PAO/TF1e-2_25x/TF1e-2_25x.rep1.bam.bai
[W::hts_idx_load3] The index file is older than the data file: /bip7_disk/pingting114/mixed_bam/COLO829_PAO/TF1e-2_25x/TF1e-2_25x.rep1.bam.bai
[E::bam_parse_basemod2] e93b2536-57bd-4ea1-b4ae-37b82e10a24f: MM tag refers to bases beyond sequence length
[W::hts_idx_load3] The index file is older than the data file: /bip7_disk/pingting114/mixed_bam/COLO829_PAO/TF1e-2_25x/TF1e-2_25x.rep1.bam.bai
[W::bam_next_basemod] MM tag refers to bases beyond sequence length
[W::hts_idx_load3] The index file is older than the data file: /bip7_disk/pingting114/mixed_bam/COLO829_PAO/TF1e-2_25x/TF1e-2_25x.rep1.bam.bai
[W::hts_idx_load3] The index file is older than the data file: /bip7_disk/pingting114/mixed_bam/COLO829_PAO/TF1e-2_25x/TF1e-2_25x.rep1.bam.bai
[W::hts_idx_load3] The index file is older than the data file: /bip7_disk/pingting114/mixed_bam/COLO829_PAO/TF1e-2_25x/TF1e-2_25x.rep1.bam.bai
[W::bam_next_basemod] MM tag refers to bases beyond sequence length
[E::bam_parse_basemod2] 8ba6f425-f639-4bc6-896c-db1ab012c2e7: MM tag refers to bases beyond sequence length
[W::hts_idx_load3] The index file is older than the data file: /bip7_disk/pingting114/mixed_bam/COLO829_PAO/TF1e-2_25x/TF1e-2_25x.rep1.bam.bai
[W::hts_idx_load3] The index file is older than the data file: /bip7_disk/pingting114/mixed_bam/COLO829_PAO/TF1e-2_25x/TF1e-2_25x.rep1.bam.bai
[W::hts_idx_load3] The index file is older than the data file: /bip7_disk/pingting114/mixed_bam/COLO829_PAO/TF1e-2_25x/TF1e-2_25x.rep1.bam.bai
[E::bam_parse_basemod2] 3bd3ef8d-5846-4d6e-8c49-bbf03ff07905: MM tag refers to bases beyond sequence length
[E::bam_parse_basemod2] df6f6dcc-d78b-4784-92a3-9651ccf8661f: MM tag refers to bases beyond sequence length
[E::bam_parse_basemod2] f8f44cae-7d6b-4951-af8c-a87b327ebbf9: MM tag refers to bases beyond sequence length
[W::bam_next_basemod] MM tag refers to bases beyond sequence length
[W::bam_next_basemod] MM tag refers to bases beyond sequence length
[W::bam_next_basemod] MM tag refers to bases beyond sequence length
[E::bam_parse_basemod2] 00ad1575-1a71-4bc0-a9bf-d722cd378317: MM tag refers to bases beyond sequence length
[E::bam_parse_basemod2] a35783e1-e8b4-4119-88e1-6de51e06d8a4: MM tag refers to bases beyond sequence length
[E::bam_parse_basemod2] 8b52f1a3-5bed-49ff-adcb-4bb3723999ca: MM tag refers to bases beyond sequence length
[W::hts_idx_load3] The index file is older than the data file: /bip7_disk/pingting114/mixed_bam/COLO829_PAO/TF1e-2_25x/TF1e-2_25x.rep1.bam.bai
[W::hts_idx_load3] The index file is older than the data file: /bip7_disk/pingting114/mixed_bam/COLO829_PAO/TF1e-2_25x/TF1e-2_25x.rep1.bam.bai
[W::bam_next_basemod] MM tag refers to bases beyond sequence length
[W::bam_next_basemod] MM tag refers to bases beyond sequence length
[W::hts_idx_load3] The index file is older than the data file: /bip7_disk/pingting114/mixed_bam/COLO829_PAO/TF1e-2_25x/TF1e-2_25x.rep1.bam.bai
[W::hts_idx_load3] The index file is older than the data file: /bip7_disk/pingting114/mixed_bam/COLO829_PAO/TF1e-2_25x/TF1e-2_25x.rep1.bam.bai
[W::hts_idx_load3] The index file is older than the data file: /bip7_disk/pingting114/mixed_bam/COLO829_PAO/TF1e-2_25x/TF1e-2_25x.rep1.bam.bai
[W::bam_next_basemod] MM tag refers to bases beyond sequence length
[W::hts_idx_load3] The index file is older than the data file: /bip7_disk/pingting114/mixed_bam/COLO829_PAO/TF1e-2_25x/TF1e-2_25x.rep1.bam.bai
[W::hts_idx_load3] The index file is older than the data file: /bip7_disk/pingting114/mixed_bam/COLO829_PAO/TF1e-2_25x/TF1e-2_25x.rep1.bam.bai
[W::bam_next_basemod] MM tag refers to bases beyond sequence length
[W::hts_idx_load3] The index file is older than the data file: /bip7_disk/pingting114/mixed_bam/COLO829_PAO/TF1e-2_25x/TF1e-2_25x.rep1.bam.bai
[W::hts_idx_load3] The index file is older than the data file: /bip7_disk/pingting114/mixed_bam/COLO829_PAO/TF1e-2_25x/TF1e-2_25x.rep1.bam.bai
[W::hts_idx_load3] The index file is older than the data file: /bip7_disk/pingting114/mixed_bam/COLO829_PAO/TF1e-2_25x/TF1e-2_25x.rep1.bam.bai
[W::hts_idx_load3] The index file is older than the data file: /bip7_disk/pingting114/mixed_bam/COLO829_PAO/TF1e-2_25x/TF1e-2_25x.rep1.bam.bai
[E::bam_parse_basemod2] 22c4cf2c-55a6-4983-8293-c12dc4c4fdf8: MM tag refers to bases beyond sequence length
[W::hts_idx_load3] The index file is older than the data file: /bip7_disk/pingting114/mixed_bam/COLO829_PAO/TF1e-2_25x/TF1e-2_25x.rep1.bam.bai
[W::hts_idx_load3] The index file is older than the data file: /bip7_disk/pingting114/mixed_bam/COLO829_PAO/TF1e-2_25x/TF1e-2_25x.rep1.bam.bai
[W::hts_idx_load3] The index file is older than the data file: /bip7_disk/pingting114/mixed_bam/COLO829_PAO/TF1e-2_25x/TF1e-2_25x.rep1.bam.bai
[W::hts_idx_load3] The index file is older than the data file: /bip7_disk/pingting114/mixed_bam/COLO829_PAO/TF1e-2_25x/TF1e-2_25x.rep1.bam.bai
[W::hts_idx_load3] The index file is older than the data file: /bip7_disk/pingting114/mixed_bam/COLO829_PAO/TF1e-2_25x/TF1e-2_25x.rep1.bam.bai
[W::hts_idx_load3] The index file is older than the data file: /bip7_disk/pingting114/mixed_bam/COLO829_PAO/TF1e-2_25x/TF1e-2_25x.rep1.bam.bai
[E::bam_parse_basemod2] fab21b01-8b9e-4b13-b209-77f140479972: MM tag refers to bases beyond sequence length
[W::hts_idx_load3] The index file is older than the data file: /bip7_disk/pingting114/mixed_bam/COLO829_PAO/TF1e-2_25x/TF1e-2_25x.rep1.bam.bai
[E::bam_parse_basemod2] 0b762b48-5e71-4cb0-a813-8a21fde30fd3: MM tag refers to bases beyond sequence length
[E::bam_parse_basemod2] 71fe11b2-ba20-4170-bfc7-c11ee91dae9b: MM tag refers to bases beyond sequence length
[W::hts_idx_load3] The index file is older than the data file: /bip7_disk/pingting114/mixed_bam/COLO829_PAO/TF1e-2_25x/TF1e-2_25x.rep1.bam.bai
[W::hts_idx_load3] The index file is older than the data file: /bip7_disk/pingting114/mixed_bam/COLO829_PAO/TF1e-2_25x/TF1e-2_25x.rep1.bam.bai
[W::hts_idx_load3] The index file is older than the data file: /bip7_disk/pingting114/mixed_bam/COLO829_PAO/TF1e-2_25x/TF1e-2_25x.rep1.bam.bai
[W::hts_idx_load3] The index file is older than the data file: /bip7_disk/pingting114/mixed_bam/COLO829_PAO/TF1e-2_25x/TF1e-2_25x.rep1.bam.bai
[W::bam_next_basemod] MM tag refers to bases beyond sequence length
[W::bam_next_basemod] MM tag refers to bases beyond sequence length
[E::bam_parse_basemod2] 26dc5447-58e7-465d-97a0-9d9d0de7c5a8: MM tag refers to bases beyond sequence length
[W::bam_next_basemod] MM tag refers to bases beyond sequence length
[W::hts_idx_load3] The index file is older than the data file: /bip7_disk/pingting114/mixed_bam/COLO829_PAO/TF1e-2_25x/TF1e-2_25x.rep1.bam.bai
[W::hts_idx_load3] The index file is older than the data file: /bip7_disk/pingting114/mixed_bam/COLO829_PAO/TF1e-2_25x/TF1e-2_25x.rep1.bam.bai
[E::bam_parse_basemod2] d7448a7c-8603-41e2-abce-ba879493d4cf: MM tag refers to bases beyond sequence length
[W::hts_idx_load3] The index file is older than the data file: /bip7_disk/pingting114/mixed_bam/COLO829_PAO/TF1e-2_25x/TF1e-2_25x.rep1.bam.bai
[W::hts_idx_load3] The index file is older than the data file: /bip7_disk/pingting114/mixed_bam/COLO829_PAO/TF1e-2_25x/TF1e-2_25x.rep1.bam.bai
[W::hts_idx_load3] The index file is older than the data file: /bip7_disk/pingting114/mixed_bam/COLO829_PAO/TF1e-2_25x/TF1e-2_25x.rep1.bam.bai
[E::bam_parse_basemod2] 40ece11b-1f78-49cc-93b0-8425d1a3a762: MM tag refers to bases beyond sequence length
  TF1e-2_25x.rep1.bam cand 1000/4000
[W::hts_idx_load3] The index file is older than the data file: /bip7_disk/pingting114/mixed_bam/COLO829_PAO/TF1e-2_25x/TF1e-2_25x.rep1.bam.bai
[W::bam_next_basemod] MM tag refers to bases beyond sequence length
[W::hts_idx_load3] The index file is older than the data file: /bip7_disk/pingting114/mixed_bam/COLO829_PAO/TF1e-2_25x/TF1e-2_25x.rep1.bam.bai
[W::hts_idx_load3] The index file is older than the data file: /bip7_disk/pingting114/mixed_bam/COLO829_PAO/TF1e-2_25x/TF1e-2_25x.rep1.bam.bai
[W::hts_idx_load3] The index file is older than the data file: /bip7_disk/pingting114/mixed_bam/COLO829_PAO/TF1e-2_25x/TF1e-2_25x.rep1.bam.bai
[W::bam_next_basemod] MM tag refers to bases beyond sequence length
[W::hts_idx_load3] The index file is older than the data file: /bip7_disk/pingting114/mixed_bam/COLO829_PAO/TF1e-2_25x/TF1e-2_25x.rep1.bam.bai
[E::bam_parse_basemod2] be592922-577f-4ec5-8f8e-339bb1a9141e: MM tag refers to bases beyond sequence length
[W::hts_idx_load3] The index file is older than the data file: /bip7_disk/pingting114/mixed_bam/COLO829_PAO/TF1e-2_25x/TF1e-2_25x.rep1.bam.bai
[W::hts_idx_load3] The index file is older than the data file: /bip7_disk/pingting114/mixed_bam/COLO829_PAO/TF1e-2_25x/TF1e-2_25x.rep1.bam.bai
[W::hts_idx_load3] The index file is older than the data file: /bip7_disk/pingting114/mixed_bam/COLO829_PAO/TF1e-2_25x/TF1e-2_25x.rep1.bam.bai
[W::hts_idx_load3] The index file is older than the data file: /bip7_disk/pingting114/mixed_bam/COLO829_PAO/TF1e-2_25x/TF1e-2_25x.rep1.bam.bai
[W::bam_next_basemod] MM tag refers to bases beyond sequence length
[W::hts_idx_load3] The index file is older than the data file: /bip7_disk/pingting114/mixed_bam/COLO829_PAO/TF1e-2_25x/TF1e-2_25x.rep1.bam.bai
[W::hts_idx_load3] The index file is older than the data file: /bip7_disk/pingting114/mixed_bam/COLO829_PAO/TF1e-2_25x/TF1e-2_25x.rep1.bam.bai
[W::hts_idx_load3] The index file is older than the data file: /bip7_disk/pingting114/mixed_bam/COLO829_PAO/TF1e-2_25x/TF1e-2_25x.rep1.bam.bai
[W::hts_idx_load3] The index file is older than the data file: /bip7_disk/pingting114/mixed_bam/COLO829_PAO/TF1e-2_25x/TF1e-2_25x.rep1.bam.bai
[W::hts_idx_load3] The index file is older than the data file: /bip7_disk/pingting114/mixed_bam/COLO829_PAO/TF1e-2_25x/TF1e-2_25x.rep1.bam.bai
[E::bam_parse_basemod2] 1295df3d-3af6-495f-9254-22a22d6f5c0d: MM tag refers to bases beyond sequence length
[W::bam_next_basemod] MM tag refers to bases beyond sequence length
[W::hts_idx_load3] The index file is older than the data file: /bip7_disk/pingting114/mixed_bam/COLO829_PAO/TF1e-2_25x/TF1e-2_25x.rep1.bam.bai
[W::hts_idx_load3] The index file is older than the data file: /bip7_disk/pingting114/mixed_bam/COLO829_PAO/TF1e-2_25x/TF1e-2_25x.rep1.bam.bai
[E::bam_parse_basemod2] 316ae9a4-c735-4888-b174-c9adc72c3f8b: MM tag refers to bases beyond sequence length
[W::hts_idx_load3] The index file is older than the data file: /bip7_disk/pingting114/mixed_bam/COLO829_PAO/TF1e-2_25x/TF1e-2_25x.rep1.bam.bai
[W::hts_idx_load3] The index file is older than the data file: /bip7_disk/pingting114/mixed_bam/COLO829_PAO/TF1e-2_25x/TF1e-2_25x.rep1.bam.bai
[W::hts_idx_load3] The index file is older than the data file: /bip7_disk/pingting114/mixed_bam/COLO829_PAO/TF1e-2_25x/TF1e-2_25x.rep1.bam.bai
[W::hts_idx_load3] The index file is older than the data file: /bip7_disk/pingting114/mixed_bam/COLO829_PAO/TF1e-2_25x/TF1e-2_25x.rep1.bam.bai
[W::hts_idx_load3] The index file is older than the data file: /bip7_disk/pingting114/mixed_bam/COLO829_PAO/TF1e-2_25x/TF1e-2_25x.rep1.bam.bai
[W::hts_idx_load3] The index file is older than the data file: /bip7_disk/pingting114/mixed_bam/COLO829_PAO/TF1e-2_25x/TF1e-2_25x.rep1.bam.bai
[E::bam_parse_basemod2] 20af2c87-df3f-40ef-9f39-b22d2dab96a6: MM tag refers to bases beyond sequence length
[E::bam_parse_basemod2] 552c37e8-c26c-4908-b937-6f45e28e5c84: MM tag refers to bases beyond sequence length
[W::hts_idx_load3] The index file is older than the data file: /bip7_disk/pingting114/mixed_bam/COLO829_PAO/TF1e-2_25x/TF1e-2_25x.rep1.bam.bai
[W::hts_idx_load3] The index file is older than the data file: /bip7_disk/pingting114/mixed_bam/COLO829_PAO/TF1e-2_25x/TF1e-2_25x.rep1.bam.bai
[W::hts_idx_load3] The index file is older than the data file: /bip7_disk/pingting114/mixed_bam/COLO829_PAO/TF1e-2_25x/TF1e-2_25x.rep1.bam.bai
[W::hts_idx_load3] The index file is older than the data file: /bip7_disk/pingting114/mixed_bam/COLO829_PAO/TF1e-2_25x/TF1e-2_25x.rep1.bam.bai
[W::hts_idx_load3] The index file is older than the data file: /bip7_disk/pingting114/mixed_bam/COLO829_PAO/TF1e-2_25x/TF1e-2_25x.rep1.bam.bai
[W::hts_idx_load3] The index file is older than the data file: /bip7_disk/pingting114/mixed_bam/COLO829_PAO/TF1e-2_25x/TF1e-2_25x.rep1.bam.bai
[W::bam_next_basemod] MM tag refers to bases beyond sequence length
[W::hts_idx_load3] The index file is older than the data file: /bip7_disk/pingting114/mixed_bam/COLO829_PAO/TF1e-2_25x/TF1e-2_25x.rep1.bam.bai
[W::hts_idx_load3] The index file is older than the data file: /bip7_disk/pingting114/mixed_bam/COLO829_PAO/TF1e-2_25x/TF1e-2_25x.rep1.bam.bai
[W::bam_next_basemod] MM tag refers to bases beyond sequence length
[W::hts_idx_load3] The index file is older than the data file: /bip7_disk/pingting114/mixed_bam/COLO829_PAO/TF1e-2_25x/TF1e-2_25x.rep1.bam.bai
[W::hts_idx_load3] The index file is older than the data file: /bip7_disk/pingting114/mixed_bam/COLO829_PAO/TF1e-2_25x/TF1e-2_25x.rep1.bam.bai
[E::bam_parse_basemod2] 2fcd63b9-9802-4c37-955f-1e00b5acbd20: MM tag refers to bases beyond sequence length
[W::bam_next_basemod] MM tag refers to bases beyond sequence length
[W::hts_idx_load3] The index file is older than the data file: /bip7_disk/pingting114/mixed_bam/COLO829_PAO/TF1e-2_25x/TF1e-2_25x.rep1.bam.bai
[W::hts_idx_load3] The index file is older than the data file: /bip7_disk/pingting114/mixed_bam/COLO829_PAO/TF1e-2_25x/TF1e-2_25x.rep1.bam.bai
[W::hts_idx_load3] The index file is older than the data file: /bip7_disk/pingting114/mixed_bam/COLO829_PAO/TF1e-2_25x/TF1e-2_25x.rep1.bam.bai
[W::hts_idx_load3] The index file is older than the data file: /bip7_disk/pingting114/mixed_bam/COLO829_PAO/TF1e-2_25x/TF1e-2_25x.rep1.bam.bai
[W::hts_idx_load3] The index file is older than the data file: /bip7_disk/pingting114/mixed_bam/COLO829_PAO/TF1e-2_25x/TF1e-2_25x.rep1.bam.bai
[W::hts_idx_load3] The index file is older than the data file: /bip7_disk/pingting114/mixed_bam/COLO829_PAO/TF1e-2_25x/TF1e-2_25x.rep1.bam.bai
[W::hts_idx_load3] The index file is older than the data file: /bip7_disk/pingting114/mixed_bam/COLO829_PAO/TF1e-2_25x/TF1e-2_25x.rep1.bam.bai
[W::bam_next_basemod] MM tag refers to bases beyond sequence length
[W::hts_idx_load3] The index file is older than the data file: /bip7_disk/pingting114/mixed_bam/COLO829_PAO/TF1e-2_25x/TF1e-2_25x.rep1.bam.bai
[W::hts_idx_load3] The index file is older than the data file: /bip7_disk/pingting114/mixed_bam/COLO829_PAO/TF1e-2_25x/TF1e-2_25x.rep1.bam.bai
[W::hts_idx_load3] The index file is older than the data file: /bip7_disk/pingting114/mixed_bam/COLO829_PAO/TF1e-2_25x/TF1e-2_25x.rep1.bam.bai
[W::hts_idx_load3] The index file is older than the data file: /bip7_disk/pingting114/mixed_bam/COLO829_PAO/TF1e-2_25x/TF1e-2_25x.rep1.bam.bai
[W::hts_idx_load3] The index file is older than the data file: /bip7_disk/pingting114/mixed_bam/COLO829_PAO/TF1e-2_25x/TF1e-2_25x.rep1.bam.bai
[W::bam_next_basemod] MM tag refers to bases beyond sequence length
[W::hts_idx_load3] The index file is older than the data file: /bip7_disk/pingting114/mixed_bam/COLO829_PAO/TF1e-2_25x/TF1e-2_25x.rep1.bam.bai
[W::hts_idx_load3] The index file is older than the data file: /bip7_disk/pingting114/mixed_bam/COLO829_PAO/TF1e-2_25x/TF1e-2_25x.rep1.bam.bai
[W::bam_next_basemod] MM tag refers to bases beyond sequence length
[W::hts_idx_load3] The index file is older than the data file: /bip7_disk/pingting114/mixed_bam/COLO829_PAO/TF1e-2_25x/TF1e-2_25x.rep1.bam.bai
[W::bam_next_basemod] MM tag refers to bases beyond sequence length
[W::bam_next_basemod] MM tag refers to bases beyond sequence length
[W::hts_idx_load3] The index file is older than the data file: /bip7_disk/pingting114/mixed_bam/COLO829_PAO/TF1e-2_25x/TF1e-2_25x.rep1.bam.bai
[W::hts_idx_load3] The index file is older than the data file: /bip7_disk/pingting114/mixed_bam/COLO829_PAO/TF1e-2_25x/TF1e-2_25x.rep1.bam.bai
[W::hts_idx_load3] The index file is older than the data file: /bip7_disk/pingting114/mixed_bam/COLO829_PAO/TF1e-2_25x/TF1e-2_25x.rep1.bam.bai
[W::hts_idx_load3] The index file is older than the data file: /bip7_disk/pingting114/mixed_bam/COLO829_PAO/TF1e-2_25x/TF1e-2_25x.rep1.bam.bai
[W::hts_idx_load3] The index file is older than the data file: /bip7_disk/pingting114/mixed_bam/COLO829_PAO/TF1e-2_25x/TF1e-2_25x.rep1.bam.bai
[W::hts_idx_load3] The index file is older than the data file: /bip7_disk/pingting114/mixed_bam/COLO829_PAO/TF1e-2_25x/TF1e-2_25x.rep1.bam.bai
[W::hts_idx_load3] The index file is older than the data file: /bip7_disk/pingting114/mixed_bam/COLO829_PAO/TF1e-2_25x/TF1e-2_25x.rep1.bam.bai
[W::bam_next_basemod] MM tag refers to bases beyond sequence length
[E::bam_parse_basemod2] b28a0825-f0fb-41d2-b417-8c1d2ee879f8: MM tag refers to bases beyond sequence length
[W::bam_next_basemod] MM tag refers to bases beyond sequence length
[W::hts_idx_load3] The index file is older than the data file: /bip7_disk/pingting114/mixed_bam/COLO829_PAO/TF1e-2_25x/TF1e-2_25x.rep1.bam.bai
[W::bam_next_basemod] MM tag refers to bases beyond sequence length
[W::bam_next_basemod] MM tag refers to bases beyond sequence length
[W::hts_idx_load3] The index file is older than the data file: /bip7_disk/pingting114/mixed_bam/COLO829_PAO/TF1e-2_25x/TF1e-2_25x.rep1.bam.bai
[W::hts_idx_load3] The index file is older than the data file: /bip7_disk/pingting114/mixed_bam/COLO829_PAO/TF1e-2_25x/TF1e-2_25x.rep1.bam.bai
[E::bam_parse_basemod2] 91c30e72-9b85-4fa8-b825-d251116d4a43: MM tag refers to bases beyond sequence length
[W::bam_next_basemod] MM tag refers to bases beyond sequence length
[W::hts_idx_load3] The index file is older than the data file: /bip7_disk/pingting114/mixed_bam/COLO829_PAO/TF1e-2_25x/TF1e-2_25x.rep1.bam.bai
[W::hts_idx_load3] The index file is older than the data file: /bip7_disk/pingting114/mixed_bam/COLO829_PAO/TF1e-2_25x/TF1e-2_25x.rep1.bam.bai
[W::hts_idx_load3] The index file is older than the data file: /bip7_disk/pingting114/mixed_bam/COLO829_PAO/TF1e-2_25x/TF1e-2_25x.rep1.bam.bai
[W::bam_next_basemod] MM tag refers to bases beyond sequence length
[W::hts_idx_load3] The index file is older than the data file: /bip7_disk/pingting114/mixed_bam/COLO829_PAO/TF1e-2_25x/TF1e-2_25x.rep1.bam.bai
[W::bam_next_basemod] MM tag refers to bases beyond sequence length
[W::hts_idx_load3] The index file is older than the data file: /bip7_disk/pingting114/mixed_bam/COLO829_PAO/TF1e-2_25x/TF1e-2_25x.rep1.bam.bai
[E::bam_parse_basemod2] 4455dec9-839f-4fd6-bfe6-16392be559a7: MM tag refers to bases beyond sequence length
[W::hts_idx_load3] The index file is older than the data file: /bip7_disk/pingting114/mixed_bam/COLO829_PAO/TF1e-2_25x/TF1e-2_25x.rep1.bam.bai
[W::hts_idx_load3] The index file is older than the data file: /bip7_disk/pingting114/mixed_bam/COLO829_PAO/TF1e-2_25x/TF1e-2_25x.rep1.bam.bai
[W::hts_idx_load3] The index file is older than the data file: /bip7_disk/pingting114/mixed_bam/COLO829_PAO/TF1e-2_25x/TF1e-2_25x.rep1.bam.bai
[W::hts_idx_load3] The index file is older than the data file: /bip7_disk/pingting114/mixed_bam/COLO829_PAO/TF1e-2_25x/TF1e-2_25x.rep1.bam.bai
[W::hts_idx_load3] The index file is older than the data file: /bip7_disk/pingting114/mixed_bam/COLO829_PAO/TF1e-2_25x/TF1e-2_25x.rep1.bam.bai
[E::bam_parse_basemod2] 58d248ef-106a-4ef4-9816-16e1d202d50a: MM tag refers to bases beyond sequence length
[W::hts_idx_load3] The index file is older than the data file: /bip7_disk/pingting114/mixed_bam/COLO829_PAO/TF1e-2_25x/TF1e-2_25x.rep1.bam.bai
[W::hts_idx_load3] The index file is older than the data file: /bip7_disk/pingting114/mixed_bam/COLO829_PAO/TF1e-2_25x/TF1e-2_25x.rep1.bam.bai
[W::hts_idx_load3] The index file is older than the data file: /bip7_disk/pingting114/mixed_bam/COLO829_PAO/TF1e-2_25x/TF1e-2_25x.rep1.bam.bai
[W::hts_idx_load3] The index file is older than the data file: /bip7_disk/pingting114/mixed_bam/COLO829_PAO/TF1e-2_25x/TF1e-2_25x.rep1.bam.bai
[W::hts_idx_load3] The index file is older than the data file: /bip7_disk/pingting114/mixed_bam/COLO829_PAO/TF1e-2_25x/TF1e-2_25x.rep1.bam.bai
[W::hts_idx_load3] The index file is older than the data file: /bip7_disk/pingting114/mixed_bam/COLO829_PAO/TF1e-2_25x/TF1e-2_25x.rep1.bam.bai
[W::bam_next_basemod] MM tag refers to bases beyond sequence length
[W::hts_idx_load3] The index file is older than the data file: /bip7_disk/pingting114/mixed_bam/COLO829_PAO/TF1e-2_25x/TF1e-2_25x.rep1.bam.bai
[W::bam_next_basemod] MM tag refers to bases beyond sequence length
[W::hts_idx_load3] The index file is older than the data file: /bip7_disk/pingting114/mixed_bam/COLO829_PAO/TF1e-2_25x/TF1e-2_25x.rep1.bam.bai
[W::hts_idx_load3] The index file is older than the data file: /bip7_disk/pingting114/mixed_bam/COLO829_PAO/TF1e-2_25x/TF1e-2_25x.rep1.bam.bai
[W::hts_idx_load3] The index file is older than the data file: /bip7_disk/pingting114/mixed_bam/COLO829_PAO/TF1e-2_25x/TF1e-2_25x.rep1.bam.bai
[W::hts_idx_load3] The index file is older than the data file: /bip7_disk/pingting114/mixed_bam/COLO829_PAO/TF1e-2_25x/TF1e-2_25x.rep1.bam.bai
[W::hts_idx_load3] The index file is older than the data file: /bip7_disk/pingting114/mixed_bam/COLO829_PAO/TF1e-2_25x/TF1e-2_25x.rep1.bam.bai
[E::bam_parse_basemod2] c3220528-2430-42c8-8ecc-0309566be421: MM tag refers to bases beyond sequence length
[E::bam_parse_basemod2] cacddb4c-696d-42ac-9c35-75abb5ef03dc: MM tag refers to bases beyond sequence length
[W::hts_idx_load3] The index file is older than the data file: /bip7_disk/pingting114/mixed_bam/COLO829_PAO/TF1e-2_25x/TF1e-2_25x.rep1.bam.bai
[W::hts_idx_load3] The index file is older than the data file: /bip7_disk/pingting114/mixed_bam/COLO829_PAO/TF1e-2_25x/TF1e-2_25x.rep1.bam.bai
[E::bam_parse_basemod2] 1d7c31b9-cc1d-4930-85e4-3f967e4ee097: MM tag refers to bases beyond sequence length
[W::hts_idx_load3] The index file is older than the data file: /bip7_disk/pingting114/mixed_bam/COLO829_PAO/TF1e-2_25x/TF1e-2_25x.rep1.bam.bai
[W::hts_idx_load3] The index file is older than the data file: /bip7_disk/pingting114/mixed_bam/COLO829_PAO/TF1e-2_25x/TF1e-2_25x.rep1.bam.bai
[W::hts_idx_load3] The index file is older than the data file: /bip7_disk/pingting114/mixed_bam/COLO829_PAO/TF1e-2_25x/TF1e-2_25x.rep1.bam.bai
[W::hts_idx_load3] The index file is older than the data file: /bip7_disk/pingting114/mixed_bam/COLO829_PAO/TF1e-2_25x/TF1e-2_25x.rep1.bam.bai
[W::hts_idx_load3] The index file is older than the data file: /bip7_disk/pingting114/mixed_bam/COLO829_PAO/TF1e-2_25x/TF1e-2_25x.rep1.bam.bai
[W::hts_idx_load3] The index file is older than the data file: /bip7_disk/pingting114/mixed_bam/COLO829_PAO/TF1e-2_25x/TF1e-2_25x.rep1.bam.bai
[W::hts_idx_load3] The index file is older than the data file: /bip7_disk/pingting114/mixed_bam/COLO829_PAO/TF1e-2_25x/TF1e-2_25x.rep1.bam.bai
[W::hts_idx_load3] The index file is older than the data file: /bip7_disk/pingting114/mixed_bam/COLO829_PAO/TF1e-2_25x/TF1e-2_25x.rep1.bam.bai
[W::hts_idx_load3] The index file is older than the data file: /bip7_disk/pingting114/mixed_bam/COLO829_PAO/TF1e-2_25x/TF1e-2_25x.rep1.bam.bai
[W::hts_idx_load3] The index file is older than the data file: /bip7_disk/pingting114/mixed_bam/COLO829_PAO/TF1e-2_25x/TF1e-2_25x.rep1.bam.bai
[W::hts_idx_load3] The index file is older than the data file: /bip7_disk/pingting114/mixed_bam/COLO829_PAO/TF1e-2_25x/TF1e-2_25x.rep1.bam.bai
[W::hts_idx_load3] The index file is older than the data file: /bip7_disk/pingting114/mixed_bam/COLO829_PAO/TF1e-2_25x/TF1e-2_25x.rep1.bam.bai
[W::hts_idx_load3] The index file is older than the data file: /bip7_disk/pingting114/mixed_bam/COLO829_PAO/TF1e-2_25x/TF1e-2_25x.rep1.bam.bai
[W::hts_idx_load3] The index file is older than the data file: /bip7_disk/pingting114/mixed_bam/COLO829_PAO/TF1e-2_25x/TF1e-2_25x.rep1.bam.bai
[W::hts_idx_load3] The index file is older than the data file: /bip7_disk/pingting114/mixed_bam/COLO829_PAO/TF1e-2_25x/TF1e-2_25x.rep1.bam.bai
[W::hts_idx_load3] The index file is older than the data file: /bip7_disk/pingting114/mixed_bam/COLO829_PAO/TF1e-2_25x/TF1e-2_25x.rep1.bam.bai
[E::bam_parse_basemod2] 1c713e83-f329-45c2-804e-9aa03487f146: MM tag refers to bases beyond sequence length
[W::bam_next_basemod] MM tag refers to bases beyond sequence length
[W::hts_idx_load3] The index file is older than the data file: /bip7_disk/pingting114/mixed_bam/COLO829_PAO/TF1e-2_25x/TF1e-2_25x.rep1.bam.bai
[W::bam_next_basemod] MM tag refers to bases beyond sequence length
[E::bam_parse_basemod2] 901fd90d-2c59-4e39-8362-be0a6b0771db: MM tag refers to bases beyond sequence length
[W::hts_idx_load3] The index file is older than the data file: /bip7_disk/pingting114/mixed_bam/COLO829_PAO/TF1e-2_25x/TF1e-2_25x.rep1.bam.bai
[W::hts_idx_load3] The index file is older than the data file: /bip7_disk/pingting114/mixed_bam/COLO829_PAO/TF1e-2_25x/TF1e-2_25x.rep1.bam.bai
[W::hts_idx_load3] The index file is older than the data file: /bip7_disk/pingting114/mixed_bam/COLO829_PAO/TF1e-2_25x/TF1e-2_25x.rep1.bam.bai
[W::hts_idx_load3] The index file is older than the data file: /bip7_disk/pingting114/mixed_bam/COLO829_PAO/TF1e-2_25x/TF1e-2_25x.rep1.bam.bai
[W::hts_idx_load3] The index file is older than the data file: /bip7_disk/pingting114/mixed_bam/COLO829_PAO/TF1e-2_25x/TF1e-2_25x.rep1.bam.bai
[W::hts_idx_load3] The index file is older than the data file: /bip7_disk/pingting114/mixed_bam/COLO829_PAO/TF1e-2_25x/TF1e-2_25x.rep1.bam.bai
[W::hts_idx_load3] The index file is older than the data file: /bip7_disk/pingting114/mixed_bam/COLO829_PAO/TF1e-2_25x/TF1e-2_25x.rep1.bam.bai
[W::bam_next_basemod] MM tag refers to bases beyond sequence length
[W::hts_idx_load3] The index file is older than the data file: /bip7_disk/pingting114/mixed_bam/COLO829_PAO/TF1e-2_25x/TF1e-2_25x.rep1.bam.bai
[W::hts_idx_load3] The index file is older than the data file: /bip7_disk/pingting114/mixed_bam/COLO829_PAO/TF1e-2_25x/TF1e-2_25x.rep1.bam.bai
[W::hts_idx_load3] The index file is older than the data file: /bip7_disk/pingting114/mixed_bam/COLO829_PAO/TF1e-2_25x/TF1e-2_25x.rep1.bam.bai
[W::hts_idx_load3] The index file is older than the data file: /bip7_disk/pingting114/mixed_bam/COLO829_PAO/TF1e-2_25x/TF1e-2_25x.rep1.bam.bai
[W::bam_next_basemod] MM tag refers to bases beyond sequence length
[W::bam_next_basemod] MM tag refers to bases beyond sequence length
[W::hts_idx_load3] The index file is older than the data file: /bip7_disk/pingting114/mixed_bam/COLO829_PAO/TF1e-2_25x/TF1e-2_25x.rep1.bam.bai
[W::hts_idx_load3] The index file is older than the data file: /bip7_disk/pingting114/mixed_bam/COLO829_PAO/TF1e-2_25x/TF1e-2_25x.rep1.bam.bai
[W::hts_idx_load3] The index file is older than the data file: /bip7_disk/pingting114/mixed_bam/COLO829_PAO/TF1e-2_25x/TF1e-2_25x.rep1.bam.bai
[W::hts_idx_load3] The index file is older than the data file: /bip7_disk/pingting114/mixed_bam/COLO829_PAO/TF1e-2_25x/TF1e-2_25x.rep1.bam.bai
[W::bam_next_basemod] MM tag refers to bases beyond sequence length
[W::hts_idx_load3] The index file is older than the data file: /bip7_disk/pingting114/mixed_bam/COLO829_PAO/TF1e-2_25x/TF1e-2_25x.rep1.bam.bai
[W::hts_idx_load3] The index file is older than the data file: /bip7_disk/pingting114/mixed_bam/COLO829_PAO/TF1e-2_25x/TF1e-2_25x.rep1.bam.bai
[W::hts_idx_load3] The index file is older than the data file: /bip7_disk/pingting114/mixed_bam/COLO829_PAO/TF1e-2_25x/TF1e-2_25x.rep1.bam.bai
[W::hts_idx_load3] The index file is older than the data file: /bip7_disk/pingting114/mixed_bam/COLO829_PAO/TF1e-2_25x/TF1e-2_25x.rep1.bam.bai
[W::hts_idx_load3] The index file is older than the data file: /bip7_disk/pingting114/mixed_bam/COLO829_PAO/TF1e-2_25x/TF1e-2_25x.rep1.bam.bai
[W::hts_idx_load3] The index file is older than the data file: /bip7_disk/pingting114/mixed_bam/COLO829_PAO/TF1e-2_25x/TF1e-2_25x.rep1.bam.bai
[W::hts_idx_load3] The index file is older than the data file: /bip7_disk/pingting114/mixed_bam/COLO829_PAO/TF1e-2_25x/TF1e-2_25x.rep1.bam.bai
[W::hts_idx_load3] The index file is older than the data file: /bip7_disk/pingting114/mixed_bam/COLO829_PAO/TF1e-2_25x/TF1e-2_25x.rep1.bam.bai
[W::hts_idx_load3] The index file is older than the data file: /bip7_disk/pingting114/mixed_bam/COLO829_PAO/TF1e-2_25x/TF1e-2_25x.rep1.bam.bai
[E::bam_parse_basemod2] 935887a6-e14c-41fc-8dde-da65fb481804: MM tag refers to bases beyond sequence length
[W::hts_idx_load3] The index file is older than the data file: /bip7_disk/pingting114/mixed_bam/COLO829_PAO/TF1e-2_25x/TF1e-2_25x.rep1.bam.bai
[W::hts_idx_load3] The index file is older than the data file: /bip7_disk/pingting114/mixed_bam/COLO829_PAO/TF1e-2_25x/TF1e-2_25x.rep1.bam.bai
[W::hts_idx_load3] The index file is older than the data file: /bip7_disk/pingting114/mixed_bam/COLO829_PAO/TF1e-2_25x/TF1e-2_25x.rep1.bam.bai
[W::hts_idx_load3] The index file is older than the data file: /bip7_disk/pingting114/mixed_bam/COLO829_PAO/TF1e-2_25x/TF1e-2_25x.rep1.bam.bai
[W::hts_idx_load3] The index file is older than the data file: /bip7_disk/pingting114/mixed_bam/COLO829_PAO/TF1e-2_25x/TF1e-2_25x.rep1.bam.bai
[W::hts_idx_load3] The index file is older than the data file: /bip7_disk/pingting114/mixed_bam/COLO829_PAO/TF1e-2_25x/TF1e-2_25x.rep1.bam.bai
[W::bam_next_basemod] MM tag refers to bases beyond sequence length
[W::hts_idx_load3] The index file is older than the data file: /bip7_disk/pingting114/mixed_bam/COLO829_PAO/TF1e-2_25x/TF1e-2_25x.rep1.bam.bai
[E::bam_parse_basemod2] 0619c9f2-9996-44f5-813a-6e688145ad06: MM tag refers to bases beyond sequence length
[W::hts_idx_load3] The index file is older than the data file: /bip7_disk/pingting114/mixed_bam/COLO829_PAO/TF1e-2_25x/TF1e-2_25x.rep1.bam.bai
[W::hts_idx_load3] The index file is older than the data file: /bip7_disk/pingting114/mixed_bam/COLO829_PAO/TF1e-2_25x/TF1e-2_25x.rep1.bam.bai
[E::bam_parse_basemod2] b491e951-10fd-414d-9853-7a96a35fe98f: MM tag refers to bases beyond sequence length
[W::hts_idx_load3] The index file is older than the data file: /bip7_disk/pingting114/mixed_bam/COLO829_PAO/TF1e-2_25x/TF1e-2_25x.rep1.bam.bai
[W::hts_idx_load3] The index file is older than the data file: /bip7_disk/pingting114/mixed_bam/COLO829_PAO/TF1e-2_25x/TF1e-2_25x.rep1.bam.bai
[E::bam_parse_basemod2] dcda5833-3fe5-416f-97af-031cacbe93b7: MM tag refers to bases beyond sequence length
[W::hts_idx_load3] The index file is older than the data file: /bip7_disk/pingting114/mixed_bam/COLO829_PAO/TF1e-2_25x/TF1e-2_25x.rep1.bam.bai
[W::hts_idx_load3] The index file is older than the data file: /bip7_disk/pingting114/mixed_bam/COLO829_PAO/TF1e-2_25x/TF1e-2_25x.rep1.bam.bai
[W::hts_idx_load3] The index file is older than the data file: /bip7_disk/pingting114/mixed_bam/COLO829_PAO/TF1e-2_25x/TF1e-2_25x.rep1.bam.bai
[W::hts_idx_load3] The index file is older than the data file: /bip7_disk/pingting114/mixed_bam/COLO829_PAO/TF1e-2_25x/TF1e-2_25x.rep1.bam.bai
[W::hts_idx_load3] The index file is older than the data file: /bip7_disk/pingting114/mixed_bam/COLO829_PAO/TF1e-2_25x/TF1e-2_25x.rep1.bam.bai
[W::hts_idx_load3] The index file is older than the data file: /bip7_disk/pingting114/mixed_bam/COLO829_PAO/TF1e-2_25x/TF1e-2_25x.rep1.bam.bai
[W::bam_next_basemod] MM tag refers to bases beyond sequence length
[W::hts_idx_load3] The index file is older than the data file: /bip7_disk/pingting114/mixed_bam/COLO829_PAO/TF1e-2_25x/TF1e-2_25x.rep1.bam.bai
[W::hts_idx_load3] The index file is older than the data file: /bip7_disk/pingting114/mixed_bam/COLO829_PAO/TF1e-2_25x/TF1e-2_25x.rep1.bam.bai
[W::hts_idx_load3] The index file is older than the data file: /bip7_disk/pingting114/mixed_bam/COLO829_PAO/TF1e-2_25x/TF1e-2_25x.rep1.bam.bai
[W::hts_idx_load3] The index file is older than the data file: /bip7_disk/pingting114/mixed_bam/COLO829_PAO/TF1e-2_25x/TF1e-2_25x.rep1.bam.bai
[E::bam_parse_basemod2] 25f07fc2-5827-4fb7-9096-a61b9aae9e4f: MM tag refers to bases beyond sequence length
[W::hts_idx_load3] The index file is older than the data file: /bip7_disk/pingting114/mixed_bam/COLO829_PAO/TF1e-2_25x/TF1e-2_25x.rep1.bam.bai
[E::bam_parse_basemod2] 64ba3d2d-3dbe-42e8-9ebe-db84e222025e: MM tag refers to bases beyond sequence length
[W::hts_idx_load3] The index file is older than the data file: /bip7_disk/pingting114/mixed_bam/COLO829_PAO/TF1e-2_25x/TF1e-2_25x.rep1.bam.bai
[W::hts_idx_load3] The index file is older than the data file: /bip7_disk/pingting114/mixed_bam/COLO829_PAO/TF1e-2_25x/TF1e-2_25x.rep1.bam.bai
[W::hts_idx_load3] The index file is older than the data file: /bip7_disk/pingting114/mixed_bam/COLO829_PAO/TF1e-2_25x/TF1e-2_25x.rep1.bam.bai
[W::bam_next_basemod] MM tag refers to bases beyond sequence length
[W::hts_idx_load3] The index file is older than the data file: /bip7_disk/pingting114/mixed_bam/COLO829_PAO/TF1e-2_25x/TF1e-2_25x.rep1.bam.bai
[W::bam_next_basemod] MM tag refers to bases beyond sequence length
[W::hts_idx_load3] The index file is older than the data file: /bip7_disk/pingting114/mixed_bam/COLO829_PAO/TF1e-2_25x/TF1e-2_25x.rep1.bam.bai
[W::bam_next_basemod] MM tag refers to bases beyond sequence length
[W::hts_idx_load3] The index file is older than the data file: /bip7_disk/pingting114/mixed_bam/COLO829_PAO/TF1e-2_25x/TF1e-2_25x.rep1.bam.bai
[W::bam_next_basemod] MM tag refers to bases beyond sequence length
[W::hts_idx_load3] The index file is older than the data file: /bip7_disk/pingting114/mixed_bam/COLO829_PAO/TF1e-2_25x/TF1e-2_25x.rep1.bam.bai
[W::bam_next_basemod] MM tag refers to bases beyond sequence length
[W::hts_idx_load3] The index file is older than the data file: /bip7_disk/pingting114/mixed_bam/COLO829_PAO/TF1e-2_25x/TF1e-2_25x.rep1.bam.bai
[E::bam_parse_basemod2] 9839b4ae-242b-45e0-ade5-4a2406f35e07: MM tag refers to bases beyond sequence length
[W::hts_idx_load3] The index file is older than the data file: /bip7_disk/pingting114/mixed_bam/COLO829_PAO/TF1e-2_25x/TF1e-2_25x.rep1.bam.bai
[W::hts_idx_load3] The index file is older than the data file: /bip7_disk/pingting114/mixed_bam/COLO829_PAO/TF1e-2_25x/TF1e-2_25x.rep1.bam.bai
[W::bam_next_basemod] MM tag refers to bases beyond sequence length
[W::hts_idx_load3] The index file is older than the data file: /bip7_disk/pingting114/mixed_bam/COLO829_PAO/TF1e-2_25x/TF1e-2_25x.rep1.bam.bai
[W::hts_idx_load3] The index file is older than the data file: /bip7_disk/pingting114/mixed_bam/COLO829_PAO/TF1e-2_25x/TF1e-2_25x.rep1.bam.bai
[W::bam_next_basemod] MM tag refers to bases beyond sequence length
[W::bam_next_basemod] MM tag refers to bases beyond sequence length
[W::hts_idx_load3] The index file is older than the data file: /bip7_disk/pingting114/mixed_bam/COLO829_PAO/TF1e-2_25x/TF1e-2_25x.rep1.bam.bai
[W::hts_idx_load3] The index file is older than the data file: /bip7_disk/pingting114/mixed_bam/COLO829_PAO/TF1e-2_25x/TF1e-2_25x.rep1.bam.bai
[W::hts_idx_load3] The index file is older than the data file: /bip7_disk/pingting114/mixed_bam/COLO829_PAO/TF1e-2_25x/TF1e-2_25x.rep1.bam.bai
[W::hts_idx_load3] The index file is older than the data file: /bip7_disk/pingting114/mixed_bam/COLO829_PAO/TF1e-2_25x/TF1e-2_25x.rep1.bam.bai
[E::bam_parse_basemod2] f2fc4530-336a-4fde-aef9-a4a3ffc31eda: MM tag refers to bases beyond sequence length
[W::bam_next_basemod] MM tag refers to bases beyond sequence length
[W::hts_idx_load3] The index file is older than the data file: /bip7_disk/pingting114/mixed_bam/COLO829_PAO/TF1e-2_25x/TF1e-2_25x.rep1.bam.bai
[W::hts_idx_load3] The index file is older than the data file: /bip7_disk/pingting114/mixed_bam/COLO829_PAO/TF1e-2_25x/TF1e-2_25x.rep1.bam.bai
[W::hts_idx_load3] The index file is older than the data file: /bip7_disk/pingting114/mixed_bam/COLO829_PAO/TF1e-2_25x/TF1e-2_25x.rep1.bam.bai
[W::hts_idx_load3] The index file is older than the data file: /bip7_disk/pingting114/mixed_bam/COLO829_PAO/TF1e-2_25x/TF1e-2_25x.rep1.bam.bai
[W::hts_idx_load3] The index file is older than the data file: /bip7_disk/pingting114/mixed_bam/COLO829_PAO/TF1e-2_25x/TF1e-2_25x.rep1.bam.bai
[W::hts_idx_load3] The index file is older than the data file: /bip7_disk/pingting114/mixed_bam/COLO829_PAO/TF1e-2_25x/TF1e-2_25x.rep1.bam.bai
[W::hts_idx_load3] The index file is older than the data file: /bip7_disk/pingting114/mixed_bam/COLO829_PAO/TF1e-2_25x/TF1e-2_25x.rep1.bam.bai
[W::hts_idx_load3] The index file is older than the data file: /bip7_disk/pingting114/mixed_bam/COLO829_PAO/TF1e-2_25x/TF1e-2_25x.rep1.bam.bai
[W::hts_idx_load3] The index file is older than the data file: /bip7_disk/pingting114/mixed_bam/COLO829_PAO/TF1e-2_25x/TF1e-2_25x.rep1.bam.bai
[W::hts_idx_load3] The index file is older than the data file: /bip7_disk/pingting114/mixed_bam/COLO829_PAO/TF1e-2_25x/TF1e-2_25x.rep1.bam.bai
[W::hts_idx_load3] The index file is older than the data file: /bip7_disk/pingting114/mixed_bam/COLO829_PAO/TF1e-2_25x/TF1e-2_25x.rep1.bam.bai
[W::hts_idx_load3] The index file is older than the data file: /bip7_disk/pingting114/mixed_bam/COLO829_PAO/TF1e-2_25x/TF1e-2_25x.rep1.bam.bai
[W::hts_idx_load3] The index file is older than the data file: /bip7_disk/pingting114/mixed_bam/COLO829_PAO/TF1e-2_25x/TF1e-2_25x.rep1.bam.bai
[E::bam_parse_basemod2] d798fd6e-efa1-41aa-b47e-f684d66db844: MM tag refers to bases beyond sequence length
[W::hts_idx_load3] The index file is older than the data file: /bip7_disk/pingting114/mixed_bam/COLO829_PAO/TF1e-2_25x/TF1e-2_25x.rep1.bam.bai
[W::hts_idx_load3] The index file is older than the data file: /bip7_disk/pingting114/mixed_bam/COLO829_PAO/TF1e-2_25x/TF1e-2_25x.rep1.bam.bai
[W::hts_idx_load3] The index file is older than the data file: /bip7_disk/pingting114/mixed_bam/COLO829_PAO/TF1e-2_25x/TF1e-2_25x.rep1.bam.bai
[W::hts_idx_load3] The index file is older than the data file: /bip7_disk/pingting114/mixed_bam/COLO829_PAO/TF1e-2_25x/TF1e-2_25x.rep1.bam.bai
[W::hts_idx_load3] The index file is older than the data file: /bip7_disk/pingting114/mixed_bam/COLO829_PAO/TF1e-2_25x/TF1e-2_25x.rep1.bam.bai
[W::hts_idx_load3] The index file is older than the data file: /bip7_disk/pingting114/mixed_bam/COLO829_PAO/TF1e-2_25x/TF1e-2_25x.rep1.bam.bai
[W::hts_idx_load3] The index file is older than the data file: /bip7_disk/pingting114/mixed_bam/COLO829_PAO/TF1e-2_25x/TF1e-2_25x.rep1.bam.bai
[W::hts_idx_load3] The index file is older than the data file: /bip7_disk/pingting114/mixed_bam/COLO829_PAO/TF1e-2_25x/TF1e-2_25x.rep1.bam.bai
[W::bam_next_basemod] MM tag refers to bases beyond sequence length
[W::bam_next_basemod] MM tag refers to bases beyond sequence length
[E::bam_parse_basemod2] 4daec48b-4c7b-448e-85e5-dfdbf8cff728: MM tag refers to bases beyond sequence length
[E::bam_parse_basemod2] 6debdf2e-aa30-44a3-912e-30f420f63ca1: MM tag refers to bases beyond sequence length
[E::bam_parse_basemod2] 8ec74a55-774f-4526-a0e8-cc1798e0d080: MM tag refers to bases beyond sequence length
[E::bam_parse_basemod2] 558187bf-9357-4bbf-9921-3669c94174f2: MM tag refers to bases beyond sequence length
[W::bam_next_basemod] MM tag refers to bases beyond sequence length
[E::bam_parse_basemod2] 42058bbc-d2f7-4064-bd78-348be60c1f4c: MM tag refers to bases beyond sequence length
[W::hts_idx_load3] The index file is older than the data file: /bip7_disk/pingting114/mixed_bam/COLO829_PAO/TF1e-2_25x/TF1e-2_25x.rep1.bam.bai
[W::hts_idx_load3] The index file is older than the data file: /bip7_disk/pingting114/mixed_bam/COLO829_PAO/TF1e-2_25x/TF1e-2_25x.rep1.bam.bai
[W::hts_idx_load3] The index file is older than the data file: /bip7_disk/pingting114/mixed_bam/COLO829_PAO/TF1e-2_25x/TF1e-2_25x.rep1.bam.bai
[W::hts_idx_load3] The index file is older than the data file: /bip7_disk/pingting114/mixed_bam/COLO829_PAO/TF1e-2_25x/TF1e-2_25x.rep1.bam.bai
[W::hts_idx_load3] The index file is older than the data file: /bip7_disk/pingting114/mixed_bam/COLO829_PAO/TF1e-2_25x/TF1e-2_25x.rep1.bam.bai
[W::hts_idx_load3] The index file is older than the data file: /bip7_disk/pingting114/mixed_bam/COLO829_PAO/TF1e-2_25x/TF1e-2_25x.rep1.bam.bai
[W::hts_idx_load3] The index file is older than the data file: /bip7_disk/pingting114/mixed_bam/COLO829_PAO/TF1e-2_25x/TF1e-2_25x.rep1.bam.bai
[W::hts_idx_load3] The index file is older than the data file: /bip7_disk/pingting114/mixed_bam/COLO829_PAO/TF1e-2_25x/TF1e-2_25x.rep1.bam.bai
[W::hts_idx_load3] The index file is older than the data file: /bip7_disk/pingting114/mixed_bam/COLO829_PAO/TF1e-2_25x/TF1e-2_25x.rep1.bam.bai
[W::hts_idx_load3] The index file is older than the data file: /bip7_disk/pingting114/mixed_bam/COLO829_PAO/TF1e-2_25x/TF1e-2_25x.rep1.bam.bai
[W::hts_idx_load3] The index file is older than the data file: /bip7_disk/pingting114/mixed_bam/COLO829_PAO/TF1e-2_25x/TF1e-2_25x.rep1.bam.bai
[W::hts_idx_load3] The index file is older than the data file: /bip7_disk/pingting114/mixed_bam/COLO829_PAO/TF1e-2_25x/TF1e-2_25x.rep1.bam.bai
[W::bam_next_basemod] MM tag refers to bases beyond sequence length
[W::bam_next_basemod] MM tag refers to bases beyond sequence length
[W::hts_idx_load3] The index file is older than the data file: /bip7_disk/pingting114/mixed_bam/COLO829_PAO/TF1e-2_25x/TF1e-2_25x.rep1.bam.bai
[W::hts_idx_load3] The index file is older than the data file: /bip7_disk/pingting114/mixed_bam/COLO829_PAO/TF1e-2_25x/TF1e-2_25x.rep1.bam.bai
[W::hts_idx_load3] The index file is older than the data file: /bip7_disk/pingting114/mixed_bam/COLO829_PAO/TF1e-2_25x/TF1e-2_25x.rep1.bam.bai
[W::hts_idx_load3] The index file is older than the data file: /bip7_disk/pingting114/mixed_bam/COLO829_PAO/TF1e-2_25x/TF1e-2_25x.rep1.bam.bai
[W::hts_idx_load3] The index file is older than the data file: /bip7_disk/pingting114/mixed_bam/COLO829_PAO/TF1e-2_25x/TF1e-2_25x.rep1.bam.bai
[E::bam_parse_basemod2] f35379be-b311-470c-985f-88d9023d7dac: MM tag refers to bases beyond sequence length
[W::hts_idx_load3] The index file is older than the data file: /bip7_disk/pingting114/mixed_bam/COLO829_PAO/TF1e-2_25x/TF1e-2_25x.rep1.bam.bai
[W::hts_idx_load3] The index file is older than the data file: /bip7_disk/pingting114/mixed_bam/COLO829_PAO/TF1e-2_25x/TF1e-2_25x.rep1.bam.bai
[W::hts_idx_load3] The index file is older than the data file: /bip7_disk/pingting114/mixed_bam/COLO829_PAO/TF1e-2_25x/TF1e-2_25x.rep1.bam.bai
[W::hts_idx_load3] The index file is older than the data file: /bip7_disk/pingting114/mixed_bam/COLO829_PAO/TF1e-2_25x/TF1e-2_25x.rep1.bam.bai
[W::hts_idx_load3] The index file is older than the data file: /bip7_disk/pingting114/mixed_bam/COLO829_PAO/TF1e-2_25x/TF1e-2_25x.rep1.bam.bai
[W::bam_next_basemod] MM tag refers to bases beyond sequence length
[W::hts_idx_load3] The index file is older than the data file: /bip7_disk/pingting114/mixed_bam/COLO829_PAO/TF1e-2_25x/TF1e-2_25x.rep1.bam.bai
[E::bam_parse_basemod2] 55d8475c-40b8-41f2-8a9e-47fbd96cccdf: MM tag refers to bases beyond sequence length
[E::bam_parse_basemod2] 4ec6ef7a-ec76-48b5-9c5f-8f11cebfc2ca: MM tag refers to bases beyond sequence length
[W::bam_next_basemod] MM tag refers to bases beyond sequence length
[W::hts_idx_load3] The index file is older than the data file: /bip7_disk/pingting114/mixed_bam/COLO829_PAO/TF1e-2_25x/TF1e-2_25x.rep1.bam.bai
[W::hts_idx_load3] The index file is older than the data file: /bip7_disk/pingting114/mixed_bam/COLO829_PAO/TF1e-2_25x/TF1e-2_25x.rep1.bam.bai
[W::hts_idx_load3] The index file is older than the data file: /bip7_disk/pingting114/mixed_bam/COLO829_PAO/TF1e-2_25x/TF1e-2_25x.rep1.bam.bai
[W::hts_idx_load3] The index file is older than the data file: /bip7_disk/pingting114/mixed_bam/COLO829_PAO/TF1e-2_25x/TF1e-2_25x.rep1.bam.bai
[W::bam_next_basemod] MM tag refers to bases beyond sequence length
[E::bam_parse_basemod2] bcf13403-7e92-4e75-a233-87eb9883eeb1: MM tag refers to bases beyond sequence length
[W::hts_idx_load3] The index file is older than the data file: /bip7_disk/pingting114/mixed_bam/COLO829_PAO/TF1e-2_25x/TF1e-2_25x.rep1.bam.bai
[E::bam_parse_basemod2] 6b665509-6abf-4600-b8e5-80e839817f7a: MM tag refers to bases beyond sequence length
[W::hts_idx_load3] The index file is older than the data file: /bip7_disk/pingting114/mixed_bam/COLO829_PAO/TF1e-2_25x/TF1e-2_25x.rep1.bam.bai
[W::bam_next_basemod] MM tag refers to bases beyond sequence length
[W::hts_idx_load3] The index file is older than the data file: /bip7_disk/pingting114/mixed_bam/COLO829_PAO/TF1e-2_25x/TF1e-2_25x.rep1.bam.bai
[W::hts_idx_load3] The index file is older than the data file: /bip7_disk/pingting114/mixed_bam/COLO829_PAO/TF1e-2_25x/TF1e-2_25x.rep1.bam.bai
[W::hts_idx_load3] The index file is older than the data file: /bip7_disk/pingting114/mixed_bam/COLO829_PAO/TF1e-2_25x/TF1e-2_25x.rep1.bam.bai
[W::bam_next_basemod] MM tag refers to bases beyond sequence length
[W::hts_idx_load3] The index file is older than the data file: /bip7_disk/pingting114/mixed_bam/COLO829_PAO/TF1e-2_25x/TF1e-2_25x.rep1.bam.bai
[W::hts_idx_load3] The index file is older than the data file: /bip7_disk/pingting114/mixed_bam/COLO829_PAO/TF1e-2_25x/TF1e-2_25x.rep1.bam.bai
[W::hts_idx_load3] The index file is older than the data file: /bip7_disk/pingting114/mixed_bam/COLO829_PAO/TF1e-2_25x/TF1e-2_25x.rep1.bam.bai
[W::hts_idx_load3] The index file is older than the data file: /bip7_disk/pingting114/mixed_bam/COLO829_PAO/TF1e-2_25x/TF1e-2_25x.rep1.bam.bai
[W::hts_idx_load3] The index file is older than the data file: /bip7_disk/pingting114/mixed_bam/COLO829_PAO/TF1e-2_25x/TF1e-2_25x.rep1.bam.bai
[W::bam_next_basemod] MM tag refers to bases beyond sequence length
[W::hts_idx_load3] The index file is older than the data file: /bip7_disk/pingting114/mixed_bam/COLO829_PAO/TF1e-2_25x/TF1e-2_25x.rep1.bam.bai
[W::hts_idx_load3] The index file is older than the data file: /bip7_disk/pingting114/mixed_bam/COLO829_PAO/TF1e-2_25x/TF1e-2_25x.rep1.bam.bai
[W::hts_idx_load3] The index file is older than the data file: /bip7_disk/pingting114/mixed_bam/COLO829_PAO/TF1e-2_25x/TF1e-2_25x.rep1.bam.bai
[W::hts_idx_load3] The index file is older than the data file: /bip7_disk/pingting114/mixed_bam/COLO829_PAO/TF1e-2_25x/TF1e-2_25x.rep1.bam.bai
[W::hts_idx_load3] The index file is older than the data file: /bip7_disk/pingting114/mixed_bam/COLO829_PAO/TF1e-2_25x/TF1e-2_25x.rep1.bam.bai
[W::hts_idx_load3] The index file is older than the data file: /bip7_disk/pingting114/mixed_bam/COLO829_PAO/TF1e-2_25x/TF1e-2_25x.rep1.bam.bai
[W::hts_idx_load3] The index file is older than the data file: /bip7_disk/pingting114/mixed_bam/COLO829_PAO/TF1e-2_25x/TF1e-2_25x.rep1.bam.bai
[W::hts_idx_load3] The index file is older than the data file: /bip7_disk/pingting114/mixed_bam/COLO829_PAO/TF1e-2_25x/TF1e-2_25x.rep1.bam.bai
[W::hts_idx_load3] The index file is older than the data file: /bip7_disk/pingting114/mixed_bam/COLO829_PAO/TF1e-2_25x/TF1e-2_25x.rep1.bam.bai
[E::bam_parse_basemod2] e7fddede-f496-478f-b122-ef78226eab16: MM tag refers to bases beyond sequence length
[E::bam_parse_basemod2] b236f8b4-9d41-4ec1-8a65-ffd01c9d89c8: MM tag refers to bases beyond sequence length
[E::bam_parse_basemod2] 4bb49dea-549a-4465-b0c6-b497618520ae: MM tag refers to bases beyond sequence length
[W::bam_next_basemod] MM tag refers to bases beyond sequence length
[W::bam_next_basemod] MM tag refers to bases beyond sequence length
[W::bam_next_basemod] MM tag refers to bases beyond sequence length
[E::bam_parse_basemod2] 3d478fdf-cf07-4c49-b244-b43efe9f7a0d: MM tag refers to bases beyond sequence length
[E::bam_parse_basemod2] 60e15f1f-efb5-437c-a276-316b743d9774: MM tag refers to bases beyond sequence length
[E::bam_parse_basemod2] 6da34720-1d65-4c5d-af2e-30a8b2cea13f: MM tag refers to bases beyond sequence length
[E::bam_parse_basemod2] 52031c5f-5d61-4ef3-b2f7-2c0c2b36cc3e: MM tag refers to bases beyond sequence length
[W::hts_idx_load3] The index file is older than the data file: /bip7_disk/pingting114/mixed_bam/COLO829_PAO/TF1e-2_25x/TF1e-2_25x.rep1.bam.bai
[W::hts_idx_load3] The index file is older than the data file: /bip7_disk/pingting114/mixed_bam/COLO829_PAO/TF1e-2_25x/TF1e-2_25x.rep1.bam.bai
[W::hts_idx_load3] The index file is older than the data file: /bip7_disk/pingting114/mixed_bam/COLO829_PAO/TF1e-2_25x/TF1e-2_25x.rep1.bam.bai
[W::hts_idx_load3] The index file is older than the data file: /bip7_disk/pingting114/mixed_bam/COLO829_PAO/TF1e-2_25x/TF1e-2_25x.rep1.bam.bai
[W::bam_next_basemod] MM tag refers to bases beyond sequence length
[W::hts_idx_load3] The index file is older than the data file: /bip7_disk/pingting114/mixed_bam/COLO829_PAO/TF1e-2_25x/TF1e-2_25x.rep1.bam.bai
[W::hts_idx_load3] The index file is older than the data file: /bip7_disk/pingting114/mixed_bam/COLO829_PAO/TF1e-2_25x/TF1e-2_25x.rep1.bam.bai
[E::bam_parse_basemod2] ebbedf0b-9f1c-43b8-82a7-6eed9228973a: MM tag refers to bases beyond sequence length
[E::bam_parse_basemod2] 883e85ac-dc80-4bdf-81d0-9e1c9fee5cf2: MM tag refers to bases beyond sequence length
[W::bam_next_basemod] MM tag refers to bases beyond sequence length
[W::hts_idx_load3] The index file is older than the data file: /bip7_disk/pingting114/mixed_bam/COLO829_PAO/TF1e-2_25x/TF1e-2_25x.rep1.bam.bai
[W::hts_idx_load3] The index file is older than the data file: /bip7_disk/pingting114/mixed_bam/COLO829_PAO/TF1e-2_25x/TF1e-2_25x.rep1.bam.bai
[E::bam_parse_basemod2] c46e784a-f452-439f-9e99-076c79e9c1c2: MM tag refers to bases beyond sequence length
[W::hts_idx_load3] The index file is older than the data file: /bip7_disk/pingting114/mixed_bam/COLO829_PAO/TF1e-2_25x/TF1e-2_25x.rep1.bam.bai
[W::hts_idx_load3] The index file is older than the data file: /bip7_disk/pingting114/mixed_bam/COLO829_PAO/TF1e-2_25x/TF1e-2_25x.rep1.bam.bai
[W::hts_idx_load3] The index file is older than the data file: /bip7_disk/pingting114/mixed_bam/COLO829_PAO/TF1e-2_25x/TF1e-2_25x.rep1.bam.bai
[E::bam_parse_basemod2] 8c9ef797-f82b-4edc-a795-185a7cdc36a5: MM tag refers to bases beyond sequence length
[W::hts_idx_load3] The index file is older than the data file: /bip7_disk/pingting114/mixed_bam/COLO829_PAO/TF1e-2_25x/TF1e-2_25x.rep1.bam.bai
[W::hts_idx_load3] The index file is older than the data file: /bip7_disk/pingting114/mixed_bam/COLO829_PAO/TF1e-2_25x/TF1e-2_25x.rep1.bam.bai
[E::bam_parse_basemod2] 013ff340-4ef5-4403-a405-224a83dbec72: MM tag refers to bases beyond sequence length
[W::hts_idx_load3] The index file is older than the data file: /bip7_disk/pingting114/mixed_bam/COLO829_PAO/TF1e-2_25x/TF1e-2_25x.rep1.bam.bai
[W::hts_idx_load3] The index file is older than the data file: /bip7_disk/pingting114/mixed_bam/COLO829_PAO/TF1e-2_25x/TF1e-2_25x.rep1.bam.bai
[W::hts_idx_load3] The index file is older than the data file: /bip7_disk/pingting114/mixed_bam/COLO829_PAO/TF1e-2_25x/TF1e-2_25x.rep1.bam.bai
[W::bam_next_basemod] MM tag refers to bases beyond sequence length
[W::hts_idx_load3] The index file is older than the data file: /bip7_disk/pingting114/mixed_bam/COLO829_PAO/TF1e-2_25x/TF1e-2_25x.rep1.bam.bai
[W::hts_idx_load3] The index file is older than the data file: /bip7_disk/pingting114/mixed_bam/COLO829_PAO/TF1e-2_25x/TF1e-2_25x.rep1.bam.bai
[W::hts_idx_load3] The index file is older than the data file: /bip7_disk/pingting114/mixed_bam/COLO829_PAO/TF1e-2_25x/TF1e-2_25x.rep1.bam.bai
[W::hts_idx_load3] The index file is older than the data file: /bip7_disk/pingting114/mixed_bam/COLO829_PAO/TF1e-2_25x/TF1e-2_25x.rep1.bam.bai
[W::hts_idx_load3] The index file is older than the data file: /bip7_disk/pingting114/mixed_bam/COLO829_PAO/TF1e-2_25x/TF1e-2_25x.rep1.bam.bai
[W::hts_idx_load3] The index file is older than the data file: /bip7_disk/pingting114/mixed_bam/COLO829_PAO/TF1e-2_25x/TF1e-2_25x.rep1.bam.bai
[W::hts_idx_load3] The index file is older than the data file: /bip7_disk/pingting114/mixed_bam/COLO829_PAO/TF1e-2_25x/TF1e-2_25x.rep1.bam.bai
[E::bam_parse_basemod2] 737c039e-a20f-45ac-9f88-83622a10ed1c: MM tag refers to bases beyond sequence length
[W::hts_idx_load3] The index file is older than the data file: /bip7_disk/pingting114/mixed_bam/COLO829_PAO/TF1e-2_25x/TF1e-2_25x.rep1.bam.bai
[W::hts_idx_load3] The index file is older than the data file: /bip7_disk/pingting114/mixed_bam/COLO829_PAO/TF1e-2_25x/TF1e-2_25x.rep1.bam.bai
[W::hts_idx_load3] The index file is older than the data file: /bip7_disk/pingting114/mixed_bam/COLO829_PAO/TF1e-2_25x/TF1e-2_25x.rep1.bam.bai
[W::hts_idx_load3] The index file is older than the data file: /bip7_disk/pingting114/mixed_bam/COLO829_PAO/TF1e-2_25x/TF1e-2_25x.rep1.bam.bai
[E::bam_parse_basemod2] 9519a8cb-ebe0-422e-878e-1fab4da97af1: MM tag refers to bases beyond sequence length
[W::hts_idx_load3] The index file is older than the data file: /bip7_disk/pingting114/mixed_bam/COLO829_PAO/TF1e-2_25x/TF1e-2_25x.rep1.bam.bai
[W::hts_idx_load3] The index file is older than the data file: /bip7_disk/pingting114/mixed_bam/COLO829_PAO/TF1e-2_25x/TF1e-2_25x.rep1.bam.bai
[W::bam_next_basemod] MM tag refers to bases beyond sequence length
[W::hts_idx_load3] The index file is older than the data file: /bip7_disk/pingting114/mixed_bam/COLO829_PAO/TF1e-2_25x/TF1e-2_25x.rep1.bam.bai
[W::hts_idx_load3] The index file is older than the data file: /bip7_disk/pingting114/mixed_bam/COLO829_PAO/TF1e-2_25x/TF1e-2_25x.rep1.bam.bai
[W::hts_idx_load3] The index file is older than the data file: /bip7_disk/pingting114/mixed_bam/COLO829_PAO/TF1e-2_25x/TF1e-2_25x.rep1.bam.bai
[W::hts_idx_load3] The index file is older than the data file: /bip7_disk/pingting114/mixed_bam/COLO829_PAO/TF1e-2_25x/TF1e-2_25x.rep1.bam.bai
[W::hts_idx_load3] The index file is older than the data file: /bip7_disk/pingting114/mixed_bam/COLO829_PAO/TF1e-2_25x/TF1e-2_25x.rep1.bam.bai
[W::hts_idx_load3] The index file is older than the data file: /bip7_disk/pingting114/mixed_bam/COLO829_PAO/TF1e-2_25x/TF1e-2_25x.rep1.bam.bai
[W::hts_idx_load3] The index file is older than the data file: /bip7_disk/pingting114/mixed_bam/COLO829_PAO/TF1e-2_25x/TF1e-2_25x.rep1.bam.bai
[W::hts_idx_load3] The index file is older than the data file: /bip7_disk/pingting114/mixed_bam/COLO829_PAO/TF1e-2_25x/TF1e-2_25x.rep1.bam.bai
[W::hts_idx_load3] The index file is older than the data file: /bip7_disk/pingting114/mixed_bam/COLO829_PAO/TF1e-2_25x/TF1e-2_25x.rep1.bam.bai
[W::bam_next_basemod] MM tag refers to bases beyond sequence length
[W::hts_idx_load3] The index file is older than the data file: /bip7_disk/pingting114/mixed_bam/COLO829_PAO/TF1e-2_25x/TF1e-2_25x.rep1.bam.bai
[E::bam_parse_basemod2] 66453bc1-3af0-417f-b976-69d16b753b8a: MM tag refers to bases beyond sequence length
[W::hts_idx_load3] The index file is older than the data file: /bip7_disk/pingting114/mixed_bam/COLO829_PAO/TF1e-2_25x/TF1e-2_25x.rep1.bam.bai
[E::bam_parse_basemod2] 808b5b90-296f-482c-b3a6-406854efa961: MM tag refers to bases beyond sequence length
[W::hts_idx_load3] The index file is older than the data file: /bip7_disk/pingting114/mixed_bam/COLO829_PAO/TF1e-2_25x/TF1e-2_25x.rep1.bam.bai
[W::hts_idx_load3] The index file is older than the data file: /bip7_disk/pingting114/mixed_bam/COLO829_PAO/TF1e-2_25x/TF1e-2_25x.rep1.bam.bai
[W::hts_idx_load3] The index file is older than the data file: /bip7_disk/pingting114/mixed_bam/COLO829_PAO/TF1e-2_25x/TF1e-2_25x.rep1.bam.bai
[W::bam_next_basemod] MM tag refers to bases beyond sequence length
[W::hts_idx_load3] The index file is older than the data file: /bip7_disk/pingting114/mixed_bam/COLO829_PAO/TF1e-2_25x/TF1e-2_25x.rep1.bam.bai
[W::hts_idx_load3] The index file is older than the data file: /bip7_disk/pingting114/mixed_bam/COLO829_PAO/TF1e-2_25x/TF1e-2_25x.rep1.bam.bai
[E::bam_parse_basemod2] 2ee5dbfc-4a38-4e7e-9927-3199d47b9e5c: MM tag refers to bases beyond sequence length
[W::hts_idx_load3] The index file is older than the data file: /bip7_disk/pingting114/mixed_bam/COLO829_PAO/TF1e-2_25x/TF1e-2_25x.rep1.bam.bai
[W::bam_next_basemod] MM tag refers to bases beyond sequence length
[W::hts_idx_load3] The index file is older than the data file: /bip7_disk/pingting114/mixed_bam/COLO829_PAO/TF1e-2_25x/TF1e-2_25x.rep1.bam.bai
[W::hts_idx_load3] The index file is older than the data file: /bip7_disk/pingting114/mixed_bam/COLO829_PAO/TF1e-2_25x/TF1e-2_25x.rep1.bam.bai
[W::hts_idx_load3] The index file is older than the data file: /bip7_disk/pingting114/mixed_bam/COLO829_PAO/TF1e-2_25x/TF1e-2_25x.rep1.bam.bai
[W::hts_idx_load3] The index file is older than the data file: /bip7_disk/pingting114/mixed_bam/COLO829_PAO/TF1e-2_25x/TF1e-2_25x.rep1.bam.bai
[W::hts_idx_load3] The index file is older than the data file: /bip7_disk/pingting114/mixed_bam/COLO829_PAO/TF1e-2_25x/TF1e-2_25x.rep1.bam.bai
[W::hts_idx_load3] The index file is older than the data file: /bip7_disk/pingting114/mixed_bam/COLO829_PAO/TF1e-2_25x/TF1e-2_25x.rep1.bam.bai
[W::bam_next_basemod] MM tag refers to bases beyond sequence length
[W::hts_idx_load3] The index file is older than the data file: /bip7_disk/pingting114/mixed_bam/COLO829_PAO/TF1e-2_25x/TF1e-2_25x.rep1.bam.bai
[E::bam_parse_basemod2] c88d5b2b-5373-4a3e-b102-77b40c3e6527: MM tag refers to bases beyond sequence length
[W::hts_idx_load3] The index file is older than the data file: /bip7_disk/pingting114/mixed_bam/COLO829_PAO/TF1e-2_25x/TF1e-2_25x.rep1.bam.bai
[W::hts_idx_load3] The index file is older than the data file: /bip7_disk/pingting114/mixed_bam/COLO829_PAO/TF1e-2_25x/TF1e-2_25x.rep1.bam.bai
[W::hts_idx_load3] The index file is older than the data file: /bip7_disk/pingting114/mixed_bam/COLO829_PAO/TF1e-2_25x/TF1e-2_25x.rep1.bam.bai
[W::hts_idx_load3] The index file is older than the data file: /bip7_disk/pingting114/mixed_bam/COLO829_PAO/TF1e-2_25x/TF1e-2_25x.rep1.bam.bai
[W::hts_idx_load3] The index file is older than the data file: /bip7_disk/pingting114/mixed_bam/COLO829_PAO/TF1e-2_25x/TF1e-2_25x.rep1.bam.bai
[E::bam_parse_basemod2] 979d44c9-8057-4df8-82ea-6c16a9574604: MM tag refers to bases beyond sequence length
[W::bam_next_basemod] MM tag refers to bases beyond sequence length
[W::hts_idx_load3] The index file is older than the data file: /bip7_disk/pingting114/mixed_bam/COLO829_PAO/TF1e-2_25x/TF1e-2_25x.rep1.bam.bai
[W::bam_next_basemod] MM tag refers to bases beyond sequence length
[W::hts_idx_load3] The index file is older than the data file: /bip7_disk/pingting114/mixed_bam/COLO829_PAO/TF1e-2_25x/TF1e-2_25x.rep1.bam.bai
[W::hts_idx_load3] The index file is older than the data file: /bip7_disk/pingting114/mixed_bam/COLO829_PAO/TF1e-2_25x/TF1e-2_25x.rep1.bam.bai
[W::hts_idx_load3] The index file is older than the data file: /bip7_disk/pingting114/mixed_bam/COLO829_PAO/TF1e-2_25x/TF1e-2_25x.rep1.bam.bai
[W::hts_idx_load3] The index file is older than the data file: /bip7_disk/pingting114/mixed_bam/COLO829_PAO/TF1e-2_25x/TF1e-2_25x.rep1.bam.bai
[E::bam_parse_basemod2] a0031db8-2143-4ab9-a13c-dd646791b05a: MM tag refers to bases beyond sequence length
[W::hts_idx_load3] The index file is older than the data file: /bip7_disk/pingting114/mixed_bam/COLO829_PAO/TF1e-2_25x/TF1e-2_25x.rep1.bam.bai
[E::bam_parse_basemod2] f32908ee-e470-42f3-9e44-4204f52b59e6: MM tag refers to bases beyond sequence length
[W::hts_idx_load3] The index file is older than the data file: /bip7_disk/pingting114/mixed_bam/COLO829_PAO/TF1e-2_25x/TF1e-2_25x.rep1.bam.bai
[W::hts_idx_load3] The index file is older than the data file: /bip7_disk/pingting114/mixed_bam/COLO829_PAO/TF1e-2_25x/TF1e-2_25x.rep1.bam.bai
[W::hts_idx_load3] The index file is older than the data file: /bip7_disk/pingting114/mixed_bam/COLO829_PAO/TF1e-2_25x/TF1e-2_25x.rep1.bam.bai
[W::hts_idx_load3] The index file is older than the data file: /bip7_disk/pingting114/mixed_bam/COLO829_PAO/TF1e-2_25x/TF1e-2_25x.rep1.bam.bai
[W::hts_idx_load3] The index file is older than the data file: /bip7_disk/pingting114/mixed_bam/COLO829_PAO/TF1e-2_25x/TF1e-2_25x.rep1.bam.bai
[W::hts_idx_load3] The index file is older than the data file: /bip7_disk/pingting114/mixed_bam/COLO829_PAO/TF1e-2_25x/TF1e-2_25x.rep1.bam.bai
[W::bam_next_basemod] MM tag refers to bases beyond sequence length
[W::hts_idx_load3] The index file is older than the data file: /bip7_disk/pingting114/mixed_bam/COLO829_PAO/TF1e-2_25x/TF1e-2_25x.rep1.bam.bai
[W::hts_idx_load3] The index file is older than the data file: /bip7_disk/pingting114/mixed_bam/COLO829_PAO/TF1e-2_25x/TF1e-2_25x.rep1.bam.bai
[W::bam_next_basemod] MM tag refers to bases beyond sequence length
[W::hts_idx_load3] The index file is older than the data file: /bip7_disk/pingting114/mixed_bam/COLO829_PAO/TF1e-2_25x/TF1e-2_25x.rep1.bam.bai
[W::bam_next_basemod] MM tag refers to bases beyond sequence length
[W::hts_idx_load3] The index file is older than the data file: /bip7_disk/pingting114/mixed_bam/COLO829_PAO/TF1e-2_25x/TF1e-2_25x.rep1.bam.bai
[W::bam_next_basemod] MM tag refers to bases beyond sequence length
[W::hts_idx_load3] The index file is older than the data file: /bip7_disk/pingting114/mixed_bam/COLO829_PAO/TF1e-2_25x/TF1e-2_25x.rep1.bam.bai
[W::hts_idx_load3] The index file is older than the data file: /bip7_disk/pingting114/mixed_bam/COLO829_PAO/TF1e-2_25x/TF1e-2_25x.rep1.bam.bai
[W::hts_idx_load3] The index file is older than the data file: /bip7_disk/pingting114/mixed_bam/COLO829_PAO/TF1e-2_25x/TF1e-2_25x.rep1.bam.bai
[W::hts_idx_load3] The index file is older than the data file: /bip7_disk/pingting114/mixed_bam/COLO829_PAO/TF1e-2_25x/TF1e-2_25x.rep1.bam.bai
[W::hts_idx_load3] The index file is older than the data file: /bip7_disk/pingting114/mixed_bam/COLO829_PAO/TF1e-2_25x/TF1e-2_25x.rep1.bam.bai
[W::hts_idx_load3] The index file is older than the data file: /bip7_disk/pingting114/mixed_bam/COLO829_PAO/TF1e-2_25x/TF1e-2_25x.rep1.bam.bai
[W::hts_idx_load3] The index file is older than the data file: /bip7_disk/pingting114/mixed_bam/COLO829_PAO/TF1e-2_25x/TF1e-2_25x.rep1.bam.bai
[E::bam_parse_basemod2] 47cce7ad-a7a5-483a-902f-89f32678992a: MM tag refers to bases beyond sequence length
[W::hts_idx_load3] The index file is older than the data file: /bip7_disk/pingting114/mixed_bam/COLO829_PAO/TF1e-2_25x/TF1e-2_25x.rep1.bam.bai
[W::hts_idx_load3] The index file is older than the data file: /bip7_disk/pingting114/mixed_bam/COLO829_PAO/TF1e-2_25x/TF1e-2_25x.rep1.bam.bai
[W::hts_idx_load3] The index file is older than the data file: /bip7_disk/pingting114/mixed_bam/COLO829_PAO/TF1e-2_25x/TF1e-2_25x.rep1.bam.bai
[W::hts_idx_load3] The index file is older than the data file: /bip7_disk/pingting114/mixed_bam/COLO829_PAO/TF1e-2_25x/TF1e-2_25x.rep1.bam.bai
[E::bam_parse_basemod2] d4fcf801-f9e7-444b-9e58-e665fd37588e: MM tag refers to bases beyond sequence length
[W::hts_idx_load3] The index file is older than the data file: /bip7_disk/pingting114/mixed_bam/COLO829_PAO/TF1e-2_25x/TF1e-2_25x.rep1.bam.bai
[W::hts_idx_load3] The index file is older than the data file: /bip7_disk/pingting114/mixed_bam/COLO829_PAO/TF1e-2_25x/TF1e-2_25x.rep1.bam.bai
[W::hts_idx_load3] The index file is older than the data file: /bip7_disk/pingting114/mixed_bam/COLO829_PAO/TF1e-2_25x/TF1e-2_25x.rep1.bam.bai
[E::bam_parse_basemod2] 83d8dd13-5db7-4f32-8860-847e97c59b4c: MM tag refers to bases beyond sequence length
[W::hts_idx_load3] The index file is older than the data file: /bip7_disk/pingting114/mixed_bam/COLO829_PAO/TF1e-2_25x/TF1e-2_25x.rep1.bam.bai
[W::hts_idx_load3] The index file is older than the data file: /bip7_disk/pingting114/mixed_bam/COLO829_PAO/TF1e-2_25x/TF1e-2_25x.rep1.bam.bai
[W::hts_idx_load3] The index file is older than the data file: /bip7_disk/pingting114/mixed_bam/COLO829_PAO/TF1e-2_25x/TF1e-2_25x.rep1.bam.bai
[W::hts_idx_load3] The index file is older than the data file: /bip7_disk/pingting114/mixed_bam/COLO829_PAO/TF1e-2_25x/TF1e-2_25x.rep1.bam.bai
[E::bam_parse_basemod2] db9d691b-23bf-43b3-a67c-dafd8137f9e6: MM tag refers to bases beyond sequence length
[W::hts_idx_load3] The index file is older than the data file: /bip7_disk/pingting114/mixed_bam/COLO829_PAO/TF1e-2_25x/TF1e-2_25x.rep1.bam.bai
[E::bam_parse_basemod2] ef3512e9-6369-4615-9458-1cfe91ca6d11: MM tag refers to bases beyond sequence length
[W::hts_idx_load3] The index file is older than the data file: /bip7_disk/pingting114/mixed_bam/COLO829_PAO/TF1e-2_25x/TF1e-2_25x.rep1.bam.bai
[W::bam_next_basemod] MM tag refers to bases beyond sequence length
[W::bam_next_basemod] MM tag refers to bases beyond sequence length
[E::bam_parse_basemod2] 36cbf6e1-e95d-4a97-b72a-e158922b7492: MM tag refers to bases beyond sequence length
[W::hts_idx_load3] The index file is older than the data file: /bip7_disk/pingting114/mixed_bam/COLO829_PAO/TF1e-2_25x/TF1e-2_25x.rep1.bam.bai
[W::hts_idx_load3] The index file is older than the data file: /bip7_disk/pingting114/mixed_bam/COLO829_PAO/TF1e-2_25x/TF1e-2_25x.rep1.bam.bai
[W::hts_idx_load3] The index file is older than the data file: /bip7_disk/pingting114/mixed_bam/COLO829_PAO/TF1e-2_25x/TF1e-2_25x.rep1.bam.bai
[E::bam_parse_basemod2] c26a88e6-2e37-4b39-af34-9f6f76c50708: MM tag refers to bases beyond sequence length
[W::hts_idx_load3] The index file is older than the data file: /bip7_disk/pingting114/mixed_bam/COLO829_PAO/TF1e-2_25x/TF1e-2_25x.rep1.bam.bai
[W::hts_idx_load3] The index file is older than the data file: /bip7_disk/pingting114/mixed_bam/COLO829_PAO/TF1e-2_25x/TF1e-2_25x.rep1.bam.bai
[W::bam_next_basemod] MM tag refers to bases beyond sequence length
[W::hts_idx_load3] The index file is older than the data file: /bip7_disk/pingting114/mixed_bam/COLO829_PAO/TF1e-2_25x/TF1e-2_25x.rep1.bam.bai
[W::hts_idx_load3] The index file is older than the data file: /bip7_disk/pingting114/mixed_bam/COLO829_PAO/TF1e-2_25x/TF1e-2_25x.rep1.bam.bai
[W::hts_idx_load3] The index file is older than the data file: /bip7_disk/pingting114/mixed_bam/COLO829_PAO/TF1e-2_25x/TF1e-2_25x.rep1.bam.bai
[W::hts_idx_load3] The index file is older than the data file: /bip7_disk/pingting114/mixed_bam/COLO829_PAO/TF1e-2_25x/TF1e-2_25x.rep1.bam.bai
[W::hts_idx_load3] The index file is older than the data file: /bip7_disk/pingting114/mixed_bam/COLO829_PAO/TF1e-2_25x/TF1e-2_25x.rep1.bam.bai
[W::hts_idx_load3] The index file is older than the data file: /bip7_disk/pingting114/mixed_bam/COLO829_PAO/TF1e-2_25x/TF1e-2_25x.rep1.bam.bai
[W::bam_next_basemod] MM tag refers to bases beyond sequence length
[W::hts_idx_load3] The index file is older than the data file: /bip7_disk/pingting114/mixed_bam/COLO829_PAO/TF1e-2_25x/TF1e-2_25x.rep1.bam.bai
[W::hts_idx_load3] The index file is older than the data file: /bip7_disk/pingting114/mixed_bam/COLO829_PAO/TF1e-2_25x/TF1e-2_25x.rep1.bam.bai
[W::hts_idx_load3] The index file is older than the data file: /bip7_disk/pingting114/mixed_bam/COLO829_PAO/TF1e-2_25x/TF1e-2_25x.rep1.bam.bai
[W::hts_idx_load3] The index file is older than the data file: /bip7_disk/pingting114/mixed_bam/COLO829_PAO/TF1e-2_25x/TF1e-2_25x.rep1.bam.bai
[E::bam_parse_basemod2] a7cdc46e-ba4f-4a46-9a72-4316cf831d1b: MM tag refers to bases beyond sequence length
[W::hts_idx_load3] The index file is older than the data file: /bip7_disk/pingting114/mixed_bam/COLO829_PAO/TF1e-2_25x/TF1e-2_25x.rep1.bam.bai
[W::hts_idx_load3] The index file is older than the data file: /bip7_disk/pingting114/mixed_bam/COLO829_PAO/TF1e-2_25x/TF1e-2_25x.rep1.bam.bai
[W::hts_idx_load3] The index file is older than the data file: /bip7_disk/pingting114/mixed_bam/COLO829_PAO/TF1e-2_25x/TF1e-2_25x.rep1.bam.bai
[W::hts_idx_load3] The index file is older than the data file: /bip7_disk/pingting114/mixed_bam/COLO829_PAO/TF1e-2_25x/TF1e-2_25x.rep1.bam.bai
[W::hts_idx_load3] The index file is older than the data file: /bip7_disk/pingting114/mixed_bam/COLO829_PAO/TF1e-2_25x/TF1e-2_25x.rep1.bam.bai
[E::bam_parse_basemod2] 77720e39-558b-4f8f-bfa0-14ef32258c23: MM tag refers to bases beyond sequence length
[W::hts_idx_load3] The index file is older than the data file: /bip7_disk/pingting114/mixed_bam/COLO829_PAO/TF1e-2_25x/TF1e-2_25x.rep1.bam.bai
[W::hts_idx_load3] The index file is older than the data file: /bip7_disk/pingting114/mixed_bam/COLO829_PAO/TF1e-2_25x/TF1e-2_25x.rep1.bam.bai
[W::bam_next_basemod] MM tag refers to bases beyond sequence length
[W::hts_idx_load3] The index file is older than the data file: /bip7_disk/pingting114/mixed_bam/COLO829_PAO/TF1e-2_25x/TF1e-2_25x.rep1.bam.bai
[W::hts_idx_load3] The index file is older than the data file: /bip7_disk/pingting114/mixed_bam/COLO829_PAO/TF1e-2_25x/TF1e-2_25x.rep1.bam.bai
[E::bam_parse_basemod2] 6ab47172-5cf7-47cb-973f-8ec4d0afdfdb: MM tag refers to bases beyond sequence length
[W::hts_idx_load3] The index file is older than the data file: /bip7_disk/pingting114/mixed_bam/COLO829_PAO/TF1e-2_25x/TF1e-2_25x.rep1.bam.bai
[W::bam_next_basemod] MM tag refers to bases beyond sequence length
[W::hts_idx_load3] The index file is older than the data file: /bip7_disk/pingting114/mixed_bam/COLO829_PAO/TF1e-2_25x/TF1e-2_25x.rep1.bam.bai
[W::hts_idx_load3] The index file is older than the data file: /bip7_disk/pingting114/mixed_bam/COLO829_PAO/TF1e-2_25x/TF1e-2_25x.rep1.bam.bai
[W::hts_idx_load3] The index file is older than the data file: /bip7_disk/pingting114/mixed_bam/COLO829_PAO/TF1e-2_25x/TF1e-2_25x.rep1.bam.bai
[E::bam_parse_basemod2] 8c66dc57-26a3-4b3b-86e6-756617fd6f2a: MM tag refers to bases beyond sequence length
[W::hts_idx_load3] The index file is older than the data file: /bip7_disk/pingting114/mixed_bam/COLO829_PAO/TF1e-2_25x/TF1e-2_25x.rep1.bam.bai
[E::bam_parse_basemod2] c94b2ff5-bed3-4517-aedd-e28dda86ba17: MM tag refers to bases beyond sequence length
[W::bam_next_basemod] MM tag refers to bases beyond sequence length
[W::hts_idx_load3] The index file is older than the data file: /bip7_disk/pingting114/mixed_bam/COLO829_PAO/TF1e-2_25x/TF1e-2_25x.rep1.bam.bai
[W::hts_idx_load3] The index file is older than the data file: /bip7_disk/pingting114/mixed_bam/COLO829_PAO/TF1e-2_25x/TF1e-2_25x.rep1.bam.bai
[E::bam_parse_basemod2] f994aff0-cc62-4e27-98b6-bbd0b10c9c53: MM tag refers to bases beyond sequence length
[W::hts_idx_load3] The index file is older than the data file: /bip7_disk/pingting114/mixed_bam/COLO829_PAO/TF1e-2_25x/TF1e-2_25x.rep1.bam.bai
[W::hts_idx_load3] The index file is older than the data file: /bip7_disk/pingting114/mixed_bam/COLO829_PAO/TF1e-2_25x/TF1e-2_25x.rep1.bam.bai
[W::bam_next_basemod] MM tag refers to bases beyond sequence length
[E::bam_parse_basemod2] 65bdcee0-6206-4d5a-ae2d-6eeb79e44c94: MM tag refers to bases beyond sequence length
[W::hts_idx_load3] The index file is older than the data file: /bip7_disk/pingting114/mixed_bam/COLO829_PAO/TF1e-2_25x/TF1e-2_25x.rep1.bam.bai
[W::hts_idx_load3] The index file is older than the data file: /bip7_disk/pingting114/mixed_bam/COLO829_PAO/TF1e-2_25x/TF1e-2_25x.rep1.bam.bai
[W::hts_idx_load3] The index file is older than the data file: /bip7_disk/pingting114/mixed_bam/COLO829_PAO/TF1e-2_25x/TF1e-2_25x.rep1.bam.bai
[W::hts_idx_load3] The index file is older than the data file: /bip7_disk/pingting114/mixed_bam/COLO829_PAO/TF1e-2_25x/TF1e-2_25x.rep1.bam.bai
[W::hts_idx_load3] The index file is older than the data file: /bip7_disk/pingting114/mixed_bam/COLO829_PAO/TF1e-2_25x/TF1e-2_25x.rep1.bam.bai
[E::bam_parse_basemod2] 6e87c3e6-b8eb-412b-89bc-2b1da30b66e3: MM tag refers to bases beyond sequence length
[W::hts_idx_load3] The index file is older than the data file: /bip7_disk/pingting114/mixed_bam/COLO829_PAO/TF1e-2_25x/TF1e-2_25x.rep1.bam.bai
[E::bam_parse_basemod2] 3a6773a4-2afa-4599-978d-6c29ca5b2edb: MM tag refers to bases beyond sequence length
[W::bam_next_basemod] MM tag refers to bases beyond sequence length
[W::hts_idx_load3] The index file is older than the data file: /bip7_disk/pingting114/mixed_bam/COLO829_PAO/TF1e-2_25x/TF1e-2_25x.rep1.bam.bai
[W::hts_idx_load3] The index file is older than the data file: /bip7_disk/pingting114/mixed_bam/COLO829_PAO/TF1e-2_25x/TF1e-2_25x.rep1.bam.bai
[W::hts_idx_load3] The index file is older than the data file: /bip7_disk/pingting114/mixed_bam/COLO829_PAO/TF1e-2_25x/TF1e-2_25x.rep1.bam.bai
[W::hts_idx_load3] The index file is older than the data file: /bip7_disk/pingting114/mixed_bam/COLO829_PAO/TF1e-2_25x/TF1e-2_25x.rep1.bam.bai
[E::bam_parse_basemod2] 3e5dcf61-b683-4c05-80f7-0ad146fec8df: MM tag refers to bases beyond sequence length
[W::hts_idx_load3] The index file is older than the data file: /bip7_disk/pingting114/mixed_bam/COLO829_PAO/TF1e-2_25x/TF1e-2_25x.rep1.bam.bai
[W::bam_next_basemod] MM tag refers to bases beyond sequence length
[E::bam_parse_basemod2] bcc2177f-c41c-45f3-be53-f892884c1bf2: MM tag refers to bases beyond sequence length
[W::hts_idx_load3] The index file is older than the data file: /bip7_disk/pingting114/mixed_bam/COLO829_PAO/TF1e-2_25x/TF1e-2_25x.rep1.bam.bai
[W::hts_idx_load3] The index file is older than the data file: /bip7_disk/pingting114/mixed_bam/COLO829_PAO/TF1e-2_25x/TF1e-2_25x.rep1.bam.bai
[W::bam_next_basemod] MM tag refers to bases beyond sequence length
[E::bam_parse_basemod2] 94882d7f-200e-4c18-bdd6-808a3b83678d: MM tag refers to bases beyond sequence length
[W::hts_idx_load3] The index file is older than the data file: /bip7_disk/pingting114/mixed_bam/COLO829_PAO/TF1e-2_25x/TF1e-2_25x.rep1.bam.bai
[W::bam_next_basemod] MM tag refers to bases beyond sequence length
[E::bam_parse_basemod2] 16b35c11-f0bd-43a8-a6fb-4f4850aef308: MM tag refers to bases beyond sequence length
[W::hts_idx_load3] The index file is older than the data file: /bip7_disk/pingting114/mixed_bam/COLO829_PAO/TF1e-2_25x/TF1e-2_25x.rep1.bam.bai
[W::hts_idx_load3] The index file is older than the data file: /bip7_disk/pingting114/mixed_bam/COLO829_PAO/TF1e-2_25x/TF1e-2_25x.rep1.bam.bai
[W::hts_idx_load3] The index file is older than the data file: /bip7_disk/pingting114/mixed_bam/COLO829_PAO/TF1e-2_25x/TF1e-2_25x.rep1.bam.bai
[W::hts_idx_load3] The index file is older than the data file: /bip7_disk/pingting114/mixed_bam/COLO829_PAO/TF1e-2_25x/TF1e-2_25x.rep1.bam.bai
[W::hts_idx_load3] The index file is older than the data file: /bip7_disk/pingting114/mixed_bam/COLO829_PAO/TF1e-2_25x/TF1e-2_25x.rep1.bam.bai
[W::bam_next_basemod] MM tag refers to bases beyond sequence length
[E::bam_parse_basemod2] 93858b44-527b-43c9-b2d3-66930b2424a8: MM tag refers to bases beyond sequence length
[W::hts_idx_load3] The index file is older than the data file: /bip7_disk/pingting114/mixed_bam/COLO829_PAO/TF1e-2_25x/TF1e-2_25x.rep1.bam.bai
[W::bam_next_basemod] MM tag refers to bases beyond sequence length
[W::hts_idx_load3] The index file is older than the data file: /bip7_disk/pingting114/mixed_bam/COLO829_PAO/TF1e-2_25x/TF1e-2_25x.rep1.bam.bai
[W::hts_idx_load3] The index file is older than the data file: /bip7_disk/pingting114/mixed_bam/COLO829_PAO/TF1e-2_25x/TF1e-2_25x.rep1.bam.bai
[W::bam_next_basemod] MM tag refers to bases beyond sequence length
[W::hts_idx_load3] The index file is older than the data file: /bip7_disk/pingting114/mixed_bam/COLO829_PAO/TF1e-2_25x/TF1e-2_25x.rep1.bam.bai
[W::hts_idx_load3] The index file is older than the data file: /bip7_disk/pingting114/mixed_bam/COLO829_PAO/TF1e-2_25x/TF1e-2_25x.rep1.bam.bai
[W::hts_idx_load3] The index file is older than the data file: /bip7_disk/pingting114/mixed_bam/COLO829_PAO/TF1e-2_25x/TF1e-2_25x.rep1.bam.bai
[W::hts_idx_load3] The index file is older than the data file: /bip7_disk/pingting114/mixed_bam/COLO829_PAO/TF1e-2_25x/TF1e-2_25x.rep1.bam.bai
[W::hts_idx_load3] The index file is older than the data file: /bip7_disk/pingting114/mixed_bam/COLO829_PAO/TF1e-2_25x/TF1e-2_25x.rep1.bam.bai
[W::hts_idx_load3] The index file is older than the data file: /bip7_disk/pingting114/mixed_bam/COLO829_PAO/TF1e-2_25x/TF1e-2_25x.rep1.bam.bai
[W::hts_idx_load3] The index file is older than the data file: /bip7_disk/pingting114/mixed_bam/COLO829_PAO/TF1e-2_25x/TF1e-2_25x.rep1.bam.bai
[W::hts_idx_load3] The index file is older than the data file: /bip7_disk/pingting114/mixed_bam/COLO829_PAO/TF1e-2_25x/TF1e-2_25x.rep1.bam.bai
[W::hts_idx_load3] The index file is older than the data file: /bip7_disk/pingting114/mixed_bam/COLO829_PAO/TF1e-2_25x/TF1e-2_25x.rep1.bam.bai
[E::bam_parse_basemod2] 2d52afd5-b22c-4e80-9409-0b90292794ee: MM tag refers to bases beyond sequence length
[W::hts_idx_load3] The index file is older than the data file: /bip7_disk/pingting114/mixed_bam/COLO829_PAO/TF1e-2_25x/TF1e-2_25x.rep1.bam.bai
[W::hts_idx_load3] The index file is older than the data file: /bip7_disk/pingting114/mixed_bam/COLO829_PAO/TF1e-2_25x/TF1e-2_25x.rep1.bam.bai
[W::hts_idx_load3] The index file is older than the data file: /bip7_disk/pingting114/mixed_bam/COLO829_PAO/TF1e-2_25x/TF1e-2_25x.rep1.bam.bai
[E::bam_parse_basemod2] 711fc338-c96c-4cb1-bff0-2484f4f1c1fe: MM tag refers to bases beyond sequence length
[W::hts_idx_load3] The index file is older than the data file: /bip7_disk/pingting114/mixed_bam/COLO829_PAO/TF1e-2_25x/TF1e-2_25x.rep1.bam.bai
[E::bam_parse_basemod2] 11a34f19-3d1d-45c9-a8e6-39d02bad80a7: MM tag refers to bases beyond sequence length
[W::hts_idx_load3] The index file is older than the data file: /bip7_disk/pingting114/mixed_bam/COLO829_PAO/TF1e-2_25x/TF1e-2_25x.rep1.bam.bai
[W::hts_idx_load3] The index file is older than the data file: /bip7_disk/pingting114/mixed_bam/COLO829_PAO/TF1e-2_25x/TF1e-2_25x.rep1.bam.bai
[W::hts_idx_load3] The index file is older than the data file: /bip7_disk/pingting114/mixed_bam/COLO829_PAO/TF1e-2_25x/TF1e-2_25x.rep1.bam.bai
[W::bam_next_basemod] MM tag refers to bases beyond sequence length
[E::bam_parse_basemod2] 68d84c48-ee4a-45da-91a6-628df3138960: MM tag refers to bases beyond sequence length
[W::hts_idx_load3] The index file is older than the data file: /bip7_disk/pingting114/mixed_bam/COLO829_PAO/TF1e-2_25x/TF1e-2_25x.rep1.bam.bai
[W::bam_next_basemod] MM tag refers to bases beyond sequence length
[W::hts_idx_load3] The index file is older than the data file: /bip7_disk/pingting114/mixed_bam/COLO829_PAO/TF1e-2_25x/TF1e-2_25x.rep1.bam.bai
[W::hts_idx_load3] The index file is older than the data file: /bip7_disk/pingting114/mixed_bam/COLO829_PAO/TF1e-2_25x/TF1e-2_25x.rep1.bam.bai
[W::hts_idx_load3] The index file is older than the data file: /bip7_disk/pingting114/mixed_bam/COLO829_PAO/TF1e-2_25x/TF1e-2_25x.rep1.bam.bai
[W::hts_idx_load3] The index file is older than the data file: /bip7_disk/pingting114/mixed_bam/COLO829_PAO/TF1e-2_25x/TF1e-2_25x.rep1.bam.bai
[W::hts_idx_load3] The index file is older than the data file: /bip7_disk/pingting114/mixed_bam/COLO829_PAO/TF1e-2_25x/TF1e-2_25x.rep1.bam.bai
[W::hts_idx_load3] The index file is older than the data file: /bip7_disk/pingting114/mixed_bam/COLO829_PAO/TF1e-2_25x/TF1e-2_25x.rep1.bam.bai
[W::hts_idx_load3] The index file is older than the data file: /bip7_disk/pingting114/mixed_bam/COLO829_PAO/TF1e-2_25x/TF1e-2_25x.rep1.bam.bai
[W::bam_next_basemod] MM tag refers to bases beyond sequence length
[W::hts_idx_load3] The index file is older than the data file: /bip7_disk/pingting114/mixed_bam/COLO829_PAO/TF1e-2_25x/TF1e-2_25x.rep1.bam.bai
[W::hts_idx_load3] The index file is older than the data file: /bip7_disk/pingting114/mixed_bam/COLO829_PAO/TF1e-2_25x/TF1e-2_25x.rep1.bam.bai
[E::bam_parse_basemod2] 3435eda3-d61d-41c6-867a-4ab56f2477ab: MM tag refers to bases beyond sequence length
[W::hts_idx_load3] The index file is older than the data file: /bip7_disk/pingting114/mixed_bam/COLO829_PAO/TF1e-2_25x/TF1e-2_25x.rep1.bam.bai
[W::hts_idx_load3] The index file is older than the data file: /bip7_disk/pingting114/mixed_bam/COLO829_PAO/TF1e-2_25x/TF1e-2_25x.rep1.bam.bai
[W::hts_idx_load3] The index file is older than the data file: /bip7_disk/pingting114/mixed_bam/COLO829_PAO/TF1e-2_25x/TF1e-2_25x.rep1.bam.bai
[W::bam_next_basemod] MM tag refers to bases beyond sequence length
[E::bam_parse_basemod2] e17483a0-c95b-4c30-a56e-64fc29dbe9cf: MM tag refers to bases beyond sequence length
[W::hts_idx_load3] The index file is older than the data file: /bip7_disk/pingting114/mixed_bam/COLO829_PAO/TF1e-2_25x/TF1e-2_25x.rep1.bam.bai
[W::hts_idx_load3] The index file is older than the data file: /bip7_disk/pingting114/mixed_bam/COLO829_PAO/TF1e-2_25x/TF1e-2_25x.rep1.bam.bai
[W::hts_idx_load3] The index file is older than the data file: /bip7_disk/pingting114/mixed_bam/COLO829_PAO/TF1e-2_25x/TF1e-2_25x.rep1.bam.bai
[W::hts_idx_load3] The index file is older than the data file: /bip7_disk/pingting114/mixed_bam/COLO829_PAO/TF1e-2_25x/TF1e-2_25x.rep1.bam.bai
[W::hts_idx_load3] The index file is older than the data file: /bip7_disk/pingting114/mixed_bam/COLO829_PAO/TF1e-2_25x/TF1e-2_25x.rep1.bam.bai
[E::bam_parse_basemod2] 8773d0cd-a722-4529-92f4-69c76b3b8713: MM tag refers to bases beyond sequence length
[W::hts_idx_load3] The index file is older than the data file: /bip7_disk/pingting114/mixed_bam/COLO829_PAO/TF1e-2_25x/TF1e-2_25x.rep1.bam.bai
[W::hts_idx_load3] The index file is older than the data file: /bip7_disk/pingting114/mixed_bam/COLO829_PAO/TF1e-2_25x/TF1e-2_25x.rep1.bam.bai
[W::hts_idx_load3] The index file is older than the data file: /bip7_disk/pingting114/mixed_bam/COLO829_PAO/TF1e-2_25x/TF1e-2_25x.rep1.bam.bai
[E::bam_parse_basemod2] 36568260-a39d-4263-81ca-e3a975b23358: MM tag refers to bases beyond sequence length
[W::hts_idx_load3] The index file is older than the data file: /bip7_disk/pingting114/mixed_bam/COLO829_PAO/TF1e-2_25x/TF1e-2_25x.rep1.bam.bai
[W::hts_idx_load3] The index file is older than the data file: /bip7_disk/pingting114/mixed_bam/COLO829_PAO/TF1e-2_25x/TF1e-2_25x.rep1.bam.bai
[W::hts_idx_load3] The index file is older than the data file: /bip7_disk/pingting114/mixed_bam/COLO829_PAO/TF1e-2_25x/TF1e-2_25x.rep1.bam.bai
[W::hts_idx_load3] The index file is older than the data file: /bip7_disk/pingting114/mixed_bam/COLO829_PAO/TF1e-2_25x/TF1e-2_25x.rep1.bam.bai
[W::hts_idx_load3] The index file is older than the data file: /bip7_disk/pingting114/mixed_bam/COLO829_PAO/TF1e-2_25x/TF1e-2_25x.rep1.bam.bai
[W::hts_idx_load3] The index file is older than the data file: /bip7_disk/pingting114/mixed_bam/COLO829_PAO/TF1e-2_25x/TF1e-2_25x.rep1.bam.bai
[W::hts_idx_load3] The index file is older than the data file: /bip7_disk/pingting114/mixed_bam/COLO829_PAO/TF1e-2_25x/TF1e-2_25x.rep1.bam.bai
[E::bam_parse_basemod2] 1c873c7b-7b5e-47a5-97a8-19c37293bd45: MM tag refers to bases beyond sequence length
[W::bam_next_basemod] MM tag refers to bases beyond sequence length
[W::hts_idx_load3] The index file is older than the data file: /bip7_disk/pingting114/mixed_bam/COLO829_PAO/TF1e-2_25x/TF1e-2_25x.rep1.bam.bai
[W::hts_idx_load3] The index file is older than the data file: /bip7_disk/pingting114/mixed_bam/COLO829_PAO/TF1e-2_25x/TF1e-2_25x.rep1.bam.bai
[W::hts_idx_load3] The index file is older than the data file: /bip7_disk/pingting114/mixed_bam/COLO829_PAO/TF1e-2_25x/TF1e-2_25x.rep1.bam.bai
[W::hts_idx_load3] The index file is older than the data file: /bip7_disk/pingting114/mixed_bam/COLO829_PAO/TF1e-2_25x/TF1e-2_25x.rep1.bam.bai
[W::hts_idx_load3] The index file is older than the data file: /bip7_disk/pingting114/mixed_bam/COLO829_PAO/TF1e-2_25x/TF1e-2_25x.rep1.bam.bai
[W::bam_next_basemod] MM tag refers to bases beyond sequence length
[W::hts_idx_load3] The index file is older than the data file: /bip7_disk/pingting114/mixed_bam/COLO829_PAO/TF1e-2_25x/TF1e-2_25x.rep1.bam.bai
[W::hts_idx_load3] The index file is older than the data file: /bip7_disk/pingting114/mixed_bam/COLO829_PAO/TF1e-2_25x/TF1e-2_25x.rep1.bam.bai
[W::bam_next_basemod] MM tag refers to bases beyond sequence length
[W::hts_idx_load3] The index file is older than the data file: /bip7_disk/pingting114/mixed_bam/COLO829_PAO/TF1e-2_25x/TF1e-2_25x.rep1.bam.bai
[W::bam_next_basemod] MM tag refers to bases beyond sequence length
[W::hts_idx_load3] The index file is older than the data file: /bip7_disk/pingting114/mixed_bam/COLO829_PAO/TF1e-2_25x/TF1e-2_25x.rep1.bam.bai
[W::hts_idx_load3] The index file is older than the data file: /bip7_disk/pingting114/mixed_bam/COLO829_PAO/TF1e-2_25x/TF1e-2_25x.rep1.bam.bai
[W::hts_idx_load3] The index file is older than the data file: /bip7_disk/pingting114/mixed_bam/COLO829_PAO/TF1e-2_25x/TF1e-2_25x.rep1.bam.bai
[W::hts_idx_load3] The index file is older than the data file: /bip7_disk/pingting114/mixed_bam/COLO829_PAO/TF1e-2_25x/TF1e-2_25x.rep1.bam.bai
[W::hts_idx_load3] The index file is older than the data file: /bip7_disk/pingting114/mixed_bam/COLO829_PAO/TF1e-2_25x/TF1e-2_25x.rep1.bam.bai
[E::bam_parse_basemod2] 04be2717-abfd-471d-8a53-9ea2dcdb7061: MM tag refers to bases beyond sequence length
[W::hts_idx_load3] The index file is older than the data file: /bip7_disk/pingting114/mixed_bam/COLO829_PAO/TF1e-2_25x/TF1e-2_25x.rep1.bam.bai
[W::hts_idx_load3] The index file is older than the data file: /bip7_disk/pingting114/mixed_bam/COLO829_PAO/TF1e-2_25x/TF1e-2_25x.rep1.bam.bai
[W::hts_idx_load3] The index file is older than the data file: /bip7_disk/pingting114/mixed_bam/COLO829_PAO/TF1e-2_25x/TF1e-2_25x.rep1.bam.bai
[W::bam_next_basemod] MM tag refers to bases beyond sequence length
[W::hts_idx_load3] The index file is older than the data file: /bip7_disk/pingting114/mixed_bam/COLO829_PAO/TF1e-2_25x/TF1e-2_25x.rep1.bam.bai
[W::bam_next_basemod] MM tag refers to bases beyond sequence length
[W::hts_idx_load3] The index file is older than the data file: /bip7_disk/pingting114/mixed_bam/COLO829_PAO/TF1e-2_25x/TF1e-2_25x.rep1.bam.bai
[W::hts_idx_load3] The index file is older than the data file: /bip7_disk/pingting114/mixed_bam/COLO829_PAO/TF1e-2_25x/TF1e-2_25x.rep1.bam.bai
[W::hts_idx_load3] The index file is older than the data file: /bip7_disk/pingting114/mixed_bam/COLO829_PAO/TF1e-2_25x/TF1e-2_25x.rep1.bam.bai
[W::hts_idx_load3] The index file is older than the data file: /bip7_disk/pingting114/mixed_bam/COLO829_PAO/TF1e-2_25x/TF1e-2_25x.rep1.bam.bai
[W::hts_idx_load3] The index file is older than the data file: /bip7_disk/pingting114/mixed_bam/COLO829_PAO/TF1e-2_25x/TF1e-2_25x.rep1.bam.bai
[W::hts_idx_load3] The index file is older than the data file: /bip7_disk/pingting114/mixed_bam/COLO829_PAO/TF1e-2_25x/TF1e-2_25x.rep1.bam.bai
[W::hts_idx_load3] The index file is older than the data file: /bip7_disk/pingting114/mixed_bam/COLO829_PAO/TF1e-2_25x/TF1e-2_25x.rep1.bam.bai
[W::bam_next_basemod] MM tag refers to bases beyond sequence length
[W::hts_idx_load3] The index file is older than the data file: /bip7_disk/pingting114/mixed_bam/COLO829_PAO/TF1e-2_25x/TF1e-2_25x.rep1.bam.bai
[W::hts_idx_load3] The index file is older than the data file: /bip7_disk/pingting114/mixed_bam/COLO829_PAO/TF1e-2_25x/TF1e-2_25x.rep1.bam.bai
[W::hts_idx_load3] The index file is older than the data file: /bip7_disk/pingting114/mixed_bam/COLO829_PAO/TF1e-2_25x/TF1e-2_25x.rep1.bam.bai
[W::hts_idx_load3] The index file is older than the data file: /bip7_disk/pingting114/mixed_bam/COLO829_PAO/TF1e-2_25x/TF1e-2_25x.rep1.bam.bai
[E::bam_parse_basemod2] 83ac636f-9531-4bec-a3d1-3de91879c3ca: MM tag refers to bases beyond sequence length
[W::bam_next_basemod] MM tag refers to bases beyond sequence length
[W::hts_idx_load3] The index file is older than the data file: /bip7_disk/pingting114/mixed_bam/COLO829_PAO/TF1e-2_25x/TF1e-2_25x.rep1.bam.bai
[W::hts_idx_load3] The index file is older than the data file: /bip7_disk/pingting114/mixed_bam/COLO829_PAO/TF1e-2_25x/TF1e-2_25x.rep1.bam.bai
[W::bam_next_basemod] MM tag refers to bases beyond sequence length
[W::hts_idx_load3] The index file is older than the data file: /bip7_disk/pingting114/mixed_bam/COLO829_PAO/TF1e-2_25x/TF1e-2_25x.rep1.bam.bai
[W::hts_idx_load3] The index file is older than the data file: /bip7_disk/pingting114/mixed_bam/COLO829_PAO/TF1e-2_25x/TF1e-2_25x.rep1.bam.bai
[W::hts_idx_load3] The index file is older than the data file: /bip7_disk/pingting114/mixed_bam/COLO829_PAO/TF1e-2_25x/TF1e-2_25x.rep1.bam.bai
[W::bam_next_basemod] MM tag refers to bases beyond sequence length
[W::hts_idx_load3] The index file is older than the data file: /bip7_disk/pingting114/mixed_bam/COLO829_PAO/TF1e-2_25x/TF1e-2_25x.rep1.bam.bai
[W::hts_idx_load3] The index file is older than the data file: /bip7_disk/pingting114/mixed_bam/COLO829_PAO/TF1e-2_25x/TF1e-2_25x.rep1.bam.bai
[W::hts_idx_load3] The index file is older than the data file: /bip7_disk/pingting114/mixed_bam/COLO829_PAO/TF1e-2_25x/TF1e-2_25x.rep1.bam.bai
[W::hts_idx_load3] The index file is older than the data file: /bip7_disk/pingting114/mixed_bam/COLO829_PAO/TF1e-2_25x/TF1e-2_25x.rep1.bam.bai
[W::hts_idx_load3] The index file is older than the data file: /bip7_disk/pingting114/mixed_bam/COLO829_PAO/TF1e-2_25x/TF1e-2_25x.rep1.bam.bai
[E::bam_parse_basemod2] 5d009f98-6b72-4277-bfe8-d160c0358ca8: MM tag refers to bases beyond sequence length
[W::hts_idx_load3] The index file is older than the data file: /bip7_disk/pingting114/mixed_bam/COLO829_PAO/TF1e-2_25x/TF1e-2_25x.rep1.bam.bai
[W::hts_idx_load3] The index file is older than the data file: /bip7_disk/pingting114/mixed_bam/COLO829_PAO/TF1e-2_25x/TF1e-2_25x.rep1.bam.bai
[W::hts_idx_load3] The index file is older than the data file: /bip7_disk/pingting114/mixed_bam/COLO829_PAO/TF1e-2_25x/TF1e-2_25x.rep1.bam.bai
[W::bam_next_basemod] MM tag refers to bases beyond sequence length
[W::bam_next_basemod] MM tag refers to bases beyond sequence length
[W::hts_idx_load3] The index file is older than the data file: /bip7_disk/pingting114/mixed_bam/COLO829_PAO/TF1e-2_25x/TF1e-2_25x.rep1.bam.bai
[E::bam_parse_basemod2] 6e2453ed-2389-4223-b65f-9981d8c79631: MM tag refers to bases beyond sequence length
[W::hts_idx_load3] The index file is older than the data file: /bip7_disk/pingting114/mixed_bam/COLO829_PAO/TF1e-2_25x/TF1e-2_25x.rep1.bam.bai
[W::hts_idx_load3] The index file is older than the data file: /bip7_disk/pingting114/mixed_bam/COLO829_PAO/TF1e-2_25x/TF1e-2_25x.rep1.bam.bai
[W::hts_idx_load3] The index file is older than the data file: /bip7_disk/pingting114/mixed_bam/COLO829_PAO/TF1e-2_25x/TF1e-2_25x.rep1.bam.bai
[W::hts_idx_load3] The index file is older than the data file: /bip7_disk/pingting114/mixed_bam/COLO829_PAO/TF1e-2_25x/TF1e-2_25x.rep1.bam.bai
[E::bam_parse_basemod2] 9a2301cb-830e-44da-ab43-8a4941af70c1: MM tag refers to bases beyond sequence length
[W::hts_idx_load3] The index file is older than the data file: /bip7_disk/pingting114/mixed_bam/COLO829_PAO/TF1e-2_25x/TF1e-2_25x.rep1.bam.bai
[E::bam_parse_basemod2] 24c98139-9267-4982-a42d-1444e01a0cc5: MM tag refers to bases beyond sequence length
[W::bam_next_basemod] MM tag refers to bases beyond sequence length
[W::hts_idx_load3] The index file is older than the data file: /bip7_disk/pingting114/mixed_bam/COLO829_PAO/TF1e-2_25x/TF1e-2_25x.rep1.bam.bai
[E::bam_parse_basemod2] 8a028f19-08b8-4787-be78-c80e3799907d: MM tag refers to bases beyond sequence length
[W::hts_idx_load3] The index file is older than the data file: /bip7_disk/pingting114/mixed_bam/COLO829_PAO/TF1e-2_25x/TF1e-2_25x.rep1.bam.bai
[W::hts_idx_load3] The index file is older than the data file: /bip7_disk/pingting114/mixed_bam/COLO829_PAO/TF1e-2_25x/TF1e-2_25x.rep1.bam.bai
[W::hts_idx_load3] The index file is older than the data file: /bip7_disk/pingting114/mixed_bam/COLO829_PAO/TF1e-2_25x/TF1e-2_25x.rep1.bam.bai
[W::hts_idx_load3] The index file is older than the data file: /bip7_disk/pingting114/mixed_bam/COLO829_PAO/TF1e-2_25x/TF1e-2_25x.rep1.bam.bai
[W::hts_idx_load3] The index file is older than the data file: /bip7_disk/pingting114/mixed_bam/COLO829_PAO/TF1e-2_25x/TF1e-2_25x.rep1.bam.bai
[W::bam_next_basemod] MM tag refers to bases beyond sequence length
[W::bam_next_basemod] MM tag refers to bases beyond sequence length
[W::hts_idx_load3] The index file is older than the data file: /bip7_disk/pingting114/mixed_bam/COLO829_PAO/TF1e-2_25x/TF1e-2_25x.rep1.bam.bai
[W::hts_idx_load3] The index file is older than the data file: /bip7_disk/pingting114/mixed_bam/COLO829_PAO/TF1e-2_25x/TF1e-2_25x.rep1.bam.bai
[W::hts_idx_load3] The index file is older than the data file: /bip7_disk/pingting114/mixed_bam/COLO829_PAO/TF1e-2_25x/TF1e-2_25x.rep1.bam.bai
[W::bam_next_basemod] MM tag refers to bases beyond sequence length
[W::bam_next_basemod] MM tag refers to bases beyond sequence length
[W::hts_idx_load3] The index file is older than the data file: /bip7_disk/pingting114/mixed_bam/COLO829_PAO/TF1e-2_25x/TF1e-2_25x.rep1.bam.bai
[W::hts_idx_load3] The index file is older than the data file: /bip7_disk/pingting114/mixed_bam/COLO829_PAO/TF1e-2_25x/TF1e-2_25x.rep1.bam.bai
[W::hts_idx_load3] The index file is older than the data file: /bip7_disk/pingting114/mixed_bam/COLO829_PAO/TF1e-2_25x/TF1e-2_25x.rep1.bam.bai
[W::hts_idx_load3] The index file is older than the data file: /bip7_disk/pingting114/mixed_bam/COLO829_PAO/TF1e-2_25x/TF1e-2_25x.rep1.bam.bai
[W::hts_idx_load3] The index file is older than the data file: /bip7_disk/pingting114/mixed_bam/COLO829_PAO/TF1e-2_25x/TF1e-2_25x.rep1.bam.bai
[W::hts_idx_load3] The index file is older than the data file: /bip7_disk/pingting114/mixed_bam/COLO829_PAO/TF1e-2_25x/TF1e-2_25x.rep1.bam.bai
[W::hts_idx_load3] The index file is older than the data file: /bip7_disk/pingting114/mixed_bam/COLO829_PAO/TF1e-2_25x/TF1e-2_25x.rep1.bam.bai
[W::hts_idx_load3] The index file is older than the data file: /bip7_disk/pingting114/mixed_bam/COLO829_PAO/TF1e-2_25x/TF1e-2_25x.rep1.bam.bai
[W::hts_idx_load3] The index file is older than the data file: /bip7_disk/pingting114/mixed_bam/COLO829_PAO/TF1e-2_25x/TF1e-2_25x.rep1.bam.bai
[W::bam_next_basemod] MM tag refers to bases beyond sequence length
[W::hts_idx_load3] The index file is older than the data file: /bip7_disk/pingting114/mixed_bam/COLO829_PAO/TF1e-2_25x/TF1e-2_25x.rep1.bam.bai
[W::hts_idx_load3] The index file is older than the data file: /bip7_disk/pingting114/mixed_bam/COLO829_PAO/TF1e-2_25x/TF1e-2_25x.rep1.bam.bai
[W::hts_idx_load3] The index file is older than the data file: /bip7_disk/pingting114/mixed_bam/COLO829_PAO/TF1e-2_25x/TF1e-2_25x.rep1.bam.bai
[W::hts_idx_load3] The index file is older than the data file: /bip7_disk/pingting114/mixed_bam/COLO829_PAO/TF1e-2_25x/TF1e-2_25x.rep1.bam.bai
[W::hts_idx_load3] The index file is older than the data file: /bip7_disk/pingting114/mixed_bam/COLO829_PAO/TF1e-2_25x/TF1e-2_25x.rep1.bam.bai
[W::hts_idx_load3] The index file is older than the data file: /bip7_disk/pingting114/mixed_bam/COLO829_PAO/TF1e-2_25x/TF1e-2_25x.rep1.bam.bai
[W::hts_idx_load3] The index file is older than the data file: /bip7_disk/pingting114/mixed_bam/COLO829_PAO/TF1e-2_25x/TF1e-2_25x.rep1.bam.bai
[W::hts_idx_load3] The index file is older than the data file: /bip7_disk/pingting114/mixed_bam/COLO829_PAO/TF1e-2_25x/TF1e-2_25x.rep1.bam.bai
[E::bam_parse_basemod2] cee65866-9ecb-4790-975d-54ad8562dc9b: MM tag refers to bases beyond sequence length
[W::hts_idx_load3] The index file is older than the data file: /bip7_disk/pingting114/mixed_bam/COLO829_PAO/TF1e-2_25x/TF1e-2_25x.rep1.bam.bai
[W::hts_idx_load3] The index file is older than the data file: /bip7_disk/pingting114/mixed_bam/COLO829_PAO/TF1e-2_25x/TF1e-2_25x.rep1.bam.bai
[W::hts_idx_load3] The index file is older than the data file: /bip7_disk/pingting114/mixed_bam/COLO829_PAO/TF1e-2_25x/TF1e-2_25x.rep1.bam.bai
[W::hts_idx_load3] The index file is older than the data file: /bip7_disk/pingting114/mixed_bam/COLO829_PAO/TF1e-2_25x/TF1e-2_25x.rep1.bam.bai
[W::bam_next_basemod] MM tag refers to bases beyond sequence length
[W::hts_idx_load3] The index file is older than the data file: /bip7_disk/pingting114/mixed_bam/COLO829_PAO/TF1e-2_25x/TF1e-2_25x.rep1.bam.bai
[W::hts_idx_load3] The index file is older than the data file: /bip7_disk/pingting114/mixed_bam/COLO829_PAO/TF1e-2_25x/TF1e-2_25x.rep1.bam.bai
[W::hts_idx_load3] The index file is older than the data file: /bip7_disk/pingting114/mixed_bam/COLO829_PAO/TF1e-2_25x/TF1e-2_25x.rep1.bam.bai
  TF1e-2_25x.rep1.bam cand 1500/4000
[W::hts_idx_load3] The index file is older than the data file: /bip7_disk/pingting114/mixed_bam/COLO829_PAO/TF1e-2_25x/TF1e-2_25x.rep1.bam.bai
[W::hts_idx_load3] The index file is older than the data file: /bip7_disk/pingting114/mixed_bam/COLO829_PAO/TF1e-2_25x/TF1e-2_25x.rep1.bam.bai
[W::hts_idx_load3] The index file is older than the data file: /bip7_disk/pingting114/mixed_bam/COLO829_PAO/TF1e-2_25x/TF1e-2_25x.rep1.bam.bai
[W::bam_next_basemod] MM tag refers to bases beyond sequence length
[W::hts_idx_load3] The index file is older than the data file: /bip7_disk/pingting114/mixed_bam/COLO829_PAO/TF1e-2_25x/TF1e-2_25x.rep1.bam.bai
[W::hts_idx_load3] The index file is older than the data file: /bip7_disk/pingting114/mixed_bam/COLO829_PAO/TF1e-2_25x/TF1e-2_25x.rep1.bam.bai
[W::hts_idx_load3] The index file is older than the data file: /bip7_disk/pingting114/mixed_bam/COLO829_PAO/TF1e-2_25x/TF1e-2_25x.rep1.bam.bai
[W::hts_idx_load3] The index file is older than the data file: /bip7_disk/pingting114/mixed_bam/COLO829_PAO/TF1e-2_25x/TF1e-2_25x.rep1.bam.bai
[W::hts_idx_load3] The index file is older than the data file: /bip7_disk/pingting114/mixed_bam/COLO829_PAO/TF1e-2_25x/TF1e-2_25x.rep1.bam.bai
[W::hts_idx_load3] The index file is older than the data file: /bip7_disk/pingting114/mixed_bam/COLO829_PAO/TF1e-2_25x/TF1e-2_25x.rep1.bam.bai
[W::hts_idx_load3] The index file is older than the data file: /bip7_disk/pingting114/mixed_bam/COLO829_PAO/TF1e-2_25x/TF1e-2_25x.rep1.bam.bai
[W::hts_idx_load3] The index file is older than the data file: /bip7_disk/pingting114/mixed_bam/COLO829_PAO/TF1e-2_25x/TF1e-2_25x.rep1.bam.bai
[W::hts_idx_load3] The index file is older than the data file: /bip7_disk/pingting114/mixed_bam/COLO829_PAO/TF1e-2_25x/TF1e-2_25x.rep1.bam.bai
[W::bam_next_basemod] MM tag refers to bases beyond sequence length
[W::hts_idx_load3] The index file is older than the data file: /bip7_disk/pingting114/mixed_bam/COLO829_PAO/TF1e-2_25x/TF1e-2_25x.rep1.bam.bai
[W::hts_idx_load3] The index file is older than the data file: /bip7_disk/pingting114/mixed_bam/COLO829_PAO/TF1e-2_25x/TF1e-2_25x.rep1.bam.bai
[W::hts_idx_load3] The index file is older than the data file: /bip7_disk/pingting114/mixed_bam/COLO829_PAO/TF1e-2_25x/TF1e-2_25x.rep1.bam.bai
[W::hts_idx_load3] The index file is older than the data file: /bip7_disk/pingting114/mixed_bam/COLO829_PAO/TF1e-2_25x/TF1e-2_25x.rep1.bam.bai
[E::bam_parse_basemod2] ce241aed-7588-4a73-974a-ba43413dac61: MM tag refers to bases beyond sequence length
[W::hts_idx_load3] The index file is older than the data file: /bip7_disk/pingting114/mixed_bam/COLO829_PAO/TF1e-2_25x/TF1e-2_25x.rep1.bam.bai
[W::hts_idx_load3] The index file is older than the data file: /bip7_disk/pingting114/mixed_bam/COLO829_PAO/TF1e-2_25x/TF1e-2_25x.rep1.bam.bai
[W::hts_idx_load3] The index file is older than the data file: /bip7_disk/pingting114/mixed_bam/COLO829_PAO/TF1e-2_25x/TF1e-2_25x.rep1.bam.bai
[W::bam_next_basemod] MM tag refers to bases beyond sequence length
[W::hts_idx_load3] The index file is older than the data file: /bip7_disk/pingting114/mixed_bam/COLO829_PAO/TF1e-2_25x/TF1e-2_25x.rep1.bam.bai
[W::hts_idx_load3] The index file is older than the data file: /bip7_disk/pingting114/mixed_bam/COLO829_PAO/TF1e-2_25x/TF1e-2_25x.rep1.bam.bai
[W::hts_idx_load3] The index file is older than the data file: /bip7_disk/pingting114/mixed_bam/COLO829_PAO/TF1e-2_25x/TF1e-2_25x.rep1.bam.bai
[W::hts_idx_load3] The index file is older than the data file: /bip7_disk/pingting114/mixed_bam/COLO829_PAO/TF1e-2_25x/TF1e-2_25x.rep1.bam.bai
[E::bam_parse_basemod2] 2a498464-9fb3-4c3c-ad28-31dab191e9c8: MM tag refers to bases beyond sequence length
[W::hts_idx_load3] The index file is older than the data file: /bip7_disk/pingting114/mixed_bam/COLO829_PAO/TF1e-2_25x/TF1e-2_25x.rep1.bam.bai
[W::hts_idx_load3] The index file is older than the data file: /bip7_disk/pingting114/mixed_bam/COLO829_PAO/TF1e-2_25x/TF1e-2_25x.rep1.bam.bai
[W::hts_idx_load3] The index file is older than the data file: /bip7_disk/pingting114/mixed_bam/COLO829_PAO/TF1e-2_25x/TF1e-2_25x.rep1.bam.bai
[W::hts_idx_load3] The index file is older than the data file: /bip7_disk/pingting114/mixed_bam/COLO829_PAO/TF1e-2_25x/TF1e-2_25x.rep1.bam.bai
[W::hts_idx_load3] The index file is older than the data file: /bip7_disk/pingting114/mixed_bam/COLO829_PAO/TF1e-2_25x/TF1e-2_25x.rep1.bam.bai
[E::bam_parse_basemod2] b268c1d6-17cc-476e-b666-41736084c25e: MM tag refers to bases beyond sequence length
[W::hts_idx_load3] The index file is older than the data file: /bip7_disk/pingting114/mixed_bam/COLO829_PAO/TF1e-2_25x/TF1e-2_25x.rep1.bam.bai
[W::hts_idx_load3] The index file is older than the data file: /bip7_disk/pingting114/mixed_bam/COLO829_PAO/TF1e-2_25x/TF1e-2_25x.rep1.bam.bai
[W::hts_idx_load3] The index file is older than the data file: /bip7_disk/pingting114/mixed_bam/COLO829_PAO/TF1e-2_25x/TF1e-2_25x.rep1.bam.bai
[W::hts_idx_load3] The index file is older than the data file: /bip7_disk/pingting114/mixed_bam/COLO829_PAO/TF1e-2_25x/TF1e-2_25x.rep1.bam.bai
[W::hts_idx_load3] The index file is older than the data file: /bip7_disk/pingting114/mixed_bam/COLO829_PAO/TF1e-2_25x/TF1e-2_25x.rep1.bam.bai
[E::bam_parse_basemod2] 9f06788f-edf4-4868-9c7f-286016e3ad66: MM tag refers to bases beyond sequence length
[W::hts_idx_load3] The index file is older than the data file: /bip7_disk/pingting114/mixed_bam/COLO829_PAO/TF1e-2_25x/TF1e-2_25x.rep1.bam.bai
[W::bam_next_basemod] MM tag refers to bases beyond sequence length
[W::hts_idx_load3] The index file is older than the data file: /bip7_disk/pingting114/mixed_bam/COLO829_PAO/TF1e-2_25x/TF1e-2_25x.rep1.bam.bai
[W::hts_idx_load3] The index file is older than the data file: /bip7_disk/pingting114/mixed_bam/COLO829_PAO/TF1e-2_25x/TF1e-2_25x.rep1.bam.bai
[W::bam_next_basemod] MM tag refers to bases beyond sequence length
[W::hts_idx_load3] The index file is older than the data file: /bip7_disk/pingting114/mixed_bam/COLO829_PAO/TF1e-2_25x/TF1e-2_25x.rep1.bam.bai
[W::hts_idx_load3] The index file is older than the data file: /bip7_disk/pingting114/mixed_bam/COLO829_PAO/TF1e-2_25x/TF1e-2_25x.rep1.bam.bai
[W::hts_idx_load3] The index file is older than the data file: /bip7_disk/pingting114/mixed_bam/COLO829_PAO/TF1e-2_25x/TF1e-2_25x.rep1.bam.bai
[W::hts_idx_load3] The index file is older than the data file: /bip7_disk/pingting114/mixed_bam/COLO829_PAO/TF1e-2_25x/TF1e-2_25x.rep1.bam.bai
[W::hts_idx_load3] The index file is older than the data file: /bip7_disk/pingting114/mixed_bam/COLO829_PAO/TF1e-2_25x/TF1e-2_25x.rep1.bam.bai
[W::hts_idx_load3] The index file is older than the data file: /bip7_disk/pingting114/mixed_bam/COLO829_PAO/TF1e-2_25x/TF1e-2_25x.rep1.bam.bai
[W::hts_idx_load3] The index file is older than the data file: /bip7_disk/pingting114/mixed_bam/COLO829_PAO/TF1e-2_25x/TF1e-2_25x.rep1.bam.bai
[W::bam_next_basemod] MM tag refers to bases beyond sequence length
[E::bam_parse_basemod2] f2c9b93d-f518-45b2-8db3-f0851adf6507: MM tag refers to bases beyond sequence length
[W::hts_idx_load3] The index file is older than the data file: /bip7_disk/pingting114/mixed_bam/COLO829_PAO/TF1e-2_25x/TF1e-2_25x.rep1.bam.bai
[W::bam_next_basemod] MM tag refers to bases beyond sequence length
[E::bam_parse_basemod2] 4ef7773a-01ff-4662-b10a-4ad2f1f3cb3e: MM tag refers to bases beyond sequence length
[W::hts_idx_load3] The index file is older than the data file: /bip7_disk/pingting114/mixed_bam/COLO829_PAO/TF1e-2_25x/TF1e-2_25x.rep1.bam.bai
[W::hts_idx_load3] The index file is older than the data file: /bip7_disk/pingting114/mixed_bam/COLO829_PAO/TF1e-2_25x/TF1e-2_25x.rep1.bam.bai
[W::hts_idx_load3] The index file is older than the data file: /bip7_disk/pingting114/mixed_bam/COLO829_PAO/TF1e-2_25x/TF1e-2_25x.rep1.bam.bai
[W::bam_next_basemod] MM tag refers to bases beyond sequence length
[W::hts_idx_load3] The index file is older than the data file: /bip7_disk/pingting114/mixed_bam/COLO829_PAO/TF1e-2_25x/TF1e-2_25x.rep1.bam.bai
[W::bam_next_basemod] MM tag refers to bases beyond sequence length
[W::hts_idx_load3] The index file is older than the data file: /bip7_disk/pingting114/mixed_bam/COLO829_PAO/TF1e-2_25x/TF1e-2_25x.rep1.bam.bai
[W::hts_idx_load3] The index file is older than the data file: /bip7_disk/pingting114/mixed_bam/COLO829_PAO/TF1e-2_25x/TF1e-2_25x.rep1.bam.bai
[W::bam_next_basemod] MM tag refers to bases beyond sequence length
[W::hts_idx_load3] The index file is older than the data file: /bip7_disk/pingting114/mixed_bam/COLO829_PAO/TF1e-2_25x/TF1e-2_25x.rep1.bam.bai
[E::bam_parse_basemod2] bd1abc37-8cb8-4785-abbd-9e764454a057: MM tag refers to bases beyond sequence length
[W::hts_idx_load3] The index file is older than the data file: /bip7_disk/pingting114/mixed_bam/COLO829_PAO/TF1e-2_25x/TF1e-2_25x.rep1.bam.bai
[W::hts_idx_load3] The index file is older than the data file: /bip7_disk/pingting114/mixed_bam/COLO829_PAO/TF1e-2_25x/TF1e-2_25x.rep1.bam.bai
[W::bam_next_basemod] MM tag refers to bases beyond sequence length
[W::hts_idx_load3] The index file is older than the data file: /bip7_disk/pingting114/mixed_bam/COLO829_PAO/TF1e-2_25x/TF1e-2_25x.rep1.bam.bai
[W::hts_idx_load3] The index file is older than the data file: /bip7_disk/pingting114/mixed_bam/COLO829_PAO/TF1e-2_25x/TF1e-2_25x.rep1.bam.bai
[W::bam_next_basemod] MM tag refers to bases beyond sequence length
[W::hts_idx_load3] The index file is older than the data file: /bip7_disk/pingting114/mixed_bam/COLO829_PAO/TF1e-2_25x/TF1e-2_25x.rep1.bam.bai
[W::hts_idx_load3] The index file is older than the data file: /bip7_disk/pingting114/mixed_bam/COLO829_PAO/TF1e-2_25x/TF1e-2_25x.rep1.bam.bai
[W::hts_idx_load3] The index file is older than the data file: /bip7_disk/pingting114/mixed_bam/COLO829_PAO/TF1e-2_25x/TF1e-2_25x.rep1.bam.bai
[W::hts_idx_load3] The index file is older than the data file: /bip7_disk/pingting114/mixed_bam/COLO829_PAO/TF1e-2_25x/TF1e-2_25x.rep1.bam.bai
[W::hts_idx_load3] The index file is older than the data file: /bip7_disk/pingting114/mixed_bam/COLO829_PAO/TF1e-2_25x/TF1e-2_25x.rep1.bam.bai
[W::bam_next_basemod] MM tag refers to bases beyond sequence length
[E::bam_parse_basemod2] eaf6e8a7-a0bf-45e8-a755-1771f5ac823d: MM tag refers to bases beyond sequence length
[W::bam_next_basemod] MM tag refers to bases beyond sequence length
[W::hts_idx_load3] The index file is older than the data file: /bip7_disk/pingting114/mixed_bam/COLO829_PAO/TF1e-2_25x/TF1e-2_25x.rep1.bam.bai
[W::hts_idx_load3] The index file is older than the data file: /bip7_disk/pingting114/mixed_bam/COLO829_PAO/TF1e-2_25x/TF1e-2_25x.rep1.bam.bai
[W::hts_idx_load3] The index file is older than the data file: /bip7_disk/pingting114/mixed_bam/COLO829_PAO/TF1e-2_25x/TF1e-2_25x.rep1.bam.bai
[W::bam_next_basemod] MM tag refers to bases beyond sequence length
[W::hts_idx_load3] The index file is older than the data file: /bip7_disk/pingting114/mixed_bam/COLO829_PAO/TF1e-2_25x/TF1e-2_25x.rep1.bam.bai
[W::bam_next_basemod] MM tag refers to bases beyond sequence length
[W::hts_idx_load3] The index file is older than the data file: /bip7_disk/pingting114/mixed_bam/COLO829_PAO/TF1e-2_25x/TF1e-2_25x.rep1.bam.bai
[W::hts_idx_load3] The index file is older than the data file: /bip7_disk/pingting114/mixed_bam/COLO829_PAO/TF1e-2_25x/TF1e-2_25x.rep1.bam.bai
[W::hts_idx_load3] The index file is older than the data file: /bip7_disk/pingting114/mixed_bam/COLO829_PAO/TF1e-2_25x/TF1e-2_25x.rep1.bam.bai
[W::hts_idx_load3] The index file is older than the data file: /bip7_disk/pingting114/mixed_bam/COLO829_PAO/TF1e-2_25x/TF1e-2_25x.rep1.bam.bai
[W::hts_idx_load3] The index file is older than the data file: /bip7_disk/pingting114/mixed_bam/COLO829_PAO/TF1e-2_25x/TF1e-2_25x.rep1.bam.bai
[W::hts_idx_load3] The index file is older than the data file: /bip7_disk/pingting114/mixed_bam/COLO829_PAO/TF1e-2_25x/TF1e-2_25x.rep1.bam.bai
[W::hts_idx_load3] The index file is older than the data file: /bip7_disk/pingting114/mixed_bam/COLO829_PAO/TF1e-2_25x/TF1e-2_25x.rep1.bam.bai
[W::bam_next_basemod] MM tag refers to bases beyond sequence length
[W::hts_idx_load3] The index file is older than the data file: /bip7_disk/pingting114/mixed_bam/COLO829_PAO/TF1e-2_25x/TF1e-2_25x.rep1.bam.bai
[W::hts_idx_load3] The index file is older than the data file: /bip7_disk/pingting114/mixed_bam/COLO829_PAO/TF1e-2_25x/TF1e-2_25x.rep1.bam.bai
[W::hts_idx_load3] The index file is older than the data file: /bip7_disk/pingting114/mixed_bam/COLO829_PAO/TF1e-2_25x/TF1e-2_25x.rep1.bam.bai
[W::hts_idx_load3] The index file is older than the data file: /bip7_disk/pingting114/mixed_bam/COLO829_PAO/TF1e-2_25x/TF1e-2_25x.rep1.bam.bai
[W::hts_idx_load3] The index file is older than the data file: /bip7_disk/pingting114/mixed_bam/COLO829_PAO/TF1e-2_25x/TF1e-2_25x.rep1.bam.bai
[W::hts_idx_load3] The index file is older than the data file: /bip7_disk/pingting114/mixed_bam/COLO829_PAO/TF1e-2_25x/TF1e-2_25x.rep1.bam.bai
[E::bam_parse_basemod2] e406401e-3bbc-48f0-9066-2297254251e0: MM tag refers to bases beyond sequence length
[W::bam_next_basemod] MM tag refers to bases beyond sequence length
[W::hts_idx_load3] The index file is older than the data file: /bip7_disk/pingting114/mixed_bam/COLO829_PAO/TF1e-2_25x/TF1e-2_25x.rep1.bam.bai
[W::hts_idx_load3] The index file is older than the data file: /bip7_disk/pingting114/mixed_bam/COLO829_PAO/TF1e-2_25x/TF1e-2_25x.rep1.bam.bai
[W::bam_next_basemod] MM tag refers to bases beyond sequence length
[W::hts_idx_load3] The index file is older than the data file: /bip7_disk/pingting114/mixed_bam/COLO829_PAO/TF1e-2_25x/TF1e-2_25x.rep1.bam.bai
[W::hts_idx_load3] The index file is older than the data file: /bip7_disk/pingting114/mixed_bam/COLO829_PAO/TF1e-2_25x/TF1e-2_25x.rep1.bam.bai
[W::bam_next_basemod] MM tag refers to bases beyond sequence length
[W::hts_idx_load3] The index file is older than the data file: /bip7_disk/pingting114/mixed_bam/COLO829_PAO/TF1e-2_25x/TF1e-2_25x.rep1.bam.bai
[W::bam_next_basemod] MM tag refers to bases beyond sequence length
[W::hts_idx_load3] The index file is older than the data file: /bip7_disk/pingting114/mixed_bam/COLO829_PAO/TF1e-2_25x/TF1e-2_25x.rep1.bam.bai
[W::bam_next_basemod] MM tag refers to bases beyond sequence length
[W::bam_next_basemod] MM tag refers to bases beyond sequence length
[E::bam_parse_basemod2] 4e65ef58-5552-4637-b2df-b1e25c3dae27: MM tag refers to bases beyond sequence length
[W::hts_idx_load3] The index file is older than the data file: /bip7_disk/pingting114/mixed_bam/COLO829_PAO/TF1e-2_25x/TF1e-2_25x.rep1.bam.bai
[W::hts_idx_load3] The index file is older than the data file: /bip7_disk/pingting114/mixed_bam/COLO829_PAO/TF1e-2_25x/TF1e-2_25x.rep1.bam.bai
[W::hts_idx_load3] The index file is older than the data file: /bip7_disk/pingting114/mixed_bam/COLO829_PAO/TF1e-2_25x/TF1e-2_25x.rep1.bam.bai
[W::hts_idx_load3] The index file is older than the data file: /bip7_disk/pingting114/mixed_bam/COLO829_PAO/TF1e-2_25x/TF1e-2_25x.rep1.bam.bai
[W::hts_idx_load3] The index file is older than the data file: /bip7_disk/pingting114/mixed_bam/COLO829_PAO/TF1e-2_25x/TF1e-2_25x.rep1.bam.bai
[W::hts_idx_load3] The index file is older than the data file: /bip7_disk/pingting114/mixed_bam/COLO829_PAO/TF1e-2_25x/TF1e-2_25x.rep1.bam.bai
[W::hts_idx_load3] The index file is older than the data file: /bip7_disk/pingting114/mixed_bam/COLO829_PAO/TF1e-2_25x/TF1e-2_25x.rep1.bam.bai
[W::hts_idx_load3] The index file is older than the data file: /bip7_disk/pingting114/mixed_bam/COLO829_PAO/TF1e-2_25x/TF1e-2_25x.rep1.bam.bai
[W::hts_idx_load3] The index file is older than the data file: /bip7_disk/pingting114/mixed_bam/COLO829_PAO/TF1e-2_25x/TF1e-2_25x.rep1.bam.bai
[W::hts_idx_load3] The index file is older than the data file: /bip7_disk/pingting114/mixed_bam/COLO829_PAO/TF1e-2_25x/TF1e-2_25x.rep1.bam.bai
[W::hts_idx_load3] The index file is older than the data file: /bip7_disk/pingting114/mixed_bam/COLO829_PAO/TF1e-2_25x/TF1e-2_25x.rep1.bam.bai
[W::hts_idx_load3] The index file is older than the data file: /bip7_disk/pingting114/mixed_bam/COLO829_PAO/TF1e-2_25x/TF1e-2_25x.rep1.bam.bai
[W::hts_idx_load3] The index file is older than the data file: /bip7_disk/pingting114/mixed_bam/COLO829_PAO/TF1e-2_25x/TF1e-2_25x.rep1.bam.bai
[W::bam_next_basemod] MM tag refers to bases beyond sequence length
[W::hts_idx_load3] The index file is older than the data file: /bip7_disk/pingting114/mixed_bam/COLO829_PAO/TF1e-2_25x/TF1e-2_25x.rep1.bam.bai
[W::hts_idx_load3] The index file is older than the data file: /bip7_disk/pingting114/mixed_bam/COLO829_PAO/TF1e-2_25x/TF1e-2_25x.rep1.bam.bai
[W::hts_idx_load3] The index file is older than the data file: /bip7_disk/pingting114/mixed_bam/COLO829_PAO/TF1e-2_25x/TF1e-2_25x.rep1.bam.bai
[W::hts_idx_load3] The index file is older than the data file: /bip7_disk/pingting114/mixed_bam/COLO829_PAO/TF1e-2_25x/TF1e-2_25x.rep1.bam.bai
[W::hts_idx_load3] The index file is older than the data file: /bip7_disk/pingting114/mixed_bam/COLO829_PAO/TF1e-2_25x/TF1e-2_25x.rep1.bam.bai
[E::bam_parse_basemod2] fe8ac358-3b19-4dd3-b16c-ef324e218246: MM tag refers to bases beyond sequence length
[W::hts_idx_load3] The index file is older than the data file: /bip7_disk/pingting114/mixed_bam/COLO829_PAO/TF1e-2_25x/TF1e-2_25x.rep1.bam.bai
[W::hts_idx_load3] The index file is older than the data file: /bip7_disk/pingting114/mixed_bam/COLO829_PAO/TF1e-2_25x/TF1e-2_25x.rep1.bam.bai
[W::hts_idx_load3] The index file is older than the data file: /bip7_disk/pingting114/mixed_bam/COLO829_PAO/TF1e-2_25x/TF1e-2_25x.rep1.bam.bai
[W::hts_idx_load3] The index file is older than the data file: /bip7_disk/pingting114/mixed_bam/COLO829_PAO/TF1e-2_25x/TF1e-2_25x.rep1.bam.bai
[W::hts_idx_load3] The index file is older than the data file: /bip7_disk/pingting114/mixed_bam/COLO829_PAO/TF1e-2_25x/TF1e-2_25x.rep1.bam.bai
[W::hts_idx_load3] The index file is older than the data file: /bip7_disk/pingting114/mixed_bam/COLO829_PAO/TF1e-2_25x/TF1e-2_25x.rep1.bam.bai
[W::hts_idx_load3] The index file is older than the data file: /bip7_disk/pingting114/mixed_bam/COLO829_PAO/TF1e-2_25x/TF1e-2_25x.rep1.bam.bai
[E::bam_parse_basemod2] 0f0ca8f7-15be-4d1f-853c-96ad983f717c: MM tag refers to bases beyond sequence length
[W::hts_idx_load3] The index file is older than the data file: /bip7_disk/pingting114/mixed_bam/COLO829_PAO/TF1e-2_25x/TF1e-2_25x.rep1.bam.bai
[W::hts_idx_load3] The index file is older than the data file: /bip7_disk/pingting114/mixed_bam/COLO829_PAO/TF1e-2_25x/TF1e-2_25x.rep1.bam.bai
[W::hts_idx_load3] The index file is older than the data file: /bip7_disk/pingting114/mixed_bam/COLO829_PAO/TF1e-2_25x/TF1e-2_25x.rep1.bam.bai
[W::hts_idx_load3] The index file is older than the data file: /bip7_disk/pingting114/mixed_bam/COLO829_PAO/TF1e-2_25x/TF1e-2_25x.rep1.bam.bai
[W::hts_idx_load3] The index file is older than the data file: /bip7_disk/pingting114/mixed_bam/COLO829_PAO/TF1e-2_25x/TF1e-2_25x.rep1.bam.bai
[W::hts_idx_load3] The index file is older than the data file: /bip7_disk/pingting114/mixed_bam/COLO829_PAO/TF1e-2_25x/TF1e-2_25x.rep1.bam.bai
[W::bam_next_basemod] MM tag refers to bases beyond sequence length
[E::bam_parse_basemod2] 234e3e82-4c65-4202-904c-4d7aea6e5239: MM tag refers to bases beyond sequence length
[W::hts_idx_load3] The index file is older than the data file: /bip7_disk/pingting114/mixed_bam/COLO829_PAO/TF1e-2_25x/TF1e-2_25x.rep1.bam.bai
[W::hts_idx_load3] The index file is older than the data file: /bip7_disk/pingting114/mixed_bam/COLO829_PAO/TF1e-2_25x/TF1e-2_25x.rep1.bam.bai
[E::bam_parse_basemod2] a7bcd54c-8133-4b2b-9b6f-18f952d9174e: MM tag refers to bases beyond sequence length
[E::bam_parse_basemod2] f89bf230-6dbd-47b0-8865-c1fea9d67774: MM tag refers to bases beyond sequence length
[W::bam_next_basemod] MM tag refers to bases beyond sequence length
[W::hts_idx_load3] The index file is older than the data file: /bip7_disk/pingting114/mixed_bam/COLO829_PAO/TF1e-2_25x/TF1e-2_25x.rep1.bam.bai
[W::hts_idx_load3] The index file is older than the data file: /bip7_disk/pingting114/mixed_bam/COLO829_PAO/TF1e-2_25x/TF1e-2_25x.rep1.bam.bai
[E::bam_parse_basemod2] 572607b4-77d8-4aa2-a516-d72dca436057: MM tag refers to bases beyond sequence length
[E::bam_parse_basemod2] e162655b-4369-48f5-9eb4-5d0e355a8662: MM tag refers to bases beyond sequence length
[E::bam_parse_basemod2] 4dbe450f-73d3-44af-aeed-46df54142379: MM tag refers to bases beyond sequence length
[W::hts_idx_load3] The index file is older than the data file: /bip7_disk/pingting114/mixed_bam/COLO829_PAO/TF1e-2_25x/TF1e-2_25x.rep1.bam.bai
[W::hts_idx_load3] The index file is older than the data file: /bip7_disk/pingting114/mixed_bam/COLO829_PAO/TF1e-2_25x/TF1e-2_25x.rep1.bam.bai
[W::hts_idx_load3] The index file is older than the data file: /bip7_disk/pingting114/mixed_bam/COLO829_PAO/TF1e-2_25x/TF1e-2_25x.rep1.bam.bai
[W::hts_idx_load3] The index file is older than the data file: /bip7_disk/pingting114/mixed_bam/COLO829_PAO/TF1e-2_25x/TF1e-2_25x.rep1.bam.bai
[W::hts_idx_load3] The index file is older than the data file: /bip7_disk/pingting114/mixed_bam/COLO829_PAO/TF1e-2_25x/TF1e-2_25x.rep1.bam.bai
[E::bam_parse_basemod2] ed9a1d9a-cc9b-4166-b720-200b27883c45: MM tag refers to bases beyond sequence length
[W::hts_idx_load3] The index file is older than the data file: /bip7_disk/pingting114/mixed_bam/COLO829_PAO/TF1e-2_25x/TF1e-2_25x.rep1.bam.bai
[W::hts_idx_load3] The index file is older than the data file: /bip7_disk/pingting114/mixed_bam/COLO829_PAO/TF1e-2_25x/TF1e-2_25x.rep1.bam.bai
[W::hts_idx_load3] The index file is older than the data file: /bip7_disk/pingting114/mixed_bam/COLO829_PAO/TF1e-2_25x/TF1e-2_25x.rep1.bam.bai
[W::bam_next_basemod] MM tag refers to bases beyond sequence length
[W::hts_idx_load3] The index file is older than the data file: /bip7_disk/pingting114/mixed_bam/COLO829_PAO/TF1e-2_25x/TF1e-2_25x.rep1.bam.bai
[W::hts_idx_load3] The index file is older than the data file: /bip7_disk/pingting114/mixed_bam/COLO829_PAO/TF1e-2_25x/TF1e-2_25x.rep1.bam.bai
[W::hts_idx_load3] The index file is older than the data file: /bip7_disk/pingting114/mixed_bam/COLO829_PAO/TF1e-2_25x/TF1e-2_25x.rep1.bam.bai
[W::hts_idx_load3] The index file is older than the data file: /bip7_disk/pingting114/mixed_bam/COLO829_PAO/TF1e-2_25x/TF1e-2_25x.rep1.bam.bai
[W::bam_next_basemod] MM tag refers to bases beyond sequence length
[W::hts_idx_load3] The index file is older than the data file: /bip7_disk/pingting114/mixed_bam/COLO829_PAO/TF1e-2_25x/TF1e-2_25x.rep1.bam.bai
[W::hts_idx_load3] The index file is older than the data file: /bip7_disk/pingting114/mixed_bam/COLO829_PAO/TF1e-2_25x/TF1e-2_25x.rep1.bam.bai
[W::hts_idx_load3] The index file is older than the data file: /bip7_disk/pingting114/mixed_bam/COLO829_PAO/TF1e-2_25x/TF1e-2_25x.rep1.bam.bai
[W::hts_idx_load3] The index file is older than the data file: /bip7_disk/pingting114/mixed_bam/COLO829_PAO/TF1e-2_25x/TF1e-2_25x.rep1.bam.bai
[E::bam_parse_basemod2] c0bef277-9114-484c-939e-12442eccf767: MM tag refers to bases beyond sequence length
[W::hts_idx_load3] The index file is older than the data file: /bip7_disk/pingting114/mixed_bam/COLO829_PAO/TF1e-2_25x/TF1e-2_25x.rep1.bam.bai
[W::bam_next_basemod] MM tag refers to bases beyond sequence length
[W::hts_idx_load3] The index file is older than the data file: /bip7_disk/pingting114/mixed_bam/COLO829_PAO/TF1e-2_25x/TF1e-2_25x.rep1.bam.bai
[W::bam_next_basemod] MM tag refers to bases beyond sequence length
[W::hts_idx_load3] The index file is older than the data file: /bip7_disk/pingting114/mixed_bam/COLO829_PAO/TF1e-2_25x/TF1e-2_25x.rep1.bam.bai
[W::hts_idx_load3] The index file is older than the data file: /bip7_disk/pingting114/mixed_bam/COLO829_PAO/TF1e-2_25x/TF1e-2_25x.rep1.bam.bai
[E::bam_parse_basemod2] d40f613f-39c1-4d26-94ac-dea48218ec75: MM tag refers to bases beyond sequence length
[W::hts_idx_load3] The index file is older than the data file: /bip7_disk/pingting114/mixed_bam/COLO829_PAO/TF1e-2_25x/TF1e-2_25x.rep1.bam.bai
[W::hts_idx_load3] The index file is older than the data file: /bip7_disk/pingting114/mixed_bam/COLO829_PAO/TF1e-2_25x/TF1e-2_25x.rep1.bam.bai
[E::bam_parse_basemod2] ae9b2d67-b0c0-4a2b-833e-593303d49e71: MM tag refers to bases beyond sequence length
[W::hts_idx_load3] The index file is older than the data file: /bip7_disk/pingting114/mixed_bam/COLO829_PAO/TF1e-2_25x/TF1e-2_25x.rep1.bam.bai
[W::hts_idx_load3] The index file is older than the data file: /bip7_disk/pingting114/mixed_bam/COLO829_PAO/TF1e-2_25x/TF1e-2_25x.rep1.bam.bai
[W::hts_idx_load3] The index file is older than the data file: /bip7_disk/pingting114/mixed_bam/COLO829_PAO/TF1e-2_25x/TF1e-2_25x.rep1.bam.bai
[W::bam_next_basemod] MM tag refers to bases beyond sequence length
[E::bam_parse_basemod2] dc6883ea-c166-43ec-92a5-d6612b870ebf: MM tag refers to bases beyond sequence length
[W::hts_idx_load3] The index file is older than the data file: /bip7_disk/pingting114/mixed_bam/COLO829_PAO/TF1e-2_25x/TF1e-2_25x.rep1.bam.bai
[W::hts_idx_load3] The index file is older than the data file: /bip7_disk/pingting114/mixed_bam/COLO829_PAO/TF1e-2_25x/TF1e-2_25x.rep1.bam.bai
[W::hts_idx_load3] The index file is older than the data file: /bip7_disk/pingting114/mixed_bam/COLO829_PAO/TF1e-2_25x/TF1e-2_25x.rep1.bam.bai
[W::hts_idx_load3] The index file is older than the data file: /bip7_disk/pingting114/mixed_bam/COLO829_PAO/TF1e-2_25x/TF1e-2_25x.rep1.bam.bai
[W::hts_idx_load3] The index file is older than the data file: /bip7_disk/pingting114/mixed_bam/COLO829_PAO/TF1e-2_25x/TF1e-2_25x.rep1.bam.bai
[W::hts_idx_load3] The index file is older than the data file: /bip7_disk/pingting114/mixed_bam/COLO829_PAO/TF1e-2_25x/TF1e-2_25x.rep1.bam.bai
[E::bam_parse_basemod2] a4245755-a2f3-41a3-b2fd-b2da73feaf59: MM tag refers to bases beyond sequence length
[W::hts_idx_load3] The index file is older than the data file: /bip7_disk/pingting114/mixed_bam/COLO829_PAO/TF1e-2_25x/TF1e-2_25x.rep1.bam.bai
[W::hts_idx_load3] The index file is older than the data file: /bip7_disk/pingting114/mixed_bam/COLO829_PAO/TF1e-2_25x/TF1e-2_25x.rep1.bam.bai
[W::hts_idx_load3] The index file is older than the data file: /bip7_disk/pingting114/mixed_bam/COLO829_PAO/TF1e-2_25x/TF1e-2_25x.rep1.bam.bai
[W::hts_idx_load3] The index file is older than the data file: /bip7_disk/pingting114/mixed_bam/COLO829_PAO/TF1e-2_25x/TF1e-2_25x.rep1.bam.bai
[W::hts_idx_load3] The index file is older than the data file: /bip7_disk/pingting114/mixed_bam/COLO829_PAO/TF1e-2_25x/TF1e-2_25x.rep1.bam.bai
[W::hts_idx_load3] The index file is older than the data file: /bip7_disk/pingting114/mixed_bam/COLO829_PAO/TF1e-2_25x/TF1e-2_25x.rep1.bam.bai
[W::hts_idx_load3] The index file is older than the data file: /bip7_disk/pingting114/mixed_bam/COLO829_PAO/TF1e-2_25x/TF1e-2_25x.rep1.bam.bai
[W::hts_idx_load3] The index file is older than the data file: /bip7_disk/pingting114/mixed_bam/COLO829_PAO/TF1e-2_25x/TF1e-2_25x.rep1.bam.bai
[W::hts_idx_load3] The index file is older than the data file: /bip7_disk/pingting114/mixed_bam/COLO829_PAO/TF1e-2_25x/TF1e-2_25x.rep1.bam.bai
[W::hts_idx_load3] The index file is older than the data file: /bip7_disk/pingting114/mixed_bam/COLO829_PAO/TF1e-2_25x/TF1e-2_25x.rep1.bam.bai
[W::bam_next_basemod] MM tag refers to bases beyond sequence length
[E::bam_parse_basemod2] c99057a2-3467-4d68-b16d-eaa839073e07: MM tag refers to bases beyond sequence length
[W::hts_idx_load3] The index file is older than the data file: /bip7_disk/pingting114/mixed_bam/COLO829_PAO/TF1e-2_25x/TF1e-2_25x.rep1.bam.bai
[W::bam_next_basemod] MM tag refers to bases beyond sequence length
[W::hts_idx_load3] The index file is older than the data file: /bip7_disk/pingting114/mixed_bam/COLO829_PAO/TF1e-2_25x/TF1e-2_25x.rep1.bam.bai
[W::hts_idx_load3] The index file is older than the data file: /bip7_disk/pingting114/mixed_bam/COLO829_PAO/TF1e-2_25x/TF1e-2_25x.rep1.bam.bai
[W::hts_idx_load3] The index file is older than the data file: /bip7_disk/pingting114/mixed_bam/COLO829_PAO/TF1e-2_25x/TF1e-2_25x.rep1.bam.bai
[W::hts_idx_load3] The index file is older than the data file: /bip7_disk/pingting114/mixed_bam/COLO829_PAO/TF1e-2_25x/TF1e-2_25x.rep1.bam.bai
[W::hts_idx_load3] The index file is older than the data file: /bip7_disk/pingting114/mixed_bam/COLO829_PAO/TF1e-2_25x/TF1e-2_25x.rep1.bam.bai
[W::hts_idx_load3] The index file is older than the data file: /bip7_disk/pingting114/mixed_bam/COLO829_PAO/TF1e-2_25x/TF1e-2_25x.rep1.bam.bai
[W::hts_idx_load3] The index file is older than the data file: /bip7_disk/pingting114/mixed_bam/COLO829_PAO/TF1e-2_25x/TF1e-2_25x.rep1.bam.bai
[W::bam_next_basemod] MM tag refers to bases beyond sequence length
[W::hts_idx_load3] The index file is older than the data file: /bip7_disk/pingting114/mixed_bam/COLO829_PAO/TF1e-2_25x/TF1e-2_25x.rep1.bam.bai
[W::hts_idx_load3] The index file is older than the data file: /bip7_disk/pingting114/mixed_bam/COLO829_PAO/TF1e-2_25x/TF1e-2_25x.rep1.bam.bai
[W::bam_next_basemod] MM tag refers to bases beyond sequence length
[W::hts_idx_load3] The index file is older than the data file: /bip7_disk/pingting114/mixed_bam/COLO829_PAO/TF1e-2_25x/TF1e-2_25x.rep1.bam.bai
[E::bam_parse_basemod2] 1dc7ddff-3c4f-4077-bccd-aef7948ab22a: MM tag refers to bases beyond sequence length
[W::hts_idx_load3] The index file is older than the data file: /bip7_disk/pingting114/mixed_bam/COLO829_PAO/TF1e-2_25x/TF1e-2_25x.rep1.bam.bai
[W::bam_next_basemod] MM tag refers to bases beyond sequence length
[W::hts_idx_load3] The index file is older than the data file: /bip7_disk/pingting114/mixed_bam/COLO829_PAO/TF1e-2_25x/TF1e-2_25x.rep1.bam.bai
[W::hts_idx_load3] The index file is older than the data file: /bip7_disk/pingting114/mixed_bam/COLO829_PAO/TF1e-2_25x/TF1e-2_25x.rep1.bam.bai
[W::hts_idx_load3] The index file is older than the data file: /bip7_disk/pingting114/mixed_bam/COLO829_PAO/TF1e-2_25x/TF1e-2_25x.rep1.bam.bai
[E::bam_parse_basemod2] b37f52fc-9ae4-49f3-aa0a-828761ef28dc: MM tag refers to bases beyond sequence length
[W::hts_idx_load3] The index file is older than the data file: /bip7_disk/pingting114/mixed_bam/COLO829_PAO/TF1e-2_25x/TF1e-2_25x.rep1.bam.bai
[E::bam_parse_basemod2] 83ff037d-31c3-45ef-b720-86910182ed33: MM tag refers to bases beyond sequence length
[W::hts_idx_load3] The index file is older than the data file: /bip7_disk/pingting114/mixed_bam/COLO829_PAO/TF1e-2_25x/TF1e-2_25x.rep1.bam.bai
[W::hts_idx_load3] The index file is older than the data file: /bip7_disk/pingting114/mixed_bam/COLO829_PAO/TF1e-2_25x/TF1e-2_25x.rep1.bam.bai
[W::bam_next_basemod] MM tag refers to bases beyond sequence length
[W::hts_idx_load3] The index file is older than the data file: /bip7_disk/pingting114/mixed_bam/COLO829_PAO/TF1e-2_25x/TF1e-2_25x.rep1.bam.bai
[W::hts_idx_load3] The index file is older than the data file: /bip7_disk/pingting114/mixed_bam/COLO829_PAO/TF1e-2_25x/TF1e-2_25x.rep1.bam.bai
[W::bam_next_basemod] MM tag refers to bases beyond sequence length
[W::hts_idx_load3] The index file is older than the data file: /bip7_disk/pingting114/mixed_bam/COLO829_PAO/TF1e-2_25x/TF1e-2_25x.rep1.bam.bai
[W::hts_idx_load3] The index file is older than the data file: /bip7_disk/pingting114/mixed_bam/COLO829_PAO/TF1e-2_25x/TF1e-2_25x.rep1.bam.bai
[W::hts_idx_load3] The index file is older than the data file: /bip7_disk/pingting114/mixed_bam/COLO829_PAO/TF1e-2_25x/TF1e-2_25x.rep1.bam.bai
[W::hts_idx_load3] The index file is older than the data file: /bip7_disk/pingting114/mixed_bam/COLO829_PAO/TF1e-2_25x/TF1e-2_25x.rep1.bam.bai
[W::bam_next_basemod] MM tag refers to bases beyond sequence length
[W::hts_idx_load3] The index file is older than the data file: /bip7_disk/pingting114/mixed_bam/COLO829_PAO/TF1e-2_25x/TF1e-2_25x.rep1.bam.bai
[E::bam_parse_basemod2] decb3f29-a21b-4d98-8e2d-8864833429f7: MM tag refers to bases beyond sequence length
[W::hts_idx_load3] The index file is older than the data file: /bip7_disk/pingting114/mixed_bam/COLO829_PAO/TF1e-2_25x/TF1e-2_25x.rep1.bam.bai
[W::hts_idx_load3] The index file is older than the data file: /bip7_disk/pingting114/mixed_bam/COLO829_PAO/TF1e-2_25x/TF1e-2_25x.rep1.bam.bai
[W::hts_idx_load3] The index file is older than the data file: /bip7_disk/pingting114/mixed_bam/COLO829_PAO/TF1e-2_25x/TF1e-2_25x.rep1.bam.bai
[W::hts_idx_load3] The index file is older than the data file: /bip7_disk/pingting114/mixed_bam/COLO829_PAO/TF1e-2_25x/TF1e-2_25x.rep1.bam.bai
[W::hts_idx_load3] The index file is older than the data file: /bip7_disk/pingting114/mixed_bam/COLO829_PAO/TF1e-2_25x/TF1e-2_25x.rep1.bam.bai
[W::hts_idx_load3] The index file is older than the data file: /bip7_disk/pingting114/mixed_bam/COLO829_PAO/TF1e-2_25x/TF1e-2_25x.rep1.bam.bai
[W::hts_idx_load3] The index file is older than the data file: /bip7_disk/pingting114/mixed_bam/COLO829_PAO/TF1e-2_25x/TF1e-2_25x.rep1.bam.bai
[W::hts_idx_load3] The index file is older than the data file: /bip7_disk/pingting114/mixed_bam/COLO829_PAO/TF1e-2_25x/TF1e-2_25x.rep1.bam.bai
[W::hts_idx_load3] The index file is older than the data file: /bip7_disk/pingting114/mixed_bam/COLO829_PAO/TF1e-2_25x/TF1e-2_25x.rep1.bam.bai
[W::bam_next_basemod] MM tag refers to bases beyond sequence length
[W::hts_idx_load3] The index file is older than the data file: /bip7_disk/pingting114/mixed_bam/COLO829_PAO/TF1e-2_25x/TF1e-2_25x.rep1.bam.bai
[W::bam_next_basemod] MM tag refers to bases beyond sequence length
[W::hts_idx_load3] The index file is older than the data file: /bip7_disk/pingting114/mixed_bam/COLO829_PAO/TF1e-2_25x/TF1e-2_25x.rep1.bam.bai
[W::hts_idx_load3] The index file is older than the data file: /bip7_disk/pingting114/mixed_bam/COLO829_PAO/TF1e-2_25x/TF1e-2_25x.rep1.bam.bai
[W::hts_idx_load3] The index file is older than the data file: /bip7_disk/pingting114/mixed_bam/COLO829_PAO/TF1e-2_25x/TF1e-2_25x.rep1.bam.bai
[W::bam_next_basemod] MM tag refers to bases beyond sequence length
[W::hts_idx_load3] The index file is older than the data file: /bip7_disk/pingting114/mixed_bam/COLO829_PAO/TF1e-2_25x/TF1e-2_25x.rep1.bam.bai
[W::bam_next_basemod] MM tag refers to bases beyond sequence length
[W::hts_idx_load3] The index file is older than the data file: /bip7_disk/pingting114/mixed_bam/COLO829_PAO/TF1e-2_25x/TF1e-2_25x.rep1.bam.bai
[W::hts_idx_load3] The index file is older than the data file: /bip7_disk/pingting114/mixed_bam/COLO829_PAO/TF1e-2_25x/TF1e-2_25x.rep1.bam.bai
[W::hts_idx_load3] The index file is older than the data file: /bip7_disk/pingting114/mixed_bam/COLO829_PAO/TF1e-2_25x/TF1e-2_25x.rep1.bam.bai
[W::bam_next_basemod] MM tag refers to bases beyond sequence length
[W::hts_idx_load3] The index file is older than the data file: /bip7_disk/pingting114/mixed_bam/COLO829_PAO/TF1e-2_25x/TF1e-2_25x.rep1.bam.bai
[W::hts_idx_load3] The index file is older than the data file: /bip7_disk/pingting114/mixed_bam/COLO829_PAO/TF1e-2_25x/TF1e-2_25x.rep1.bam.bai
[W::hts_idx_load3] The index file is older than the data file: /bip7_disk/pingting114/mixed_bam/COLO829_PAO/TF1e-2_25x/TF1e-2_25x.rep1.bam.bai
[W::hts_idx_load3] The index file is older than the data file: /bip7_disk/pingting114/mixed_bam/COLO829_PAO/TF1e-2_25x/TF1e-2_25x.rep1.bam.bai
[W::hts_idx_load3] The index file is older than the data file: /bip7_disk/pingting114/mixed_bam/COLO829_PAO/TF1e-2_25x/TF1e-2_25x.rep1.bam.bai
[W::hts_idx_load3] The index file is older than the data file: /bip7_disk/pingting114/mixed_bam/COLO829_PAO/TF1e-2_25x/TF1e-2_25x.rep1.bam.bai
[W::hts_idx_load3] The index file is older than the data file: /bip7_disk/pingting114/mixed_bam/COLO829_PAO/TF1e-2_25x/TF1e-2_25x.rep1.bam.bai
[E::bam_parse_basemod2] f86df891-ab12-4033-854c-167b24c6e4da: MM tag refers to bases beyond sequence length
[W::hts_idx_load3] The index file is older than the data file: /bip7_disk/pingting114/mixed_bam/COLO829_PAO/TF1e-2_25x/TF1e-2_25x.rep1.bam.bai
[W::hts_idx_load3] The index file is older than the data file: /bip7_disk/pingting114/mixed_bam/COLO829_PAO/TF1e-2_25x/TF1e-2_25x.rep1.bam.bai
[E::bam_parse_basemod2] 9d9a0775-6192-4f7e-93a9-59b032935ab2: MM tag refers to bases beyond sequence length
[W::hts_idx_load3] The index file is older than the data file: /bip7_disk/pingting114/mixed_bam/COLO829_PAO/TF1e-2_25x/TF1e-2_25x.rep1.bam.bai
[W::hts_idx_load3] The index file is older than the data file: /bip7_disk/pingting114/mixed_bam/COLO829_PAO/TF1e-2_25x/TF1e-2_25x.rep1.bam.bai
[W::hts_idx_load3] The index file is older than the data file: /bip7_disk/pingting114/mixed_bam/COLO829_PAO/TF1e-2_25x/TF1e-2_25x.rep1.bam.bai
[W::hts_idx_load3] The index file is older than the data file: /bip7_disk/pingting114/mixed_bam/COLO829_PAO/TF1e-2_25x/TF1e-2_25x.rep1.bam.bai
[E::bam_parse_basemod2] b19d9b57-1dc5-419e-af2d-033ac86f7ee6: MM tag refers to bases beyond sequence length
[W::hts_idx_load3] The index file is older than the data file: /bip7_disk/pingting114/mixed_bam/COLO829_PAO/TF1e-2_25x/TF1e-2_25x.rep1.bam.bai
[W::hts_idx_load3] The index file is older than the data file: /bip7_disk/pingting114/mixed_bam/COLO829_PAO/TF1e-2_25x/TF1e-2_25x.rep1.bam.bai
[W::bam_next_basemod] MM tag refers to bases beyond sequence length
[W::hts_idx_load3] The index file is older than the data file: /bip7_disk/pingting114/mixed_bam/COLO829_PAO/TF1e-2_25x/TF1e-2_25x.rep1.bam.bai
[W::hts_idx_load3] The index file is older than the data file: /bip7_disk/pingting114/mixed_bam/COLO829_PAO/TF1e-2_25x/TF1e-2_25x.rep1.bam.bai
[W::hts_idx_load3] The index file is older than the data file: /bip7_disk/pingting114/mixed_bam/COLO829_PAO/TF1e-2_25x/TF1e-2_25x.rep1.bam.bai
[W::bam_next_basemod] MM tag refers to bases beyond sequence length
[W::hts_idx_load3] The index file is older than the data file: /bip7_disk/pingting114/mixed_bam/COLO829_PAO/TF1e-2_25x/TF1e-2_25x.rep1.bam.bai
[E::bam_parse_basemod2] 0b650e18-c010-4626-9b44-f05340a0c768: MM tag refers to bases beyond sequence length
[W::bam_next_basemod] MM tag refers to bases beyond sequence length
[E::bam_parse_basemod2] 538abf45-748e-40c0-8bca-543d96dcdf5e: MM tag refers to bases beyond sequence length
[W::hts_idx_load3] The index file is older than the data file: /bip7_disk/pingting114/mixed_bam/COLO829_PAO/TF1e-2_25x/TF1e-2_25x.rep1.bam.bai
[W::hts_idx_load3] The index file is older than the data file: /bip7_disk/pingting114/mixed_bam/COLO829_PAO/TF1e-2_25x/TF1e-2_25x.rep1.bam.bai
[W::bam_next_basemod] MM tag refers to bases beyond sequence length
[W::hts_idx_load3] The index file is older than the data file: /bip7_disk/pingting114/mixed_bam/COLO829_PAO/TF1e-2_25x/TF1e-2_25x.rep1.bam.bai
[W::hts_idx_load3] The index file is older than the data file: /bip7_disk/pingting114/mixed_bam/COLO829_PAO/TF1e-2_25x/TF1e-2_25x.rep1.bam.bai
[W::hts_idx_load3] The index file is older than the data file: /bip7_disk/pingting114/mixed_bam/COLO829_PAO/TF1e-2_25x/TF1e-2_25x.rep1.bam.bai
[W::hts_idx_load3] The index file is older than the data file: /bip7_disk/pingting114/mixed_bam/COLO829_PAO/TF1e-2_25x/TF1e-2_25x.rep1.bam.bai
[W::hts_idx_load3] The index file is older than the data file: /bip7_disk/pingting114/mixed_bam/COLO829_PAO/TF1e-2_25x/TF1e-2_25x.rep1.bam.bai
[W::bam_next_basemod] MM tag refers to bases beyond sequence length
[W::bam_next_basemod] MM tag refers to bases beyond sequence length
[W::hts_idx_load3] The index file is older than the data file: /bip7_disk/pingting114/mixed_bam/COLO829_PAO/TF1e-2_25x/TF1e-2_25x.rep1.bam.bai
[W::hts_idx_load3] The index file is older than the data file: /bip7_disk/pingting114/mixed_bam/COLO829_PAO/TF1e-2_25x/TF1e-2_25x.rep1.bam.bai
[W::bam_next_basemod] MM tag refers to bases beyond sequence length
[W::hts_idx_load3] The index file is older than the data file: /bip7_disk/pingting114/mixed_bam/COLO829_PAO/TF1e-2_25x/TF1e-2_25x.rep1.bam.bai
[W::bam_next_basemod] MM tag refers to bases beyond sequence length
[W::hts_idx_load3] The index file is older than the data file: /bip7_disk/pingting114/mixed_bam/COLO829_PAO/TF1e-2_25x/TF1e-2_25x.rep1.bam.bai
[W::hts_idx_load3] The index file is older than the data file: /bip7_disk/pingting114/mixed_bam/COLO829_PAO/TF1e-2_25x/TF1e-2_25x.rep1.bam.bai
[W::bam_next_basemod] MM tag refers to bases beyond sequence length
[W::hts_idx_load3] The index file is older than the data file: /bip7_disk/pingting114/mixed_bam/COLO829_PAO/TF1e-2_25x/TF1e-2_25x.rep1.bam.bai
[W::hts_idx_load3] The index file is older than the data file: /bip7_disk/pingting114/mixed_bam/COLO829_PAO/TF1e-2_25x/TF1e-2_25x.rep1.bam.bai
[W::hts_idx_load3] The index file is older than the data file: /bip7_disk/pingting114/mixed_bam/COLO829_PAO/TF1e-2_25x/TF1e-2_25x.rep1.bam.bai
[W::hts_idx_load3] The index file is older than the data file: /bip7_disk/pingting114/mixed_bam/COLO829_PAO/TF1e-2_25x/TF1e-2_25x.rep1.bam.bai
[W::hts_idx_load3] The index file is older than the data file: /bip7_disk/pingting114/mixed_bam/COLO829_PAO/TF1e-2_25x/TF1e-2_25x.rep1.bam.bai
[W::hts_idx_load3] The index file is older than the data file: /bip7_disk/pingting114/mixed_bam/COLO829_PAO/TF1e-2_25x/TF1e-2_25x.rep1.bam.bai
[W::hts_idx_load3] The index file is older than the data file: /bip7_disk/pingting114/mixed_bam/COLO829_PAO/TF1e-2_25x/TF1e-2_25x.rep1.bam.bai
[W::hts_idx_load3] The index file is older than the data file: /bip7_disk/pingting114/mixed_bam/COLO829_PAO/TF1e-2_25x/TF1e-2_25x.rep1.bam.bai
[W::hts_idx_load3] The index file is older than the data file: /bip7_disk/pingting114/mixed_bam/COLO829_PAO/TF1e-2_25x/TF1e-2_25x.rep1.bam.bai
[W::hts_idx_load3] The index file is older than the data file: /bip7_disk/pingting114/mixed_bam/COLO829_PAO/TF1e-2_25x/TF1e-2_25x.rep1.bam.bai
[E::bam_parse_basemod2] 7e4bd7a4-3044-4120-abfd-6e14f563863d: MM tag refers to bases beyond sequence length
[W::hts_idx_load3] The index file is older than the data file: /bip7_disk/pingting114/mixed_bam/COLO829_PAO/TF1e-2_25x/TF1e-2_25x.rep1.bam.bai
[W::hts_idx_load3] The index file is older than the data file: /bip7_disk/pingting114/mixed_bam/COLO829_PAO/TF1e-2_25x/TF1e-2_25x.rep1.bam.bai
[W::hts_idx_load3] The index file is older than the data file: /bip7_disk/pingting114/mixed_bam/COLO829_PAO/TF1e-2_25x/TF1e-2_25x.rep1.bam.bai
[W::hts_idx_load3] The index file is older than the data file: /bip7_disk/pingting114/mixed_bam/COLO829_PAO/TF1e-2_25x/TF1e-2_25x.rep1.bam.bai
[W::hts_idx_load3] The index file is older than the data file: /bip7_disk/pingting114/mixed_bam/COLO829_PAO/TF1e-2_25x/TF1e-2_25x.rep1.bam.bai
[W::hts_idx_load3] The index file is older than the data file: /bip7_disk/pingting114/mixed_bam/COLO829_PAO/TF1e-2_25x/TF1e-2_25x.rep1.bam.bai
[W::hts_idx_load3] The index file is older than the data file: /bip7_disk/pingting114/mixed_bam/COLO829_PAO/TF1e-2_25x/TF1e-2_25x.rep1.bam.bai
[W::hts_idx_load3] The index file is older than the data file: /bip7_disk/pingting114/mixed_bam/COLO829_PAO/TF1e-2_25x/TF1e-2_25x.rep1.bam.bai
[E::bam_parse_basemod2] f604ae5e-50b9-4a04-bf6d-f69decaa00a6: MM tag refers to bases beyond sequence length
[W::hts_idx_load3] The index file is older than the data file: /bip7_disk/pingting114/mixed_bam/COLO829_PAO/TF1e-2_25x/TF1e-2_25x.rep1.bam.bai
[E::bam_parse_basemod2] 421e128e-2fbf-4e34-8546-27511d97a6cb: MM tag refers to bases beyond sequence length
[W::hts_idx_load3] The index file is older than the data file: /bip7_disk/pingting114/mixed_bam/COLO829_PAO/TF1e-2_25x/TF1e-2_25x.rep1.bam.bai
[E::bam_parse_basemod2] 1e435e67-9c1d-4df6-8255-4b71936a22ba: MM tag refers to bases beyond sequence length
[W::hts_idx_load3] The index file is older than the data file: /bip7_disk/pingting114/mixed_bam/COLO829_PAO/TF1e-2_25x/TF1e-2_25x.rep1.bam.bai
[W::bam_next_basemod] MM tag refers to bases beyond sequence length
[W::hts_idx_load3] The index file is older than the data file: /bip7_disk/pingting114/mixed_bam/COLO829_PAO/TF1e-2_25x/TF1e-2_25x.rep1.bam.bai
[W::hts_idx_load3] The index file is older than the data file: /bip7_disk/pingting114/mixed_bam/COLO829_PAO/TF1e-2_25x/TF1e-2_25x.rep1.bam.bai
[W::hts_idx_load3] The index file is older than the data file: /bip7_disk/pingting114/mixed_bam/COLO829_PAO/TF1e-2_25x/TF1e-2_25x.rep1.bam.bai
[W::hts_idx_load3] The index file is older than the data file: /bip7_disk/pingting114/mixed_bam/COLO829_PAO/TF1e-2_25x/TF1e-2_25x.rep1.bam.bai
[W::hts_idx_load3] The index file is older than the data file: /bip7_disk/pingting114/mixed_bam/COLO829_PAO/TF1e-2_25x/TF1e-2_25x.rep1.bam.bai
[W::hts_idx_load3] The index file is older than the data file: /bip7_disk/pingting114/mixed_bam/COLO829_PAO/TF1e-2_25x/TF1e-2_25x.rep1.bam.bai
[W::hts_idx_load3] The index file is older than the data file: /bip7_disk/pingting114/mixed_bam/COLO829_PAO/TF1e-2_25x/TF1e-2_25x.rep1.bam.bai
[W::bam_next_basemod] MM tag refers to bases beyond sequence length
[W::hts_idx_load3] The index file is older than the data file: /bip7_disk/pingting114/mixed_bam/COLO829_PAO/TF1e-2_25x/TF1e-2_25x.rep1.bam.bai
[W::hts_idx_load3] The index file is older than the data file: /bip7_disk/pingting114/mixed_bam/COLO829_PAO/TF1e-2_25x/TF1e-2_25x.rep1.bam.bai
[W::hts_idx_load3] The index file is older than the data file: /bip7_disk/pingting114/mixed_bam/COLO829_PAO/TF1e-2_25x/TF1e-2_25x.rep1.bam.bai
[W::hts_idx_load3] The index file is older than the data file: /bip7_disk/pingting114/mixed_bam/COLO829_PAO/TF1e-2_25x/TF1e-2_25x.rep1.bam.bai
[W::hts_idx_load3] The index file is older than the data file: /bip7_disk/pingting114/mixed_bam/COLO829_PAO/TF1e-2_25x/TF1e-2_25x.rep1.bam.bai
[W::hts_idx_load3] The index file is older than the data file: /bip7_disk/pingting114/mixed_bam/COLO829_PAO/TF1e-2_25x/TF1e-2_25x.rep1.bam.bai
[W::hts_idx_load3] The index file is older than the data file: /bip7_disk/pingting114/mixed_bam/COLO829_PAO/TF1e-2_25x/TF1e-2_25x.rep1.bam.bai
[W::hts_idx_load3] The index file is older than the data file: /bip7_disk/pingting114/mixed_bam/COLO829_PAO/TF1e-2_25x/TF1e-2_25x.rep1.bam.bai
[W::hts_idx_load3] The index file is older than the data file: /bip7_disk/pingting114/mixed_bam/COLO829_PAO/TF1e-2_25x/TF1e-2_25x.rep1.bam.bai
[W::hts_idx_load3] The index file is older than the data file: /bip7_disk/pingting114/mixed_bam/COLO829_PAO/TF1e-2_25x/TF1e-2_25x.rep1.bam.bai
[W::hts_idx_load3] The index file is older than the data file: /bip7_disk/pingting114/mixed_bam/COLO829_PAO/TF1e-2_25x/TF1e-2_25x.rep1.bam.bai
[W::hts_idx_load3] The index file is older than the data file: /bip7_disk/pingting114/mixed_bam/COLO829_PAO/TF1e-2_25x/TF1e-2_25x.rep1.bam.bai
[W::hts_idx_load3] The index file is older than the data file: /bip7_disk/pingting114/mixed_bam/COLO829_PAO/TF1e-2_25x/TF1e-2_25x.rep1.bam.bai
[W::bam_next_basemod] MM tag refers to bases beyond sequence length
[W::hts_idx_load3] The index file is older than the data file: /bip7_disk/pingting114/mixed_bam/COLO829_PAO/TF1e-2_25x/TF1e-2_25x.rep1.bam.bai
[W::hts_idx_load3] The index file is older than the data file: /bip7_disk/pingting114/mixed_bam/COLO829_PAO/TF1e-2_25x/TF1e-2_25x.rep1.bam.bai
[E::bam_parse_basemod2] 5805eda5-d4a2-49d5-809a-a5edc2c21a4b: MM tag refers to bases beyond sequence length
[W::hts_idx_load3] The index file is older than the data file: /bip7_disk/pingting114/mixed_bam/COLO829_PAO/TF1e-2_25x/TF1e-2_25x.rep1.bam.bai
[W::hts_idx_load3] The index file is older than the data file: /bip7_disk/pingting114/mixed_bam/COLO829_PAO/TF1e-2_25x/TF1e-2_25x.rep1.bam.bai
[W::hts_idx_load3] The index file is older than the data file: /bip7_disk/pingting114/mixed_bam/COLO829_PAO/TF1e-2_25x/TF1e-2_25x.rep1.bam.bai
[W::bam_next_basemod] MM tag refers to bases beyond sequence length
[W::hts_idx_load3] The index file is older than the data file: /bip7_disk/pingting114/mixed_bam/COLO829_PAO/TF1e-2_25x/TF1e-2_25x.rep1.bam.bai
[W::hts_idx_load3] The index file is older than the data file: /bip7_disk/pingting114/mixed_bam/COLO829_PAO/TF1e-2_25x/TF1e-2_25x.rep1.bam.bai
[W::hts_idx_load3] The index file is older than the data file: /bip7_disk/pingting114/mixed_bam/COLO829_PAO/TF1e-2_25x/TF1e-2_25x.rep1.bam.bai
[W::hts_idx_load3] The index file is older than the data file: /bip7_disk/pingting114/mixed_bam/COLO829_PAO/TF1e-2_25x/TF1e-2_25x.rep1.bam.bai
[W::hts_idx_load3] The index file is older than the data file: /bip7_disk/pingting114/mixed_bam/COLO829_PAO/TF1e-2_25x/TF1e-2_25x.rep1.bam.bai
[W::bam_next_basemod] MM tag refers to bases beyond sequence length
[W::hts_idx_load3] The index file is older than the data file: /bip7_disk/pingting114/mixed_bam/COLO829_PAO/TF1e-2_25x/TF1e-2_25x.rep1.bam.bai
[W::hts_idx_load3] The index file is older than the data file: /bip7_disk/pingting114/mixed_bam/COLO829_PAO/TF1e-2_25x/TF1e-2_25x.rep1.bam.bai
[W::hts_idx_load3] The index file is older than the data file: /bip7_disk/pingting114/mixed_bam/COLO829_PAO/TF1e-2_25x/TF1e-2_25x.rep1.bam.bai
[W::hts_idx_load3] The index file is older than the data file: /bip7_disk/pingting114/mixed_bam/COLO829_PAO/TF1e-2_25x/TF1e-2_25x.rep1.bam.bai
[W::hts_idx_load3] The index file is older than the data file: /bip7_disk/pingting114/mixed_bam/COLO829_PAO/TF1e-2_25x/TF1e-2_25x.rep1.bam.bai
[W::hts_idx_load3] The index file is older than the data file: /bip7_disk/pingting114/mixed_bam/COLO829_PAO/TF1e-2_25x/TF1e-2_25x.rep1.bam.bai
[W::hts_idx_load3] The index file is older than the data file: /bip7_disk/pingting114/mixed_bam/COLO829_PAO/TF1e-2_25x/TF1e-2_25x.rep1.bam.bai
[W::bam_next_basemod] MM tag refers to bases beyond sequence length
[W::bam_next_basemod] MM tag refers to bases beyond sequence length
[W::hts_idx_load3] The index file is older than the data file: /bip7_disk/pingting114/mixed_bam/COLO829_PAO/TF1e-2_25x/TF1e-2_25x.rep1.bam.bai
[W::hts_idx_load3] The index file is older than the data file: /bip7_disk/pingting114/mixed_bam/COLO829_PAO/TF1e-2_25x/TF1e-2_25x.rep1.bam.bai
[W::hts_idx_load3] The index file is older than the data file: /bip7_disk/pingting114/mixed_bam/COLO829_PAO/TF1e-2_25x/TF1e-2_25x.rep1.bam.bai
[W::hts_idx_load3] The index file is older than the data file: /bip7_disk/pingting114/mixed_bam/COLO829_PAO/TF1e-2_25x/TF1e-2_25x.rep1.bam.bai
[W::hts_idx_load3] The index file is older than the data file: /bip7_disk/pingting114/mixed_bam/COLO829_PAO/TF1e-2_25x/TF1e-2_25x.rep1.bam.bai
[E::bam_parse_basemod2] 89da88c1-0e1f-482e-b0cc-b045149673f6: MM tag refers to bases beyond sequence length
[W::hts_idx_load3] The index file is older than the data file: /bip7_disk/pingting114/mixed_bam/COLO829_PAO/TF1e-2_25x/TF1e-2_25x.rep1.bam.bai
[E::bam_parse_basemod2] 4ec85a99-dd08-468e-a34a-80a571353461: MM tag refers to bases beyond sequence length
[W::hts_idx_load3] The index file is older than the data file: /bip7_disk/pingting114/mixed_bam/COLO829_PAO/TF1e-2_25x/TF1e-2_25x.rep1.bam.bai
[W::hts_idx_load3] The index file is older than the data file: /bip7_disk/pingting114/mixed_bam/COLO829_PAO/TF1e-2_25x/TF1e-2_25x.rep1.bam.bai
[W::hts_idx_load3] The index file is older than the data file: /bip7_disk/pingting114/mixed_bam/COLO829_PAO/TF1e-2_25x/TF1e-2_25x.rep1.bam.bai
[W::hts_idx_load3] The index file is older than the data file: /bip7_disk/pingting114/mixed_bam/COLO829_PAO/TF1e-2_25x/TF1e-2_25x.rep1.bam.bai
[W::hts_idx_load3] The index file is older than the data file: /bip7_disk/pingting114/mixed_bam/COLO829_PAO/TF1e-2_25x/TF1e-2_25x.rep1.bam.bai
[W::hts_idx_load3] The index file is older than the data file: /bip7_disk/pingting114/mixed_bam/COLO829_PAO/TF1e-2_25x/TF1e-2_25x.rep1.bam.bai
[W::hts_idx_load3] The index file is older than the data file: /bip7_disk/pingting114/mixed_bam/COLO829_PAO/TF1e-2_25x/TF1e-2_25x.rep1.bam.bai
[W::hts_idx_load3] The index file is older than the data file: /bip7_disk/pingting114/mixed_bam/COLO829_PAO/TF1e-2_25x/TF1e-2_25x.rep1.bam.bai
[E::bam_parse_basemod2] 35fa419f-4f79-4f9d-adc3-575bc290cb80: MM tag refers to bases beyond sequence length
[W::hts_idx_load3] The index file is older than the data file: /bip7_disk/pingting114/mixed_bam/COLO829_PAO/TF1e-2_25x/TF1e-2_25x.rep1.bam.bai
[W::hts_idx_load3] The index file is older than the data file: /bip7_disk/pingting114/mixed_bam/COLO829_PAO/TF1e-2_25x/TF1e-2_25x.rep1.bam.bai
[W::bam_next_basemod] MM tag refers to bases beyond sequence length
[W::hts_idx_load3] The index file is older than the data file: /bip7_disk/pingting114/mixed_bam/COLO829_PAO/TF1e-2_25x/TF1e-2_25x.rep1.bam.bai
[W::hts_idx_load3] The index file is older than the data file: /bip7_disk/pingting114/mixed_bam/COLO829_PAO/TF1e-2_25x/TF1e-2_25x.rep1.bam.bai
[W::hts_idx_load3] The index file is older than the data file: /bip7_disk/pingting114/mixed_bam/COLO829_PAO/TF1e-2_25x/TF1e-2_25x.rep1.bam.bai
[E::bam_parse_basemod2] cb14eef7-46b9-4feb-a504-1582c467beef: MM tag refers to bases beyond sequence length
[W::hts_idx_load3] The index file is older than the data file: /bip7_disk/pingting114/mixed_bam/COLO829_PAO/TF1e-2_25x/TF1e-2_25x.rep1.bam.bai
[W::hts_idx_load3] The index file is older than the data file: /bip7_disk/pingting114/mixed_bam/COLO829_PAO/TF1e-2_25x/TF1e-2_25x.rep1.bam.bai
[E::bam_parse_basemod2] 29611723-c376-46cd-8fda-1f7a1546f8e6: MM tag refers to bases beyond sequence length
[W::hts_idx_load3] The index file is older than the data file: /bip7_disk/pingting114/mixed_bam/COLO829_PAO/TF1e-2_25x/TF1e-2_25x.rep1.bam.bai
[W::hts_idx_load3] The index file is older than the data file: /bip7_disk/pingting114/mixed_bam/COLO829_PAO/TF1e-2_25x/TF1e-2_25x.rep1.bam.bai
[E::bam_parse_basemod2] 4e55a3bc-498e-443a-a624-5cfe21307b53: MM tag refers to bases beyond sequence length
[W::hts_idx_load3] The index file is older than the data file: /bip7_disk/pingting114/mixed_bam/COLO829_PAO/TF1e-2_25x/TF1e-2_25x.rep1.bam.bai
[W::hts_idx_load3] The index file is older than the data file: /bip7_disk/pingting114/mixed_bam/COLO829_PAO/TF1e-2_25x/TF1e-2_25x.rep1.bam.bai
[W::hts_idx_load3] The index file is older than the data file: /bip7_disk/pingting114/mixed_bam/COLO829_PAO/TF1e-2_25x/TF1e-2_25x.rep1.bam.bai
[W::hts_idx_load3] The index file is older than the data file: /bip7_disk/pingting114/mixed_bam/COLO829_PAO/TF1e-2_25x/TF1e-2_25x.rep1.bam.bai
[W::hts_idx_load3] The index file is older than the data file: /bip7_disk/pingting114/mixed_bam/COLO829_PAO/TF1e-2_25x/TF1e-2_25x.rep1.bam.bai
[W::hts_idx_load3] The index file is older than the data file: /bip7_disk/pingting114/mixed_bam/COLO829_PAO/TF1e-2_25x/TF1e-2_25x.rep1.bam.bai
[E::bam_parse_basemod2] 2975d2d0-eaa1-44fd-a683-9c981eb7c8dd: MM tag refers to bases beyond sequence length
[W::hts_idx_load3] The index file is older than the data file: /bip7_disk/pingting114/mixed_bam/COLO829_PAO/TF1e-2_25x/TF1e-2_25x.rep1.bam.bai
[W::hts_idx_load3] The index file is older than the data file: /bip7_disk/pingting114/mixed_bam/COLO829_PAO/TF1e-2_25x/TF1e-2_25x.rep1.bam.bai
[W::hts_idx_load3] The index file is older than the data file: /bip7_disk/pingting114/mixed_bam/COLO829_PAO/TF1e-2_25x/TF1e-2_25x.rep1.bam.bai
[E::bam_parse_basemod2] 00150528-d7ea-4254-aa45-8951edde0257: MM tag refers to bases beyond sequence length
[W::hts_idx_load3] The index file is older than the data file: /bip7_disk/pingting114/mixed_bam/COLO829_PAO/TF1e-2_25x/TF1e-2_25x.rep1.bam.bai
[E::bam_parse_basemod2] c01243b1-6a1d-4ffc-bf38-310f11d97d6d: MM tag refers to bases beyond sequence length
[W::hts_idx_load3] The index file is older than the data file: /bip7_disk/pingting114/mixed_bam/COLO829_PAO/TF1e-2_25x/TF1e-2_25x.rep1.bam.bai
[W::hts_idx_load3] The index file is older than the data file: /bip7_disk/pingting114/mixed_bam/COLO829_PAO/TF1e-2_25x/TF1e-2_25x.rep1.bam.bai
[W::hts_idx_load3] The index file is older than the data file: /bip7_disk/pingting114/mixed_bam/COLO829_PAO/TF1e-2_25x/TF1e-2_25x.rep1.bam.bai
[W::bam_next_basemod] MM tag refers to bases beyond sequence length
[E::bam_parse_basemod2] 2d4bfdf4-4688-4564-9d5d-54c6223018dc: MM tag refers to bases beyond sequence length
[W::hts_idx_load3] The index file is older than the data file: /bip7_disk/pingting114/mixed_bam/COLO829_PAO/TF1e-2_25x/TF1e-2_25x.rep1.bam.bai
[W::hts_idx_load3] The index file is older than the data file: /bip7_disk/pingting114/mixed_bam/COLO829_PAO/TF1e-2_25x/TF1e-2_25x.rep1.bam.bai
[W::bam_next_basemod] MM tag refers to bases beyond sequence length
[W::hts_idx_load3] The index file is older than the data file: /bip7_disk/pingting114/mixed_bam/COLO829_PAO/TF1e-2_25x/TF1e-2_25x.rep1.bam.bai
[W::hts_idx_load3] The index file is older than the data file: /bip7_disk/pingting114/mixed_bam/COLO829_PAO/TF1e-2_25x/TF1e-2_25x.rep1.bam.bai
[W::bam_next_basemod] MM tag refers to bases beyond sequence length
[W::hts_idx_load3] The index file is older than the data file: /bip7_disk/pingting114/mixed_bam/COLO829_PAO/TF1e-2_25x/TF1e-2_25x.rep1.bam.bai
[W::hts_idx_load3] The index file is older than the data file: /bip7_disk/pingting114/mixed_bam/COLO829_PAO/TF1e-2_25x/TF1e-2_25x.rep1.bam.bai
[E::bam_parse_basemod2] 11d5d0e7-611d-4f78-a6c5-07d996bbf3d8: MM tag refers to bases beyond sequence length
[W::hts_idx_load3] The index file is older than the data file: /bip7_disk/pingting114/mixed_bam/COLO829_PAO/TF1e-2_25x/TF1e-2_25x.rep1.bam.bai
[W::hts_idx_load3] The index file is older than the data file: /bip7_disk/pingting114/mixed_bam/COLO829_PAO/TF1e-2_25x/TF1e-2_25x.rep1.bam.bai
[E::bam_parse_basemod2] 229679d5-9909-4d10-9734-358ba9d11347: MM tag refers to bases beyond sequence length
[W::hts_idx_load3] The index file is older than the data file: /bip7_disk/pingting114/mixed_bam/COLO829_PAO/TF1e-2_25x/TF1e-2_25x.rep1.bam.bai
[W::hts_idx_load3] The index file is older than the data file: /bip7_disk/pingting114/mixed_bam/COLO829_PAO/TF1e-2_25x/TF1e-2_25x.rep1.bam.bai
[W::hts_idx_load3] The index file is older than the data file: /bip7_disk/pingting114/mixed_bam/COLO829_PAO/TF1e-2_25x/TF1e-2_25x.rep1.bam.bai
[W::bam_next_basemod] MM tag refers to bases beyond sequence length
[W::hts_idx_load3] The index file is older than the data file: /bip7_disk/pingting114/mixed_bam/COLO829_PAO/TF1e-2_25x/TF1e-2_25x.rep1.bam.bai
[W::hts_idx_load3] The index file is older than the data file: /bip7_disk/pingting114/mixed_bam/COLO829_PAO/TF1e-2_25x/TF1e-2_25x.rep1.bam.bai
[W::bam_next_basemod] MM tag refers to bases beyond sequence length
[W::bam_next_basemod] MM tag refers to bases beyond sequence length
[W::hts_idx_load3] The index file is older than the data file: /bip7_disk/pingting114/mixed_bam/COLO829_PAO/TF1e-2_25x/TF1e-2_25x.rep1.bam.bai
[W::bam_next_basemod] MM tag refers to bases beyond sequence length
[E::bam_parse_basemod2] d2ab380b-2dde-47bf-a8da-ff29fb017bb7: MM tag refers to bases beyond sequence length
[W::bam_next_basemod] MM tag refers to bases beyond sequence length
[W::hts_idx_load3] The index file is older than the data file: /bip7_disk/pingting114/mixed_bam/COLO829_PAO/TF1e-2_25x/TF1e-2_25x.rep1.bam.bai
[E::bam_parse_basemod2] c1588dde-1ce0-498f-aae5-797a6374ed50: MM tag refers to bases beyond sequence length
[W::hts_idx_load3] The index file is older than the data file: /bip7_disk/pingting114/mixed_bam/COLO829_PAO/TF1e-2_25x/TF1e-2_25x.rep1.bam.bai
[W::hts_idx_load3] The index file is older than the data file: /bip7_disk/pingting114/mixed_bam/COLO829_PAO/TF1e-2_25x/TF1e-2_25x.rep1.bam.bai
[W::hts_idx_load3] The index file is older than the data file: /bip7_disk/pingting114/mixed_bam/COLO829_PAO/TF1e-2_25x/TF1e-2_25x.rep1.bam.bai
[W::hts_idx_load3] The index file is older than the data file: /bip7_disk/pingting114/mixed_bam/COLO829_PAO/TF1e-2_25x/TF1e-2_25x.rep1.bam.bai
[W::hts_idx_load3] The index file is older than the data file: /bip7_disk/pingting114/mixed_bam/COLO829_PAO/TF1e-2_25x/TF1e-2_25x.rep1.bam.bai
[W::hts_idx_load3] The index file is older than the data file: /bip7_disk/pingting114/mixed_bam/COLO829_PAO/TF1e-2_25x/TF1e-2_25x.rep1.bam.bai
[W::hts_idx_load3] The index file is older than the data file: /bip7_disk/pingting114/mixed_bam/COLO829_PAO/TF1e-2_25x/TF1e-2_25x.rep1.bam.bai
[W::hts_idx_load3] The index file is older than the data file: /bip7_disk/pingting114/mixed_bam/COLO829_PAO/TF1e-2_25x/TF1e-2_25x.rep1.bam.bai
[W::hts_idx_load3] The index file is older than the data file: /bip7_disk/pingting114/mixed_bam/COLO829_PAO/TF1e-2_25x/TF1e-2_25x.rep1.bam.bai
[W::hts_idx_load3] The index file is older than the data file: /bip7_disk/pingting114/mixed_bam/COLO829_PAO/TF1e-2_25x/TF1e-2_25x.rep1.bam.bai
[W::hts_idx_load3] The index file is older than the data file: /bip7_disk/pingting114/mixed_bam/COLO829_PAO/TF1e-2_25x/TF1e-2_25x.rep1.bam.bai
[W::hts_idx_load3] The index file is older than the data file: /bip7_disk/pingting114/mixed_bam/COLO829_PAO/TF1e-2_25x/TF1e-2_25x.rep1.bam.bai
[W::hts_idx_load3] The index file is older than the data file: /bip7_disk/pingting114/mixed_bam/COLO829_PAO/TF1e-2_25x/TF1e-2_25x.rep1.bam.bai
[W::hts_idx_load3] The index file is older than the data file: /bip7_disk/pingting114/mixed_bam/COLO829_PAO/TF1e-2_25x/TF1e-2_25x.rep1.bam.bai
[W::hts_idx_load3] The index file is older than the data file: /bip7_disk/pingting114/mixed_bam/COLO829_PAO/TF1e-2_25x/TF1e-2_25x.rep1.bam.bai
[E::bam_parse_basemod2] 0568c47b-a035-4cbb-bf39-dfa58f1a71e3: MM tag refers to bases beyond sequence length
[W::hts_idx_load3] The index file is older than the data file: /bip7_disk/pingting114/mixed_bam/COLO829_PAO/TF1e-2_25x/TF1e-2_25x.rep1.bam.bai
[W::hts_idx_load3] The index file is older than the data file: /bip7_disk/pingting114/mixed_bam/COLO829_PAO/TF1e-2_25x/TF1e-2_25x.rep1.bam.bai
[W::hts_idx_load3] The index file is older than the data file: /bip7_disk/pingting114/mixed_bam/COLO829_PAO/TF1e-2_25x/TF1e-2_25x.rep1.bam.bai
[W::hts_idx_load3] The index file is older than the data file: /bip7_disk/pingting114/mixed_bam/COLO829_PAO/TF1e-2_25x/TF1e-2_25x.rep1.bam.bai
[W::hts_idx_load3] The index file is older than the data file: /bip7_disk/pingting114/mixed_bam/COLO829_PAO/TF1e-2_25x/TF1e-2_25x.rep1.bam.bai
[W::hts_idx_load3] The index file is older than the data file: /bip7_disk/pingting114/mixed_bam/COLO829_PAO/TF1e-2_25x/TF1e-2_25x.rep1.bam.bai
[W::hts_idx_load3] The index file is older than the data file: /bip7_disk/pingting114/mixed_bam/COLO829_PAO/TF1e-2_25x/TF1e-2_25x.rep1.bam.bai
[W::hts_idx_load3] The index file is older than the data file: /bip7_disk/pingting114/mixed_bam/COLO829_PAO/TF1e-2_25x/TF1e-2_25x.rep1.bam.bai
[E::bam_parse_basemod2] 0cc87411-1ee8-4579-8be8-9ef469f33d75: MM tag refers to bases beyond sequence length
[W::hts_idx_load3] The index file is older than the data file: /bip7_disk/pingting114/mixed_bam/COLO829_PAO/TF1e-2_25x/TF1e-2_25x.rep1.bam.bai
[E::bam_parse_basemod2] 813e2aaf-1024-41b4-a962-466b9bd6895a: MM tag refers to bases beyond sequence length
[W::hts_idx_load3] The index file is older than the data file: /bip7_disk/pingting114/mixed_bam/COLO829_PAO/TF1e-2_25x/TF1e-2_25x.rep1.bam.bai
[W::bam_next_basemod] MM tag refers to bases beyond sequence length
[E::bam_parse_basemod2] c0d070f9-e4cb-431e-970e-c47097cd3a50: MM tag refers to bases beyond sequence length
[W::hts_idx_load3] The index file is older than the data file: /bip7_disk/pingting114/mixed_bam/COLO829_PAO/TF1e-2_25x/TF1e-2_25x.rep1.bam.bai
[W::hts_idx_load3] The index file is older than the data file: /bip7_disk/pingting114/mixed_bam/COLO829_PAO/TF1e-2_25x/TF1e-2_25x.rep1.bam.bai
[W::hts_idx_load3] The index file is older than the data file: /bip7_disk/pingting114/mixed_bam/COLO829_PAO/TF1e-2_25x/TF1e-2_25x.rep1.bam.bai
[W::hts_idx_load3] The index file is older than the data file: /bip7_disk/pingting114/mixed_bam/COLO829_PAO/TF1e-2_25x/TF1e-2_25x.rep1.bam.bai
[W::bam_next_basemod] MM tag refers to bases beyond sequence length
[W::hts_idx_load3] The index file is older than the data file: /bip7_disk/pingting114/mixed_bam/COLO829_PAO/TF1e-2_25x/TF1e-2_25x.rep1.bam.bai
[W::hts_idx_load3] The index file is older than the data file: /bip7_disk/pingting114/mixed_bam/COLO829_PAO/TF1e-2_25x/TF1e-2_25x.rep1.bam.bai
[W::hts_idx_load3] The index file is older than the data file: /bip7_disk/pingting114/mixed_bam/COLO829_PAO/TF1e-2_25x/TF1e-2_25x.rep1.bam.bai
[E::bam_parse_basemod2] 30739de8-f9cf-4246-ae24-5d5a24550571: MM tag refers to bases beyond sequence length
[E::bam_parse_basemod2] b94d36ad-0d0a-46af-8f69-d5928a9e61b3: MM tag refers to bases beyond sequence length
[W::hts_idx_load3] The index file is older than the data file: /bip7_disk/pingting114/mixed_bam/COLO829_PAO/TF1e-2_25x/TF1e-2_25x.rep1.bam.bai
[W::bam_next_basemod] MM tag refers to bases beyond sequence length
[W::hts_idx_load3] The index file is older than the data file: /bip7_disk/pingting114/mixed_bam/COLO829_PAO/TF1e-2_25x/TF1e-2_25x.rep1.bam.bai
[W::hts_idx_load3] The index file is older than the data file: /bip7_disk/pingting114/mixed_bam/COLO829_PAO/TF1e-2_25x/TF1e-2_25x.rep1.bam.bai
[W::hts_idx_load3] The index file is older than the data file: /bip7_disk/pingting114/mixed_bam/COLO829_PAO/TF1e-2_25x/TF1e-2_25x.rep1.bam.bai
[W::hts_idx_load3] The index file is older than the data file: /bip7_disk/pingting114/mixed_bam/COLO829_PAO/TF1e-2_25x/TF1e-2_25x.rep1.bam.bai
[W::hts_idx_load3] The index file is older than the data file: /bip7_disk/pingting114/mixed_bam/COLO829_PAO/TF1e-2_25x/TF1e-2_25x.rep1.bam.bai
[E::bam_parse_basemod2] 3bcda047-1b4e-4ebc-8fe9-ced21275228d: MM tag refers to bases beyond sequence length
[W::hts_idx_load3] The index file is older than the data file: /bip7_disk/pingting114/mixed_bam/COLO829_PAO/TF1e-2_25x/TF1e-2_25x.rep1.bam.bai
[W::hts_idx_load3] The index file is older than the data file: /bip7_disk/pingting114/mixed_bam/COLO829_PAO/TF1e-2_25x/TF1e-2_25x.rep1.bam.bai
[W::hts_idx_load3] The index file is older than the data file: /bip7_disk/pingting114/mixed_bam/COLO829_PAO/TF1e-2_25x/TF1e-2_25x.rep1.bam.bai
[W::bam_next_basemod] MM tag refers to bases beyond sequence length
[W::hts_idx_load3] The index file is older than the data file: /bip7_disk/pingting114/mixed_bam/COLO829_PAO/TF1e-2_25x/TF1e-2_25x.rep1.bam.bai
[W::hts_idx_load3] The index file is older than the data file: /bip7_disk/pingting114/mixed_bam/COLO829_PAO/TF1e-2_25x/TF1e-2_25x.rep1.bam.bai
[E::bam_parse_basemod2] 234dd391-f482-4746-9e01-35f0af863179: MM tag refers to bases beyond sequence length
[W::hts_idx_load3] The index file is older than the data file: /bip7_disk/pingting114/mixed_bam/COLO829_PAO/TF1e-2_25x/TF1e-2_25x.rep1.bam.bai
[W::bam_next_basemod] MM tag refers to bases beyond sequence length
[W::hts_idx_load3] The index file is older than the data file: /bip7_disk/pingting114/mixed_bam/COLO829_PAO/TF1e-2_25x/TF1e-2_25x.rep1.bam.bai
[W::hts_idx_load3] The index file is older than the data file: /bip7_disk/pingting114/mixed_bam/COLO829_PAO/TF1e-2_25x/TF1e-2_25x.rep1.bam.bai
[W::hts_idx_load3] The index file is older than the data file: /bip7_disk/pingting114/mixed_bam/COLO829_PAO/TF1e-2_25x/TF1e-2_25x.rep1.bam.bai
[W::hts_idx_load3] The index file is older than the data file: /bip7_disk/pingting114/mixed_bam/COLO829_PAO/TF1e-2_25x/TF1e-2_25x.rep1.bam.bai
[W::hts_idx_load3] The index file is older than the data file: /bip7_disk/pingting114/mixed_bam/COLO829_PAO/TF1e-2_25x/TF1e-2_25x.rep1.bam.bai
[W::bam_next_basemod] MM tag refers to bases beyond sequence length
[E::bam_parse_basemod2] c91948d5-0db9-4dd8-8b58-3aeed1e5e790: MM tag refers to bases beyond sequence length
[W::hts_idx_load3] The index file is older than the data file: /bip7_disk/pingting114/mixed_bam/COLO829_PAO/TF1e-2_25x/TF1e-2_25x.rep1.bam.bai
[W::hts_idx_load3] The index file is older than the data file: /bip7_disk/pingting114/mixed_bam/COLO829_PAO/TF1e-2_25x/TF1e-2_25x.rep1.bam.bai
[W::hts_idx_load3] The index file is older than the data file: /bip7_disk/pingting114/mixed_bam/COLO829_PAO/TF1e-2_25x/TF1e-2_25x.rep1.bam.bai
[W::hts_idx_load3] The index file is older than the data file: /bip7_disk/pingting114/mixed_bam/COLO829_PAO/TF1e-2_25x/TF1e-2_25x.rep1.bam.bai
[W::hts_idx_load3] The index file is older than the data file: /bip7_disk/pingting114/mixed_bam/COLO829_PAO/TF1e-2_25x/TF1e-2_25x.rep1.bam.bai
[W::bam_next_basemod] MM tag refers to bases beyond sequence length
[W::hts_idx_load3] The index file is older than the data file: /bip7_disk/pingting114/mixed_bam/COLO829_PAO/TF1e-2_25x/TF1e-2_25x.rep1.bam.bai
[W::bam_next_basemod] MM tag refers to bases beyond sequence length
[W::hts_idx_load3] The index file is older than the data file: /bip7_disk/pingting114/mixed_bam/COLO829_PAO/TF1e-2_25x/TF1e-2_25x.rep1.bam.bai
[W::hts_idx_load3] The index file is older than the data file: /bip7_disk/pingting114/mixed_bam/COLO829_PAO/TF1e-2_25x/TF1e-2_25x.rep1.bam.bai
[E::bam_parse_basemod2] 88c34303-bf7a-42fd-ae90-4bc4c90632e8: MM tag refers to bases beyond sequence length
[W::hts_idx_load3] The index file is older than the data file: /bip7_disk/pingting114/mixed_bam/COLO829_PAO/TF1e-2_25x/TF1e-2_25x.rep1.bam.bai
[W::bam_next_basemod] MM tag refers to bases beyond sequence length
[W::hts_idx_load3] The index file is older than the data file: /bip7_disk/pingting114/mixed_bam/COLO829_PAO/TF1e-2_25x/TF1e-2_25x.rep1.bam.bai
[W::hts_idx_load3] The index file is older than the data file: /bip7_disk/pingting114/mixed_bam/COLO829_PAO/TF1e-2_25x/TF1e-2_25x.rep1.bam.bai
[E::bam_parse_basemod2] f1eff5a0-4f18-4daa-977e-5fdf27001db4: MM tag refers to bases beyond sequence length
[W::hts_idx_load3] The index file is older than the data file: /bip7_disk/pingting114/mixed_bam/COLO829_PAO/TF1e-2_25x/TF1e-2_25x.rep1.bam.bai
[E::bam_parse_basemod2] 77c7eba3-4ca2-46b4-937b-fddb90d60558: MM tag refers to bases beyond sequence length
[W::bam_next_basemod] MM tag refers to bases beyond sequence length
[W::hts_idx_load3] The index file is older than the data file: /bip7_disk/pingting114/mixed_bam/COLO829_PAO/TF1e-2_25x/TF1e-2_25x.rep1.bam.bai
[W::hts_idx_load3] The index file is older than the data file: /bip7_disk/pingting114/mixed_bam/COLO829_PAO/TF1e-2_25x/TF1e-2_25x.rep1.bam.bai
[W::hts_idx_load3] The index file is older than the data file: /bip7_disk/pingting114/mixed_bam/COLO829_PAO/TF1e-2_25x/TF1e-2_25x.rep1.bam.bai
[W::bam_next_basemod] MM tag refers to bases beyond sequence length
[W::hts_idx_load3] The index file is older than the data file: /bip7_disk/pingting114/mixed_bam/COLO829_PAO/TF1e-2_25x/TF1e-2_25x.rep1.bam.bai
[W::hts_idx_load3] The index file is older than the data file: /bip7_disk/pingting114/mixed_bam/COLO829_PAO/TF1e-2_25x/TF1e-2_25x.rep1.bam.bai
[W::hts_idx_load3] The index file is older than the data file: /bip7_disk/pingting114/mixed_bam/COLO829_PAO/TF1e-2_25x/TF1e-2_25x.rep1.bam.bai
[E::bam_parse_basemod2] 1000bb8e-edc3-4302-93c6-cb57893d3267: MM tag refers to bases beyond sequence length
[W::hts_idx_load3] The index file is older than the data file: /bip7_disk/pingting114/mixed_bam/COLO829_PAO/TF1e-2_25x/TF1e-2_25x.rep1.bam.bai
[W::hts_idx_load3] The index file is older than the data file: /bip7_disk/pingting114/mixed_bam/COLO829_PAO/TF1e-2_25x/TF1e-2_25x.rep1.bam.bai
[E::bam_parse_basemod2] b05e5e9e-23aa-4964-b3e9-90c35348466a: MM tag refers to bases beyond sequence length
[W::hts_idx_load3] The index file is older than the data file: /bip7_disk/pingting114/mixed_bam/COLO829_PAO/TF1e-2_25x/TF1e-2_25x.rep1.bam.bai
[W::hts_idx_load3] The index file is older than the data file: /bip7_disk/pingting114/mixed_bam/COLO829_PAO/TF1e-2_25x/TF1e-2_25x.rep1.bam.bai
[E::bam_parse_basemod2] b98b136e-113e-4e00-b21f-553af45a6030: MM tag refers to bases beyond sequence length
[W::hts_idx_load3] The index file is older than the data file: /bip7_disk/pingting114/mixed_bam/COLO829_PAO/TF1e-2_25x/TF1e-2_25x.rep1.bam.bai
[W::bam_next_basemod] MM tag refers to bases beyond sequence length
[W::hts_idx_load3] The index file is older than the data file: /bip7_disk/pingting114/mixed_bam/COLO829_PAO/TF1e-2_25x/TF1e-2_25x.rep1.bam.bai
[W::hts_idx_load3] The index file is older than the data file: /bip7_disk/pingting114/mixed_bam/COLO829_PAO/TF1e-2_25x/TF1e-2_25x.rep1.bam.bai
[W::hts_idx_load3] The index file is older than the data file: /bip7_disk/pingting114/mixed_bam/COLO829_PAO/TF1e-2_25x/TF1e-2_25x.rep1.bam.bai
[W::hts_idx_load3] The index file is older than the data file: /bip7_disk/pingting114/mixed_bam/COLO829_PAO/TF1e-2_25x/TF1e-2_25x.rep1.bam.bai
[E::bam_parse_basemod2] 53bc166e-2a1d-4fb0-afdd-4e929c114bde: MM tag refers to bases beyond sequence length
[W::hts_idx_load3] The index file is older than the data file: /bip7_disk/pingting114/mixed_bam/COLO829_PAO/TF1e-2_25x/TF1e-2_25x.rep1.bam.bai
[E::bam_parse_basemod2] 185163f8-83a4-4769-a7a0-4d6f7b6680ef: MM tag refers to bases beyond sequence length
[W::bam_next_basemod] MM tag refers to bases beyond sequence length
[W::hts_idx_load3] The index file is older than the data file: /bip7_disk/pingting114/mixed_bam/COLO829_PAO/TF1e-2_25x/TF1e-2_25x.rep1.bam.bai
[W::hts_idx_load3] The index file is older than the data file: /bip7_disk/pingting114/mixed_bam/COLO829_PAO/TF1e-2_25x/TF1e-2_25x.rep1.bam.bai
[W::hts_idx_load3] The index file is older than the data file: /bip7_disk/pingting114/mixed_bam/COLO829_PAO/TF1e-2_25x/TF1e-2_25x.rep1.bam.bai
[W::hts_idx_load3] The index file is older than the data file: /bip7_disk/pingting114/mixed_bam/COLO829_PAO/TF1e-2_25x/TF1e-2_25x.rep1.bam.bai
[E::bam_parse_basemod2] f7196f00-519b-4256-a3d5-451a13309f32: MM tag refers to bases beyond sequence length
[W::hts_idx_load3] The index file is older than the data file: /bip7_disk/pingting114/mixed_bam/COLO829_PAO/TF1e-2_25x/TF1e-2_25x.rep1.bam.bai
[W::hts_idx_load3] The index file is older than the data file: /bip7_disk/pingting114/mixed_bam/COLO829_PAO/TF1e-2_25x/TF1e-2_25x.rep1.bam.bai
[W::hts_idx_load3] The index file is older than the data file: /bip7_disk/pingting114/mixed_bam/COLO829_PAO/TF1e-2_25x/TF1e-2_25x.rep1.bam.bai
[W::hts_idx_load3] The index file is older than the data file: /bip7_disk/pingting114/mixed_bam/COLO829_PAO/TF1e-2_25x/TF1e-2_25x.rep1.bam.bai
[W::hts_idx_load3] The index file is older than the data file: /bip7_disk/pingting114/mixed_bam/COLO829_PAO/TF1e-2_25x/TF1e-2_25x.rep1.bam.bai
[E::bam_parse_basemod2] 8ae92c12-0238-4571-87df-3626dd78c963: MM tag refers to bases beyond sequence length
[W::hts_idx_load3] The index file is older than the data file: /bip7_disk/pingting114/mixed_bam/COLO829_PAO/TF1e-2_25x/TF1e-2_25x.rep1.bam.bai
[E::bam_parse_basemod2] 4f0d50ac-6e26-4853-a214-4852d8e37abb: MM tag refers to bases beyond sequence length
[W::bam_next_basemod] MM tag refers to bases beyond sequence length
[W::hts_idx_load3] The index file is older than the data file: /bip7_disk/pingting114/mixed_bam/COLO829_PAO/TF1e-2_25x/TF1e-2_25x.rep1.bam.bai
[W::hts_idx_load3] The index file is older than the data file: /bip7_disk/pingting114/mixed_bam/COLO829_PAO/TF1e-2_25x/TF1e-2_25x.rep1.bam.bai
[W::hts_idx_load3] The index file is older than the data file: /bip7_disk/pingting114/mixed_bam/COLO829_PAO/TF1e-2_25x/TF1e-2_25x.rep1.bam.bai
[E::bam_parse_basemod2] 20bc9124-a8dc-48f5-8e88-6480675e8f59: MM tag refers to bases beyond sequence length
[W::hts_idx_load3] The index file is older than the data file: /bip7_disk/pingting114/mixed_bam/COLO829_PAO/TF1e-2_25x/TF1e-2_25x.rep1.bam.bai
[W::hts_idx_load3] The index file is older than the data file: /bip7_disk/pingting114/mixed_bam/COLO829_PAO/TF1e-2_25x/TF1e-2_25x.rep1.bam.bai
[W::bam_next_basemod] MM tag refers to bases beyond sequence length
[W::hts_idx_load3] The index file is older than the data file: /bip7_disk/pingting114/mixed_bam/COLO829_PAO/TF1e-2_25x/TF1e-2_25x.rep1.bam.bai
[W::hts_idx_load3] The index file is older than the data file: /bip7_disk/pingting114/mixed_bam/COLO829_PAO/TF1e-2_25x/TF1e-2_25x.rep1.bam.bai
[W::hts_idx_load3] The index file is older than the data file: /bip7_disk/pingting114/mixed_bam/COLO829_PAO/TF1e-2_25x/TF1e-2_25x.rep1.bam.bai
[W::hts_idx_load3] The index file is older than the data file: /bip7_disk/pingting114/mixed_bam/COLO829_PAO/TF1e-2_25x/TF1e-2_25x.rep1.bam.bai
[W::hts_idx_load3] The index file is older than the data file: /bip7_disk/pingting114/mixed_bam/COLO829_PAO/TF1e-2_25x/TF1e-2_25x.rep1.bam.bai
[W::bam_next_basemod] MM tag refers to bases beyond sequence length
[W::hts_idx_load3] The index file is older than the data file: /bip7_disk/pingting114/mixed_bam/COLO829_PAO/TF1e-2_25x/TF1e-2_25x.rep1.bam.bai
[W::bam_next_basemod] MM tag refers to bases beyond sequence length
[W::hts_idx_load3] The index file is older than the data file: /bip7_disk/pingting114/mixed_bam/COLO829_PAO/TF1e-2_25x/TF1e-2_25x.rep1.bam.bai
[E::bam_parse_basemod2] d010717e-6a52-4699-9de4-dc71367215db: MM tag refers to bases beyond sequence length
[W::hts_idx_load3] The index file is older than the data file: /bip7_disk/pingting114/mixed_bam/COLO829_PAO/TF1e-2_25x/TF1e-2_25x.rep1.bam.bai
[W::hts_idx_load3] The index file is older than the data file: /bip7_disk/pingting114/mixed_bam/COLO829_PAO/TF1e-2_25x/TF1e-2_25x.rep1.bam.bai
[W::hts_idx_load3] The index file is older than the data file: /bip7_disk/pingting114/mixed_bam/COLO829_PAO/TF1e-2_25x/TF1e-2_25x.rep1.bam.bai
[W::hts_idx_load3] The index file is older than the data file: /bip7_disk/pingting114/mixed_bam/COLO829_PAO/TF1e-2_25x/TF1e-2_25x.rep1.bam.bai
[W::hts_idx_load3] The index file is older than the data file: /bip7_disk/pingting114/mixed_bam/COLO829_PAO/TF1e-2_25x/TF1e-2_25x.rep1.bam.bai
[W::hts_idx_load3] The index file is older than the data file: /bip7_disk/pingting114/mixed_bam/COLO829_PAO/TF1e-2_25x/TF1e-2_25x.rep1.bam.bai
[W::hts_idx_load3] The index file is older than the data file: /bip7_disk/pingting114/mixed_bam/COLO829_PAO/TF1e-2_25x/TF1e-2_25x.rep1.bam.bai
[W::hts_idx_load3] The index file is older than the data file: /bip7_disk/pingting114/mixed_bam/COLO829_PAO/TF1e-2_25x/TF1e-2_25x.rep1.bam.bai
[W::hts_idx_load3] The index file is older than the data file: /bip7_disk/pingting114/mixed_bam/COLO829_PAO/TF1e-2_25x/TF1e-2_25x.rep1.bam.bai
[E::bam_parse_basemod2] 1c04a7cd-4ac7-4482-9d05-5d5078d9fd23: MM tag refers to bases beyond sequence length
[W::hts_idx_load3] The index file is older than the data file: /bip7_disk/pingting114/mixed_bam/COLO829_PAO/TF1e-2_25x/TF1e-2_25x.rep1.bam.bai
[W::hts_idx_load3] The index file is older than the data file: /bip7_disk/pingting114/mixed_bam/COLO829_PAO/TF1e-2_25x/TF1e-2_25x.rep1.bam.bai
[W::hts_idx_load3] The index file is older than the data file: /bip7_disk/pingting114/mixed_bam/COLO829_PAO/TF1e-2_25x/TF1e-2_25x.rep1.bam.bai
[W::hts_idx_load3] The index file is older than the data file: /bip7_disk/pingting114/mixed_bam/COLO829_PAO/TF1e-2_25x/TF1e-2_25x.rep1.bam.bai
[W::hts_idx_load3] The index file is older than the data file: /bip7_disk/pingting114/mixed_bam/COLO829_PAO/TF1e-2_25x/TF1e-2_25x.rep1.bam.bai
[E::bam_parse_basemod2] 32164d63-fbdb-40eb-b97b-34cdb59447d4: MM tag refers to bases beyond sequence length
[W::hts_idx_load3] The index file is older than the data file: /bip7_disk/pingting114/mixed_bam/COLO829_PAO/TF1e-2_25x/TF1e-2_25x.rep1.bam.bai
[W::hts_idx_load3] The index file is older than the data file: /bip7_disk/pingting114/mixed_bam/COLO829_PAO/TF1e-2_25x/TF1e-2_25x.rep1.bam.bai
[W::hts_idx_load3] The index file is older than the data file: /bip7_disk/pingting114/mixed_bam/COLO829_PAO/TF1e-2_25x/TF1e-2_25x.rep1.bam.bai
[W::hts_idx_load3] The index file is older than the data file: /bip7_disk/pingting114/mixed_bam/COLO829_PAO/TF1e-2_25x/TF1e-2_25x.rep1.bam.bai
[W::hts_idx_load3] The index file is older than the data file: /bip7_disk/pingting114/mixed_bam/COLO829_PAO/TF1e-2_25x/TF1e-2_25x.rep1.bam.bai
[W::hts_idx_load3] The index file is older than the data file: /bip7_disk/pingting114/mixed_bam/COLO829_PAO/TF1e-2_25x/TF1e-2_25x.rep1.bam.bai
[W::hts_idx_load3] The index file is older than the data file: /bip7_disk/pingting114/mixed_bam/COLO829_PAO/TF1e-2_25x/TF1e-2_25x.rep1.bam.bai
[E::bam_parse_basemod2] d09272c0-09ea-41bd-bea5-d1b2e00f9f89: MM tag refers to bases beyond sequence length
[W::hts_idx_load3] The index file is older than the data file: /bip7_disk/pingting114/mixed_bam/COLO829_PAO/TF1e-2_25x/TF1e-2_25x.rep1.bam.bai
[W::bam_next_basemod] MM tag refers to bases beyond sequence length
[W::hts_idx_load3] The index file is older than the data file: /bip7_disk/pingting114/mixed_bam/COLO829_PAO/TF1e-2_25x/TF1e-2_25x.rep1.bam.bai
[W::hts_idx_load3] The index file is older than the data file: /bip7_disk/pingting114/mixed_bam/COLO829_PAO/TF1e-2_25x/TF1e-2_25x.rep1.bam.bai
[W::hts_idx_load3] The index file is older than the data file: /bip7_disk/pingting114/mixed_bam/COLO829_PAO/TF1e-2_25x/TF1e-2_25x.rep1.bam.bai
[W::hts_idx_load3] The index file is older than the data file: /bip7_disk/pingting114/mixed_bam/COLO829_PAO/TF1e-2_25x/TF1e-2_25x.rep1.bam.bai
[W::hts_idx_load3] The index file is older than the data file: /bip7_disk/pingting114/mixed_bam/COLO829_PAO/TF1e-2_25x/TF1e-2_25x.rep1.bam.bai
[W::hts_idx_load3] The index file is older than the data file: /bip7_disk/pingting114/mixed_bam/COLO829_PAO/TF1e-2_25x/TF1e-2_25x.rep1.bam.bai
[W::bam_next_basemod] MM tag refers to bases beyond sequence length
[W::hts_idx_load3] The index file is older than the data file: /bip7_disk/pingting114/mixed_bam/COLO829_PAO/TF1e-2_25x/TF1e-2_25x.rep1.bam.bai
[E::bam_parse_basemod2] 030f551d-b77e-43df-b9d2-e1995bd803be: MM tag refers to bases beyond sequence length
[W::hts_idx_load3] The index file is older than the data file: /bip7_disk/pingting114/mixed_bam/COLO829_PAO/TF1e-2_25x/TF1e-2_25x.rep1.bam.bai
[W::hts_idx_load3] The index file is older than the data file: /bip7_disk/pingting114/mixed_bam/COLO829_PAO/TF1e-2_25x/TF1e-2_25x.rep1.bam.bai
[E::bam_parse_basemod2] 6a7aba99-35fe-47e3-bc3f-a4826410f1fe: MM tag refers to bases beyond sequence length
[W::bam_next_basemod] MM tag refers to bases beyond sequence length
[W::hts_idx_load3] The index file is older than the data file: /bip7_disk/pingting114/mixed_bam/COLO829_PAO/TF1e-2_25x/TF1e-2_25x.rep1.bam.bai
[W::bam_next_basemod] MM tag refers to bases beyond sequence length
[W::hts_idx_load3] The index file is older than the data file: /bip7_disk/pingting114/mixed_bam/COLO829_PAO/TF1e-2_25x/TF1e-2_25x.rep1.bam.bai
[W::hts_idx_load3] The index file is older than the data file: /bip7_disk/pingting114/mixed_bam/COLO829_PAO/TF1e-2_25x/TF1e-2_25x.rep1.bam.bai
[W::hts_idx_load3] The index file is older than the data file: /bip7_disk/pingting114/mixed_bam/COLO829_PAO/TF1e-2_25x/TF1e-2_25x.rep1.bam.bai
[W::bam_next_basemod] MM tag refers to bases beyond sequence length
[W::hts_idx_load3] The index file is older than the data file: /bip7_disk/pingting114/mixed_bam/COLO829_PAO/TF1e-2_25x/TF1e-2_25x.rep1.bam.bai
[W::bam_next_basemod] MM tag refers to bases beyond sequence length
[W::hts_idx_load3] The index file is older than the data file: /bip7_disk/pingting114/mixed_bam/COLO829_PAO/TF1e-2_25x/TF1e-2_25x.rep1.bam.bai
[W::hts_idx_load3] The index file is older than the data file: /bip7_disk/pingting114/mixed_bam/COLO829_PAO/TF1e-2_25x/TF1e-2_25x.rep1.bam.bai
[W::hts_idx_load3] The index file is older than the data file: /bip7_disk/pingting114/mixed_bam/COLO829_PAO/TF1e-2_25x/TF1e-2_25x.rep1.bam.bai
[W::hts_idx_load3] The index file is older than the data file: /bip7_disk/pingting114/mixed_bam/COLO829_PAO/TF1e-2_25x/TF1e-2_25x.rep1.bam.bai
[W::hts_idx_load3] The index file is older than the data file: /bip7_disk/pingting114/mixed_bam/COLO829_PAO/TF1e-2_25x/TF1e-2_25x.rep1.bam.bai
[E::bam_parse_basemod2] af4613f8-344c-4f94-bc92-e30522c3d1fd: MM tag refers to bases beyond sequence length
[W::hts_idx_load3] The index file is older than the data file: /bip7_disk/pingting114/mixed_bam/COLO829_PAO/TF1e-2_25x/TF1e-2_25x.rep1.bam.bai
[W::hts_idx_load3] The index file is older than the data file: /bip7_disk/pingting114/mixed_bam/COLO829_PAO/TF1e-2_25x/TF1e-2_25x.rep1.bam.bai
[W::hts_idx_load3] The index file is older than the data file: /bip7_disk/pingting114/mixed_bam/COLO829_PAO/TF1e-2_25x/TF1e-2_25x.rep1.bam.bai
[E::bam_parse_basemod2] 1192f36b-7ae4-41de-a251-1816884228ba: MM tag refers to bases beyond sequence length
[W::bam_next_basemod] MM tag refers to bases beyond sequence length
[W::bam_next_basemod] MM tag refers to bases beyond sequence length
[W::hts_idx_load3] The index file is older than the data file: /bip7_disk/pingting114/mixed_bam/COLO829_PAO/TF1e-2_25x/TF1e-2_25x.rep1.bam.bai
[W::hts_idx_load3] The index file is older than the data file: /bip7_disk/pingting114/mixed_bam/COLO829_PAO/TF1e-2_25x/TF1e-2_25x.rep1.bam.bai
[E::bam_parse_basemod2] ec5647b8-0be6-4482-96fe-b8cfacd61b71: MM tag refers to bases beyond sequence length
[E::bam_parse_basemod2] 9ee67a03-97a9-4a29-9cd1-ef38ecd59007: MM tag refers to bases beyond sequence length
[W::hts_idx_load3] The index file is older than the data file: /bip7_disk/pingting114/mixed_bam/COLO829_PAO/TF1e-2_25x/TF1e-2_25x.rep1.bam.bai
[E::bam_parse_basemod2] 91ac75aa-2066-4f87-9e86-c95ff861da34: MM tag refers to bases beyond sequence length
[W::bam_next_basemod] MM tag refers to bases beyond sequence length
[E::bam_parse_basemod2] 4f0eb229-bc5c-4871-b1cd-4c4dc07b917d: MM tag refers to bases beyond sequence length
[W::hts_idx_load3] The index file is older than the data file: /bip7_disk/pingting114/mixed_bam/COLO829_PAO/TF1e-2_25x/TF1e-2_25x.rep1.bam.bai
[E::bam_parse_basemod2] 19b666e7-310f-4bbc-848a-0fa3f17f870c: MM tag refers to bases beyond sequence length
[W::bam_next_basemod] MM tag refers to bases beyond sequence length
[W::bam_next_basemod] MM tag refers to bases beyond sequence length
[W::hts_idx_load3] The index file is older than the data file: /bip7_disk/pingting114/mixed_bam/COLO829_PAO/TF1e-2_25x/TF1e-2_25x.rep1.bam.bai
[W::hts_idx_load3] The index file is older than the data file: /bip7_disk/pingting114/mixed_bam/COLO829_PAO/TF1e-2_25x/TF1e-2_25x.rep1.bam.bai
[W::bam_next_basemod] MM tag refers to bases beyond sequence length
[W::hts_idx_load3] The index file is older than the data file: /bip7_disk/pingting114/mixed_bam/COLO829_PAO/TF1e-2_25x/TF1e-2_25x.rep1.bam.bai
[W::hts_idx_load3] The index file is older than the data file: /bip7_disk/pingting114/mixed_bam/COLO829_PAO/TF1e-2_25x/TF1e-2_25x.rep1.bam.bai
[W::bam_next_basemod] MM tag refers to bases beyond sequence length
[W::hts_idx_load3] The index file is older than the data file: /bip7_disk/pingting114/mixed_bam/COLO829_PAO/TF1e-2_25x/TF1e-2_25x.rep1.bam.bai
[E::bam_parse_basemod2] 36d51159-66ca-411c-b2ec-317e1b5bab7e: MM tag refers to bases beyond sequence length
[W::bam_next_basemod] MM tag refers to bases beyond sequence length
[W::hts_idx_load3] The index file is older than the data file: /bip7_disk/pingting114/mixed_bam/COLO829_PAO/TF1e-2_25x/TF1e-2_25x.rep1.bam.bai
[E::bam_parse_basemod2] e72f7a37-90c7-4e36-9e7c-6e2afed80c5c: MM tag refers to bases beyond sequence length
[W::hts_idx_load3] The index file is older than the data file: /bip7_disk/pingting114/mixed_bam/COLO829_PAO/TF1e-2_25x/TF1e-2_25x.rep1.bam.bai
[W::hts_idx_load3] The index file is older than the data file: /bip7_disk/pingting114/mixed_bam/COLO829_PAO/TF1e-2_25x/TF1e-2_25x.rep1.bam.bai
[E::bam_parse_basemod2] 81e1e587-5cd3-4955-b532-81e369da8191: MM tag refers to bases beyond sequence length
[W::hts_idx_load3] The index file is older than the data file: /bip7_disk/pingting114/mixed_bam/COLO829_PAO/TF1e-2_25x/TF1e-2_25x.rep1.bam.bai
[W::bam_next_basemod] MM tag refers to bases beyond sequence length
[W::bam_next_basemod] MM tag refers to bases beyond sequence length
[W::hts_idx_load3] The index file is older than the data file: /bip7_disk/pingting114/mixed_bam/COLO829_PAO/TF1e-2_25x/TF1e-2_25x.rep1.bam.bai
[W::hts_idx_load3] The index file is older than the data file: /bip7_disk/pingting114/mixed_bam/COLO829_PAO/TF1e-2_25x/TF1e-2_25x.rep1.bam.bai
[W::hts_idx_load3] The index file is older than the data file: /bip7_disk/pingting114/mixed_bam/COLO829_PAO/TF1e-2_25x/TF1e-2_25x.rep1.bam.bai
  TF1e-2_25x.rep1.bam cand 2000/4000
[W::hts_idx_load3] The index file is older than the data file: /bip7_disk/pingting114/mixed_bam/COLO829_PAO/TF1e-2_25x/TF1e-2_25x.rep1.bam.bai
[W::hts_idx_load3] The index file is older than the data file: /bip7_disk/pingting114/mixed_bam/COLO829_PAO/TF1e-2_25x/TF1e-2_25x.rep1.bam.bai
[W::hts_idx_load3] The index file is older than the data file: /bip7_disk/pingting114/mixed_bam/COLO829_PAO/TF1e-2_25x/TF1e-2_25x.rep1.bam.bai
[W::hts_idx_load3] The index file is older than the data file: /bip7_disk/pingting114/mixed_bam/COLO829_PAO/TF1e-2_25x/TF1e-2_25x.rep1.bam.bai
[W::bam_next_basemod] MM tag refers to bases beyond sequence length
[W::bam_next_basemod] MM tag refers to bases beyond sequence length
[W::bam_next_basemod] MM tag refers to bases beyond sequence length
[W::hts_idx_load3] The index file is older than the data file: /bip7_disk/pingting114/mixed_bam/COLO829_PAO/TF1e-2_25x/TF1e-2_25x.rep1.bam.bai
[W::hts_idx_load3] The index file is older than the data file: /bip7_disk/pingting114/mixed_bam/COLO829_PAO/TF1e-2_25x/TF1e-2_25x.rep1.bam.bai
[W::hts_idx_load3] The index file is older than the data file: /bip7_disk/pingting114/mixed_bam/COLO829_PAO/TF1e-2_25x/TF1e-2_25x.rep1.bam.bai
[W::bam_next_basemod] MM tag refers to bases beyond sequence length
[W::hts_idx_load3] The index file is older than the data file: /bip7_disk/pingting114/mixed_bam/COLO829_PAO/TF1e-2_25x/TF1e-2_25x.rep1.bam.bai
[W::hts_idx_load3] The index file is older than the data file: /bip7_disk/pingting114/mixed_bam/COLO829_PAO/TF1e-2_25x/TF1e-2_25x.rep1.bam.bai
[W::hts_idx_load3] The index file is older than the data file: /bip7_disk/pingting114/mixed_bam/COLO829_PAO/TF1e-2_25x/TF1e-2_25x.rep1.bam.bai
[W::bam_next_basemod] MM tag refers to bases beyond sequence length
[W::hts_idx_load3] The index file is older than the data file: /bip7_disk/pingting114/mixed_bam/COLO829_PAO/TF1e-2_25x/TF1e-2_25x.rep1.bam.bai
[W::bam_next_basemod] MM tag refers to bases beyond sequence length
[W::hts_idx_load3] The index file is older than the data file: /bip7_disk/pingting114/mixed_bam/COLO829_PAO/TF1e-2_25x/TF1e-2_25x.rep1.bam.bai
[W::hts_idx_load3] The index file is older than the data file: /bip7_disk/pingting114/mixed_bam/COLO829_PAO/TF1e-2_25x/TF1e-2_25x.rep1.bam.bai
[W::hts_idx_load3] The index file is older than the data file: /bip7_disk/pingting114/mixed_bam/COLO829_PAO/TF1e-2_25x/TF1e-2_25x.rep1.bam.bai
[W::hts_idx_load3] The index file is older than the data file: /bip7_disk/pingting114/mixed_bam/COLO829_PAO/TF1e-2_25x/TF1e-2_25x.rep1.bam.bai
[W::hts_idx_load3] The index file is older than the data file: /bip7_disk/pingting114/mixed_bam/COLO829_PAO/TF1e-2_25x/TF1e-2_25x.rep1.bam.bai
[W::bam_next_basemod] MM tag refers to bases beyond sequence length
[W::bam_next_basemod] MM tag refers to bases beyond sequence length
[W::hts_idx_load3] The index file is older than the data file: /bip7_disk/pingting114/mixed_bam/COLO829_PAO/TF1e-2_25x/TF1e-2_25x.rep1.bam.bai
[E::bam_parse_basemod2] f9078115-b355-4965-b556-d8c6ea00132a: MM tag refers to bases beyond sequence length
[W::hts_idx_load3] The index file is older than the data file: /bip7_disk/pingting114/mixed_bam/COLO829_PAO/TF1e-2_25x/TF1e-2_25x.rep1.bam.bai
[W::bam_next_basemod] MM tag refers to bases beyond sequence length
[W::hts_idx_load3] The index file is older than the data file: /bip7_disk/pingting114/mixed_bam/COLO829_PAO/TF1e-2_25x/TF1e-2_25x.rep1.bam.bai
[W::hts_idx_load3] The index file is older than the data file: /bip7_disk/pingting114/mixed_bam/COLO829_PAO/TF1e-2_25x/TF1e-2_25x.rep1.bam.bai
[W::hts_idx_load3] The index file is older than the data file: /bip7_disk/pingting114/mixed_bam/COLO829_PAO/TF1e-2_25x/TF1e-2_25x.rep1.bam.bai
[W::hts_idx_load3] The index file is older than the data file: /bip7_disk/pingting114/mixed_bam/COLO829_PAO/TF1e-2_25x/TF1e-2_25x.rep1.bam.bai
[W::hts_idx_load3] The index file is older than the data file: /bip7_disk/pingting114/mixed_bam/COLO829_PAO/TF1e-2_25x/TF1e-2_25x.rep1.bam.bai
[W::bam_next_basemod] MM tag refers to bases beyond sequence length
[W::hts_idx_load3] The index file is older than the data file: /bip7_disk/pingting114/mixed_bam/COLO829_PAO/TF1e-2_25x/TF1e-2_25x.rep1.bam.bai
[W::hts_idx_load3] The index file is older than the data file: /bip7_disk/pingting114/mixed_bam/COLO829_PAO/TF1e-2_25x/TF1e-2_25x.rep1.bam.bai
[W::hts_idx_load3] The index file is older than the data file: /bip7_disk/pingting114/mixed_bam/COLO829_PAO/TF1e-2_25x/TF1e-2_25x.rep1.bam.bai
[W::hts_idx_load3] The index file is older than the data file: /bip7_disk/pingting114/mixed_bam/COLO829_PAO/TF1e-2_25x/TF1e-2_25x.rep1.bam.bai
[W::hts_idx_load3] The index file is older than the data file: /bip7_disk/pingting114/mixed_bam/COLO829_PAO/TF1e-2_25x/TF1e-2_25x.rep1.bam.bai
[W::hts_idx_load3] The index file is older than the data file: /bip7_disk/pingting114/mixed_bam/COLO829_PAO/TF1e-2_25x/TF1e-2_25x.rep1.bam.bai
[W::hts_idx_load3] The index file is older than the data file: /bip7_disk/pingting114/mixed_bam/COLO829_PAO/TF1e-2_25x/TF1e-2_25x.rep1.bam.bai
[E::bam_parse_basemod2] 97e491e5-b063-4706-8e7b-f080a4dcc758: MM tag refers to bases beyond sequence length
[W::hts_idx_load3] The index file is older than the data file: /bip7_disk/pingting114/mixed_bam/COLO829_PAO/TF1e-2_25x/TF1e-2_25x.rep1.bam.bai
[W::hts_idx_load3] The index file is older than the data file: /bip7_disk/pingting114/mixed_bam/COLO829_PAO/TF1e-2_25x/TF1e-2_25x.rep1.bam.bai
[E::bam_parse_basemod2] 753c247f-f150-4347-ae6b-a83c0ac9988e: MM tag refers to bases beyond sequence length
[W::hts_idx_load3] The index file is older than the data file: /bip7_disk/pingting114/mixed_bam/COLO829_PAO/TF1e-2_25x/TF1e-2_25x.rep1.bam.bai
[W::bam_next_basemod] MM tag refers to bases beyond sequence length
[W::hts_idx_load3] The index file is older than the data file: /bip7_disk/pingting114/mixed_bam/COLO829_PAO/TF1e-2_25x/TF1e-2_25x.rep1.bam.bai
[W::hts_idx_load3] The index file is older than the data file: /bip7_disk/pingting114/mixed_bam/COLO829_PAO/TF1e-2_25x/TF1e-2_25x.rep1.bam.bai
[W::hts_idx_load3] The index file is older than the data file: /bip7_disk/pingting114/mixed_bam/COLO829_PAO/TF1e-2_25x/TF1e-2_25x.rep1.bam.bai
[W::hts_idx_load3] The index file is older than the data file: /bip7_disk/pingting114/mixed_bam/COLO829_PAO/TF1e-2_25x/TF1e-2_25x.rep1.bam.bai
[W::bam_next_basemod] MM tag refers to bases beyond sequence length
[W::hts_idx_load3] The index file is older than the data file: /bip7_disk/pingting114/mixed_bam/COLO829_PAO/TF1e-2_25x/TF1e-2_25x.rep1.bam.bai
[W::hts_idx_load3] The index file is older than the data file: /bip7_disk/pingting114/mixed_bam/COLO829_PAO/TF1e-2_25x/TF1e-2_25x.rep1.bam.bai
[W::hts_idx_load3] The index file is older than the data file: /bip7_disk/pingting114/mixed_bam/COLO829_PAO/TF1e-2_25x/TF1e-2_25x.rep1.bam.bai
[W::hts_idx_load3] The index file is older than the data file: /bip7_disk/pingting114/mixed_bam/COLO829_PAO/TF1e-2_25x/TF1e-2_25x.rep1.bam.bai
[W::bam_next_basemod] MM tag refers to bases beyond sequence length
[W::hts_idx_load3] The index file is older than the data file: /bip7_disk/pingting114/mixed_bam/COLO829_PAO/TF1e-2_25x/TF1e-2_25x.rep1.bam.bai
[W::hts_idx_load3] The index file is older than the data file: /bip7_disk/pingting114/mixed_bam/COLO829_PAO/TF1e-2_25x/TF1e-2_25x.rep1.bam.bai
[W::bam_next_basemod] MM tag refers to bases beyond sequence length
[W::hts_idx_load3] The index file is older than the data file: /bip7_disk/pingting114/mixed_bam/COLO829_PAO/TF1e-2_25x/TF1e-2_25x.rep1.bam.bai
[W::bam_next_basemod] MM tag refers to bases beyond sequence length
[W::hts_idx_load3] The index file is older than the data file: /bip7_disk/pingting114/mixed_bam/COLO829_PAO/TF1e-2_25x/TF1e-2_25x.rep1.bam.bai
[W::hts_idx_load3] The index file is older than the data file: /bip7_disk/pingting114/mixed_bam/COLO829_PAO/TF1e-2_25x/TF1e-2_25x.rep1.bam.bai
[W::hts_idx_load3] The index file is older than the data file: /bip7_disk/pingting114/mixed_bam/COLO829_PAO/TF1e-2_25x/TF1e-2_25x.rep1.bam.bai
[W::hts_idx_load3] The index file is older than the data file: /bip7_disk/pingting114/mixed_bam/COLO829_PAO/TF1e-2_25x/TF1e-2_25x.rep1.bam.bai
[W::hts_idx_load3] The index file is older than the data file: /bip7_disk/pingting114/mixed_bam/COLO829_PAO/TF1e-2_25x/TF1e-2_25x.rep1.bam.bai
[W::hts_idx_load3] The index file is older than the data file: /bip7_disk/pingting114/mixed_bam/COLO829_PAO/TF1e-2_25x/TF1e-2_25x.rep1.bam.bai
[W::bam_next_basemod] MM tag refers to bases beyond sequence length
[W::hts_idx_load3] The index file is older than the data file: /bip7_disk/pingting114/mixed_bam/COLO829_PAO/TF1e-2_25x/TF1e-2_25x.rep1.bam.bai
[E::bam_parse_basemod2] 06d51629-f181-4d75-b43a-0cf13aed5499: MM tag refers to bases beyond sequence length
[W::hts_idx_load3] The index file is older than the data file: /bip7_disk/pingting114/mixed_bam/COLO829_PAO/TF1e-2_25x/TF1e-2_25x.rep1.bam.bai
[W::hts_idx_load3] The index file is older than the data file: /bip7_disk/pingting114/mixed_bam/COLO829_PAO/TF1e-2_25x/TF1e-2_25x.rep1.bam.bai
[W::hts_idx_load3] The index file is older than the data file: /bip7_disk/pingting114/mixed_bam/COLO829_PAO/TF1e-2_25x/TF1e-2_25x.rep1.bam.bai
[W::bam_next_basemod] MM tag refers to bases beyond sequence length
[W::hts_idx_load3] The index file is older than the data file: /bip7_disk/pingting114/mixed_bam/COLO829_PAO/TF1e-2_25x/TF1e-2_25x.rep1.bam.bai
[W::hts_idx_load3] The index file is older than the data file: /bip7_disk/pingting114/mixed_bam/COLO829_PAO/TF1e-2_25x/TF1e-2_25x.rep1.bam.bai
[W::hts_idx_load3] The index file is older than the data file: /bip7_disk/pingting114/mixed_bam/COLO829_PAO/TF1e-2_25x/TF1e-2_25x.rep1.bam.bai
[E::bam_parse_basemod2] 2cc7a105-dedb-4515-8158-ccdd1e361118: MM tag refers to bases beyond sequence length
[W::hts_idx_load3] The index file is older than the data file: /bip7_disk/pingting114/mixed_bam/COLO829_PAO/TF1e-2_25x/TF1e-2_25x.rep1.bam.bai
[W::hts_idx_load3] The index file is older than the data file: /bip7_disk/pingting114/mixed_bam/COLO829_PAO/TF1e-2_25x/TF1e-2_25x.rep1.bam.bai
[W::hts_idx_load3] The index file is older than the data file: /bip7_disk/pingting114/mixed_bam/COLO829_PAO/TF1e-2_25x/TF1e-2_25x.rep1.bam.bai
[W::hts_idx_load3] The index file is older than the data file: /bip7_disk/pingting114/mixed_bam/COLO829_PAO/TF1e-2_25x/TF1e-2_25x.rep1.bam.bai
[W::hts_idx_load3] The index file is older than the data file: /bip7_disk/pingting114/mixed_bam/COLO829_PAO/TF1e-2_25x/TF1e-2_25x.rep1.bam.bai
[W::hts_idx_load3] The index file is older than the data file: /bip7_disk/pingting114/mixed_bam/COLO829_PAO/TF1e-2_25x/TF1e-2_25x.rep1.bam.bai
[W::hts_idx_load3] The index file is older than the data file: /bip7_disk/pingting114/mixed_bam/COLO829_PAO/TF1e-2_25x/TF1e-2_25x.rep1.bam.bai
[W::bam_next_basemod] MM tag refers to bases beyond sequence length
[W::hts_idx_load3] The index file is older than the data file: /bip7_disk/pingting114/mixed_bam/COLO829_PAO/TF1e-2_25x/TF1e-2_25x.rep1.bam.bai
[W::hts_idx_load3] The index file is older than the data file: /bip7_disk/pingting114/mixed_bam/COLO829_PAO/TF1e-2_25x/TF1e-2_25x.rep1.bam.bai
[W::hts_idx_load3] The index file is older than the data file: /bip7_disk/pingting114/mixed_bam/COLO829_PAO/TF1e-2_25x/TF1e-2_25x.rep1.bam.bai
[W::bam_next_basemod] MM tag refers to bases beyond sequence length
[W::bam_next_basemod] MM tag refers to bases beyond sequence length
[W::hts_idx_load3] The index file is older than the data file: /bip7_disk/pingting114/mixed_bam/COLO829_PAO/TF1e-2_25x/TF1e-2_25x.rep1.bam.bai
[W::hts_idx_load3] The index file is older than the data file: /bip7_disk/pingting114/mixed_bam/COLO829_PAO/TF1e-2_25x/TF1e-2_25x.rep1.bam.bai
[W::bam_next_basemod] MM tag refers to bases beyond sequence length
[W::hts_idx_load3] The index file is older than the data file: /bip7_disk/pingting114/mixed_bam/COLO829_PAO/TF1e-2_25x/TF1e-2_25x.rep1.bam.bai
[W::hts_idx_load3] The index file is older than the data file: /bip7_disk/pingting114/mixed_bam/COLO829_PAO/TF1e-2_25x/TF1e-2_25x.rep1.bam.bai
[W::bam_next_basemod] MM tag refers to bases beyond sequence length
[W::hts_idx_load3] The index file is older than the data file: /bip7_disk/pingting114/mixed_bam/COLO829_PAO/TF1e-2_25x/TF1e-2_25x.rep1.bam.bai
[W::hts_idx_load3] The index file is older than the data file: /bip7_disk/pingting114/mixed_bam/COLO829_PAO/TF1e-2_25x/TF1e-2_25x.rep1.bam.bai
[W::hts_idx_load3] The index file is older than the data file: /bip7_disk/pingting114/mixed_bam/COLO829_PAO/TF1e-2_25x/TF1e-2_25x.rep1.bam.bai
[W::hts_idx_load3] The index file is older than the data file: /bip7_disk/pingting114/mixed_bam/COLO829_PAO/TF1e-2_25x/TF1e-2_25x.rep1.bam.bai
[W::hts_idx_load3] The index file is older than the data file: /bip7_disk/pingting114/mixed_bam/COLO829_PAO/TF1e-2_25x/TF1e-2_25x.rep1.bam.bai
[W::hts_idx_load3] The index file is older than the data file: /bip7_disk/pingting114/mixed_bam/COLO829_PAO/TF1e-2_25x/TF1e-2_25x.rep1.bam.bai
[W::hts_idx_load3] The index file is older than the data file: /bip7_disk/pingting114/mixed_bam/COLO829_PAO/TF1e-2_25x/TF1e-2_25x.rep1.bam.bai
[W::bam_next_basemod] MM tag refers to bases beyond sequence length
[W::hts_idx_load3] The index file is older than the data file: /bip7_disk/pingting114/mixed_bam/COLO829_PAO/TF1e-2_25x/TF1e-2_25x.rep1.bam.bai
[W::hts_idx_load3] The index file is older than the data file: /bip7_disk/pingting114/mixed_bam/COLO829_PAO/TF1e-2_25x/TF1e-2_25x.rep1.bam.bai
[W::hts_idx_load3] The index file is older than the data file: /bip7_disk/pingting114/mixed_bam/COLO829_PAO/TF1e-2_25x/TF1e-2_25x.rep1.bam.bai
[W::hts_idx_load3] The index file is older than the data file: /bip7_disk/pingting114/mixed_bam/COLO829_PAO/TF1e-2_25x/TF1e-2_25x.rep1.bam.bai
[W::hts_idx_load3] The index file is older than the data file: /bip7_disk/pingting114/mixed_bam/COLO829_PAO/TF1e-2_25x/TF1e-2_25x.rep1.bam.bai
[W::bam_next_basemod] MM tag refers to bases beyond sequence length
[E::bam_parse_basemod2] db0bd311-2c38-4f8a-bdb1-ae8d1c671c33: MM tag refers to bases beyond sequence length
[W::hts_idx_load3] The index file is older than the data file: /bip7_disk/pingting114/mixed_bam/COLO829_PAO/TF1e-2_25x/TF1e-2_25x.rep1.bam.bai
[W::hts_idx_load3] The index file is older than the data file: /bip7_disk/pingting114/mixed_bam/COLO829_PAO/TF1e-2_25x/TF1e-2_25x.rep1.bam.bai
[W::bam_next_basemod] MM tag refers to bases beyond sequence length
[W::hts_idx_load3] The index file is older than the data file: /bip7_disk/pingting114/mixed_bam/COLO829_PAO/TF1e-2_25x/TF1e-2_25x.rep1.bam.bai
[W::hts_idx_load3] The index file is older than the data file: /bip7_disk/pingting114/mixed_bam/COLO829_PAO/TF1e-2_25x/TF1e-2_25x.rep1.bam.bai
[W::hts_idx_load3] The index file is older than the data file: /bip7_disk/pingting114/mixed_bam/COLO829_PAO/TF1e-2_25x/TF1e-2_25x.rep1.bam.bai
[W::bam_next_basemod] MM tag refers to bases beyond sequence length
[W::hts_idx_load3] The index file is older than the data file: /bip7_disk/pingting114/mixed_bam/COLO829_PAO/TF1e-2_25x/TF1e-2_25x.rep1.bam.bai
[W::hts_idx_load3] The index file is older than the data file: /bip7_disk/pingting114/mixed_bam/COLO829_PAO/TF1e-2_25x/TF1e-2_25x.rep1.bam.bai
[W::hts_idx_load3] The index file is older than the data file: /bip7_disk/pingting114/mixed_bam/COLO829_PAO/TF1e-2_25x/TF1e-2_25x.rep1.bam.bai
[W::hts_idx_load3] The index file is older than the data file: /bip7_disk/pingting114/mixed_bam/COLO829_PAO/TF1e-2_25x/TF1e-2_25x.rep1.bam.bai
[W::bam_next_basemod] MM tag refers to bases beyond sequence length
[E::bam_parse_basemod2] 8a739347-9af6-4217-9b83-ba2d7f4ec79f: MM tag refers to bases beyond sequence length
[W::hts_idx_load3] The index file is older than the data file: /bip7_disk/pingting114/mixed_bam/COLO829_PAO/TF1e-2_25x/TF1e-2_25x.rep1.bam.bai
[W::hts_idx_load3] The index file is older than the data file: /bip7_disk/pingting114/mixed_bam/COLO829_PAO/TF1e-2_25x/TF1e-2_25x.rep1.bam.bai
[W::hts_idx_load3] The index file is older than the data file: /bip7_disk/pingting114/mixed_bam/COLO829_PAO/TF1e-2_25x/TF1e-2_25x.rep1.bam.bai
[W::hts_idx_load3] The index file is older than the data file: /bip7_disk/pingting114/mixed_bam/COLO829_PAO/TF1e-2_25x/TF1e-2_25x.rep1.bam.bai
[W::bam_next_basemod] MM tag refers to bases beyond sequence length
[E::bam_parse_basemod2] 203ffe4b-af4a-4db1-9b46-0f5206249d87: MM tag refers to bases beyond sequence length
[W::hts_idx_load3] The index file is older than the data file: /bip7_disk/pingting114/mixed_bam/COLO829_PAO/TF1e-2_25x/TF1e-2_25x.rep1.bam.bai
[W::bam_next_basemod] MM tag refers to bases beyond sequence length
[W::hts_idx_load3] The index file is older than the data file: /bip7_disk/pingting114/mixed_bam/COLO829_PAO/TF1e-2_25x/TF1e-2_25x.rep1.bam.bai
[W::bam_next_basemod] MM tag refers to bases beyond sequence length
[W::hts_idx_load3] The index file is older than the data file: /bip7_disk/pingting114/mixed_bam/COLO829_PAO/TF1e-2_25x/TF1e-2_25x.rep1.bam.bai
[W::bam_next_basemod] MM tag refers to bases beyond sequence length
[W::hts_idx_load3] The index file is older than the data file: /bip7_disk/pingting114/mixed_bam/COLO829_PAO/TF1e-2_25x/TF1e-2_25x.rep1.bam.bai
[W::hts_idx_load3] The index file is older than the data file: /bip7_disk/pingting114/mixed_bam/COLO829_PAO/TF1e-2_25x/TF1e-2_25x.rep1.bam.bai
[E::bam_parse_basemod2] 1c09165e-01c4-4e15-b7e7-5b99df05675a: MM tag refers to bases beyond sequence length
[W::hts_idx_load3] The index file is older than the data file: /bip7_disk/pingting114/mixed_bam/COLO829_PAO/TF1e-2_25x/TF1e-2_25x.rep1.bam.bai
[W::hts_idx_load3] The index file is older than the data file: /bip7_disk/pingting114/mixed_bam/COLO829_PAO/TF1e-2_25x/TF1e-2_25x.rep1.bam.bai
[E::bam_parse_basemod2] e435da26-cee0-4ba5-a3c9-d20b090d40a0: MM tag refers to bases beyond sequence length
[W::hts_idx_load3] The index file is older than the data file: /bip7_disk/pingting114/mixed_bam/COLO829_PAO/TF1e-2_25x/TF1e-2_25x.rep1.bam.bai
[W::hts_idx_load3] The index file is older than the data file: /bip7_disk/pingting114/mixed_bam/COLO829_PAO/TF1e-2_25x/TF1e-2_25x.rep1.bam.bai
[W::hts_idx_load3] The index file is older than the data file: /bip7_disk/pingting114/mixed_bam/COLO829_PAO/TF1e-2_25x/TF1e-2_25x.rep1.bam.bai
[W::hts_idx_load3] The index file is older than the data file: /bip7_disk/pingting114/mixed_bam/COLO829_PAO/TF1e-2_25x/TF1e-2_25x.rep1.bam.bai
[W::bam_next_basemod] MM tag refers to bases beyond sequence length
[E::bam_parse_basemod2] a372fcfb-4d33-41f5-812c-2a368ba6a7f3: MM tag refers to bases beyond sequence length
[W::hts_idx_load3] The index file is older than the data file: /bip7_disk/pingting114/mixed_bam/COLO829_PAO/TF1e-2_25x/TF1e-2_25x.rep1.bam.bai
[W::hts_idx_load3] The index file is older than the data file: /bip7_disk/pingting114/mixed_bam/COLO829_PAO/TF1e-2_25x/TF1e-2_25x.rep1.bam.bai
[W::bam_next_basemod] MM tag refers to bases beyond sequence length
[W::hts_idx_load3] The index file is older than the data file: /bip7_disk/pingting114/mixed_bam/COLO829_PAO/TF1e-2_25x/TF1e-2_25x.rep1.bam.bai
[E::bam_parse_basemod2] 01b75000-b1b5-4b3d-970a-3a1383ba34f7: MM tag refers to bases beyond sequence length
[W::hts_idx_load3] The index file is older than the data file: /bip7_disk/pingting114/mixed_bam/COLO829_PAO/TF1e-2_25x/TF1e-2_25x.rep1.bam.bai
[W::hts_idx_load3] The index file is older than the data file: /bip7_disk/pingting114/mixed_bam/COLO829_PAO/TF1e-2_25x/TF1e-2_25x.rep1.bam.bai
[W::hts_idx_load3] The index file is older than the data file: /bip7_disk/pingting114/mixed_bam/COLO829_PAO/TF1e-2_25x/TF1e-2_25x.rep1.bam.bai
[W::hts_idx_load3] The index file is older than the data file: /bip7_disk/pingting114/mixed_bam/COLO829_PAO/TF1e-2_25x/TF1e-2_25x.rep1.bam.bai
[E::bam_parse_basemod2] bfc1fbf2-365d-4635-a461-e6260cd6a9f4: MM tag refers to bases beyond sequence length
[W::hts_idx_load3] The index file is older than the data file: /bip7_disk/pingting114/mixed_bam/COLO829_PAO/TF1e-2_25x/TF1e-2_25x.rep1.bam.bai
[W::hts_idx_load3] The index file is older than the data file: /bip7_disk/pingting114/mixed_bam/COLO829_PAO/TF1e-2_25x/TF1e-2_25x.rep1.bam.bai
[W::hts_idx_load3] The index file is older than the data file: /bip7_disk/pingting114/mixed_bam/COLO829_PAO/TF1e-2_25x/TF1e-2_25x.rep1.bam.bai
[W::hts_idx_load3] The index file is older than the data file: /bip7_disk/pingting114/mixed_bam/COLO829_PAO/TF1e-2_25x/TF1e-2_25x.rep1.bam.bai
[W::hts_idx_load3] The index file is older than the data file: /bip7_disk/pingting114/mixed_bam/COLO829_PAO/TF1e-2_25x/TF1e-2_25x.rep1.bam.bai
[W::bam_next_basemod] MM tag refers to bases beyond sequence length
[W::hts_idx_load3] The index file is older than the data file: /bip7_disk/pingting114/mixed_bam/COLO829_PAO/TF1e-2_25x/TF1e-2_25x.rep1.bam.bai
[W::bam_next_basemod] MM tag refers to bases beyond sequence length
[W::hts_idx_load3] The index file is older than the data file: /bip7_disk/pingting114/mixed_bam/COLO829_PAO/TF1e-2_25x/TF1e-2_25x.rep1.bam.bai
[W::hts_idx_load3] The index file is older than the data file: /bip7_disk/pingting114/mixed_bam/COLO829_PAO/TF1e-2_25x/TF1e-2_25x.rep1.bam.bai
[E::bam_parse_basemod2] 2e0b7353-0d5b-498f-8614-26c5247eb450: MM tag refers to bases beyond sequence length
[W::hts_idx_load3] The index file is older than the data file: /bip7_disk/pingting114/mixed_bam/COLO829_PAO/TF1e-2_25x/TF1e-2_25x.rep1.bam.bai
[W::hts_idx_load3] The index file is older than the data file: /bip7_disk/pingting114/mixed_bam/COLO829_PAO/TF1e-2_25x/TF1e-2_25x.rep1.bam.bai
[W::hts_idx_load3] The index file is older than the data file: /bip7_disk/pingting114/mixed_bam/COLO829_PAO/TF1e-2_25x/TF1e-2_25x.rep1.bam.bai
[W::bam_next_basemod] MM tag refers to bases beyond sequence length
[E::bam_parse_basemod2] 545c7f3b-a607-475b-b453-494806d17ae6: MM tag refers to bases beyond sequence length
[W::hts_idx_load3] The index file is older than the data file: /bip7_disk/pingting114/mixed_bam/COLO829_PAO/TF1e-2_25x/TF1e-2_25x.rep1.bam.bai
[W::hts_idx_load3] The index file is older than the data file: /bip7_disk/pingting114/mixed_bam/COLO829_PAO/TF1e-2_25x/TF1e-2_25x.rep1.bam.bai
[W::hts_idx_load3] The index file is older than the data file: /bip7_disk/pingting114/mixed_bam/COLO829_PAO/TF1e-2_25x/TF1e-2_25x.rep1.bam.bai
[W::hts_idx_load3] The index file is older than the data file: /bip7_disk/pingting114/mixed_bam/COLO829_PAO/TF1e-2_25x/TF1e-2_25x.rep1.bam.bai
[W::hts_idx_load3] The index file is older than the data file: /bip7_disk/pingting114/mixed_bam/COLO829_PAO/TF1e-2_25x/TF1e-2_25x.rep1.bam.bai
[W::hts_idx_load3] The index file is older than the data file: /bip7_disk/pingting114/mixed_bam/COLO829_PAO/TF1e-2_25x/TF1e-2_25x.rep1.bam.bai
[W::hts_idx_load3] The index file is older than the data file: /bip7_disk/pingting114/mixed_bam/COLO829_PAO/TF1e-2_25x/TF1e-2_25x.rep1.bam.bai
[W::hts_idx_load3] The index file is older than the data file: /bip7_disk/pingting114/mixed_bam/COLO829_PAO/TF1e-2_25x/TF1e-2_25x.rep1.bam.bai
[W::hts_idx_load3] The index file is older than the data file: /bip7_disk/pingting114/mixed_bam/COLO829_PAO/TF1e-2_25x/TF1e-2_25x.rep1.bam.bai
[W::hts_idx_load3] The index file is older than the data file: /bip7_disk/pingting114/mixed_bam/COLO829_PAO/TF1e-2_25x/TF1e-2_25x.rep1.bam.bai
[W::hts_idx_load3] The index file is older than the data file: /bip7_disk/pingting114/mixed_bam/COLO829_PAO/TF1e-2_25x/TF1e-2_25x.rep1.bam.bai
[W::bam_next_basemod] MM tag refers to bases beyond sequence length
[W::hts_idx_load3] The index file is older than the data file: /bip7_disk/pingting114/mixed_bam/COLO829_PAO/TF1e-2_25x/TF1e-2_25x.rep1.bam.bai
[W::hts_idx_load3] The index file is older than the data file: /bip7_disk/pingting114/mixed_bam/COLO829_PAO/TF1e-2_25x/TF1e-2_25x.rep1.bam.bai
[W::hts_idx_load3] The index file is older than the data file: /bip7_disk/pingting114/mixed_bam/COLO829_PAO/TF1e-2_25x/TF1e-2_25x.rep1.bam.bai
[W::hts_idx_load3] The index file is older than the data file: /bip7_disk/pingting114/mixed_bam/COLO829_PAO/TF1e-2_25x/TF1e-2_25x.rep1.bam.bai
[W::hts_idx_load3] The index file is older than the data file: /bip7_disk/pingting114/mixed_bam/COLO829_PAO/TF1e-2_25x/TF1e-2_25x.rep1.bam.bai
[W::hts_idx_load3] The index file is older than the data file: /bip7_disk/pingting114/mixed_bam/COLO829_PAO/TF1e-2_25x/TF1e-2_25x.rep1.bam.bai
[E::bam_parse_basemod2] 7f57788a-edef-4e48-af3c-f22a51a025c9: MM tag refers to bases beyond sequence length
[W::bam_next_basemod] MM tag refers to bases beyond sequence length
[W::hts_idx_load3] The index file is older than the data file: /bip7_disk/pingting114/mixed_bam/COLO829_PAO/TF1e-2_25x/TF1e-2_25x.rep1.bam.bai
[W::hts_idx_load3] The index file is older than the data file: /bip7_disk/pingting114/mixed_bam/COLO829_PAO/TF1e-2_25x/TF1e-2_25x.rep1.bam.bai
[W::hts_idx_load3] The index file is older than the data file: /bip7_disk/pingting114/mixed_bam/COLO829_PAO/TF1e-2_25x/TF1e-2_25x.rep1.bam.bai
[W::hts_idx_load3] The index file is older than the data file: /bip7_disk/pingting114/mixed_bam/COLO829_PAO/TF1e-2_25x/TF1e-2_25x.rep1.bam.bai
[W::hts_idx_load3] The index file is older than the data file: /bip7_disk/pingting114/mixed_bam/COLO829_PAO/TF1e-2_25x/TF1e-2_25x.rep1.bam.bai
[W::hts_idx_load3] The index file is older than the data file: /bip7_disk/pingting114/mixed_bam/COLO829_PAO/TF1e-2_25x/TF1e-2_25x.rep1.bam.bai
[W::hts_idx_load3] The index file is older than the data file: /bip7_disk/pingting114/mixed_bam/COLO829_PAO/TF1e-2_25x/TF1e-2_25x.rep1.bam.bai
[W::hts_idx_load3] The index file is older than the data file: /bip7_disk/pingting114/mixed_bam/COLO829_PAO/TF1e-2_25x/TF1e-2_25x.rep1.bam.bai
[W::hts_idx_load3] The index file is older than the data file: /bip7_disk/pingting114/mixed_bam/COLO829_PAO/TF1e-2_25x/TF1e-2_25x.rep1.bam.bai
[W::hts_idx_load3] The index file is older than the data file: /bip7_disk/pingting114/mixed_bam/COLO829_PAO/TF1e-2_25x/TF1e-2_25x.rep1.bam.bai
[E::bam_parse_basemod2] cb15d8cf-330a-4902-987a-2033302b1519: MM tag refers to bases beyond sequence length
[W::hts_idx_load3] The index file is older than the data file: /bip7_disk/pingting114/mixed_bam/COLO829_PAO/TF1e-2_25x/TF1e-2_25x.rep1.bam.bai
[W::hts_idx_load3] The index file is older than the data file: /bip7_disk/pingting114/mixed_bam/COLO829_PAO/TF1e-2_25x/TF1e-2_25x.rep1.bam.bai
[W::hts_idx_load3] The index file is older than the data file: /bip7_disk/pingting114/mixed_bam/COLO829_PAO/TF1e-2_25x/TF1e-2_25x.rep1.bam.bai
[W::hts_idx_load3] The index file is older than the data file: /bip7_disk/pingting114/mixed_bam/COLO829_PAO/TF1e-2_25x/TF1e-2_25x.rep1.bam.bai
[W::hts_idx_load3] The index file is older than the data file: /bip7_disk/pingting114/mixed_bam/COLO829_PAO/TF1e-2_25x/TF1e-2_25x.rep1.bam.bai
[W::hts_idx_load3] The index file is older than the data file: /bip7_disk/pingting114/mixed_bam/COLO829_PAO/TF1e-2_25x/TF1e-2_25x.rep1.bam.bai
[W::hts_idx_load3] The index file is older than the data file: /bip7_disk/pingting114/mixed_bam/COLO829_PAO/TF1e-2_25x/TF1e-2_25x.rep1.bam.bai
[W::hts_idx_load3] The index file is older than the data file: /bip7_disk/pingting114/mixed_bam/COLO829_PAO/TF1e-2_25x/TF1e-2_25x.rep1.bam.bai
[W::hts_idx_load3] The index file is older than the data file: /bip7_disk/pingting114/mixed_bam/COLO829_PAO/TF1e-2_25x/TF1e-2_25x.rep1.bam.bai
[W::bam_next_basemod] MM tag refers to bases beyond sequence length
[W::bam_next_basemod] MM tag refers to bases beyond sequence length
[W::hts_idx_load3] The index file is older than the data file: /bip7_disk/pingting114/mixed_bam/COLO829_PAO/TF1e-2_25x/TF1e-2_25x.rep1.bam.bai
[E::bam_parse_basemod2] 927fcd68-4894-419f-86ac-55689b58978c: MM tag refers to bases beyond sequence length
[W::hts_idx_load3] The index file is older than the data file: /bip7_disk/pingting114/mixed_bam/COLO829_PAO/TF1e-2_25x/TF1e-2_25x.rep1.bam.bai
[W::hts_idx_load3] The index file is older than the data file: /bip7_disk/pingting114/mixed_bam/COLO829_PAO/TF1e-2_25x/TF1e-2_25x.rep1.bam.bai
[W::hts_idx_load3] The index file is older than the data file: /bip7_disk/pingting114/mixed_bam/COLO829_PAO/TF1e-2_25x/TF1e-2_25x.rep1.bam.bai
[W::hts_idx_load3] The index file is older than the data file: /bip7_disk/pingting114/mixed_bam/COLO829_PAO/TF1e-2_25x/TF1e-2_25x.rep1.bam.bai
[W::hts_idx_load3] The index file is older than the data file: /bip7_disk/pingting114/mixed_bam/COLO829_PAO/TF1e-2_25x/TF1e-2_25x.rep1.bam.bai
[W::hts_idx_load3] The index file is older than the data file: /bip7_disk/pingting114/mixed_bam/COLO829_PAO/TF1e-2_25x/TF1e-2_25x.rep1.bam.bai
[W::hts_idx_load3] The index file is older than the data file: /bip7_disk/pingting114/mixed_bam/COLO829_PAO/TF1e-2_25x/TF1e-2_25x.rep1.bam.bai
[E::bam_parse_basemod2] c187e46b-872d-4842-a733-1efb9b409b6c: MM tag refers to bases beyond sequence length
[W::hts_idx_load3] The index file is older than the data file: /bip7_disk/pingting114/mixed_bam/COLO829_PAO/TF1e-2_25x/TF1e-2_25x.rep1.bam.bai
[W::hts_idx_load3] The index file is older than the data file: /bip7_disk/pingting114/mixed_bam/COLO829_PAO/TF1e-2_25x/TF1e-2_25x.rep1.bam.bai
[E::bam_parse_basemod2] d844b37a-67fa-4cb8-bbcd-7cbfb17ac62c: MM tag refers to bases beyond sequence length
[W::hts_idx_load3] The index file is older than the data file: /bip7_disk/pingting114/mixed_bam/COLO829_PAO/TF1e-2_25x/TF1e-2_25x.rep1.bam.bai
[W::hts_idx_load3] The index file is older than the data file: /bip7_disk/pingting114/mixed_bam/COLO829_PAO/TF1e-2_25x/TF1e-2_25x.rep1.bam.bai
[W::hts_idx_load3] The index file is older than the data file: /bip7_disk/pingting114/mixed_bam/COLO829_PAO/TF1e-2_25x/TF1e-2_25x.rep1.bam.bai
[W::hts_idx_load3] The index file is older than the data file: /bip7_disk/pingting114/mixed_bam/COLO829_PAO/TF1e-2_25x/TF1e-2_25x.rep1.bam.bai
[E::bam_parse_basemod2] 85f9e1ba-cfb8-47f4-86f2-f2ac7286d447: MM tag refers to bases beyond sequence length
[W::hts_idx_load3] The index file is older than the data file: /bip7_disk/pingting114/mixed_bam/COLO829_PAO/TF1e-2_25x/TF1e-2_25x.rep1.bam.bai
[W::bam_next_basemod] MM tag refers to bases beyond sequence length
[W::hts_idx_load3] The index file is older than the data file: /bip7_disk/pingting114/mixed_bam/COLO829_PAO/TF1e-2_25x/TF1e-2_25x.rep1.bam.bai
[W::bam_next_basemod] MM tag refers to bases beyond sequence length
[W::bam_next_basemod] MM tag refers to bases beyond sequence length
[W::hts_idx_load3] The index file is older than the data file: /bip7_disk/pingting114/mixed_bam/COLO829_PAO/TF1e-2_25x/TF1e-2_25x.rep1.bam.bai
[W::bam_next_basemod] MM tag refers to bases beyond sequence length
[W::bam_next_basemod] MM tag refers to bases beyond sequence length
[W::hts_idx_load3] The index file is older than the data file: /bip7_disk/pingting114/mixed_bam/COLO829_PAO/TF1e-2_25x/TF1e-2_25x.rep1.bam.bai
[W::hts_idx_load3] The index file is older than the data file: /bip7_disk/pingting114/mixed_bam/COLO829_PAO/TF1e-2_25x/TF1e-2_25x.rep1.bam.bai
[W::hts_idx_load3] The index file is older than the data file: /bip7_disk/pingting114/mixed_bam/COLO829_PAO/TF1e-2_25x/TF1e-2_25x.rep1.bam.bai
[E::bam_parse_basemod2] b975f8fa-86fc-46f6-b37a-cc7038fc02c1: MM tag refers to bases beyond sequence length
[W::hts_idx_load3] The index file is older than the data file: /bip7_disk/pingting114/mixed_bam/COLO829_PAO/TF1e-2_25x/TF1e-2_25x.rep1.bam.bai
[W::hts_idx_load3] The index file is older than the data file: /bip7_disk/pingting114/mixed_bam/COLO829_PAO/TF1e-2_25x/TF1e-2_25x.rep1.bam.bai
[W::hts_idx_load3] The index file is older than the data file: /bip7_disk/pingting114/mixed_bam/COLO829_PAO/TF1e-2_25x/TF1e-2_25x.rep1.bam.bai
[W::hts_idx_load3] The index file is older than the data file: /bip7_disk/pingting114/mixed_bam/COLO829_PAO/TF1e-2_25x/TF1e-2_25x.rep1.bam.bai
[W::bam_next_basemod] MM tag refers to bases beyond sequence length
[W::bam_next_basemod] MM tag refers to bases beyond sequence length
[W::hts_idx_load3] The index file is older than the data file: /bip7_disk/pingting114/mixed_bam/COLO829_PAO/TF1e-2_25x/TF1e-2_25x.rep1.bam.bai
[W::hts_idx_load3] The index file is older than the data file: /bip7_disk/pingting114/mixed_bam/COLO829_PAO/TF1e-2_25x/TF1e-2_25x.rep1.bam.bai
[E::bam_parse_basemod2] 298f36f2-480b-4b35-afb9-eec1e0ee9a7c: MM tag refers to bases beyond sequence length
[W::hts_idx_load3] The index file is older than the data file: /bip7_disk/pingting114/mixed_bam/COLO829_PAO/TF1e-2_25x/TF1e-2_25x.rep1.bam.bai
[W::hts_idx_load3] The index file is older than the data file: /bip7_disk/pingting114/mixed_bam/COLO829_PAO/TF1e-2_25x/TF1e-2_25x.rep1.bam.bai
[W::hts_idx_load3] The index file is older than the data file: /bip7_disk/pingting114/mixed_bam/COLO829_PAO/TF1e-2_25x/TF1e-2_25x.rep1.bam.bai
[W::hts_idx_load3] The index file is older than the data file: /bip7_disk/pingting114/mixed_bam/COLO829_PAO/TF1e-2_25x/TF1e-2_25x.rep1.bam.bai
[W::hts_idx_load3] The index file is older than the data file: /bip7_disk/pingting114/mixed_bam/COLO829_PAO/TF1e-2_25x/TF1e-2_25x.rep1.bam.bai
[W::hts_idx_load3] The index file is older than the data file: /bip7_disk/pingting114/mixed_bam/COLO829_PAO/TF1e-2_25x/TF1e-2_25x.rep1.bam.bai
[W::bam_next_basemod] MM tag refers to bases beyond sequence length
[W::hts_idx_load3] The index file is older than the data file: /bip7_disk/pingting114/mixed_bam/COLO829_PAO/TF1e-2_25x/TF1e-2_25x.rep1.bam.bai
[W::hts_idx_load3] The index file is older than the data file: /bip7_disk/pingting114/mixed_bam/COLO829_PAO/TF1e-2_25x/TF1e-2_25x.rep1.bam.bai
[E::bam_parse_basemod2] 33fe8a14-65aa-4071-8f0a-9fb7e6b3e7ec: MM tag refers to bases beyond sequence length
[E::bam_parse_basemod2] bb66b114-38d8-4e8a-8e31-ae23c983fc07: MM tag refers to bases beyond sequence length
[W::hts_idx_load3] The index file is older than the data file: /bip7_disk/pingting114/mixed_bam/COLO829_PAO/TF1e-2_25x/TF1e-2_25x.rep1.bam.bai
[W::hts_idx_load3] The index file is older than the data file: /bip7_disk/pingting114/mixed_bam/COLO829_PAO/TF1e-2_25x/TF1e-2_25x.rep1.bam.bai
[E::bam_parse_basemod2] 108285b9-3629-4850-a1a2-2c912f8899a5: MM tag refers to bases beyond sequence length
[W::bam_next_basemod] MM tag refers to bases beyond sequence length
[E::bam_parse_basemod2] e72cc74f-654e-4d92-ba7d-7cc1ea724707: MM tag refers to bases beyond sequence length
[W::hts_idx_load3] The index file is older than the data file: /bip7_disk/pingting114/mixed_bam/COLO829_PAO/TF1e-2_25x/TF1e-2_25x.rep1.bam.bai
[E::bam_parse_basemod2] be03486a-eb7a-48e9-a558-f7a011deb9d5: MM tag refers to bases beyond sequence length
[W::bam_next_basemod] MM tag refers to bases beyond sequence length
[E::bam_parse_basemod2] fea11396-79a6-4b5a-8104-5a50a32f0e48: MM tag refers to bases beyond sequence length
[W::hts_idx_load3] The index file is older than the data file: /bip7_disk/pingting114/mixed_bam/COLO829_PAO/TF1e-2_25x/TF1e-2_25x.rep1.bam.bai
[W::hts_idx_load3] The index file is older than the data file: /bip7_disk/pingting114/mixed_bam/COLO829_PAO/TF1e-2_25x/TF1e-2_25x.rep1.bam.bai
[W::bam_next_basemod] MM tag refers to bases beyond sequence length
[W::bam_next_basemod] MM tag refers to bases beyond sequence length
[W::hts_idx_load3] The index file is older than the data file: /bip7_disk/pingting114/mixed_bam/COLO829_PAO/TF1e-2_25x/TF1e-2_25x.rep1.bam.bai
[W::bam_next_basemod] MM tag refers to bases beyond sequence length
[W::hts_idx_load3] The index file is older than the data file: /bip7_disk/pingting114/mixed_bam/COLO829_PAO/TF1e-2_25x/TF1e-2_25x.rep1.bam.bai
[W::bam_next_basemod] MM tag refers to bases beyond sequence length
[W::hts_idx_load3] The index file is older than the data file: /bip7_disk/pingting114/mixed_bam/COLO829_PAO/TF1e-2_25x/TF1e-2_25x.rep1.bam.bai
[W::hts_idx_load3] The index file is older than the data file: /bip7_disk/pingting114/mixed_bam/COLO829_PAO/TF1e-2_25x/TF1e-2_25x.rep1.bam.bai
[W::hts_idx_load3] The index file is older than the data file: /bip7_disk/pingting114/mixed_bam/COLO829_PAO/TF1e-2_25x/TF1e-2_25x.rep1.bam.bai
[W::hts_idx_load3] The index file is older than the data file: /bip7_disk/pingting114/mixed_bam/COLO829_PAO/TF1e-2_25x/TF1e-2_25x.rep1.bam.bai
[W::hts_idx_load3] The index file is older than the data file: /bip7_disk/pingting114/mixed_bam/COLO829_PAO/TF1e-2_25x/TF1e-2_25x.rep1.bam.bai
[W::hts_idx_load3] The index file is older than the data file: /bip7_disk/pingting114/mixed_bam/COLO829_PAO/TF1e-2_25x/TF1e-2_25x.rep1.bam.bai
[W::hts_idx_load3] The index file is older than the data file: /bip7_disk/pingting114/mixed_bam/COLO829_PAO/TF1e-2_25x/TF1e-2_25x.rep1.bam.bai
[W::hts_idx_load3] The index file is older than the data file: /bip7_disk/pingting114/mixed_bam/COLO829_PAO/TF1e-2_25x/TF1e-2_25x.rep1.bam.bai
[W::hts_idx_load3] The index file is older than the data file: /bip7_disk/pingting114/mixed_bam/COLO829_PAO/TF1e-2_25x/TF1e-2_25x.rep1.bam.bai
[W::bam_next_basemod] MM tag refers to bases beyond sequence length
[E::bam_parse_basemod2] 1f8034ff-dde0-4e4c-874c-5747988f2596: MM tag refers to bases beyond sequence length
[W::hts_idx_load3] The index file is older than the data file: /bip7_disk/pingting114/mixed_bam/COLO829_PAO/TF1e-2_25x/TF1e-2_25x.rep1.bam.bai
[W::hts_idx_load3] The index file is older than the data file: /bip7_disk/pingting114/mixed_bam/COLO829_PAO/TF1e-2_25x/TF1e-2_25x.rep1.bam.bai
[E::bam_parse_basemod2] 23903d54-c558-49a5-b467-9b4f2dd3b62d: MM tag refers to bases beyond sequence length
[W::hts_idx_load3] The index file is older than the data file: /bip7_disk/pingting114/mixed_bam/COLO829_PAO/TF1e-2_25x/TF1e-2_25x.rep1.bam.bai
[W::hts_idx_load3] The index file is older than the data file: /bip7_disk/pingting114/mixed_bam/COLO829_PAO/TF1e-2_25x/TF1e-2_25x.rep1.bam.bai
[W::hts_idx_load3] The index file is older than the data file: /bip7_disk/pingting114/mixed_bam/COLO829_PAO/TF1e-2_25x/TF1e-2_25x.rep1.bam.bai
[W::hts_idx_load3] The index file is older than the data file: /bip7_disk/pingting114/mixed_bam/COLO829_PAO/TF1e-2_25x/TF1e-2_25x.rep1.bam.bai
[W::hts_idx_load3] The index file is older than the data file: /bip7_disk/pingting114/mixed_bam/COLO829_PAO/TF1e-2_25x/TF1e-2_25x.rep1.bam.bai
[W::hts_idx_load3] The index file is older than the data file: /bip7_disk/pingting114/mixed_bam/COLO829_PAO/TF1e-2_25x/TF1e-2_25x.rep1.bam.bai
[W::hts_idx_load3] The index file is older than the data file: /bip7_disk/pingting114/mixed_bam/COLO829_PAO/TF1e-2_25x/TF1e-2_25x.rep1.bam.bai
[W::hts_idx_load3] The index file is older than the data file: /bip7_disk/pingting114/mixed_bam/COLO829_PAO/TF1e-2_25x/TF1e-2_25x.rep1.bam.bai
[W::hts_idx_load3] The index file is older than the data file: /bip7_disk/pingting114/mixed_bam/COLO829_PAO/TF1e-2_25x/TF1e-2_25x.rep1.bam.bai
[W::hts_idx_load3] The index file is older than the data file: /bip7_disk/pingting114/mixed_bam/COLO829_PAO/TF1e-2_25x/TF1e-2_25x.rep1.bam.bai
[W::hts_idx_load3] The index file is older than the data file: /bip7_disk/pingting114/mixed_bam/COLO829_PAO/TF1e-2_25x/TF1e-2_25x.rep1.bam.bai
[E::bam_parse_basemod2] 01a40927-aa9e-42c6-a564-ac9d12e6cb52: MM tag refers to bases beyond sequence length
[W::hts_idx_load3] The index file is older than the data file: /bip7_disk/pingting114/mixed_bam/COLO829_PAO/TF1e-2_25x/TF1e-2_25x.rep1.bam.bai
[W::hts_idx_load3] The index file is older than the data file: /bip7_disk/pingting114/mixed_bam/COLO829_PAO/TF1e-2_25x/TF1e-2_25x.rep1.bam.bai
[W::bam_next_basemod] MM tag refers to bases beyond sequence length
[W::hts_idx_load3] The index file is older than the data file: /bip7_disk/pingting114/mixed_bam/COLO829_PAO/TF1e-2_25x/TF1e-2_25x.rep1.bam.bai
[W::hts_idx_load3] The index file is older than the data file: /bip7_disk/pingting114/mixed_bam/COLO829_PAO/TF1e-2_25x/TF1e-2_25x.rep1.bam.bai
[W::hts_idx_load3] The index file is older than the data file: /bip7_disk/pingting114/mixed_bam/COLO829_PAO/TF1e-2_25x/TF1e-2_25x.rep1.bam.bai
[E::bam_parse_basemod2] 4735aa1a-eea4-4485-a4b1-6ed06ddab75b: MM tag refers to bases beyond sequence length
[W::hts_idx_load3] The index file is older than the data file: /bip7_disk/pingting114/mixed_bam/COLO829_PAO/TF1e-2_25x/TF1e-2_25x.rep1.bam.bai
[W::bam_next_basemod] MM tag refers to bases beyond sequence length
[W::hts_idx_load3] The index file is older than the data file: /bip7_disk/pingting114/mixed_bam/COLO829_PAO/TF1e-2_25x/TF1e-2_25x.rep1.bam.bai
[W::bam_next_basemod] MM tag refers to bases beyond sequence length
[W::hts_idx_load3] The index file is older than the data file: /bip7_disk/pingting114/mixed_bam/COLO829_PAO/TF1e-2_25x/TF1e-2_25x.rep1.bam.bai
[W::bam_next_basemod] MM tag refers to bases beyond sequence length
[W::hts_idx_load3] The index file is older than the data file: /bip7_disk/pingting114/mixed_bam/COLO829_PAO/TF1e-2_25x/TF1e-2_25x.rep1.bam.bai
[W::hts_idx_load3] The index file is older than the data file: /bip7_disk/pingting114/mixed_bam/COLO829_PAO/TF1e-2_25x/TF1e-2_25x.rep1.bam.bai
[W::bam_next_basemod] MM tag refers to bases beyond sequence length
[W::hts_idx_load3] The index file is older than the data file: /bip7_disk/pingting114/mixed_bam/COLO829_PAO/TF1e-2_25x/TF1e-2_25x.rep1.bam.bai
[W::bam_next_basemod] MM tag refers to bases beyond sequence length
[W::bam_next_basemod] MM tag refers to bases beyond sequence length
[W::hts_idx_load3] The index file is older than the data file: /bip7_disk/pingting114/mixed_bam/COLO829_PAO/TF1e-2_25x/TF1e-2_25x.rep1.bam.bai
[W::bam_next_basemod] MM tag refers to bases beyond sequence length
[E::bam_parse_basemod2] ddb339b4-943e-4877-98d8-e08deef038fe: MM tag refers to bases beyond sequence length
[W::hts_idx_load3] The index file is older than the data file: /bip7_disk/pingting114/mixed_bam/COLO829_PAO/TF1e-2_25x/TF1e-2_25x.rep1.bam.bai
[W::hts_idx_load3] The index file is older than the data file: /bip7_disk/pingting114/mixed_bam/COLO829_PAO/TF1e-2_25x/TF1e-2_25x.rep1.bam.bai
[W::hts_idx_load3] The index file is older than the data file: /bip7_disk/pingting114/mixed_bam/COLO829_PAO/TF1e-2_25x/TF1e-2_25x.rep1.bam.bai
[W::bam_next_basemod] MM tag refers to bases beyond sequence length
[W::hts_idx_load3] The index file is older than the data file: /bip7_disk/pingting114/mixed_bam/COLO829_PAO/TF1e-2_25x/TF1e-2_25x.rep1.bam.bai
[W::hts_idx_load3] The index file is older than the data file: /bip7_disk/pingting114/mixed_bam/COLO829_PAO/TF1e-2_25x/TF1e-2_25x.rep1.bam.bai
[W::hts_idx_load3] The index file is older than the data file: /bip7_disk/pingting114/mixed_bam/COLO829_PAO/TF1e-2_25x/TF1e-2_25x.rep1.bam.bai
[W::bam_next_basemod] MM tag refers to bases beyond sequence length
[W::hts_idx_load3] The index file is older than the data file: /bip7_disk/pingting114/mixed_bam/COLO829_PAO/TF1e-2_25x/TF1e-2_25x.rep1.bam.bai
[W::hts_idx_load3] The index file is older than the data file: /bip7_disk/pingting114/mixed_bam/COLO829_PAO/TF1e-2_25x/TF1e-2_25x.rep1.bam.bai
[W::hts_idx_load3] The index file is older than the data file: /bip7_disk/pingting114/mixed_bam/COLO829_PAO/TF1e-2_25x/TF1e-2_25x.rep1.bam.bai
[W::hts_idx_load3] The index file is older than the data file: /bip7_disk/pingting114/mixed_bam/COLO829_PAO/TF1e-2_25x/TF1e-2_25x.rep1.bam.bai
[W::hts_idx_load3] The index file is older than the data file: /bip7_disk/pingting114/mixed_bam/COLO829_PAO/TF1e-2_25x/TF1e-2_25x.rep1.bam.bai
[W::bam_next_basemod] MM tag refers to bases beyond sequence length
[W::hts_idx_load3] The index file is older than the data file: /bip7_disk/pingting114/mixed_bam/COLO829_PAO/TF1e-2_25x/TF1e-2_25x.rep1.bam.bai
[W::hts_idx_load3] The index file is older than the data file: /bip7_disk/pingting114/mixed_bam/COLO829_PAO/TF1e-2_25x/TF1e-2_25x.rep1.bam.bai
[W::bam_next_basemod] MM tag refers to bases beyond sequence length
[W::hts_idx_load3] The index file is older than the data file: /bip7_disk/pingting114/mixed_bam/COLO829_PAO/TF1e-2_25x/TF1e-2_25x.rep1.bam.bai
[W::hts_idx_load3] The index file is older than the data file: /bip7_disk/pingting114/mixed_bam/COLO829_PAO/TF1e-2_25x/TF1e-2_25x.rep1.bam.bai
[W::hts_idx_load3] The index file is older than the data file: /bip7_disk/pingting114/mixed_bam/COLO829_PAO/TF1e-2_25x/TF1e-2_25x.rep1.bam.bai
[W::hts_idx_load3] The index file is older than the data file: /bip7_disk/pingting114/mixed_bam/COLO829_PAO/TF1e-2_25x/TF1e-2_25x.rep1.bam.bai
[W::hts_idx_load3] The index file is older than the data file: /bip7_disk/pingting114/mixed_bam/COLO829_PAO/TF1e-2_25x/TF1e-2_25x.rep1.bam.bai
[W::hts_idx_load3] The index file is older than the data file: /bip7_disk/pingting114/mixed_bam/COLO829_PAO/TF1e-2_25x/TF1e-2_25x.rep1.bam.bai
[W::hts_idx_load3] The index file is older than the data file: /bip7_disk/pingting114/mixed_bam/COLO829_PAO/TF1e-2_25x/TF1e-2_25x.rep1.bam.bai
[W::hts_idx_load3] The index file is older than the data file: /bip7_disk/pingting114/mixed_bam/COLO829_PAO/TF1e-2_25x/TF1e-2_25x.rep1.bam.bai
[W::hts_idx_load3] The index file is older than the data file: /bip7_disk/pingting114/mixed_bam/COLO829_PAO/TF1e-2_25x/TF1e-2_25x.rep1.bam.bai
[E::bam_parse_basemod2] b0a857a5-6677-4a50-b7f8-d5b6f0c1dafe: MM tag refers to bases beyond sequence length
[W::hts_idx_load3] The index file is older than the data file: /bip7_disk/pingting114/mixed_bam/COLO829_PAO/TF1e-2_25x/TF1e-2_25x.rep1.bam.bai
[W::hts_idx_load3] The index file is older than the data file: /bip7_disk/pingting114/mixed_bam/COLO829_PAO/TF1e-2_25x/TF1e-2_25x.rep1.bam.bai
[W::hts_idx_load3] The index file is older than the data file: /bip7_disk/pingting114/mixed_bam/COLO829_PAO/TF1e-2_25x/TF1e-2_25x.rep1.bam.bai
[W::hts_idx_load3] The index file is older than the data file: /bip7_disk/pingting114/mixed_bam/COLO829_PAO/TF1e-2_25x/TF1e-2_25x.rep1.bam.bai
[E::bam_parse_basemod2] 14c0e0e1-779a-4e03-8e90-e11063adbdc5: MM tag refers to bases beyond sequence length
[W::hts_idx_load3] The index file is older than the data file: /bip7_disk/pingting114/mixed_bam/COLO829_PAO/TF1e-2_25x/TF1e-2_25x.rep1.bam.bai
[W::hts_idx_load3] The index file is older than the data file: /bip7_disk/pingting114/mixed_bam/COLO829_PAO/TF1e-2_25x/TF1e-2_25x.rep1.bam.bai
[W::hts_idx_load3] The index file is older than the data file: /bip7_disk/pingting114/mixed_bam/COLO829_PAO/TF1e-2_25x/TF1e-2_25x.rep1.bam.bai
[E::bam_parse_basemod2] 20183ee3-bed7-41d7-9040-3cd432e3b32b: MM tag refers to bases beyond sequence length
[W::hts_idx_load3] The index file is older than the data file: /bip7_disk/pingting114/mixed_bam/COLO829_PAO/TF1e-2_25x/TF1e-2_25x.rep1.bam.bai
[W::hts_idx_load3] The index file is older than the data file: /bip7_disk/pingting114/mixed_bam/COLO829_PAO/TF1e-2_25x/TF1e-2_25x.rep1.bam.bai
[W::hts_idx_load3] The index file is older than the data file: /bip7_disk/pingting114/mixed_bam/COLO829_PAO/TF1e-2_25x/TF1e-2_25x.rep1.bam.bai
[W::hts_idx_load3] The index file is older than the data file: /bip7_disk/pingting114/mixed_bam/COLO829_PAO/TF1e-2_25x/TF1e-2_25x.rep1.bam.bai
[W::hts_idx_load3] The index file is older than the data file: /bip7_disk/pingting114/mixed_bam/COLO829_PAO/TF1e-2_25x/TF1e-2_25x.rep1.bam.bai
[W::bam_next_basemod] MM tag refers to bases beyond sequence length
[W::hts_idx_load3] The index file is older than the data file: /bip7_disk/pingting114/mixed_bam/COLO829_PAO/TF1e-2_25x/TF1e-2_25x.rep1.bam.bai
[W::hts_idx_load3] The index file is older than the data file: /bip7_disk/pingting114/mixed_bam/COLO829_PAO/TF1e-2_25x/TF1e-2_25x.rep1.bam.bai
[W::hts_idx_load3] The index file is older than the data file: /bip7_disk/pingting114/mixed_bam/COLO829_PAO/TF1e-2_25x/TF1e-2_25x.rep1.bam.bai
[W::hts_idx_load3] The index file is older than the data file: /bip7_disk/pingting114/mixed_bam/COLO829_PAO/TF1e-2_25x/TF1e-2_25x.rep1.bam.bai
[W::hts_idx_load3] The index file is older than the data file: /bip7_disk/pingting114/mixed_bam/COLO829_PAO/TF1e-2_25x/TF1e-2_25x.rep1.bam.bai
[W::hts_idx_load3] The index file is older than the data file: /bip7_disk/pingting114/mixed_bam/COLO829_PAO/TF1e-2_25x/TF1e-2_25x.rep1.bam.bai
[W::hts_idx_load3] The index file is older than the data file: /bip7_disk/pingting114/mixed_bam/COLO829_PAO/TF1e-2_25x/TF1e-2_25x.rep1.bam.bai
[W::bam_next_basemod] MM tag refers to bases beyond sequence length
[W::bam_next_basemod] MM tag refers to bases beyond sequence length
[W::hts_idx_load3] The index file is older than the data file: /bip7_disk/pingting114/mixed_bam/COLO829_PAO/TF1e-2_25x/TF1e-2_25x.rep1.bam.bai
[W::hts_idx_load3] The index file is older than the data file: /bip7_disk/pingting114/mixed_bam/COLO829_PAO/TF1e-2_25x/TF1e-2_25x.rep1.bam.bai
[W::hts_idx_load3] The index file is older than the data file: /bip7_disk/pingting114/mixed_bam/COLO829_PAO/TF1e-2_25x/TF1e-2_25x.rep1.bam.bai
[W::hts_idx_load3] The index file is older than the data file: /bip7_disk/pingting114/mixed_bam/COLO829_PAO/TF1e-2_25x/TF1e-2_25x.rep1.bam.bai
[W::hts_idx_load3] The index file is older than the data file: /bip7_disk/pingting114/mixed_bam/COLO829_PAO/TF1e-2_25x/TF1e-2_25x.rep1.bam.bai
[W::hts_idx_load3] The index file is older than the data file: /bip7_disk/pingting114/mixed_bam/COLO829_PAO/TF1e-2_25x/TF1e-2_25x.rep1.bam.bai
[W::hts_idx_load3] The index file is older than the data file: /bip7_disk/pingting114/mixed_bam/COLO829_PAO/TF1e-2_25x/TF1e-2_25x.rep1.bam.bai
[W::hts_idx_load3] The index file is older than the data file: /bip7_disk/pingting114/mixed_bam/COLO829_PAO/TF1e-2_25x/TF1e-2_25x.rep1.bam.bai
[W::hts_idx_load3] The index file is older than the data file: /bip7_disk/pingting114/mixed_bam/COLO829_PAO/TF1e-2_25x/TF1e-2_25x.rep1.bam.bai
[W::hts_idx_load3] The index file is older than the data file: /bip7_disk/pingting114/mixed_bam/COLO829_PAO/TF1e-2_25x/TF1e-2_25x.rep1.bam.bai
[W::hts_idx_load3] The index file is older than the data file: /bip7_disk/pingting114/mixed_bam/COLO829_PAO/TF1e-2_25x/TF1e-2_25x.rep1.bam.bai
[W::hts_idx_load3] The index file is older than the data file: /bip7_disk/pingting114/mixed_bam/COLO829_PAO/TF1e-2_25x/TF1e-2_25x.rep1.bam.bai
[W::hts_idx_load3] The index file is older than the data file: /bip7_disk/pingting114/mixed_bam/COLO829_PAO/TF1e-2_25x/TF1e-2_25x.rep1.bam.bai
[E::bam_parse_basemod2] 0383dcb3-208f-4c85-8673-e349598d3660: MM tag refers to bases beyond sequence length
[W::hts_idx_load3] The index file is older than the data file: /bip7_disk/pingting114/mixed_bam/COLO829_PAO/TF1e-2_25x/TF1e-2_25x.rep1.bam.bai
[W::hts_idx_load3] The index file is older than the data file: /bip7_disk/pingting114/mixed_bam/COLO829_PAO/TF1e-2_25x/TF1e-2_25x.rep1.bam.bai
[W::bam_next_basemod] MM tag refers to bases beyond sequence length
[W::hts_idx_load3] The index file is older than the data file: /bip7_disk/pingting114/mixed_bam/COLO829_PAO/TF1e-2_25x/TF1e-2_25x.rep1.bam.bai
[W::bam_next_basemod] MM tag refers to bases beyond sequence length
[E::bam_parse_basemod2] 9c216773-4a39-47a5-a1b6-638afa4b1524: MM tag refers to bases beyond sequence length
[W::hts_idx_load3] The index file is older than the data file: /bip7_disk/pingting114/mixed_bam/COLO829_PAO/TF1e-2_25x/TF1e-2_25x.rep1.bam.bai
[W::hts_idx_load3] The index file is older than the data file: /bip7_disk/pingting114/mixed_bam/COLO829_PAO/TF1e-2_25x/TF1e-2_25x.rep1.bam.bai
[W::hts_idx_load3] The index file is older than the data file: /bip7_disk/pingting114/mixed_bam/COLO829_PAO/TF1e-2_25x/TF1e-2_25x.rep1.bam.bai
[W::bam_next_basemod] MM tag refers to bases beyond sequence length
[W::hts_idx_load3] The index file is older than the data file: /bip7_disk/pingting114/mixed_bam/COLO829_PAO/TF1e-2_25x/TF1e-2_25x.rep1.bam.bai
[W::hts_idx_load3] The index file is older than the data file: /bip7_disk/pingting114/mixed_bam/COLO829_PAO/TF1e-2_25x/TF1e-2_25x.rep1.bam.bai
[W::hts_idx_load3] The index file is older than the data file: /bip7_disk/pingting114/mixed_bam/COLO829_PAO/TF1e-2_25x/TF1e-2_25x.rep1.bam.bai
[W::hts_idx_load3] The index file is older than the data file: /bip7_disk/pingting114/mixed_bam/COLO829_PAO/TF1e-2_25x/TF1e-2_25x.rep1.bam.bai
[W::bam_next_basemod] MM tag refers to bases beyond sequence length
[W::hts_idx_load3] The index file is older than the data file: /bip7_disk/pingting114/mixed_bam/COLO829_PAO/TF1e-2_25x/TF1e-2_25x.rep1.bam.bai
[W::bam_next_basemod] MM tag refers to bases beyond sequence length
[W::hts_idx_load3] The index file is older than the data file: /bip7_disk/pingting114/mixed_bam/COLO829_PAO/TF1e-2_25x/TF1e-2_25x.rep1.bam.bai
[W::bam_next_basemod] MM tag refers to bases beyond sequence length
[W::hts_idx_load3] The index file is older than the data file: /bip7_disk/pingting114/mixed_bam/COLO829_PAO/TF1e-2_25x/TF1e-2_25x.rep1.bam.bai
[W::bam_next_basemod] MM tag refers to bases beyond sequence length
[W::hts_idx_load3] The index file is older than the data file: /bip7_disk/pingting114/mixed_bam/COLO829_PAO/TF1e-2_25x/TF1e-2_25x.rep1.bam.bai
[W::hts_idx_load3] The index file is older than the data file: /bip7_disk/pingting114/mixed_bam/COLO829_PAO/TF1e-2_25x/TF1e-2_25x.rep1.bam.bai
[E::bam_parse_basemod2] c2752e99-0c25-4c16-bb45-c66ee308b138: MM tag refers to bases beyond sequence length
[W::hts_idx_load3] The index file is older than the data file: /bip7_disk/pingting114/mixed_bam/COLO829_PAO/TF1e-2_25x/TF1e-2_25x.rep1.bam.bai
[W::hts_idx_load3] The index file is older than the data file: /bip7_disk/pingting114/mixed_bam/COLO829_PAO/TF1e-2_25x/TF1e-2_25x.rep1.bam.bai
[W::hts_idx_load3] The index file is older than the data file: /bip7_disk/pingting114/mixed_bam/COLO829_PAO/TF1e-2_25x/TF1e-2_25x.rep1.bam.bai
[E::bam_parse_basemod2] 874aae0c-ba56-47cc-ba79-8668e665db3e: MM tag refers to bases beyond sequence length
[W::hts_idx_load3] The index file is older than the data file: /bip7_disk/pingting114/mixed_bam/COLO829_PAO/TF1e-2_25x/TF1e-2_25x.rep1.bam.bai
[W::hts_idx_load3] The index file is older than the data file: /bip7_disk/pingting114/mixed_bam/COLO829_PAO/TF1e-2_25x/TF1e-2_25x.rep1.bam.bai
[W::hts_idx_load3] The index file is older than the data file: /bip7_disk/pingting114/mixed_bam/COLO829_PAO/TF1e-2_25x/TF1e-2_25x.rep1.bam.bai
[W::hts_idx_load3] The index file is older than the data file: /bip7_disk/pingting114/mixed_bam/COLO829_PAO/TF1e-2_25x/TF1e-2_25x.rep1.bam.bai
[E::bam_parse_basemod2] 124723de-c801-4766-980f-73163ef42dd0: MM tag refers to bases beyond sequence length
[W::hts_idx_load3] The index file is older than the data file: /bip7_disk/pingting114/mixed_bam/COLO829_PAO/TF1e-2_25x/TF1e-2_25x.rep1.bam.bai
[W::hts_idx_load3] The index file is older than the data file: /bip7_disk/pingting114/mixed_bam/COLO829_PAO/TF1e-2_25x/TF1e-2_25x.rep1.bam.bai
[W::hts_idx_load3] The index file is older than the data file: /bip7_disk/pingting114/mixed_bam/COLO829_PAO/TF1e-2_25x/TF1e-2_25x.rep1.bam.bai
[W::hts_idx_load3] The index file is older than the data file: /bip7_disk/pingting114/mixed_bam/COLO829_PAO/TF1e-2_25x/TF1e-2_25x.rep1.bam.bai
[W::hts_idx_load3] The index file is older than the data file: /bip7_disk/pingting114/mixed_bam/COLO829_PAO/TF1e-2_25x/TF1e-2_25x.rep1.bam.bai
[W::hts_idx_load3] The index file is older than the data file: /bip7_disk/pingting114/mixed_bam/COLO829_PAO/TF1e-2_25x/TF1e-2_25x.rep1.bam.bai
[W::bam_next_basemod] MM tag refers to bases beyond sequence length
[W::hts_idx_load3] The index file is older than the data file: /bip7_disk/pingting114/mixed_bam/COLO829_PAO/TF1e-2_25x/TF1e-2_25x.rep1.bam.bai
[E::bam_parse_basemod2] c7b90cde-c226-4d76-a7a1-7d5a1cda4b5b: MM tag refers to bases beyond sequence length
[W::hts_idx_load3] The index file is older than the data file: /bip7_disk/pingting114/mixed_bam/COLO829_PAO/TF1e-2_25x/TF1e-2_25x.rep1.bam.bai
[W::hts_idx_load3] The index file is older than the data file: /bip7_disk/pingting114/mixed_bam/COLO829_PAO/TF1e-2_25x/TF1e-2_25x.rep1.bam.bai
[W::hts_idx_load3] The index file is older than the data file: /bip7_disk/pingting114/mixed_bam/COLO829_PAO/TF1e-2_25x/TF1e-2_25x.rep1.bam.bai
[W::hts_idx_load3] The index file is older than the data file: /bip7_disk/pingting114/mixed_bam/COLO829_PAO/TF1e-2_25x/TF1e-2_25x.rep1.bam.bai
[W::hts_idx_load3] The index file is older than the data file: /bip7_disk/pingting114/mixed_bam/COLO829_PAO/TF1e-2_25x/TF1e-2_25x.rep1.bam.bai
[W::bam_next_basemod] MM tag refers to bases beyond sequence length
[W::bam_next_basemod] MM tag refers to bases beyond sequence length
[E::bam_parse_basemod2] 1aad74db-0b80-417c-89fc-18e939298f5b: MM tag refers to bases beyond sequence length
[W::hts_idx_load3] The index file is older than the data file: /bip7_disk/pingting114/mixed_bam/COLO829_PAO/TF1e-2_25x/TF1e-2_25x.rep1.bam.bai
[W::hts_idx_load3] The index file is older than the data file: /bip7_disk/pingting114/mixed_bam/COLO829_PAO/TF1e-2_25x/TF1e-2_25x.rep1.bam.bai
[E::bam_parse_basemod2] ebc2f5ec-59e5-4e1f-8cbb-42950636dc14: MM tag refers to bases beyond sequence length
[W::hts_idx_load3] The index file is older than the data file: /bip7_disk/pingting114/mixed_bam/COLO829_PAO/TF1e-2_25x/TF1e-2_25x.rep1.bam.bai
[W::hts_idx_load3] The index file is older than the data file: /bip7_disk/pingting114/mixed_bam/COLO829_PAO/TF1e-2_25x/TF1e-2_25x.rep1.bam.bai
[W::hts_idx_load3] The index file is older than the data file: /bip7_disk/pingting114/mixed_bam/COLO829_PAO/TF1e-2_25x/TF1e-2_25x.rep1.bam.bai
[W::hts_idx_load3] The index file is older than the data file: /bip7_disk/pingting114/mixed_bam/COLO829_PAO/TF1e-2_25x/TF1e-2_25x.rep1.bam.bai
[W::bam_next_basemod] MM tag refers to bases beyond sequence length
[W::hts_idx_load3] The index file is older than the data file: /bip7_disk/pingting114/mixed_bam/COLO829_PAO/TF1e-2_25x/TF1e-2_25x.rep1.bam.bai
[W::bam_next_basemod] MM tag refers to bases beyond sequence length
[W::hts_idx_load3] The index file is older than the data file: /bip7_disk/pingting114/mixed_bam/COLO829_PAO/TF1e-2_25x/TF1e-2_25x.rep1.bam.bai
[W::hts_idx_load3] The index file is older than the data file: /bip7_disk/pingting114/mixed_bam/COLO829_PAO/TF1e-2_25x/TF1e-2_25x.rep1.bam.bai
[W::bam_next_basemod] MM tag refers to bases beyond sequence length
[E::bam_parse_basemod2] f1dbc4ae-3c6c-4240-8b18-b8bf78ee3f22: MM tag refers to bases beyond sequence length
[W::bam_next_basemod] MM tag refers to bases beyond sequence length
[E::bam_parse_basemod2] 5fa23b32-9993-4e0f-92d0-3b9b3bfbe3cd: MM tag refers to bases beyond sequence length
[E::bam_parse_basemod2] ebc0aee9-26c9-48a4-b500-4beb7b058a02: MM tag refers to bases beyond sequence length
[W::hts_idx_load3] The index file is older than the data file: /bip7_disk/pingting114/mixed_bam/COLO829_PAO/TF1e-2_25x/TF1e-2_25x.rep1.bam.bai
[W::hts_idx_load3] The index file is older than the data file: /bip7_disk/pingting114/mixed_bam/COLO829_PAO/TF1e-2_25x/TF1e-2_25x.rep1.bam.bai
[W::hts_idx_load3] The index file is older than the data file: /bip7_disk/pingting114/mixed_bam/COLO829_PAO/TF1e-2_25x/TF1e-2_25x.rep1.bam.bai
[W::hts_idx_load3] The index file is older than the data file: /bip7_disk/pingting114/mixed_bam/COLO829_PAO/TF1e-2_25x/TF1e-2_25x.rep1.bam.bai
[W::hts_idx_load3] The index file is older than the data file: /bip7_disk/pingting114/mixed_bam/COLO829_PAO/TF1e-2_25x/TF1e-2_25x.rep1.bam.bai
[W::hts_idx_load3] The index file is older than the data file: /bip7_disk/pingting114/mixed_bam/COLO829_PAO/TF1e-2_25x/TF1e-2_25x.rep1.bam.bai
[W::hts_idx_load3] The index file is older than the data file: /bip7_disk/pingting114/mixed_bam/COLO829_PAO/TF1e-2_25x/TF1e-2_25x.rep1.bam.bai
[W::hts_idx_load3] The index file is older than the data file: /bip7_disk/pingting114/mixed_bam/COLO829_PAO/TF1e-2_25x/TF1e-2_25x.rep1.bam.bai
[E::bam_parse_basemod2] 4a5201a8-414d-4eb1-a80e-c41cd32d44d7: MM tag refers to bases beyond sequence length
[W::hts_idx_load3] The index file is older than the data file: /bip7_disk/pingting114/mixed_bam/COLO829_PAO/TF1e-2_25x/TF1e-2_25x.rep1.bam.bai
[W::hts_idx_load3] The index file is older than the data file: /bip7_disk/pingting114/mixed_bam/COLO829_PAO/TF1e-2_25x/TF1e-2_25x.rep1.bam.bai
[W::hts_idx_load3] The index file is older than the data file: /bip7_disk/pingting114/mixed_bam/COLO829_PAO/TF1e-2_25x/TF1e-2_25x.rep1.bam.bai
[E::bam_parse_basemod2] 5f784b2e-6d01-44f6-b0c7-8f996dc467d5: MM tag refers to bases beyond sequence length
[W::hts_idx_load3] The index file is older than the data file: /bip7_disk/pingting114/mixed_bam/COLO829_PAO/TF1e-2_25x/TF1e-2_25x.rep1.bam.bai
[E::bam_parse_basemod2] a2ac098a-2174-4691-a934-ae403e82e0e3: MM tag refers to bases beyond sequence length
[W::hts_idx_load3] The index file is older than the data file: /bip7_disk/pingting114/mixed_bam/COLO829_PAO/TF1e-2_25x/TF1e-2_25x.rep1.bam.bai
[W::hts_idx_load3] The index file is older than the data file: /bip7_disk/pingting114/mixed_bam/COLO829_PAO/TF1e-2_25x/TF1e-2_25x.rep1.bam.bai
[W::hts_idx_load3] The index file is older than the data file: /bip7_disk/pingting114/mixed_bam/COLO829_PAO/TF1e-2_25x/TF1e-2_25x.rep1.bam.bai
[E::bam_parse_basemod2] ea6a0c19-ce49-4cd6-9b59-cad5f18872dd: MM tag refers to bases beyond sequence length
[W::hts_idx_load3] The index file is older than the data file: /bip7_disk/pingting114/mixed_bam/COLO829_PAO/TF1e-2_25x/TF1e-2_25x.rep1.bam.bai
[W::bam_next_basemod] MM tag refers to bases beyond sequence length
[W::hts_idx_load3] The index file is older than the data file: /bip7_disk/pingting114/mixed_bam/COLO829_PAO/TF1e-2_25x/TF1e-2_25x.rep1.bam.bai
[W::hts_idx_load3] The index file is older than the data file: /bip7_disk/pingting114/mixed_bam/COLO829_PAO/TF1e-2_25x/TF1e-2_25x.rep1.bam.bai
[W::hts_idx_load3] The index file is older than the data file: /bip7_disk/pingting114/mixed_bam/COLO829_PAO/TF1e-2_25x/TF1e-2_25x.rep1.bam.bai
[W::hts_idx_load3] The index file is older than the data file: /bip7_disk/pingting114/mixed_bam/COLO829_PAO/TF1e-2_25x/TF1e-2_25x.rep1.bam.bai
[W::hts_idx_load3] The index file is older than the data file: /bip7_disk/pingting114/mixed_bam/COLO829_PAO/TF1e-2_25x/TF1e-2_25x.rep1.bam.bai
[W::hts_idx_load3] The index file is older than the data file: /bip7_disk/pingting114/mixed_bam/COLO829_PAO/TF1e-2_25x/TF1e-2_25x.rep1.bam.bai
[W::bam_next_basemod] MM tag refers to bases beyond sequence length
[W::hts_idx_load3] The index file is older than the data file: /bip7_disk/pingting114/mixed_bam/COLO829_PAO/TF1e-2_25x/TF1e-2_25x.rep1.bam.bai
[W::bam_next_basemod] MM tag refers to bases beyond sequence length
[W::bam_next_basemod] MM tag refers to bases beyond sequence length
[E::bam_parse_basemod2] d16b2549-e740-433d-bfbb-16fa30a8f7e6: MM tag refers to bases beyond sequence length
[W::bam_next_basemod] MM tag refers to bases beyond sequence length
[E::bam_parse_basemod2] 1d5ee4f4-09d1-41e9-8b46-1671c1a6f8b5: MM tag refers to bases beyond sequence length
[E::bam_parse_basemod2] 3979d0a4-374a-4a46-b811-44abc3f6c85c: MM tag refers to bases beyond sequence length
[W::bam_next_basemod] MM tag refers to bases beyond sequence length
[W::bam_next_basemod] MM tag refers to bases beyond sequence length
[E::bam_parse_basemod2] 80cf101d-5a89-47ba-83c5-11d24f32adde: MM tag refers to bases beyond sequence length
[W::bam_next_basemod] MM tag refers to bases beyond sequence length
[W::hts_idx_load3] The index file is older than the data file: /bip7_disk/pingting114/mixed_bam/COLO829_PAO/TF1e-2_25x/TF1e-2_25x.rep1.bam.bai
[W::bam_next_basemod] MM tag refers to bases beyond sequence length
[W::hts_idx_load3] The index file is older than the data file: /bip7_disk/pingting114/mixed_bam/COLO829_PAO/TF1e-2_25x/TF1e-2_25x.rep1.bam.bai
[W::hts_idx_load3] The index file is older than the data file: /bip7_disk/pingting114/mixed_bam/COLO829_PAO/TF1e-2_25x/TF1e-2_25x.rep1.bam.bai
[W::hts_idx_load3] The index file is older than the data file: /bip7_disk/pingting114/mixed_bam/COLO829_PAO/TF1e-2_25x/TF1e-2_25x.rep1.bam.bai
[W::hts_idx_load3] The index file is older than the data file: /bip7_disk/pingting114/mixed_bam/COLO829_PAO/TF1e-2_25x/TF1e-2_25x.rep1.bam.bai
[W::hts_idx_load3] The index file is older than the data file: /bip7_disk/pingting114/mixed_bam/COLO829_PAO/TF1e-2_25x/TF1e-2_25x.rep1.bam.bai
[E::bam_parse_basemod2] 575f32f3-d705-4380-a79f-d46c2a0551f8: MM tag refers to bases beyond sequence length
[W::hts_idx_load3] The index file is older than the data file: /bip7_disk/pingting114/mixed_bam/COLO829_PAO/TF1e-2_25x/TF1e-2_25x.rep1.bam.bai
[W::hts_idx_load3] The index file is older than the data file: /bip7_disk/pingting114/mixed_bam/COLO829_PAO/TF1e-2_25x/TF1e-2_25x.rep1.bam.bai
[W::hts_idx_load3] The index file is older than the data file: /bip7_disk/pingting114/mixed_bam/COLO829_PAO/TF1e-2_25x/TF1e-2_25x.rep1.bam.bai
[W::bam_next_basemod] MM tag refers to bases beyond sequence length
[W::hts_idx_load3] The index file is older than the data file: /bip7_disk/pingting114/mixed_bam/COLO829_PAO/TF1e-2_25x/TF1e-2_25x.rep1.bam.bai
[W::hts_idx_load3] The index file is older than the data file: /bip7_disk/pingting114/mixed_bam/COLO829_PAO/TF1e-2_25x/TF1e-2_25x.rep1.bam.bai
[W::hts_idx_load3] The index file is older than the data file: /bip7_disk/pingting114/mixed_bam/COLO829_PAO/TF1e-2_25x/TF1e-2_25x.rep1.bam.bai
[W::hts_idx_load3] The index file is older than the data file: /bip7_disk/pingting114/mixed_bam/COLO829_PAO/TF1e-2_25x/TF1e-2_25x.rep1.bam.bai
[W::hts_idx_load3] The index file is older than the data file: /bip7_disk/pingting114/mixed_bam/COLO829_PAO/TF1e-2_25x/TF1e-2_25x.rep1.bam.bai
[W::hts_idx_load3] The index file is older than the data file: /bip7_disk/pingting114/mixed_bam/COLO829_PAO/TF1e-2_25x/TF1e-2_25x.rep1.bam.bai
[W::hts_idx_load3] The index file is older than the data file: /bip7_disk/pingting114/mixed_bam/COLO829_PAO/TF1e-2_25x/TF1e-2_25x.rep1.bam.bai
[W::hts_idx_load3] The index file is older than the data file: /bip7_disk/pingting114/mixed_bam/COLO829_PAO/TF1e-2_25x/TF1e-2_25x.rep1.bam.bai
[W::bam_next_basemod] MM tag refers to bases beyond sequence length
[W::hts_idx_load3] The index file is older than the data file: /bip7_disk/pingting114/mixed_bam/COLO829_PAO/TF1e-2_25x/TF1e-2_25x.rep1.bam.bai
[W::hts_idx_load3] The index file is older than the data file: /bip7_disk/pingting114/mixed_bam/COLO829_PAO/TF1e-2_25x/TF1e-2_25x.rep1.bam.bai
[W::hts_idx_load3] The index file is older than the data file: /bip7_disk/pingting114/mixed_bam/COLO829_PAO/TF1e-2_25x/TF1e-2_25x.rep1.bam.bai
[W::hts_idx_load3] The index file is older than the data file: /bip7_disk/pingting114/mixed_bam/COLO829_PAO/TF1e-2_25x/TF1e-2_25x.rep1.bam.bai
[W::bam_next_basemod] MM tag refers to bases beyond sequence length
[W::hts_idx_load3] The index file is older than the data file: /bip7_disk/pingting114/mixed_bam/COLO829_PAO/TF1e-2_25x/TF1e-2_25x.rep1.bam.bai
[E::bam_parse_basemod2] 9e1fad8c-4af5-472a-88d7-a6add3849e0f: MM tag refers to bases beyond sequence length
[W::hts_idx_load3] The index file is older than the data file: /bip7_disk/pingting114/mixed_bam/COLO829_PAO/TF1e-2_25x/TF1e-2_25x.rep1.bam.bai
[W::hts_idx_load3] The index file is older than the data file: /bip7_disk/pingting114/mixed_bam/COLO829_PAO/TF1e-2_25x/TF1e-2_25x.rep1.bam.bai
[W::hts_idx_load3] The index file is older than the data file: /bip7_disk/pingting114/mixed_bam/COLO829_PAO/TF1e-2_25x/TF1e-2_25x.rep1.bam.bai
[W::hts_idx_load3] The index file is older than the data file: /bip7_disk/pingting114/mixed_bam/COLO829_PAO/TF1e-2_25x/TF1e-2_25x.rep1.bam.bai
[W::hts_idx_load3] The index file is older than the data file: /bip7_disk/pingting114/mixed_bam/COLO829_PAO/TF1e-2_25x/TF1e-2_25x.rep1.bam.bai
[W::bam_next_basemod] MM tag refers to bases beyond sequence length
[W::bam_next_basemod] MM tag refers to bases beyond sequence length
[W::hts_idx_load3] The index file is older than the data file: /bip7_disk/pingting114/mixed_bam/COLO829_PAO/TF1e-2_25x/TF1e-2_25x.rep1.bam.bai
[W::hts_idx_load3] The index file is older than the data file: /bip7_disk/pingting114/mixed_bam/COLO829_PAO/TF1e-2_25x/TF1e-2_25x.rep1.bam.bai
[E::bam_parse_basemod2] 953ad85a-49ff-4a1d-a114-36f522fca24c: MM tag refers to bases beyond sequence length
[E::bam_parse_basemod2] 2e04a8df-64f9-4709-a9b0-e85916ee14ec: MM tag refers to bases beyond sequence length
[W::hts_idx_load3] The index file is older than the data file: /bip7_disk/pingting114/mixed_bam/COLO829_PAO/TF1e-2_25x/TF1e-2_25x.rep1.bam.bai
[W::bam_next_basemod] MM tag refers to bases beyond sequence length
[W::hts_idx_load3] The index file is older than the data file: /bip7_disk/pingting114/mixed_bam/COLO829_PAO/TF1e-2_25x/TF1e-2_25x.rep1.bam.bai
[E::bam_parse_basemod2] 80598e39-9daa-466e-84a9-e3f60744a029: MM tag refers to bases beyond sequence length
[W::hts_idx_load3] The index file is older than the data file: /bip7_disk/pingting114/mixed_bam/COLO829_PAO/TF1e-2_25x/TF1e-2_25x.rep1.bam.bai
[W::bam_next_basemod] MM tag refers to bases beyond sequence length
[W::hts_idx_load3] The index file is older than the data file: /bip7_disk/pingting114/mixed_bam/COLO829_PAO/TF1e-2_25x/TF1e-2_25x.rep1.bam.bai
[W::hts_idx_load3] The index file is older than the data file: /bip7_disk/pingting114/mixed_bam/COLO829_PAO/TF1e-2_25x/TF1e-2_25x.rep1.bam.bai
[W::bam_next_basemod] MM tag refers to bases beyond sequence length
[W::hts_idx_load3] The index file is older than the data file: /bip7_disk/pingting114/mixed_bam/COLO829_PAO/TF1e-2_25x/TF1e-2_25x.rep1.bam.bai
[W::hts_idx_load3] The index file is older than the data file: /bip7_disk/pingting114/mixed_bam/COLO829_PAO/TF1e-2_25x/TF1e-2_25x.rep1.bam.bai
[E::bam_parse_basemod2] 9c5d4cd9-f87e-4822-94da-2999021c9f6f: MM tag refers to bases beyond sequence length
[W::hts_idx_load3] The index file is older than the data file: /bip7_disk/pingting114/mixed_bam/COLO829_PAO/TF1e-2_25x/TF1e-2_25x.rep1.bam.bai
[W::hts_idx_load3] The index file is older than the data file: /bip7_disk/pingting114/mixed_bam/COLO829_PAO/TF1e-2_25x/TF1e-2_25x.rep1.bam.bai
[W::hts_idx_load3] The index file is older than the data file: /bip7_disk/pingting114/mixed_bam/COLO829_PAO/TF1e-2_25x/TF1e-2_25x.rep1.bam.bai
[W::hts_idx_load3] The index file is older than the data file: /bip7_disk/pingting114/mixed_bam/COLO829_PAO/TF1e-2_25x/TF1e-2_25x.rep1.bam.bai
[W::hts_idx_load3] The index file is older than the data file: /bip7_disk/pingting114/mixed_bam/COLO829_PAO/TF1e-2_25x/TF1e-2_25x.rep1.bam.bai
[W::hts_idx_load3] The index file is older than the data file: /bip7_disk/pingting114/mixed_bam/COLO829_PAO/TF1e-2_25x/TF1e-2_25x.rep1.bam.bai
[W::hts_idx_load3] The index file is older than the data file: /bip7_disk/pingting114/mixed_bam/COLO829_PAO/TF1e-2_25x/TF1e-2_25x.rep1.bam.bai
[W::hts_idx_load3] The index file is older than the data file: /bip7_disk/pingting114/mixed_bam/COLO829_PAO/TF1e-2_25x/TF1e-2_25x.rep1.bam.bai
[W::hts_idx_load3] The index file is older than the data file: /bip7_disk/pingting114/mixed_bam/COLO829_PAO/TF1e-2_25x/TF1e-2_25x.rep1.bam.bai
[W::bam_next_basemod] MM tag refers to bases beyond sequence length
[W::hts_idx_load3] The index file is older than the data file: /bip7_disk/pingting114/mixed_bam/COLO829_PAO/TF1e-2_25x/TF1e-2_25x.rep1.bam.bai
[W::hts_idx_load3] The index file is older than the data file: /bip7_disk/pingting114/mixed_bam/COLO829_PAO/TF1e-2_25x/TF1e-2_25x.rep1.bam.bai
[W::hts_idx_load3] The index file is older than the data file: /bip7_disk/pingting114/mixed_bam/COLO829_PAO/TF1e-2_25x/TF1e-2_25x.rep1.bam.bai
[E::bam_parse_basemod2] 7986ce64-8017-46d3-bc94-98df44226ddd: MM tag refers to bases beyond sequence length
[W::hts_idx_load3] The index file is older than the data file: /bip7_disk/pingting114/mixed_bam/COLO829_PAO/TF1e-2_25x/TF1e-2_25x.rep1.bam.bai
[W::hts_idx_load3] The index file is older than the data file: /bip7_disk/pingting114/mixed_bam/COLO829_PAO/TF1e-2_25x/TF1e-2_25x.rep1.bam.bai
[E::bam_parse_basemod2] b0172d70-b713-45a1-9cfa-9f247efa12d7: MM tag refers to bases beyond sequence length
[W::hts_idx_load3] The index file is older than the data file: /bip7_disk/pingting114/mixed_bam/COLO829_PAO/TF1e-2_25x/TF1e-2_25x.rep1.bam.bai
[W::hts_idx_load3] The index file is older than the data file: /bip7_disk/pingting114/mixed_bam/COLO829_PAO/TF1e-2_25x/TF1e-2_25x.rep1.bam.bai
[W::hts_idx_load3] The index file is older than the data file: /bip7_disk/pingting114/mixed_bam/COLO829_PAO/TF1e-2_25x/TF1e-2_25x.rep1.bam.bai
[W::hts_idx_load3] The index file is older than the data file: /bip7_disk/pingting114/mixed_bam/COLO829_PAO/TF1e-2_25x/TF1e-2_25x.rep1.bam.bai
[E::bam_parse_basemod2] e6743cb1-57fc-4e7f-9095-e6c93f372033: MM tag refers to bases beyond sequence length
[W::hts_idx_load3] The index file is older than the data file: /bip7_disk/pingting114/mixed_bam/COLO829_PAO/TF1e-2_25x/TF1e-2_25x.rep1.bam.bai
[W::hts_idx_load3] The index file is older than the data file: /bip7_disk/pingting114/mixed_bam/COLO829_PAO/TF1e-2_25x/TF1e-2_25x.rep1.bam.bai
[W::hts_idx_load3] The index file is older than the data file: /bip7_disk/pingting114/mixed_bam/COLO829_PAO/TF1e-2_25x/TF1e-2_25x.rep1.bam.bai
[W::hts_idx_load3] The index file is older than the data file: /bip7_disk/pingting114/mixed_bam/COLO829_PAO/TF1e-2_25x/TF1e-2_25x.rep1.bam.bai
[W::hts_idx_load3] The index file is older than the data file: /bip7_disk/pingting114/mixed_bam/COLO829_PAO/TF1e-2_25x/TF1e-2_25x.rep1.bam.bai
[W::hts_idx_load3] The index file is older than the data file: /bip7_disk/pingting114/mixed_bam/COLO829_PAO/TF1e-2_25x/TF1e-2_25x.rep1.bam.bai
[W::hts_idx_load3] The index file is older than the data file: /bip7_disk/pingting114/mixed_bam/COLO829_PAO/TF1e-2_25x/TF1e-2_25x.rep1.bam.bai
[W::hts_idx_load3] The index file is older than the data file: /bip7_disk/pingting114/mixed_bam/COLO829_PAO/TF1e-2_25x/TF1e-2_25x.rep1.bam.bai
[E::bam_parse_basemod2] 65e26db9-0c16-41a6-9322-9698ebfe4927: MM tag refers to bases beyond sequence length
[W::hts_idx_load3] The index file is older than the data file: /bip7_disk/pingting114/mixed_bam/COLO829_PAO/TF1e-2_25x/TF1e-2_25x.rep1.bam.bai
[W::hts_idx_load3] The index file is older than the data file: /bip7_disk/pingting114/mixed_bam/COLO829_PAO/TF1e-2_25x/TF1e-2_25x.rep1.bam.bai
[E::bam_parse_basemod2] 2c274caa-966c-4a7b-a173-48c672566816: MM tag refers to bases beyond sequence length
[W::hts_idx_load3] The index file is older than the data file: /bip7_disk/pingting114/mixed_bam/COLO829_PAO/TF1e-2_25x/TF1e-2_25x.rep1.bam.bai
[E::bam_parse_basemod2] 15e8950e-9b40-425f-9752-5d96e0d3aa52: MM tag refers to bases beyond sequence length
[W::hts_idx_load3] The index file is older than the data file: /bip7_disk/pingting114/mixed_bam/COLO829_PAO/TF1e-2_25x/TF1e-2_25x.rep1.bam.bai
[W::hts_idx_load3] The index file is older than the data file: /bip7_disk/pingting114/mixed_bam/COLO829_PAO/TF1e-2_25x/TF1e-2_25x.rep1.bam.bai
[E::bam_parse_basemod2] 8c558e28-28f2-4f71-879e-ffd476090136: MM tag refers to bases beyond sequence length
[W::hts_idx_load3] The index file is older than the data file: /bip7_disk/pingting114/mixed_bam/COLO829_PAO/TF1e-2_25x/TF1e-2_25x.rep1.bam.bai
[W::hts_idx_load3] The index file is older than the data file: /bip7_disk/pingting114/mixed_bam/COLO829_PAO/TF1e-2_25x/TF1e-2_25x.rep1.bam.bai
[W::hts_idx_load3] The index file is older than the data file: /bip7_disk/pingting114/mixed_bam/COLO829_PAO/TF1e-2_25x/TF1e-2_25x.rep1.bam.bai
[W::hts_idx_load3] The index file is older than the data file: /bip7_disk/pingting114/mixed_bam/COLO829_PAO/TF1e-2_25x/TF1e-2_25x.rep1.bam.bai
[W::hts_idx_load3] The index file is older than the data file: /bip7_disk/pingting114/mixed_bam/COLO829_PAO/TF1e-2_25x/TF1e-2_25x.rep1.bam.bai
[W::hts_idx_load3] The index file is older than the data file: /bip7_disk/pingting114/mixed_bam/COLO829_PAO/TF1e-2_25x/TF1e-2_25x.rep1.bam.bai
[W::hts_idx_load3] The index file is older than the data file: /bip7_disk/pingting114/mixed_bam/COLO829_PAO/TF1e-2_25x/TF1e-2_25x.rep1.bam.bai
[W::bam_next_basemod] MM tag refers to bases beyond sequence length
[W::bam_next_basemod] MM tag refers to bases beyond sequence length
[W::hts_idx_load3] The index file is older than the data file: /bip7_disk/pingting114/mixed_bam/COLO829_PAO/TF1e-2_25x/TF1e-2_25x.rep1.bam.bai
[W::hts_idx_load3] The index file is older than the data file: /bip7_disk/pingting114/mixed_bam/COLO829_PAO/TF1e-2_25x/TF1e-2_25x.rep1.bam.bai
[W::hts_idx_load3] The index file is older than the data file: /bip7_disk/pingting114/mixed_bam/COLO829_PAO/TF1e-2_25x/TF1e-2_25x.rep1.bam.bai
[W::hts_idx_load3] The index file is older than the data file: /bip7_disk/pingting114/mixed_bam/COLO829_PAO/TF1e-2_25x/TF1e-2_25x.rep1.bam.bai
[W::hts_idx_load3] The index file is older than the data file: /bip7_disk/pingting114/mixed_bam/COLO829_PAO/TF1e-2_25x/TF1e-2_25x.rep1.bam.bai
[W::bam_next_basemod] MM tag refers to bases beyond sequence length
[W::hts_idx_load3] The index file is older than the data file: /bip7_disk/pingting114/mixed_bam/COLO829_PAO/TF1e-2_25x/TF1e-2_25x.rep1.bam.bai
[W::hts_idx_load3] The index file is older than the data file: /bip7_disk/pingting114/mixed_bam/COLO829_PAO/TF1e-2_25x/TF1e-2_25x.rep1.bam.bai
[W::hts_idx_load3] The index file is older than the data file: /bip7_disk/pingting114/mixed_bam/COLO829_PAO/TF1e-2_25x/TF1e-2_25x.rep1.bam.bai
[W::hts_idx_load3] The index file is older than the data file: /bip7_disk/pingting114/mixed_bam/COLO829_PAO/TF1e-2_25x/TF1e-2_25x.rep1.bam.bai
[W::hts_idx_load3] The index file is older than the data file: /bip7_disk/pingting114/mixed_bam/COLO829_PAO/TF1e-2_25x/TF1e-2_25x.rep1.bam.bai
[E::bam_parse_basemod2] d0589774-99c5-4910-9144-fe70d348f14d: MM tag refers to bases beyond sequence length
[W::hts_idx_load3] The index file is older than the data file: /bip7_disk/pingting114/mixed_bam/COLO829_PAO/TF1e-2_25x/TF1e-2_25x.rep1.bam.bai
[W::hts_idx_load3] The index file is older than the data file: /bip7_disk/pingting114/mixed_bam/COLO829_PAO/TF1e-2_25x/TF1e-2_25x.rep1.bam.bai
[W::hts_idx_load3] The index file is older than the data file: /bip7_disk/pingting114/mixed_bam/COLO829_PAO/TF1e-2_25x/TF1e-2_25x.rep1.bam.bai
[W::hts_idx_load3] The index file is older than the data file: /bip7_disk/pingting114/mixed_bam/COLO829_PAO/TF1e-2_25x/TF1e-2_25x.rep1.bam.bai
[W::bam_next_basemod] MM tag refers to bases beyond sequence length
[W::hts_idx_load3] The index file is older than the data file: /bip7_disk/pingting114/mixed_bam/COLO829_PAO/TF1e-2_25x/TF1e-2_25x.rep1.bam.bai
[W::hts_idx_load3] The index file is older than the data file: /bip7_disk/pingting114/mixed_bam/COLO829_PAO/TF1e-2_25x/TF1e-2_25x.rep1.bam.bai
[W::hts_idx_load3] The index file is older than the data file: /bip7_disk/pingting114/mixed_bam/COLO829_PAO/TF1e-2_25x/TF1e-2_25x.rep1.bam.bai
[W::hts_idx_load3] The index file is older than the data file: /bip7_disk/pingting114/mixed_bam/COLO829_PAO/TF1e-2_25x/TF1e-2_25x.rep1.bam.bai
[W::hts_idx_load3] The index file is older than the data file: /bip7_disk/pingting114/mixed_bam/COLO829_PAO/TF1e-2_25x/TF1e-2_25x.rep1.bam.bai
[W::bam_next_basemod] MM tag refers to bases beyond sequence length
[W::bam_next_basemod] MM tag refers to bases beyond sequence length
[W::hts_idx_load3] The index file is older than the data file: /bip7_disk/pingting114/mixed_bam/COLO829_PAO/TF1e-2_25x/TF1e-2_25x.rep1.bam.bai
[E::bam_parse_basemod2] d0b48f66-335a-4fba-81ef-8740e9f2f507: MM tag refers to bases beyond sequence length
[W::hts_idx_load3] The index file is older than the data file: /bip7_disk/pingting114/mixed_bam/COLO829_PAO/TF1e-2_25x/TF1e-2_25x.rep1.bam.bai
[W::bam_next_basemod] MM tag refers to bases beyond sequence length
[W::bam_next_basemod] MM tag refers to bases beyond sequence length
[E::bam_parse_basemod2] bc126ebd-cc1b-4080-867e-f19013843dd7: MM tag refers to bases beyond sequence length
[E::bam_parse_basemod2] b0e82921-f222-485c-bc74-1bee8fa75410: MM tag refers to bases beyond sequence length
[W::hts_idx_load3] The index file is older than the data file: /bip7_disk/pingting114/mixed_bam/COLO829_PAO/TF1e-2_25x/TF1e-2_25x.rep1.bam.bai
[W::bam_next_basemod] MM tag refers to bases beyond sequence length
[W::bam_next_basemod] MM tag refers to bases beyond sequence length
[W::hts_idx_load3] The index file is older than the data file: /bip7_disk/pingting114/mixed_bam/COLO829_PAO/TF1e-2_25x/TF1e-2_25x.rep1.bam.bai
[W::hts_idx_load3] The index file is older than the data file: /bip7_disk/pingting114/mixed_bam/COLO829_PAO/TF1e-2_25x/TF1e-2_25x.rep1.bam.bai
[W::hts_idx_load3] The index file is older than the data file: /bip7_disk/pingting114/mixed_bam/COLO829_PAO/TF1e-2_25x/TF1e-2_25x.rep1.bam.bai
[W::hts_idx_load3] The index file is older than the data file: /bip7_disk/pingting114/mixed_bam/COLO829_PAO/TF1e-2_25x/TF1e-2_25x.rep1.bam.bai
[W::hts_idx_load3] The index file is older than the data file: /bip7_disk/pingting114/mixed_bam/COLO829_PAO/TF1e-2_25x/TF1e-2_25x.rep1.bam.bai
[W::hts_idx_load3] The index file is older than the data file: /bip7_disk/pingting114/mixed_bam/COLO829_PAO/TF1e-2_25x/TF1e-2_25x.rep1.bam.bai
[W::hts_idx_load3] The index file is older than the data file: /bip7_disk/pingting114/mixed_bam/COLO829_PAO/TF1e-2_25x/TF1e-2_25x.rep1.bam.bai
[W::bam_next_basemod] MM tag refers to bases beyond sequence length
[W::bam_next_basemod] MM tag refers to bases beyond sequence length
[W::hts_idx_load3] The index file is older than the data file: /bip7_disk/pingting114/mixed_bam/COLO829_PAO/TF1e-2_25x/TF1e-2_25x.rep1.bam.bai
[W::hts_idx_load3] The index file is older than the data file: /bip7_disk/pingting114/mixed_bam/COLO829_PAO/TF1e-2_25x/TF1e-2_25x.rep1.bam.bai
[W::hts_idx_load3] The index file is older than the data file: /bip7_disk/pingting114/mixed_bam/COLO829_PAO/TF1e-2_25x/TF1e-2_25x.rep1.bam.bai
[W::hts_idx_load3] The index file is older than the data file: /bip7_disk/pingting114/mixed_bam/COLO829_PAO/TF1e-2_25x/TF1e-2_25x.rep1.bam.bai
[W::hts_idx_load3] The index file is older than the data file: /bip7_disk/pingting114/mixed_bam/COLO829_PAO/TF1e-2_25x/TF1e-2_25x.rep1.bam.bai
[W::hts_idx_load3] The index file is older than the data file: /bip7_disk/pingting114/mixed_bam/COLO829_PAO/TF1e-2_25x/TF1e-2_25x.rep1.bam.bai
[W::bam_next_basemod] MM tag refers to bases beyond sequence length
[W::hts_idx_load3] The index file is older than the data file: /bip7_disk/pingting114/mixed_bam/COLO829_PAO/TF1e-2_25x/TF1e-2_25x.rep1.bam.bai
[E::bam_parse_basemod2] 32d08d74-b7c1-461e-9811-0f53086741ed: MM tag refers to bases beyond sequence length
[W::hts_idx_load3] The index file is older than the data file: /bip7_disk/pingting114/mixed_bam/COLO829_PAO/TF1e-2_25x/TF1e-2_25x.rep1.bam.bai
[W::bam_next_basemod] MM tag refers to bases beyond sequence length
[W::hts_idx_load3] The index file is older than the data file: /bip7_disk/pingting114/mixed_bam/COLO829_PAO/TF1e-2_25x/TF1e-2_25x.rep1.bam.bai
[W::hts_idx_load3] The index file is older than the data file: /bip7_disk/pingting114/mixed_bam/COLO829_PAO/TF1e-2_25x/TF1e-2_25x.rep1.bam.bai
[W::hts_idx_load3] The index file is older than the data file: /bip7_disk/pingting114/mixed_bam/COLO829_PAO/TF1e-2_25x/TF1e-2_25x.rep1.bam.bai
[E::bam_parse_basemod2] 72b244b3-056c-46cb-a12b-9f638aadbb73: MM tag refers to bases beyond sequence length
[E::bam_parse_basemod2] 97dd9ba4-ab25-4d46-af9c-5b77d36a42cc: MM tag refers to bases beyond sequence length
[W::hts_idx_load3] The index file is older than the data file: /bip7_disk/pingting114/mixed_bam/COLO829_PAO/TF1e-2_25x/TF1e-2_25x.rep1.bam.bai
[W::hts_idx_load3] The index file is older than the data file: /bip7_disk/pingting114/mixed_bam/COLO829_PAO/TF1e-2_25x/TF1e-2_25x.rep1.bam.bai
[W::hts_idx_load3] The index file is older than the data file: /bip7_disk/pingting114/mixed_bam/COLO829_PAO/TF1e-2_25x/TF1e-2_25x.rep1.bam.bai
[W::hts_idx_load3] The index file is older than the data file: /bip7_disk/pingting114/mixed_bam/COLO829_PAO/TF1e-2_25x/TF1e-2_25x.rep1.bam.bai
[W::hts_idx_load3] The index file is older than the data file: /bip7_disk/pingting114/mixed_bam/COLO829_PAO/TF1e-2_25x/TF1e-2_25x.rep1.bam.bai
[W::hts_idx_load3] The index file is older than the data file: /bip7_disk/pingting114/mixed_bam/COLO829_PAO/TF1e-2_25x/TF1e-2_25x.rep1.bam.bai
[W::hts_idx_load3] The index file is older than the data file: /bip7_disk/pingting114/mixed_bam/COLO829_PAO/TF1e-2_25x/TF1e-2_25x.rep1.bam.bai
[W::hts_idx_load3] The index file is older than the data file: /bip7_disk/pingting114/mixed_bam/COLO829_PAO/TF1e-2_25x/TF1e-2_25x.rep1.bam.bai
[W::hts_idx_load3] The index file is older than the data file: /bip7_disk/pingting114/mixed_bam/COLO829_PAO/TF1e-2_25x/TF1e-2_25x.rep1.bam.bai
[W::hts_idx_load3] The index file is older than the data file: /bip7_disk/pingting114/mixed_bam/COLO829_PAO/TF1e-2_25x/TF1e-2_25x.rep1.bam.bai
[W::hts_idx_load3] The index file is older than the data file: /bip7_disk/pingting114/mixed_bam/COLO829_PAO/TF1e-2_25x/TF1e-2_25x.rep1.bam.bai
[W::hts_idx_load3] The index file is older than the data file: /bip7_disk/pingting114/mixed_bam/COLO829_PAO/TF1e-2_25x/TF1e-2_25x.rep1.bam.bai
[W::hts_idx_load3] The index file is older than the data file: /bip7_disk/pingting114/mixed_bam/COLO829_PAO/TF1e-2_25x/TF1e-2_25x.rep1.bam.bai
[W::hts_idx_load3] The index file is older than the data file: /bip7_disk/pingting114/mixed_bam/COLO829_PAO/TF1e-2_25x/TF1e-2_25x.rep1.bam.bai
[W::hts_idx_load3] The index file is older than the data file: /bip7_disk/pingting114/mixed_bam/COLO829_PAO/TF1e-2_25x/TF1e-2_25x.rep1.bam.bai
[W::hts_idx_load3] The index file is older than the data file: /bip7_disk/pingting114/mixed_bam/COLO829_PAO/TF1e-2_25x/TF1e-2_25x.rep1.bam.bai
[W::hts_idx_load3] The index file is older than the data file: /bip7_disk/pingting114/mixed_bam/COLO829_PAO/TF1e-2_25x/TF1e-2_25x.rep1.bam.bai
[W::hts_idx_load3] The index file is older than the data file: /bip7_disk/pingting114/mixed_bam/COLO829_PAO/TF1e-2_25x/TF1e-2_25x.rep1.bam.bai
[E::bam_parse_basemod2] 0eed609e-0232-4438-a177-636bb9a40ba6: MM tag refers to bases beyond sequence length
[W::hts_idx_load3] The index file is older than the data file: /bip7_disk/pingting114/mixed_bam/COLO829_PAO/TF1e-2_25x/TF1e-2_25x.rep1.bam.bai
[W::hts_idx_load3] The index file is older than the data file: /bip7_disk/pingting114/mixed_bam/COLO829_PAO/TF1e-2_25x/TF1e-2_25x.rep1.bam.bai
[W::hts_idx_load3] The index file is older than the data file: /bip7_disk/pingting114/mixed_bam/COLO829_PAO/TF1e-2_25x/TF1e-2_25x.rep1.bam.bai
[W::bam_next_basemod] MM tag refers to bases beyond sequence length
[W::bam_next_basemod] MM tag refers to bases beyond sequence length
[W::bam_next_basemod] MM tag refers to bases beyond sequence length
[E::bam_parse_basemod2] c3fddab9-ad87-42c8-8f8e-696720b01278: MM tag refers to bases beyond sequence length
[W::bam_next_basemod] MM tag refers to bases beyond sequence length
[E::bam_parse_basemod2] dbcae2d1-c216-41c8-8aba-b8899126a7aa: MM tag refers to bases beyond sequence length
[W::bam_next_basemod] MM tag refers to bases beyond sequence length
[E::bam_parse_basemod2] c747078c-e42e-4a76-9ce0-615c573a9df1: MM tag refers to bases beyond sequence length
[E::bam_parse_basemod2] f1b80cc0-73a7-48f0-9a9f-bd48457d69b3: MM tag refers to bases beyond sequence length
[E::bam_parse_basemod2] fdecea7b-a405-4bab-9362-0be8e1ce8f6f: MM tag refers to bases beyond sequence length
[W::bam_next_basemod] MM tag refers to bases beyond sequence length
[W::hts_idx_load3] The index file is older than the data file: /bip7_disk/pingting114/mixed_bam/COLO829_PAO/TF1e-2_25x/TF1e-2_25x.rep1.bam.bai
[W::hts_idx_load3] The index file is older than the data file: /bip7_disk/pingting114/mixed_bam/COLO829_PAO/TF1e-2_25x/TF1e-2_25x.rep1.bam.bai
[W::hts_idx_load3] The index file is older than the data file: /bip7_disk/pingting114/mixed_bam/COLO829_PAO/TF1e-2_25x/TF1e-2_25x.rep1.bam.bai
[W::hts_idx_load3] The index file is older than the data file: /bip7_disk/pingting114/mixed_bam/COLO829_PAO/TF1e-2_25x/TF1e-2_25x.rep1.bam.bai
[W::hts_idx_load3] The index file is older than the data file: /bip7_disk/pingting114/mixed_bam/COLO829_PAO/TF1e-2_25x/TF1e-2_25x.rep1.bam.bai
[W::hts_idx_load3] The index file is older than the data file: /bip7_disk/pingting114/mixed_bam/COLO829_PAO/TF1e-2_25x/TF1e-2_25x.rep1.bam.bai
[W::hts_idx_load3] The index file is older than the data file: /bip7_disk/pingting114/mixed_bam/COLO829_PAO/TF1e-2_25x/TF1e-2_25x.rep1.bam.bai
[W::hts_idx_load3] The index file is older than the data file: /bip7_disk/pingting114/mixed_bam/COLO829_PAO/TF1e-2_25x/TF1e-2_25x.rep1.bam.bai
[W::hts_idx_load3] The index file is older than the data file: /bip7_disk/pingting114/mixed_bam/COLO829_PAO/TF1e-2_25x/TF1e-2_25x.rep1.bam.bai
[E::bam_parse_basemod2] 6819d0cb-6c3e-4049-8ca2-d7f01eb5acf7: MM tag refers to bases beyond sequence length
  TF1e-2_25x.rep1.bam cand 2500/4000
[W::hts_idx_load3] The index file is older than the data file: /bip7_disk/pingting114/mixed_bam/COLO829_PAO/TF1e-2_25x/TF1e-2_25x.rep1.bam.bai
[W::hts_idx_load3] The index file is older than the data file: /bip7_disk/pingting114/mixed_bam/COLO829_PAO/TF1e-2_25x/TF1e-2_25x.rep1.bam.bai
[W::hts_idx_load3] The index file is older than the data file: /bip7_disk/pingting114/mixed_bam/COLO829_PAO/TF1e-2_25x/TF1e-2_25x.rep1.bam.bai
[E::bam_parse_basemod2] 8267193b-7359-4f38-93e4-fe3f5914b52e: MM tag refers to bases beyond sequence length
[W::hts_idx_load3] The index file is older than the data file: /bip7_disk/pingting114/mixed_bam/COLO829_PAO/TF1e-2_25x/TF1e-2_25x.rep1.bam.bai
[W::hts_idx_load3] The index file is older than the data file: /bip7_disk/pingting114/mixed_bam/COLO829_PAO/TF1e-2_25x/TF1e-2_25x.rep1.bam.bai
[W::hts_idx_load3] The index file is older than the data file: /bip7_disk/pingting114/mixed_bam/COLO829_PAO/TF1e-2_25x/TF1e-2_25x.rep1.bam.bai
[W::hts_idx_load3] The index file is older than the data file: /bip7_disk/pingting114/mixed_bam/COLO829_PAO/TF1e-2_25x/TF1e-2_25x.rep1.bam.bai
[W::hts_idx_load3] The index file is older than the data file: /bip7_disk/pingting114/mixed_bam/COLO829_PAO/TF1e-2_25x/TF1e-2_25x.rep1.bam.bai
[W::hts_idx_load3] The index file is older than the data file: /bip7_disk/pingting114/mixed_bam/COLO829_PAO/TF1e-2_25x/TF1e-2_25x.rep1.bam.bai
[W::hts_idx_load3] The index file is older than the data file: /bip7_disk/pingting114/mixed_bam/COLO829_PAO/TF1e-2_25x/TF1e-2_25x.rep1.bam.bai
[W::hts_idx_load3] The index file is older than the data file: /bip7_disk/pingting114/mixed_bam/COLO829_PAO/TF1e-2_25x/TF1e-2_25x.rep1.bam.bai
[W::hts_idx_load3] The index file is older than the data file: /bip7_disk/pingting114/mixed_bam/COLO829_PAO/TF1e-2_25x/TF1e-2_25x.rep1.bam.bai
[W::hts_idx_load3] The index file is older than the data file: /bip7_disk/pingting114/mixed_bam/COLO829_PAO/TF1e-2_25x/TF1e-2_25x.rep1.bam.bai
[W::hts_idx_load3] The index file is older than the data file: /bip7_disk/pingting114/mixed_bam/COLO829_PAO/TF1e-2_25x/TF1e-2_25x.rep1.bam.bai
[W::hts_idx_load3] The index file is older than the data file: /bip7_disk/pingting114/mixed_bam/COLO829_PAO/TF1e-2_25x/TF1e-2_25x.rep1.bam.bai
[W::hts_idx_load3] The index file is older than the data file: /bip7_disk/pingting114/mixed_bam/COLO829_PAO/TF1e-2_25x/TF1e-2_25x.rep1.bam.bai
[W::hts_idx_load3] The index file is older than the data file: /bip7_disk/pingting114/mixed_bam/COLO829_PAO/TF1e-2_25x/TF1e-2_25x.rep1.bam.bai
[W::hts_idx_load3] The index file is older than the data file: /bip7_disk/pingting114/mixed_bam/COLO829_PAO/TF1e-2_25x/TF1e-2_25x.rep1.bam.bai
[W::hts_idx_load3] The index file is older than the data file: /bip7_disk/pingting114/mixed_bam/COLO829_PAO/TF1e-2_25x/TF1e-2_25x.rep1.bam.bai
[W::hts_idx_load3] The index file is older than the data file: /bip7_disk/pingting114/mixed_bam/COLO829_PAO/TF1e-2_25x/TF1e-2_25x.rep1.bam.bai
[W::hts_idx_load3] The index file is older than the data file: /bip7_disk/pingting114/mixed_bam/COLO829_PAO/TF1e-2_25x/TF1e-2_25x.rep1.bam.bai
[W::bam_next_basemod] MM tag refers to bases beyond sequence length
[W::bam_next_basemod] MM tag refers to bases beyond sequence length
[W::hts_idx_load3] The index file is older than the data file: /bip7_disk/pingting114/mixed_bam/COLO829_PAO/TF1e-2_25x/TF1e-2_25x.rep1.bam.bai
[W::hts_idx_load3] The index file is older than the data file: /bip7_disk/pingting114/mixed_bam/COLO829_PAO/TF1e-2_25x/TF1e-2_25x.rep1.bam.bai
[W::hts_idx_load3] The index file is older than the data file: /bip7_disk/pingting114/mixed_bam/COLO829_PAO/TF1e-2_25x/TF1e-2_25x.rep1.bam.bai
[W::bam_next_basemod] MM tag refers to bases beyond sequence length
[W::hts_idx_load3] The index file is older than the data file: /bip7_disk/pingting114/mixed_bam/COLO829_PAO/TF1e-2_25x/TF1e-2_25x.rep1.bam.bai
[W::hts_idx_load3] The index file is older than the data file: /bip7_disk/pingting114/mixed_bam/COLO829_PAO/TF1e-2_25x/TF1e-2_25x.rep1.bam.bai
[W::hts_idx_load3] The index file is older than the data file: /bip7_disk/pingting114/mixed_bam/COLO829_PAO/TF1e-2_25x/TF1e-2_25x.rep1.bam.bai
[W::hts_idx_load3] The index file is older than the data file: /bip7_disk/pingting114/mixed_bam/COLO829_PAO/TF1e-2_25x/TF1e-2_25x.rep1.bam.bai
[W::hts_idx_load3] The index file is older than the data file: /bip7_disk/pingting114/mixed_bam/COLO829_PAO/TF1e-2_25x/TF1e-2_25x.rep1.bam.bai
[E::bam_parse_basemod2] 7e65f2a4-477f-49d7-be82-91abf990b7db: MM tag refers to bases beyond sequence length
[W::hts_idx_load3] The index file is older than the data file: /bip7_disk/pingting114/mixed_bam/COLO829_PAO/TF1e-2_25x/TF1e-2_25x.rep1.bam.bai
[W::hts_idx_load3] The index file is older than the data file: /bip7_disk/pingting114/mixed_bam/COLO829_PAO/TF1e-2_25x/TF1e-2_25x.rep1.bam.bai
[W::bam_next_basemod] MM tag refers to bases beyond sequence length
[E::bam_parse_basemod2] f4e3064a-e8e7-4bbe-b2ee-a2308e29dbd9: MM tag refers to bases beyond sequence length
[W::hts_idx_load3] The index file is older than the data file: /bip7_disk/pingting114/mixed_bam/COLO829_PAO/TF1e-2_25x/TF1e-2_25x.rep1.bam.bai
[W::bam_next_basemod] MM tag refers to bases beyond sequence length
[W::hts_idx_load3] The index file is older than the data file: /bip7_disk/pingting114/mixed_bam/COLO829_PAO/TF1e-2_25x/TF1e-2_25x.rep1.bam.bai
[W::bam_next_basemod] MM tag refers to bases beyond sequence length
[W::hts_idx_load3] The index file is older than the data file: /bip7_disk/pingting114/mixed_bam/COLO829_PAO/TF1e-2_25x/TF1e-2_25x.rep1.bam.bai
[W::hts_idx_load3] The index file is older than the data file: /bip7_disk/pingting114/mixed_bam/COLO829_PAO/TF1e-2_25x/TF1e-2_25x.rep1.bam.bai
[W::hts_idx_load3] The index file is older than the data file: /bip7_disk/pingting114/mixed_bam/COLO829_PAO/TF1e-2_25x/TF1e-2_25x.rep1.bam.bai
[W::hts_idx_load3] The index file is older than the data file: /bip7_disk/pingting114/mixed_bam/COLO829_PAO/TF1e-2_25x/TF1e-2_25x.rep1.bam.bai
[W::hts_idx_load3] The index file is older than the data file: /bip7_disk/pingting114/mixed_bam/COLO829_PAO/TF1e-2_25x/TF1e-2_25x.rep1.bam.bai
[W::bam_next_basemod] MM tag refers to bases beyond sequence length
[W::hts_idx_load3] The index file is older than the data file: /bip7_disk/pingting114/mixed_bam/COLO829_PAO/TF1e-2_25x/TF1e-2_25x.rep1.bam.bai
[W::hts_idx_load3] The index file is older than the data file: /bip7_disk/pingting114/mixed_bam/COLO829_PAO/TF1e-2_25x/TF1e-2_25x.rep1.bam.bai
[W::hts_idx_load3] The index file is older than the data file: /bip7_disk/pingting114/mixed_bam/COLO829_PAO/TF1e-2_25x/TF1e-2_25x.rep1.bam.bai
[W::hts_idx_load3] The index file is older than the data file: /bip7_disk/pingting114/mixed_bam/COLO829_PAO/TF1e-2_25x/TF1e-2_25x.rep1.bam.bai
[W::hts_idx_load3] The index file is older than the data file: /bip7_disk/pingting114/mixed_bam/COLO829_PAO/TF1e-2_25x/TF1e-2_25x.rep1.bam.bai
[W::hts_idx_load3] The index file is older than the data file: /bip7_disk/pingting114/mixed_bam/COLO829_PAO/TF1e-2_25x/TF1e-2_25x.rep1.bam.bai
[W::hts_idx_load3] The index file is older than the data file: /bip7_disk/pingting114/mixed_bam/COLO829_PAO/TF1e-2_25x/TF1e-2_25x.rep1.bam.bai
[W::hts_idx_load3] The index file is older than the data file: /bip7_disk/pingting114/mixed_bam/COLO829_PAO/TF1e-2_25x/TF1e-2_25x.rep1.bam.bai
[E::bam_parse_basemod2] c4571965-16df-4c2f-8a8d-bc2b7326cec0: MM tag refers to bases beyond sequence length
[W::hts_idx_load3] The index file is older than the data file: /bip7_disk/pingting114/mixed_bam/COLO829_PAO/TF1e-2_25x/TF1e-2_25x.rep1.bam.bai
[W::hts_idx_load3] The index file is older than the data file: /bip7_disk/pingting114/mixed_bam/COLO829_PAO/TF1e-2_25x/TF1e-2_25x.rep1.bam.bai
[W::hts_idx_load3] The index file is older than the data file: /bip7_disk/pingting114/mixed_bam/COLO829_PAO/TF1e-2_25x/TF1e-2_25x.rep1.bam.bai
[E::bam_parse_basemod2] 7b41a466-6446-4ac1-8745-11c9530b9096: MM tag refers to bases beyond sequence length
[W::hts_idx_load3] The index file is older than the data file: /bip7_disk/pingting114/mixed_bam/COLO829_PAO/TF1e-2_25x/TF1e-2_25x.rep1.bam.bai
[W::hts_idx_load3] The index file is older than the data file: /bip7_disk/pingting114/mixed_bam/COLO829_PAO/TF1e-2_25x/TF1e-2_25x.rep1.bam.bai
[W::hts_idx_load3] The index file is older than the data file: /bip7_disk/pingting114/mixed_bam/COLO829_PAO/TF1e-2_25x/TF1e-2_25x.rep1.bam.bai
[W::hts_idx_load3] The index file is older than the data file: /bip7_disk/pingting114/mixed_bam/COLO829_PAO/TF1e-2_25x/TF1e-2_25x.rep1.bam.bai
[W::hts_idx_load3] The index file is older than the data file: /bip7_disk/pingting114/mixed_bam/COLO829_PAO/TF1e-2_25x/TF1e-2_25x.rep1.bam.bai
[E::bam_parse_basemod2] 396bc494-2f96-4bc9-b398-c42474f83ad9: MM tag refers to bases beyond sequence length
[W::hts_idx_load3] The index file is older than the data file: /bip7_disk/pingting114/mixed_bam/COLO829_PAO/TF1e-2_25x/TF1e-2_25x.rep1.bam.bai
[W::bam_next_basemod] MM tag refers to bases beyond sequence length
[W::bam_next_basemod] MM tag refers to bases beyond sequence length
[W::hts_idx_load3] The index file is older than the data file: /bip7_disk/pingting114/mixed_bam/COLO829_PAO/TF1e-2_25x/TF1e-2_25x.rep1.bam.bai
[W::hts_idx_load3] The index file is older than the data file: /bip7_disk/pingting114/mixed_bam/COLO829_PAO/TF1e-2_25x/TF1e-2_25x.rep1.bam.bai
[W::hts_idx_load3] The index file is older than the data file: /bip7_disk/pingting114/mixed_bam/COLO829_PAO/TF1e-2_25x/TF1e-2_25x.rep1.bam.bai
[W::bam_next_basemod] MM tag refers to bases beyond sequence length
[W::hts_idx_load3] The index file is older than the data file: /bip7_disk/pingting114/mixed_bam/COLO829_PAO/TF1e-2_25x/TF1e-2_25x.rep1.bam.bai
[W::hts_idx_load3] The index file is older than the data file: /bip7_disk/pingting114/mixed_bam/COLO829_PAO/TF1e-2_25x/TF1e-2_25x.rep1.bam.bai
[W::hts_idx_load3] The index file is older than the data file: /bip7_disk/pingting114/mixed_bam/COLO829_PAO/TF1e-2_25x/TF1e-2_25x.rep1.bam.bai
[W::hts_idx_load3] The index file is older than the data file: /bip7_disk/pingting114/mixed_bam/COLO829_PAO/TF1e-2_25x/TF1e-2_25x.rep1.bam.bai
[W::hts_idx_load3] The index file is older than the data file: /bip7_disk/pingting114/mixed_bam/COLO829_PAO/TF1e-2_25x/TF1e-2_25x.rep1.bam.bai
[W::hts_idx_load3] The index file is older than the data file: /bip7_disk/pingting114/mixed_bam/COLO829_PAO/TF1e-2_25x/TF1e-2_25x.rep1.bam.bai
[W::hts_idx_load3] The index file is older than the data file: /bip7_disk/pingting114/mixed_bam/COLO829_PAO/TF1e-2_25x/TF1e-2_25x.rep1.bam.bai
[W::hts_idx_load3] The index file is older than the data file: /bip7_disk/pingting114/mixed_bam/COLO829_PAO/TF1e-2_25x/TF1e-2_25x.rep1.bam.bai
[W::hts_idx_load3] The index file is older than the data file: /bip7_disk/pingting114/mixed_bam/COLO829_PAO/TF1e-2_25x/TF1e-2_25x.rep1.bam.bai
[W::bam_next_basemod] MM tag refers to bases beyond sequence length
[W::hts_idx_load3] The index file is older than the data file: /bip7_disk/pingting114/mixed_bam/COLO829_PAO/TF1e-2_25x/TF1e-2_25x.rep1.bam.bai
[W::hts_idx_load3] The index file is older than the data file: /bip7_disk/pingting114/mixed_bam/COLO829_PAO/TF1e-2_25x/TF1e-2_25x.rep1.bam.bai
[W::hts_idx_load3] The index file is older than the data file: /bip7_disk/pingting114/mixed_bam/COLO829_PAO/TF1e-2_25x/TF1e-2_25x.rep1.bam.bai
[W::hts_idx_load3] The index file is older than the data file: /bip7_disk/pingting114/mixed_bam/COLO829_PAO/TF1e-2_25x/TF1e-2_25x.rep1.bam.bai
[W::hts_idx_load3] The index file is older than the data file: /bip7_disk/pingting114/mixed_bam/COLO829_PAO/TF1e-2_25x/TF1e-2_25x.rep1.bam.bai
[W::hts_idx_load3] The index file is older than the data file: /bip7_disk/pingting114/mixed_bam/COLO829_PAO/TF1e-2_25x/TF1e-2_25x.rep1.bam.bai
[W::bam_next_basemod] MM tag refers to bases beyond sequence length
[W::hts_idx_load3] The index file is older than the data file: /bip7_disk/pingting114/mixed_bam/COLO829_PAO/TF1e-2_25x/TF1e-2_25x.rep1.bam.bai
[W::hts_idx_load3] The index file is older than the data file: /bip7_disk/pingting114/mixed_bam/COLO829_PAO/TF1e-2_25x/TF1e-2_25x.rep1.bam.bai
[W::hts_idx_load3] The index file is older than the data file: /bip7_disk/pingting114/mixed_bam/COLO829_PAO/TF1e-2_25x/TF1e-2_25x.rep1.bam.bai
[W::hts_idx_load3] The index file is older than the data file: /bip7_disk/pingting114/mixed_bam/COLO829_PAO/TF1e-2_25x/TF1e-2_25x.rep1.bam.bai
[W::hts_idx_load3] The index file is older than the data file: /bip7_disk/pingting114/mixed_bam/COLO829_PAO/TF1e-2_25x/TF1e-2_25x.rep1.bam.bai
[W::hts_idx_load3] The index file is older than the data file: /bip7_disk/pingting114/mixed_bam/COLO829_PAO/TF1e-2_25x/TF1e-2_25x.rep1.bam.bai
[W::hts_idx_load3] The index file is older than the data file: /bip7_disk/pingting114/mixed_bam/COLO829_PAO/TF1e-2_25x/TF1e-2_25x.rep1.bam.bai
[W::bam_next_basemod] MM tag refers to bases beyond sequence length
[W::hts_idx_load3] The index file is older than the data file: /bip7_disk/pingting114/mixed_bam/COLO829_PAO/TF1e-2_25x/TF1e-2_25x.rep1.bam.bai
[W::hts_idx_load3] The index file is older than the data file: /bip7_disk/pingting114/mixed_bam/COLO829_PAO/TF1e-2_25x/TF1e-2_25x.rep1.bam.bai
[W::bam_next_basemod] MM tag refers to bases beyond sequence length
[W::hts_idx_load3] The index file is older than the data file: /bip7_disk/pingting114/mixed_bam/COLO829_PAO/TF1e-2_25x/TF1e-2_25x.rep1.bam.bai
[W::hts_idx_load3] The index file is older than the data file: /bip7_disk/pingting114/mixed_bam/COLO829_PAO/TF1e-2_25x/TF1e-2_25x.rep1.bam.bai
[W::hts_idx_load3] The index file is older than the data file: /bip7_disk/pingting114/mixed_bam/COLO829_PAO/TF1e-2_25x/TF1e-2_25x.rep1.bam.bai
[W::hts_idx_load3] The index file is older than the data file: /bip7_disk/pingting114/mixed_bam/COLO829_PAO/TF1e-2_25x/TF1e-2_25x.rep1.bam.bai
[W::hts_idx_load3] The index file is older than the data file: /bip7_disk/pingting114/mixed_bam/COLO829_PAO/TF1e-2_25x/TF1e-2_25x.rep1.bam.bai
[E::bam_parse_basemod2] ab1c1de3-265a-46e9-bfe0-525248f85704: MM tag refers to bases beyond sequence length
[W::hts_idx_load3] The index file is older than the data file: /bip7_disk/pingting114/mixed_bam/COLO829_PAO/TF1e-2_25x/TF1e-2_25x.rep1.bam.bai
[W::hts_idx_load3] The index file is older than the data file: /bip7_disk/pingting114/mixed_bam/COLO829_PAO/TF1e-2_25x/TF1e-2_25x.rep1.bam.bai
[W::hts_idx_load3] The index file is older than the data file: /bip7_disk/pingting114/mixed_bam/COLO829_PAO/TF1e-2_25x/TF1e-2_25x.rep1.bam.bai
[W::hts_idx_load3] The index file is older than the data file: /bip7_disk/pingting114/mixed_bam/COLO829_PAO/TF1e-2_25x/TF1e-2_25x.rep1.bam.bai
[W::hts_idx_load3] The index file is older than the data file: /bip7_disk/pingting114/mixed_bam/COLO829_PAO/TF1e-2_25x/TF1e-2_25x.rep1.bam.bai
[W::bam_next_basemod] MM tag refers to bases beyond sequence length
[W::bam_next_basemod] MM tag refers to bases beyond sequence length
[W::hts_idx_load3] The index file is older than the data file: /bip7_disk/pingting114/mixed_bam/COLO829_PAO/TF1e-2_25x/TF1e-2_25x.rep1.bam.bai
[W::hts_idx_load3] The index file is older than the data file: /bip7_disk/pingting114/mixed_bam/COLO829_PAO/TF1e-2_25x/TF1e-2_25x.rep1.bam.bai
[W::bam_next_basemod] MM tag refers to bases beyond sequence length
[W::hts_idx_load3] The index file is older than the data file: /bip7_disk/pingting114/mixed_bam/COLO829_PAO/TF1e-2_25x/TF1e-2_25x.rep1.bam.bai
[W::hts_idx_load3] The index file is older than the data file: /bip7_disk/pingting114/mixed_bam/COLO829_PAO/TF1e-2_25x/TF1e-2_25x.rep1.bam.bai
[W::hts_idx_load3] The index file is older than the data file: /bip7_disk/pingting114/mixed_bam/COLO829_PAO/TF1e-2_25x/TF1e-2_25x.rep1.bam.bai
[W::hts_idx_load3] The index file is older than the data file: /bip7_disk/pingting114/mixed_bam/COLO829_PAO/TF1e-2_25x/TF1e-2_25x.rep1.bam.bai
[W::hts_idx_load3] The index file is older than the data file: /bip7_disk/pingting114/mixed_bam/COLO829_PAO/TF1e-2_25x/TF1e-2_25x.rep1.bam.bai
[W::hts_idx_load3] The index file is older than the data file: /bip7_disk/pingting114/mixed_bam/COLO829_PAO/TF1e-2_25x/TF1e-2_25x.rep1.bam.bai
[W::bam_next_basemod] MM tag refers to bases beyond sequence length
[W::hts_idx_load3] The index file is older than the data file: /bip7_disk/pingting114/mixed_bam/COLO829_PAO/TF1e-2_25x/TF1e-2_25x.rep1.bam.bai
[E::bam_parse_basemod2] bb34068b-652f-4d03-8e2c-2978cae9ddcd: MM tag refers to bases beyond sequence length
[W::hts_idx_load3] The index file is older than the data file: /bip7_disk/pingting114/mixed_bam/COLO829_PAO/TF1e-2_25x/TF1e-2_25x.rep1.bam.bai
[W::hts_idx_load3] The index file is older than the data file: /bip7_disk/pingting114/mixed_bam/COLO829_PAO/TF1e-2_25x/TF1e-2_25x.rep1.bam.bai
[W::hts_idx_load3] The index file is older than the data file: /bip7_disk/pingting114/mixed_bam/COLO829_PAO/TF1e-2_25x/TF1e-2_25x.rep1.bam.bai
[E::bam_parse_basemod2] 023d9bec-e8fd-4746-a5b1-29f0f03c92cb: MM tag refers to bases beyond sequence length
[W::hts_idx_load3] The index file is older than the data file: /bip7_disk/pingting114/mixed_bam/COLO829_PAO/TF1e-2_25x/TF1e-2_25x.rep1.bam.bai
[W::hts_idx_load3] The index file is older than the data file: /bip7_disk/pingting114/mixed_bam/COLO829_PAO/TF1e-2_25x/TF1e-2_25x.rep1.bam.bai
[W::bam_next_basemod] MM tag refers to bases beyond sequence length
[W::bam_next_basemod] MM tag refers to bases beyond sequence length
[E::bam_parse_basemod2] c62b43e7-930d-4a6b-9c2a-c7dc70da1757: MM tag refers to bases beyond sequence length
[W::hts_idx_load3] The index file is older than the data file: /bip7_disk/pingting114/mixed_bam/COLO829_PAO/TF1e-2_25x/TF1e-2_25x.rep1.bam.bai
[W::hts_idx_load3] The index file is older than the data file: /bip7_disk/pingting114/mixed_bam/COLO829_PAO/TF1e-2_25x/TF1e-2_25x.rep1.bam.bai
[W::hts_idx_load3] The index file is older than the data file: /bip7_disk/pingting114/mixed_bam/COLO829_PAO/TF1e-2_25x/TF1e-2_25x.rep1.bam.bai
[W::hts_idx_load3] The index file is older than the data file: /bip7_disk/pingting114/mixed_bam/COLO829_PAO/TF1e-2_25x/TF1e-2_25x.rep1.bam.bai
[W::hts_idx_load3] The index file is older than the data file: /bip7_disk/pingting114/mixed_bam/COLO829_PAO/TF1e-2_25x/TF1e-2_25x.rep1.bam.bai
[W::hts_idx_load3] The index file is older than the data file: /bip7_disk/pingting114/mixed_bam/COLO829_PAO/TF1e-2_25x/TF1e-2_25x.rep1.bam.bai
[W::hts_idx_load3] The index file is older than the data file: /bip7_disk/pingting114/mixed_bam/COLO829_PAO/TF1e-2_25x/TF1e-2_25x.rep1.bam.bai
[E::bam_parse_basemod2] 81283704-8234-42f9-956d-0b1f346b596d: MM tag refers to bases beyond sequence length
[W::hts_idx_load3] The index file is older than the data file: /bip7_disk/pingting114/mixed_bam/COLO829_PAO/TF1e-2_25x/TF1e-2_25x.rep1.bam.bai
[W::hts_idx_load3] The index file is older than the data file: /bip7_disk/pingting114/mixed_bam/COLO829_PAO/TF1e-2_25x/TF1e-2_25x.rep1.bam.bai
[W::hts_idx_load3] The index file is older than the data file: /bip7_disk/pingting114/mixed_bam/COLO829_PAO/TF1e-2_25x/TF1e-2_25x.rep1.bam.bai
[W::bam_next_basemod] MM tag refers to bases beyond sequence length
[W::hts_idx_load3] The index file is older than the data file: /bip7_disk/pingting114/mixed_bam/COLO829_PAO/TF1e-2_25x/TF1e-2_25x.rep1.bam.bai
[W::hts_idx_load3] The index file is older than the data file: /bip7_disk/pingting114/mixed_bam/COLO829_PAO/TF1e-2_25x/TF1e-2_25x.rep1.bam.bai
[E::bam_parse_basemod2] dc3a0d4b-a9e5-45ed-a65a-f386d598424e: MM tag refers to bases beyond sequence length
[W::hts_idx_load3] The index file is older than the data file: /bip7_disk/pingting114/mixed_bam/COLO829_PAO/TF1e-2_25x/TF1e-2_25x.rep1.bam.bai
[W::hts_idx_load3] The index file is older than the data file: /bip7_disk/pingting114/mixed_bam/COLO829_PAO/TF1e-2_25x/TF1e-2_25x.rep1.bam.bai
[W::hts_idx_load3] The index file is older than the data file: /bip7_disk/pingting114/mixed_bam/COLO829_PAO/TF1e-2_25x/TF1e-2_25x.rep1.bam.bai
[W::hts_idx_load3] The index file is older than the data file: /bip7_disk/pingting114/mixed_bam/COLO829_PAO/TF1e-2_25x/TF1e-2_25x.rep1.bam.bai
[W::hts_idx_load3] The index file is older than the data file: /bip7_disk/pingting114/mixed_bam/COLO829_PAO/TF1e-2_25x/TF1e-2_25x.rep1.bam.bai
[W::hts_idx_load3] The index file is older than the data file: /bip7_disk/pingting114/mixed_bam/COLO829_PAO/TF1e-2_25x/TF1e-2_25x.rep1.bam.bai
[W::hts_idx_load3] The index file is older than the data file: /bip7_disk/pingting114/mixed_bam/COLO829_PAO/TF1e-2_25x/TF1e-2_25x.rep1.bam.bai
[W::hts_idx_load3] The index file is older than the data file: /bip7_disk/pingting114/mixed_bam/COLO829_PAO/TF1e-2_25x/TF1e-2_25x.rep1.bam.bai
[W::bam_next_basemod] MM tag refers to bases beyond sequence length
[W::hts_idx_load3] The index file is older than the data file: /bip7_disk/pingting114/mixed_bam/COLO829_PAO/TF1e-2_25x/TF1e-2_25x.rep1.bam.bai
[W::bam_next_basemod] MM tag refers to bases beyond sequence length
[W::hts_idx_load3] The index file is older than the data file: /bip7_disk/pingting114/mixed_bam/COLO829_PAO/TF1e-2_25x/TF1e-2_25x.rep1.bam.bai
[W::hts_idx_load3] The index file is older than the data file: /bip7_disk/pingting114/mixed_bam/COLO829_PAO/TF1e-2_25x/TF1e-2_25x.rep1.bam.bai
[E::bam_parse_basemod2] ef7abe93-4569-4ba1-8018-f2bbf728c0ae: MM tag refers to bases beyond sequence length
[W::hts_idx_load3] The index file is older than the data file: /bip7_disk/pingting114/mixed_bam/COLO829_PAO/TF1e-2_25x/TF1e-2_25x.rep1.bam.bai
[W::hts_idx_load3] The index file is older than the data file: /bip7_disk/pingting114/mixed_bam/COLO829_PAO/TF1e-2_25x/TF1e-2_25x.rep1.bam.bai
[W::hts_idx_load3] The index file is older than the data file: /bip7_disk/pingting114/mixed_bam/COLO829_PAO/TF1e-2_25x/TF1e-2_25x.rep1.bam.bai
[W::hts_idx_load3] The index file is older than the data file: /bip7_disk/pingting114/mixed_bam/COLO829_PAO/TF1e-2_25x/TF1e-2_25x.rep1.bam.bai
[W::bam_next_basemod] MM tag refers to bases beyond sequence length
[W::hts_idx_load3] The index file is older than the data file: /bip7_disk/pingting114/mixed_bam/COLO829_PAO/TF1e-2_25x/TF1e-2_25x.rep1.bam.bai
[W::hts_idx_load3] The index file is older than the data file: /bip7_disk/pingting114/mixed_bam/COLO829_PAO/TF1e-2_25x/TF1e-2_25x.rep1.bam.bai
[E::bam_parse_basemod2] adbeca43-3f6a-41ae-ad63-1d5fb0af9661: MM tag refers to bases beyond sequence length
[W::hts_idx_load3] The index file is older than the data file: /bip7_disk/pingting114/mixed_bam/COLO829_PAO/TF1e-2_25x/TF1e-2_25x.rep1.bam.bai
[W::hts_idx_load3] The index file is older than the data file: /bip7_disk/pingting114/mixed_bam/COLO829_PAO/TF1e-2_25x/TF1e-2_25x.rep1.bam.bai
[W::hts_idx_load3] The index file is older than the data file: /bip7_disk/pingting114/mixed_bam/COLO829_PAO/TF1e-2_25x/TF1e-2_25x.rep1.bam.bai
[W::bam_next_basemod] MM tag refers to bases beyond sequence length
[W::hts_idx_load3] The index file is older than the data file: /bip7_disk/pingting114/mixed_bam/COLO829_PAO/TF1e-2_25x/TF1e-2_25x.rep1.bam.bai
[W::hts_idx_load3] The index file is older than the data file: /bip7_disk/pingting114/mixed_bam/COLO829_PAO/TF1e-2_25x/TF1e-2_25x.rep1.bam.bai
[W::bam_next_basemod] MM tag refers to bases beyond sequence length
[W::hts_idx_load3] The index file is older than the data file: /bip7_disk/pingting114/mixed_bam/COLO829_PAO/TF1e-2_25x/TF1e-2_25x.rep1.bam.bai
[W::hts_idx_load3] The index file is older than the data file: /bip7_disk/pingting114/mixed_bam/COLO829_PAO/TF1e-2_25x/TF1e-2_25x.rep1.bam.bai
[W::bam_next_basemod] MM tag refers to bases beyond sequence length
[W::hts_idx_load3] The index file is older than the data file: /bip7_disk/pingting114/mixed_bam/COLO829_PAO/TF1e-2_25x/TF1e-2_25x.rep1.bam.bai
[W::hts_idx_load3] The index file is older than the data file: /bip7_disk/pingting114/mixed_bam/COLO829_PAO/TF1e-2_25x/TF1e-2_25x.rep1.bam.bai
[W::bam_next_basemod] MM tag refers to bases beyond sequence length
[E::bam_parse_basemod2] 13def9c1-c2aa-496c-a4fc-5f2c304b21bf: MM tag refers to bases beyond sequence length
[W::bam_next_basemod] MM tag refers to bases beyond sequence length
[W::hts_idx_load3] The index file is older than the data file: /bip7_disk/pingting114/mixed_bam/COLO829_PAO/TF1e-2_25x/TF1e-2_25x.rep1.bam.bai
[W::bam_next_basemod] MM tag refers to bases beyond sequence length
[W::hts_idx_load3] The index file is older than the data file: /bip7_disk/pingting114/mixed_bam/COLO829_PAO/TF1e-2_25x/TF1e-2_25x.rep1.bam.bai
[W::hts_idx_load3] The index file is older than the data file: /bip7_disk/pingting114/mixed_bam/COLO829_PAO/TF1e-2_25x/TF1e-2_25x.rep1.bam.bai
[E::bam_parse_basemod2] f1e4bee4-d628-46d3-8427-6225537e0776: MM tag refers to bases beyond sequence length
[W::hts_idx_load3] The index file is older than the data file: /bip7_disk/pingting114/mixed_bam/COLO829_PAO/TF1e-2_25x/TF1e-2_25x.rep1.bam.bai
[W::hts_idx_load3] The index file is older than the data file: /bip7_disk/pingting114/mixed_bam/COLO829_PAO/TF1e-2_25x/TF1e-2_25x.rep1.bam.bai
[W::hts_idx_load3] The index file is older than the data file: /bip7_disk/pingting114/mixed_bam/COLO829_PAO/TF1e-2_25x/TF1e-2_25x.rep1.bam.bai
[W::hts_idx_load3] The index file is older than the data file: /bip7_disk/pingting114/mixed_bam/COLO829_PAO/TF1e-2_25x/TF1e-2_25x.rep1.bam.bai
[W::bam_next_basemod] MM tag refers to bases beyond sequence length
[W::hts_idx_load3] The index file is older than the data file: /bip7_disk/pingting114/mixed_bam/COLO829_PAO/TF1e-2_25x/TF1e-2_25x.rep1.bam.bai
[E::bam_parse_basemod2] da52163e-66b4-460a-9352-00133d8d505f: MM tag refers to bases beyond sequence length
[W::hts_idx_load3] The index file is older than the data file: /bip7_disk/pingting114/mixed_bam/COLO829_PAO/TF1e-2_25x/TF1e-2_25x.rep1.bam.bai
[W::hts_idx_load3] The index file is older than the data file: /bip7_disk/pingting114/mixed_bam/COLO829_PAO/TF1e-2_25x/TF1e-2_25x.rep1.bam.bai
[W::hts_idx_load3] The index file is older than the data file: /bip7_disk/pingting114/mixed_bam/COLO829_PAO/TF1e-2_25x/TF1e-2_25x.rep1.bam.bai
[W::bam_next_basemod] MM tag refers to bases beyond sequence length
[W::hts_idx_load3] The index file is older than the data file: /bip7_disk/pingting114/mixed_bam/COLO829_PAO/TF1e-2_25x/TF1e-2_25x.rep1.bam.bai
[W::hts_idx_load3] The index file is older than the data file: /bip7_disk/pingting114/mixed_bam/COLO829_PAO/TF1e-2_25x/TF1e-2_25x.rep1.bam.bai
[W::hts_idx_load3] The index file is older than the data file: /bip7_disk/pingting114/mixed_bam/COLO829_PAO/TF1e-2_25x/TF1e-2_25x.rep1.bam.bai
[W::hts_idx_load3] The index file is older than the data file: /bip7_disk/pingting114/mixed_bam/COLO829_PAO/TF1e-2_25x/TF1e-2_25x.rep1.bam.bai
[W::hts_idx_load3] The index file is older than the data file: /bip7_disk/pingting114/mixed_bam/COLO829_PAO/TF1e-2_25x/TF1e-2_25x.rep1.bam.bai
[W::hts_idx_load3] The index file is older than the data file: /bip7_disk/pingting114/mixed_bam/COLO829_PAO/TF1e-2_25x/TF1e-2_25x.rep1.bam.bai
[W::hts_idx_load3] The index file is older than the data file: /bip7_disk/pingting114/mixed_bam/COLO829_PAO/TF1e-2_25x/TF1e-2_25x.rep1.bam.bai
[W::hts_idx_load3] The index file is older than the data file: /bip7_disk/pingting114/mixed_bam/COLO829_PAO/TF1e-2_25x/TF1e-2_25x.rep1.bam.bai
[W::hts_idx_load3] The index file is older than the data file: /bip7_disk/pingting114/mixed_bam/COLO829_PAO/TF1e-2_25x/TF1e-2_25x.rep1.bam.bai
[E::bam_parse_basemod2] 5b41f219-2e02-4fda-b969-247475b4c2a9: MM tag refers to bases beyond sequence length
[W::hts_idx_load3] The index file is older than the data file: /bip7_disk/pingting114/mixed_bam/COLO829_PAO/TF1e-2_25x/TF1e-2_25x.rep1.bam.bai
[W::hts_idx_load3] The index file is older than the data file: /bip7_disk/pingting114/mixed_bam/COLO829_PAO/TF1e-2_25x/TF1e-2_25x.rep1.bam.bai
[W::hts_idx_load3] The index file is older than the data file: /bip7_disk/pingting114/mixed_bam/COLO829_PAO/TF1e-2_25x/TF1e-2_25x.rep1.bam.bai
[W::hts_idx_load3] The index file is older than the data file: /bip7_disk/pingting114/mixed_bam/COLO829_PAO/TF1e-2_25x/TF1e-2_25x.rep1.bam.bai
[W::hts_idx_load3] The index file is older than the data file: /bip7_disk/pingting114/mixed_bam/COLO829_PAO/TF1e-2_25x/TF1e-2_25x.rep1.bam.bai
[W::hts_idx_load3] The index file is older than the data file: /bip7_disk/pingting114/mixed_bam/COLO829_PAO/TF1e-2_25x/TF1e-2_25x.rep1.bam.bai
[W::bam_next_basemod] MM tag refers to bases beyond sequence length
[W::hts_idx_load3] The index file is older than the data file: /bip7_disk/pingting114/mixed_bam/COLO829_PAO/TF1e-2_25x/TF1e-2_25x.rep1.bam.bai
[W::hts_idx_load3] The index file is older than the data file: /bip7_disk/pingting114/mixed_bam/COLO829_PAO/TF1e-2_25x/TF1e-2_25x.rep1.bam.bai
[W::hts_idx_load3] The index file is older than the data file: /bip7_disk/pingting114/mixed_bam/COLO829_PAO/TF1e-2_25x/TF1e-2_25x.rep1.bam.bai
[W::hts_idx_load3] The index file is older than the data file: /bip7_disk/pingting114/mixed_bam/COLO829_PAO/TF1e-2_25x/TF1e-2_25x.rep1.bam.bai
[W::hts_idx_load3] The index file is older than the data file: /bip7_disk/pingting114/mixed_bam/COLO829_PAO/TF1e-2_25x/TF1e-2_25x.rep1.bam.bai
[E::bam_parse_basemod2] 3a91e141-c761-4a9e-ae8a-245e80a6e25b: MM tag refers to bases beyond sequence length
[W::hts_idx_load3] The index file is older than the data file: /bip7_disk/pingting114/mixed_bam/COLO829_PAO/TF1e-2_25x/TF1e-2_25x.rep1.bam.bai
[E::bam_parse_basemod2] 478e7022-a43d-43e1-b935-7d0bfeac9bfb: MM tag refers to bases beyond sequence length
[W::hts_idx_load3] The index file is older than the data file: /bip7_disk/pingting114/mixed_bam/COLO829_PAO/TF1e-2_25x/TF1e-2_25x.rep1.bam.bai
[W::bam_next_basemod] MM tag refers to bases beyond sequence length
[W::hts_idx_load3] The index file is older than the data file: /bip7_disk/pingting114/mixed_bam/COLO829_PAO/TF1e-2_25x/TF1e-2_25x.rep1.bam.bai
[W::hts_idx_load3] The index file is older than the data file: /bip7_disk/pingting114/mixed_bam/COLO829_PAO/TF1e-2_25x/TF1e-2_25x.rep1.bam.bai
[W::bam_next_basemod] MM tag refers to bases beyond sequence length
[W::hts_idx_load3] The index file is older than the data file: /bip7_disk/pingting114/mixed_bam/COLO829_PAO/TF1e-2_25x/TF1e-2_25x.rep1.bam.bai
[W::bam_next_basemod] MM tag refers to bases beyond sequence length
[W::hts_idx_load3] The index file is older than the data file: /bip7_disk/pingting114/mixed_bam/COLO829_PAO/TF1e-2_25x/TF1e-2_25x.rep1.bam.bai
[W::bam_next_basemod] MM tag refers to bases beyond sequence length
[W::hts_idx_load3] The index file is older than the data file: /bip7_disk/pingting114/mixed_bam/COLO829_PAO/TF1e-2_25x/TF1e-2_25x.rep1.bam.bai
[W::bam_next_basemod] MM tag refers to bases beyond sequence length
[W::hts_idx_load3] The index file is older than the data file: /bip7_disk/pingting114/mixed_bam/COLO829_PAO/TF1e-2_25x/TF1e-2_25x.rep1.bam.bai
[W::hts_idx_load3] The index file is older than the data file: /bip7_disk/pingting114/mixed_bam/COLO829_PAO/TF1e-2_25x/TF1e-2_25x.rep1.bam.bai
[W::hts_idx_load3] The index file is older than the data file: /bip7_disk/pingting114/mixed_bam/COLO829_PAO/TF1e-2_25x/TF1e-2_25x.rep1.bam.bai
[W::hts_idx_load3] The index file is older than the data file: /bip7_disk/pingting114/mixed_bam/COLO829_PAO/TF1e-2_25x/TF1e-2_25x.rep1.bam.bai
[W::hts_idx_load3] The index file is older than the data file: /bip7_disk/pingting114/mixed_bam/COLO829_PAO/TF1e-2_25x/TF1e-2_25x.rep1.bam.bai
[E::bam_parse_basemod2] a081d99a-82ab-4606-bb34-bd279d689699: MM tag refers to bases beyond sequence length
[W::hts_idx_load3] The index file is older than the data file: /bip7_disk/pingting114/mixed_bam/COLO829_PAO/TF1e-2_25x/TF1e-2_25x.rep1.bam.bai
[W::hts_idx_load3] The index file is older than the data file: /bip7_disk/pingting114/mixed_bam/COLO829_PAO/TF1e-2_25x/TF1e-2_25x.rep1.bam.bai
[W::hts_idx_load3] The index file is older than the data file: /bip7_disk/pingting114/mixed_bam/COLO829_PAO/TF1e-2_25x/TF1e-2_25x.rep1.bam.bai
[W::bam_next_basemod] MM tag refers to bases beyond sequence length
[W::hts_idx_load3] The index file is older than the data file: /bip7_disk/pingting114/mixed_bam/COLO829_PAO/TF1e-2_25x/TF1e-2_25x.rep1.bam.bai
[E::bam_parse_basemod2] fd102447-61f0-405d-a917-a0f12a0affe8: MM tag refers to bases beyond sequence length
[W::hts_idx_load3] The index file is older than the data file: /bip7_disk/pingting114/mixed_bam/COLO829_PAO/TF1e-2_25x/TF1e-2_25x.rep1.bam.bai
[W::hts_idx_load3] The index file is older than the data file: /bip7_disk/pingting114/mixed_bam/COLO829_PAO/TF1e-2_25x/TF1e-2_25x.rep1.bam.bai
[E::bam_parse_basemod2] 97a0e4b8-774a-4afb-89a8-e491fc7a01b7: MM tag refers to bases beyond sequence length
[W::hts_idx_load3] The index file is older than the data file: /bip7_disk/pingting114/mixed_bam/COLO829_PAO/TF1e-2_25x/TF1e-2_25x.rep1.bam.bai
[W::bam_next_basemod] MM tag refers to bases beyond sequence length
[W::hts_idx_load3] The index file is older than the data file: /bip7_disk/pingting114/mixed_bam/COLO829_PAO/TF1e-2_25x/TF1e-2_25x.rep1.bam.bai
[W::bam_next_basemod] MM tag refers to bases beyond sequence length
[W::hts_idx_load3] The index file is older than the data file: /bip7_disk/pingting114/mixed_bam/COLO829_PAO/TF1e-2_25x/TF1e-2_25x.rep1.bam.bai
[W::hts_idx_load3] The index file is older than the data file: /bip7_disk/pingting114/mixed_bam/COLO829_PAO/TF1e-2_25x/TF1e-2_25x.rep1.bam.bai
[W::bam_next_basemod] MM tag refers to bases beyond sequence length
[W::hts_idx_load3] The index file is older than the data file: /bip7_disk/pingting114/mixed_bam/COLO829_PAO/TF1e-2_25x/TF1e-2_25x.rep1.bam.bai
[E::bam_parse_basemod2] bf9666b2-e165-44a9-9366-37d01140db31: MM tag refers to bases beyond sequence length
[W::hts_idx_load3] The index file is older than the data file: /bip7_disk/pingting114/mixed_bam/COLO829_PAO/TF1e-2_25x/TF1e-2_25x.rep1.bam.bai
[E::bam_parse_basemod2] f0710927-a234-4833-aa53-5bae2ecea1cb: MM tag refers to bases beyond sequence length
[W::hts_idx_load3] The index file is older than the data file: /bip7_disk/pingting114/mixed_bam/COLO829_PAO/TF1e-2_25x/TF1e-2_25x.rep1.bam.bai
[W::bam_next_basemod] MM tag refers to bases beyond sequence length
[W::bam_next_basemod] MM tag refers to bases beyond sequence length
[W::hts_idx_load3] The index file is older than the data file: /bip7_disk/pingting114/mixed_bam/COLO829_PAO/TF1e-2_25x/TF1e-2_25x.rep1.bam.bai
[W::hts_idx_load3] The index file is older than the data file: /bip7_disk/pingting114/mixed_bam/COLO829_PAO/TF1e-2_25x/TF1e-2_25x.rep1.bam.bai
[W::hts_idx_load3] The index file is older than the data file: /bip7_disk/pingting114/mixed_bam/COLO829_PAO/TF1e-2_25x/TF1e-2_25x.rep1.bam.bai
[W::hts_idx_load3] The index file is older than the data file: /bip7_disk/pingting114/mixed_bam/COLO829_PAO/TF1e-2_25x/TF1e-2_25x.rep1.bam.bai
[E::bam_parse_basemod2] a88212be-58bb-41a7-a518-6395a4dd78aa: MM tag refers to bases beyond sequence length
[W::hts_idx_load3] The index file is older than the data file: /bip7_disk/pingting114/mixed_bam/COLO829_PAO/TF1e-2_25x/TF1e-2_25x.rep1.bam.bai
[W::bam_next_basemod] MM tag refers to bases beyond sequence length
[W::bam_next_basemod] MM tag refers to bases beyond sequence length
[W::hts_idx_load3] The index file is older than the data file: /bip7_disk/pingting114/mixed_bam/COLO829_PAO/TF1e-2_25x/TF1e-2_25x.rep1.bam.bai
[W::hts_idx_load3] The index file is older than the data file: /bip7_disk/pingting114/mixed_bam/COLO829_PAO/TF1e-2_25x/TF1e-2_25x.rep1.bam.bai
[W::hts_idx_load3] The index file is older than the data file: /bip7_disk/pingting114/mixed_bam/COLO829_PAO/TF1e-2_25x/TF1e-2_25x.rep1.bam.bai
[W::hts_idx_load3] The index file is older than the data file: /bip7_disk/pingting114/mixed_bam/COLO829_PAO/TF1e-2_25x/TF1e-2_25x.rep1.bam.bai
[W::hts_idx_load3] The index file is older than the data file: /bip7_disk/pingting114/mixed_bam/COLO829_PAO/TF1e-2_25x/TF1e-2_25x.rep1.bam.bai
[W::hts_idx_load3] The index file is older than the data file: /bip7_disk/pingting114/mixed_bam/COLO829_PAO/TF1e-2_25x/TF1e-2_25x.rep1.bam.bai
[W::bam_next_basemod] MM tag refers to bases beyond sequence length
[W::hts_idx_load3] The index file is older than the data file: /bip7_disk/pingting114/mixed_bam/COLO829_PAO/TF1e-2_25x/TF1e-2_25x.rep1.bam.bai
[E::bam_parse_basemod2] 7b1066c8-9eb4-41b1-bf59-ad64dfda5c4f: MM tag refers to bases beyond sequence length
[W::hts_idx_load3] The index file is older than the data file: /bip7_disk/pingting114/mixed_bam/COLO829_PAO/TF1e-2_25x/TF1e-2_25x.rep1.bam.bai
[E::bam_parse_basemod2] 4b5f54cb-e176-4767-9abf-91bd3306037b: MM tag refers to bases beyond sequence length
[W::hts_idx_load3] The index file is older than the data file: /bip7_disk/pingting114/mixed_bam/COLO829_PAO/TF1e-2_25x/TF1e-2_25x.rep1.bam.bai
[W::hts_idx_load3] The index file is older than the data file: /bip7_disk/pingting114/mixed_bam/COLO829_PAO/TF1e-2_25x/TF1e-2_25x.rep1.bam.bai
[W::hts_idx_load3] The index file is older than the data file: /bip7_disk/pingting114/mixed_bam/COLO829_PAO/TF1e-2_25x/TF1e-2_25x.rep1.bam.bai
[W::hts_idx_load3] The index file is older than the data file: /bip7_disk/pingting114/mixed_bam/COLO829_PAO/TF1e-2_25x/TF1e-2_25x.rep1.bam.bai
[W::hts_idx_load3] The index file is older than the data file: /bip7_disk/pingting114/mixed_bam/COLO829_PAO/TF1e-2_25x/TF1e-2_25x.rep1.bam.bai
[W::hts_idx_load3] The index file is older than the data file: /bip7_disk/pingting114/mixed_bam/COLO829_PAO/TF1e-2_25x/TF1e-2_25x.rep1.bam.bai
[W::hts_idx_load3] The index file is older than the data file: /bip7_disk/pingting114/mixed_bam/COLO829_PAO/TF1e-2_25x/TF1e-2_25x.rep1.bam.bai
[E::bam_parse_basemod2] 29ae28ea-edeb-4e37-925a-3dbcd3640d1f: MM tag refers to bases beyond sequence length
[W::hts_idx_load3] The index file is older than the data file: /bip7_disk/pingting114/mixed_bam/COLO829_PAO/TF1e-2_25x/TF1e-2_25x.rep1.bam.bai
[W::hts_idx_load3] The index file is older than the data file: /bip7_disk/pingting114/mixed_bam/COLO829_PAO/TF1e-2_25x/TF1e-2_25x.rep1.bam.bai
[E::bam_parse_basemod2] 8bc2ab47-e2eb-48e5-89af-c1cffbd53b08: MM tag refers to bases beyond sequence length
[W::hts_idx_load3] The index file is older than the data file: /bip7_disk/pingting114/mixed_bam/COLO829_PAO/TF1e-2_25x/TF1e-2_25x.rep1.bam.bai
[W::hts_idx_load3] The index file is older than the data file: /bip7_disk/pingting114/mixed_bam/COLO829_PAO/TF1e-2_25x/TF1e-2_25x.rep1.bam.bai
[W::hts_idx_load3] The index file is older than the data file: /bip7_disk/pingting114/mixed_bam/COLO829_PAO/TF1e-2_25x/TF1e-2_25x.rep1.bam.bai
[W::hts_idx_load3] The index file is older than the data file: /bip7_disk/pingting114/mixed_bam/COLO829_PAO/TF1e-2_25x/TF1e-2_25x.rep1.bam.bai
[W::hts_idx_load3] The index file is older than the data file: /bip7_disk/pingting114/mixed_bam/COLO829_PAO/TF1e-2_25x/TF1e-2_25x.rep1.bam.bai
[W::bam_next_basemod] MM tag refers to bases beyond sequence length
[W::hts_idx_load3] The index file is older than the data file: /bip7_disk/pingting114/mixed_bam/COLO829_PAO/TF1e-2_25x/TF1e-2_25x.rep1.bam.bai
[E::bam_parse_basemod2] e69a53ab-f5f6-422d-acd8-65a91f89246d: MM tag refers to bases beyond sequence length
[E::bam_parse_basemod2] 82ef3966-adc0-4716-8cb9-90159281e1c5: MM tag refers to bases beyond sequence length
[W::hts_idx_load3] The index file is older than the data file: /bip7_disk/pingting114/mixed_bam/COLO829_PAO/TF1e-2_25x/TF1e-2_25x.rep1.bam.bai
[W::hts_idx_load3] The index file is older than the data file: /bip7_disk/pingting114/mixed_bam/COLO829_PAO/TF1e-2_25x/TF1e-2_25x.rep1.bam.bai
[W::hts_idx_load3] The index file is older than the data file: /bip7_disk/pingting114/mixed_bam/COLO829_PAO/TF1e-2_25x/TF1e-2_25x.rep1.bam.bai
[W::hts_idx_load3] The index file is older than the data file: /bip7_disk/pingting114/mixed_bam/COLO829_PAO/TF1e-2_25x/TF1e-2_25x.rep1.bam.bai
[W::hts_idx_load3] The index file is older than the data file: /bip7_disk/pingting114/mixed_bam/COLO829_PAO/TF1e-2_25x/TF1e-2_25x.rep1.bam.bai
[E::bam_parse_basemod2] ac4a3948-59e2-4c70-b22c-6d4f9020f2a8: MM tag refers to bases beyond sequence length
[W::hts_idx_load3] The index file is older than the data file: /bip7_disk/pingting114/mixed_bam/COLO829_PAO/TF1e-2_25x/TF1e-2_25x.rep1.bam.bai
[W::hts_idx_load3] The index file is older than the data file: /bip7_disk/pingting114/mixed_bam/COLO829_PAO/TF1e-2_25x/TF1e-2_25x.rep1.bam.bai
[E::bam_parse_basemod2] d54f2ef3-0ddb-44bb-8e19-60fa77818806: MM tag refers to bases beyond sequence length
[W::bam_next_basemod] MM tag refers to bases beyond sequence length
[W::bam_next_basemod] MM tag refers to bases beyond sequence length
[E::bam_parse_basemod2] f1e0635e-c22b-4d7d-b7c6-0c2614cac343: MM tag refers to bases beyond sequence length
[W::hts_idx_load3] The index file is older than the data file: /bip7_disk/pingting114/mixed_bam/COLO829_PAO/TF1e-2_25x/TF1e-2_25x.rep1.bam.bai
[W::hts_idx_load3] The index file is older than the data file: /bip7_disk/pingting114/mixed_bam/COLO829_PAO/TF1e-2_25x/TF1e-2_25x.rep1.bam.bai
[W::hts_idx_load3] The index file is older than the data file: /bip7_disk/pingting114/mixed_bam/COLO829_PAO/TF1e-2_25x/TF1e-2_25x.rep1.bam.bai
[W::hts_idx_load3] The index file is older than the data file: /bip7_disk/pingting114/mixed_bam/COLO829_PAO/TF1e-2_25x/TF1e-2_25x.rep1.bam.bai
[W::bam_next_basemod] MM tag refers to bases beyond sequence length
[W::hts_idx_load3] The index file is older than the data file: /bip7_disk/pingting114/mixed_bam/COLO829_PAO/TF1e-2_25x/TF1e-2_25x.rep1.bam.bai
[W::bam_next_basemod] MM tag refers to bases beyond sequence length
[W::hts_idx_load3] The index file is older than the data file: /bip7_disk/pingting114/mixed_bam/COLO829_PAO/TF1e-2_25x/TF1e-2_25x.rep1.bam.bai
[W::hts_idx_load3] The index file is older than the data file: /bip7_disk/pingting114/mixed_bam/COLO829_PAO/TF1e-2_25x/TF1e-2_25x.rep1.bam.bai
[W::hts_idx_load3] The index file is older than the data file: /bip7_disk/pingting114/mixed_bam/COLO829_PAO/TF1e-2_25x/TF1e-2_25x.rep1.bam.bai
[W::bam_next_basemod] MM tag refers to bases beyond sequence length
[W::hts_idx_load3] The index file is older than the data file: /bip7_disk/pingting114/mixed_bam/COLO829_PAO/TF1e-2_25x/TF1e-2_25x.rep1.bam.bai
[W::hts_idx_load3] The index file is older than the data file: /bip7_disk/pingting114/mixed_bam/COLO829_PAO/TF1e-2_25x/TF1e-2_25x.rep1.bam.bai
[W::bam_next_basemod] MM tag refers to bases beyond sequence length
[E::bam_parse_basemod2] 3573fe0b-677f-44a0-a004-0c8b494ee056: MM tag refers to bases beyond sequence length
[W::hts_idx_load3] The index file is older than the data file: /bip7_disk/pingting114/mixed_bam/COLO829_PAO/TF1e-2_25x/TF1e-2_25x.rep1.bam.bai
[W::bam_next_basemod] MM tag refers to bases beyond sequence length
[E::bam_parse_basemod2] ea45e4e5-1d39-4f1e-877d-3169da6ecd37: MM tag refers to bases beyond sequence length
[W::hts_idx_load3] The index file is older than the data file: /bip7_disk/pingting114/mixed_bam/COLO829_PAO/TF1e-2_25x/TF1e-2_25x.rep1.bam.bai
[W::hts_idx_load3] The index file is older than the data file: /bip7_disk/pingting114/mixed_bam/COLO829_PAO/TF1e-2_25x/TF1e-2_25x.rep1.bam.bai
[W::bam_next_basemod] MM tag refers to bases beyond sequence length
[E::bam_parse_basemod2] c858188f-6966-4f28-9815-3fff2f1cca2e: MM tag refers to bases beyond sequence length
[W::hts_idx_load3] The index file is older than the data file: /bip7_disk/pingting114/mixed_bam/COLO829_PAO/TF1e-2_25x/TF1e-2_25x.rep1.bam.bai
[W::hts_idx_load3] The index file is older than the data file: /bip7_disk/pingting114/mixed_bam/COLO829_PAO/TF1e-2_25x/TF1e-2_25x.rep1.bam.bai
[W::hts_idx_load3] The index file is older than the data file: /bip7_disk/pingting114/mixed_bam/COLO829_PAO/TF1e-2_25x/TF1e-2_25x.rep1.bam.bai
[W::hts_idx_load3] The index file is older than the data file: /bip7_disk/pingting114/mixed_bam/COLO829_PAO/TF1e-2_25x/TF1e-2_25x.rep1.bam.bai
[W::bam_next_basemod] MM tag refers to bases beyond sequence length
[W::hts_idx_load3] The index file is older than the data file: /bip7_disk/pingting114/mixed_bam/COLO829_PAO/TF1e-2_25x/TF1e-2_25x.rep1.bam.bai
[W::hts_idx_load3] The index file is older than the data file: /bip7_disk/pingting114/mixed_bam/COLO829_PAO/TF1e-2_25x/TF1e-2_25x.rep1.bam.bai
[E::bam_parse_basemod2] 3201bc50-47bc-478b-baa5-fb1736255d37: MM tag refers to bases beyond sequence length
[W::hts_idx_load3] The index file is older than the data file: /bip7_disk/pingting114/mixed_bam/COLO829_PAO/TF1e-2_25x/TF1e-2_25x.rep1.bam.bai
[W::hts_idx_load3] The index file is older than the data file: /bip7_disk/pingting114/mixed_bam/COLO829_PAO/TF1e-2_25x/TF1e-2_25x.rep1.bam.bai
[W::hts_idx_load3] The index file is older than the data file: /bip7_disk/pingting114/mixed_bam/COLO829_PAO/TF1e-2_25x/TF1e-2_25x.rep1.bam.bai
[W::bam_next_basemod] MM tag refers to bases beyond sequence length
[W::hts_idx_load3] The index file is older than the data file: /bip7_disk/pingting114/mixed_bam/COLO829_PAO/TF1e-2_25x/TF1e-2_25x.rep1.bam.bai
[E::bam_parse_basemod2] 29fc6954-2235-4b99-ab2e-3163ff1e9ad1: MM tag refers to bases beyond sequence length
[W::hts_idx_load3] The index file is older than the data file: /bip7_disk/pingting114/mixed_bam/COLO829_PAO/TF1e-2_25x/TF1e-2_25x.rep1.bam.bai
[E::bam_parse_basemod2] 41cc76e1-29e3-420f-b305-dafdcd60277e: MM tag refers to bases beyond sequence length
[W::hts_idx_load3] The index file is older than the data file: /bip7_disk/pingting114/mixed_bam/COLO829_PAO/TF1e-2_25x/TF1e-2_25x.rep1.bam.bai
[W::hts_idx_load3] The index file is older than the data file: /bip7_disk/pingting114/mixed_bam/COLO829_PAO/TF1e-2_25x/TF1e-2_25x.rep1.bam.bai
[W::hts_idx_load3] The index file is older than the data file: /bip7_disk/pingting114/mixed_bam/COLO829_PAO/TF1e-2_25x/TF1e-2_25x.rep1.bam.bai
[W::hts_idx_load3] The index file is older than the data file: /bip7_disk/pingting114/mixed_bam/COLO829_PAO/TF1e-2_25x/TF1e-2_25x.rep1.bam.bai
[W::hts_idx_load3] The index file is older than the data file: /bip7_disk/pingting114/mixed_bam/COLO829_PAO/TF1e-2_25x/TF1e-2_25x.rep1.bam.bai
[W::hts_idx_load3] The index file is older than the data file: /bip7_disk/pingting114/mixed_bam/COLO829_PAO/TF1e-2_25x/TF1e-2_25x.rep1.bam.bai
[W::hts_idx_load3] The index file is older than the data file: /bip7_disk/pingting114/mixed_bam/COLO829_PAO/TF1e-2_25x/TF1e-2_25x.rep1.bam.bai
[W::bam_next_basemod] MM tag refers to bases beyond sequence length
[W::bam_next_basemod] MM tag refers to bases beyond sequence length
[W::bam_next_basemod] MM tag refers to bases beyond sequence length
[W::bam_next_basemod] MM tag refers to bases beyond sequence length
[W::bam_next_basemod] MM tag refers to bases beyond sequence length
[E::bam_parse_basemod2] db54026e-3b4a-45c9-a6a6-1e3df01e7804: MM tag refers to bases beyond sequence length
[E::bam_parse_basemod2] 5de3bf57-b42a-4790-ac61-1be6736bb01e: MM tag refers to bases beyond sequence length
[E::bam_parse_basemod2] 095bebb2-5623-45e4-9b65-e05405235ed3: MM tag refers to bases beyond sequence length
[E::bam_parse_basemod2] b96f547e-754f-46e8-84b3-37f02894f23b: MM tag refers to bases beyond sequence length
[E::bam_parse_basemod2] e83abfef-5889-4a08-8f80-67aab40435e4: MM tag refers to bases beyond sequence length
[E::bam_parse_basemod2] 9a0f7bbe-fcca-4f05-866b-dd9d305f028f: MM tag refers to bases beyond sequence length
[E::bam_parse_basemod2] 886520a0-07a8-4eee-8e87-52f6610cdaa3: MM tag refers to bases beyond sequence length
[W::bam_next_basemod] MM tag refers to bases beyond sequence length
[W::hts_idx_load3] The index file is older than the data file: /bip7_disk/pingting114/mixed_bam/COLO829_PAO/TF1e-2_25x/TF1e-2_25x.rep1.bam.bai
[E::bam_parse_basemod2] 2d2d9c69-4066-4dff-a577-6a3cb0eb2ec1: MM tag refers to bases beyond sequence length
[W::hts_idx_load3] The index file is older than the data file: /bip7_disk/pingting114/mixed_bam/COLO829_PAO/TF1e-2_25x/TF1e-2_25x.rep1.bam.bai
[W::hts_idx_load3] The index file is older than the data file: /bip7_disk/pingting114/mixed_bam/COLO829_PAO/TF1e-2_25x/TF1e-2_25x.rep1.bam.bai
[W::hts_idx_load3] The index file is older than the data file: /bip7_disk/pingting114/mixed_bam/COLO829_PAO/TF1e-2_25x/TF1e-2_25x.rep1.bam.bai
[W::hts_idx_load3] The index file is older than the data file: /bip7_disk/pingting114/mixed_bam/COLO829_PAO/TF1e-2_25x/TF1e-2_25x.rep1.bam.bai
[W::hts_idx_load3] The index file is older than the data file: /bip7_disk/pingting114/mixed_bam/COLO829_PAO/TF1e-2_25x/TF1e-2_25x.rep1.bam.bai
[W::hts_idx_load3] The index file is older than the data file: /bip7_disk/pingting114/mixed_bam/COLO829_PAO/TF1e-2_25x/TF1e-2_25x.rep1.bam.bai
[W::hts_idx_load3] The index file is older than the data file: /bip7_disk/pingting114/mixed_bam/COLO829_PAO/TF1e-2_25x/TF1e-2_25x.rep1.bam.bai
[W::hts_idx_load3] The index file is older than the data file: /bip7_disk/pingting114/mixed_bam/COLO829_PAO/TF1e-2_25x/TF1e-2_25x.rep1.bam.bai
[W::hts_idx_load3] The index file is older than the data file: /bip7_disk/pingting114/mixed_bam/COLO829_PAO/TF1e-2_25x/TF1e-2_25x.rep1.bam.bai
[E::bam_parse_basemod2] 368f54df-8c72-486d-a175-f0b886f9ed0c: MM tag refers to bases beyond sequence length
[W::hts_idx_load3] The index file is older than the data file: /bip7_disk/pingting114/mixed_bam/COLO829_PAO/TF1e-2_25x/TF1e-2_25x.rep1.bam.bai
[W::bam_next_basemod] MM tag refers to bases beyond sequence length
[W::hts_idx_load3] The index file is older than the data file: /bip7_disk/pingting114/mixed_bam/COLO829_PAO/TF1e-2_25x/TF1e-2_25x.rep1.bam.bai
[W::hts_idx_load3] The index file is older than the data file: /bip7_disk/pingting114/mixed_bam/COLO829_PAO/TF1e-2_25x/TF1e-2_25x.rep1.bam.bai
[W::hts_idx_load3] The index file is older than the data file: /bip7_disk/pingting114/mixed_bam/COLO829_PAO/TF1e-2_25x/TF1e-2_25x.rep1.bam.bai
[W::bam_next_basemod] MM tag refers to bases beyond sequence length
[W::bam_next_basemod] MM tag refers to bases beyond sequence length
[W::hts_idx_load3] The index file is older than the data file: /bip7_disk/pingting114/mixed_bam/COLO829_PAO/TF1e-2_25x/TF1e-2_25x.rep1.bam.bai
[W::bam_next_basemod] MM tag refers to bases beyond sequence length
[W::hts_idx_load3] The index file is older than the data file: /bip7_disk/pingting114/mixed_bam/COLO829_PAO/TF1e-2_25x/TF1e-2_25x.rep1.bam.bai
[W::hts_idx_load3] The index file is older than the data file: /bip7_disk/pingting114/mixed_bam/COLO829_PAO/TF1e-2_25x/TF1e-2_25x.rep1.bam.bai
[W::bam_next_basemod] MM tag refers to bases beyond sequence length
[E::bam_parse_basemod2] 50748771-6bf6-4e99-82d5-35627f779005: MM tag refers to bases beyond sequence length
[W::hts_idx_load3] The index file is older than the data file: /bip7_disk/pingting114/mixed_bam/COLO829_PAO/TF1e-2_25x/TF1e-2_25x.rep1.bam.bai
[W::hts_idx_load3] The index file is older than the data file: /bip7_disk/pingting114/mixed_bam/COLO829_PAO/TF1e-2_25x/TF1e-2_25x.rep1.bam.bai
[W::hts_idx_load3] The index file is older than the data file: /bip7_disk/pingting114/mixed_bam/COLO829_PAO/TF1e-2_25x/TF1e-2_25x.rep1.bam.bai
[W::hts_idx_load3] The index file is older than the data file: /bip7_disk/pingting114/mixed_bam/COLO829_PAO/TF1e-2_25x/TF1e-2_25x.rep1.bam.bai
[W::hts_idx_load3] The index file is older than the data file: /bip7_disk/pingting114/mixed_bam/COLO829_PAO/TF1e-2_25x/TF1e-2_25x.rep1.bam.bai
[E::bam_parse_basemod2] ffeb6e65-f3a0-48b0-94f7-84dd22925545: MM tag refers to bases beyond sequence length
[W::hts_idx_load3] The index file is older than the data file: /bip7_disk/pingting114/mixed_bam/COLO829_PAO/TF1e-2_25x/TF1e-2_25x.rep1.bam.bai
[W::hts_idx_load3] The index file is older than the data file: /bip7_disk/pingting114/mixed_bam/COLO829_PAO/TF1e-2_25x/TF1e-2_25x.rep1.bam.bai
[W::hts_idx_load3] The index file is older than the data file: /bip7_disk/pingting114/mixed_bam/COLO829_PAO/TF1e-2_25x/TF1e-2_25x.rep1.bam.bai
[W::hts_idx_load3] The index file is older than the data file: /bip7_disk/pingting114/mixed_bam/COLO829_PAO/TF1e-2_25x/TF1e-2_25x.rep1.bam.bai
[W::hts_idx_load3] The index file is older than the data file: /bip7_disk/pingting114/mixed_bam/COLO829_PAO/TF1e-2_25x/TF1e-2_25x.rep1.bam.bai
[W::hts_idx_load3] The index file is older than the data file: /bip7_disk/pingting114/mixed_bam/COLO829_PAO/TF1e-2_25x/TF1e-2_25x.rep1.bam.bai
[W::hts_idx_load3] The index file is older than the data file: /bip7_disk/pingting114/mixed_bam/COLO829_PAO/TF1e-2_25x/TF1e-2_25x.rep1.bam.bai
[W::hts_idx_load3] The index file is older than the data file: /bip7_disk/pingting114/mixed_bam/COLO829_PAO/TF1e-2_25x/TF1e-2_25x.rep1.bam.bai
[W::hts_idx_load3] The index file is older than the data file: /bip7_disk/pingting114/mixed_bam/COLO829_PAO/TF1e-2_25x/TF1e-2_25x.rep1.bam.bai
[W::bam_next_basemod] MM tag refers to bases beyond sequence length
[W::bam_next_basemod] MM tag refers to bases beyond sequence length
[W::hts_idx_load3] The index file is older than the data file: /bip7_disk/pingting114/mixed_bam/COLO829_PAO/TF1e-2_25x/TF1e-2_25x.rep1.bam.bai
[W::hts_idx_load3] The index file is older than the data file: /bip7_disk/pingting114/mixed_bam/COLO829_PAO/TF1e-2_25x/TF1e-2_25x.rep1.bam.bai
[W::hts_idx_load3] The index file is older than the data file: /bip7_disk/pingting114/mixed_bam/COLO829_PAO/TF1e-2_25x/TF1e-2_25x.rep1.bam.bai
[W::bam_next_basemod] MM tag refers to bases beyond sequence length
[W::hts_idx_load3] The index file is older than the data file: /bip7_disk/pingting114/mixed_bam/COLO829_PAO/TF1e-2_25x/TF1e-2_25x.rep1.bam.bai
[W::hts_idx_load3] The index file is older than the data file: /bip7_disk/pingting114/mixed_bam/COLO829_PAO/TF1e-2_25x/TF1e-2_25x.rep1.bam.bai
[E::bam_parse_basemod2] 3251a5c8-da85-434e-9bfa-774d3550de43: MM tag refers to bases beyond sequence length
[W::hts_idx_load3] The index file is older than the data file: /bip7_disk/pingting114/mixed_bam/COLO829_PAO/TF1e-2_25x/TF1e-2_25x.rep1.bam.bai
[W::bam_next_basemod] MM tag refers to bases beyond sequence length
[W::hts_idx_load3] The index file is older than the data file: /bip7_disk/pingting114/mixed_bam/COLO829_PAO/TF1e-2_25x/TF1e-2_25x.rep1.bam.bai
[W::hts_idx_load3] The index file is older than the data file: /bip7_disk/pingting114/mixed_bam/COLO829_PAO/TF1e-2_25x/TF1e-2_25x.rep1.bam.bai
[W::hts_idx_load3] The index file is older than the data file: /bip7_disk/pingting114/mixed_bam/COLO829_PAO/TF1e-2_25x/TF1e-2_25x.rep1.bam.bai
[E::bam_parse_basemod2] cabc2ef2-1ec0-4924-862f-1bbfda0ecb79: MM tag refers to bases beyond sequence length
[W::hts_idx_load3] The index file is older than the data file: /bip7_disk/pingting114/mixed_bam/COLO829_PAO/TF1e-2_25x/TF1e-2_25x.rep1.bam.bai
[E::bam_parse_basemod2] da156cc9-8930-4e4e-aa36-5a88d60bd31a: MM tag refers to bases beyond sequence length
[W::hts_idx_load3] The index file is older than the data file: /bip7_disk/pingting114/mixed_bam/COLO829_PAO/TF1e-2_25x/TF1e-2_25x.rep1.bam.bai
[W::hts_idx_load3] The index file is older than the data file: /bip7_disk/pingting114/mixed_bam/COLO829_PAO/TF1e-2_25x/TF1e-2_25x.rep1.bam.bai
[W::hts_idx_load3] The index file is older than the data file: /bip7_disk/pingting114/mixed_bam/COLO829_PAO/TF1e-2_25x/TF1e-2_25x.rep1.bam.bai
[W::hts_idx_load3] The index file is older than the data file: /bip7_disk/pingting114/mixed_bam/COLO829_PAO/TF1e-2_25x/TF1e-2_25x.rep1.bam.bai
[W::bam_next_basemod] MM tag refers to bases beyond sequence length
[W::hts_idx_load3] The index file is older than the data file: /bip7_disk/pingting114/mixed_bam/COLO829_PAO/TF1e-2_25x/TF1e-2_25x.rep1.bam.bai
[W::hts_idx_load3] The index file is older than the data file: /bip7_disk/pingting114/mixed_bam/COLO829_PAO/TF1e-2_25x/TF1e-2_25x.rep1.bam.bai
[W::hts_idx_load3] The index file is older than the data file: /bip7_disk/pingting114/mixed_bam/COLO829_PAO/TF1e-2_25x/TF1e-2_25x.rep1.bam.bai
[W::bam_next_basemod] MM tag refers to bases beyond sequence length
[E::bam_parse_basemod2] c1a1c65e-b2a0-42e0-b707-d0511149be2e: MM tag refers to bases beyond sequence length
[W::hts_idx_load3] The index file is older than the data file: /bip7_disk/pingting114/mixed_bam/COLO829_PAO/TF1e-2_25x/TF1e-2_25x.rep1.bam.bai
[W::hts_idx_load3] The index file is older than the data file: /bip7_disk/pingting114/mixed_bam/COLO829_PAO/TF1e-2_25x/TF1e-2_25x.rep1.bam.bai
[W::bam_next_basemod] MM tag refers to bases beyond sequence length
[W::hts_idx_load3] The index file is older than the data file: /bip7_disk/pingting114/mixed_bam/COLO829_PAO/TF1e-2_25x/TF1e-2_25x.rep1.bam.bai
[E::bam_parse_basemod2] 540f4242-2bf2-43e2-97a2-666b9c56c4f5: MM tag refers to bases beyond sequence length
[W::hts_idx_load3] The index file is older than the data file: /bip7_disk/pingting114/mixed_bam/COLO829_PAO/TF1e-2_25x/TF1e-2_25x.rep1.bam.bai
[W::bam_next_basemod] MM tag refers to bases beyond sequence length
[W::hts_idx_load3] The index file is older than the data file: /bip7_disk/pingting114/mixed_bam/COLO829_PAO/TF1e-2_25x/TF1e-2_25x.rep1.bam.bai
[E::bam_parse_basemod2] 057024c5-5fef-423f-a1ff-0ffbda7cb626: MM tag refers to bases beyond sequence length
[W::bam_next_basemod] MM tag refers to bases beyond sequence length
[W::hts_idx_load3] The index file is older than the data file: /bip7_disk/pingting114/mixed_bam/COLO829_PAO/TF1e-2_25x/TF1e-2_25x.rep1.bam.bai
[W::hts_idx_load3] The index file is older than the data file: /bip7_disk/pingting114/mixed_bam/COLO829_PAO/TF1e-2_25x/TF1e-2_25x.rep1.bam.bai
[W::hts_idx_load3] The index file is older than the data file: /bip7_disk/pingting114/mixed_bam/COLO829_PAO/TF1e-2_25x/TF1e-2_25x.rep1.bam.bai
[W::hts_idx_load3] The index file is older than the data file: /bip7_disk/pingting114/mixed_bam/COLO829_PAO/TF1e-2_25x/TF1e-2_25x.rep1.bam.bai
[W::hts_idx_load3] The index file is older than the data file: /bip7_disk/pingting114/mixed_bam/COLO829_PAO/TF1e-2_25x/TF1e-2_25x.rep1.bam.bai
[W::bam_next_basemod] MM tag refers to bases beyond sequence length
[W::hts_idx_load3] The index file is older than the data file: /bip7_disk/pingting114/mixed_bam/COLO829_PAO/TF1e-2_25x/TF1e-2_25x.rep1.bam.bai
[W::hts_idx_load3] The index file is older than the data file: /bip7_disk/pingting114/mixed_bam/COLO829_PAO/TF1e-2_25x/TF1e-2_25x.rep1.bam.bai
[W::bam_next_basemod] MM tag refers to bases beyond sequence length
[W::hts_idx_load3] The index file is older than the data file: /bip7_disk/pingting114/mixed_bam/COLO829_PAO/TF1e-2_25x/TF1e-2_25x.rep1.bam.bai
[W::bam_next_basemod] MM tag refers to bases beyond sequence length
[E::bam_parse_basemod2] 4ac9164b-d727-47d5-874f-d29abbfc88b8: MM tag refers to bases beyond sequence length
[W::hts_idx_load3] The index file is older than the data file: /bip7_disk/pingting114/mixed_bam/COLO829_PAO/TF1e-2_25x/TF1e-2_25x.rep1.bam.bai
[W::hts_idx_load3] The index file is older than the data file: /bip7_disk/pingting114/mixed_bam/COLO829_PAO/TF1e-2_25x/TF1e-2_25x.rep1.bam.bai
[W::hts_idx_load3] The index file is older than the data file: /bip7_disk/pingting114/mixed_bam/COLO829_PAO/TF1e-2_25x/TF1e-2_25x.rep1.bam.bai
[W::bam_next_basemod] MM tag refers to bases beyond sequence length
[W::hts_idx_load3] The index file is older than the data file: /bip7_disk/pingting114/mixed_bam/COLO829_PAO/TF1e-2_25x/TF1e-2_25x.rep1.bam.bai
[E::bam_parse_basemod2] 7ef6854e-d477-4b08-a40a-5494184366e9: MM tag refers to bases beyond sequence length
[E::bam_parse_basemod2] 7a6e4fe6-d2b4-47ce-a4d4-c0d5438aaf9f: MM tag refers to bases beyond sequence length
[W::hts_idx_load3] The index file is older than the data file: /bip7_disk/pingting114/mixed_bam/COLO829_PAO/TF1e-2_25x/TF1e-2_25x.rep1.bam.bai
[W::bam_next_basemod] MM tag refers to bases beyond sequence length
[W::hts_idx_load3] The index file is older than the data file: /bip7_disk/pingting114/mixed_bam/COLO829_PAO/TF1e-2_25x/TF1e-2_25x.rep1.bam.bai
[W::bam_next_basemod] MM tag refers to bases beyond sequence length
[W::hts_idx_load3] The index file is older than the data file: /bip7_disk/pingting114/mixed_bam/COLO829_PAO/TF1e-2_25x/TF1e-2_25x.rep1.bam.bai
[W::hts_idx_load3] The index file is older than the data file: /bip7_disk/pingting114/mixed_bam/COLO829_PAO/TF1e-2_25x/TF1e-2_25x.rep1.bam.bai
[W::hts_idx_load3] The index file is older than the data file: /bip7_disk/pingting114/mixed_bam/COLO829_PAO/TF1e-2_25x/TF1e-2_25x.rep1.bam.bai
[E::bam_parse_basemod2] aa2ba0fc-74b2-4c45-ad28-1aff6ba961e5: MM tag refers to bases beyond sequence length
[W::hts_idx_load3] The index file is older than the data file: /bip7_disk/pingting114/mixed_bam/COLO829_PAO/TF1e-2_25x/TF1e-2_25x.rep1.bam.bai
[W::hts_idx_load3] The index file is older than the data file: /bip7_disk/pingting114/mixed_bam/COLO829_PAO/TF1e-2_25x/TF1e-2_25x.rep1.bam.bai
[W::hts_idx_load3] The index file is older than the data file: /bip7_disk/pingting114/mixed_bam/COLO829_PAO/TF1e-2_25x/TF1e-2_25x.rep1.bam.bai
[W::hts_idx_load3] The index file is older than the data file: /bip7_disk/pingting114/mixed_bam/COLO829_PAO/TF1e-2_25x/TF1e-2_25x.rep1.bam.bai
[W::hts_idx_load3] The index file is older than the data file: /bip7_disk/pingting114/mixed_bam/COLO829_PAO/TF1e-2_25x/TF1e-2_25x.rep1.bam.bai
[W::hts_idx_load3] The index file is older than the data file: /bip7_disk/pingting114/mixed_bam/COLO829_PAO/TF1e-2_25x/TF1e-2_25x.rep1.bam.bai
[W::hts_idx_load3] The index file is older than the data file: /bip7_disk/pingting114/mixed_bam/COLO829_PAO/TF1e-2_25x/TF1e-2_25x.rep1.bam.bai
[W::hts_idx_load3] The index file is older than the data file: /bip7_disk/pingting114/mixed_bam/COLO829_PAO/TF1e-2_25x/TF1e-2_25x.rep1.bam.bai
[W::hts_idx_load3] The index file is older than the data file: /bip7_disk/pingting114/mixed_bam/COLO829_PAO/TF1e-2_25x/TF1e-2_25x.rep1.bam.bai
[W::bam_next_basemod] MM tag refers to bases beyond sequence length
[W::hts_idx_load3] The index file is older than the data file: /bip7_disk/pingting114/mixed_bam/COLO829_PAO/TF1e-2_25x/TF1e-2_25x.rep1.bam.bai
[W::hts_idx_load3] The index file is older than the data file: /bip7_disk/pingting114/mixed_bam/COLO829_PAO/TF1e-2_25x/TF1e-2_25x.rep1.bam.bai
[E::bam_parse_basemod2] 028bcd53-3b2e-48e1-8097-b1e48ff48057: MM tag refers to bases beyond sequence length
[W::hts_idx_load3] The index file is older than the data file: /bip7_disk/pingting114/mixed_bam/COLO829_PAO/TF1e-2_25x/TF1e-2_25x.rep1.bam.bai
[W::hts_idx_load3] The index file is older than the data file: /bip7_disk/pingting114/mixed_bam/COLO829_PAO/TF1e-2_25x/TF1e-2_25x.rep1.bam.bai
[W::bam_next_basemod] MM tag refers to bases beyond sequence length
[W::hts_idx_load3] The index file is older than the data file: /bip7_disk/pingting114/mixed_bam/COLO829_PAO/TF1e-2_25x/TF1e-2_25x.rep1.bam.bai
[W::hts_idx_load3] The index file is older than the data file: /bip7_disk/pingting114/mixed_bam/COLO829_PAO/TF1e-2_25x/TF1e-2_25x.rep1.bam.bai
[W::hts_idx_load3] The index file is older than the data file: /bip7_disk/pingting114/mixed_bam/COLO829_PAO/TF1e-2_25x/TF1e-2_25x.rep1.bam.bai
[E::bam_parse_basemod2] 33d3c31c-bbb1-4a58-9d3c-b8de28e28174: MM tag refers to bases beyond sequence length
[W::hts_idx_load3] The index file is older than the data file: /bip7_disk/pingting114/mixed_bam/COLO829_PAO/TF1e-2_25x/TF1e-2_25x.rep1.bam.bai
[E::bam_parse_basemod2] d5e4962a-1ab4-460c-8116-be1c46feaade: MM tag refers to bases beyond sequence length
[W::bam_next_basemod] MM tag refers to bases beyond sequence length
[W::hts_idx_load3] The index file is older than the data file: /bip7_disk/pingting114/mixed_bam/COLO829_PAO/TF1e-2_25x/TF1e-2_25x.rep1.bam.bai
[W::hts_idx_load3] The index file is older than the data file: /bip7_disk/pingting114/mixed_bam/COLO829_PAO/TF1e-2_25x/TF1e-2_25x.rep1.bam.bai
[W::hts_idx_load3] The index file is older than the data file: /bip7_disk/pingting114/mixed_bam/COLO829_PAO/TF1e-2_25x/TF1e-2_25x.rep1.bam.bai
[W::hts_idx_load3] The index file is older than the data file: /bip7_disk/pingting114/mixed_bam/COLO829_PAO/TF1e-2_25x/TF1e-2_25x.rep1.bam.bai
[W::hts_idx_load3] The index file is older than the data file: /bip7_disk/pingting114/mixed_bam/COLO829_PAO/TF1e-2_25x/TF1e-2_25x.rep1.bam.bai
[W::bam_next_basemod] MM tag refers to bases beyond sequence length
[W::hts_idx_load3] The index file is older than the data file: /bip7_disk/pingting114/mixed_bam/COLO829_PAO/TF1e-2_25x/TF1e-2_25x.rep1.bam.bai
[W::bam_next_basemod] MM tag refers to bases beyond sequence length
[W::hts_idx_load3] The index file is older than the data file: /bip7_disk/pingting114/mixed_bam/COLO829_PAO/TF1e-2_25x/TF1e-2_25x.rep1.bam.bai
[E::bam_parse_basemod2] fd95b0bd-c16b-40a2-83d2-54e8951c2976: MM tag refers to bases beyond sequence length
[W::hts_idx_load3] The index file is older than the data file: /bip7_disk/pingting114/mixed_bam/COLO829_PAO/TF1e-2_25x/TF1e-2_25x.rep1.bam.bai
[W::hts_idx_load3] The index file is older than the data file: /bip7_disk/pingting114/mixed_bam/COLO829_PAO/TF1e-2_25x/TF1e-2_25x.rep1.bam.bai
[W::hts_idx_load3] The index file is older than the data file: /bip7_disk/pingting114/mixed_bam/COLO829_PAO/TF1e-2_25x/TF1e-2_25x.rep1.bam.bai
[W::hts_idx_load3] The index file is older than the data file: /bip7_disk/pingting114/mixed_bam/COLO829_PAO/TF1e-2_25x/TF1e-2_25x.rep1.bam.bai
[W::bam_next_basemod] MM tag refers to bases beyond sequence length
[W::hts_idx_load3] The index file is older than the data file: /bip7_disk/pingting114/mixed_bam/COLO829_PAO/TF1e-2_25x/TF1e-2_25x.rep1.bam.bai
[W::bam_next_basemod] MM tag refers to bases beyond sequence length
[W::hts_idx_load3] The index file is older than the data file: /bip7_disk/pingting114/mixed_bam/COLO829_PAO/TF1e-2_25x/TF1e-2_25x.rep1.bam.bai
[W::hts_idx_load3] The index file is older than the data file: /bip7_disk/pingting114/mixed_bam/COLO829_PAO/TF1e-2_25x/TF1e-2_25x.rep1.bam.bai
[W::hts_idx_load3] The index file is older than the data file: /bip7_disk/pingting114/mixed_bam/COLO829_PAO/TF1e-2_25x/TF1e-2_25x.rep1.bam.bai
[E::bam_parse_basemod2] adabbf53-3c52-4cca-888d-bbd60a1011a1: MM tag refers to bases beyond sequence length
[W::hts_idx_load3] The index file is older than the data file: /bip7_disk/pingting114/mixed_bam/COLO829_PAO/TF1e-2_25x/TF1e-2_25x.rep1.bam.bai
[W::hts_idx_load3] The index file is older than the data file: /bip7_disk/pingting114/mixed_bam/COLO829_PAO/TF1e-2_25x/TF1e-2_25x.rep1.bam.bai
[W::hts_idx_load3] The index file is older than the data file: /bip7_disk/pingting114/mixed_bam/COLO829_PAO/TF1e-2_25x/TF1e-2_25x.rep1.bam.bai
[W::hts_idx_load3] The index file is older than the data file: /bip7_disk/pingting114/mixed_bam/COLO829_PAO/TF1e-2_25x/TF1e-2_25x.rep1.bam.bai
[E::bam_parse_basemod2] 7eeb76b4-e428-4d7a-8804-241bb1dff5df: MM tag refers to bases beyond sequence length
[W::bam_next_basemod] MM tag refers to bases beyond sequence length
[W::hts_idx_load3] The index file is older than the data file: /bip7_disk/pingting114/mixed_bam/COLO829_PAO/TF1e-2_25x/TF1e-2_25x.rep1.bam.bai
[W::hts_idx_load3] The index file is older than the data file: /bip7_disk/pingting114/mixed_bam/COLO829_PAO/TF1e-2_25x/TF1e-2_25x.rep1.bam.bai
[W::hts_idx_load3] The index file is older than the data file: /bip7_disk/pingting114/mixed_bam/COLO829_PAO/TF1e-2_25x/TF1e-2_25x.rep1.bam.bai
[W::hts_idx_load3] The index file is older than the data file: /bip7_disk/pingting114/mixed_bam/COLO829_PAO/TF1e-2_25x/TF1e-2_25x.rep1.bam.bai
[W::hts_idx_load3] The index file is older than the data file: /bip7_disk/pingting114/mixed_bam/COLO829_PAO/TF1e-2_25x/TF1e-2_25x.rep1.bam.bai
[W::hts_idx_load3] The index file is older than the data file: /bip7_disk/pingting114/mixed_bam/COLO829_PAO/TF1e-2_25x/TF1e-2_25x.rep1.bam.bai
[W::hts_idx_load3] The index file is older than the data file: /bip7_disk/pingting114/mixed_bam/COLO829_PAO/TF1e-2_25x/TF1e-2_25x.rep1.bam.bai
[W::hts_idx_load3] The index file is older than the data file: /bip7_disk/pingting114/mixed_bam/COLO829_PAO/TF1e-2_25x/TF1e-2_25x.rep1.bam.bai
[W::hts_idx_load3] The index file is older than the data file: /bip7_disk/pingting114/mixed_bam/COLO829_PAO/TF1e-2_25x/TF1e-2_25x.rep1.bam.bai
[W::hts_idx_load3] The index file is older than the data file: /bip7_disk/pingting114/mixed_bam/COLO829_PAO/TF1e-2_25x/TF1e-2_25x.rep1.bam.bai
[E::bam_parse_basemod2] 2f6bd022-5760-4946-a3e2-fe68cbdf61f5: MM tag refers to bases beyond sequence length
[W::hts_idx_load3] The index file is older than the data file: /bip7_disk/pingting114/mixed_bam/COLO829_PAO/TF1e-2_25x/TF1e-2_25x.rep1.bam.bai
[W::hts_idx_load3] The index file is older than the data file: /bip7_disk/pingting114/mixed_bam/COLO829_PAO/TF1e-2_25x/TF1e-2_25x.rep1.bam.bai
[W::bam_next_basemod] MM tag refers to bases beyond sequence length
[E::bam_parse_basemod2] e06311f5-2ec6-4056-8e0c-961bce41205d: MM tag refers to bases beyond sequence length
[W::hts_idx_load3] The index file is older than the data file: /bip7_disk/pingting114/mixed_bam/COLO829_PAO/TF1e-2_25x/TF1e-2_25x.rep1.bam.bai
[W::hts_idx_load3] The index file is older than the data file: /bip7_disk/pingting114/mixed_bam/COLO829_PAO/TF1e-2_25x/TF1e-2_25x.rep1.bam.bai
[W::bam_next_basemod] MM tag refers to bases beyond sequence length
[W::hts_idx_load3] The index file is older than the data file: /bip7_disk/pingting114/mixed_bam/COLO829_PAO/TF1e-2_25x/TF1e-2_25x.rep1.bam.bai
[W::hts_idx_load3] The index file is older than the data file: /bip7_disk/pingting114/mixed_bam/COLO829_PAO/TF1e-2_25x/TF1e-2_25x.rep1.bam.bai
[W::hts_idx_load3] The index file is older than the data file: /bip7_disk/pingting114/mixed_bam/COLO829_PAO/TF1e-2_25x/TF1e-2_25x.rep1.bam.bai
[E::bam_parse_basemod2] aafa3734-1400-44ee-9ec7-f9670c17938c: MM tag refers to bases beyond sequence length
[W::bam_next_basemod] MM tag refers to bases beyond sequence length
[W::bam_next_basemod] MM tag refers to bases beyond sequence length
[W::hts_idx_load3] The index file is older than the data file: /bip7_disk/pingting114/mixed_bam/COLO829_PAO/TF1e-2_25x/TF1e-2_25x.rep1.bam.bai
[E::bam_parse_basemod2] cc030635-3aee-4a9c-a087-32fa76c46fd8: MM tag refers to bases beyond sequence length
[W::hts_idx_load3] The index file is older than the data file: /bip7_disk/pingting114/mixed_bam/COLO829_PAO/TF1e-2_25x/TF1e-2_25x.rep1.bam.bai
[W::hts_idx_load3] The index file is older than the data file: /bip7_disk/pingting114/mixed_bam/COLO829_PAO/TF1e-2_25x/TF1e-2_25x.rep1.bam.bai
[W::hts_idx_load3] The index file is older than the data file: /bip7_disk/pingting114/mixed_bam/COLO829_PAO/TF1e-2_25x/TF1e-2_25x.rep1.bam.bai
[E::bam_parse_basemod2] 54e8e03d-e491-4e4e-b719-be5ea863cc8c: MM tag refers to bases beyond sequence length
[E::bam_parse_basemod2] 3a6dcecc-2bf8-4ebc-aafa-03df84f93057: MM tag refers to bases beyond sequence length
[W::hts_idx_load3] The index file is older than the data file: /bip7_disk/pingting114/mixed_bam/COLO829_PAO/TF1e-2_25x/TF1e-2_25x.rep1.bam.bai
[W::hts_idx_load3] The index file is older than the data file: /bip7_disk/pingting114/mixed_bam/COLO829_PAO/TF1e-2_25x/TF1e-2_25x.rep1.bam.bai
[W::bam_next_basemod] MM tag refers to bases beyond sequence length
[W::hts_idx_load3] The index file is older than the data file: /bip7_disk/pingting114/mixed_bam/COLO829_PAO/TF1e-2_25x/TF1e-2_25x.rep1.bam.bai
[W::hts_idx_load3] The index file is older than the data file: /bip7_disk/pingting114/mixed_bam/COLO829_PAO/TF1e-2_25x/TF1e-2_25x.rep1.bam.bai
[W::hts_idx_load3] The index file is older than the data file: /bip7_disk/pingting114/mixed_bam/COLO829_PAO/TF1e-2_25x/TF1e-2_25x.rep1.bam.bai
[W::hts_idx_load3] The index file is older than the data file: /bip7_disk/pingting114/mixed_bam/COLO829_PAO/TF1e-2_25x/TF1e-2_25x.rep1.bam.bai
[W::bam_next_basemod] MM tag refers to bases beyond sequence length
[W::bam_next_basemod] MM tag refers to bases beyond sequence length
[W::bam_next_basemod] MM tag refers to bases beyond sequence length
[W::bam_next_basemod] MM tag refers to bases beyond sequence length
[W::bam_next_basemod] MM tag refers to bases beyond sequence length
[W::hts_idx_load3] The index file is older than the data file: /bip7_disk/pingting114/mixed_bam/COLO829_PAO/TF1e-2_25x/TF1e-2_25x.rep1.bam.bai
[W::hts_idx_load3] The index file is older than the data file: /bip7_disk/pingting114/mixed_bam/COLO829_PAO/TF1e-2_25x/TF1e-2_25x.rep1.bam.bai
[W::hts_idx_load3] The index file is older than the data file: /bip7_disk/pingting114/mixed_bam/COLO829_PAO/TF1e-2_25x/TF1e-2_25x.rep1.bam.bai
[E::bam_parse_basemod2] dc23fa15-43de-49a8-8b0e-23e2d6a11bc1: MM tag refers to bases beyond sequence length
[W::hts_idx_load3] The index file is older than the data file: /bip7_disk/pingting114/mixed_bam/COLO829_PAO/TF1e-2_25x/TF1e-2_25x.rep1.bam.bai
[W::hts_idx_load3] The index file is older than the data file: /bip7_disk/pingting114/mixed_bam/COLO829_PAO/TF1e-2_25x/TF1e-2_25x.rep1.bam.bai
[W::hts_idx_load3] The index file is older than the data file: /bip7_disk/pingting114/mixed_bam/COLO829_PAO/TF1e-2_25x/TF1e-2_25x.rep1.bam.bai
[W::hts_idx_load3] The index file is older than the data file: /bip7_disk/pingting114/mixed_bam/COLO829_PAO/TF1e-2_25x/TF1e-2_25x.rep1.bam.bai
[W::bam_next_basemod] MM tag refers to bases beyond sequence length
[W::bam_next_basemod] MM tag refers to bases beyond sequence length
[E::bam_parse_basemod2] 346345af-262e-42ac-8270-4ff9f3b15651: MM tag refers to bases beyond sequence length
[W::hts_idx_load3] The index file is older than the data file: /bip7_disk/pingting114/mixed_bam/COLO829_PAO/TF1e-2_25x/TF1e-2_25x.rep1.bam.bai
[W::hts_idx_load3] The index file is older than the data file: /bip7_disk/pingting114/mixed_bam/COLO829_PAO/TF1e-2_25x/TF1e-2_25x.rep1.bam.bai
[W::hts_idx_load3] The index file is older than the data file: /bip7_disk/pingting114/mixed_bam/COLO829_PAO/TF1e-2_25x/TF1e-2_25x.rep1.bam.bai
[W::hts_idx_load3] The index file is older than the data file: /bip7_disk/pingting114/mixed_bam/COLO829_PAO/TF1e-2_25x/TF1e-2_25x.rep1.bam.bai
[W::bam_next_basemod] MM tag refers to bases beyond sequence length
[W::hts_idx_load3] The index file is older than the data file: /bip7_disk/pingting114/mixed_bam/COLO829_PAO/TF1e-2_25x/TF1e-2_25x.rep1.bam.bai
[W::bam_next_basemod] MM tag refers to bases beyond sequence length
[W::hts_idx_load3] The index file is older than the data file: /bip7_disk/pingting114/mixed_bam/COLO829_PAO/TF1e-2_25x/TF1e-2_25x.rep1.bam.bai
[W::hts_idx_load3] The index file is older than the data file: /bip7_disk/pingting114/mixed_bam/COLO829_PAO/TF1e-2_25x/TF1e-2_25x.rep1.bam.bai
[W::hts_idx_load3] The index file is older than the data file: /bip7_disk/pingting114/mixed_bam/COLO829_PAO/TF1e-2_25x/TF1e-2_25x.rep1.bam.bai
[E::bam_parse_basemod2] 7fb7f728-b4f4-4367-adbf-9fd02370dc9d: MM tag refers to bases beyond sequence length
[W::bam_next_basemod] MM tag refers to bases beyond sequence length
[W::hts_idx_load3] The index file is older than the data file: /bip7_disk/pingting114/mixed_bam/COLO829_PAO/TF1e-2_25x/TF1e-2_25x.rep1.bam.bai
[W::bam_next_basemod] MM tag refers to bases beyond sequence length
[W::bam_next_basemod] MM tag refers to bases beyond sequence length
[W::hts_idx_load3] The index file is older than the data file: /bip7_disk/pingting114/mixed_bam/COLO829_PAO/TF1e-2_25x/TF1e-2_25x.rep1.bam.bai
[W::hts_idx_load3] The index file is older than the data file: /bip7_disk/pingting114/mixed_bam/COLO829_PAO/TF1e-2_25x/TF1e-2_25x.rep1.bam.bai
[E::bam_parse_basemod2] 39bc29d5-0c10-487f-a384-b790a152d045: MM tag refers to bases beyond sequence length
[W::hts_idx_load3] The index file is older than the data file: /bip7_disk/pingting114/mixed_bam/COLO829_PAO/TF1e-2_25x/TF1e-2_25x.rep1.bam.bai
[W::hts_idx_load3] The index file is older than the data file: /bip7_disk/pingting114/mixed_bam/COLO829_PAO/TF1e-2_25x/TF1e-2_25x.rep1.bam.bai
[W::hts_idx_load3] The index file is older than the data file: /bip7_disk/pingting114/mixed_bam/COLO829_PAO/TF1e-2_25x/TF1e-2_25x.rep1.bam.bai
[W::bam_next_basemod] MM tag refers to bases beyond sequence length
[W::hts_idx_load3] The index file is older than the data file: /bip7_disk/pingting114/mixed_bam/COLO829_PAO/TF1e-2_25x/TF1e-2_25x.rep1.bam.bai
[W::bam_next_basemod] MM tag refers to bases beyond sequence length
[W::hts_idx_load3] The index file is older than the data file: /bip7_disk/pingting114/mixed_bam/COLO829_PAO/TF1e-2_25x/TF1e-2_25x.rep1.bam.bai
[W::hts_idx_load3] The index file is older than the data file: /bip7_disk/pingting114/mixed_bam/COLO829_PAO/TF1e-2_25x/TF1e-2_25x.rep1.bam.bai
[W::bam_next_basemod] MM tag refers to bases beyond sequence length
[W::bam_next_basemod] MM tag refers to bases beyond sequence length
[W::hts_idx_load3] The index file is older than the data file: /bip7_disk/pingting114/mixed_bam/COLO829_PAO/TF1e-2_25x/TF1e-2_25x.rep1.bam.bai
[W::hts_idx_load3] The index file is older than the data file: /bip7_disk/pingting114/mixed_bam/COLO829_PAO/TF1e-2_25x/TF1e-2_25x.rep1.bam.bai
[W::hts_idx_load3] The index file is older than the data file: /bip7_disk/pingting114/mixed_bam/COLO829_PAO/TF1e-2_25x/TF1e-2_25x.rep1.bam.bai
[W::hts_idx_load3] The index file is older than the data file: /bip7_disk/pingting114/mixed_bam/COLO829_PAO/TF1e-2_25x/TF1e-2_25x.rep1.bam.bai
[W::hts_idx_load3] The index file is older than the data file: /bip7_disk/pingting114/mixed_bam/COLO829_PAO/TF1e-2_25x/TF1e-2_25x.rep1.bam.bai
[W::hts_idx_load3] The index file is older than the data file: /bip7_disk/pingting114/mixed_bam/COLO829_PAO/TF1e-2_25x/TF1e-2_25x.rep1.bam.bai
[W::bam_next_basemod] MM tag refers to bases beyond sequence length
[W::hts_idx_load3] The index file is older than the data file: /bip7_disk/pingting114/mixed_bam/COLO829_PAO/TF1e-2_25x/TF1e-2_25x.rep1.bam.bai
[W::hts_idx_load3] The index file is older than the data file: /bip7_disk/pingting114/mixed_bam/COLO829_PAO/TF1e-2_25x/TF1e-2_25x.rep1.bam.bai
[W::hts_idx_load3] The index file is older than the data file: /bip7_disk/pingting114/mixed_bam/COLO829_PAO/TF1e-2_25x/TF1e-2_25x.rep1.bam.bai
[W::hts_idx_load3] The index file is older than the data file: /bip7_disk/pingting114/mixed_bam/COLO829_PAO/TF1e-2_25x/TF1e-2_25x.rep1.bam.bai
[W::hts_idx_load3] The index file is older than the data file: /bip7_disk/pingting114/mixed_bam/COLO829_PAO/TF1e-2_25x/TF1e-2_25x.rep1.bam.bai
[W::bam_next_basemod] MM tag refers to bases beyond sequence length
[W::hts_idx_load3] The index file is older than the data file: /bip7_disk/pingting114/mixed_bam/COLO829_PAO/TF1e-2_25x/TF1e-2_25x.rep1.bam.bai
[W::bam_next_basemod] MM tag refers to bases beyond sequence length
[W::hts_idx_load3] The index file is older than the data file: /bip7_disk/pingting114/mixed_bam/COLO829_PAO/TF1e-2_25x/TF1e-2_25x.rep1.bam.bai
[W::hts_idx_load3] The index file is older than the data file: /bip7_disk/pingting114/mixed_bam/COLO829_PAO/TF1e-2_25x/TF1e-2_25x.rep1.bam.bai
[W::hts_idx_load3] The index file is older than the data file: /bip7_disk/pingting114/mixed_bam/COLO829_PAO/TF1e-2_25x/TF1e-2_25x.rep1.bam.bai
[W::hts_idx_load3] The index file is older than the data file: /bip7_disk/pingting114/mixed_bam/COLO829_PAO/TF1e-2_25x/TF1e-2_25x.rep1.bam.bai
[W::bam_next_basemod] MM tag refers to bases beyond sequence length
[W::hts_idx_load3] The index file is older than the data file: /bip7_disk/pingting114/mixed_bam/COLO829_PAO/TF1e-2_25x/TF1e-2_25x.rep1.bam.bai
[W::bam_next_basemod] MM tag refers to bases beyond sequence length
[W::hts_idx_load3] The index file is older than the data file: /bip7_disk/pingting114/mixed_bam/COLO829_PAO/TF1e-2_25x/TF1e-2_25x.rep1.bam.bai
[W::hts_idx_load3] The index file is older than the data file: /bip7_disk/pingting114/mixed_bam/COLO829_PAO/TF1e-2_25x/TF1e-2_25x.rep1.bam.bai
[W::hts_idx_load3] The index file is older than the data file: /bip7_disk/pingting114/mixed_bam/COLO829_PAO/TF1e-2_25x/TF1e-2_25x.rep1.bam.bai
[W::bam_next_basemod] MM tag refers to bases beyond sequence length
[W::hts_idx_load3] The index file is older than the data file: /bip7_disk/pingting114/mixed_bam/COLO829_PAO/TF1e-2_25x/TF1e-2_25x.rep1.bam.bai
[W::hts_idx_load3] The index file is older than the data file: /bip7_disk/pingting114/mixed_bam/COLO829_PAO/TF1e-2_25x/TF1e-2_25x.rep1.bam.bai
[W::hts_idx_load3] The index file is older than the data file: /bip7_disk/pingting114/mixed_bam/COLO829_PAO/TF1e-2_25x/TF1e-2_25x.rep1.bam.bai
[W::hts_idx_load3] The index file is older than the data file: /bip7_disk/pingting114/mixed_bam/COLO829_PAO/TF1e-2_25x/TF1e-2_25x.rep1.bam.bai
[W::hts_idx_load3] The index file is older than the data file: /bip7_disk/pingting114/mixed_bam/COLO829_PAO/TF1e-2_25x/TF1e-2_25x.rep1.bam.bai
[W::hts_idx_load3] The index file is older than the data file: /bip7_disk/pingting114/mixed_bam/COLO829_PAO/TF1e-2_25x/TF1e-2_25x.rep1.bam.bai
[W::hts_idx_load3] The index file is older than the data file: /bip7_disk/pingting114/mixed_bam/COLO829_PAO/TF1e-2_25x/TF1e-2_25x.rep1.bam.bai
[W::hts_idx_load3] The index file is older than the data file: /bip7_disk/pingting114/mixed_bam/COLO829_PAO/TF1e-2_25x/TF1e-2_25x.rep1.bam.bai
[W::hts_idx_load3] The index file is older than the data file: /bip7_disk/pingting114/mixed_bam/COLO829_PAO/TF1e-2_25x/TF1e-2_25x.rep1.bam.bai
[W::hts_idx_load3] The index file is older than the data file: /bip7_disk/pingting114/mixed_bam/COLO829_PAO/TF1e-2_25x/TF1e-2_25x.rep1.bam.bai
[W::hts_idx_load3] The index file is older than the data file: /bip7_disk/pingting114/mixed_bam/COLO829_PAO/TF1e-2_25x/TF1e-2_25x.rep1.bam.bai
[W::hts_idx_load3] The index file is older than the data file: /bip7_disk/pingting114/mixed_bam/COLO829_PAO/TF1e-2_25x/TF1e-2_25x.rep1.bam.bai
[W::hts_idx_load3] The index file is older than the data file: /bip7_disk/pingting114/mixed_bam/COLO829_PAO/TF1e-2_25x/TF1e-2_25x.rep1.bam.bai
[W::hts_idx_load3] The index file is older than the data file: /bip7_disk/pingting114/mixed_bam/COLO829_PAO/TF1e-2_25x/TF1e-2_25x.rep1.bam.bai
[W::hts_idx_load3] The index file is older than the data file: /bip7_disk/pingting114/mixed_bam/COLO829_PAO/TF1e-2_25x/TF1e-2_25x.rep1.bam.bai
[W::hts_idx_load3] The index file is older than the data file: /bip7_disk/pingting114/mixed_bam/COLO829_PAO/TF1e-2_25x/TF1e-2_25x.rep1.bam.bai
[E::bam_parse_basemod2] 88f7b042-fc1f-4155-92fe-d6877c08aea7: MM tag refers to bases beyond sequence length
[W::hts_idx_load3] The index file is older than the data file: /bip7_disk/pingting114/mixed_bam/COLO829_PAO/TF1e-2_25x/TF1e-2_25x.rep1.bam.bai
[W::hts_idx_load3] The index file is older than the data file: /bip7_disk/pingting114/mixed_bam/COLO829_PAO/TF1e-2_25x/TF1e-2_25x.rep1.bam.bai
[W::bam_next_basemod] MM tag refers to bases beyond sequence length
[W::hts_idx_load3] The index file is older than the data file: /bip7_disk/pingting114/mixed_bam/COLO829_PAO/TF1e-2_25x/TF1e-2_25x.rep1.bam.bai
[W::hts_idx_load3] The index file is older than the data file: /bip7_disk/pingting114/mixed_bam/COLO829_PAO/TF1e-2_25x/TF1e-2_25x.rep1.bam.bai
[W::hts_idx_load3] The index file is older than the data file: /bip7_disk/pingting114/mixed_bam/COLO829_PAO/TF1e-2_25x/TF1e-2_25x.rep1.bam.bai
[W::hts_idx_load3] The index file is older than the data file: /bip7_disk/pingting114/mixed_bam/COLO829_PAO/TF1e-2_25x/TF1e-2_25x.rep1.bam.bai
[W::hts_idx_load3] The index file is older than the data file: /bip7_disk/pingting114/mixed_bam/COLO829_PAO/TF1e-2_25x/TF1e-2_25x.rep1.bam.bai
[W::hts_idx_load3] The index file is older than the data file: /bip7_disk/pingting114/mixed_bam/COLO829_PAO/TF1e-2_25x/TF1e-2_25x.rep1.bam.bai
[E::bam_parse_basemod2] 618f6e9b-baa7-4864-ab3a-d4aa1c293364: MM tag refers to bases beyond sequence length
[W::hts_idx_load3] The index file is older than the data file: /bip7_disk/pingting114/mixed_bam/COLO829_PAO/TF1e-2_25x/TF1e-2_25x.rep1.bam.bai
[W::hts_idx_load3] The index file is older than the data file: /bip7_disk/pingting114/mixed_bam/COLO829_PAO/TF1e-2_25x/TF1e-2_25x.rep1.bam.bai
[W::hts_idx_load3] The index file is older than the data file: /bip7_disk/pingting114/mixed_bam/COLO829_PAO/TF1e-2_25x/TF1e-2_25x.rep1.bam.bai
[W::hts_idx_load3] The index file is older than the data file: /bip7_disk/pingting114/mixed_bam/COLO829_PAO/TF1e-2_25x/TF1e-2_25x.rep1.bam.bai
[W::hts_idx_load3] The index file is older than the data file: /bip7_disk/pingting114/mixed_bam/COLO829_PAO/TF1e-2_25x/TF1e-2_25x.rep1.bam.bai
[W::hts_idx_load3] The index file is older than the data file: /bip7_disk/pingting114/mixed_bam/COLO829_PAO/TF1e-2_25x/TF1e-2_25x.rep1.bam.bai
[W::hts_idx_load3] The index file is older than the data file: /bip7_disk/pingting114/mixed_bam/COLO829_PAO/TF1e-2_25x/TF1e-2_25x.rep1.bam.bai
[E::bam_parse_basemod2] 74087e9f-f627-4b2b-9121-58206e969831: MM tag refers to bases beyond sequence length
[W::hts_idx_load3] The index file is older than the data file: /bip7_disk/pingting114/mixed_bam/COLO829_PAO/TF1e-2_25x/TF1e-2_25x.rep1.bam.bai
[W::hts_idx_load3] The index file is older than the data file: /bip7_disk/pingting114/mixed_bam/COLO829_PAO/TF1e-2_25x/TF1e-2_25x.rep1.bam.bai
[W::hts_idx_load3] The index file is older than the data file: /bip7_disk/pingting114/mixed_bam/COLO829_PAO/TF1e-2_25x/TF1e-2_25x.rep1.bam.bai
[W::hts_idx_load3] The index file is older than the data file: /bip7_disk/pingting114/mixed_bam/COLO829_PAO/TF1e-2_25x/TF1e-2_25x.rep1.bam.bai
[W::hts_idx_load3] The index file is older than the data file: /bip7_disk/pingting114/mixed_bam/COLO829_PAO/TF1e-2_25x/TF1e-2_25x.rep1.bam.bai
[W::hts_idx_load3] The index file is older than the data file: /bip7_disk/pingting114/mixed_bam/COLO829_PAO/TF1e-2_25x/TF1e-2_25x.rep1.bam.bai
[W::bam_next_basemod] MM tag refers to bases beyond sequence length
[W::hts_idx_load3] The index file is older than the data file: /bip7_disk/pingting114/mixed_bam/COLO829_PAO/TF1e-2_25x/TF1e-2_25x.rep1.bam.bai
[W::hts_idx_load3] The index file is older than the data file: /bip7_disk/pingting114/mixed_bam/COLO829_PAO/TF1e-2_25x/TF1e-2_25x.rep1.bam.bai
[W::bam_next_basemod] MM tag refers to bases beyond sequence length
[W::bam_next_basemod] MM tag refers to bases beyond sequence length
[W::hts_idx_load3] The index file is older than the data file: /bip7_disk/pingting114/mixed_bam/COLO829_PAO/TF1e-2_25x/TF1e-2_25x.rep1.bam.bai
[W::hts_idx_load3] The index file is older than the data file: /bip7_disk/pingting114/mixed_bam/COLO829_PAO/TF1e-2_25x/TF1e-2_25x.rep1.bam.bai
[W::hts_idx_load3] The index file is older than the data file: /bip7_disk/pingting114/mixed_bam/COLO829_PAO/TF1e-2_25x/TF1e-2_25x.rep1.bam.bai
[W::bam_next_basemod] MM tag refers to bases beyond sequence length
[W::hts_idx_load3] The index file is older than the data file: /bip7_disk/pingting114/mixed_bam/COLO829_PAO/TF1e-2_25x/TF1e-2_25x.rep1.bam.bai
[E::bam_parse_basemod2] 6fd296f0-80ef-40e4-8805-b320dbebac2c: MM tag refers to bases beyond sequence length
[W::hts_idx_load3] The index file is older than the data file: /bip7_disk/pingting114/mixed_bam/COLO829_PAO/TF1e-2_25x/TF1e-2_25x.rep1.bam.bai
[W::hts_idx_load3] The index file is older than the data file: /bip7_disk/pingting114/mixed_bam/COLO829_PAO/TF1e-2_25x/TF1e-2_25x.rep1.bam.bai
[W::hts_idx_load3] The index file is older than the data file: /bip7_disk/pingting114/mixed_bam/COLO829_PAO/TF1e-2_25x/TF1e-2_25x.rep1.bam.bai
[W::hts_idx_load3] The index file is older than the data file: /bip7_disk/pingting114/mixed_bam/COLO829_PAO/TF1e-2_25x/TF1e-2_25x.rep1.bam.bai
[W::bam_next_basemod] MM tag refers to bases beyond sequence length
[W::hts_idx_load3] The index file is older than the data file: /bip7_disk/pingting114/mixed_bam/COLO829_PAO/TF1e-2_25x/TF1e-2_25x.rep1.bam.bai
[W::hts_idx_load3] The index file is older than the data file: /bip7_disk/pingting114/mixed_bam/COLO829_PAO/TF1e-2_25x/TF1e-2_25x.rep1.bam.bai
[W::hts_idx_load3] The index file is older than the data file: /bip7_disk/pingting114/mixed_bam/COLO829_PAO/TF1e-2_25x/TF1e-2_25x.rep1.bam.bai
[W::hts_idx_load3] The index file is older than the data file: /bip7_disk/pingting114/mixed_bam/COLO829_PAO/TF1e-2_25x/TF1e-2_25x.rep1.bam.bai
[W::hts_idx_load3] The index file is older than the data file: /bip7_disk/pingting114/mixed_bam/COLO829_PAO/TF1e-2_25x/TF1e-2_25x.rep1.bam.bai
[W::hts_idx_load3] The index file is older than the data file: /bip7_disk/pingting114/mixed_bam/COLO829_PAO/TF1e-2_25x/TF1e-2_25x.rep1.bam.bai
[W::bam_next_basemod] MM tag refers to bases beyond sequence length
[W::hts_idx_load3] The index file is older than the data file: /bip7_disk/pingting114/mixed_bam/COLO829_PAO/TF1e-2_25x/TF1e-2_25x.rep1.bam.bai
[W::hts_idx_load3] The index file is older than the data file: /bip7_disk/pingting114/mixed_bam/COLO829_PAO/TF1e-2_25x/TF1e-2_25x.rep1.bam.bai
[W::hts_idx_load3] The index file is older than the data file: /bip7_disk/pingting114/mixed_bam/COLO829_PAO/TF1e-2_25x/TF1e-2_25x.rep1.bam.bai
[W::hts_idx_load3] The index file is older than the data file: /bip7_disk/pingting114/mixed_bam/COLO829_PAO/TF1e-2_25x/TF1e-2_25x.rep1.bam.bai
  TF1e-2_25x.rep1.bam cand 3000/4000
[W::hts_idx_load3] The index file is older than the data file: /bip7_disk/pingting114/mixed_bam/COLO829_PAO/TF1e-2_25x/TF1e-2_25x.rep1.bam.bai
[W::hts_idx_load3] The index file is older than the data file: /bip7_disk/pingting114/mixed_bam/COLO829_PAO/TF1e-2_25x/TF1e-2_25x.rep1.bam.bai
[W::hts_idx_load3] The index file is older than the data file: /bip7_disk/pingting114/mixed_bam/COLO829_PAO/TF1e-2_25x/TF1e-2_25x.rep1.bam.bai
[W::hts_idx_load3] The index file is older than the data file: /bip7_disk/pingting114/mixed_bam/COLO829_PAO/TF1e-2_25x/TF1e-2_25x.rep1.bam.bai
[W::hts_idx_load3] The index file is older than the data file: /bip7_disk/pingting114/mixed_bam/COLO829_PAO/TF1e-2_25x/TF1e-2_25x.rep1.bam.bai
[W::hts_idx_load3] The index file is older than the data file: /bip7_disk/pingting114/mixed_bam/COLO829_PAO/TF1e-2_25x/TF1e-2_25x.rep1.bam.bai
[W::hts_idx_load3] The index file is older than the data file: /bip7_disk/pingting114/mixed_bam/COLO829_PAO/TF1e-2_25x/TF1e-2_25x.rep1.bam.bai
[W::hts_idx_load3] The index file is older than the data file: /bip7_disk/pingting114/mixed_bam/COLO829_PAO/TF1e-2_25x/TF1e-2_25x.rep1.bam.bai
[W::bam_next_basemod] MM tag refers to bases beyond sequence length
[W::bam_next_basemod] MM tag refers to bases beyond sequence length
[W::hts_idx_load3] The index file is older than the data file: /bip7_disk/pingting114/mixed_bam/COLO829_PAO/TF1e-2_25x/TF1e-2_25x.rep1.bam.bai
[W::bam_next_basemod] MM tag refers to bases beyond sequence length
[W::hts_idx_load3] The index file is older than the data file: /bip7_disk/pingting114/mixed_bam/COLO829_PAO/TF1e-2_25x/TF1e-2_25x.rep1.bam.bai
[W::hts_idx_load3] The index file is older than the data file: /bip7_disk/pingting114/mixed_bam/COLO829_PAO/TF1e-2_25x/TF1e-2_25x.rep1.bam.bai
[W::hts_idx_load3] The index file is older than the data file: /bip7_disk/pingting114/mixed_bam/COLO829_PAO/TF1e-2_25x/TF1e-2_25x.rep1.bam.bai
[E::bam_parse_basemod2] fa22ae57-2561-44e0-b68d-7158a1607a37: MM tag refers to bases beyond sequence length
[W::bam_next_basemod] MM tag refers to bases beyond sequence length
[W::hts_idx_load3] The index file is older than the data file: /bip7_disk/pingting114/mixed_bam/COLO829_PAO/TF1e-2_25x/TF1e-2_25x.rep1.bam.bai
[W::hts_idx_load3] The index file is older than the data file: /bip7_disk/pingting114/mixed_bam/COLO829_PAO/TF1e-2_25x/TF1e-2_25x.rep1.bam.bai
[W::hts_idx_load3] The index file is older than the data file: /bip7_disk/pingting114/mixed_bam/COLO829_PAO/TF1e-2_25x/TF1e-2_25x.rep1.bam.bai
[W::hts_idx_load3] The index file is older than the data file: /bip7_disk/pingting114/mixed_bam/COLO829_PAO/TF1e-2_25x/TF1e-2_25x.rep1.bam.bai
[W::hts_idx_load3] The index file is older than the data file: /bip7_disk/pingting114/mixed_bam/COLO829_PAO/TF1e-2_25x/TF1e-2_25x.rep1.bam.bai
[W::hts_idx_load3] The index file is older than the data file: /bip7_disk/pingting114/mixed_bam/COLO829_PAO/TF1e-2_25x/TF1e-2_25x.rep1.bam.bai
[W::hts_idx_load3] The index file is older than the data file: /bip7_disk/pingting114/mixed_bam/COLO829_PAO/TF1e-2_25x/TF1e-2_25x.rep1.bam.bai
[W::bam_next_basemod] MM tag refers to bases beyond sequence length
[E::bam_parse_basemod2] 83bd2a81-02a8-4e26-bdb7-dbf0ebc9ae83: MM tag refers to bases beyond sequence length
[W::hts_idx_load3] The index file is older than the data file: /bip7_disk/pingting114/mixed_bam/COLO829_PAO/TF1e-2_25x/TF1e-2_25x.rep1.bam.bai
[W::hts_idx_load3] The index file is older than the data file: /bip7_disk/pingting114/mixed_bam/COLO829_PAO/TF1e-2_25x/TF1e-2_25x.rep1.bam.bai
[E::bam_parse_basemod2] 80d60de1-c910-4655-82f8-306b6e19ff5a: MM tag refers to bases beyond sequence length
[W::hts_idx_load3] The index file is older than the data file: /bip7_disk/pingting114/mixed_bam/COLO829_PAO/TF1e-2_25x/TF1e-2_25x.rep1.bam.bai
[W::bam_next_basemod] MM tag refers to bases beyond sequence length
[E::bam_parse_basemod2] 408fa288-1472-40f7-9831-cfb77c243d3b: MM tag refers to bases beyond sequence length
[W::hts_idx_load3] The index file is older than the data file: /bip7_disk/pingting114/mixed_bam/COLO829_PAO/TF1e-2_25x/TF1e-2_25x.rep1.bam.bai
[W::hts_idx_load3] The index file is older than the data file: /bip7_disk/pingting114/mixed_bam/COLO829_PAO/TF1e-2_25x/TF1e-2_25x.rep1.bam.bai
[W::hts_idx_load3] The index file is older than the data file: /bip7_disk/pingting114/mixed_bam/COLO829_PAO/TF1e-2_25x/TF1e-2_25x.rep1.bam.bai
[W::hts_idx_load3] The index file is older than the data file: /bip7_disk/pingting114/mixed_bam/COLO829_PAO/TF1e-2_25x/TF1e-2_25x.rep1.bam.bai
[W::hts_idx_load3] The index file is older than the data file: /bip7_disk/pingting114/mixed_bam/COLO829_PAO/TF1e-2_25x/TF1e-2_25x.rep1.bam.bai
[W::hts_idx_load3] The index file is older than the data file: /bip7_disk/pingting114/mixed_bam/COLO829_PAO/TF1e-2_25x/TF1e-2_25x.rep1.bam.bai
[W::bam_next_basemod] MM tag refers to bases beyond sequence length
[W::hts_idx_load3] The index file is older than the data file: /bip7_disk/pingting114/mixed_bam/COLO829_PAO/TF1e-2_25x/TF1e-2_25x.rep1.bam.bai
[W::hts_idx_load3] The index file is older than the data file: /bip7_disk/pingting114/mixed_bam/COLO829_PAO/TF1e-2_25x/TF1e-2_25x.rep1.bam.bai
[W::hts_idx_load3] The index file is older than the data file: /bip7_disk/pingting114/mixed_bam/COLO829_PAO/TF1e-2_25x/TF1e-2_25x.rep1.bam.bai
[W::hts_idx_load3] The index file is older than the data file: /bip7_disk/pingting114/mixed_bam/COLO829_PAO/TF1e-2_25x/TF1e-2_25x.rep1.bam.bai
[W::hts_idx_load3] The index file is older than the data file: /bip7_disk/pingting114/mixed_bam/COLO829_PAO/TF1e-2_25x/TF1e-2_25x.rep1.bam.bai
[W::hts_idx_load3] The index file is older than the data file: /bip7_disk/pingting114/mixed_bam/COLO829_PAO/TF1e-2_25x/TF1e-2_25x.rep1.bam.bai
[W::hts_idx_load3] The index file is older than the data file: /bip7_disk/pingting114/mixed_bam/COLO829_PAO/TF1e-2_25x/TF1e-2_25x.rep1.bam.bai
[E::bam_parse_basemod2] ea39eebf-c485-441d-94e8-5563bc718bac: MM tag refers to bases beyond sequence length
[W::hts_idx_load3] The index file is older than the data file: /bip7_disk/pingting114/mixed_bam/COLO829_PAO/TF1e-2_25x/TF1e-2_25x.rep1.bam.bai
[W::bam_next_basemod] MM tag refers to bases beyond sequence length
[W::hts_idx_load3] The index file is older than the data file: /bip7_disk/pingting114/mixed_bam/COLO829_PAO/TF1e-2_25x/TF1e-2_25x.rep1.bam.bai
[W::hts_idx_load3] The index file is older than the data file: /bip7_disk/pingting114/mixed_bam/COLO829_PAO/TF1e-2_25x/TF1e-2_25x.rep1.bam.bai
[W::hts_idx_load3] The index file is older than the data file: /bip7_disk/pingting114/mixed_bam/COLO829_PAO/TF1e-2_25x/TF1e-2_25x.rep1.bam.bai
[W::bam_next_basemod] MM tag refers to bases beyond sequence length
[W::hts_idx_load3] The index file is older than the data file: /bip7_disk/pingting114/mixed_bam/COLO829_PAO/TF1e-2_25x/TF1e-2_25x.rep1.bam.bai
[W::hts_idx_load3] The index file is older than the data file: /bip7_disk/pingting114/mixed_bam/COLO829_PAO/TF1e-2_25x/TF1e-2_25x.rep1.bam.bai
[W::hts_idx_load3] The index file is older than the data file: /bip7_disk/pingting114/mixed_bam/COLO829_PAO/TF1e-2_25x/TF1e-2_25x.rep1.bam.bai
[W::bam_next_basemod] MM tag refers to bases beyond sequence length
[W::hts_idx_load3] The index file is older than the data file: /bip7_disk/pingting114/mixed_bam/COLO829_PAO/TF1e-2_25x/TF1e-2_25x.rep1.bam.bai
[W::hts_idx_load3] The index file is older than the data file: /bip7_disk/pingting114/mixed_bam/COLO829_PAO/TF1e-2_25x/TF1e-2_25x.rep1.bam.bai
[W::hts_idx_load3] The index file is older than the data file: /bip7_disk/pingting114/mixed_bam/COLO829_PAO/TF1e-2_25x/TF1e-2_25x.rep1.bam.bai
[W::hts_idx_load3] The index file is older than the data file: /bip7_disk/pingting114/mixed_bam/COLO829_PAO/TF1e-2_25x/TF1e-2_25x.rep1.bam.bai
[W::hts_idx_load3] The index file is older than the data file: /bip7_disk/pingting114/mixed_bam/COLO829_PAO/TF1e-2_25x/TF1e-2_25x.rep1.bam.bai
[W::hts_idx_load3] The index file is older than the data file: /bip7_disk/pingting114/mixed_bam/COLO829_PAO/TF1e-2_25x/TF1e-2_25x.rep1.bam.bai
[W::hts_idx_load3] The index file is older than the data file: /bip7_disk/pingting114/mixed_bam/COLO829_PAO/TF1e-2_25x/TF1e-2_25x.rep1.bam.bai
[W::hts_idx_load3] The index file is older than the data file: /bip7_disk/pingting114/mixed_bam/COLO829_PAO/TF1e-2_25x/TF1e-2_25x.rep1.bam.bai
[W::hts_idx_load3] The index file is older than the data file: /bip7_disk/pingting114/mixed_bam/COLO829_PAO/TF1e-2_25x/TF1e-2_25x.rep1.bam.bai
[W::hts_idx_load3] The index file is older than the data file: /bip7_disk/pingting114/mixed_bam/COLO829_PAO/TF1e-2_25x/TF1e-2_25x.rep1.bam.bai
[W::hts_idx_load3] The index file is older than the data file: /bip7_disk/pingting114/mixed_bam/COLO829_PAO/TF1e-2_25x/TF1e-2_25x.rep1.bam.bai
[W::hts_idx_load3] The index file is older than the data file: /bip7_disk/pingting114/mixed_bam/COLO829_PAO/TF1e-2_25x/TF1e-2_25x.rep1.bam.bai
[W::hts_idx_load3] The index file is older than the data file: /bip7_disk/pingting114/mixed_bam/COLO829_PAO/TF1e-2_25x/TF1e-2_25x.rep1.bam.bai
[E::bam_parse_basemod2] d69a9e40-fd01-4982-aa0a-ffc39cbff3f8: MM tag refers to bases beyond sequence length
[W::hts_idx_load3] The index file is older than the data file: /bip7_disk/pingting114/mixed_bam/COLO829_PAO/TF1e-2_25x/TF1e-2_25x.rep1.bam.bai
[E::bam_parse_basemod2] 91149859-8f73-470e-b500-e902acba5123: MM tag refers to bases beyond sequence length
[W::hts_idx_load3] The index file is older than the data file: /bip7_disk/pingting114/mixed_bam/COLO829_PAO/TF1e-2_25x/TF1e-2_25x.rep1.bam.bai
[W::hts_idx_load3] The index file is older than the data file: /bip7_disk/pingting114/mixed_bam/COLO829_PAO/TF1e-2_25x/TF1e-2_25x.rep1.bam.bai
[W::bam_next_basemod] MM tag refers to bases beyond sequence length
[W::hts_idx_load3] The index file is older than the data file: /bip7_disk/pingting114/mixed_bam/COLO829_PAO/TF1e-2_25x/TF1e-2_25x.rep1.bam.bai
[E::bam_parse_basemod2] 01597bc3-b5e6-45d3-a5d8-c6896ce1ccc1: MM tag refers to bases beyond sequence length
[W::hts_idx_load3] The index file is older than the data file: /bip7_disk/pingting114/mixed_bam/COLO829_PAO/TF1e-2_25x/TF1e-2_25x.rep1.bam.bai
[W::hts_idx_load3] The index file is older than the data file: /bip7_disk/pingting114/mixed_bam/COLO829_PAO/TF1e-2_25x/TF1e-2_25x.rep1.bam.bai
[W::bam_next_basemod] MM tag refers to bases beyond sequence length
[E::bam_parse_basemod2] 70891429-3a59-41c7-8f9a-168d9ca6f9c3: MM tag refers to bases beyond sequence length
[W::hts_idx_load3] The index file is older than the data file: /bip7_disk/pingting114/mixed_bam/COLO829_PAO/TF1e-2_25x/TF1e-2_25x.rep1.bam.bai
[W::hts_idx_load3] The index file is older than the data file: /bip7_disk/pingting114/mixed_bam/COLO829_PAO/TF1e-2_25x/TF1e-2_25x.rep1.bam.bai
[W::hts_idx_load3] The index file is older than the data file: /bip7_disk/pingting114/mixed_bam/COLO829_PAO/TF1e-2_25x/TF1e-2_25x.rep1.bam.bai
[W::hts_idx_load3] The index file is older than the data file: /bip7_disk/pingting114/mixed_bam/COLO829_PAO/TF1e-2_25x/TF1e-2_25x.rep1.bam.bai
[W::hts_idx_load3] The index file is older than the data file: /bip7_disk/pingting114/mixed_bam/COLO829_PAO/TF1e-2_25x/TF1e-2_25x.rep1.bam.bai
[W::hts_idx_load3] The index file is older than the data file: /bip7_disk/pingting114/mixed_bam/COLO829_PAO/TF1e-2_25x/TF1e-2_25x.rep1.bam.bai
[W::hts_idx_load3] The index file is older than the data file: /bip7_disk/pingting114/mixed_bam/COLO829_PAO/TF1e-2_25x/TF1e-2_25x.rep1.bam.bai
[W::hts_idx_load3] The index file is older than the data file: /bip7_disk/pingting114/mixed_bam/COLO829_PAO/TF1e-2_25x/TF1e-2_25x.rep1.bam.bai
[W::hts_idx_load3] The index file is older than the data file: /bip7_disk/pingting114/mixed_bam/COLO829_PAO/TF1e-2_25x/TF1e-2_25x.rep1.bam.bai
[W::hts_idx_load3] The index file is older than the data file: /bip7_disk/pingting114/mixed_bam/COLO829_PAO/TF1e-2_25x/TF1e-2_25x.rep1.bam.bai
[E::bam_parse_basemod2] 4fff5b7d-05d4-4721-988a-e4c9e0a0504c: MM tag refers to bases beyond sequence length
[W::hts_idx_load3] The index file is older than the data file: /bip7_disk/pingting114/mixed_bam/COLO829_PAO/TF1e-2_25x/TF1e-2_25x.rep1.bam.bai
[W::hts_idx_load3] The index file is older than the data file: /bip7_disk/pingting114/mixed_bam/COLO829_PAO/TF1e-2_25x/TF1e-2_25x.rep1.bam.bai
[E::bam_parse_basemod2] a65b4b42-5ae3-4d31-9dca-0e12781bffa7: MM tag refers to bases beyond sequence length
[W::hts_idx_load3] The index file is older than the data file: /bip7_disk/pingting114/mixed_bam/COLO829_PAO/TF1e-2_25x/TF1e-2_25x.rep1.bam.bai
[W::hts_idx_load3] The index file is older than the data file: /bip7_disk/pingting114/mixed_bam/COLO829_PAO/TF1e-2_25x/TF1e-2_25x.rep1.bam.bai
[W::hts_idx_load3] The index file is older than the data file: /bip7_disk/pingting114/mixed_bam/COLO829_PAO/TF1e-2_25x/TF1e-2_25x.rep1.bam.bai
[W::hts_idx_load3] The index file is older than the data file: /bip7_disk/pingting114/mixed_bam/COLO829_PAO/TF1e-2_25x/TF1e-2_25x.rep1.bam.bai
[W::hts_idx_load3] The index file is older than the data file: /bip7_disk/pingting114/mixed_bam/COLO829_PAO/TF1e-2_25x/TF1e-2_25x.rep1.bam.bai
[W::bam_next_basemod] MM tag refers to bases beyond sequence length
[W::hts_idx_load3] The index file is older than the data file: /bip7_disk/pingting114/mixed_bam/COLO829_PAO/TF1e-2_25x/TF1e-2_25x.rep1.bam.bai
[W::bam_next_basemod] MM tag refers to bases beyond sequence length
[W::hts_idx_load3] The index file is older than the data file: /bip7_disk/pingting114/mixed_bam/COLO829_PAO/TF1e-2_25x/TF1e-2_25x.rep1.bam.bai
[W::hts_idx_load3] The index file is older than the data file: /bip7_disk/pingting114/mixed_bam/COLO829_PAO/TF1e-2_25x/TF1e-2_25x.rep1.bam.bai
[W::hts_idx_load3] The index file is older than the data file: /bip7_disk/pingting114/mixed_bam/COLO829_PAO/TF1e-2_25x/TF1e-2_25x.rep1.bam.bai
[W::hts_idx_load3] The index file is older than the data file: /bip7_disk/pingting114/mixed_bam/COLO829_PAO/TF1e-2_25x/TF1e-2_25x.rep1.bam.bai
[W::bam_next_basemod] MM tag refers to bases beyond sequence length
[W::hts_idx_load3] The index file is older than the data file: /bip7_disk/pingting114/mixed_bam/COLO829_PAO/TF1e-2_25x/TF1e-2_25x.rep1.bam.bai
[W::hts_idx_load3] The index file is older than the data file: /bip7_disk/pingting114/mixed_bam/COLO829_PAO/TF1e-2_25x/TF1e-2_25x.rep1.bam.bai
[W::hts_idx_load3] The index file is older than the data file: /bip7_disk/pingting114/mixed_bam/COLO829_PAO/TF1e-2_25x/TF1e-2_25x.rep1.bam.bai
[W::hts_idx_load3] The index file is older than the data file: /bip7_disk/pingting114/mixed_bam/COLO829_PAO/TF1e-2_25x/TF1e-2_25x.rep1.bam.bai
[W::hts_idx_load3] The index file is older than the data file: /bip7_disk/pingting114/mixed_bam/COLO829_PAO/TF1e-2_25x/TF1e-2_25x.rep1.bam.bai
[W::hts_idx_load3] The index file is older than the data file: /bip7_disk/pingting114/mixed_bam/COLO829_PAO/TF1e-2_25x/TF1e-2_25x.rep1.bam.bai
[E::bam_parse_basemod2] d9eebb5e-a5cd-4c8f-b232-e4b2fc22b555: MM tag refers to bases beyond sequence length
[W::hts_idx_load3] The index file is older than the data file: /bip7_disk/pingting114/mixed_bam/COLO829_PAO/TF1e-2_25x/TF1e-2_25x.rep1.bam.bai
[W::hts_idx_load3] The index file is older than the data file: /bip7_disk/pingting114/mixed_bam/COLO829_PAO/TF1e-2_25x/TF1e-2_25x.rep1.bam.bai
[W::hts_idx_load3] The index file is older than the data file: /bip7_disk/pingting114/mixed_bam/COLO829_PAO/TF1e-2_25x/TF1e-2_25x.rep1.bam.bai
[W::bam_next_basemod] MM tag refers to bases beyond sequence length
[W::hts_idx_load3] The index file is older than the data file: /bip7_disk/pingting114/mixed_bam/COLO829_PAO/TF1e-2_25x/TF1e-2_25x.rep1.bam.bai
[W::hts_idx_load3] The index file is older than the data file: /bip7_disk/pingting114/mixed_bam/COLO829_PAO/TF1e-2_25x/TF1e-2_25x.rep1.bam.bai
[W::hts_idx_load3] The index file is older than the data file: /bip7_disk/pingting114/mixed_bam/COLO829_PAO/TF1e-2_25x/TF1e-2_25x.rep1.bam.bai
[W::hts_idx_load3] The index file is older than the data file: /bip7_disk/pingting114/mixed_bam/COLO829_PAO/TF1e-2_25x/TF1e-2_25x.rep1.bam.bai
[W::hts_idx_load3] The index file is older than the data file: /bip7_disk/pingting114/mixed_bam/COLO829_PAO/TF1e-2_25x/TF1e-2_25x.rep1.bam.bai
[W::hts_idx_load3] The index file is older than the data file: /bip7_disk/pingting114/mixed_bam/COLO829_PAO/TF1e-2_25x/TF1e-2_25x.rep1.bam.bai
[W::hts_idx_load3] The index file is older than the data file: /bip7_disk/pingting114/mixed_bam/COLO829_PAO/TF1e-2_25x/TF1e-2_25x.rep1.bam.bai
[W::bam_next_basemod] MM tag refers to bases beyond sequence length
[W::hts_idx_load3] The index file is older than the data file: /bip7_disk/pingting114/mixed_bam/COLO829_PAO/TF1e-2_25x/TF1e-2_25x.rep1.bam.bai
[W::hts_idx_load3] The index file is older than the data file: /bip7_disk/pingting114/mixed_bam/COLO829_PAO/TF1e-2_25x/TF1e-2_25x.rep1.bam.bai
[W::bam_next_basemod] MM tag refers to bases beyond sequence length
[W::hts_idx_load3] The index file is older than the data file: /bip7_disk/pingting114/mixed_bam/COLO829_PAO/TF1e-2_25x/TF1e-2_25x.rep1.bam.bai
[W::bam_next_basemod] MM tag refers to bases beyond sequence length
[W::hts_idx_load3] The index file is older than the data file: /bip7_disk/pingting114/mixed_bam/COLO829_PAO/TF1e-2_25x/TF1e-2_25x.rep1.bam.bai
[W::hts_idx_load3] The index file is older than the data file: /bip7_disk/pingting114/mixed_bam/COLO829_PAO/TF1e-2_25x/TF1e-2_25x.rep1.bam.bai
[W::hts_idx_load3] The index file is older than the data file: /bip7_disk/pingting114/mixed_bam/COLO829_PAO/TF1e-2_25x/TF1e-2_25x.rep1.bam.bai
[W::bam_next_basemod] MM tag refers to bases beyond sequence length
[W::hts_idx_load3] The index file is older than the data file: /bip7_disk/pingting114/mixed_bam/COLO829_PAO/TF1e-2_25x/TF1e-2_25x.rep1.bam.bai
[W::hts_idx_load3] The index file is older than the data file: /bip7_disk/pingting114/mixed_bam/COLO829_PAO/TF1e-2_25x/TF1e-2_25x.rep1.bam.bai
[E::bam_parse_basemod2] 99f18c4d-cb96-4b50-b020-32c3ef97b1df: MM tag refers to bases beyond sequence length
[W::hts_idx_load3] The index file is older than the data file: /bip7_disk/pingting114/mixed_bam/COLO829_PAO/TF1e-2_25x/TF1e-2_25x.rep1.bam.bai
[W::hts_idx_load3] The index file is older than the data file: /bip7_disk/pingting114/mixed_bam/COLO829_PAO/TF1e-2_25x/TF1e-2_25x.rep1.bam.bai
[W::hts_idx_load3] The index file is older than the data file: /bip7_disk/pingting114/mixed_bam/COLO829_PAO/TF1e-2_25x/TF1e-2_25x.rep1.bam.bai
[W::hts_idx_load3] The index file is older than the data file: /bip7_disk/pingting114/mixed_bam/COLO829_PAO/TF1e-2_25x/TF1e-2_25x.rep1.bam.bai
[E::bam_parse_basemod2] b2a08182-c0c0-47e7-8e0a-dec38fe1f2db: MM tag refers to bases beyond sequence length
[W::bam_next_basemod] MM tag refers to bases beyond sequence length
[W::hts_idx_load3] The index file is older than the data file: /bip7_disk/pingting114/mixed_bam/COLO829_PAO/TF1e-2_25x/TF1e-2_25x.rep1.bam.bai
[E::bam_parse_basemod2] 739e926c-ef78-4d1d-bb76-4c2df81294e9: MM tag refers to bases beyond sequence length
[W::hts_idx_load3] The index file is older than the data file: /bip7_disk/pingting114/mixed_bam/COLO829_PAO/TF1e-2_25x/TF1e-2_25x.rep1.bam.bai
[E::bam_parse_basemod2] 45de5a13-c443-46f8-aebd-55940759c688: MM tag refers to bases beyond sequence length
[W::hts_idx_load3] The index file is older than the data file: /bip7_disk/pingting114/mixed_bam/COLO829_PAO/TF1e-2_25x/TF1e-2_25x.rep1.bam.bai
[W::hts_idx_load3] The index file is older than the data file: /bip7_disk/pingting114/mixed_bam/COLO829_PAO/TF1e-2_25x/TF1e-2_25x.rep1.bam.bai
[W::bam_next_basemod] MM tag refers to bases beyond sequence length
[W::bam_next_basemod] MM tag refers to bases beyond sequence length
[W::hts_idx_load3] The index file is older than the data file: /bip7_disk/pingting114/mixed_bam/COLO829_PAO/TF1e-2_25x/TF1e-2_25x.rep1.bam.bai
[W::hts_idx_load3] The index file is older than the data file: /bip7_disk/pingting114/mixed_bam/COLO829_PAO/TF1e-2_25x/TF1e-2_25x.rep1.bam.bai
[W::hts_idx_load3] The index file is older than the data file: /bip7_disk/pingting114/mixed_bam/COLO829_PAO/TF1e-2_25x/TF1e-2_25x.rep1.bam.bai
[W::bam_next_basemod] MM tag refers to bases beyond sequence length
[W::hts_idx_load3] The index file is older than the data file: /bip7_disk/pingting114/mixed_bam/COLO829_PAO/TF1e-2_25x/TF1e-2_25x.rep1.bam.bai
[W::hts_idx_load3] The index file is older than the data file: /bip7_disk/pingting114/mixed_bam/COLO829_PAO/TF1e-2_25x/TF1e-2_25x.rep1.bam.bai
[W::hts_idx_load3] The index file is older than the data file: /bip7_disk/pingting114/mixed_bam/COLO829_PAO/TF1e-2_25x/TF1e-2_25x.rep1.bam.bai
[E::bam_parse_basemod2] 88276e4d-f10d-4d40-84a4-fb3fe4d84118: MM tag refers to bases beyond sequence length
[W::bam_next_basemod] MM tag refers to bases beyond sequence length
[W::hts_idx_load3] The index file is older than the data file: /bip7_disk/pingting114/mixed_bam/COLO829_PAO/TF1e-2_25x/TF1e-2_25x.rep1.bam.bai
[W::hts_idx_load3] The index file is older than the data file: /bip7_disk/pingting114/mixed_bam/COLO829_PAO/TF1e-2_25x/TF1e-2_25x.rep1.bam.bai
[W::hts_idx_load3] The index file is older than the data file: /bip7_disk/pingting114/mixed_bam/COLO829_PAO/TF1e-2_25x/TF1e-2_25x.rep1.bam.bai
[W::hts_idx_load3] The index file is older than the data file: /bip7_disk/pingting114/mixed_bam/COLO829_PAO/TF1e-2_25x/TF1e-2_25x.rep1.bam.bai
[E::bam_parse_basemod2] c69e058d-7c82-4249-9c36-1282c004f4c5: MM tag refers to bases beyond sequence length
[W::hts_idx_load3] The index file is older than the data file: /bip7_disk/pingting114/mixed_bam/COLO829_PAO/TF1e-2_25x/TF1e-2_25x.rep1.bam.bai
[W::hts_idx_load3] The index file is older than the data file: /bip7_disk/pingting114/mixed_bam/COLO829_PAO/TF1e-2_25x/TF1e-2_25x.rep1.bam.bai
[W::hts_idx_load3] The index file is older than the data file: /bip7_disk/pingting114/mixed_bam/COLO829_PAO/TF1e-2_25x/TF1e-2_25x.rep1.bam.bai
[W::hts_idx_load3] The index file is older than the data file: /bip7_disk/pingting114/mixed_bam/COLO829_PAO/TF1e-2_25x/TF1e-2_25x.rep1.bam.bai
[W::bam_next_basemod] MM tag refers to bases beyond sequence length
[W::hts_idx_load3] The index file is older than the data file: /bip7_disk/pingting114/mixed_bam/COLO829_PAO/TF1e-2_25x/TF1e-2_25x.rep1.bam.bai
[W::bam_next_basemod] MM tag refers to bases beyond sequence length
[W::hts_idx_load3] The index file is older than the data file: /bip7_disk/pingting114/mixed_bam/COLO829_PAO/TF1e-2_25x/TF1e-2_25x.rep1.bam.bai
[W::hts_idx_load3] The index file is older than the data file: /bip7_disk/pingting114/mixed_bam/COLO829_PAO/TF1e-2_25x/TF1e-2_25x.rep1.bam.bai
[W::hts_idx_load3] The index file is older than the data file: /bip7_disk/pingting114/mixed_bam/COLO829_PAO/TF1e-2_25x/TF1e-2_25x.rep1.bam.bai
[W::hts_idx_load3] The index file is older than the data file: /bip7_disk/pingting114/mixed_bam/COLO829_PAO/TF1e-2_25x/TF1e-2_25x.rep1.bam.bai
[W::hts_idx_load3] The index file is older than the data file: /bip7_disk/pingting114/mixed_bam/COLO829_PAO/TF1e-2_25x/TF1e-2_25x.rep1.bam.bai
[W::hts_idx_load3] The index file is older than the data file: /bip7_disk/pingting114/mixed_bam/COLO829_PAO/TF1e-2_25x/TF1e-2_25x.rep1.bam.bai
[E::bam_parse_basemod2] 23b1fb29-c438-4f6b-b8d5-9696907eec11: MM tag refers to bases beyond sequence length
[W::hts_idx_load3] The index file is older than the data file: /bip7_disk/pingting114/mixed_bam/COLO829_PAO/TF1e-2_25x/TF1e-2_25x.rep1.bam.bai
[W::bam_next_basemod] MM tag refers to bases beyond sequence length
[W::hts_idx_load3] The index file is older than the data file: /bip7_disk/pingting114/mixed_bam/COLO829_PAO/TF1e-2_25x/TF1e-2_25x.rep1.bam.bai
[W::hts_idx_load3] The index file is older than the data file: /bip7_disk/pingting114/mixed_bam/COLO829_PAO/TF1e-2_25x/TF1e-2_25x.rep1.bam.bai
[W::hts_idx_load3] The index file is older than the data file: /bip7_disk/pingting114/mixed_bam/COLO829_PAO/TF1e-2_25x/TF1e-2_25x.rep1.bam.bai
[W::bam_next_basemod] MM tag refers to bases beyond sequence length
[W::hts_idx_load3] The index file is older than the data file: /bip7_disk/pingting114/mixed_bam/COLO829_PAO/TF1e-2_25x/TF1e-2_25x.rep1.bam.bai
[W::hts_idx_load3] The index file is older than the data file: /bip7_disk/pingting114/mixed_bam/COLO829_PAO/TF1e-2_25x/TF1e-2_25x.rep1.bam.bai
[W::hts_idx_load3] The index file is older than the data file: /bip7_disk/pingting114/mixed_bam/COLO829_PAO/TF1e-2_25x/TF1e-2_25x.rep1.bam.bai
[W::hts_idx_load3] The index file is older than the data file: /bip7_disk/pingting114/mixed_bam/COLO829_PAO/TF1e-2_25x/TF1e-2_25x.rep1.bam.bai
[W::hts_idx_load3] The index file is older than the data file: /bip7_disk/pingting114/mixed_bam/COLO829_PAO/TF1e-2_25x/TF1e-2_25x.rep1.bam.bai
[W::hts_idx_load3] The index file is older than the data file: /bip7_disk/pingting114/mixed_bam/COLO829_PAO/TF1e-2_25x/TF1e-2_25x.rep1.bam.bai
[W::hts_idx_load3] The index file is older than the data file: /bip7_disk/pingting114/mixed_bam/COLO829_PAO/TF1e-2_25x/TF1e-2_25x.rep1.bam.bai
[E::bam_parse_basemod2] d14de449-a42e-4f84-842c-6ba24a6102d9: MM tag refers to bases beyond sequence length
[W::hts_idx_load3] The index file is older than the data file: /bip7_disk/pingting114/mixed_bam/COLO829_PAO/TF1e-2_25x/TF1e-2_25x.rep1.bam.bai
[W::hts_idx_load3] The index file is older than the data file: /bip7_disk/pingting114/mixed_bam/COLO829_PAO/TF1e-2_25x/TF1e-2_25x.rep1.bam.bai
[E::bam_parse_basemod2] ce4d17bc-fe89-4f7b-8cf1-faac90fdd111: MM tag refers to bases beyond sequence length
[W::hts_idx_load3] The index file is older than the data file: /bip7_disk/pingting114/mixed_bam/COLO829_PAO/TF1e-2_25x/TF1e-2_25x.rep1.bam.bai
[W::hts_idx_load3] The index file is older than the data file: /bip7_disk/pingting114/mixed_bam/COLO829_PAO/TF1e-2_25x/TF1e-2_25x.rep1.bam.bai
[W::hts_idx_load3] The index file is older than the data file: /bip7_disk/pingting114/mixed_bam/COLO829_PAO/TF1e-2_25x/TF1e-2_25x.rep1.bam.bai
[W::hts_idx_load3] The index file is older than the data file: /bip7_disk/pingting114/mixed_bam/COLO829_PAO/TF1e-2_25x/TF1e-2_25x.rep1.bam.bai
[W::hts_idx_load3] The index file is older than the data file: /bip7_disk/pingting114/mixed_bam/COLO829_PAO/TF1e-2_25x/TF1e-2_25x.rep1.bam.bai
[E::bam_parse_basemod2] a89ce9db-22f3-4962-82d6-686f326d559e: MM tag refers to bases beyond sequence length
[W::hts_idx_load3] The index file is older than the data file: /bip7_disk/pingting114/mixed_bam/COLO829_PAO/TF1e-2_25x/TF1e-2_25x.rep1.bam.bai
[W::hts_idx_load3] The index file is older than the data file: /bip7_disk/pingting114/mixed_bam/COLO829_PAO/TF1e-2_25x/TF1e-2_25x.rep1.bam.bai
[W::hts_idx_load3] The index file is older than the data file: /bip7_disk/pingting114/mixed_bam/COLO829_PAO/TF1e-2_25x/TF1e-2_25x.rep1.bam.bai
[W::bam_next_basemod] MM tag refers to bases beyond sequence length
[W::hts_idx_load3] The index file is older than the data file: /bip7_disk/pingting114/mixed_bam/COLO829_PAO/TF1e-2_25x/TF1e-2_25x.rep1.bam.bai
[W::hts_idx_load3] The index file is older than the data file: /bip7_disk/pingting114/mixed_bam/COLO829_PAO/TF1e-2_25x/TF1e-2_25x.rep1.bam.bai
[W::hts_idx_load3] The index file is older than the data file: /bip7_disk/pingting114/mixed_bam/COLO829_PAO/TF1e-2_25x/TF1e-2_25x.rep1.bam.bai
[W::hts_idx_load3] The index file is older than the data file: /bip7_disk/pingting114/mixed_bam/COLO829_PAO/TF1e-2_25x/TF1e-2_25x.rep1.bam.bai
[W::hts_idx_load3] The index file is older than the data file: /bip7_disk/pingting114/mixed_bam/COLO829_PAO/TF1e-2_25x/TF1e-2_25x.rep1.bam.bai
[W::bam_next_basemod] MM tag refers to bases beyond sequence length
[E::bam_parse_basemod2] 64d9e6f4-f455-4f82-b0bf-e7ed6000f476: MM tag refers to bases beyond sequence length
[W::hts_idx_load3] The index file is older than the data file: /bip7_disk/pingting114/mixed_bam/COLO829_PAO/TF1e-2_25x/TF1e-2_25x.rep1.bam.bai
[E::bam_parse_basemod2] 1c640181-8b55-4866-8efe-210ef3865dc6: MM tag refers to bases beyond sequence length
[W::hts_idx_load3] The index file is older than the data file: /bip7_disk/pingting114/mixed_bam/COLO829_PAO/TF1e-2_25x/TF1e-2_25x.rep1.bam.bai
[W::bam_next_basemod] MM tag refers to bases beyond sequence length
[W::hts_idx_load3] The index file is older than the data file: /bip7_disk/pingting114/mixed_bam/COLO829_PAO/TF1e-2_25x/TF1e-2_25x.rep1.bam.bai
[W::hts_idx_load3] The index file is older than the data file: /bip7_disk/pingting114/mixed_bam/COLO829_PAO/TF1e-2_25x/TF1e-2_25x.rep1.bam.bai
[W::hts_idx_load3] The index file is older than the data file: /bip7_disk/pingting114/mixed_bam/COLO829_PAO/TF1e-2_25x/TF1e-2_25x.rep1.bam.bai
[W::hts_idx_load3] The index file is older than the data file: /bip7_disk/pingting114/mixed_bam/COLO829_PAO/TF1e-2_25x/TF1e-2_25x.rep1.bam.bai
[E::bam_parse_basemod2] d0f0d656-9243-4120-b0ea-57d094e562d2: MM tag refers to bases beyond sequence length
[W::hts_idx_load3] The index file is older than the data file: /bip7_disk/pingting114/mixed_bam/COLO829_PAO/TF1e-2_25x/TF1e-2_25x.rep1.bam.bai
[W::hts_idx_load3] The index file is older than the data file: /bip7_disk/pingting114/mixed_bam/COLO829_PAO/TF1e-2_25x/TF1e-2_25x.rep1.bam.bai
[W::hts_idx_load3] The index file is older than the data file: /bip7_disk/pingting114/mixed_bam/COLO829_PAO/TF1e-2_25x/TF1e-2_25x.rep1.bam.bai
[W::bam_next_basemod] MM tag refers to bases beyond sequence length
[W::hts_idx_load3] The index file is older than the data file: /bip7_disk/pingting114/mixed_bam/COLO829_PAO/TF1e-2_25x/TF1e-2_25x.rep1.bam.bai
[W::bam_next_basemod] MM tag refers to bases beyond sequence length
[E::bam_parse_basemod2] 532d504d-88df-4036-aafc-0b9caaf59f77: MM tag refers to bases beyond sequence length
[W::hts_idx_load3] The index file is older than the data file: /bip7_disk/pingting114/mixed_bam/COLO829_PAO/TF1e-2_25x/TF1e-2_25x.rep1.bam.bai
[W::hts_idx_load3] The index file is older than the data file: /bip7_disk/pingting114/mixed_bam/COLO829_PAO/TF1e-2_25x/TF1e-2_25x.rep1.bam.bai
[W::hts_idx_load3] The index file is older than the data file: /bip7_disk/pingting114/mixed_bam/COLO829_PAO/TF1e-2_25x/TF1e-2_25x.rep1.bam.bai
[W::bam_next_basemod] MM tag refers to bases beyond sequence length
[W::bam_next_basemod] MM tag refers to bases beyond sequence length
[W::bam_next_basemod] MM tag refers to bases beyond sequence length
[W::hts_idx_load3] The index file is older than the data file: /bip7_disk/pingting114/mixed_bam/COLO829_PAO/TF1e-2_25x/TF1e-2_25x.rep1.bam.bai
[W::bam_next_basemod] MM tag refers to bases beyond sequence length
[W::hts_idx_load3] The index file is older than the data file: /bip7_disk/pingting114/mixed_bam/COLO829_PAO/TF1e-2_25x/TF1e-2_25x.rep1.bam.bai
[E::bam_parse_basemod2] f99995d2-c971-4879-8502-67b54bc9a4bd: MM tag refers to bases beyond sequence length
[W::bam_next_basemod] MM tag refers to bases beyond sequence length
[W::hts_idx_load3] The index file is older than the data file: /bip7_disk/pingting114/mixed_bam/COLO829_PAO/TF1e-2_25x/TF1e-2_25x.rep1.bam.bai
[W::hts_idx_load3] The index file is older than the data file: /bip7_disk/pingting114/mixed_bam/COLO829_PAO/TF1e-2_25x/TF1e-2_25x.rep1.bam.bai
[E::bam_parse_basemod2] 80d5d4e6-eaae-489e-addf-732683f6d9e9: MM tag refers to bases beyond sequence length
[W::hts_idx_load3] The index file is older than the data file: /bip7_disk/pingting114/mixed_bam/COLO829_PAO/TF1e-2_25x/TF1e-2_25x.rep1.bam.bai
[W::hts_idx_load3] The index file is older than the data file: /bip7_disk/pingting114/mixed_bam/COLO829_PAO/TF1e-2_25x/TF1e-2_25x.rep1.bam.bai
[W::hts_idx_load3] The index file is older than the data file: /bip7_disk/pingting114/mixed_bam/COLO829_PAO/TF1e-2_25x/TF1e-2_25x.rep1.bam.bai
[W::hts_idx_load3] The index file is older than the data file: /bip7_disk/pingting114/mixed_bam/COLO829_PAO/TF1e-2_25x/TF1e-2_25x.rep1.bam.bai
[W::hts_idx_load3] The index file is older than the data file: /bip7_disk/pingting114/mixed_bam/COLO829_PAO/TF1e-2_25x/TF1e-2_25x.rep1.bam.bai
[W::bam_next_basemod] MM tag refers to bases beyond sequence length
[W::hts_idx_load3] The index file is older than the data file: /bip7_disk/pingting114/mixed_bam/COLO829_PAO/TF1e-2_25x/TF1e-2_25x.rep1.bam.bai
[W::bam_next_basemod] MM tag refers to bases beyond sequence length
[W::hts_idx_load3] The index file is older than the data file: /bip7_disk/pingting114/mixed_bam/COLO829_PAO/TF1e-2_25x/TF1e-2_25x.rep1.bam.bai
[W::hts_idx_load3] The index file is older than the data file: /bip7_disk/pingting114/mixed_bam/COLO829_PAO/TF1e-2_25x/TF1e-2_25x.rep1.bam.bai
[W::hts_idx_load3] The index file is older than the data file: /bip7_disk/pingting114/mixed_bam/COLO829_PAO/TF1e-2_25x/TF1e-2_25x.rep1.bam.bai
[E::bam_parse_basemod2] 42710711-fc54-41ab-a59f-5e1aa2aa4c0d: MM tag refers to bases beyond sequence length
[W::hts_idx_load3] The index file is older than the data file: /bip7_disk/pingting114/mixed_bam/COLO829_PAO/TF1e-2_25x/TF1e-2_25x.rep1.bam.bai
[W::hts_idx_load3] The index file is older than the data file: /bip7_disk/pingting114/mixed_bam/COLO829_PAO/TF1e-2_25x/TF1e-2_25x.rep1.bam.bai
[W::hts_idx_load3] The index file is older than the data file: /bip7_disk/pingting114/mixed_bam/COLO829_PAO/TF1e-2_25x/TF1e-2_25x.rep1.bam.bai
[W::hts_idx_load3] The index file is older than the data file: /bip7_disk/pingting114/mixed_bam/COLO829_PAO/TF1e-2_25x/TF1e-2_25x.rep1.bam.bai
[W::hts_idx_load3] The index file is older than the data file: /bip7_disk/pingting114/mixed_bam/COLO829_PAO/TF1e-2_25x/TF1e-2_25x.rep1.bam.bai
[W::hts_idx_load3] The index file is older than the data file: /bip7_disk/pingting114/mixed_bam/COLO829_PAO/TF1e-2_25x/TF1e-2_25x.rep1.bam.bai
[W::hts_idx_load3] The index file is older than the data file: /bip7_disk/pingting114/mixed_bam/COLO829_PAO/TF1e-2_25x/TF1e-2_25x.rep1.bam.bai
[W::hts_idx_load3] The index file is older than the data file: /bip7_disk/pingting114/mixed_bam/COLO829_PAO/TF1e-2_25x/TF1e-2_25x.rep1.bam.bai
[W::bam_next_basemod] MM tag refers to bases beyond sequence length
[W::hts_idx_load3] The index file is older than the data file: /bip7_disk/pingting114/mixed_bam/COLO829_PAO/TF1e-2_25x/TF1e-2_25x.rep1.bam.bai
[W::hts_idx_load3] The index file is older than the data file: /bip7_disk/pingting114/mixed_bam/COLO829_PAO/TF1e-2_25x/TF1e-2_25x.rep1.bam.bai
[W::hts_idx_load3] The index file is older than the data file: /bip7_disk/pingting114/mixed_bam/COLO829_PAO/TF1e-2_25x/TF1e-2_25x.rep1.bam.bai
[W::hts_idx_load3] The index file is older than the data file: /bip7_disk/pingting114/mixed_bam/COLO829_PAO/TF1e-2_25x/TF1e-2_25x.rep1.bam.bai
[W::hts_idx_load3] The index file is older than the data file: /bip7_disk/pingting114/mixed_bam/COLO829_PAO/TF1e-2_25x/TF1e-2_25x.rep1.bam.bai
[E::bam_parse_basemod2] 88aede5d-71c8-45f4-a1c1-7d7aaae307f5: MM tag refers to bases beyond sequence length
[W::hts_idx_load3] The index file is older than the data file: /bip7_disk/pingting114/mixed_bam/COLO829_PAO/TF1e-2_25x/TF1e-2_25x.rep1.bam.bai
[W::hts_idx_load3] The index file is older than the data file: /bip7_disk/pingting114/mixed_bam/COLO829_PAO/TF1e-2_25x/TF1e-2_25x.rep1.bam.bai
[W::hts_idx_load3] The index file is older than the data file: /bip7_disk/pingting114/mixed_bam/COLO829_PAO/TF1e-2_25x/TF1e-2_25x.rep1.bam.bai
[W::hts_idx_load3] The index file is older than the data file: /bip7_disk/pingting114/mixed_bam/COLO829_PAO/TF1e-2_25x/TF1e-2_25x.rep1.bam.bai
[E::bam_parse_basemod2] 8260a22c-323f-43b5-967c-94497af7c9ee: MM tag refers to bases beyond sequence length
[W::hts_idx_load3] The index file is older than the data file: /bip7_disk/pingting114/mixed_bam/COLO829_PAO/TF1e-2_25x/TF1e-2_25x.rep1.bam.bai
[W::bam_next_basemod] MM tag refers to bases beyond sequence length
[E::bam_parse_basemod2] 369f1c42-8a88-4f10-9ede-9252de4ddd54: MM tag refers to bases beyond sequence length
[W::bam_next_basemod] MM tag refers to bases beyond sequence length
[W::hts_idx_load3] The index file is older than the data file: /bip7_disk/pingting114/mixed_bam/COLO829_PAO/TF1e-2_25x/TF1e-2_25x.rep1.bam.bai
[W::hts_idx_load3] The index file is older than the data file: /bip7_disk/pingting114/mixed_bam/COLO829_PAO/TF1e-2_25x/TF1e-2_25x.rep1.bam.bai
[W::hts_idx_load3] The index file is older than the data file: /bip7_disk/pingting114/mixed_bam/COLO829_PAO/TF1e-2_25x/TF1e-2_25x.rep1.bam.bai
[W::bam_next_basemod] MM tag refers to bases beyond sequence length
[W::hts_idx_load3] The index file is older than the data file: /bip7_disk/pingting114/mixed_bam/COLO829_PAO/TF1e-2_25x/TF1e-2_25x.rep1.bam.bai
[W::hts_idx_load3] The index file is older than the data file: /bip7_disk/pingting114/mixed_bam/COLO829_PAO/TF1e-2_25x/TF1e-2_25x.rep1.bam.bai
[W::hts_idx_load3] The index file is older than the data file: /bip7_disk/pingting114/mixed_bam/COLO829_PAO/TF1e-2_25x/TF1e-2_25x.rep1.bam.bai
[W::hts_idx_load3] The index file is older than the data file: /bip7_disk/pingting114/mixed_bam/COLO829_PAO/TF1e-2_25x/TF1e-2_25x.rep1.bam.bai
[W::bam_next_basemod] MM tag refers to bases beyond sequence length
[W::bam_next_basemod] MM tag refers to bases beyond sequence length
[E::bam_parse_basemod2] 9007822e-1b82-41c6-9850-2e4bca751970: MM tag refers to bases beyond sequence length
[W::hts_idx_load3] The index file is older than the data file: /bip7_disk/pingting114/mixed_bam/COLO829_PAO/TF1e-2_25x/TF1e-2_25x.rep1.bam.bai
[E::bam_parse_basemod2] c3fee7ad-387e-4f52-bad4-8cab3700e0b4: MM tag refers to bases beyond sequence length
[W::hts_idx_load3] The index file is older than the data file: /bip7_disk/pingting114/mixed_bam/COLO829_PAO/TF1e-2_25x/TF1e-2_25x.rep1.bam.bai
[W::hts_idx_load3] The index file is older than the data file: /bip7_disk/pingting114/mixed_bam/COLO829_PAO/TF1e-2_25x/TF1e-2_25x.rep1.bam.bai
[W::hts_idx_load3] The index file is older than the data file: /bip7_disk/pingting114/mixed_bam/COLO829_PAO/TF1e-2_25x/TF1e-2_25x.rep1.bam.bai
[W::hts_idx_load3] The index file is older than the data file: /bip7_disk/pingting114/mixed_bam/COLO829_PAO/TF1e-2_25x/TF1e-2_25x.rep1.bam.bai
[W::hts_idx_load3] The index file is older than the data file: /bip7_disk/pingting114/mixed_bam/COLO829_PAO/TF1e-2_25x/TF1e-2_25x.rep1.bam.bai
[W::hts_idx_load3] The index file is older than the data file: /bip7_disk/pingting114/mixed_bam/COLO829_PAO/TF1e-2_25x/TF1e-2_25x.rep1.bam.bai
[E::bam_parse_basemod2] 0260906c-79d7-4a7e-b923-065ffc0235f5: MM tag refers to bases beyond sequence length
[W::hts_idx_load3] The index file is older than the data file: /bip7_disk/pingting114/mixed_bam/COLO829_PAO/TF1e-2_25x/TF1e-2_25x.rep1.bam.bai
[W::hts_idx_load3] The index file is older than the data file: /bip7_disk/pingting114/mixed_bam/COLO829_PAO/TF1e-2_25x/TF1e-2_25x.rep1.bam.bai
[W::hts_idx_load3] The index file is older than the data file: /bip7_disk/pingting114/mixed_bam/COLO829_PAO/TF1e-2_25x/TF1e-2_25x.rep1.bam.bai
[E::bam_parse_basemod2] 42bb1a50-451a-46c0-ba8d-8c9836e89e65: MM tag refers to bases beyond sequence length
[W::hts_idx_load3] The index file is older than the data file: /bip7_disk/pingting114/mixed_bam/COLO829_PAO/TF1e-2_25x/TF1e-2_25x.rep1.bam.bai
[W::hts_idx_load3] The index file is older than the data file: /bip7_disk/pingting114/mixed_bam/COLO829_PAO/TF1e-2_25x/TF1e-2_25x.rep1.bam.bai
[W::hts_idx_load3] The index file is older than the data file: /bip7_disk/pingting114/mixed_bam/COLO829_PAO/TF1e-2_25x/TF1e-2_25x.rep1.bam.bai
[W::hts_idx_load3] The index file is older than the data file: /bip7_disk/pingting114/mixed_bam/COLO829_PAO/TF1e-2_25x/TF1e-2_25x.rep1.bam.bai
[W::hts_idx_load3] The index file is older than the data file: /bip7_disk/pingting114/mixed_bam/COLO829_PAO/TF1e-2_25x/TF1e-2_25x.rep1.bam.bai
[W::hts_idx_load3] The index file is older than the data file: /bip7_disk/pingting114/mixed_bam/COLO829_PAO/TF1e-2_25x/TF1e-2_25x.rep1.bam.bai
[W::bam_next_basemod] MM tag refers to bases beyond sequence length
[W::hts_idx_load3] The index file is older than the data file: /bip7_disk/pingting114/mixed_bam/COLO829_PAO/TF1e-2_25x/TF1e-2_25x.rep1.bam.bai
[W::bam_next_basemod] MM tag refers to bases beyond sequence length
[W::hts_idx_load3] The index file is older than the data file: /bip7_disk/pingting114/mixed_bam/COLO829_PAO/TF1e-2_25x/TF1e-2_25x.rep1.bam.bai
[W::hts_idx_load3] The index file is older than the data file: /bip7_disk/pingting114/mixed_bam/COLO829_PAO/TF1e-2_25x/TF1e-2_25x.rep1.bam.bai
[W::hts_idx_load3] The index file is older than the data file: /bip7_disk/pingting114/mixed_bam/COLO829_PAO/TF1e-2_25x/TF1e-2_25x.rep1.bam.bai
[W::hts_idx_load3] The index file is older than the data file: /bip7_disk/pingting114/mixed_bam/COLO829_PAO/TF1e-2_25x/TF1e-2_25x.rep1.bam.bai
[W::bam_next_basemod] MM tag refers to bases beyond sequence length
[W::hts_idx_load3] The index file is older than the data file: /bip7_disk/pingting114/mixed_bam/COLO829_PAO/TF1e-2_25x/TF1e-2_25x.rep1.bam.bai
[W::hts_idx_load3] The index file is older than the data file: /bip7_disk/pingting114/mixed_bam/COLO829_PAO/TF1e-2_25x/TF1e-2_25x.rep1.bam.bai
[W::bam_next_basemod] MM tag refers to bases beyond sequence length
[W::hts_idx_load3] The index file is older than the data file: /bip7_disk/pingting114/mixed_bam/COLO829_PAO/TF1e-2_25x/TF1e-2_25x.rep1.bam.bai
[W::hts_idx_load3] The index file is older than the data file: /bip7_disk/pingting114/mixed_bam/COLO829_PAO/TF1e-2_25x/TF1e-2_25x.rep1.bam.bai
[W::hts_idx_load3] The index file is older than the data file: /bip7_disk/pingting114/mixed_bam/COLO829_PAO/TF1e-2_25x/TF1e-2_25x.rep1.bam.bai
[W::hts_idx_load3] The index file is older than the data file: /bip7_disk/pingting114/mixed_bam/COLO829_PAO/TF1e-2_25x/TF1e-2_25x.rep1.bam.bai
[E::bam_parse_basemod2] b9707861-9377-458c-89c4-044691f621d5: MM tag refers to bases beyond sequence length
[W::hts_idx_load3] The index file is older than the data file: /bip7_disk/pingting114/mixed_bam/COLO829_PAO/TF1e-2_25x/TF1e-2_25x.rep1.bam.bai
[W::hts_idx_load3] The index file is older than the data file: /bip7_disk/pingting114/mixed_bam/COLO829_PAO/TF1e-2_25x/TF1e-2_25x.rep1.bam.bai
[W::hts_idx_load3] The index file is older than the data file: /bip7_disk/pingting114/mixed_bam/COLO829_PAO/TF1e-2_25x/TF1e-2_25x.rep1.bam.bai
[W::hts_idx_load3] The index file is older than the data file: /bip7_disk/pingting114/mixed_bam/COLO829_PAO/TF1e-2_25x/TF1e-2_25x.rep1.bam.bai
[W::hts_idx_load3] The index file is older than the data file: /bip7_disk/pingting114/mixed_bam/COLO829_PAO/TF1e-2_25x/TF1e-2_25x.rep1.bam.bai
[W::hts_idx_load3] The index file is older than the data file: /bip7_disk/pingting114/mixed_bam/COLO829_PAO/TF1e-2_25x/TF1e-2_25x.rep1.bam.bai
[W::hts_idx_load3] The index file is older than the data file: /bip7_disk/pingting114/mixed_bam/COLO829_PAO/TF1e-2_25x/TF1e-2_25x.rep1.bam.bai
[W::hts_idx_load3] The index file is older than the data file: /bip7_disk/pingting114/mixed_bam/COLO829_PAO/TF1e-2_25x/TF1e-2_25x.rep1.bam.bai
[W::hts_idx_load3] The index file is older than the data file: /bip7_disk/pingting114/mixed_bam/COLO829_PAO/TF1e-2_25x/TF1e-2_25x.rep1.bam.bai
[W::hts_idx_load3] The index file is older than the data file: /bip7_disk/pingting114/mixed_bam/COLO829_PAO/TF1e-2_25x/TF1e-2_25x.rep1.bam.bai
[W::hts_idx_load3] The index file is older than the data file: /bip7_disk/pingting114/mixed_bam/COLO829_PAO/TF1e-2_25x/TF1e-2_25x.rep1.bam.bai
[W::bam_next_basemod] MM tag refers to bases beyond sequence length
[W::hts_idx_load3] The index file is older than the data file: /bip7_disk/pingting114/mixed_bam/COLO829_PAO/TF1e-2_25x/TF1e-2_25x.rep1.bam.bai
[W::hts_idx_load3] The index file is older than the data file: /bip7_disk/pingting114/mixed_bam/COLO829_PAO/TF1e-2_25x/TF1e-2_25x.rep1.bam.bai
[W::hts_idx_load3] The index file is older than the data file: /bip7_disk/pingting114/mixed_bam/COLO829_PAO/TF1e-2_25x/TF1e-2_25x.rep1.bam.bai
[W::hts_idx_load3] The index file is older than the data file: /bip7_disk/pingting114/mixed_bam/COLO829_PAO/TF1e-2_25x/TF1e-2_25x.rep1.bam.bai
[E::bam_parse_basemod2] d98c185b-b31a-4b7f-a6e8-d91ecb178574: MM tag refers to bases beyond sequence length
[W::hts_idx_load3] The index file is older than the data file: /bip7_disk/pingting114/mixed_bam/COLO829_PAO/TF1e-2_25x/TF1e-2_25x.rep1.bam.bai
[W::hts_idx_load3] The index file is older than the data file: /bip7_disk/pingting114/mixed_bam/COLO829_PAO/TF1e-2_25x/TF1e-2_25x.rep1.bam.bai
[W::hts_idx_load3] The index file is older than the data file: /bip7_disk/pingting114/mixed_bam/COLO829_PAO/TF1e-2_25x/TF1e-2_25x.rep1.bam.bai
[W::hts_idx_load3] The index file is older than the data file: /bip7_disk/pingting114/mixed_bam/COLO829_PAO/TF1e-2_25x/TF1e-2_25x.rep1.bam.bai
[W::hts_idx_load3] The index file is older than the data file: /bip7_disk/pingting114/mixed_bam/COLO829_PAO/TF1e-2_25x/TF1e-2_25x.rep1.bam.bai
[W::hts_idx_load3] The index file is older than the data file: /bip7_disk/pingting114/mixed_bam/COLO829_PAO/TF1e-2_25x/TF1e-2_25x.rep1.bam.bai
[W::hts_idx_load3] The index file is older than the data file: /bip7_disk/pingting114/mixed_bam/COLO829_PAO/TF1e-2_25x/TF1e-2_25x.rep1.bam.bai
[W::hts_idx_load3] The index file is older than the data file: /bip7_disk/pingting114/mixed_bam/COLO829_PAO/TF1e-2_25x/TF1e-2_25x.rep1.bam.bai
[E::bam_parse_basemod2] fe1a510a-903a-4cf6-a925-2f452cdbbad4: MM tag refers to bases beyond sequence length
[W::hts_idx_load3] The index file is older than the data file: /bip7_disk/pingting114/mixed_bam/COLO829_PAO/TF1e-2_25x/TF1e-2_25x.rep1.bam.bai
[W::hts_idx_load3] The index file is older than the data file: /bip7_disk/pingting114/mixed_bam/COLO829_PAO/TF1e-2_25x/TF1e-2_25x.rep1.bam.bai
[W::hts_idx_load3] The index file is older than the data file: /bip7_disk/pingting114/mixed_bam/COLO829_PAO/TF1e-2_25x/TF1e-2_25x.rep1.bam.bai
[W::bam_next_basemod] MM tag refers to bases beyond sequence length
[W::bam_next_basemod] MM tag refers to bases beyond sequence length
[W::hts_idx_load3] The index file is older than the data file: /bip7_disk/pingting114/mixed_bam/COLO829_PAO/TF1e-2_25x/TF1e-2_25x.rep1.bam.bai
[W::hts_idx_load3] The index file is older than the data file: /bip7_disk/pingting114/mixed_bam/COLO829_PAO/TF1e-2_25x/TF1e-2_25x.rep1.bam.bai
[W::hts_idx_load3] The index file is older than the data file: /bip7_disk/pingting114/mixed_bam/COLO829_PAO/TF1e-2_25x/TF1e-2_25x.rep1.bam.bai
[W::hts_idx_load3] The index file is older than the data file: /bip7_disk/pingting114/mixed_bam/COLO829_PAO/TF1e-2_25x/TF1e-2_25x.rep1.bam.bai
[W::hts_idx_load3] The index file is older than the data file: /bip7_disk/pingting114/mixed_bam/COLO829_PAO/TF1e-2_25x/TF1e-2_25x.rep1.bam.bai
[W::bam_next_basemod] MM tag refers to bases beyond sequence length
[W::hts_idx_load3] The index file is older than the data file: /bip7_disk/pingting114/mixed_bam/COLO829_PAO/TF1e-2_25x/TF1e-2_25x.rep1.bam.bai
[W::hts_idx_load3] The index file is older than the data file: /bip7_disk/pingting114/mixed_bam/COLO829_PAO/TF1e-2_25x/TF1e-2_25x.rep1.bam.bai
[W::hts_idx_load3] The index file is older than the data file: /bip7_disk/pingting114/mixed_bam/COLO829_PAO/TF1e-2_25x/TF1e-2_25x.rep1.bam.bai
[W::hts_idx_load3] The index file is older than the data file: /bip7_disk/pingting114/mixed_bam/COLO829_PAO/TF1e-2_25x/TF1e-2_25x.rep1.bam.bai
[E::bam_parse_basemod2] 0e292d4d-89da-47c0-bf97-fe0122c81469: MM tag refers to bases beyond sequence length
[W::hts_idx_load3] The index file is older than the data file: /bip7_disk/pingting114/mixed_bam/COLO829_PAO/TF1e-2_25x/TF1e-2_25x.rep1.bam.bai
[W::hts_idx_load3] The index file is older than the data file: /bip7_disk/pingting114/mixed_bam/COLO829_PAO/TF1e-2_25x/TF1e-2_25x.rep1.bam.bai
[W::hts_idx_load3] The index file is older than the data file: /bip7_disk/pingting114/mixed_bam/COLO829_PAO/TF1e-2_25x/TF1e-2_25x.rep1.bam.bai
[W::hts_idx_load3] The index file is older than the data file: /bip7_disk/pingting114/mixed_bam/COLO829_PAO/TF1e-2_25x/TF1e-2_25x.rep1.bam.bai
[W::bam_next_basemod] MM tag refers to bases beyond sequence length
[W::hts_idx_load3] The index file is older than the data file: /bip7_disk/pingting114/mixed_bam/COLO829_PAO/TF1e-2_25x/TF1e-2_25x.rep1.bam.bai
[E::bam_parse_basemod2] 968f7672-9b30-46cc-981e-43262a3e1e5a: MM tag refers to bases beyond sequence length
[W::hts_idx_load3] The index file is older than the data file: /bip7_disk/pingting114/mixed_bam/COLO829_PAO/TF1e-2_25x/TF1e-2_25x.rep1.bam.bai
[W::hts_idx_load3] The index file is older than the data file: /bip7_disk/pingting114/mixed_bam/COLO829_PAO/TF1e-2_25x/TF1e-2_25x.rep1.bam.bai
[E::bam_parse_basemod2] 30fc2126-ebab-446d-800f-f19decf53ed2: MM tag refers to bases beyond sequence length
[W::hts_idx_load3] The index file is older than the data file: /bip7_disk/pingting114/mixed_bam/COLO829_PAO/TF1e-2_25x/TF1e-2_25x.rep1.bam.bai
[W::hts_idx_load3] The index file is older than the data file: /bip7_disk/pingting114/mixed_bam/COLO829_PAO/TF1e-2_25x/TF1e-2_25x.rep1.bam.bai
[W::hts_idx_load3] The index file is older than the data file: /bip7_disk/pingting114/mixed_bam/COLO829_PAO/TF1e-2_25x/TF1e-2_25x.rep1.bam.bai
[W::bam_next_basemod] MM tag refers to bases beyond sequence length
[W::hts_idx_load3] The index file is older than the data file: /bip7_disk/pingting114/mixed_bam/COLO829_PAO/TF1e-2_25x/TF1e-2_25x.rep1.bam.bai
[W::bam_next_basemod] MM tag refers to bases beyond sequence length
[W::hts_idx_load3] The index file is older than the data file: /bip7_disk/pingting114/mixed_bam/COLO829_PAO/TF1e-2_25x/TF1e-2_25x.rep1.bam.bai
[W::hts_idx_load3] The index file is older than the data file: /bip7_disk/pingting114/mixed_bam/COLO829_PAO/TF1e-2_25x/TF1e-2_25x.rep1.bam.bai
[W::hts_idx_load3] The index file is older than the data file: /bip7_disk/pingting114/mixed_bam/COLO829_PAO/TF1e-2_25x/TF1e-2_25x.rep1.bam.bai
[W::bam_next_basemod] MM tag refers to bases beyond sequence length
[W::hts_idx_load3] The index file is older than the data file: /bip7_disk/pingting114/mixed_bam/COLO829_PAO/TF1e-2_25x/TF1e-2_25x.rep1.bam.bai
[W::hts_idx_load3] The index file is older than the data file: /bip7_disk/pingting114/mixed_bam/COLO829_PAO/TF1e-2_25x/TF1e-2_25x.rep1.bam.bai
[W::hts_idx_load3] The index file is older than the data file: /bip7_disk/pingting114/mixed_bam/COLO829_PAO/TF1e-2_25x/TF1e-2_25x.rep1.bam.bai
[W::hts_idx_load3] The index file is older than the data file: /bip7_disk/pingting114/mixed_bam/COLO829_PAO/TF1e-2_25x/TF1e-2_25x.rep1.bam.bai
[W::hts_idx_load3] The index file is older than the data file: /bip7_disk/pingting114/mixed_bam/COLO829_PAO/TF1e-2_25x/TF1e-2_25x.rep1.bam.bai
[W::hts_idx_load3] The index file is older than the data file: /bip7_disk/pingting114/mixed_bam/COLO829_PAO/TF1e-2_25x/TF1e-2_25x.rep1.bam.bai
[W::bam_next_basemod] MM tag refers to bases beyond sequence length
[W::bam_next_basemod] MM tag refers to bases beyond sequence length
[W::hts_idx_load3] The index file is older than the data file: /bip7_disk/pingting114/mixed_bam/COLO829_PAO/TF1e-2_25x/TF1e-2_25x.rep1.bam.bai
[W::bam_next_basemod] MM tag refers to bases beyond sequence length
[E::bam_parse_basemod2] f59d52ee-e676-4412-bf93-b54be5f71c98: MM tag refers to bases beyond sequence length
[W::hts_idx_load3] The index file is older than the data file: /bip7_disk/pingting114/mixed_bam/COLO829_PAO/TF1e-2_25x/TF1e-2_25x.rep1.bam.bai
[W::hts_idx_load3] The index file is older than the data file: /bip7_disk/pingting114/mixed_bam/COLO829_PAO/TF1e-2_25x/TF1e-2_25x.rep1.bam.bai
[W::bam_next_basemod] MM tag refers to bases beyond sequence length
[W::hts_idx_load3] The index file is older than the data file: /bip7_disk/pingting114/mixed_bam/COLO829_PAO/TF1e-2_25x/TF1e-2_25x.rep1.bam.bai
[W::hts_idx_load3] The index file is older than the data file: /bip7_disk/pingting114/mixed_bam/COLO829_PAO/TF1e-2_25x/TF1e-2_25x.rep1.bam.bai
[W::bam_next_basemod] MM tag refers to bases beyond sequence length
[E::bam_parse_basemod2] 4ee933a4-9ba9-4530-a82d-46d0bbf35e37: MM tag refers to bases beyond sequence length
[W::hts_idx_load3] The index file is older than the data file: /bip7_disk/pingting114/mixed_bam/COLO829_PAO/TF1e-2_25x/TF1e-2_25x.rep1.bam.bai
[W::hts_idx_load3] The index file is older than the data file: /bip7_disk/pingting114/mixed_bam/COLO829_PAO/TF1e-2_25x/TF1e-2_25x.rep1.bam.bai
[W::bam_next_basemod] MM tag refers to bases beyond sequence length
[E::bam_parse_basemod2] 0b4da21c-0524-4151-96d1-4859fc56b0d7: MM tag refers to bases beyond sequence length
[E::bam_parse_basemod2] 5ad72067-58e1-46ec-88c6-eb8f1b5c0dee: MM tag refers to bases beyond sequence length
[W::hts_idx_load3] The index file is older than the data file: /bip7_disk/pingting114/mixed_bam/COLO829_PAO/TF1e-2_25x/TF1e-2_25x.rep1.bam.bai
[W::hts_idx_load3] The index file is older than the data file: /bip7_disk/pingting114/mixed_bam/COLO829_PAO/TF1e-2_25x/TF1e-2_25x.rep1.bam.bai
[W::hts_idx_load3] The index file is older than the data file: /bip7_disk/pingting114/mixed_bam/COLO829_PAO/TF1e-2_25x/TF1e-2_25x.rep1.bam.bai
[W::hts_idx_load3] The index file is older than the data file: /bip7_disk/pingting114/mixed_bam/COLO829_PAO/TF1e-2_25x/TF1e-2_25x.rep1.bam.bai
[W::hts_idx_load3] The index file is older than the data file: /bip7_disk/pingting114/mixed_bam/COLO829_PAO/TF1e-2_25x/TF1e-2_25x.rep1.bam.bai
[W::hts_idx_load3] The index file is older than the data file: /bip7_disk/pingting114/mixed_bam/COLO829_PAO/TF1e-2_25x/TF1e-2_25x.rep1.bam.bai
[W::bam_next_basemod] MM tag refers to bases beyond sequence length
[W::hts_idx_load3] The index file is older than the data file: /bip7_disk/pingting114/mixed_bam/COLO829_PAO/TF1e-2_25x/TF1e-2_25x.rep1.bam.bai
[W::hts_idx_load3] The index file is older than the data file: /bip7_disk/pingting114/mixed_bam/COLO829_PAO/TF1e-2_25x/TF1e-2_25x.rep1.bam.bai
[E::bam_parse_basemod2] e25ec332-b955-4a23-a3f2-e7285796771a: MM tag refers to bases beyond sequence length
[W::hts_idx_load3] The index file is older than the data file: /bip7_disk/pingting114/mixed_bam/COLO829_PAO/TF1e-2_25x/TF1e-2_25x.rep1.bam.bai
[E::bam_parse_basemod2] 3c3c5b39-01c1-495d-8476-7b809f45660d: MM tag refers to bases beyond sequence length
[W::hts_idx_load3] The index file is older than the data file: /bip7_disk/pingting114/mixed_bam/COLO829_PAO/TF1e-2_25x/TF1e-2_25x.rep1.bam.bai
[W::hts_idx_load3] The index file is older than the data file: /bip7_disk/pingting114/mixed_bam/COLO829_PAO/TF1e-2_25x/TF1e-2_25x.rep1.bam.bai
[W::hts_idx_load3] The index file is older than the data file: /bip7_disk/pingting114/mixed_bam/COLO829_PAO/TF1e-2_25x/TF1e-2_25x.rep1.bam.bai
[W::bam_next_basemod] MM tag refers to bases beyond sequence length
[W::hts_idx_load3] The index file is older than the data file: /bip7_disk/pingting114/mixed_bam/COLO829_PAO/TF1e-2_25x/TF1e-2_25x.rep1.bam.bai
[W::bam_next_basemod] MM tag refers to bases beyond sequence length
[W::hts_idx_load3] The index file is older than the data file: /bip7_disk/pingting114/mixed_bam/COLO829_PAO/TF1e-2_25x/TF1e-2_25x.rep1.bam.bai
[W::bam_next_basemod] MM tag refers to bases beyond sequence length
[W::hts_idx_load3] The index file is older than the data file: /bip7_disk/pingting114/mixed_bam/COLO829_PAO/TF1e-2_25x/TF1e-2_25x.rep1.bam.bai
[W::hts_idx_load3] The index file is older than the data file: /bip7_disk/pingting114/mixed_bam/COLO829_PAO/TF1e-2_25x/TF1e-2_25x.rep1.bam.bai
[W::bam_next_basemod] MM tag refers to bases beyond sequence length
[W::hts_idx_load3] The index file is older than the data file: /bip7_disk/pingting114/mixed_bam/COLO829_PAO/TF1e-2_25x/TF1e-2_25x.rep1.bam.bai
[W::hts_idx_load3] The index file is older than the data file: /bip7_disk/pingting114/mixed_bam/COLO829_PAO/TF1e-2_25x/TF1e-2_25x.rep1.bam.bai
[W::bam_next_basemod] MM tag refers to bases beyond sequence length
[W::hts_idx_load3] The index file is older than the data file: /bip7_disk/pingting114/mixed_bam/COLO829_PAO/TF1e-2_25x/TF1e-2_25x.rep1.bam.bai
[W::hts_idx_load3] The index file is older than the data file: /bip7_disk/pingting114/mixed_bam/COLO829_PAO/TF1e-2_25x/TF1e-2_25x.rep1.bam.bai
[W::hts_idx_load3] The index file is older than the data file: /bip7_disk/pingting114/mixed_bam/COLO829_PAO/TF1e-2_25x/TF1e-2_25x.rep1.bam.bai
[W::bam_next_basemod] MM tag refers to bases beyond sequence length
[W::hts_idx_load3] The index file is older than the data file: /bip7_disk/pingting114/mixed_bam/COLO829_PAO/TF1e-2_25x/TF1e-2_25x.rep1.bam.bai
[W::bam_next_basemod] MM tag refers to bases beyond sequence length
[W::hts_idx_load3] The index file is older than the data file: /bip7_disk/pingting114/mixed_bam/COLO829_PAO/TF1e-2_25x/TF1e-2_25x.rep1.bam.bai
[W::hts_idx_load3] The index file is older than the data file: /bip7_disk/pingting114/mixed_bam/COLO829_PAO/TF1e-2_25x/TF1e-2_25x.rep1.bam.bai
[W::hts_idx_load3] The index file is older than the data file: /bip7_disk/pingting114/mixed_bam/COLO829_PAO/TF1e-2_25x/TF1e-2_25x.rep1.bam.bai
[E::bam_parse_basemod2] c2c12675-814a-4a48-a99b-77032da5cacc: MM tag refers to bases beyond sequence length
[W::hts_idx_load3] The index file is older than the data file: /bip7_disk/pingting114/mixed_bam/COLO829_PAO/TF1e-2_25x/TF1e-2_25x.rep1.bam.bai
[W::hts_idx_load3] The index file is older than the data file: /bip7_disk/pingting114/mixed_bam/COLO829_PAO/TF1e-2_25x/TF1e-2_25x.rep1.bam.bai
[E::bam_parse_basemod2] b55f6500-8de9-4954-8ba2-575acd531284: MM tag refers to bases beyond sequence length
[W::hts_idx_load3] The index file is older than the data file: /bip7_disk/pingting114/mixed_bam/COLO829_PAO/TF1e-2_25x/TF1e-2_25x.rep1.bam.bai
[W::hts_idx_load3] The index file is older than the data file: /bip7_disk/pingting114/mixed_bam/COLO829_PAO/TF1e-2_25x/TF1e-2_25x.rep1.bam.bai
[W::hts_idx_load3] The index file is older than the data file: /bip7_disk/pingting114/mixed_bam/COLO829_PAO/TF1e-2_25x/TF1e-2_25x.rep1.bam.bai
[W::hts_idx_load3] The index file is older than the data file: /bip7_disk/pingting114/mixed_bam/COLO829_PAO/TF1e-2_25x/TF1e-2_25x.rep1.bam.bai
[W::bam_next_basemod] MM tag refers to bases beyond sequence length
[W::hts_idx_load3] The index file is older than the data file: /bip7_disk/pingting114/mixed_bam/COLO829_PAO/TF1e-2_25x/TF1e-2_25x.rep1.bam.bai
[W::hts_idx_load3] The index file is older than the data file: /bip7_disk/pingting114/mixed_bam/COLO829_PAO/TF1e-2_25x/TF1e-2_25x.rep1.bam.bai
[W::hts_idx_load3] The index file is older than the data file: /bip7_disk/pingting114/mixed_bam/COLO829_PAO/TF1e-2_25x/TF1e-2_25x.rep1.bam.bai
[W::hts_idx_load3] The index file is older than the data file: /bip7_disk/pingting114/mixed_bam/COLO829_PAO/TF1e-2_25x/TF1e-2_25x.rep1.bam.bai
[W::hts_idx_load3] The index file is older than the data file: /bip7_disk/pingting114/mixed_bam/COLO829_PAO/TF1e-2_25x/TF1e-2_25x.rep1.bam.bai
[W::hts_idx_load3] The index file is older than the data file: /bip7_disk/pingting114/mixed_bam/COLO829_PAO/TF1e-2_25x/TF1e-2_25x.rep1.bam.bai
[E::bam_parse_basemod2] 805d13db-ad02-4ff7-bbda-84610a8b10f0: MM tag refers to bases beyond sequence length
[W::hts_idx_load3] The index file is older than the data file: /bip7_disk/pingting114/mixed_bam/COLO829_PAO/TF1e-2_25x/TF1e-2_25x.rep1.bam.bai
[W::hts_idx_load3] The index file is older than the data file: /bip7_disk/pingting114/mixed_bam/COLO829_PAO/TF1e-2_25x/TF1e-2_25x.rep1.bam.bai
[W::hts_idx_load3] The index file is older than the data file: /bip7_disk/pingting114/mixed_bam/COLO829_PAO/TF1e-2_25x/TF1e-2_25x.rep1.bam.bai
[W::hts_idx_load3] The index file is older than the data file: /bip7_disk/pingting114/mixed_bam/COLO829_PAO/TF1e-2_25x/TF1e-2_25x.rep1.bam.bai
[W::hts_idx_load3] The index file is older than the data file: /bip7_disk/pingting114/mixed_bam/COLO829_PAO/TF1e-2_25x/TF1e-2_25x.rep1.bam.bai
[W::hts_idx_load3] The index file is older than the data file: /bip7_disk/pingting114/mixed_bam/COLO829_PAO/TF1e-2_25x/TF1e-2_25x.rep1.bam.bai
[W::hts_idx_load3] The index file is older than the data file: /bip7_disk/pingting114/mixed_bam/COLO829_PAO/TF1e-2_25x/TF1e-2_25x.rep1.bam.bai
[E::bam_parse_basemod2] 80f1a205-b7ef-4149-acc9-276b48b81f62: MM tag refers to bases beyond sequence length
[W::hts_idx_load3] The index file is older than the data file: /bip7_disk/pingting114/mixed_bam/COLO829_PAO/TF1e-2_25x/TF1e-2_25x.rep1.bam.bai
[W::hts_idx_load3] The index file is older than the data file: /bip7_disk/pingting114/mixed_bam/COLO829_PAO/TF1e-2_25x/TF1e-2_25x.rep1.bam.bai
[E::bam_parse_basemod2] 43e134ae-cc90-45ff-9557-874fab22e1fd: MM tag refers to bases beyond sequence length
[W::hts_idx_load3] The index file is older than the data file: /bip7_disk/pingting114/mixed_bam/COLO829_PAO/TF1e-2_25x/TF1e-2_25x.rep1.bam.bai
[W::bam_next_basemod] MM tag refers to bases beyond sequence length
[W::hts_idx_load3] The index file is older than the data file: /bip7_disk/pingting114/mixed_bam/COLO829_PAO/TF1e-2_25x/TF1e-2_25x.rep1.bam.bai
[W::hts_idx_load3] The index file is older than the data file: /bip7_disk/pingting114/mixed_bam/COLO829_PAO/TF1e-2_25x/TF1e-2_25x.rep1.bam.bai
[W::hts_idx_load3] The index file is older than the data file: /bip7_disk/pingting114/mixed_bam/COLO829_PAO/TF1e-2_25x/TF1e-2_25x.rep1.bam.bai
[W::hts_idx_load3] The index file is older than the data file: /bip7_disk/pingting114/mixed_bam/COLO829_PAO/TF1e-2_25x/TF1e-2_25x.rep1.bam.bai
[W::bam_next_basemod] MM tag refers to bases beyond sequence length
[W::hts_idx_load3] The index file is older than the data file: /bip7_disk/pingting114/mixed_bam/COLO829_PAO/TF1e-2_25x/TF1e-2_25x.rep1.bam.bai
[W::hts_idx_load3] The index file is older than the data file: /bip7_disk/pingting114/mixed_bam/COLO829_PAO/TF1e-2_25x/TF1e-2_25x.rep1.bam.bai
[W::hts_idx_load3] The index file is older than the data file: /bip7_disk/pingting114/mixed_bam/COLO829_PAO/TF1e-2_25x/TF1e-2_25x.rep1.bam.bai
[W::hts_idx_load3] The index file is older than the data file: /bip7_disk/pingting114/mixed_bam/COLO829_PAO/TF1e-2_25x/TF1e-2_25x.rep1.bam.bai
[W::hts_idx_load3] The index file is older than the data file: /bip7_disk/pingting114/mixed_bam/COLO829_PAO/TF1e-2_25x/TF1e-2_25x.rep1.bam.bai
[W::bam_next_basemod] MM tag refers to bases beyond sequence length
[W::hts_idx_load3] The index file is older than the data file: /bip7_disk/pingting114/mixed_bam/COLO829_PAO/TF1e-2_25x/TF1e-2_25x.rep1.bam.bai
[W::hts_idx_load3] The index file is older than the data file: /bip7_disk/pingting114/mixed_bam/COLO829_PAO/TF1e-2_25x/TF1e-2_25x.rep1.bam.bai
[W::hts_idx_load3] The index file is older than the data file: /bip7_disk/pingting114/mixed_bam/COLO829_PAO/TF1e-2_25x/TF1e-2_25x.rep1.bam.bai
[W::hts_idx_load3] The index file is older than the data file: /bip7_disk/pingting114/mixed_bam/COLO829_PAO/TF1e-2_25x/TF1e-2_25x.rep1.bam.bai
[W::hts_idx_load3] The index file is older than the data file: /bip7_disk/pingting114/mixed_bam/COLO829_PAO/TF1e-2_25x/TF1e-2_25x.rep1.bam.bai
[W::hts_idx_load3] The index file is older than the data file: /bip7_disk/pingting114/mixed_bam/COLO829_PAO/TF1e-2_25x/TF1e-2_25x.rep1.bam.bai
[W::bam_next_basemod] MM tag refers to bases beyond sequence length
[W::hts_idx_load3] The index file is older than the data file: /bip7_disk/pingting114/mixed_bam/COLO829_PAO/TF1e-2_25x/TF1e-2_25x.rep1.bam.bai
[E::bam_parse_basemod2] c501eb91-142d-40cc-ab77-05adde047416: MM tag refers to bases beyond sequence length
[W::hts_idx_load3] The index file is older than the data file: /bip7_disk/pingting114/mixed_bam/COLO829_PAO/TF1e-2_25x/TF1e-2_25x.rep1.bam.bai
[W::hts_idx_load3] The index file is older than the data file: /bip7_disk/pingting114/mixed_bam/COLO829_PAO/TF1e-2_25x/TF1e-2_25x.rep1.bam.bai
[W::hts_idx_load3] The index file is older than the data file: /bip7_disk/pingting114/mixed_bam/COLO829_PAO/TF1e-2_25x/TF1e-2_25x.rep1.bam.bai
[W::hts_idx_load3] The index file is older than the data file: /bip7_disk/pingting114/mixed_bam/COLO829_PAO/TF1e-2_25x/TF1e-2_25x.rep1.bam.bai
[W::hts_idx_load3] The index file is older than the data file: /bip7_disk/pingting114/mixed_bam/COLO829_PAO/TF1e-2_25x/TF1e-2_25x.rep1.bam.bai
[E::bam_parse_basemod2] 25d608fe-8f8f-4f38-8f0b-d8e47e87f6d1: MM tag refers to bases beyond sequence length
[W::hts_idx_load3] The index file is older than the data file: /bip7_disk/pingting114/mixed_bam/COLO829_PAO/TF1e-2_25x/TF1e-2_25x.rep1.bam.bai
[W::bam_next_basemod] MM tag refers to bases beyond sequence length
[E::bam_parse_basemod2] 3dabad48-56c8-4432-b335-589c0214b49e: MM tag refers to bases beyond sequence length
[W::hts_idx_load3] The index file is older than the data file: /bip7_disk/pingting114/mixed_bam/COLO829_PAO/TF1e-2_25x/TF1e-2_25x.rep1.bam.bai
[W::bam_next_basemod] MM tag refers to bases beyond sequence length
[W::hts_idx_load3] The index file is older than the data file: /bip7_disk/pingting114/mixed_bam/COLO829_PAO/TF1e-2_25x/TF1e-2_25x.rep1.bam.bai
[W::bam_next_basemod] MM tag refers to bases beyond sequence length
[W::hts_idx_load3] The index file is older than the data file: /bip7_disk/pingting114/mixed_bam/COLO829_PAO/TF1e-2_25x/TF1e-2_25x.rep1.bam.bai
[W::hts_idx_load3] The index file is older than the data file: /bip7_disk/pingting114/mixed_bam/COLO829_PAO/TF1e-2_25x/TF1e-2_25x.rep1.bam.bai
[E::bam_parse_basemod2] a828b427-f269-4a18-88a0-f4e0d711bf7c: MM tag refers to bases beyond sequence length
[E::bam_parse_basemod2] 5b7db061-f73a-4eac-b9d1-616d938b8f2b: MM tag refers to bases beyond sequence length
[W::hts_idx_load3] The index file is older than the data file: /bip7_disk/pingting114/mixed_bam/COLO829_PAO/TF1e-2_25x/TF1e-2_25x.rep1.bam.bai
[W::hts_idx_load3] The index file is older than the data file: /bip7_disk/pingting114/mixed_bam/COLO829_PAO/TF1e-2_25x/TF1e-2_25x.rep1.bam.bai
[W::hts_idx_load3] The index file is older than the data file: /bip7_disk/pingting114/mixed_bam/COLO829_PAO/TF1e-2_25x/TF1e-2_25x.rep1.bam.bai
[W::hts_idx_load3] The index file is older than the data file: /bip7_disk/pingting114/mixed_bam/COLO829_PAO/TF1e-2_25x/TF1e-2_25x.rep1.bam.bai
[W::hts_idx_load3] The index file is older than the data file: /bip7_disk/pingting114/mixed_bam/COLO829_PAO/TF1e-2_25x/TF1e-2_25x.rep1.bam.bai
[W::hts_idx_load3] The index file is older than the data file: /bip7_disk/pingting114/mixed_bam/COLO829_PAO/TF1e-2_25x/TF1e-2_25x.rep1.bam.bai
[W::hts_idx_load3] The index file is older than the data file: /bip7_disk/pingting114/mixed_bam/COLO829_PAO/TF1e-2_25x/TF1e-2_25x.rep1.bam.bai
[W::hts_idx_load3] The index file is older than the data file: /bip7_disk/pingting114/mixed_bam/COLO829_PAO/TF1e-2_25x/TF1e-2_25x.rep1.bam.bai
[W::hts_idx_load3] The index file is older than the data file: /bip7_disk/pingting114/mixed_bam/COLO829_PAO/TF1e-2_25x/TF1e-2_25x.rep1.bam.bai
[E::bam_parse_basemod2] 12fa8d26-1575-479a-a89f-31c43e349d08: MM tag refers to bases beyond sequence length
[W::hts_idx_load3] The index file is older than the data file: /bip7_disk/pingting114/mixed_bam/COLO829_PAO/TF1e-2_25x/TF1e-2_25x.rep1.bam.bai
[W::hts_idx_load3] The index file is older than the data file: /bip7_disk/pingting114/mixed_bam/COLO829_PAO/TF1e-2_25x/TF1e-2_25x.rep1.bam.bai
[W::hts_idx_load3] The index file is older than the data file: /bip7_disk/pingting114/mixed_bam/COLO829_PAO/TF1e-2_25x/TF1e-2_25x.rep1.bam.bai
[W::hts_idx_load3] The index file is older than the data file: /bip7_disk/pingting114/mixed_bam/COLO829_PAO/TF1e-2_25x/TF1e-2_25x.rep1.bam.bai
[W::hts_idx_load3] The index file is older than the data file: /bip7_disk/pingting114/mixed_bam/COLO829_PAO/TF1e-2_25x/TF1e-2_25x.rep1.bam.bai
[E::bam_parse_basemod2] 735a7b23-194d-4ca7-8fae-105bb858ca76: MM tag refers to bases beyond sequence length
[W::bam_next_basemod] MM tag refers to bases beyond sequence length
[W::hts_idx_load3] The index file is older than the data file: /bip7_disk/pingting114/mixed_bam/COLO829_PAO/TF1e-2_25x/TF1e-2_25x.rep1.bam.bai
[W::hts_idx_load3] The index file is older than the data file: /bip7_disk/pingting114/mixed_bam/COLO829_PAO/TF1e-2_25x/TF1e-2_25x.rep1.bam.bai
[W::hts_idx_load3] The index file is older than the data file: /bip7_disk/pingting114/mixed_bam/COLO829_PAO/TF1e-2_25x/TF1e-2_25x.rep1.bam.bai
[W::hts_idx_load3] The index file is older than the data file: /bip7_disk/pingting114/mixed_bam/COLO829_PAO/TF1e-2_25x/TF1e-2_25x.rep1.bam.bai
[W::hts_idx_load3] The index file is older than the data file: /bip7_disk/pingting114/mixed_bam/COLO829_PAO/TF1e-2_25x/TF1e-2_25x.rep1.bam.bai
[W::hts_idx_load3] The index file is older than the data file: /bip7_disk/pingting114/mixed_bam/COLO829_PAO/TF1e-2_25x/TF1e-2_25x.rep1.bam.bai
[E::bam_parse_basemod2] 58d3f98d-68e2-468e-8eb8-427e2ab7fa09: MM tag refers to bases beyond sequence length
[W::hts_idx_load3] The index file is older than the data file: /bip7_disk/pingting114/mixed_bam/COLO829_PAO/TF1e-2_25x/TF1e-2_25x.rep1.bam.bai
[W::hts_idx_load3] The index file is older than the data file: /bip7_disk/pingting114/mixed_bam/COLO829_PAO/TF1e-2_25x/TF1e-2_25x.rep1.bam.bai
[W::hts_idx_load3] The index file is older than the data file: /bip7_disk/pingting114/mixed_bam/COLO829_PAO/TF1e-2_25x/TF1e-2_25x.rep1.bam.bai
[W::hts_idx_load3] The index file is older than the data file: /bip7_disk/pingting114/mixed_bam/COLO829_PAO/TF1e-2_25x/TF1e-2_25x.rep1.bam.bai
[W::hts_idx_load3] The index file is older than the data file: /bip7_disk/pingting114/mixed_bam/COLO829_PAO/TF1e-2_25x/TF1e-2_25x.rep1.bam.bai
[W::hts_idx_load3] The index file is older than the data file: /bip7_disk/pingting114/mixed_bam/COLO829_PAO/TF1e-2_25x/TF1e-2_25x.rep1.bam.bai
[W::bam_next_basemod] MM tag refers to bases beyond sequence length
[W::hts_idx_load3] The index file is older than the data file: /bip7_disk/pingting114/mixed_bam/COLO829_PAO/TF1e-2_25x/TF1e-2_25x.rep1.bam.bai
[W::hts_idx_load3] The index file is older than the data file: /bip7_disk/pingting114/mixed_bam/COLO829_PAO/TF1e-2_25x/TF1e-2_25x.rep1.bam.bai
[W::hts_idx_load3] The index file is older than the data file: /bip7_disk/pingting114/mixed_bam/COLO829_PAO/TF1e-2_25x/TF1e-2_25x.rep1.bam.bai
[W::hts_idx_load3] The index file is older than the data file: /bip7_disk/pingting114/mixed_bam/COLO829_PAO/TF1e-2_25x/TF1e-2_25x.rep1.bam.bai
[W::hts_idx_load3] The index file is older than the data file: /bip7_disk/pingting114/mixed_bam/COLO829_PAO/TF1e-2_25x/TF1e-2_25x.rep1.bam.bai
[W::bam_next_basemod] MM tag refers to bases beyond sequence length
[W::hts_idx_load3] The index file is older than the data file: /bip7_disk/pingting114/mixed_bam/COLO829_PAO/TF1e-2_25x/TF1e-2_25x.rep1.bam.bai
[W::hts_idx_load3] The index file is older than the data file: /bip7_disk/pingting114/mixed_bam/COLO829_PAO/TF1e-2_25x/TF1e-2_25x.rep1.bam.bai
[E::bam_parse_basemod2] 2011fe9a-6603-4df0-816b-b731fd7dbc05: MM tag refers to bases beyond sequence length
[W::hts_idx_load3] The index file is older than the data file: /bip7_disk/pingting114/mixed_bam/COLO829_PAO/TF1e-2_25x/TF1e-2_25x.rep1.bam.bai
[E::bam_parse_basemod2] a59b78a3-ef80-471d-8622-47eb826746ed: MM tag refers to bases beyond sequence length
[W::hts_idx_load3] The index file is older than the data file: /bip7_disk/pingting114/mixed_bam/COLO829_PAO/TF1e-2_25x/TF1e-2_25x.rep1.bam.bai
[W::bam_next_basemod] MM tag refers to bases beyond sequence length
[W::hts_idx_load3] The index file is older than the data file: /bip7_disk/pingting114/mixed_bam/COLO829_PAO/TF1e-2_25x/TF1e-2_25x.rep1.bam.bai
[W::hts_idx_load3] The index file is older than the data file: /bip7_disk/pingting114/mixed_bam/COLO829_PAO/TF1e-2_25x/TF1e-2_25x.rep1.bam.bai
[W::hts_idx_load3] The index file is older than the data file: /bip7_disk/pingting114/mixed_bam/COLO829_PAO/TF1e-2_25x/TF1e-2_25x.rep1.bam.bai
[E::bam_parse_basemod2] 90851ed3-db32-477c-b02c-d522193dd371: MM tag refers to bases beyond sequence length
[W::hts_idx_load3] The index file is older than the data file: /bip7_disk/pingting114/mixed_bam/COLO829_PAO/TF1e-2_25x/TF1e-2_25x.rep1.bam.bai
[W::hts_idx_load3] The index file is older than the data file: /bip7_disk/pingting114/mixed_bam/COLO829_PAO/TF1e-2_25x/TF1e-2_25x.rep1.bam.bai
[W::hts_idx_load3] The index file is older than the data file: /bip7_disk/pingting114/mixed_bam/COLO829_PAO/TF1e-2_25x/TF1e-2_25x.rep1.bam.bai
[W::bam_next_basemod] MM tag refers to bases beyond sequence length
[W::hts_idx_load3] The index file is older than the data file: /bip7_disk/pingting114/mixed_bam/COLO829_PAO/TF1e-2_25x/TF1e-2_25x.rep1.bam.bai
[W::hts_idx_load3] The index file is older than the data file: /bip7_disk/pingting114/mixed_bam/COLO829_PAO/TF1e-2_25x/TF1e-2_25x.rep1.bam.bai
[W::hts_idx_load3] The index file is older than the data file: /bip7_disk/pingting114/mixed_bam/COLO829_PAO/TF1e-2_25x/TF1e-2_25x.rep1.bam.bai
[W::bam_next_basemod] MM tag refers to bases beyond sequence length
[W::hts_idx_load3] The index file is older than the data file: /bip7_disk/pingting114/mixed_bam/COLO829_PAO/TF1e-2_25x/TF1e-2_25x.rep1.bam.bai
[W::bam_next_basemod] MM tag refers to bases beyond sequence length
[W::hts_idx_load3] The index file is older than the data file: /bip7_disk/pingting114/mixed_bam/COLO829_PAO/TF1e-2_25x/TF1e-2_25x.rep1.bam.bai
[W::hts_idx_load3] The index file is older than the data file: /bip7_disk/pingting114/mixed_bam/COLO829_PAO/TF1e-2_25x/TF1e-2_25x.rep1.bam.bai
[W::hts_idx_load3] The index file is older than the data file: /bip7_disk/pingting114/mixed_bam/COLO829_PAO/TF1e-2_25x/TF1e-2_25x.rep1.bam.bai
[W::hts_idx_load3] The index file is older than the data file: /bip7_disk/pingting114/mixed_bam/COLO829_PAO/TF1e-2_25x/TF1e-2_25x.rep1.bam.bai
[W::hts_idx_load3] The index file is older than the data file: /bip7_disk/pingting114/mixed_bam/COLO829_PAO/TF1e-2_25x/TF1e-2_25x.rep1.bam.bai
[W::hts_idx_load3] The index file is older than the data file: /bip7_disk/pingting114/mixed_bam/COLO829_PAO/TF1e-2_25x/TF1e-2_25x.rep1.bam.bai
[W::hts_idx_load3] The index file is older than the data file: /bip7_disk/pingting114/mixed_bam/COLO829_PAO/TF1e-2_25x/TF1e-2_25x.rep1.bam.bai
[W::hts_idx_load3] The index file is older than the data file: /bip7_disk/pingting114/mixed_bam/COLO829_PAO/TF1e-2_25x/TF1e-2_25x.rep1.bam.bai
[W::hts_idx_load3] The index file is older than the data file: /bip7_disk/pingting114/mixed_bam/COLO829_PAO/TF1e-2_25x/TF1e-2_25x.rep1.bam.bai
[W::bam_next_basemod] MM tag refers to bases beyond sequence length
[W::hts_idx_load3] The index file is older than the data file: /bip7_disk/pingting114/mixed_bam/COLO829_PAO/TF1e-2_25x/TF1e-2_25x.rep1.bam.bai
[W::hts_idx_load3] The index file is older than the data file: /bip7_disk/pingting114/mixed_bam/COLO829_PAO/TF1e-2_25x/TF1e-2_25x.rep1.bam.bai
[W::hts_idx_load3] The index file is older than the data file: /bip7_disk/pingting114/mixed_bam/COLO829_PAO/TF1e-2_25x/TF1e-2_25x.rep1.bam.bai
[W::hts_idx_load3] The index file is older than the data file: /bip7_disk/pingting114/mixed_bam/COLO829_PAO/TF1e-2_25x/TF1e-2_25x.rep1.bam.bai
[W::hts_idx_load3] The index file is older than the data file: /bip7_disk/pingting114/mixed_bam/COLO829_PAO/TF1e-2_25x/TF1e-2_25x.rep1.bam.bai
[W::hts_idx_load3] The index file is older than the data file: /bip7_disk/pingting114/mixed_bam/COLO829_PAO/TF1e-2_25x/TF1e-2_25x.rep1.bam.bai
[E::bam_parse_basemod2] 6f1084c1-077a-45cb-84da-f003dc92581e: MM tag refers to bases beyond sequence length
[W::hts_idx_load3] The index file is older than the data file: /bip7_disk/pingting114/mixed_bam/COLO829_PAO/TF1e-2_25x/TF1e-2_25x.rep1.bam.bai
[W::bam_next_basemod] MM tag refers to bases beyond sequence length
[W::hts_idx_load3] The index file is older than the data file: /bip7_disk/pingting114/mixed_bam/COLO829_PAO/TF1e-2_25x/TF1e-2_25x.rep1.bam.bai
[W::hts_idx_load3] The index file is older than the data file: /bip7_disk/pingting114/mixed_bam/COLO829_PAO/TF1e-2_25x/TF1e-2_25x.rep1.bam.bai
[W::bam_next_basemod] MM tag refers to bases beyond sequence length
[W::hts_idx_load3] The index file is older than the data file: /bip7_disk/pingting114/mixed_bam/COLO829_PAO/TF1e-2_25x/TF1e-2_25x.rep1.bam.bai
[E::bam_parse_basemod2] 1b89a5ae-d8d4-48cf-9213-f7e35a1fbd78: MM tag refers to bases beyond sequence length
[W::hts_idx_load3] The index file is older than the data file: /bip7_disk/pingting114/mixed_bam/COLO829_PAO/TF1e-2_25x/TF1e-2_25x.rep1.bam.bai
[W::hts_idx_load3] The index file is older than the data file: /bip7_disk/pingting114/mixed_bam/COLO829_PAO/TF1e-2_25x/TF1e-2_25x.rep1.bam.bai
[W::bam_next_basemod] MM tag refers to bases beyond sequence length
[W::hts_idx_load3] The index file is older than the data file: /bip7_disk/pingting114/mixed_bam/COLO829_PAO/TF1e-2_25x/TF1e-2_25x.rep1.bam.bai
[W::hts_idx_load3] The index file is older than the data file: /bip7_disk/pingting114/mixed_bam/COLO829_PAO/TF1e-2_25x/TF1e-2_25x.rep1.bam.bai
[W::hts_idx_load3] The index file is older than the data file: /bip7_disk/pingting114/mixed_bam/COLO829_PAO/TF1e-2_25x/TF1e-2_25x.rep1.bam.bai
[W::hts_idx_load3] The index file is older than the data file: /bip7_disk/pingting114/mixed_bam/COLO829_PAO/TF1e-2_25x/TF1e-2_25x.rep1.bam.bai
[W::hts_idx_load3] The index file is older than the data file: /bip7_disk/pingting114/mixed_bam/COLO829_PAO/TF1e-2_25x/TF1e-2_25x.rep1.bam.bai
[W::bam_next_basemod] MM tag refers to bases beyond sequence length
[W::hts_idx_load3] The index file is older than the data file: /bip7_disk/pingting114/mixed_bam/COLO829_PAO/TF1e-2_25x/TF1e-2_25x.rep1.bam.bai
[W::hts_idx_load3] The index file is older than the data file: /bip7_disk/pingting114/mixed_bam/COLO829_PAO/TF1e-2_25x/TF1e-2_25x.rep1.bam.bai
[W::hts_idx_load3] The index file is older than the data file: /bip7_disk/pingting114/mixed_bam/COLO829_PAO/TF1e-2_25x/TF1e-2_25x.rep1.bam.bai
[W::bam_next_basemod] MM tag refers to bases beyond sequence length
[E::bam_parse_basemod2] 18ee00b5-196b-457d-9c6b-5b1098db2a03: MM tag refers to bases beyond sequence length
[W::hts_idx_load3] The index file is older than the data file: /bip7_disk/pingting114/mixed_bam/COLO829_PAO/TF1e-2_25x/TF1e-2_25x.rep1.bam.bai
[W::hts_idx_load3] The index file is older than the data file: /bip7_disk/pingting114/mixed_bam/COLO829_PAO/TF1e-2_25x/TF1e-2_25x.rep1.bam.bai
[W::hts_idx_load3] The index file is older than the data file: /bip7_disk/pingting114/mixed_bam/COLO829_PAO/TF1e-2_25x/TF1e-2_25x.rep1.bam.bai
[W::hts_idx_load3] The index file is older than the data file: /bip7_disk/pingting114/mixed_bam/COLO829_PAO/TF1e-2_25x/TF1e-2_25x.rep1.bam.bai
[W::hts_idx_load3] The index file is older than the data file: /bip7_disk/pingting114/mixed_bam/COLO829_PAO/TF1e-2_25x/TF1e-2_25x.rep1.bam.bai
[W::bam_next_basemod] MM tag refers to bases beyond sequence length
[W::hts_idx_load3] The index file is older than the data file: /bip7_disk/pingting114/mixed_bam/COLO829_PAO/TF1e-2_25x/TF1e-2_25x.rep1.bam.bai
[W::hts_idx_load3] The index file is older than the data file: /bip7_disk/pingting114/mixed_bam/COLO829_PAO/TF1e-2_25x/TF1e-2_25x.rep1.bam.bai
[W::hts_idx_load3] The index file is older than the data file: /bip7_disk/pingting114/mixed_bam/COLO829_PAO/TF1e-2_25x/TF1e-2_25x.rep1.bam.bai
[W::hts_idx_load3] The index file is older than the data file: /bip7_disk/pingting114/mixed_bam/COLO829_PAO/TF1e-2_25x/TF1e-2_25x.rep1.bam.bai
[W::hts_idx_load3] The index file is older than the data file: /bip7_disk/pingting114/mixed_bam/COLO829_PAO/TF1e-2_25x/TF1e-2_25x.rep1.bam.bai
[W::hts_idx_load3] The index file is older than the data file: /bip7_disk/pingting114/mixed_bam/COLO829_PAO/TF1e-2_25x/TF1e-2_25x.rep1.bam.bai
[W::hts_idx_load3] The index file is older than the data file: /bip7_disk/pingting114/mixed_bam/COLO829_PAO/TF1e-2_25x/TF1e-2_25x.rep1.bam.bai
[W::hts_idx_load3] The index file is older than the data file: /bip7_disk/pingting114/mixed_bam/COLO829_PAO/TF1e-2_25x/TF1e-2_25x.rep1.bam.bai
[W::hts_idx_load3] The index file is older than the data file: /bip7_disk/pingting114/mixed_bam/COLO829_PAO/TF1e-2_25x/TF1e-2_25x.rep1.bam.bai
[W::bam_next_basemod] MM tag refers to bases beyond sequence length
[W::hts_idx_load3] The index file is older than the data file: /bip7_disk/pingting114/mixed_bam/COLO829_PAO/TF1e-2_25x/TF1e-2_25x.rep1.bam.bai
[W::hts_idx_load3] The index file is older than the data file: /bip7_disk/pingting114/mixed_bam/COLO829_PAO/TF1e-2_25x/TF1e-2_25x.rep1.bam.bai
[W::hts_idx_load3] The index file is older than the data file: /bip7_disk/pingting114/mixed_bam/COLO829_PAO/TF1e-2_25x/TF1e-2_25x.rep1.bam.bai
[W::bam_next_basemod] MM tag refers to bases beyond sequence length
[W::bam_next_basemod] MM tag refers to bases beyond sequence length
[W::hts_idx_load3] The index file is older than the data file: /bip7_disk/pingting114/mixed_bam/COLO829_PAO/TF1e-2_25x/TF1e-2_25x.rep1.bam.bai
[W::hts_idx_load3] The index file is older than the data file: /bip7_disk/pingting114/mixed_bam/COLO829_PAO/TF1e-2_25x/TF1e-2_25x.rep1.bam.bai
[W::hts_idx_load3] The index file is older than the data file: /bip7_disk/pingting114/mixed_bam/COLO829_PAO/TF1e-2_25x/TF1e-2_25x.rep1.bam.bai
[W::hts_idx_load3] The index file is older than the data file: /bip7_disk/pingting114/mixed_bam/COLO829_PAO/TF1e-2_25x/TF1e-2_25x.rep1.bam.bai
[W::hts_idx_load3] The index file is older than the data file: /bip7_disk/pingting114/mixed_bam/COLO829_PAO/TF1e-2_25x/TF1e-2_25x.rep1.bam.bai
[W::hts_idx_load3] The index file is older than the data file: /bip7_disk/pingting114/mixed_bam/COLO829_PAO/TF1e-2_25x/TF1e-2_25x.rep1.bam.bai
[W::hts_idx_load3] The index file is older than the data file: /bip7_disk/pingting114/mixed_bam/COLO829_PAO/TF1e-2_25x/TF1e-2_25x.rep1.bam.bai
[W::hts_idx_load3] The index file is older than the data file: /bip7_disk/pingting114/mixed_bam/COLO829_PAO/TF1e-2_25x/TF1e-2_25x.rep1.bam.bai
[W::hts_idx_load3] The index file is older than the data file: /bip7_disk/pingting114/mixed_bam/COLO829_PAO/TF1e-2_25x/TF1e-2_25x.rep1.bam.bai
[W::hts_idx_load3] The index file is older than the data file: /bip7_disk/pingting114/mixed_bam/COLO829_PAO/TF1e-2_25x/TF1e-2_25x.rep1.bam.bai
[W::hts_idx_load3] The index file is older than the data file: /bip7_disk/pingting114/mixed_bam/COLO829_PAO/TF1e-2_25x/TF1e-2_25x.rep1.bam.bai
[W::hts_idx_load3] The index file is older than the data file: /bip7_disk/pingting114/mixed_bam/COLO829_PAO/TF1e-2_25x/TF1e-2_25x.rep1.bam.bai
[W::hts_idx_load3] The index file is older than the data file: /bip7_disk/pingting114/mixed_bam/COLO829_PAO/TF1e-2_25x/TF1e-2_25x.rep1.bam.bai
[W::hts_idx_load3] The index file is older than the data file: /bip7_disk/pingting114/mixed_bam/COLO829_PAO/TF1e-2_25x/TF1e-2_25x.rep1.bam.bai
[W::hts_idx_load3] The index file is older than the data file: /bip7_disk/pingting114/mixed_bam/COLO829_PAO/TF1e-2_25x/TF1e-2_25x.rep1.bam.bai
[W::bam_next_basemod] MM tag refers to bases beyond sequence length
[W::hts_idx_load3] The index file is older than the data file: /bip7_disk/pingting114/mixed_bam/COLO829_PAO/TF1e-2_25x/TF1e-2_25x.rep1.bam.bai
[W::hts_idx_load3] The index file is older than the data file: /bip7_disk/pingting114/mixed_bam/COLO829_PAO/TF1e-2_25x/TF1e-2_25x.rep1.bam.bai
[W::hts_idx_load3] The index file is older than the data file: /bip7_disk/pingting114/mixed_bam/COLO829_PAO/TF1e-2_25x/TF1e-2_25x.rep1.bam.bai
[W::hts_idx_load3] The index file is older than the data file: /bip7_disk/pingting114/mixed_bam/COLO829_PAO/TF1e-2_25x/TF1e-2_25x.rep1.bam.bai
[W::hts_idx_load3] The index file is older than the data file: /bip7_disk/pingting114/mixed_bam/COLO829_PAO/TF1e-2_25x/TF1e-2_25x.rep1.bam.bai
[W::hts_idx_load3] The index file is older than the data file: /bip7_disk/pingting114/mixed_bam/COLO829_PAO/TF1e-2_25x/TF1e-2_25x.rep1.bam.bai
[W::bam_next_basemod] MM tag refers to bases beyond sequence length
[W::hts_idx_load3] The index file is older than the data file: /bip7_disk/pingting114/mixed_bam/COLO829_PAO/TF1e-2_25x/TF1e-2_25x.rep1.bam.bai
[W::hts_idx_load3] The index file is older than the data file: /bip7_disk/pingting114/mixed_bam/COLO829_PAO/TF1e-2_25x/TF1e-2_25x.rep1.bam.bai
[W::bam_next_basemod] MM tag refers to bases beyond sequence length
[W::hts_idx_load3] The index file is older than the data file: /bip7_disk/pingting114/mixed_bam/COLO829_PAO/TF1e-2_25x/TF1e-2_25x.rep1.bam.bai
[W::bam_next_basemod] MM tag refers to bases beyond sequence length
[W::hts_idx_load3] The index file is older than the data file: /bip7_disk/pingting114/mixed_bam/COLO829_PAO/TF1e-2_25x/TF1e-2_25x.rep1.bam.bai
[W::hts_idx_load3] The index file is older than the data file: /bip7_disk/pingting114/mixed_bam/COLO829_PAO/TF1e-2_25x/TF1e-2_25x.rep1.bam.bai
[W::hts_idx_load3] The index file is older than the data file: /bip7_disk/pingting114/mixed_bam/COLO829_PAO/TF1e-2_25x/TF1e-2_25x.rep1.bam.bai
[W::hts_idx_load3] The index file is older than the data file: /bip7_disk/pingting114/mixed_bam/COLO829_PAO/TF1e-2_25x/TF1e-2_25x.rep1.bam.bai
[W::hts_idx_load3] The index file is older than the data file: /bip7_disk/pingting114/mixed_bam/COLO829_PAO/TF1e-2_25x/TF1e-2_25x.rep1.bam.bai
[W::hts_idx_load3] The index file is older than the data file: /bip7_disk/pingting114/mixed_bam/COLO829_PAO/TF1e-2_25x/TF1e-2_25x.rep1.bam.bai
[W::hts_idx_load3] The index file is older than the data file: /bip7_disk/pingting114/mixed_bam/COLO829_PAO/TF1e-2_25x/TF1e-2_25x.rep1.bam.bai
[W::hts_idx_load3] The index file is older than the data file: /bip7_disk/pingting114/mixed_bam/COLO829_PAO/TF1e-2_25x/TF1e-2_25x.rep1.bam.bai
[W::bam_next_basemod] MM tag refers to bases beyond sequence length
[W::hts_idx_load3] The index file is older than the data file: /bip7_disk/pingting114/mixed_bam/COLO829_PAO/TF1e-2_25x/TF1e-2_25x.rep1.bam.bai
[W::hts_idx_load3] The index file is older than the data file: /bip7_disk/pingting114/mixed_bam/COLO829_PAO/TF1e-2_25x/TF1e-2_25x.rep1.bam.bai
  TF1e-2_25x.rep1.bam cand 3500/4000
[W::hts_idx_load3] The index file is older than the data file: /bip7_disk/pingting114/mixed_bam/COLO829_PAO/TF1e-2_25x/TF1e-2_25x.rep1.bam.bai
[W::hts_idx_load3] The index file is older than the data file: /bip7_disk/pingting114/mixed_bam/COLO829_PAO/TF1e-2_25x/TF1e-2_25x.rep1.bam.bai
[W::hts_idx_load3] The index file is older than the data file: /bip7_disk/pingting114/mixed_bam/COLO829_PAO/TF1e-2_25x/TF1e-2_25x.rep1.bam.bai
[W::hts_idx_load3] The index file is older than the data file: /bip7_disk/pingting114/mixed_bam/COLO829_PAO/TF1e-2_25x/TF1e-2_25x.rep1.bam.bai
[W::hts_idx_load3] The index file is older than the data file: /bip7_disk/pingting114/mixed_bam/COLO829_PAO/TF1e-2_25x/TF1e-2_25x.rep1.bam.bai
[W::hts_idx_load3] The index file is older than the data file: /bip7_disk/pingting114/mixed_bam/COLO829_PAO/TF1e-2_25x/TF1e-2_25x.rep1.bam.bai
[W::hts_idx_load3] The index file is older than the data file: /bip7_disk/pingting114/mixed_bam/COLO829_PAO/TF1e-2_25x/TF1e-2_25x.rep1.bam.bai
[W::hts_idx_load3] The index file is older than the data file: /bip7_disk/pingting114/mixed_bam/COLO829_PAO/TF1e-2_25x/TF1e-2_25x.rep1.bam.bai
[W::hts_idx_load3] The index file is older than the data file: /bip7_disk/pingting114/mixed_bam/COLO829_PAO/TF1e-2_25x/TF1e-2_25x.rep1.bam.bai
[W::hts_idx_load3] The index file is older than the data file: /bip7_disk/pingting114/mixed_bam/COLO829_PAO/TF1e-2_25x/TF1e-2_25x.rep1.bam.bai
[W::hts_idx_load3] The index file is older than the data file: /bip7_disk/pingting114/mixed_bam/COLO829_PAO/TF1e-2_25x/TF1e-2_25x.rep1.bam.bai
[W::hts_idx_load3] The index file is older than the data file: /bip7_disk/pingting114/mixed_bam/COLO829_PAO/TF1e-2_25x/TF1e-2_25x.rep1.bam.bai
[W::hts_idx_load3] The index file is older than the data file: /bip7_disk/pingting114/mixed_bam/COLO829_PAO/TF1e-2_25x/TF1e-2_25x.rep1.bam.bai
[W::hts_idx_load3] The index file is older than the data file: /bip7_disk/pingting114/mixed_bam/COLO829_PAO/TF1e-2_25x/TF1e-2_25x.rep1.bam.bai
[W::hts_idx_load3] The index file is older than the data file: /bip7_disk/pingting114/mixed_bam/COLO829_PAO/TF1e-2_25x/TF1e-2_25x.rep1.bam.bai
[W::hts_idx_load3] The index file is older than the data file: /bip7_disk/pingting114/mixed_bam/COLO829_PAO/TF1e-2_25x/TF1e-2_25x.rep1.bam.bai
[E::bam_parse_basemod2] 19348f4c-e0c9-45e2-9f8c-203e80b961d7: MM tag refers to bases beyond sequence length
[W::hts_idx_load3] The index file is older than the data file: /bip7_disk/pingting114/mixed_bam/COLO829_PAO/TF1e-2_25x/TF1e-2_25x.rep1.bam.bai
[W::bam_next_basemod] MM tag refers to bases beyond sequence length
[W::hts_idx_load3] The index file is older than the data file: /bip7_disk/pingting114/mixed_bam/COLO829_PAO/TF1e-2_25x/TF1e-2_25x.rep1.bam.bai
[W::hts_idx_load3] The index file is older than the data file: /bip7_disk/pingting114/mixed_bam/COLO829_PAO/TF1e-2_25x/TF1e-2_25x.rep1.bam.bai
[W::hts_idx_load3] The index file is older than the data file: /bip7_disk/pingting114/mixed_bam/COLO829_PAO/TF1e-2_25x/TF1e-2_25x.rep1.bam.bai
[W::hts_idx_load3] The index file is older than the data file: /bip7_disk/pingting114/mixed_bam/COLO829_PAO/TF1e-2_25x/TF1e-2_25x.rep1.bam.bai
[W::hts_idx_load3] The index file is older than the data file: /bip7_disk/pingting114/mixed_bam/COLO829_PAO/TF1e-2_25x/TF1e-2_25x.rep1.bam.bai
[W::bam_next_basemod] MM tag refers to bases beyond sequence length
[W::hts_idx_load3] The index file is older than the data file: /bip7_disk/pingting114/mixed_bam/COLO829_PAO/TF1e-2_25x/TF1e-2_25x.rep1.bam.bai
[E::bam_parse_basemod2] f55358f0-c558-4f8f-afed-b34c69d79ade: MM tag refers to bases beyond sequence length
[W::hts_idx_load3] The index file is older than the data file: /bip7_disk/pingting114/mixed_bam/COLO829_PAO/TF1e-2_25x/TF1e-2_25x.rep1.bam.bai
[W::hts_idx_load3] The index file is older than the data file: /bip7_disk/pingting114/mixed_bam/COLO829_PAO/TF1e-2_25x/TF1e-2_25x.rep1.bam.bai
[W::hts_idx_load3] The index file is older than the data file: /bip7_disk/pingting114/mixed_bam/COLO829_PAO/TF1e-2_25x/TF1e-2_25x.rep1.bam.bai
[W::hts_idx_load3] The index file is older than the data file: /bip7_disk/pingting114/mixed_bam/COLO829_PAO/TF1e-2_25x/TF1e-2_25x.rep1.bam.bai
[W::hts_idx_load3] The index file is older than the data file: /bip7_disk/pingting114/mixed_bam/COLO829_PAO/TF1e-2_25x/TF1e-2_25x.rep1.bam.bai
[W::hts_idx_load3] The index file is older than the data file: /bip7_disk/pingting114/mixed_bam/COLO829_PAO/TF1e-2_25x/TF1e-2_25x.rep1.bam.bai
[W::hts_idx_load3] The index file is older than the data file: /bip7_disk/pingting114/mixed_bam/COLO829_PAO/TF1e-2_25x/TF1e-2_25x.rep1.bam.bai
[W::hts_idx_load3] The index file is older than the data file: /bip7_disk/pingting114/mixed_bam/COLO829_PAO/TF1e-2_25x/TF1e-2_25x.rep1.bam.bai
[W::hts_idx_load3] The index file is older than the data file: /bip7_disk/pingting114/mixed_bam/COLO829_PAO/TF1e-2_25x/TF1e-2_25x.rep1.bam.bai
[W::hts_idx_load3] The index file is older than the data file: /bip7_disk/pingting114/mixed_bam/COLO829_PAO/TF1e-2_25x/TF1e-2_25x.rep1.bam.bai
[W::hts_idx_load3] The index file is older than the data file: /bip7_disk/pingting114/mixed_bam/COLO829_PAO/TF1e-2_25x/TF1e-2_25x.rep1.bam.bai
[W::hts_idx_load3] The index file is older than the data file: /bip7_disk/pingting114/mixed_bam/COLO829_PAO/TF1e-2_25x/TF1e-2_25x.rep1.bam.bai
[W::bam_next_basemod] MM tag refers to bases beyond sequence length
[W::hts_idx_load3] The index file is older than the data file: /bip7_disk/pingting114/mixed_bam/COLO829_PAO/TF1e-2_25x/TF1e-2_25x.rep1.bam.bai
[W::hts_idx_load3] The index file is older than the data file: /bip7_disk/pingting114/mixed_bam/COLO829_PAO/TF1e-2_25x/TF1e-2_25x.rep1.bam.bai
[W::hts_idx_load3] The index file is older than the data file: /bip7_disk/pingting114/mixed_bam/COLO829_PAO/TF1e-2_25x/TF1e-2_25x.rep1.bam.bai
[W::hts_idx_load3] The index file is older than the data file: /bip7_disk/pingting114/mixed_bam/COLO829_PAO/TF1e-2_25x/TF1e-2_25x.rep1.bam.bai
[W::bam_next_basemod] MM tag refers to bases beyond sequence length
[W::hts_idx_load3] The index file is older than the data file: /bip7_disk/pingting114/mixed_bam/COLO829_PAO/TF1e-2_25x/TF1e-2_25x.rep1.bam.bai
[E::bam_parse_basemod2] afb509e5-9dba-4eae-9c87-061e7f4f580b: MM tag refers to bases beyond sequence length
[W::hts_idx_load3] The index file is older than the data file: /bip7_disk/pingting114/mixed_bam/COLO829_PAO/TF1e-2_25x/TF1e-2_25x.rep1.bam.bai
[W::hts_idx_load3] The index file is older than the data file: /bip7_disk/pingting114/mixed_bam/COLO829_PAO/TF1e-2_25x/TF1e-2_25x.rep1.bam.bai
[W::hts_idx_load3] The index file is older than the data file: /bip7_disk/pingting114/mixed_bam/COLO829_PAO/TF1e-2_25x/TF1e-2_25x.rep1.bam.bai
[E::bam_parse_basemod2] b5abcd7a-943e-4811-9a4e-981319919fc1: MM tag refers to bases beyond sequence length
[W::hts_idx_load3] The index file is older than the data file: /bip7_disk/pingting114/mixed_bam/COLO829_PAO/TF1e-2_25x/TF1e-2_25x.rep1.bam.bai
[W::hts_idx_load3] The index file is older than the data file: /bip7_disk/pingting114/mixed_bam/COLO829_PAO/TF1e-2_25x/TF1e-2_25x.rep1.bam.bai
[W::hts_idx_load3] The index file is older than the data file: /bip7_disk/pingting114/mixed_bam/COLO829_PAO/TF1e-2_25x/TF1e-2_25x.rep1.bam.bai
[W::bam_next_basemod] MM tag refers to bases beyond sequence length
[W::hts_idx_load3] The index file is older than the data file: /bip7_disk/pingting114/mixed_bam/COLO829_PAO/TF1e-2_25x/TF1e-2_25x.rep1.bam.bai
[W::bam_next_basemod] MM tag refers to bases beyond sequence length
[W::hts_idx_load3] The index file is older than the data file: /bip7_disk/pingting114/mixed_bam/COLO829_PAO/TF1e-2_25x/TF1e-2_25x.rep1.bam.bai
[W::hts_idx_load3] The index file is older than the data file: /bip7_disk/pingting114/mixed_bam/COLO829_PAO/TF1e-2_25x/TF1e-2_25x.rep1.bam.bai
[W::hts_idx_load3] The index file is older than the data file: /bip7_disk/pingting114/mixed_bam/COLO829_PAO/TF1e-2_25x/TF1e-2_25x.rep1.bam.bai
[W::hts_idx_load3] The index file is older than the data file: /bip7_disk/pingting114/mixed_bam/COLO829_PAO/TF1e-2_25x/TF1e-2_25x.rep1.bam.bai
[W::hts_idx_load3] The index file is older than the data file: /bip7_disk/pingting114/mixed_bam/COLO829_PAO/TF1e-2_25x/TF1e-2_25x.rep1.bam.bai
[W::hts_idx_load3] The index file is older than the data file: /bip7_disk/pingting114/mixed_bam/COLO829_PAO/TF1e-2_25x/TF1e-2_25x.rep1.bam.bai
[W::hts_idx_load3] The index file is older than the data file: /bip7_disk/pingting114/mixed_bam/COLO829_PAO/TF1e-2_25x/TF1e-2_25x.rep1.bam.bai
[W::hts_idx_load3] The index file is older than the data file: /bip7_disk/pingting114/mixed_bam/COLO829_PAO/TF1e-2_25x/TF1e-2_25x.rep1.bam.bai
[W::hts_idx_load3] The index file is older than the data file: /bip7_disk/pingting114/mixed_bam/COLO829_PAO/TF1e-2_25x/TF1e-2_25x.rep1.bam.bai
[W::hts_idx_load3] The index file is older than the data file: /bip7_disk/pingting114/mixed_bam/COLO829_PAO/TF1e-2_25x/TF1e-2_25x.rep1.bam.bai
[W::hts_idx_load3] The index file is older than the data file: /bip7_disk/pingting114/mixed_bam/COLO829_PAO/TF1e-2_25x/TF1e-2_25x.rep1.bam.bai
[W::hts_idx_load3] The index file is older than the data file: /bip7_disk/pingting114/mixed_bam/COLO829_PAO/TF1e-2_25x/TF1e-2_25x.rep1.bam.bai
[W::hts_idx_load3] The index file is older than the data file: /bip7_disk/pingting114/mixed_bam/COLO829_PAO/TF1e-2_25x/TF1e-2_25x.rep1.bam.bai
[W::hts_idx_load3] The index file is older than the data file: /bip7_disk/pingting114/mixed_bam/COLO829_PAO/TF1e-2_25x/TF1e-2_25x.rep1.bam.bai
[W::hts_idx_load3] The index file is older than the data file: /bip7_disk/pingting114/mixed_bam/COLO829_PAO/TF1e-2_25x/TF1e-2_25x.rep1.bam.bai
[W::bam_next_basemod] MM tag refers to bases beyond sequence length
[W::hts_idx_load3] The index file is older than the data file: /bip7_disk/pingting114/mixed_bam/COLO829_PAO/TF1e-2_25x/TF1e-2_25x.rep1.bam.bai
[W::bam_next_basemod] MM tag refers to bases beyond sequence length
[E::bam_parse_basemod2] fb5625a9-5dba-4c4f-bbad-bc02aa31b8a0: MM tag refers to bases beyond sequence length
[W::hts_idx_load3] The index file is older than the data file: /bip7_disk/pingting114/mixed_bam/COLO829_PAO/TF1e-2_25x/TF1e-2_25x.rep1.bam.bai
[E::bam_parse_basemod2] 087c37de-b60f-45c3-ae7b-6bd4fefb82df: MM tag refers to bases beyond sequence length
[E::bam_parse_basemod2] b9a34868-87b2-4418-bf34-d35a342c15e3: MM tag refers to bases beyond sequence length
[W::hts_idx_load3] The index file is older than the data file: /bip7_disk/pingting114/mixed_bam/COLO829_PAO/TF1e-2_25x/TF1e-2_25x.rep1.bam.bai
[E::bam_parse_basemod2] 2e8a631c-f2fe-461d-82ad-52cb0f56a374: MM tag refers to bases beyond sequence length
[E::bam_parse_basemod2] 7f788fc6-a217-4b91-bfc5-3d47f2facb47: MM tag refers to bases beyond sequence length
[W::hts_idx_load3] The index file is older than the data file: /bip7_disk/pingting114/mixed_bam/COLO829_PAO/TF1e-2_25x/TF1e-2_25x.rep1.bam.bai
[W::hts_idx_load3] The index file is older than the data file: /bip7_disk/pingting114/mixed_bam/COLO829_PAO/TF1e-2_25x/TF1e-2_25x.rep1.bam.bai
[W::hts_idx_load3] The index file is older than the data file: /bip7_disk/pingting114/mixed_bam/COLO829_PAO/TF1e-2_25x/TF1e-2_25x.rep1.bam.bai
[W::hts_idx_load3] The index file is older than the data file: /bip7_disk/pingting114/mixed_bam/COLO829_PAO/TF1e-2_25x/TF1e-2_25x.rep1.bam.bai
[E::bam_parse_basemod2] 38ea1153-91e7-401d-9f62-6f5203e28c83: MM tag refers to bases beyond sequence length
[W::bam_next_basemod] MM tag refers to bases beyond sequence length
[W::hts_idx_load3] The index file is older than the data file: /bip7_disk/pingting114/mixed_bam/COLO829_PAO/TF1e-2_25x/TF1e-2_25x.rep1.bam.bai
[E::bam_parse_basemod2] f9530849-8a92-4ae5-8b36-534b1004e66d: MM tag refers to bases beyond sequence length
[W::hts_idx_load3] The index file is older than the data file: /bip7_disk/pingting114/mixed_bam/COLO829_PAO/TF1e-2_25x/TF1e-2_25x.rep1.bam.bai
[W::hts_idx_load3] The index file is older than the data file: /bip7_disk/pingting114/mixed_bam/COLO829_PAO/TF1e-2_25x/TF1e-2_25x.rep1.bam.bai
[W::hts_idx_load3] The index file is older than the data file: /bip7_disk/pingting114/mixed_bam/COLO829_PAO/TF1e-2_25x/TF1e-2_25x.rep1.bam.bai
[W::hts_idx_load3] The index file is older than the data file: /bip7_disk/pingting114/mixed_bam/COLO829_PAO/TF1e-2_25x/TF1e-2_25x.rep1.bam.bai
[W::hts_idx_load3] The index file is older than the data file: /bip7_disk/pingting114/mixed_bam/COLO829_PAO/TF1e-2_25x/TF1e-2_25x.rep1.bam.bai
[W::hts_idx_load3] The index file is older than the data file: /bip7_disk/pingting114/mixed_bam/COLO829_PAO/TF1e-2_25x/TF1e-2_25x.rep1.bam.bai
[W::hts_idx_load3] The index file is older than the data file: /bip7_disk/pingting114/mixed_bam/COLO829_PAO/TF1e-2_25x/TF1e-2_25x.rep1.bam.bai
[W::bam_next_basemod] MM tag refers to bases beyond sequence length
[W::hts_idx_load3] The index file is older than the data file: /bip7_disk/pingting114/mixed_bam/COLO829_PAO/TF1e-2_25x/TF1e-2_25x.rep1.bam.bai
[W::bam_next_basemod] MM tag refers to bases beyond sequence length
[E::bam_parse_basemod2] 5d86622e-724e-4f84-8ebe-322a54320f0d: MM tag refers to bases beyond sequence length
[W::hts_idx_load3] The index file is older than the data file: /bip7_disk/pingting114/mixed_bam/COLO829_PAO/TF1e-2_25x/TF1e-2_25x.rep1.bam.bai
[W::hts_idx_load3] The index file is older than the data file: /bip7_disk/pingting114/mixed_bam/COLO829_PAO/TF1e-2_25x/TF1e-2_25x.rep1.bam.bai
[W::hts_idx_load3] The index file is older than the data file: /bip7_disk/pingting114/mixed_bam/COLO829_PAO/TF1e-2_25x/TF1e-2_25x.rep1.bam.bai
[W::bam_next_basemod] MM tag refers to bases beyond sequence length
[E::bam_parse_basemod2] 979c0979-9b41-4318-8e07-4da9c4d5f54d: MM tag refers to bases beyond sequence length
[W::hts_idx_load3] The index file is older than the data file: /bip7_disk/pingting114/mixed_bam/COLO829_PAO/TF1e-2_25x/TF1e-2_25x.rep1.bam.bai
[E::bam_parse_basemod2] 96c1ae2f-05f3-4288-b2e2-288ad2ad6853: MM tag refers to bases beyond sequence length
[W::hts_idx_load3] The index file is older than the data file: /bip7_disk/pingting114/mixed_bam/COLO829_PAO/TF1e-2_25x/TF1e-2_25x.rep1.bam.bai
[W::hts_idx_load3] The index file is older than the data file: /bip7_disk/pingting114/mixed_bam/COLO829_PAO/TF1e-2_25x/TF1e-2_25x.rep1.bam.bai
[W::hts_idx_load3] The index file is older than the data file: /bip7_disk/pingting114/mixed_bam/COLO829_PAO/TF1e-2_25x/TF1e-2_25x.rep1.bam.bai
[W::hts_idx_load3] The index file is older than the data file: /bip7_disk/pingting114/mixed_bam/COLO829_PAO/TF1e-2_25x/TF1e-2_25x.rep1.bam.bai
[W::hts_idx_load3] The index file is older than the data file: /bip7_disk/pingting114/mixed_bam/COLO829_PAO/TF1e-2_25x/TF1e-2_25x.rep1.bam.bai
[E::bam_parse_basemod2] 6c63ad9a-e278-4efa-b574-98119fb03748: MM tag refers to bases beyond sequence length
[W::hts_idx_load3] The index file is older than the data file: /bip7_disk/pingting114/mixed_bam/COLO829_PAO/TF1e-2_25x/TF1e-2_25x.rep1.bam.bai
[W::hts_idx_load3] The index file is older than the data file: /bip7_disk/pingting114/mixed_bam/COLO829_PAO/TF1e-2_25x/TF1e-2_25x.rep1.bam.bai
[W::hts_idx_load3] The index file is older than the data file: /bip7_disk/pingting114/mixed_bam/COLO829_PAO/TF1e-2_25x/TF1e-2_25x.rep1.bam.bai
[W::hts_idx_load3] The index file is older than the data file: /bip7_disk/pingting114/mixed_bam/COLO829_PAO/TF1e-2_25x/TF1e-2_25x.rep1.bam.bai
[W::hts_idx_load3] The index file is older than the data file: /bip7_disk/pingting114/mixed_bam/COLO829_PAO/TF1e-2_25x/TF1e-2_25x.rep1.bam.bai
[W::hts_idx_load3] The index file is older than the data file: /bip7_disk/pingting114/mixed_bam/COLO829_PAO/TF1e-2_25x/TF1e-2_25x.rep1.bam.bai
[W::bam_next_basemod] MM tag refers to bases beyond sequence length
[W::hts_idx_load3] The index file is older than the data file: /bip7_disk/pingting114/mixed_bam/COLO829_PAO/TF1e-2_25x/TF1e-2_25x.rep1.bam.bai
[W::hts_idx_load3] The index file is older than the data file: /bip7_disk/pingting114/mixed_bam/COLO829_PAO/TF1e-2_25x/TF1e-2_25x.rep1.bam.bai
[W::hts_idx_load3] The index file is older than the data file: /bip7_disk/pingting114/mixed_bam/COLO829_PAO/TF1e-2_25x/TF1e-2_25x.rep1.bam.bai
[W::hts_idx_load3] The index file is older than the data file: /bip7_disk/pingting114/mixed_bam/COLO829_PAO/TF1e-2_25x/TF1e-2_25x.rep1.bam.bai
[W::bam_next_basemod] MM tag refers to bases beyond sequence length
[W::bam_next_basemod] MM tag refers to bases beyond sequence length
[W::hts_idx_load3] The index file is older than the data file: /bip7_disk/pingting114/mixed_bam/COLO829_PAO/TF1e-2_25x/TF1e-2_25x.rep1.bam.bai
[W::hts_idx_load3] The index file is older than the data file: /bip7_disk/pingting114/mixed_bam/COLO829_PAO/TF1e-2_25x/TF1e-2_25x.rep1.bam.bai
[W::hts_idx_load3] The index file is older than the data file: /bip7_disk/pingting114/mixed_bam/COLO829_PAO/TF1e-2_25x/TF1e-2_25x.rep1.bam.bai
[E::bam_parse_basemod2] 8acaac37-1ae9-4d87-aeab-9a147b17d949: MM tag refers to bases beyond sequence length
[W::hts_idx_load3] The index file is older than the data file: /bip7_disk/pingting114/mixed_bam/COLO829_PAO/TF1e-2_25x/TF1e-2_25x.rep1.bam.bai
[W::hts_idx_load3] The index file is older than the data file: /bip7_disk/pingting114/mixed_bam/COLO829_PAO/TF1e-2_25x/TF1e-2_25x.rep1.bam.bai
[W::hts_idx_load3] The index file is older than the data file: /bip7_disk/pingting114/mixed_bam/COLO829_PAO/TF1e-2_25x/TF1e-2_25x.rep1.bam.bai
[W::hts_idx_load3] The index file is older than the data file: /bip7_disk/pingting114/mixed_bam/COLO829_PAO/TF1e-2_25x/TF1e-2_25x.rep1.bam.bai
[W::hts_idx_load3] The index file is older than the data file: /bip7_disk/pingting114/mixed_bam/COLO829_PAO/TF1e-2_25x/TF1e-2_25x.rep1.bam.bai
[W::hts_idx_load3] The index file is older than the data file: /bip7_disk/pingting114/mixed_bam/COLO829_PAO/TF1e-2_25x/TF1e-2_25x.rep1.bam.bai
[W::bam_next_basemod] MM tag refers to bases beyond sequence length
[W::hts_idx_load3] The index file is older than the data file: /bip7_disk/pingting114/mixed_bam/COLO829_PAO/TF1e-2_25x/TF1e-2_25x.rep1.bam.bai
[W::hts_idx_load3] The index file is older than the data file: /bip7_disk/pingting114/mixed_bam/COLO829_PAO/TF1e-2_25x/TF1e-2_25x.rep1.bam.bai
[W::hts_idx_load3] The index file is older than the data file: /bip7_disk/pingting114/mixed_bam/COLO829_PAO/TF1e-2_25x/TF1e-2_25x.rep1.bam.bai
[W::hts_idx_load3] The index file is older than the data file: /bip7_disk/pingting114/mixed_bam/COLO829_PAO/TF1e-2_25x/TF1e-2_25x.rep1.bam.bai
[W::hts_idx_load3] The index file is older than the data file: /bip7_disk/pingting114/mixed_bam/COLO829_PAO/TF1e-2_25x/TF1e-2_25x.rep1.bam.bai
[W::bam_next_basemod] MM tag refers to bases beyond sequence length
[W::hts_idx_load3] The index file is older than the data file: /bip7_disk/pingting114/mixed_bam/COLO829_PAO/TF1e-2_25x/TF1e-2_25x.rep1.bam.bai
[W::hts_idx_load3] The index file is older than the data file: /bip7_disk/pingting114/mixed_bam/COLO829_PAO/TF1e-2_25x/TF1e-2_25x.rep1.bam.bai
[W::hts_idx_load3] The index file is older than the data file: /bip7_disk/pingting114/mixed_bam/COLO829_PAO/TF1e-2_25x/TF1e-2_25x.rep1.bam.bai
[W::hts_idx_load3] The index file is older than the data file: /bip7_disk/pingting114/mixed_bam/COLO829_PAO/TF1e-2_25x/TF1e-2_25x.rep1.bam.bai
[W::bam_next_basemod] MM tag refers to bases beyond sequence length
[W::hts_idx_load3] The index file is older than the data file: /bip7_disk/pingting114/mixed_bam/COLO829_PAO/TF1e-2_25x/TF1e-2_25x.rep1.bam.bai
[W::hts_idx_load3] The index file is older than the data file: /bip7_disk/pingting114/mixed_bam/COLO829_PAO/TF1e-2_25x/TF1e-2_25x.rep1.bam.bai
[W::hts_idx_load3] The index file is older than the data file: /bip7_disk/pingting114/mixed_bam/COLO829_PAO/TF1e-2_25x/TF1e-2_25x.rep1.bam.bai
[W::bam_next_basemod] MM tag refers to bases beyond sequence length
[W::hts_idx_load3] The index file is older than the data file: /bip7_disk/pingting114/mixed_bam/COLO829_PAO/TF1e-2_25x/TF1e-2_25x.rep1.bam.bai
[E::bam_parse_basemod2] c5f9ee8a-c70a-4051-a467-614d863ada65: MM tag refers to bases beyond sequence length
[W::hts_idx_load3] The index file is older than the data file: /bip7_disk/pingting114/mixed_bam/COLO829_PAO/TF1e-2_25x/TF1e-2_25x.rep1.bam.bai
[W::hts_idx_load3] The index file is older than the data file: /bip7_disk/pingting114/mixed_bam/COLO829_PAO/TF1e-2_25x/TF1e-2_25x.rep1.bam.bai
[W::hts_idx_load3] The index file is older than the data file: /bip7_disk/pingting114/mixed_bam/COLO829_PAO/TF1e-2_25x/TF1e-2_25x.rep1.bam.bai
[E::bam_parse_basemod2] 022cb3c4-31e4-4f7a-bab5-85e7b3e2326d: MM tag refers to bases beyond sequence length
[W::hts_idx_load3] The index file is older than the data file: /bip7_disk/pingting114/mixed_bam/COLO829_PAO/TF1e-2_25x/TF1e-2_25x.rep1.bam.bai
[E::bam_parse_basemod2] e882031f-8bf7-4542-b74b-d97ddc593744: MM tag refers to bases beyond sequence length
[W::hts_idx_load3] The index file is older than the data file: /bip7_disk/pingting114/mixed_bam/COLO829_PAO/TF1e-2_25x/TF1e-2_25x.rep1.bam.bai
[W::hts_idx_load3] The index file is older than the data file: /bip7_disk/pingting114/mixed_bam/COLO829_PAO/TF1e-2_25x/TF1e-2_25x.rep1.bam.bai
[W::hts_idx_load3] The index file is older than the data file: /bip7_disk/pingting114/mixed_bam/COLO829_PAO/TF1e-2_25x/TF1e-2_25x.rep1.bam.bai
[E::bam_parse_basemod2] 8e8c615d-2d71-4423-9fb6-a91da418c675: MM tag refers to bases beyond sequence length
[W::hts_idx_load3] The index file is older than the data file: /bip7_disk/pingting114/mixed_bam/COLO829_PAO/TF1e-2_25x/TF1e-2_25x.rep1.bam.bai
[E::bam_parse_basemod2] a378a3af-1604-460a-b38e-dea1dc97110a: MM tag refers to bases beyond sequence length
[W::hts_idx_load3] The index file is older than the data file: /bip7_disk/pingting114/mixed_bam/COLO829_PAO/TF1e-2_25x/TF1e-2_25x.rep1.bam.bai
[W::hts_idx_load3] The index file is older than the data file: /bip7_disk/pingting114/mixed_bam/COLO829_PAO/TF1e-2_25x/TF1e-2_25x.rep1.bam.bai
[W::hts_idx_load3] The index file is older than the data file: /bip7_disk/pingting114/mixed_bam/COLO829_PAO/TF1e-2_25x/TF1e-2_25x.rep1.bam.bai
[W::hts_idx_load3] The index file is older than the data file: /bip7_disk/pingting114/mixed_bam/COLO829_PAO/TF1e-2_25x/TF1e-2_25x.rep1.bam.bai
[W::hts_idx_load3] The index file is older than the data file: /bip7_disk/pingting114/mixed_bam/COLO829_PAO/TF1e-2_25x/TF1e-2_25x.rep1.bam.bai
[W::hts_idx_load3] The index file is older than the data file: /bip7_disk/pingting114/mixed_bam/COLO829_PAO/TF1e-2_25x/TF1e-2_25x.rep1.bam.bai
[W::hts_idx_load3] The index file is older than the data file: /bip7_disk/pingting114/mixed_bam/COLO829_PAO/TF1e-2_25x/TF1e-2_25x.rep1.bam.bai
[E::bam_parse_basemod2] c25fa923-a53d-4f18-b6f6-34a29ca99cfd: MM tag refers to bases beyond sequence length
[W::bam_next_basemod] MM tag refers to bases beyond sequence length
[W::hts_idx_load3] The index file is older than the data file: /bip7_disk/pingting114/mixed_bam/COLO829_PAO/TF1e-2_25x/TF1e-2_25x.rep1.bam.bai
[W::hts_idx_load3] The index file is older than the data file: /bip7_disk/pingting114/mixed_bam/COLO829_PAO/TF1e-2_25x/TF1e-2_25x.rep1.bam.bai
[W::hts_idx_load3] The index file is older than the data file: /bip7_disk/pingting114/mixed_bam/COLO829_PAO/TF1e-2_25x/TF1e-2_25x.rep1.bam.bai
[W::bam_next_basemod] MM tag refers to bases beyond sequence length
[W::bam_next_basemod] MM tag refers to bases beyond sequence length
[W::hts_idx_load3] The index file is older than the data file: /bip7_disk/pingting114/mixed_bam/COLO829_PAO/TF1e-2_25x/TF1e-2_25x.rep1.bam.bai
[W::bam_next_basemod] MM tag refers to bases beyond sequence length
[W::hts_idx_load3] The index file is older than the data file: /bip7_disk/pingting114/mixed_bam/COLO829_PAO/TF1e-2_25x/TF1e-2_25x.rep1.bam.bai
[W::hts_idx_load3] The index file is older than the data file: /bip7_disk/pingting114/mixed_bam/COLO829_PAO/TF1e-2_25x/TF1e-2_25x.rep1.bam.bai
[W::bam_next_basemod] MM tag refers to bases beyond sequence length
[W::hts_idx_load3] The index file is older than the data file: /bip7_disk/pingting114/mixed_bam/COLO829_PAO/TF1e-2_25x/TF1e-2_25x.rep1.bam.bai
[W::hts_idx_load3] The index file is older than the data file: /bip7_disk/pingting114/mixed_bam/COLO829_PAO/TF1e-2_25x/TF1e-2_25x.rep1.bam.bai
[W::bam_next_basemod] MM tag refers to bases beyond sequence length
[W::hts_idx_load3] The index file is older than the data file: /bip7_disk/pingting114/mixed_bam/COLO829_PAO/TF1e-2_25x/TF1e-2_25x.rep1.bam.bai
[W::bam_next_basemod] MM tag refers to bases beyond sequence length
[W::hts_idx_load3] The index file is older than the data file: /bip7_disk/pingting114/mixed_bam/COLO829_PAO/TF1e-2_25x/TF1e-2_25x.rep1.bam.bai
[W::hts_idx_load3] The index file is older than the data file: /bip7_disk/pingting114/mixed_bam/COLO829_PAO/TF1e-2_25x/TF1e-2_25x.rep1.bam.bai
[W::hts_idx_load3] The index file is older than the data file: /bip7_disk/pingting114/mixed_bam/COLO829_PAO/TF1e-2_25x/TF1e-2_25x.rep1.bam.bai
[W::hts_idx_load3] The index file is older than the data file: /bip7_disk/pingting114/mixed_bam/COLO829_PAO/TF1e-2_25x/TF1e-2_25x.rep1.bam.bai
[E::bam_parse_basemod2] 83553df8-ea65-43b8-81d8-b66b7b2b4043: MM tag refers to bases beyond sequence length
[W::hts_idx_load3] The index file is older than the data file: /bip7_disk/pingting114/mixed_bam/COLO829_PAO/TF1e-2_25x/TF1e-2_25x.rep1.bam.bai
[W::hts_idx_load3] The index file is older than the data file: /bip7_disk/pingting114/mixed_bam/COLO829_PAO/TF1e-2_25x/TF1e-2_25x.rep1.bam.bai
[W::bam_next_basemod] MM tag refers to bases beyond sequence length
[W::hts_idx_load3] The index file is older than the data file: /bip7_disk/pingting114/mixed_bam/COLO829_PAO/TF1e-2_25x/TF1e-2_25x.rep1.bam.bai
[W::hts_idx_load3] The index file is older than the data file: /bip7_disk/pingting114/mixed_bam/COLO829_PAO/TF1e-2_25x/TF1e-2_25x.rep1.bam.bai
[W::hts_idx_load3] The index file is older than the data file: /bip7_disk/pingting114/mixed_bam/COLO829_PAO/TF1e-2_25x/TF1e-2_25x.rep1.bam.bai
[W::hts_idx_load3] The index file is older than the data file: /bip7_disk/pingting114/mixed_bam/COLO829_PAO/TF1e-2_25x/TF1e-2_25x.rep1.bam.bai
[W::bam_next_basemod] MM tag refers to bases beyond sequence length
[W::hts_idx_load3] The index file is older than the data file: /bip7_disk/pingting114/mixed_bam/COLO829_PAO/TF1e-2_25x/TF1e-2_25x.rep1.bam.bai
[W::hts_idx_load3] The index file is older than the data file: /bip7_disk/pingting114/mixed_bam/COLO829_PAO/TF1e-2_25x/TF1e-2_25x.rep1.bam.bai
[W::hts_idx_load3] The index file is older than the data file: /bip7_disk/pingting114/mixed_bam/COLO829_PAO/TF1e-2_25x/TF1e-2_25x.rep1.bam.bai
[W::hts_idx_load3] The index file is older than the data file: /bip7_disk/pingting114/mixed_bam/COLO829_PAO/TF1e-2_25x/TF1e-2_25x.rep1.bam.bai
[W::hts_idx_load3] The index file is older than the data file: /bip7_disk/pingting114/mixed_bam/COLO829_PAO/TF1e-2_25x/TF1e-2_25x.rep1.bam.bai
[W::hts_idx_load3] The index file is older than the data file: /bip7_disk/pingting114/mixed_bam/COLO829_PAO/TF1e-2_25x/TF1e-2_25x.rep1.bam.bai
[W::bam_next_basemod] MM tag refers to bases beyond sequence length
[W::hts_idx_load3] The index file is older than the data file: /bip7_disk/pingting114/mixed_bam/COLO829_PAO/TF1e-2_25x/TF1e-2_25x.rep1.bam.bai
[E::bam_parse_basemod2] abd93d87-e935-4bcb-a89c-69b7cfb5e574: MM tag refers to bases beyond sequence length
[W::hts_idx_load3] The index file is older than the data file: /bip7_disk/pingting114/mixed_bam/COLO829_PAO/TF1e-2_25x/TF1e-2_25x.rep1.bam.bai
[W::hts_idx_load3] The index file is older than the data file: /bip7_disk/pingting114/mixed_bam/COLO829_PAO/TF1e-2_25x/TF1e-2_25x.rep1.bam.bai
[W::hts_idx_load3] The index file is older than the data file: /bip7_disk/pingting114/mixed_bam/COLO829_PAO/TF1e-2_25x/TF1e-2_25x.rep1.bam.bai
[W::hts_idx_load3] The index file is older than the data file: /bip7_disk/pingting114/mixed_bam/COLO829_PAO/TF1e-2_25x/TF1e-2_25x.rep1.bam.bai
[W::hts_idx_load3] The index file is older than the data file: /bip7_disk/pingting114/mixed_bam/COLO829_PAO/TF1e-2_25x/TF1e-2_25x.rep1.bam.bai
[W::bam_next_basemod] MM tag refers to bases beyond sequence length
[W::bam_next_basemod] MM tag refers to bases beyond sequence length
[W::hts_idx_load3] The index file is older than the data file: /bip7_disk/pingting114/mixed_bam/COLO829_PAO/TF1e-2_25x/TF1e-2_25x.rep1.bam.bai
[W::hts_idx_load3] The index file is older than the data file: /bip7_disk/pingting114/mixed_bam/COLO829_PAO/TF1e-2_25x/TF1e-2_25x.rep1.bam.bai
[W::hts_idx_load3] The index file is older than the data file: /bip7_disk/pingting114/mixed_bam/COLO829_PAO/TF1e-2_25x/TF1e-2_25x.rep1.bam.bai
[W::hts_idx_load3] The index file is older than the data file: /bip7_disk/pingting114/mixed_bam/COLO829_PAO/TF1e-2_25x/TF1e-2_25x.rep1.bam.bai
[W::hts_idx_load3] The index file is older than the data file: /bip7_disk/pingting114/mixed_bam/COLO829_PAO/TF1e-2_25x/TF1e-2_25x.rep1.bam.bai
[E::bam_parse_basemod2] 7684b1a6-0f19-499c-87f5-81e38601fb12: MM tag refers to bases beyond sequence length
[W::hts_idx_load3] The index file is older than the data file: /bip7_disk/pingting114/mixed_bam/COLO829_PAO/TF1e-2_25x/TF1e-2_25x.rep1.bam.bai
[W::hts_idx_load3] The index file is older than the data file: /bip7_disk/pingting114/mixed_bam/COLO829_PAO/TF1e-2_25x/TF1e-2_25x.rep1.bam.bai
[W::hts_idx_load3] The index file is older than the data file: /bip7_disk/pingting114/mixed_bam/COLO829_PAO/TF1e-2_25x/TF1e-2_25x.rep1.bam.bai
[W::bam_next_basemod] MM tag refers to bases beyond sequence length
[W::hts_idx_load3] The index file is older than the data file: /bip7_disk/pingting114/mixed_bam/COLO829_PAO/TF1e-2_25x/TF1e-2_25x.rep1.bam.bai
[W::hts_idx_load3] The index file is older than the data file: /bip7_disk/pingting114/mixed_bam/COLO829_PAO/TF1e-2_25x/TF1e-2_25x.rep1.bam.bai
[W::hts_idx_load3] The index file is older than the data file: /bip7_disk/pingting114/mixed_bam/COLO829_PAO/TF1e-2_25x/TF1e-2_25x.rep1.bam.bai
[W::hts_idx_load3] The index file is older than the data file: /bip7_disk/pingting114/mixed_bam/COLO829_PAO/TF1e-2_25x/TF1e-2_25x.rep1.bam.bai
[W::hts_idx_load3] The index file is older than the data file: /bip7_disk/pingting114/mixed_bam/COLO829_PAO/TF1e-2_25x/TF1e-2_25x.rep1.bam.bai
[E::bam_parse_basemod2] 33b5e723-1d2a-46e2-9c80-ff5b3b3ba770: MM tag refers to bases beyond sequence length
[W::bam_next_basemod] MM tag refers to bases beyond sequence length
[W::bam_next_basemod] MM tag refers to bases beyond sequence length
[W::bam_next_basemod] MM tag refers to bases beyond sequence length
[W::hts_idx_load3] The index file is older than the data file: /bip7_disk/pingting114/mixed_bam/COLO829_PAO/TF1e-2_25x/TF1e-2_25x.rep1.bam.bai
[W::bam_next_basemod] MM tag refers to bases beyond sequence length
[W::hts_idx_load3] The index file is older than the data file: /bip7_disk/pingting114/mixed_bam/COLO829_PAO/TF1e-2_25x/TF1e-2_25x.rep1.bam.bai
[W::hts_idx_load3] The index file is older than the data file: /bip7_disk/pingting114/mixed_bam/COLO829_PAO/TF1e-2_25x/TF1e-2_25x.rep1.bam.bai
[W::hts_idx_load3] The index file is older than the data file: /bip7_disk/pingting114/mixed_bam/COLO829_PAO/TF1e-2_25x/TF1e-2_25x.rep1.bam.bai
[W::bam_next_basemod] MM tag refers to bases beyond sequence length
[W::hts_idx_load3] The index file is older than the data file: /bip7_disk/pingting114/mixed_bam/COLO829_PAO/TF1e-2_25x/TF1e-2_25x.rep1.bam.bai
[W::bam_next_basemod] MM tag refers to bases beyond sequence length
[W::hts_idx_load3] The index file is older than the data file: /bip7_disk/pingting114/mixed_bam/COLO829_PAO/TF1e-2_25x/TF1e-2_25x.rep1.bam.bai
[W::hts_idx_load3] The index file is older than the data file: /bip7_disk/pingting114/mixed_bam/COLO829_PAO/TF1e-2_25x/TF1e-2_25x.rep1.bam.bai
[W::hts_idx_load3] The index file is older than the data file: /bip7_disk/pingting114/mixed_bam/COLO829_PAO/TF1e-2_25x/TF1e-2_25x.rep1.bam.bai
[E::bam_parse_basemod2] 4c0c8413-cf07-4408-bd98-a8b9345a8a90: MM tag refers to bases beyond sequence length
[W::hts_idx_load3] The index file is older than the data file: /bip7_disk/pingting114/mixed_bam/COLO829_PAO/TF1e-2_25x/TF1e-2_25x.rep1.bam.bai
[W::hts_idx_load3] The index file is older than the data file: /bip7_disk/pingting114/mixed_bam/COLO829_PAO/TF1e-2_25x/TF1e-2_25x.rep1.bam.bai
[W::hts_idx_load3] The index file is older than the data file: /bip7_disk/pingting114/mixed_bam/COLO829_PAO/TF1e-2_25x/TF1e-2_25x.rep1.bam.bai
[W::bam_next_basemod] MM tag refers to bases beyond sequence length
[E::bam_parse_basemod2] 7b1db82f-5863-46d8-a7d5-0cc69661ea29: MM tag refers to bases beyond sequence length
[W::hts_idx_load3] The index file is older than the data file: /bip7_disk/pingting114/mixed_bam/COLO829_PAO/TF1e-2_25x/TF1e-2_25x.rep1.bam.bai
[W::hts_idx_load3] The index file is older than the data file: /bip7_disk/pingting114/mixed_bam/COLO829_PAO/TF1e-2_25x/TF1e-2_25x.rep1.bam.bai
[W::hts_idx_load3] The index file is older than the data file: /bip7_disk/pingting114/mixed_bam/COLO829_PAO/TF1e-2_25x/TF1e-2_25x.rep1.bam.bai
[W::hts_idx_load3] The index file is older than the data file: /bip7_disk/pingting114/mixed_bam/COLO829_PAO/TF1e-2_25x/TF1e-2_25x.rep1.bam.bai
[E::bam_parse_basemod2] 7f6c80c2-49d7-49c5-bdc9-76ee875d718c: MM tag refers to bases beyond sequence length
[W::hts_idx_load3] The index file is older than the data file: /bip7_disk/pingting114/mixed_bam/COLO829_PAO/TF1e-2_25x/TF1e-2_25x.rep1.bam.bai
[W::hts_idx_load3] The index file is older than the data file: /bip7_disk/pingting114/mixed_bam/COLO829_PAO/TF1e-2_25x/TF1e-2_25x.rep1.bam.bai
[W::bam_next_basemod] MM tag refers to bases beyond sequence length
[W::hts_idx_load3] The index file is older than the data file: /bip7_disk/pingting114/mixed_bam/COLO829_PAO/TF1e-2_25x/TF1e-2_25x.rep1.bam.bai
[W::hts_idx_load3] The index file is older than the data file: /bip7_disk/pingting114/mixed_bam/COLO829_PAO/TF1e-2_25x/TF1e-2_25x.rep1.bam.bai
[W::hts_idx_load3] The index file is older than the data file: /bip7_disk/pingting114/mixed_bam/COLO829_PAO/TF1e-2_25x/TF1e-2_25x.rep1.bam.bai
[W::hts_idx_load3] The index file is older than the data file: /bip7_disk/pingting114/mixed_bam/COLO829_PAO/TF1e-2_25x/TF1e-2_25x.rep1.bam.bai
[W::hts_idx_load3] The index file is older than the data file: /bip7_disk/pingting114/mixed_bam/COLO829_PAO/TF1e-2_25x/TF1e-2_25x.rep1.bam.bai
[W::hts_idx_load3] The index file is older than the data file: /bip7_disk/pingting114/mixed_bam/COLO829_PAO/TF1e-2_25x/TF1e-2_25x.rep1.bam.bai
[W::hts_idx_load3] The index file is older than the data file: /bip7_disk/pingting114/mixed_bam/COLO829_PAO/TF1e-2_25x/TF1e-2_25x.rep1.bam.bai
[W::hts_idx_load3] The index file is older than the data file: /bip7_disk/pingting114/mixed_bam/COLO829_PAO/TF1e-2_25x/TF1e-2_25x.rep1.bam.bai
[W::hts_idx_load3] The index file is older than the data file: /bip7_disk/pingting114/mixed_bam/COLO829_PAO/TF1e-2_25x/TF1e-2_25x.rep1.bam.bai
[E::bam_parse_basemod2] a4c80718-2feb-48ed-a091-4ac85191c41b: MM tag refers to bases beyond sequence length
[W::hts_idx_load3] The index file is older than the data file: /bip7_disk/pingting114/mixed_bam/COLO829_PAO/TF1e-2_25x/TF1e-2_25x.rep1.bam.bai
[E::bam_parse_basemod2] 6e3e9968-bc06-4351-9ee9-bb65c4c1316d: MM tag refers to bases beyond sequence length
[W::hts_idx_load3] The index file is older than the data file: /bip7_disk/pingting114/mixed_bam/COLO829_PAO/TF1e-2_25x/TF1e-2_25x.rep1.bam.bai
[E::bam_parse_basemod2] e0a9fd9e-2cc3-43ef-a1b7-87141ed6199f: MM tag refers to bases beyond sequence length
[W::hts_idx_load3] The index file is older than the data file: /bip7_disk/pingting114/mixed_bam/COLO829_PAO/TF1e-2_25x/TF1e-2_25x.rep1.bam.bai
[W::hts_idx_load3] The index file is older than the data file: /bip7_disk/pingting114/mixed_bam/COLO829_PAO/TF1e-2_25x/TF1e-2_25x.rep1.bam.bai
[W::hts_idx_load3] The index file is older than the data file: /bip7_disk/pingting114/mixed_bam/COLO829_PAO/TF1e-2_25x/TF1e-2_25x.rep1.bam.bai
[W::hts_idx_load3] The index file is older than the data file: /bip7_disk/pingting114/mixed_bam/COLO829_PAO/TF1e-2_25x/TF1e-2_25x.rep1.bam.bai
[W::bam_next_basemod] MM tag refers to bases beyond sequence length
[W::hts_idx_load3] The index file is older than the data file: /bip7_disk/pingting114/mixed_bam/COLO829_PAO/TF1e-2_25x/TF1e-2_25x.rep1.bam.bai
[W::hts_idx_load3] The index file is older than the data file: /bip7_disk/pingting114/mixed_bam/COLO829_PAO/TF1e-2_25x/TF1e-2_25x.rep1.bam.bai
[E::bam_parse_basemod2] 227449a3-ce79-4a7a-8684-e828b566f036: MM tag refers to bases beyond sequence length
[W::hts_idx_load3] The index file is older than the data file: /bip7_disk/pingting114/mixed_bam/COLO829_PAO/TF1e-2_25x/TF1e-2_25x.rep1.bam.bai
[W::hts_idx_load3] The index file is older than the data file: /bip7_disk/pingting114/mixed_bam/COLO829_PAO/TF1e-2_25x/TF1e-2_25x.rep1.bam.bai
[W::hts_idx_load3] The index file is older than the data file: /bip7_disk/pingting114/mixed_bam/COLO829_PAO/TF1e-2_25x/TF1e-2_25x.rep1.bam.bai
[W::hts_idx_load3] The index file is older than the data file: /bip7_disk/pingting114/mixed_bam/COLO829_PAO/TF1e-2_25x/TF1e-2_25x.rep1.bam.bai
[W::hts_idx_load3] The index file is older than the data file: /bip7_disk/pingting114/mixed_bam/COLO829_PAO/TF1e-2_25x/TF1e-2_25x.rep1.bam.bai
[W::hts_idx_load3] The index file is older than the data file: /bip7_disk/pingting114/mixed_bam/COLO829_PAO/TF1e-2_25x/TF1e-2_25x.rep1.bam.bai
[W::bam_next_basemod] MM tag refers to bases beyond sequence length
[W::hts_idx_load3] The index file is older than the data file: /bip7_disk/pingting114/mixed_bam/COLO829_PAO/TF1e-2_25x/TF1e-2_25x.rep1.bam.bai
[W::hts_idx_load3] The index file is older than the data file: /bip7_disk/pingting114/mixed_bam/COLO829_PAO/TF1e-2_25x/TF1e-2_25x.rep1.bam.bai
[W::hts_idx_load3] The index file is older than the data file: /bip7_disk/pingting114/mixed_bam/COLO829_PAO/TF1e-2_25x/TF1e-2_25x.rep1.bam.bai
[W::hts_idx_load3] The index file is older than the data file: /bip7_disk/pingting114/mixed_bam/COLO829_PAO/TF1e-2_25x/TF1e-2_25x.rep1.bam.bai
[W::hts_idx_load3] The index file is older than the data file: /bip7_disk/pingting114/mixed_bam/COLO829_PAO/TF1e-2_25x/TF1e-2_25x.rep1.bam.bai
[W::hts_idx_load3] The index file is older than the data file: /bip7_disk/pingting114/mixed_bam/COLO829_PAO/TF1e-2_25x/TF1e-2_25x.rep1.bam.bai
[W::hts_idx_load3] The index file is older than the data file: /bip7_disk/pingting114/mixed_bam/COLO829_PAO/TF1e-2_25x/TF1e-2_25x.rep1.bam.bai
[W::hts_idx_load3] The index file is older than the data file: /bip7_disk/pingting114/mixed_bam/COLO829_PAO/TF1e-2_25x/TF1e-2_25x.rep1.bam.bai
[W::hts_idx_load3] The index file is older than the data file: /bip7_disk/pingting114/mixed_bam/COLO829_PAO/TF1e-2_25x/TF1e-2_25x.rep1.bam.bai
[E::bam_parse_basemod2] 2e893d3c-a6b8-41fb-8512-b469c4539e4b: MM tag refers to bases beyond sequence length
[W::hts_idx_load3] The index file is older than the data file: /bip7_disk/pingting114/mixed_bam/COLO829_PAO/TF1e-2_25x/TF1e-2_25x.rep1.bam.bai
[W::hts_idx_load3] The index file is older than the data file: /bip7_disk/pingting114/mixed_bam/COLO829_PAO/TF1e-2_25x/TF1e-2_25x.rep1.bam.bai
[W::hts_idx_load3] The index file is older than the data file: /bip7_disk/pingting114/mixed_bam/COLO829_PAO/TF1e-2_25x/TF1e-2_25x.rep1.bam.bai
[W::hts_idx_load3] The index file is older than the data file: /bip7_disk/pingting114/mixed_bam/COLO829_PAO/TF1e-2_25x/TF1e-2_25x.rep1.bam.bai
[W::hts_idx_load3] The index file is older than the data file: /bip7_disk/pingting114/mixed_bam/COLO829_PAO/TF1e-2_25x/TF1e-2_25x.rep1.bam.bai
[E::bam_parse_basemod2] eaac9e1d-b2b7-4e0e-98a3-02c4c2afcc9b: MM tag refers to bases beyond sequence length
[W::hts_idx_load3] The index file is older than the data file: /bip7_disk/pingting114/mixed_bam/COLO829_PAO/TF1e-2_25x/TF1e-2_25x.rep1.bam.bai
[W::hts_idx_load3] The index file is older than the data file: /bip7_disk/pingting114/mixed_bam/COLO829_PAO/TF1e-2_25x/TF1e-2_25x.rep1.bam.bai
[W::hts_idx_load3] The index file is older than the data file: /bip7_disk/pingting114/mixed_bam/COLO829_PAO/TF1e-2_25x/TF1e-2_25x.rep1.bam.bai
[W::hts_idx_load3] The index file is older than the data file: /bip7_disk/pingting114/mixed_bam/COLO829_PAO/TF1e-2_25x/TF1e-2_25x.rep1.bam.bai
[W::hts_idx_load3] The index file is older than the data file: /bip7_disk/pingting114/mixed_bam/COLO829_PAO/TF1e-2_25x/TF1e-2_25x.rep1.bam.bai
[W::hts_idx_load3] The index file is older than the data file: /bip7_disk/pingting114/mixed_bam/COLO829_PAO/TF1e-2_25x/TF1e-2_25x.rep1.bam.bai
[E::bam_parse_basemod2] f74f6672-8497-4667-a123-0b9dff367434: MM tag refers to bases beyond sequence length
[W::hts_idx_load3] The index file is older than the data file: /bip7_disk/pingting114/mixed_bam/COLO829_PAO/TF1e-2_25x/TF1e-2_25x.rep1.bam.bai
[W::hts_idx_load3] The index file is older than the data file: /bip7_disk/pingting114/mixed_bam/COLO829_PAO/TF1e-2_25x/TF1e-2_25x.rep1.bam.bai
[E::bam_parse_basemod2] 8d485a97-d172-4a52-9fd2-40cf8b4e2779: MM tag refers to bases beyond sequence length
[W::bam_next_basemod] MM tag refers to bases beyond sequence length
[W::hts_idx_load3] The index file is older than the data file: /bip7_disk/pingting114/mixed_bam/COLO829_PAO/TF1e-2_25x/TF1e-2_25x.rep1.bam.bai
[W::bam_next_basemod] MM tag refers to bases beyond sequence length
[W::bam_next_basemod] MM tag refers to bases beyond sequence length
[W::hts_idx_load3] The index file is older than the data file: /bip7_disk/pingting114/mixed_bam/COLO829_PAO/TF1e-2_25x/TF1e-2_25x.rep1.bam.bai
[W::hts_idx_load3] The index file is older than the data file: /bip7_disk/pingting114/mixed_bam/COLO829_PAO/TF1e-2_25x/TF1e-2_25x.rep1.bam.bai
[E::bam_parse_basemod2] 18f95651-2fbe-4d57-b742-b0e34bc06ed1: MM tag refers to bases beyond sequence length
[E::bam_parse_basemod2] 17e9a1d4-6332-437d-9042-1fb30d880bc7: MM tag refers to bases beyond sequence length
[W::hts_idx_load3] The index file is older than the data file: /bip7_disk/pingting114/mixed_bam/COLO829_PAO/TF1e-2_25x/TF1e-2_25x.rep1.bam.bai
[E::bam_parse_basemod2] bd648a6d-fcfc-41a1-9528-18e59b55907e: MM tag refers to bases beyond sequence length
[W::bam_next_basemod] MM tag refers to bases beyond sequence length
[W::hts_idx_load3] The index file is older than the data file: /bip7_disk/pingting114/mixed_bam/COLO829_PAO/TF1e-2_25x/TF1e-2_25x.rep1.bam.bai
[W::hts_idx_load3] The index file is older than the data file: /bip7_disk/pingting114/mixed_bam/COLO829_PAO/TF1e-2_25x/TF1e-2_25x.rep1.bam.bai
[W::hts_idx_load3] The index file is older than the data file: /bip7_disk/pingting114/mixed_bam/COLO829_PAO/TF1e-2_25x/TF1e-2_25x.rep1.bam.bai
[E::bam_parse_basemod2] 41a2dc69-aa8e-4dc5-b77b-67597a62a076: MM tag refers to bases beyond sequence length
[W::bam_next_basemod] MM tag refers to bases beyond sequence length
[W::hts_idx_load3] The index file is older than the data file: /bip7_disk/pingting114/mixed_bam/COLO829_PAO/TF1e-2_25x/TF1e-2_25x.rep1.bam.bai
[W::hts_idx_load3] The index file is older than the data file: /bip7_disk/pingting114/mixed_bam/COLO829_PAO/TF1e-2_25x/TF1e-2_25x.rep1.bam.bai
[W::hts_idx_load3] The index file is older than the data file: /bip7_disk/pingting114/mixed_bam/COLO829_PAO/TF1e-2_25x/TF1e-2_25x.rep1.bam.bai
[E::bam_parse_basemod2] d769111f-e4b5-4fee-b5d4-b78402762227: MM tag refers to bases beyond sequence length
[W::bam_next_basemod] MM tag refers to bases beyond sequence length
[W::hts_idx_load3] The index file is older than the data file: /bip7_disk/pingting114/mixed_bam/COLO829_PAO/TF1e-2_25x/TF1e-2_25x.rep1.bam.bai
[W::hts_idx_load3] The index file is older than the data file: /bip7_disk/pingting114/mixed_bam/COLO829_PAO/TF1e-2_25x/TF1e-2_25x.rep1.bam.bai
[W::bam_next_basemod] MM tag refers to bases beyond sequence length
[W::hts_idx_load3] The index file is older than the data file: /bip7_disk/pingting114/mixed_bam/COLO829_PAO/TF1e-2_25x/TF1e-2_25x.rep1.bam.bai
[W::bam_next_basemod] MM tag refers to bases beyond sequence length
[W::hts_idx_load3] The index file is older than the data file: /bip7_disk/pingting114/mixed_bam/COLO829_PAO/TF1e-2_25x/TF1e-2_25x.rep1.bam.bai
[W::hts_idx_load3] The index file is older than the data file: /bip7_disk/pingting114/mixed_bam/COLO829_PAO/TF1e-2_25x/TF1e-2_25x.rep1.bam.bai
[W::hts_idx_load3] The index file is older than the data file: /bip7_disk/pingting114/mixed_bam/COLO829_PAO/TF1e-2_25x/TF1e-2_25x.rep1.bam.bai
[W::hts_idx_load3] The index file is older than the data file: /bip7_disk/pingting114/mixed_bam/COLO829_PAO/TF1e-2_25x/TF1e-2_25x.rep1.bam.bai
[W::hts_idx_load3] The index file is older than the data file: /bip7_disk/pingting114/mixed_bam/COLO829_PAO/TF1e-2_25x/TF1e-2_25x.rep1.bam.bai
[W::hts_idx_load3] The index file is older than the data file: /bip7_disk/pingting114/mixed_bam/COLO829_PAO/TF1e-2_25x/TF1e-2_25x.rep1.bam.bai
[E::bam_parse_basemod2] e3120b4e-a60e-44a3-b98f-b3ab9a665c15: MM tag refers to bases beyond sequence length
[W::hts_idx_load3] The index file is older than the data file: /bip7_disk/pingting114/mixed_bam/COLO829_PAO/TF1e-2_25x/TF1e-2_25x.rep1.bam.bai
[W::bam_next_basemod] MM tag refers to bases beyond sequence length
[W::hts_idx_load3] The index file is older than the data file: /bip7_disk/pingting114/mixed_bam/COLO829_PAO/TF1e-2_25x/TF1e-2_25x.rep1.bam.bai
[W::hts_idx_load3] The index file is older than the data file: /bip7_disk/pingting114/mixed_bam/COLO829_PAO/TF1e-2_25x/TF1e-2_25x.rep1.bam.bai
[E::bam_parse_basemod2] 9e76f0c8-e2e8-478c-a1fb-8a001ea81268: MM tag refers to bases beyond sequence length
[W::hts_idx_load3] The index file is older than the data file: /bip7_disk/pingting114/mixed_bam/COLO829_PAO/TF1e-2_25x/TF1e-2_25x.rep1.bam.bai
[W::hts_idx_load3] The index file is older than the data file: /bip7_disk/pingting114/mixed_bam/COLO829_PAO/TF1e-2_25x/TF1e-2_25x.rep1.bam.bai
[W::hts_idx_load3] The index file is older than the data file: /bip7_disk/pingting114/mixed_bam/COLO829_PAO/TF1e-2_25x/TF1e-2_25x.rep1.bam.bai
[W::bam_next_basemod] MM tag refers to bases beyond sequence length
[W::hts_idx_load3] The index file is older than the data file: /bip7_disk/pingting114/mixed_bam/COLO829_PAO/TF1e-2_25x/TF1e-2_25x.rep1.bam.bai
[W::hts_idx_load3] The index file is older than the data file: /bip7_disk/pingting114/mixed_bam/COLO829_PAO/TF1e-2_25x/TF1e-2_25x.rep1.bam.bai
[W::hts_idx_load3] The index file is older than the data file: /bip7_disk/pingting114/mixed_bam/COLO829_PAO/TF1e-2_25x/TF1e-2_25x.rep1.bam.bai
[W::hts_idx_load3] The index file is older than the data file: /bip7_disk/pingting114/mixed_bam/COLO829_PAO/TF1e-2_25x/TF1e-2_25x.rep1.bam.bai
[E::bam_parse_basemod2] 26426324-d22b-4f68-800f-39246b20f6fc: MM tag refers to bases beyond sequence length
[W::hts_idx_load3] The index file is older than the data file: /bip7_disk/pingting114/mixed_bam/COLO829_PAO/TF1e-2_25x/TF1e-2_25x.rep1.bam.bai
[W::bam_next_basemod] MM tag refers to bases beyond sequence length
[W::bam_next_basemod] MM tag refers to bases beyond sequence length
[E::bam_parse_basemod2] 27736ab0-021c-42de-b730-e64622cc8e6e: MM tag refers to bases beyond sequence length
[W::hts_idx_load3] The index file is older than the data file: /bip7_disk/pingting114/mixed_bam/COLO829_PAO/TF1e-2_25x/TF1e-2_25x.rep1.bam.bai
[E::bam_parse_basemod2] fc60d925-eada-4157-ab9b-bb795ea4926b: MM tag refers to bases beyond sequence length
[W::hts_idx_load3] The index file is older than the data file: /bip7_disk/pingting114/mixed_bam/COLO829_PAO/TF1e-2_25x/TF1e-2_25x.rep1.bam.bai
[W::bam_next_basemod] MM tag refers to bases beyond sequence length
[E::bam_parse_basemod2] 581d8d1a-d21f-4e87-b4b7-d0d2d3e1f690: MM tag refers to bases beyond sequence length
[W::hts_idx_load3] The index file is older than the data file: /bip7_disk/pingting114/mixed_bam/COLO829_PAO/TF1e-2_25x/TF1e-2_25x.rep1.bam.bai
[W::hts_idx_load3] The index file is older than the data file: /bip7_disk/pingting114/mixed_bam/COLO829_PAO/TF1e-2_25x/TF1e-2_25x.rep1.bam.bai
[W::hts_idx_load3] The index file is older than the data file: /bip7_disk/pingting114/mixed_bam/COLO829_PAO/TF1e-2_25x/TF1e-2_25x.rep1.bam.bai
[W::bam_next_basemod] MM tag refers to bases beyond sequence length
[W::hts_idx_load3] The index file is older than the data file: /bip7_disk/pingting114/mixed_bam/COLO829_PAO/TF1e-2_25x/TF1e-2_25x.rep1.bam.bai
[W::hts_idx_load3] The index file is older than the data file: /bip7_disk/pingting114/mixed_bam/COLO829_PAO/TF1e-2_25x/TF1e-2_25x.rep1.bam.bai
[W::bam_next_basemod] MM tag refers to bases beyond sequence length
[E::bam_parse_basemod2] a0296f74-edbd-48b0-b8aa-6fe98608a5e5: MM tag refers to bases beyond sequence length
[W::hts_idx_load3] The index file is older than the data file: /bip7_disk/pingting114/mixed_bam/COLO829_PAO/TF1e-2_25x/TF1e-2_25x.rep1.bam.bai
[W::hts_idx_load3] The index file is older than the data file: /bip7_disk/pingting114/mixed_bam/COLO829_PAO/TF1e-2_25x/TF1e-2_25x.rep1.bam.bai
[W::hts_idx_load3] The index file is older than the data file: /bip7_disk/pingting114/mixed_bam/COLO829_PAO/TF1e-2_25x/TF1e-2_25x.rep1.bam.bai
[W::bam_next_basemod] MM tag refers to bases beyond sequence length
[W::hts_idx_load3] The index file is older than the data file: /bip7_disk/pingting114/mixed_bam/COLO829_PAO/TF1e-2_25x/TF1e-2_25x.rep1.bam.bai
[W::hts_idx_load3] The index file is older than the data file: /bip7_disk/pingting114/mixed_bam/COLO829_PAO/TF1e-2_25x/TF1e-2_25x.rep1.bam.bai
[W::hts_idx_load3] The index file is older than the data file: /bip7_disk/pingting114/mixed_bam/COLO829_PAO/TF1e-2_25x/TF1e-2_25x.rep1.bam.bai
[W::bam_next_basemod] MM tag refers to bases beyond sequence length
[W::hts_idx_load3] The index file is older than the data file: /bip7_disk/pingting114/mixed_bam/COLO829_PAO/TF1e-2_25x/TF1e-2_25x.rep1.bam.bai
[W::hts_idx_load3] The index file is older than the data file: /bip7_disk/pingting114/mixed_bam/COLO829_PAO/TF1e-2_25x/TF1e-2_25x.rep1.bam.bai
[W::hts_idx_load3] The index file is older than the data file: /bip7_disk/pingting114/mixed_bam/COLO829_PAO/TF1e-2_25x/TF1e-2_25x.rep1.bam.bai
[W::bam_next_basemod] MM tag refers to bases beyond sequence length
[W::hts_idx_load3] The index file is older than the data file: /bip7_disk/pingting114/mixed_bam/COLO829_PAO/TF1e-2_25x/TF1e-2_25x.rep1.bam.bai
[W::bam_next_basemod] MM tag refers to bases beyond sequence length
[W::hts_idx_load3] The index file is older than the data file: /bip7_disk/pingting114/mixed_bam/COLO829_PAO/TF1e-2_25x/TF1e-2_25x.rep1.bam.bai
[W::hts_idx_load3] The index file is older than the data file: /bip7_disk/pingting114/mixed_bam/COLO829_PAO/TF1e-2_25x/TF1e-2_25x.rep1.bam.bai
[W::hts_idx_load3] The index file is older than the data file: /bip7_disk/pingting114/mixed_bam/COLO829_PAO/TF1e-2_25x/TF1e-2_25x.rep1.bam.bai
[W::hts_idx_load3] The index file is older than the data file: /bip7_disk/pingting114/mixed_bam/COLO829_PAO/TF1e-2_25x/TF1e-2_25x.rep1.bam.bai
[W::hts_idx_load3] The index file is older than the data file: /bip7_disk/pingting114/mixed_bam/COLO829_PAO/TF1e-2_25x/TF1e-2_25x.rep1.bam.bai
[W::hts_idx_load3] The index file is older than the data file: /bip7_disk/pingting114/mixed_bam/COLO829_PAO/TF1e-2_25x/TF1e-2_25x.rep1.bam.bai
[W::hts_idx_load3] The index file is older than the data file: /bip7_disk/pingting114/mixed_bam/COLO829_PAO/TF1e-2_25x/TF1e-2_25x.rep1.bam.bai
[W::hts_idx_load3] The index file is older than the data file: /bip7_disk/pingting114/mixed_bam/COLO829_PAO/TF1e-2_25x/TF1e-2_25x.rep1.bam.bai
[W::hts_idx_load3] The index file is older than the data file: /bip7_disk/pingting114/mixed_bam/COLO829_PAO/TF1e-2_25x/TF1e-2_25x.rep1.bam.bai
[W::hts_idx_load3] The index file is older than the data file: /bip7_disk/pingting114/mixed_bam/COLO829_PAO/TF1e-2_25x/TF1e-2_25x.rep1.bam.bai
[W::hts_idx_load3] The index file is older than the data file: /bip7_disk/pingting114/mixed_bam/COLO829_PAO/TF1e-2_25x/TF1e-2_25x.rep1.bam.bai
[E::bam_parse_basemod2] 498e0e05-bca6-446c-bc49-eda9dbbf750e: MM tag refers to bases beyond sequence length
[W::hts_idx_load3] The index file is older than the data file: /bip7_disk/pingting114/mixed_bam/COLO829_PAO/TF1e-2_25x/TF1e-2_25x.rep1.bam.bai
[W::hts_idx_load3] The index file is older than the data file: /bip7_disk/pingting114/mixed_bam/COLO829_PAO/TF1e-2_25x/TF1e-2_25x.rep1.bam.bai
[W::bam_next_basemod] MM tag refers to bases beyond sequence length
[W::hts_idx_load3] The index file is older than the data file: /bip7_disk/pingting114/mixed_bam/COLO829_PAO/TF1e-2_25x/TF1e-2_25x.rep1.bam.bai
[W::hts_idx_load3] The index file is older than the data file: /bip7_disk/pingting114/mixed_bam/COLO829_PAO/TF1e-2_25x/TF1e-2_25x.rep1.bam.bai
[W::hts_idx_load3] The index file is older than the data file: /bip7_disk/pingting114/mixed_bam/COLO829_PAO/TF1e-2_25x/TF1e-2_25x.rep1.bam.bai
[E::bam_parse_basemod2] ea68b167-271c-4215-95a2-51eb7e253310: MM tag refers to bases beyond sequence length
[W::bam_next_basemod] MM tag refers to bases beyond sequence length
[W::hts_idx_load3] The index file is older than the data file: /bip7_disk/pingting114/mixed_bam/COLO829_PAO/TF1e-2_25x/TF1e-2_25x.rep1.bam.bai
[E::bam_parse_basemod2] 696fcfb3-49da-4ee3-8e28-2a7e10557ca8: MM tag refers to bases beyond sequence length
[W::hts_idx_load3] The index file is older than the data file: /bip7_disk/pingting114/mixed_bam/COLO829_PAO/TF1e-2_25x/TF1e-2_25x.rep1.bam.bai
[E::bam_parse_basemod2] a5822348-541e-4b9e-bfd3-3bf8369d3aa5: MM tag refers to bases beyond sequence length
[W::hts_idx_load3] The index file is older than the data file: /bip7_disk/pingting114/mixed_bam/COLO829_PAO/TF1e-2_25x/TF1e-2_25x.rep1.bam.bai
[W::hts_idx_load3] The index file is older than the data file: /bip7_disk/pingting114/mixed_bam/COLO829_PAO/TF1e-2_25x/TF1e-2_25x.rep1.bam.bai
[W::bam_next_basemod] MM tag refers to bases beyond sequence length
[W::hts_idx_load3] The index file is older than the data file: /bip7_disk/pingting114/mixed_bam/COLO829_PAO/TF1e-2_25x/TF1e-2_25x.rep1.bam.bai
[W::hts_idx_load3] The index file is older than the data file: /bip7_disk/pingting114/mixed_bam/COLO829_PAO/TF1e-2_25x/TF1e-2_25x.rep1.bam.bai
[W::hts_idx_load3] The index file is older than the data file: /bip7_disk/pingting114/mixed_bam/COLO829_PAO/TF1e-2_25x/TF1e-2_25x.rep1.bam.bai
[W::hts_idx_load3] The index file is older than the data file: /bip7_disk/pingting114/mixed_bam/COLO829_PAO/TF1e-2_25x/TF1e-2_25x.rep1.bam.bai
[W::hts_idx_load3] The index file is older than the data file: /bip7_disk/pingting114/mixed_bam/COLO829_PAO/TF1e-2_25x/TF1e-2_25x.rep1.bam.bai
[W::bam_next_basemod] MM tag refers to bases beyond sequence length
[W::hts_idx_load3] The index file is older than the data file: /bip7_disk/pingting114/mixed_bam/COLO829_PAO/TF1e-2_25x/TF1e-2_25x.rep1.bam.bai
[W::hts_idx_load3] The index file is older than the data file: /bip7_disk/pingting114/mixed_bam/COLO829_PAO/TF1e-2_25x/TF1e-2_25x.rep1.bam.bai
[W::bam_next_basemod] MM tag refers to bases beyond sequence length
[W::hts_idx_load3] The index file is older than the data file: /bip7_disk/pingting114/mixed_bam/COLO829_PAO/TF1e-2_25x/TF1e-2_25x.rep1.bam.bai
[W::hts_idx_load3] The index file is older than the data file: /bip7_disk/pingting114/mixed_bam/COLO829_PAO/TF1e-2_25x/TF1e-2_25x.rep1.bam.bai
[W::bam_next_basemod] MM tag refers to bases beyond sequence length
[W::bam_next_basemod] MM tag refers to bases beyond sequence length
[W::hts_idx_load3] The index file is older than the data file: /bip7_disk/pingting114/mixed_bam/COLO829_PAO/TF1e-2_25x/TF1e-2_25x.rep1.bam.bai
[W::bam_next_basemod] MM tag refers to bases beyond sequence length
[W::hts_idx_load3] The index file is older than the data file: /bip7_disk/pingting114/mixed_bam/COLO829_PAO/TF1e-2_25x/TF1e-2_25x.rep1.bam.bai
[E::bam_parse_basemod2] 2f33726f-79b0-4031-91e6-d9f2c71feb4b: MM tag refers to bases beyond sequence length
[W::bam_next_basemod] MM tag refers to bases beyond sequence length
[W::hts_idx_load3] The index file is older than the data file: /bip7_disk/pingting114/mixed_bam/COLO829_PAO/TF1e-2_25x/TF1e-2_25x.rep1.bam.bai
[W::hts_idx_load3] The index file is older than the data file: /bip7_disk/pingting114/mixed_bam/COLO829_PAO/TF1e-2_25x/TF1e-2_25x.rep1.bam.bai
[W::hts_idx_load3] The index file is older than the data file: /bip7_disk/pingting114/mixed_bam/COLO829_PAO/TF1e-2_25x/TF1e-2_25x.rep1.bam.bai
[W::hts_idx_load3] The index file is older than the data file: /bip7_disk/pingting114/mixed_bam/COLO829_PAO/TF1e-2_25x/TF1e-2_25x.rep1.bam.bai
[E::bam_parse_basemod2] 2841e574-c1f7-499a-bdae-5fb9f172ee83: MM tag refers to bases beyond sequence length
[W::hts_idx_load3] The index file is older than the data file: /bip7_disk/pingting114/mixed_bam/COLO829_PAO/TF1e-2_25x/TF1e-2_25x.rep1.bam.bai
[W::bam_next_basemod] MM tag refers to bases beyond sequence length
[W::bam_next_basemod] MM tag refers to bases beyond sequence length
[E::bam_parse_basemod2] 6b6afedd-8963-4d87-9f61-fb773e8c5e18: MM tag refers to bases beyond sequence length
[W::hts_idx_load3] The index file is older than the data file: /bip7_disk/pingting114/mixed_bam/COLO829_PAO/TF1e-2_25x/TF1e-2_25x.rep1.bam.bai
[W::hts_idx_load3] The index file is older than the data file: /bip7_disk/pingting114/mixed_bam/COLO829_PAO/TF1e-2_25x/TF1e-2_25x.rep1.bam.bai
[W::bam_next_basemod] MM tag refers to bases beyond sequence length
[W::hts_idx_load3] The index file is older than the data file: /bip7_disk/pingting114/mixed_bam/COLO829_PAO/TF1e-2_25x/TF1e-2_25x.rep1.bam.bai
[W::hts_idx_load3] The index file is older than the data file: /bip7_disk/pingting114/mixed_bam/COLO829_PAO/TF1e-2_25x/TF1e-2_25x.rep1.bam.bai
[W::hts_idx_load3] The index file is older than the data file: /bip7_disk/pingting114/mixed_bam/COLO829_PAO/TF1e-2_25x/TF1e-2_25x.rep1.bam.bai
[W::bam_next_basemod] MM tag refers to bases beyond sequence length
[W::hts_idx_load3] The index file is older than the data file: /bip7_disk/pingting114/mixed_bam/COLO829_PAO/TF1e-2_25x/TF1e-2_25x.rep1.bam.bai
[W::bam_next_basemod] MM tag refers to bases beyond sequence length
[W::hts_idx_load3] The index file is older than the data file: /bip7_disk/pingting114/mixed_bam/COLO829_PAO/TF1e-2_25x/TF1e-2_25x.rep1.bam.bai
[W::hts_idx_load3] The index file is older than the data file: /bip7_disk/pingting114/mixed_bam/COLO829_PAO/TF1e-2_25x/TF1e-2_25x.rep1.bam.bai
[W::hts_idx_load3] The index file is older than the data file: /bip7_disk/pingting114/mixed_bam/COLO829_PAO/TF1e-2_25x/TF1e-2_25x.rep1.bam.bai
[E::bam_parse_basemod2] ec263b30-fc29-4ce5-8678-0ccfc8ead950: MM tag refers to bases beyond sequence length
[W::hts_idx_load3] The index file is older than the data file: /bip7_disk/pingting114/mixed_bam/COLO829_PAO/TF1e-2_25x/TF1e-2_25x.rep1.bam.bai
[W::hts_idx_load3] The index file is older than the data file: /bip7_disk/pingting114/mixed_bam/COLO829_PAO/TF1e-2_25x/TF1e-2_25x.rep1.bam.bai
[W::hts_idx_load3] The index file is older than the data file: /bip7_disk/pingting114/mixed_bam/COLO829_PAO/TF1e-2_25x/TF1e-2_25x.rep1.bam.bai
[W::hts_idx_load3] The index file is older than the data file: /bip7_disk/pingting114/mixed_bam/COLO829_PAO/TF1e-2_25x/TF1e-2_25x.rep1.bam.bai
[W::hts_idx_load3] The index file is older than the data file: /bip7_disk/pingting114/mixed_bam/COLO829_PAO/TF1e-2_25x/TF1e-2_25x.rep1.bam.bai
[W::bam_next_basemod] MM tag refers to bases beyond sequence length
[W::hts_idx_load3] The index file is older than the data file: /bip7_disk/pingting114/mixed_bam/COLO829_PAO/TF1e-2_25x/TF1e-2_25x.rep1.bam.bai
[W::bam_next_basemod] MM tag refers to bases beyond sequence length
[W::hts_idx_load3] The index file is older than the data file: /bip7_disk/pingting114/mixed_bam/COLO829_PAO/TF1e-2_25x/TF1e-2_25x.rep1.bam.bai
[W::hts_idx_load3] The index file is older than the data file: /bip7_disk/pingting114/mixed_bam/COLO829_PAO/TF1e-2_25x/TF1e-2_25x.rep1.bam.bai
[W::hts_idx_load3] The index file is older than the data file: /bip7_disk/pingting114/mixed_bam/COLO829_PAO/TF1e-2_25x/TF1e-2_25x.rep1.bam.bai
[W::hts_idx_load3] The index file is older than the data file: /bip7_disk/pingting114/mixed_bam/COLO829_PAO/TF1e-2_25x/TF1e-2_25x.rep1.bam.bai
[W::hts_idx_load3] The index file is older than the data file: /bip7_disk/pingting114/mixed_bam/COLO829_PAO/TF1e-2_25x/TF1e-2_25x.rep1.bam.bai
[W::hts_idx_load3] The index file is older than the data file: /bip7_disk/pingting114/mixed_bam/COLO829_PAO/TF1e-2_25x/TF1e-2_25x.rep1.bam.bai
[W::hts_idx_load3] The index file is older than the data file: /bip7_disk/pingting114/mixed_bam/COLO829_PAO/TF1e-2_25x/TF1e-2_25x.rep1.bam.bai
[W::hts_idx_load3] The index file is older than the data file: /bip7_disk/pingting114/mixed_bam/COLO829_PAO/TF1e-2_25x/TF1e-2_25x.rep1.bam.bai
[W::hts_idx_load3] The index file is older than the data file: /bip7_disk/pingting114/mixed_bam/COLO829_PAO/TF1e-2_25x/TF1e-2_25x.rep1.bam.bai
[W::hts_idx_load3] The index file is older than the data file: /bip7_disk/pingting114/mixed_bam/COLO829_PAO/TF1e-2_25x/TF1e-2_25x.rep1.bam.bai
[W::hts_idx_load3] The index file is older than the data file: /bip7_disk/pingting114/mixed_bam/COLO829_PAO/TF1e-2_25x/TF1e-2_25x.rep1.bam.bai
[W::hts_idx_load3] The index file is older than the data file: /bip7_disk/pingting114/mixed_bam/COLO829_PAO/TF1e-2_25x/TF1e-2_25x.rep1.bam.bai
[W::hts_idx_load3] The index file is older than the data file: /bip7_disk/pingting114/mixed_bam/COLO829_PAO/TF1e-2_25x/TF1e-2_25x.rep1.bam.bai
[W::hts_idx_load3] The index file is older than the data file: /bip7_disk/pingting114/mixed_bam/COLO829_PAO/TF1e-2_25x/TF1e-2_25x.rep1.bam.bai
[W::hts_idx_load3] The index file is older than the data file: /bip7_disk/pingting114/mixed_bam/COLO829_PAO/TF1e-2_25x/TF1e-2_25x.rep1.bam.bai
[W::hts_idx_load3] The index file is older than the data file: /bip7_disk/pingting114/mixed_bam/COLO829_PAO/TF1e-2_25x/TF1e-2_25x.rep1.bam.bai
[W::hts_idx_load3] The index file is older than the data file: /bip7_disk/pingting114/mixed_bam/COLO829_PAO/TF1e-2_25x/TF1e-2_25x.rep1.bam.bai
[W::hts_idx_load3] The index file is older than the data file: /bip7_disk/pingting114/mixed_bam/COLO829_PAO/TF1e-2_25x/TF1e-2_25x.rep1.bam.bai
[E::bam_parse_basemod2] e849b26f-b4fd-4d23-b6be-ba8e4e7968ec: MM tag refers to bases beyond sequence length
[W::hts_idx_load3] The index file is older than the data file: /bip7_disk/pingting114/mixed_bam/COLO829_PAO/TF1e-2_25x/TF1e-2_25x.rep1.bam.bai
[W::hts_idx_load3] The index file is older than the data file: /bip7_disk/pingting114/mixed_bam/COLO829_PAO/TF1e-2_25x/TF1e-2_25x.rep1.bam.bai
[W::bam_next_basemod] MM tag refers to bases beyond sequence length
[W::hts_idx_load3] The index file is older than the data file: /bip7_disk/pingting114/mixed_bam/COLO829_PAO/TF1e-2_25x/TF1e-2_25x.rep1.bam.bai
[W::hts_idx_load3] The index file is older than the data file: /bip7_disk/pingting114/mixed_bam/COLO829_PAO/TF1e-2_25x/TF1e-2_25x.rep1.bam.bai
[W::hts_idx_load3] The index file is older than the data file: /bip7_disk/pingting114/mixed_bam/COLO829_PAO/TF1e-2_25x/TF1e-2_25x.rep1.bam.bai
[W::hts_idx_load3] The index file is older than the data file: /bip7_disk/pingting114/mixed_bam/COLO829_PAO/TF1e-2_25x/TF1e-2_25x.rep1.bam.bai
[W::hts_idx_load3] The index file is older than the data file: /bip7_disk/pingting114/mixed_bam/COLO829_PAO/TF1e-2_25x/TF1e-2_25x.rep1.bam.bai
[E::bam_parse_basemod2] ae63cf9c-e13f-4972-903d-0830ebaf585c: MM tag refers to bases beyond sequence length
[W::hts_idx_load3] The index file is older than the data file: /bip7_disk/pingting114/mixed_bam/COLO829_PAO/TF1e-2_25x/TF1e-2_25x.rep1.bam.bai
[W::hts_idx_load3] The index file is older than the data file: /bip7_disk/pingting114/mixed_bam/COLO829_PAO/TF1e-2_25x/TF1e-2_25x.rep1.bam.bai
[W::hts_idx_load3] The index file is older than the data file: /bip7_disk/pingting114/mixed_bam/COLO829_PAO/TF1e-2_25x/TF1e-2_25x.rep1.bam.bai
[W::hts_idx_load3] The index file is older than the data file: /bip7_disk/pingting114/mixed_bam/COLO829_PAO/TF1e-2_25x/TF1e-2_25x.rep1.bam.bai
[W::hts_idx_load3] The index file is older than the data file: /bip7_disk/pingting114/mixed_bam/COLO829_PAO/TF1e-2_25x/TF1e-2_25x.rep1.bam.bai
[W::hts_idx_load3] The index file is older than the data file: /bip7_disk/pingting114/mixed_bam/COLO829_PAO/TF1e-2_25x/TF1e-2_25x.rep1.bam.bai
[W::hts_idx_load3] The index file is older than the data file: /bip7_disk/pingting114/mixed_bam/COLO829_PAO/TF1e-2_25x/TF1e-2_25x.rep1.bam.bai
[W::hts_idx_load3] The index file is older than the data file: /bip7_disk/pingting114/mixed_bam/COLO829_PAO/TF1e-2_25x/TF1e-2_25x.rep1.bam.bai
[W::hts_idx_load3] The index file is older than the data file: /bip7_disk/pingting114/mixed_bam/COLO829_PAO/TF1e-2_25x/TF1e-2_25x.rep1.bam.bai
[W::hts_idx_load3] The index file is older than the data file: /bip7_disk/pingting114/mixed_bam/COLO829_PAO/TF1e-2_25x/TF1e-2_25x.rep1.bam.bai
[W::hts_idx_load3] The index file is older than the data file: /bip7_disk/pingting114/mixed_bam/COLO829_PAO/TF1e-2_25x/TF1e-2_25x.rep1.bam.bai
[E::bam_parse_basemod2] 364e67f2-e024-4a21-bb12-ba014d873611: MM tag refers to bases beyond sequence length
[W::hts_idx_load3] The index file is older than the data file: /bip7_disk/pingting114/mixed_bam/COLO829_PAO/TF1e-2_25x/TF1e-2_25x.rep1.bam.bai
[E::bam_parse_basemod2] 431b1afe-69b2-489d-9d7a-e64243f64b01: MM tag refers to bases beyond sequence length
[W::hts_idx_load3] The index file is older than the data file: /bip7_disk/pingting114/mixed_bam/COLO829_PAO/TF1e-2_25x/TF1e-2_25x.rep1.bam.bai
[W::hts_idx_load3] The index file is older than the data file: /bip7_disk/pingting114/mixed_bam/COLO829_PAO/TF1e-2_25x/TF1e-2_25x.rep1.bam.bai
[W::hts_idx_load3] The index file is older than the data file: /bip7_disk/pingting114/mixed_bam/COLO829_PAO/TF1e-2_25x/TF1e-2_25x.rep1.bam.bai
[W::hts_idx_load3] The index file is older than the data file: /bip7_disk/pingting114/mixed_bam/COLO829_PAO/TF1e-2_25x/TF1e-2_25x.rep1.bam.bai
[W::hts_idx_load3] The index file is older than the data file: /bip7_disk/pingting114/mixed_bam/COLO829_PAO/TF1e-2_25x/TF1e-2_25x.rep1.bam.bai
[W::hts_idx_load3] The index file is older than the data file: /bip7_disk/pingting114/mixed_bam/COLO829_PAO/TF1e-2_25x/TF1e-2_25x.rep1.bam.bai
[W::hts_idx_load3] The index file is older than the data file: /bip7_disk/pingting114/mixed_bam/COLO829_PAO/TF1e-2_25x/TF1e-2_25x.rep1.bam.bai
[W::hts_idx_load3] The index file is older than the data file: /bip7_disk/pingting114/mixed_bam/COLO829_PAO/TF1e-2_25x/TF1e-2_25x.rep1.bam.bai
[W::hts_idx_load3] The index file is older than the data file: /bip7_disk/pingting114/mixed_bam/COLO829_PAO/TF1e-2_25x/TF1e-2_25x.rep1.bam.bai
[W::bam_next_basemod] MM tag refers to bases beyond sequence length
[W::hts_idx_load3] The index file is older than the data file: /bip7_disk/pingting114/mixed_bam/COLO829_PAO/TF1e-2_25x/TF1e-2_25x.rep1.bam.bai
[W::bam_next_basemod] MM tag refers to bases beyond sequence length
[W::bam_next_basemod] MM tag refers to bases beyond sequence length
[W::hts_idx_load3] The index file is older than the data file: /bip7_disk/pingting114/mixed_bam/COLO829_PAO/TF1e-2_25x/TF1e-2_25x.rep1.bam.bai
[W::hts_idx_load3] The index file is older than the data file: /bip7_disk/pingting114/mixed_bam/COLO829_PAO/TF1e-2_25x/TF1e-2_25x.rep1.bam.bai
[W::bam_next_basemod] MM tag refers to bases beyond sequence length
[W::hts_idx_load3] The index file is older than the data file: /bip7_disk/pingting114/mixed_bam/COLO829_PAO/TF1e-2_25x/TF1e-2_25x.rep1.bam.bai
[W::hts_idx_load3] The index file is older than the data file: /bip7_disk/pingting114/mixed_bam/COLO829_PAO/TF1e-2_25x/TF1e-2_25x.rep1.bam.bai
[W::hts_idx_load3] The index file is older than the data file: /bip7_disk/pingting114/mixed_bam/COLO829_PAO/TF1e-2_25x/TF1e-2_25x.rep1.bam.bai
[W::hts_idx_load3] The index file is older than the data file: /bip7_disk/pingting114/mixed_bam/COLO829_PAO/TF1e-2_25x/TF1e-2_25x.rep1.bam.bai
[W::hts_idx_load3] The index file is older than the data file: /bip7_disk/pingting114/mixed_bam/COLO829_PAO/TF1e-2_25x/TF1e-2_25x.rep1.bam.bai
[W::hts_idx_load3] The index file is older than the data file: /bip7_disk/pingting114/mixed_bam/COLO829_PAO/TF1e-2_25x/TF1e-2_25x.rep1.bam.bai
[W::hts_idx_load3] The index file is older than the data file: /bip7_disk/pingting114/mixed_bam/COLO829_PAO/TF1e-2_25x/TF1e-2_25x.rep1.bam.bai
[W::hts_idx_load3] The index file is older than the data file: /bip7_disk/pingting114/mixed_bam/COLO829_PAO/TF1e-2_25x/TF1e-2_25x.rep1.bam.bai
[W::hts_idx_load3] The index file is older than the data file: /bip7_disk/pingting114/mixed_bam/COLO829_PAO/TF1e-2_25x/TF1e-2_25x.rep1.bam.bai
[W::bam_next_basemod] MM tag refers to bases beyond sequence length
[W::hts_idx_load3] The index file is older than the data file: /bip7_disk/pingting114/mixed_bam/COLO829_PAO/TF1e-2_25x/TF1e-2_25x.rep1.bam.bai
[W::hts_idx_load3] The index file is older than the data file: /bip7_disk/pingting114/mixed_bam/COLO829_PAO/TF1e-2_25x/TF1e-2_25x.rep1.bam.bai
[W::bam_next_basemod] MM tag refers to bases beyond sequence length
[W::hts_idx_load3] The index file is older than the data file: /bip7_disk/pingting114/mixed_bam/COLO829_PAO/TF1e-2_25x/TF1e-2_25x.rep1.bam.bai
[W::hts_idx_load3] The index file is older than the data file: /bip7_disk/pingting114/mixed_bam/COLO829_PAO/TF1e-2_25x/TF1e-2_25x.rep1.bam.bai
[W::hts_idx_load3] The index file is older than the data file: /bip7_disk/pingting114/mixed_bam/COLO829_PAO/TF1e-2_25x/TF1e-2_25x.rep1.bam.bai
[W::hts_idx_load3] The index file is older than the data file: /bip7_disk/pingting114/mixed_bam/COLO829_PAO/TF1e-2_25x/TF1e-2_25x.rep1.bam.bai
[W::hts_idx_load3] The index file is older than the data file: /bip7_disk/pingting114/mixed_bam/COLO829_PAO/TF1e-2_25x/TF1e-2_25x.rep1.bam.bai
[W::hts_idx_load3] The index file is older than the data file: /bip7_disk/pingting114/mixed_bam/COLO829_PAO/TF1e-2_25x/TF1e-2_25x.rep1.bam.bai
[W::hts_idx_load3] The index file is older than the data file: /bip7_disk/pingting114/mixed_bam/COLO829_PAO/TF1e-2_25x/TF1e-2_25x.rep1.bam.bai
[W::hts_idx_load3] The index file is older than the data file: /bip7_disk/pingting114/mixed_bam/COLO829_PAO/TF1e-2_25x/TF1e-2_25x.rep1.bam.bai
[W::hts_idx_load3] The index file is older than the data file: /bip7_disk/pingting114/mixed_bam/COLO829_PAO/TF1e-2_25x/TF1e-2_25x.rep1.bam.bai
[W::hts_idx_load3] The index file is older than the data file: /bip7_disk/pingting114/mixed_bam/COLO829_PAO/TF1e-2_25x/TF1e-2_25x.rep1.bam.bai
[W::hts_idx_load3] The index file is older than the data file: /bip7_disk/pingting114/mixed_bam/COLO829_PAO/TF1e-2_25x/TF1e-2_25x.rep1.bam.bai
[W::hts_idx_load3] The index file is older than the data file: /bip7_disk/pingting114/mixed_bam/COLO829_PAO/TF1e-2_25x/TF1e-2_25x.rep1.bam.bai
[W::hts_idx_load3] The index file is older than the data file: /bip7_disk/pingting114/mixed_bam/COLO829_PAO/TF1e-2_25x/TF1e-2_25x.rep1.bam.bai
[W::bam_next_basemod] MM tag refers to bases beyond sequence length
[W::hts_idx_load3] The index file is older than the data file: /bip7_disk/pingting114/mixed_bam/COLO829_PAO/TF1e-2_25x/TF1e-2_25x.rep1.bam.bai
[W::hts_idx_load3] The index file is older than the data file: /bip7_disk/pingting114/mixed_bam/COLO829_PAO/TF1e-2_25x/TF1e-2_25x.rep1.bam.bai
[W::hts_idx_load3] The index file is older than the data file: /bip7_disk/pingting114/mixed_bam/COLO829_PAO/TF1e-2_25x/TF1e-2_25x.rep1.bam.bai
[W::hts_idx_load3] The index file is older than the data file: /bip7_disk/pingting114/mixed_bam/COLO829_PAO/TF1e-2_25x/TF1e-2_25x.rep1.bam.bai
[W::hts_idx_load3] The index file is older than the data file: /bip7_disk/pingting114/mixed_bam/COLO829_PAO/TF1e-2_25x/TF1e-2_25x.rep1.bam.bai
[W::bam_next_basemod] MM tag refers to bases beyond sequence length
[W::hts_idx_load3] The index file is older than the data file: /bip7_disk/pingting114/mixed_bam/COLO829_PAO/TF1e-2_25x/TF1e-2_25x.rep1.bam.bai
[W::bam_next_basemod] MM tag refers to bases beyond sequence length
[W::bam_next_basemod] MM tag refers to bases beyond sequence length
[E::bam_parse_basemod2] f3a8b218-b619-4988-8e56-0fd9d8224991: MM tag refers to bases beyond sequence length
[W::hts_idx_load3] The index file is older than the data file: /bip7_disk/pingting114/mixed_bam/COLO829_PAO/TF1e-2_25x/TF1e-2_25x.rep1.bam.bai
[W::hts_idx_load3] The index file is older than the data file: /bip7_disk/pingting114/mixed_bam/COLO829_PAO/TF1e-2_25x/TF1e-2_25x.rep1.bam.bai
[W::hts_idx_load3] The index file is older than the data file: /bip7_disk/pingting114/mixed_bam/COLO829_PAO/TF1e-2_25x/TF1e-2_25x.rep1.bam.bai
[W::hts_idx_load3] The index file is older than the data file: /bip7_disk/pingting114/mixed_bam/COLO829_PAO/TF1e-2_25x/TF1e-2_25x.rep1.bam.bai
[W::hts_idx_load3] The index file is older than the data file: /bip7_disk/pingting114/mixed_bam/COLO829_PAO/TF1e-2_25x/TF1e-2_25x.rep1.bam.bai
[W::hts_idx_load3] The index file is older than the data file: /bip7_disk/pingting114/mixed_bam/COLO829_PAO/TF1e-2_25x/TF1e-2_25x.rep1.bam.bai
[W::hts_idx_load3] The index file is older than the data file: /bip7_disk/pingting114/mixed_bam/COLO829_PAO/TF1e-2_25x/TF1e-2_25x.rep1.bam.bai
[W::hts_idx_load3] The index file is older than the data file: /bip7_disk/pingting114/mixed_bam/COLO829_PAO/TF1e-2_25x/TF1e-2_25x.rep1.bam.bai
[W::hts_idx_load3] The index file is older than the data file: /bip7_disk/pingting114/mixed_bam/COLO829_PAO/TF1e-2_25x/TF1e-2_25x.rep1.bam.bai
[W::hts_idx_load3] The index file is older than the data file: /bip7_disk/pingting114/mixed_bam/COLO829_PAO/TF1e-2_25x/TF1e-2_25x.rep1.bam.bai
[W::bam_next_basemod] MM tag refers to bases beyond sequence length
[W::hts_idx_load3] The index file is older than the data file: /bip7_disk/pingting114/mixed_bam/COLO829_PAO/TF1e-2_25x/TF1e-2_25x.rep1.bam.bai
[W::hts_idx_load3] The index file is older than the data file: /bip7_disk/pingting114/mixed_bam/COLO829_PAO/TF1e-2_25x/TF1e-2_25x.rep1.bam.bai
[W::hts_idx_load3] The index file is older than the data file: /bip7_disk/pingting114/mixed_bam/COLO829_PAO/TF1e-2_25x/TF1e-2_25x.rep1.bam.bai
[W::hts_idx_load3] The index file is older than the data file: /bip7_disk/pingting114/mixed_bam/COLO829_PAO/TF1e-2_25x/TF1e-2_25x.rep1.bam.bai
[W::hts_idx_load3] The index file is older than the data file: /bip7_disk/pingting114/mixed_bam/COLO829_PAO/TF1e-2_25x/TF1e-2_25x.rep1.bam.bai
[W::hts_idx_load3] The index file is older than the data file: /bip7_disk/pingting114/mixed_bam/COLO829_PAO/TF1e-2_25x/TF1e-2_25x.rep1.bam.bai
[W::hts_idx_load3] The index file is older than the data file: /bip7_disk/pingting114/mixed_bam/COLO829_PAO/TF1e-2_25x/TF1e-2_25x.rep1.bam.bai
[W::hts_idx_load3] The index file is older than the data file: /bip7_disk/pingting114/mixed_bam/COLO829_PAO/TF1e-2_25x/TF1e-2_25x.rep1.bam.bai
[W::hts_idx_load3] The index file is older than the data file: /bip7_disk/pingting114/mixed_bam/COLO829_PAO/TF1e-2_25x/TF1e-2_25x.rep1.bam.bai
[W::hts_idx_load3] The index file is older than the data file: /bip7_disk/pingting114/mixed_bam/COLO829_PAO/TF1e-2_25x/TF1e-2_25x.rep1.bam.bai
[W::bam_next_basemod] MM tag refers to bases beyond sequence length
[W::bam_next_basemod] MM tag refers to bases beyond sequence length
[W::hts_idx_load3] The index file is older than the data file: /bip7_disk/pingting114/mixed_bam/COLO829_PAO/TF1e-2_25x/TF1e-2_25x.rep1.bam.bai
[W::bam_next_basemod] MM tag refers to bases beyond sequence length
[W::hts_idx_load3] The index file is older than the data file: /bip7_disk/pingting114/mixed_bam/COLO829_PAO/TF1e-2_25x/TF1e-2_25x.rep1.bam.bai
[W::hts_idx_load3] The index file is older than the data file: /bip7_disk/pingting114/mixed_bam/COLO829_PAO/TF1e-2_25x/TF1e-2_25x.rep1.bam.bai
[W::hts_idx_load3] The index file is older than the data file: /bip7_disk/pingting114/mixed_bam/COLO829_PAO/TF1e-2_25x/TF1e-2_25x.rep1.bam.bai
[W::hts_idx_load3] The index file is older than the data file: /bip7_disk/pingting114/mixed_bam/COLO829_PAO/TF1e-2_25x/TF1e-2_25x.rep1.bam.bai
[W::bam_next_basemod] MM tag refers to bases beyond sequence length
[W::hts_idx_load3] The index file is older than the data file: /bip7_disk/pingting114/mixed_bam/COLO829_PAO/TF1e-2_25x/TF1e-2_25x.rep1.bam.bai
[W::hts_idx_load3] The index file is older than the data file: /bip7_disk/pingting114/mixed_bam/COLO829_PAO/TF1e-2_25x/TF1e-2_25x.rep1.bam.bai
[W::hts_idx_load3] The index file is older than the data file: /bip7_disk/pingting114/mixed_bam/COLO829_PAO/TF1e-2_25x/TF1e-2_25x.rep1.bam.bai
[W::hts_idx_load3] The index file is older than the data file: /bip7_disk/pingting114/mixed_bam/COLO829_PAO/TF1e-2_25x/TF1e-2_25x.rep1.bam.bai
[W::bam_next_basemod] MM tag refers to bases beyond sequence length
[W::hts_idx_load3] The index file is older than the data file: /bip7_disk/pingting114/mixed_bam/COLO829_PAO/TF1e-2_25x/TF1e-2_25x.rep1.bam.bai
[W::hts_idx_load3] The index file is older than the data file: /bip7_disk/pingting114/mixed_bam/COLO829_PAO/TF1e-2_25x/TF1e-2_25x.rep1.bam.bai
[W::hts_idx_load3] The index file is older than the data file: /bip7_disk/pingting114/mixed_bam/COLO829_PAO/TF1e-2_25x/TF1e-2_25x.rep1.bam.bai
[E::bam_parse_basemod2] 7edf6a25-6b79-42ff-98fc-a505ec41e02c: MM tag refers to bases beyond sequence length
[W::hts_idx_load3] The index file is older than the data file: /bip7_disk/pingting114/mixed_bam/COLO829_PAO/TF1e-2_25x/TF1e-2_25x.rep1.bam.bai
[W::hts_idx_load3] The index file is older than the data file: /bip7_disk/pingting114/mixed_bam/COLO829_PAO/TF1e-2_25x/TF1e-2_25x.rep1.bam.bai
[W::hts_idx_load3] The index file is older than the data file: /bip7_disk/pingting114/mixed_bam/COLO829_PAO/TF1e-2_25x/TF1e-2_25x.rep1.bam.bai
[W::bam_next_basemod] MM tag refers to bases beyond sequence length
[W::hts_idx_load3] The index file is older than the data file: /bip7_disk/pingting114/mixed_bam/COLO829_PAO/TF1e-2_25x/TF1e-2_25x.rep1.bam.bai
[W::hts_idx_load3] The index file is older than the data file: /bip7_disk/pingting114/mixed_bam/COLO829_PAO/TF1e-2_25x/TF1e-2_25x.rep1.bam.bai
[W::hts_idx_load3] The index file is older than the data file: /bip7_disk/pingting114/mixed_bam/COLO829_PAO/TF1e-2_25x/TF1e-2_25x.rep1.bam.bai
[W::hts_idx_load3] The index file is older than the data file: /bip7_disk/pingting114/mixed_bam/COLO829_PAO/TF1e-2_25x/TF1e-2_25x.rep1.bam.bai
[W::hts_idx_load3] The index file is older than the data file: /bip7_disk/pingting114/mixed_bam/COLO829_PAO/TF1e-2_25x/TF1e-2_25x.rep1.bam.bai
[W::bam_next_basemod] MM tag refers to bases beyond sequence length
[E::bam_parse_basemod2] 2d5bf261-b278-4ff9-8e04-6300441c620e: MM tag refers to bases beyond sequence length
[W::hts_idx_load3] The index file is older than the data file: /bip7_disk/pingting114/mixed_bam/COLO829_PAO/TF1e-2_25x/TF1e-2_25x.rep1.bam.bai
[E::bam_parse_basemod2] bcc85f5e-7e54-4f6d-b22a-be3b478ce355: MM tag refers to bases beyond sequence length
[W::bam_next_basemod] MM tag refers to bases beyond sequence length
[W::hts_idx_load3] The index file is older than the data file: /bip7_disk/pingting114/mixed_bam/COLO829_PAO/TF1e-2_25x/TF1e-2_25x.rep1.bam.bai
[W::hts_idx_load3] The index file is older than the data file: /bip7_disk/pingting114/mixed_bam/COLO829_PAO/TF1e-2_25x/TF1e-2_25x.rep1.bam.bai
[W::hts_idx_load3] The index file is older than the data file: /bip7_disk/pingting114/mixed_bam/COLO829_PAO/TF1e-2_25x/TF1e-2_25x.rep1.bam.bai
[W::hts_idx_load3] The index file is older than the data file: /bip7_disk/pingting114/mixed_bam/COLO829_PAO/TF1e-2_25x/TF1e-2_25x.rep1.bam.bai
[W::hts_idx_load3] The index file is older than the data file: /bip7_disk/pingting114/mixed_bam/COLO829_PAO/TF1e-2_25x/TF1e-2_25x.rep1.bam.bai
[W::hts_idx_load3] The index file is older than the data file: /bip7_disk/pingting114/mixed_bam/COLO829_PAO/TF1e-2_25x/TF1e-2_25x.rep1.bam.bai
[W::hts_idx_load3] The index file is older than the data file: /bip7_disk/pingting114/mixed_bam/COLO829_PAO/TF1e-2_25x/TF1e-2_25x.rep1.bam.bai
[W::hts_idx_load3] The index file is older than the data file: /bip7_disk/pingting114/mixed_bam/COLO829_PAO/TF1e-2_25x/TF1e-2_25x.rep1.bam.bai
[W::hts_idx_load3] The index file is older than the data file: /bip7_disk/pingting114/mixed_bam/COLO829_PAO/TF1e-2_25x/TF1e-2_25x.rep1.bam.bai
[W::hts_idx_load3] The index file is older than the data file: /bip7_disk/pingting114/mixed_bam/COLO829_PAO/TF1e-2_25x/TF1e-2_25x.rep1.bam.bai
[W::hts_idx_load3] The index file is older than the data file: /bip7_disk/pingting114/mixed_bam/COLO829_PAO/TF1e-2_25x/TF1e-2_25x.rep1.bam.bai
[W::hts_idx_load3] The index file is older than the data file: /bip7_disk/pingting114/mixed_bam/COLO829_PAO/TF1e-2_25x/TF1e-2_25x.rep1.bam.bai
[W::hts_idx_load3] The index file is older than the data file: /bip7_disk/pingting114/mixed_bam/COLO829_PAO/TF1e-2_25x/TF1e-2_25x.rep1.bam.bai
[W::hts_idx_load3] The index file is older than the data file: /bip7_disk/pingting114/mixed_bam/COLO829_PAO/TF1e-2_25x/TF1e-2_25x.rep1.bam.bai
[W::bam_next_basemod] MM tag refers to bases beyond sequence length
[W::hts_idx_load3] The index file is older than the data file: /bip7_disk/pingting114/mixed_bam/COLO829_PAO/TF1e-2_25x/TF1e-2_25x.rep1.bam.bai
[E::bam_parse_basemod2] fca6a8cb-cdd1-494b-b62c-27e2bf4fb5a4: MM tag refers to bases beyond sequence length
[W::bam_next_basemod] MM tag refers to bases beyond sequence length
[W::hts_idx_load3] The index file is older than the data file: /bip7_disk/pingting114/mixed_bam/COLO829_PAO/TF1e-2_25x/TF1e-2_25x.rep1.bam.bai
[W::hts_idx_load3] The index file is older than the data file: /bip7_disk/pingting114/mixed_bam/COLO829_PAO/TF1e-2_25x/TF1e-2_25x.rep1.bam.bai
[E::bam_parse_basemod2] a5552d75-7c1c-483e-98b4-828a4531fcf8: MM tag refers to bases beyond sequence length
[W::hts_idx_load3] The index file is older than the data file: /bip7_disk/pingting114/mixed_bam/COLO829_PAO/TF1e-2_25x/TF1e-2_25x.rep1.bam.bai
[W::hts_idx_load3] The index file is older than the data file: /bip7_disk/pingting114/mixed_bam/COLO829_PAO/TF1e-2_25x/TF1e-2_25x.rep1.bam.bai
[W::hts_idx_load3] The index file is older than the data file: /bip7_disk/pingting114/mixed_bam/COLO829_PAO/TF1e-2_25x/TF1e-2_25x.rep1.bam.bai
[W::hts_idx_load3] The index file is older than the data file: /bip7_disk/pingting114/mixed_bam/COLO829_PAO/TF1e-2_25x/TF1e-2_25x.rep1.bam.bai
[W::hts_idx_load3] The index file is older than the data file: /bip7_disk/pingting114/mixed_bam/COLO829_PAO/TF1e-2_25x/TF1e-2_25x.rep1.bam.bai
[W::hts_idx_load3] The index file is older than the data file: /bip7_disk/pingting114/mixed_bam/COLO829_PAO/TF1e-2_25x/TF1e-2_25x.rep1.bam.bai
[E::bam_parse_basemod2] 8942e71c-3698-4f51-896c-6d569bd82dc6: MM tag refers to bases beyond sequence length
[W::hts_idx_load3] The index file is older than the data file: /bip7_disk/pingting114/mixed_bam/COLO829_PAO/TF1e-2_25x/TF1e-2_25x.rep1.bam.bai
[W::hts_idx_load3] The index file is older than the data file: /bip7_disk/pingting114/mixed_bam/COLO829_PAO/TF1e-2_25x/TF1e-2_25x.rep1.bam.bai
[W::hts_idx_load3] The index file is older than the data file: /bip7_disk/pingting114/mixed_bam/COLO829_PAO/TF1e-2_25x/TF1e-2_25x.rep1.bam.bai
[W::hts_idx_load3] The index file is older than the data file: /bip7_disk/pingting114/mixed_bam/COLO829_PAO/TF1e-2_25x/TF1e-2_25x.rep1.bam.bai
[W::hts_idx_load3] The index file is older than the data file: /bip7_disk/pingting114/mixed_bam/COLO829_PAO/TF1e-2_25x/TF1e-2_25x.rep1.bam.bai
[W::hts_idx_load3] The index file is older than the data file: /bip7_disk/pingting114/mixed_bam/COLO829_PAO/TF1e-2_25x/TF1e-2_25x.rep1.bam.bai
[W::bam_next_basemod] MM tag refers to bases beyond sequence length
[W::hts_idx_load3] The index file is older than the data file: /bip7_disk/pingting114/mixed_bam/COLO829_PAO/TF1e-2_25x/TF1e-2_25x.rep1.bam.bai
[W::hts_idx_load3] The index file is older than the data file: /bip7_disk/pingting114/mixed_bam/COLO829_PAO/TF1e-2_25x/TF1e-2_25x.rep1.bam.bai
[W::hts_idx_load3] The index file is older than the data file: /bip7_disk/pingting114/mixed_bam/COLO829_PAO/TF1e-2_25x/TF1e-2_25x.rep1.bam.bai
[E::bam_parse_basemod2] 6d5a454b-1ed5-47b6-96b4-4261e664c2ad: MM tag refers to bases beyond sequence length
[W::hts_idx_load3] The index file is older than the data file: /bip7_disk/pingting114/mixed_bam/COLO829_PAO/TF1e-2_25x/TF1e-2_25x.rep1.bam.bai
[W::hts_idx_load3] The index file is older than the data file: /bip7_disk/pingting114/mixed_bam/COLO829_PAO/TF1e-2_25x/TF1e-2_25x.rep1.bam.bai
[W::bam_next_basemod] MM tag refers to bases beyond sequence length
[W::hts_idx_load3] The index file is older than the data file: /bip7_disk/pingting114/mixed_bam/COLO829_PAO/TF1e-2_25x/TF1e-2_25x.rep1.bam.bai
[E::bam_parse_basemod2] 5a463cf3-71b6-4937-8bd2-4730ee761cff: MM tag refers to bases beyond sequence length
[W::hts_idx_load3] The index file is older than the data file: /bip7_disk/pingting114/mixed_bam/COLO829_PAO/TF1e-2_25x/TF1e-2_25x.rep1.bam.bai
[W::hts_idx_load3] The index file is older than the data file: /bip7_disk/pingting114/mixed_bam/COLO829_PAO/TF1e-2_25x/TF1e-2_25x.rep1.bam.bai
[W::hts_idx_load3] The index file is older than the data file: /bip7_disk/pingting114/mixed_bam/COLO829_PAO/TF1e-2_25x/TF1e-2_25x.rep1.bam.bai
[W::hts_idx_load3] The index file is older than the data file: /bip7_disk/pingting114/mixed_bam/COLO829_PAO/TF1e-2_25x/TF1e-2_25x.rep1.bam.bai
[W::hts_idx_load3] The index file is older than the data file: /bip7_disk/pingting114/mixed_bam/COLO829_PAO/TF1e-2_25x/TF1e-2_25x.rep1.bam.bai
[W::hts_idx_load3] The index file is older than the data file: /bip7_disk/pingting114/mixed_bam/COLO829_PAO/TF1e-2_25x/TF1e-2_25x.rep1.bam.bai
DONE /bip7_disk/pingting114/mixed_bam/COLO829_PAO/TF1e-2_25x/TF1e-2_25x.rep1.bam -> execution/raw/COLO829_TF1e-2_rep1.json
