[W::hts_idx_load3] The index file is older than the data file: /bip7_disk/pingting114/mixed_bam/COLO829_PAO/TF0_25x/TF0_25x.rep4.bam.bai
[W::hts_idx_load3] The index file is older than the data file: /bip7_disk/pingting114/mixed_bam/COLO829_PAO/TF0_25x/TF0_25x.rep4.bam.bai
  TF0_25x.rep4.bam cand 0/4000
[W::hts_idx_load3] The index file is older than the data file: /bip7_disk/pingting114/mixed_bam/COLO829_PAO/TF0_25x/TF0_25x.rep4.bam.bai
[W::bam_next_basemod] MM tag refers to bases beyond sequence length
[W::hts_idx_load3] The index file is older than the data file: /bip7_disk/pingting114/mixed_bam/COLO829_PAO/TF0_25x/TF0_25x.rep4.bam.bai
[W::hts_idx_load3] The index file is older than the data file: /bip7_disk/pingting114/mixed_bam/COLO829_PAO/TF0_25x/TF0_25x.rep4.bam.bai
[W::hts_idx_load3] The index file is older than the data file: /bip7_disk/pingting114/mixed_bam/COLO829_PAO/TF0_25x/TF0_25x.rep4.bam.bai
[W::hts_idx_load3] The index file is older than the data file: /bip7_disk/pingting114/mixed_bam/COLO829_PAO/TF0_25x/TF0_25x.rep4.bam.bai
[W::hts_idx_load3] The index file is older than the data file: /bip7_disk/pingting114/mixed_bam/COLO829_PAO/TF0_25x/TF0_25x.rep4.bam.bai
[W::hts_idx_load3] The index file is older than the data file: /bip7_disk/pingting114/mixed_bam/COLO829_PAO/TF0_25x/TF0_25x.rep4.bam.bai
[W::hts_idx_load3] The index file is older than the data file: /bip7_disk/pingting114/mixed_bam/COLO829_PAO/TF0_25x/TF0_25x.rep4.bam.bai
[E::bam_parse_basemod2] eb96b0ca-610d-411e-8226-509de5059ff7: MM tag refers to bases beyond sequence length
[W::hts_idx_load3] The index file is older than the data file: /bip7_disk/pingting114/mixed_bam/COLO829_PAO/TF0_25x/TF0_25x.rep4.bam.bai
[W::hts_idx_load3] The index file is older than the data file: /bip7_disk/pingting114/mixed_bam/COLO829_PAO/TF0_25x/TF0_25x.rep4.bam.bai
[W::hts_idx_load3] The index file is older than the data file: /bip7_disk/pingting114/mixed_bam/COLO829_PAO/TF0_25x/TF0_25x.rep4.bam.bai
[W::hts_idx_load3] The index file is older than the data file: /bip7_disk/pingting114/mixed_bam/COLO829_PAO/TF0_25x/TF0_25x.rep4.bam.bai
[W::hts_idx_load3] The index file is older than the data file: /bip7_disk/pingting114/mixed_bam/COLO829_PAO/TF0_25x/TF0_25x.rep4.bam.bai
[W::bam_next_basemod] MM tag refers to bases beyond sequence length
[W::hts_idx_load3] The index file is older than the data file: /bip7_disk/pingting114/mixed_bam/COLO829_PAO/TF0_25x/TF0_25x.rep4.bam.bai
[W::hts_idx_load3] The index file is older than the data file: /bip7_disk/pingting114/mixed_bam/COLO829_PAO/TF0_25x/TF0_25x.rep4.bam.bai
[W::hts_idx_load3] The index file is older than the data file: /bip7_disk/pingting114/mixed_bam/COLO829_PAO/TF0_25x/TF0_25x.rep4.bam.bai
[E::bam_parse_basemod2] 140c7535-f64b-4360-a83c-4eac7f514a65: MM tag refers to bases beyond sequence length
[W::hts_idx_load3] The index file is older than the data file: /bip7_disk/pingting114/mixed_bam/COLO829_PAO/TF0_25x/TF0_25x.rep4.bam.bai
[W::hts_idx_load3] The index file is older than the data file: /bip7_disk/pingting114/mixed_bam/COLO829_PAO/TF0_25x/TF0_25x.rep4.bam.bai
[W::hts_idx_load3] The index file is older than the data file: /bip7_disk/pingting114/mixed_bam/COLO829_PAO/TF0_25x/TF0_25x.rep4.bam.bai
[W::hts_idx_load3] The index file is older than the data file: /bip7_disk/pingting114/mixed_bam/COLO829_PAO/TF0_25x/TF0_25x.rep4.bam.bai
[W::hts_idx_load3] The index file is older than the data file: /bip7_disk/pingting114/mixed_bam/COLO829_PAO/TF0_25x/TF0_25x.rep4.bam.bai
[W::hts_idx_load3] The index file is older than the data file: /bip7_disk/pingting114/mixed_bam/COLO829_PAO/TF0_25x/TF0_25x.rep4.bam.bai
[W::hts_idx_load3] The index file is older than the data file: /bip7_disk/pingting114/mixed_bam/COLO829_PAO/TF0_25x/TF0_25x.rep4.bam.bai
[W::hts_idx_load3] The index file is older than the data file: /bip7_disk/pingting114/mixed_bam/COLO829_PAO/TF0_25x/TF0_25x.rep4.bam.bai
[W::hts_idx_load3] The index file is older than the data file: /bip7_disk/pingting114/mixed_bam/COLO829_PAO/TF0_25x/TF0_25x.rep4.bam.bai
[W::hts_idx_load3] The index file is older than the data file: /bip7_disk/pingting114/mixed_bam/COLO829_PAO/TF0_25x/TF0_25x.rep4.bam.bai
[W::hts_idx_load3] The index file is older than the data file: /bip7_disk/pingting114/mixed_bam/COLO829_PAO/TF0_25x/TF0_25x.rep4.bam.bai
[W::bam_next_basemod] MM tag refers to bases beyond sequence length
[W::hts_idx_load3] The index file is older than the data file: /bip7_disk/pingting114/mixed_bam/COLO829_PAO/TF0_25x/TF0_25x.rep4.bam.bai
[W::hts_idx_load3] The index file is older than the data file: /bip7_disk/pingting114/mixed_bam/COLO829_PAO/TF0_25x/TF0_25x.rep4.bam.bai
[W::bam_next_basemod] MM tag refers to bases beyond sequence length
[W::hts_idx_load3] The index file is older than the data file: /bip7_disk/pingting114/mixed_bam/COLO829_PAO/TF0_25x/TF0_25x.rep4.bam.bai
[E::bam_parse_basemod2] 10285f68-e4dc-4e53-bf50-d0dd4a10994a: MM tag refers to bases beyond sequence length
[W::hts_idx_load3] The index file is older than the data file: /bip7_disk/pingting114/mixed_bam/COLO829_PAO/TF0_25x/TF0_25x.rep4.bam.bai
[W::hts_idx_load3] The index file is older than the data file: /bip7_disk/pingting114/mixed_bam/COLO829_PAO/TF0_25x/TF0_25x.rep4.bam.bai
[E::bam_parse_basemod2] 07f7d373-90b1-41ff-95b9-8dc7ae597a17: MM tag refers to bases beyond sequence length
[W::hts_idx_load3] The index file is older than the data file: /bip7_disk/pingting114/mixed_bam/COLO829_PAO/TF0_25x/TF0_25x.rep4.bam.bai
[W::hts_idx_load3] The index file is older than the data file: /bip7_disk/pingting114/mixed_bam/COLO829_PAO/TF0_25x/TF0_25x.rep4.bam.bai
[W::hts_idx_load3] The index file is older than the data file: /bip7_disk/pingting114/mixed_bam/COLO829_PAO/TF0_25x/TF0_25x.rep4.bam.bai
[W::hts_idx_load3] The index file is older than the data file: /bip7_disk/pingting114/mixed_bam/COLO829_PAO/TF0_25x/TF0_25x.rep4.bam.bai
[W::hts_idx_load3] The index file is older than the data file: /bip7_disk/pingting114/mixed_bam/COLO829_PAO/TF0_25x/TF0_25x.rep4.bam.bai
[W::hts_idx_load3] The index file is older than the data file: /bip7_disk/pingting114/mixed_bam/COLO829_PAO/TF0_25x/TF0_25x.rep4.bam.bai
[W::hts_idx_load3] The index file is older than the data file: /bip7_disk/pingting114/mixed_bam/COLO829_PAO/TF0_25x/TF0_25x.rep4.bam.bai
[W::hts_idx_load3] The index file is older than the data file: /bip7_disk/pingting114/mixed_bam/COLO829_PAO/TF0_25x/TF0_25x.rep4.bam.bai
[W::bam_next_basemod] MM tag refers to bases beyond sequence length
[W::hts_idx_load3] The index file is older than the data file: /bip7_disk/pingting114/mixed_bam/COLO829_PAO/TF0_25x/TF0_25x.rep4.bam.bai
[W::hts_idx_load3] The index file is older than the data file: /bip7_disk/pingting114/mixed_bam/COLO829_PAO/TF0_25x/TF0_25x.rep4.bam.bai
[W::hts_idx_load3] The index file is older than the data file: /bip7_disk/pingting114/mixed_bam/COLO829_PAO/TF0_25x/TF0_25x.rep4.bam.bai
[W::hts_idx_load3] The index file is older than the data file: /bip7_disk/pingting114/mixed_bam/COLO829_PAO/TF0_25x/TF0_25x.rep4.bam.bai
[W::bam_next_basemod] MM tag refers to bases beyond sequence length
[W::hts_idx_load3] The index file is older than the data file: /bip7_disk/pingting114/mixed_bam/COLO829_PAO/TF0_25x/TF0_25x.rep4.bam.bai
[W::hts_idx_load3] The index file is older than the data file: /bip7_disk/pingting114/mixed_bam/COLO829_PAO/TF0_25x/TF0_25x.rep4.bam.bai
[W::bam_next_basemod] MM tag refers to bases beyond sequence length
[E::bam_parse_basemod2] 650f2e1a-b433-4cfe-896a-8cd5d1699253: MM tag refers to bases beyond sequence length
[E::bam_parse_basemod2] 39deee86-0691-411c-bbb1-291c8a8864a9: MM tag refers to bases beyond sequence length
[W::hts_idx_load3] The index file is older than the data file: /bip7_disk/pingting114/mixed_bam/COLO829_PAO/TF0_25x/TF0_25x.rep4.bam.bai
[W::hts_idx_load3] The index file is older than the data file: /bip7_disk/pingting114/mixed_bam/COLO829_PAO/TF0_25x/TF0_25x.rep4.bam.bai
[W::hts_idx_load3] The index file is older than the data file: /bip7_disk/pingting114/mixed_bam/COLO829_PAO/TF0_25x/TF0_25x.rep4.bam.bai
[W::hts_idx_load3] The index file is older than the data file: /bip7_disk/pingting114/mixed_bam/COLO829_PAO/TF0_25x/TF0_25x.rep4.bam.bai
[E::bam_parse_basemod2] 68015e37-5c32-45cf-b8fd-068a48796959: MM tag refers to bases beyond sequence length
[W::hts_idx_load3] The index file is older than the data file: /bip7_disk/pingting114/mixed_bam/COLO829_PAO/TF0_25x/TF0_25x.rep4.bam.bai
[W::hts_idx_load3] The index file is older than the data file: /bip7_disk/pingting114/mixed_bam/COLO829_PAO/TF0_25x/TF0_25x.rep4.bam.bai
[W::hts_idx_load3] The index file is older than the data file: /bip7_disk/pingting114/mixed_bam/COLO829_PAO/TF0_25x/TF0_25x.rep4.bam.bai
[W::hts_idx_load3] The index file is older than the data file: /bip7_disk/pingting114/mixed_bam/COLO829_PAO/TF0_25x/TF0_25x.rep4.bam.bai
[W::bam_next_basemod] MM tag refers to bases beyond sequence length
[W::hts_idx_load3] The index file is older than the data file: /bip7_disk/pingting114/mixed_bam/COLO829_PAO/TF0_25x/TF0_25x.rep4.bam.bai
[W::hts_idx_load3] The index file is older than the data file: /bip7_disk/pingting114/mixed_bam/COLO829_PAO/TF0_25x/TF0_25x.rep4.bam.bai
[W::hts_idx_load3] The index file is older than the data file: /bip7_disk/pingting114/mixed_bam/COLO829_PAO/TF0_25x/TF0_25x.rep4.bam.bai
[W::hts_idx_load3] The index file is older than the data file: /bip7_disk/pingting114/mixed_bam/COLO829_PAO/TF0_25x/TF0_25x.rep4.bam.bai
[W::hts_idx_load3] The index file is older than the data file: /bip7_disk/pingting114/mixed_bam/COLO829_PAO/TF0_25x/TF0_25x.rep4.bam.bai
[W::bam_next_basemod] MM tag refers to bases beyond sequence length
[W::bam_next_basemod] MM tag refers to bases beyond sequence length
[E::bam_parse_basemod2] a8c2d7b9-d11e-482e-8c1f-738fb75ec33a: MM tag refers to bases beyond sequence length
[W::hts_idx_load3] The index file is older than the data file: /bip7_disk/pingting114/mixed_bam/COLO829_PAO/TF0_25x/TF0_25x.rep4.bam.bai
[W::hts_idx_load3] The index file is older than the data file: /bip7_disk/pingting114/mixed_bam/COLO829_PAO/TF0_25x/TF0_25x.rep4.bam.bai
[W::hts_idx_load3] The index file is older than the data file: /bip7_disk/pingting114/mixed_bam/COLO829_PAO/TF0_25x/TF0_25x.rep4.bam.bai
[W::hts_idx_load3] The index file is older than the data file: /bip7_disk/pingting114/mixed_bam/COLO829_PAO/TF0_25x/TF0_25x.rep4.bam.bai
[W::bam_next_basemod] MM tag refers to bases beyond sequence length
[W::hts_idx_load3] The index file is older than the data file: /bip7_disk/pingting114/mixed_bam/COLO829_PAO/TF0_25x/TF0_25x.rep4.bam.bai
[E::bam_parse_basemod2] 784acf8f-8466-4496-b1be-ccee7c30a25e: MM tag refers to bases beyond sequence length
[W::hts_idx_load3] The index file is older than the data file: /bip7_disk/pingting114/mixed_bam/COLO829_PAO/TF0_25x/TF0_25x.rep4.bam.bai
[W::hts_idx_load3] The index file is older than the data file: /bip7_disk/pingting114/mixed_bam/COLO829_PAO/TF0_25x/TF0_25x.rep4.bam.bai
[W::hts_idx_load3] The index file is older than the data file: /bip7_disk/pingting114/mixed_bam/COLO829_PAO/TF0_25x/TF0_25x.rep4.bam.bai
[W::hts_idx_load3] The index file is older than the data file: /bip7_disk/pingting114/mixed_bam/COLO829_PAO/TF0_25x/TF0_25x.rep4.bam.bai
[W::hts_idx_load3] The index file is older than the data file: /bip7_disk/pingting114/mixed_bam/COLO829_PAO/TF0_25x/TF0_25x.rep4.bam.bai
[W::hts_idx_load3] The index file is older than the data file: /bip7_disk/pingting114/mixed_bam/COLO829_PAO/TF0_25x/TF0_25x.rep4.bam.bai
[W::bam_next_basemod] MM tag refers to bases beyond sequence length
[E::bam_parse_basemod2] 84dea587-2454-4934-bb23-4c8ed0cfeefa: MM tag refers to bases beyond sequence length
[W::hts_idx_load3] The index file is older than the data file: /bip7_disk/pingting114/mixed_bam/COLO829_PAO/TF0_25x/TF0_25x.rep4.bam.bai
[W::hts_idx_load3] The index file is older than the data file: /bip7_disk/pingting114/mixed_bam/COLO829_PAO/TF0_25x/TF0_25x.rep4.bam.bai
[W::hts_idx_load3] The index file is older than the data file: /bip7_disk/pingting114/mixed_bam/COLO829_PAO/TF0_25x/TF0_25x.rep4.bam.bai
[W::hts_idx_load3] The index file is older than the data file: /bip7_disk/pingting114/mixed_bam/COLO829_PAO/TF0_25x/TF0_25x.rep4.bam.bai
[W::bam_next_basemod] MM tag refers to bases beyond sequence length
[W::hts_idx_load3] The index file is older than the data file: /bip7_disk/pingting114/mixed_bam/COLO829_PAO/TF0_25x/TF0_25x.rep4.bam.bai
[W::hts_idx_load3] The index file is older than the data file: /bip7_disk/pingting114/mixed_bam/COLO829_PAO/TF0_25x/TF0_25x.rep4.bam.bai
[W::hts_idx_load3] The index file is older than the data file: /bip7_disk/pingting114/mixed_bam/COLO829_PAO/TF0_25x/TF0_25x.rep4.bam.bai
[E::bam_parse_basemod2] 3ce68c72-7af4-42fa-8106-793a2a0acf51: MM tag refers to bases beyond sequence length
[W::hts_idx_load3] The index file is older than the data file: /bip7_disk/pingting114/mixed_bam/COLO829_PAO/TF0_25x/TF0_25x.rep4.bam.bai
[W::bam_next_basemod] MM tag refers to bases beyond sequence length
[W::hts_idx_load3] The index file is older than the data file: /bip7_disk/pingting114/mixed_bam/COLO829_PAO/TF0_25x/TF0_25x.rep4.bam.bai
[W::hts_idx_load3] The index file is older than the data file: /bip7_disk/pingting114/mixed_bam/COLO829_PAO/TF0_25x/TF0_25x.rep4.bam.bai
[W::bam_next_basemod] MM tag refers to bases beyond sequence length
[W::hts_idx_load3] The index file is older than the data file: /bip7_disk/pingting114/mixed_bam/COLO829_PAO/TF0_25x/TF0_25x.rep4.bam.bai
[W::hts_idx_load3] The index file is older than the data file: /bip7_disk/pingting114/mixed_bam/COLO829_PAO/TF0_25x/TF0_25x.rep4.bam.bai
[W::hts_idx_load3] The index file is older than the data file: /bip7_disk/pingting114/mixed_bam/COLO829_PAO/TF0_25x/TF0_25x.rep4.bam.bai
[W::hts_idx_load3] The index file is older than the data file: /bip7_disk/pingting114/mixed_bam/COLO829_PAO/TF0_25x/TF0_25x.rep4.bam.bai
[W::hts_idx_load3] The index file is older than the data file: /bip7_disk/pingting114/mixed_bam/COLO829_PAO/TF0_25x/TF0_25x.rep4.bam.bai
[W::hts_idx_load3] The index file is older than the data file: /bip7_disk/pingting114/mixed_bam/COLO829_PAO/TF0_25x/TF0_25x.rep4.bam.bai
[W::bam_next_basemod] MM tag refers to bases beyond sequence length
[W::hts_idx_load3] The index file is older than the data file: /bip7_disk/pingting114/mixed_bam/COLO829_PAO/TF0_25x/TF0_25x.rep4.bam.bai
[W::hts_idx_load3] The index file is older than the data file: /bip7_disk/pingting114/mixed_bam/COLO829_PAO/TF0_25x/TF0_25x.rep4.bam.bai
[W::hts_idx_load3] The index file is older than the data file: /bip7_disk/pingting114/mixed_bam/COLO829_PAO/TF0_25x/TF0_25x.rep4.bam.bai
[W::hts_idx_load3] The index file is older than the data file: /bip7_disk/pingting114/mixed_bam/COLO829_PAO/TF0_25x/TF0_25x.rep4.bam.bai
[W::hts_idx_load3] The index file is older than the data file: /bip7_disk/pingting114/mixed_bam/COLO829_PAO/TF0_25x/TF0_25x.rep4.bam.bai
[W::hts_idx_load3] The index file is older than the data file: /bip7_disk/pingting114/mixed_bam/COLO829_PAO/TF0_25x/TF0_25x.rep4.bam.bai
[W::hts_idx_load3] The index file is older than the data file: /bip7_disk/pingting114/mixed_bam/COLO829_PAO/TF0_25x/TF0_25x.rep4.bam.bai
[W::hts_idx_load3] The index file is older than the data file: /bip7_disk/pingting114/mixed_bam/COLO829_PAO/TF0_25x/TF0_25x.rep4.bam.bai
[W::hts_idx_load3] The index file is older than the data file: /bip7_disk/pingting114/mixed_bam/COLO829_PAO/TF0_25x/TF0_25x.rep4.bam.bai
[W::hts_idx_load3] The index file is older than the data file: /bip7_disk/pingting114/mixed_bam/COLO829_PAO/TF0_25x/TF0_25x.rep4.bam.bai
[W::hts_idx_load3] The index file is older than the data file: /bip7_disk/pingting114/mixed_bam/COLO829_PAO/TF0_25x/TF0_25x.rep4.bam.bai
[W::hts_idx_load3] The index file is older than the data file: /bip7_disk/pingting114/mixed_bam/COLO829_PAO/TF0_25x/TF0_25x.rep4.bam.bai
[W::hts_idx_load3] The index file is older than the data file: /bip7_disk/pingting114/mixed_bam/COLO829_PAO/TF0_25x/TF0_25x.rep4.bam.bai
[W::hts_idx_load3] The index file is older than the data file: /bip7_disk/pingting114/mixed_bam/COLO829_PAO/TF0_25x/TF0_25x.rep4.bam.bai
[W::hts_idx_load3] The index file is older than the data file: /bip7_disk/pingting114/mixed_bam/COLO829_PAO/TF0_25x/TF0_25x.rep4.bam.bai
[W::hts_idx_load3] The index file is older than the data file: /bip7_disk/pingting114/mixed_bam/COLO829_PAO/TF0_25x/TF0_25x.rep4.bam.bai
[W::hts_idx_load3] The index file is older than the data file: /bip7_disk/pingting114/mixed_bam/COLO829_PAO/TF0_25x/TF0_25x.rep4.bam.bai
[W::hts_idx_load3] The index file is older than the data file: /bip7_disk/pingting114/mixed_bam/COLO829_PAO/TF0_25x/TF0_25x.rep4.bam.bai
[W::hts_idx_load3] The index file is older than the data file: /bip7_disk/pingting114/mixed_bam/COLO829_PAO/TF0_25x/TF0_25x.rep4.bam.bai
[W::hts_idx_load3] The index file is older than the data file: /bip7_disk/pingting114/mixed_bam/COLO829_PAO/TF0_25x/TF0_25x.rep4.bam.bai
[W::hts_idx_load3] The index file is older than the data file: /bip7_disk/pingting114/mixed_bam/COLO829_PAO/TF0_25x/TF0_25x.rep4.bam.bai
[W::hts_idx_load3] The index file is older than the data file: /bip7_disk/pingting114/mixed_bam/COLO829_PAO/TF0_25x/TF0_25x.rep4.bam.bai
[E::bam_parse_basemod2] 9005c0e6-d397-41bc-9bfd-d54da9e84406: MM tag refers to bases beyond sequence length
[W::hts_idx_load3] The index file is older than the data file: /bip7_disk/pingting114/mixed_bam/COLO829_PAO/TF0_25x/TF0_25x.rep4.bam.bai
[W::hts_idx_load3] The index file is older than the data file: /bip7_disk/pingting114/mixed_bam/COLO829_PAO/TF0_25x/TF0_25x.rep4.bam.bai
[W::bam_next_basemod] MM tag refers to bases beyond sequence length
[W::hts_idx_load3] The index file is older than the data file: /bip7_disk/pingting114/mixed_bam/COLO829_PAO/TF0_25x/TF0_25x.rep4.bam.bai
[W::bam_next_basemod] MM tag refers to bases beyond sequence length
[W::hts_idx_load3] The index file is older than the data file: /bip7_disk/pingting114/mixed_bam/COLO829_PAO/TF0_25x/TF0_25x.rep4.bam.bai
[W::hts_idx_load3] The index file is older than the data file: /bip7_disk/pingting114/mixed_bam/COLO829_PAO/TF0_25x/TF0_25x.rep4.bam.bai
[W::hts_idx_load3] The index file is older than the data file: /bip7_disk/pingting114/mixed_bam/COLO829_PAO/TF0_25x/TF0_25x.rep4.bam.bai
[E::bam_parse_basemod2] be793b24-0799-4919-9ca1-0c6e1627235b: MM tag refers to bases beyond sequence length
[W::hts_idx_load3] The index file is older than the data file: /bip7_disk/pingting114/mixed_bam/COLO829_PAO/TF0_25x/TF0_25x.rep4.bam.bai
[W::hts_idx_load3] The index file is older than the data file: /bip7_disk/pingting114/mixed_bam/COLO829_PAO/TF0_25x/TF0_25x.rep4.bam.bai
[W::hts_idx_load3] The index file is older than the data file: /bip7_disk/pingting114/mixed_bam/COLO829_PAO/TF0_25x/TF0_25x.rep4.bam.bai
[W::hts_idx_load3] The index file is older than the data file: /bip7_disk/pingting114/mixed_bam/COLO829_PAO/TF0_25x/TF0_25x.rep4.bam.bai
[W::hts_idx_load3] The index file is older than the data file: /bip7_disk/pingting114/mixed_bam/COLO829_PAO/TF0_25x/TF0_25x.rep4.bam.bai
[W::hts_idx_load3] The index file is older than the data file: /bip7_disk/pingting114/mixed_bam/COLO829_PAO/TF0_25x/TF0_25x.rep4.bam.bai
[W::hts_idx_load3] The index file is older than the data file: /bip7_disk/pingting114/mixed_bam/COLO829_PAO/TF0_25x/TF0_25x.rep4.bam.bai
[W::hts_idx_load3] The index file is older than the data file: /bip7_disk/pingting114/mixed_bam/COLO829_PAO/TF0_25x/TF0_25x.rep4.bam.bai
[W::hts_idx_load3] The index file is older than the data file: /bip7_disk/pingting114/mixed_bam/COLO829_PAO/TF0_25x/TF0_25x.rep4.bam.bai
[W::hts_idx_load3] The index file is older than the data file: /bip7_disk/pingting114/mixed_bam/COLO829_PAO/TF0_25x/TF0_25x.rep4.bam.bai
[W::bam_next_basemod] MM tag refers to bases beyond sequence length
[W::hts_idx_load3] The index file is older than the data file: /bip7_disk/pingting114/mixed_bam/COLO829_PAO/TF0_25x/TF0_25x.rep4.bam.bai
[W::bam_next_basemod] MM tag refers to bases beyond sequence length
[W::hts_idx_load3] The index file is older than the data file: /bip7_disk/pingting114/mixed_bam/COLO829_PAO/TF0_25x/TF0_25x.rep4.bam.bai
[W::hts_idx_load3] The index file is older than the data file: /bip7_disk/pingting114/mixed_bam/COLO829_PAO/TF0_25x/TF0_25x.rep4.bam.bai
[W::hts_idx_load3] The index file is older than the data file: /bip7_disk/pingting114/mixed_bam/COLO829_PAO/TF0_25x/TF0_25x.rep4.bam.bai
[W::bam_next_basemod] MM tag refers to bases beyond sequence length
[W::hts_idx_load3] The index file is older than the data file: /bip7_disk/pingting114/mixed_bam/COLO829_PAO/TF0_25x/TF0_25x.rep4.bam.bai
[W::hts_idx_load3] The index file is older than the data file: /bip7_disk/pingting114/mixed_bam/COLO829_PAO/TF0_25x/TF0_25x.rep4.bam.bai
[W::hts_idx_load3] The index file is older than the data file: /bip7_disk/pingting114/mixed_bam/COLO829_PAO/TF0_25x/TF0_25x.rep4.bam.bai
[W::bam_next_basemod] MM tag refers to bases beyond sequence length
[W::hts_idx_load3] The index file is older than the data file: /bip7_disk/pingting114/mixed_bam/COLO829_PAO/TF0_25x/TF0_25x.rep4.bam.bai
[W::bam_next_basemod] MM tag refers to bases beyond sequence length
[W::hts_idx_load3] The index file is older than the data file: /bip7_disk/pingting114/mixed_bam/COLO829_PAO/TF0_25x/TF0_25x.rep4.bam.bai
[W::bam_next_basemod] MM tag refers to bases beyond sequence length
[W::hts_idx_load3] The index file is older than the data file: /bip7_disk/pingting114/mixed_bam/COLO829_PAO/TF0_25x/TF0_25x.rep4.bam.bai
[W::hts_idx_load3] The index file is older than the data file: /bip7_disk/pingting114/mixed_bam/COLO829_PAO/TF0_25x/TF0_25x.rep4.bam.bai
[W::hts_idx_load3] The index file is older than the data file: /bip7_disk/pingting114/mixed_bam/COLO829_PAO/TF0_25x/TF0_25x.rep4.bam.bai
[W::hts_idx_load3] The index file is older than the data file: /bip7_disk/pingting114/mixed_bam/COLO829_PAO/TF0_25x/TF0_25x.rep4.bam.bai
[E::bam_parse_basemod2] b7da0d0c-878a-449a-ac21-ce2ac6f6191f: MM tag refers to bases beyond sequence length
[W::hts_idx_load3] The index file is older than the data file: /bip7_disk/pingting114/mixed_bam/COLO829_PAO/TF0_25x/TF0_25x.rep4.bam.bai
[W::hts_idx_load3] The index file is older than the data file: /bip7_disk/pingting114/mixed_bam/COLO829_PAO/TF0_25x/TF0_25x.rep4.bam.bai
[W::bam_next_basemod] MM tag refers to bases beyond sequence length
[W::hts_idx_load3] The index file is older than the data file: /bip7_disk/pingting114/mixed_bam/COLO829_PAO/TF0_25x/TF0_25x.rep4.bam.bai
[E::bam_parse_basemod2] 8b3bd841-9c7f-40e2-ad8a-6cdfa5151496: MM tag refers to bases beyond sequence length
[W::hts_idx_load3] The index file is older than the data file: /bip7_disk/pingting114/mixed_bam/COLO829_PAO/TF0_25x/TF0_25x.rep4.bam.bai
[W::hts_idx_load3] The index file is older than the data file: /bip7_disk/pingting114/mixed_bam/COLO829_PAO/TF0_25x/TF0_25x.rep4.bam.bai
[W::bam_next_basemod] MM tag refers to bases beyond sequence length
[W::hts_idx_load3] The index file is older than the data file: /bip7_disk/pingting114/mixed_bam/COLO829_PAO/TF0_25x/TF0_25x.rep4.bam.bai
[W::hts_idx_load3] The index file is older than the data file: /bip7_disk/pingting114/mixed_bam/COLO829_PAO/TF0_25x/TF0_25x.rep4.bam.bai
[W::hts_idx_load3] The index file is older than the data file: /bip7_disk/pingting114/mixed_bam/COLO829_PAO/TF0_25x/TF0_25x.rep4.bam.bai
[W::hts_idx_load3] The index file is older than the data file: /bip7_disk/pingting114/mixed_bam/COLO829_PAO/TF0_25x/TF0_25x.rep4.bam.bai
[W::hts_idx_load3] The index file is older than the data file: /bip7_disk/pingting114/mixed_bam/COLO829_PAO/TF0_25x/TF0_25x.rep4.bam.bai
[W::hts_idx_load3] The index file is older than the data file: /bip7_disk/pingting114/mixed_bam/COLO829_PAO/TF0_25x/TF0_25x.rep4.bam.bai
[W::hts_idx_load3] The index file is older than the data file: /bip7_disk/pingting114/mixed_bam/COLO829_PAO/TF0_25x/TF0_25x.rep4.bam.bai
[W::hts_idx_load3] The index file is older than the data file: /bip7_disk/pingting114/mixed_bam/COLO829_PAO/TF0_25x/TF0_25x.rep4.bam.bai
[W::hts_idx_load3] The index file is older than the data file: /bip7_disk/pingting114/mixed_bam/COLO829_PAO/TF0_25x/TF0_25x.rep4.bam.bai
[W::hts_idx_load3] The index file is older than the data file: /bip7_disk/pingting114/mixed_bam/COLO829_PAO/TF0_25x/TF0_25x.rep4.bam.bai
[W::hts_idx_load3] The index file is older than the data file: /bip7_disk/pingting114/mixed_bam/COLO829_PAO/TF0_25x/TF0_25x.rep4.bam.bai
[W::hts_idx_load3] The index file is older than the data file: /bip7_disk/pingting114/mixed_bam/COLO829_PAO/TF0_25x/TF0_25x.rep4.bam.bai
[W::hts_idx_load3] The index file is older than the data file: /bip7_disk/pingting114/mixed_bam/COLO829_PAO/TF0_25x/TF0_25x.rep4.bam.bai
[W::hts_idx_load3] The index file is older than the data file: /bip7_disk/pingting114/mixed_bam/COLO829_PAO/TF0_25x/TF0_25x.rep4.bam.bai
[W::hts_idx_load3] The index file is older than the data file: /bip7_disk/pingting114/mixed_bam/COLO829_PAO/TF0_25x/TF0_25x.rep4.bam.bai
[W::bam_next_basemod] MM tag refers to bases beyond sequence length
[W::hts_idx_load3] The index file is older than the data file: /bip7_disk/pingting114/mixed_bam/COLO829_PAO/TF0_25x/TF0_25x.rep4.bam.bai
[W::hts_idx_load3] The index file is older than the data file: /bip7_disk/pingting114/mixed_bam/COLO829_PAO/TF0_25x/TF0_25x.rep4.bam.bai
[W::hts_idx_load3] The index file is older than the data file: /bip7_disk/pingting114/mixed_bam/COLO829_PAO/TF0_25x/TF0_25x.rep4.bam.bai
[W::bam_next_basemod] MM tag refers to bases beyond sequence length
[W::hts_idx_load3] The index file is older than the data file: /bip7_disk/pingting114/mixed_bam/COLO829_PAO/TF0_25x/TF0_25x.rep4.bam.bai
[W::hts_idx_load3] The index file is older than the data file: /bip7_disk/pingting114/mixed_bam/COLO829_PAO/TF0_25x/TF0_25x.rep4.bam.bai
[W::bam_next_basemod] MM tag refers to bases beyond sequence length
[W::hts_idx_load3] The index file is older than the data file: /bip7_disk/pingting114/mixed_bam/COLO829_PAO/TF0_25x/TF0_25x.rep4.bam.bai
[W::hts_idx_load3] The index file is older than the data file: /bip7_disk/pingting114/mixed_bam/COLO829_PAO/TF0_25x/TF0_25x.rep4.bam.bai
[W::hts_idx_load3] The index file is older than the data file: /bip7_disk/pingting114/mixed_bam/COLO829_PAO/TF0_25x/TF0_25x.rep4.bam.bai
[W::hts_idx_load3] The index file is older than the data file: /bip7_disk/pingting114/mixed_bam/COLO829_PAO/TF0_25x/TF0_25x.rep4.bam.bai
[W::hts_idx_load3] The index file is older than the data file: /bip7_disk/pingting114/mixed_bam/COLO829_PAO/TF0_25x/TF0_25x.rep4.bam.bai
[W::hts_idx_load3] The index file is older than the data file: /bip7_disk/pingting114/mixed_bam/COLO829_PAO/TF0_25x/TF0_25x.rep4.bam.bai
[W::hts_idx_load3] The index file is older than the data file: /bip7_disk/pingting114/mixed_bam/COLO829_PAO/TF0_25x/TF0_25x.rep4.bam.bai
[W::hts_idx_load3] The index file is older than the data file: /bip7_disk/pingting114/mixed_bam/COLO829_PAO/TF0_25x/TF0_25x.rep4.bam.bai
[W::hts_idx_load3] The index file is older than the data file: /bip7_disk/pingting114/mixed_bam/COLO829_PAO/TF0_25x/TF0_25x.rep4.bam.bai
[W::hts_idx_load3] The index file is older than the data file: /bip7_disk/pingting114/mixed_bam/COLO829_PAO/TF0_25x/TF0_25x.rep4.bam.bai
[W::hts_idx_load3] The index file is older than the data file: /bip7_disk/pingting114/mixed_bam/COLO829_PAO/TF0_25x/TF0_25x.rep4.bam.bai
[W::bam_next_basemod] MM tag refers to bases beyond sequence length
[W::hts_idx_load3] The index file is older than the data file: /bip7_disk/pingting114/mixed_bam/COLO829_PAO/TF0_25x/TF0_25x.rep4.bam.bai
[W::bam_next_basemod] MM tag refers to bases beyond sequence length
[W::hts_idx_load3] The index file is older than the data file: /bip7_disk/pingting114/mixed_bam/COLO829_PAO/TF0_25x/TF0_25x.rep4.bam.bai
[W::bam_next_basemod] MM tag refers to bases beyond sequence length
[W::hts_idx_load3] The index file is older than the data file: /bip7_disk/pingting114/mixed_bam/COLO829_PAO/TF0_25x/TF0_25x.rep4.bam.bai
[W::hts_idx_load3] The index file is older than the data file: /bip7_disk/pingting114/mixed_bam/COLO829_PAO/TF0_25x/TF0_25x.rep4.bam.bai
[W::bam_next_basemod] MM tag refers to bases beyond sequence length
[W::hts_idx_load3] The index file is older than the data file: /bip7_disk/pingting114/mixed_bam/COLO829_PAO/TF0_25x/TF0_25x.rep4.bam.bai
[W::hts_idx_load3] The index file is older than the data file: /bip7_disk/pingting114/mixed_bam/COLO829_PAO/TF0_25x/TF0_25x.rep4.bam.bai
[W::hts_idx_load3] The index file is older than the data file: /bip7_disk/pingting114/mixed_bam/COLO829_PAO/TF0_25x/TF0_25x.rep4.bam.bai
[W::hts_idx_load3] The index file is older than the data file: /bip7_disk/pingting114/mixed_bam/COLO829_PAO/TF0_25x/TF0_25x.rep4.bam.bai
[W::bam_next_basemod] MM tag refers to bases beyond sequence length
[W::hts_idx_load3] The index file is older than the data file: /bip7_disk/pingting114/mixed_bam/COLO829_PAO/TF0_25x/TF0_25x.rep4.bam.bai
[W::bam_next_basemod] MM tag refers to bases beyond sequence length
[W::hts_idx_load3] The index file is older than the data file: /bip7_disk/pingting114/mixed_bam/COLO829_PAO/TF0_25x/TF0_25x.rep4.bam.bai
[W::hts_idx_load3] The index file is older than the data file: /bip7_disk/pingting114/mixed_bam/COLO829_PAO/TF0_25x/TF0_25x.rep4.bam.bai
[W::hts_idx_load3] The index file is older than the data file: /bip7_disk/pingting114/mixed_bam/COLO829_PAO/TF0_25x/TF0_25x.rep4.bam.bai
[W::hts_idx_load3] The index file is older than the data file: /bip7_disk/pingting114/mixed_bam/COLO829_PAO/TF0_25x/TF0_25x.rep4.bam.bai
[W::bam_next_basemod] MM tag refers to bases beyond sequence length
[W::bam_next_basemod] MM tag refers to bases beyond sequence length
[W::bam_next_basemod] MM tag refers to bases beyond sequence length
[W::hts_idx_load3] The index file is older than the data file: /bip7_disk/pingting114/mixed_bam/COLO829_PAO/TF0_25x/TF0_25x.rep4.bam.bai
[W::bam_next_basemod] MM tag refers to bases beyond sequence length
[W::hts_idx_load3] The index file is older than the data file: /bip7_disk/pingting114/mixed_bam/COLO829_PAO/TF0_25x/TF0_25x.rep4.bam.bai
[W::hts_idx_load3] The index file is older than the data file: /bip7_disk/pingting114/mixed_bam/COLO829_PAO/TF0_25x/TF0_25x.rep4.bam.bai
[W::hts_idx_load3] The index file is older than the data file: /bip7_disk/pingting114/mixed_bam/COLO829_PAO/TF0_25x/TF0_25x.rep4.bam.bai
[W::hts_idx_load3] The index file is older than the data file: /bip7_disk/pingting114/mixed_bam/COLO829_PAO/TF0_25x/TF0_25x.rep4.bam.bai
[W::hts_idx_load3] The index file is older than the data file: /bip7_disk/pingting114/mixed_bam/COLO829_PAO/TF0_25x/TF0_25x.rep4.bam.bai
[W::hts_idx_load3] The index file is older than the data file: /bip7_disk/pingting114/mixed_bam/COLO829_PAO/TF0_25x/TF0_25x.rep4.bam.bai
[W::hts_idx_load3] The index file is older than the data file: /bip7_disk/pingting114/mixed_bam/COLO829_PAO/TF0_25x/TF0_25x.rep4.bam.bai
[W::hts_idx_load3] The index file is older than the data file: /bip7_disk/pingting114/mixed_bam/COLO829_PAO/TF0_25x/TF0_25x.rep4.bam.bai
[W::hts_idx_load3] The index file is older than the data file: /bip7_disk/pingting114/mixed_bam/COLO829_PAO/TF0_25x/TF0_25x.rep4.bam.bai
[W::hts_idx_load3] The index file is older than the data file: /bip7_disk/pingting114/mixed_bam/COLO829_PAO/TF0_25x/TF0_25x.rep4.bam.bai
[E::bam_parse_basemod2] a9f0b6f4-c48c-4997-97e5-341b8034d9a4: MM tag refers to bases beyond sequence length
[W::bam_next_basemod] MM tag refers to bases beyond sequence length
[W::hts_idx_load3] The index file is older than the data file: /bip7_disk/pingting114/mixed_bam/COLO829_PAO/TF0_25x/TF0_25x.rep4.bam.bai
[W::hts_idx_load3] The index file is older than the data file: /bip7_disk/pingting114/mixed_bam/COLO829_PAO/TF0_25x/TF0_25x.rep4.bam.bai
[W::hts_idx_load3] The index file is older than the data file: /bip7_disk/pingting114/mixed_bam/COLO829_PAO/TF0_25x/TF0_25x.rep4.bam.bai
[W::bam_next_basemod] MM tag refers to bases beyond sequence length
[W::hts_idx_load3] The index file is older than the data file: /bip7_disk/pingting114/mixed_bam/COLO829_PAO/TF0_25x/TF0_25x.rep4.bam.bai
[W::hts_idx_load3] The index file is older than the data file: /bip7_disk/pingting114/mixed_bam/COLO829_PAO/TF0_25x/TF0_25x.rep4.bam.bai
[W::hts_idx_load3] The index file is older than the data file: /bip7_disk/pingting114/mixed_bam/COLO829_PAO/TF0_25x/TF0_25x.rep4.bam.bai
[W::hts_idx_load3] The index file is older than the data file: /bip7_disk/pingting114/mixed_bam/COLO829_PAO/TF0_25x/TF0_25x.rep4.bam.bai
[W::hts_idx_load3] The index file is older than the data file: /bip7_disk/pingting114/mixed_bam/COLO829_PAO/TF0_25x/TF0_25x.rep4.bam.bai
[W::hts_idx_load3] The index file is older than the data file: /bip7_disk/pingting114/mixed_bam/COLO829_PAO/TF0_25x/TF0_25x.rep4.bam.bai
[W::hts_idx_load3] The index file is older than the data file: /bip7_disk/pingting114/mixed_bam/COLO829_PAO/TF0_25x/TF0_25x.rep4.bam.bai
[W::hts_idx_load3] The index file is older than the data file: /bip7_disk/pingting114/mixed_bam/COLO829_PAO/TF0_25x/TF0_25x.rep4.bam.bai
[W::hts_idx_load3] The index file is older than the data file: /bip7_disk/pingting114/mixed_bam/COLO829_PAO/TF0_25x/TF0_25x.rep4.bam.bai
[W::hts_idx_load3] The index file is older than the data file: /bip7_disk/pingting114/mixed_bam/COLO829_PAO/TF0_25x/TF0_25x.rep4.bam.bai
[W::hts_idx_load3] The index file is older than the data file: /bip7_disk/pingting114/mixed_bam/COLO829_PAO/TF0_25x/TF0_25x.rep4.bam.bai
[W::hts_idx_load3] The index file is older than the data file: /bip7_disk/pingting114/mixed_bam/COLO829_PAO/TF0_25x/TF0_25x.rep4.bam.bai
[W::hts_idx_load3] The index file is older than the data file: /bip7_disk/pingting114/mixed_bam/COLO829_PAO/TF0_25x/TF0_25x.rep4.bam.bai
[W::hts_idx_load3] The index file is older than the data file: /bip7_disk/pingting114/mixed_bam/COLO829_PAO/TF0_25x/TF0_25x.rep4.bam.bai
[W::hts_idx_load3] The index file is older than the data file: /bip7_disk/pingting114/mixed_bam/COLO829_PAO/TF0_25x/TF0_25x.rep4.bam.bai
[W::hts_idx_load3] The index file is older than the data file: /bip7_disk/pingting114/mixed_bam/COLO829_PAO/TF0_25x/TF0_25x.rep4.bam.bai
[W::hts_idx_load3] The index file is older than the data file: /bip7_disk/pingting114/mixed_bam/COLO829_PAO/TF0_25x/TF0_25x.rep4.bam.bai
[E::bam_parse_basemod2] c1b5d31f-2451-4e97-93d4-bbdca7367421: MM tag refers to bases beyond sequence length
[W::hts_idx_load3] The index file is older than the data file: /bip7_disk/pingting114/mixed_bam/COLO829_PAO/TF0_25x/TF0_25x.rep4.bam.bai
[E::bam_parse_basemod2] 4ccdb7d3-6704-4ade-85b4-728ee1aeedb3: MM tag refers to bases beyond sequence length
[W::hts_idx_load3] The index file is older than the data file: /bip7_disk/pingting114/mixed_bam/COLO829_PAO/TF0_25x/TF0_25x.rep4.bam.bai
[W::bam_next_basemod] MM tag refers to bases beyond sequence length
[W::hts_idx_load3] The index file is older than the data file: /bip7_disk/pingting114/mixed_bam/COLO829_PAO/TF0_25x/TF0_25x.rep4.bam.bai
[W::hts_idx_load3] The index file is older than the data file: /bip7_disk/pingting114/mixed_bam/COLO829_PAO/TF0_25x/TF0_25x.rep4.bam.bai
[E::bam_parse_basemod2] 14118af2-7b11-4ad4-b087-1600b1846f08: MM tag refers to bases beyond sequence length
[W::hts_idx_load3] The index file is older than the data file: /bip7_disk/pingting114/mixed_bam/COLO829_PAO/TF0_25x/TF0_25x.rep4.bam.bai
[W::hts_idx_load3] The index file is older than the data file: /bip7_disk/pingting114/mixed_bam/COLO829_PAO/TF0_25x/TF0_25x.rep4.bam.bai
[W::hts_idx_load3] The index file is older than the data file: /bip7_disk/pingting114/mixed_bam/COLO829_PAO/TF0_25x/TF0_25x.rep4.bam.bai
[W::hts_idx_load3] The index file is older than the data file: /bip7_disk/pingting114/mixed_bam/COLO829_PAO/TF0_25x/TF0_25x.rep4.bam.bai
[E::bam_parse_basemod2] 5dffa1e4-720c-4a07-ad75-1bfd4cf0e70d: MM tag refers to bases beyond sequence length
[W::hts_idx_load3] The index file is older than the data file: /bip7_disk/pingting114/mixed_bam/COLO829_PAO/TF0_25x/TF0_25x.rep4.bam.bai
[W::hts_idx_load3] The index file is older than the data file: /bip7_disk/pingting114/mixed_bam/COLO829_PAO/TF0_25x/TF0_25x.rep4.bam.bai
[W::hts_idx_load3] The index file is older than the data file: /bip7_disk/pingting114/mixed_bam/COLO829_PAO/TF0_25x/TF0_25x.rep4.bam.bai
[W::hts_idx_load3] The index file is older than the data file: /bip7_disk/pingting114/mixed_bam/COLO829_PAO/TF0_25x/TF0_25x.rep4.bam.bai
[E::bam_parse_basemod2] 67edd870-9d1b-4863-bea9-a226ca68e152: MM tag refers to bases beyond sequence length
[W::bam_next_basemod] MM tag refers to bases beyond sequence length
[W::hts_idx_load3] The index file is older than the data file: /bip7_disk/pingting114/mixed_bam/COLO829_PAO/TF0_25x/TF0_25x.rep4.bam.bai
[W::hts_idx_load3] The index file is older than the data file: /bip7_disk/pingting114/mixed_bam/COLO829_PAO/TF0_25x/TF0_25x.rep4.bam.bai
[W::hts_idx_load3] The index file is older than the data file: /bip7_disk/pingting114/mixed_bam/COLO829_PAO/TF0_25x/TF0_25x.rep4.bam.bai
[W::hts_idx_load3] The index file is older than the data file: /bip7_disk/pingting114/mixed_bam/COLO829_PAO/TF0_25x/TF0_25x.rep4.bam.bai
[W::hts_idx_load3] The index file is older than the data file: /bip7_disk/pingting114/mixed_bam/COLO829_PAO/TF0_25x/TF0_25x.rep4.bam.bai
[E::bam_parse_basemod2] a03457e8-21e1-40cd-a3c6-84e3c3a6b58b: MM tag refers to bases beyond sequence length
[W::hts_idx_load3] The index file is older than the data file: /bip7_disk/pingting114/mixed_bam/COLO829_PAO/TF0_25x/TF0_25x.rep4.bam.bai
[W::hts_idx_load3] The index file is older than the data file: /bip7_disk/pingting114/mixed_bam/COLO829_PAO/TF0_25x/TF0_25x.rep4.bam.bai
[E::bam_parse_basemod2] 98375781-9e41-4992-b316-bf8e3637afae: MM tag refers to bases beyond sequence length
[W::hts_idx_load3] The index file is older than the data file: /bip7_disk/pingting114/mixed_bam/COLO829_PAO/TF0_25x/TF0_25x.rep4.bam.bai
[W::bam_next_basemod] MM tag refers to bases beyond sequence length
[W::hts_idx_load3] The index file is older than the data file: /bip7_disk/pingting114/mixed_bam/COLO829_PAO/TF0_25x/TF0_25x.rep4.bam.bai
[E::bam_parse_basemod2] 13e572a3-c984-470e-9621-653a6f5245ff: MM tag refers to bases beyond sequence length
[W::hts_idx_load3] The index file is older than the data file: /bip7_disk/pingting114/mixed_bam/COLO829_PAO/TF0_25x/TF0_25x.rep4.bam.bai
[W::hts_idx_load3] The index file is older than the data file: /bip7_disk/pingting114/mixed_bam/COLO829_PAO/TF0_25x/TF0_25x.rep4.bam.bai
[W::bam_next_basemod] MM tag refers to bases beyond sequence length
[W::hts_idx_load3] The index file is older than the data file: /bip7_disk/pingting114/mixed_bam/COLO829_PAO/TF0_25x/TF0_25x.rep4.bam.bai
[W::hts_idx_load3] The index file is older than the data file: /bip7_disk/pingting114/mixed_bam/COLO829_PAO/TF0_25x/TF0_25x.rep4.bam.bai
[E::bam_parse_basemod2] d5e3e800-eedd-4704-9100-7815308e743e: MM tag refers to bases beyond sequence length
[W::hts_idx_load3] The index file is older than the data file: /bip7_disk/pingting114/mixed_bam/COLO829_PAO/TF0_25x/TF0_25x.rep4.bam.bai
[E::bam_parse_basemod2] 17160d49-1b7d-4a72-a11e-814f688f3701: MM tag refers to bases beyond sequence length
[W::hts_idx_load3] The index file is older than the data file: /bip7_disk/pingting114/mixed_bam/COLO829_PAO/TF0_25x/TF0_25x.rep4.bam.bai
[W::bam_next_basemod] MM tag refers to bases beyond sequence length
[W::hts_idx_load3] The index file is older than the data file: /bip7_disk/pingting114/mixed_bam/COLO829_PAO/TF0_25x/TF0_25x.rep4.bam.bai
[W::hts_idx_load3] The index file is older than the data file: /bip7_disk/pingting114/mixed_bam/COLO829_PAO/TF0_25x/TF0_25x.rep4.bam.bai
[E::bam_parse_basemod2] e65a0280-af63-418c-a731-98aed7727ada: MM tag refers to bases beyond sequence length
[W::hts_idx_load3] The index file is older than the data file: /bip7_disk/pingting114/mixed_bam/COLO829_PAO/TF0_25x/TF0_25x.rep4.bam.bai
[W::bam_next_basemod] MM tag refers to bases beyond sequence length
[W::hts_idx_load3] The index file is older than the data file: /bip7_disk/pingting114/mixed_bam/COLO829_PAO/TF0_25x/TF0_25x.rep4.bam.bai
[W::hts_idx_load3] The index file is older than the data file: /bip7_disk/pingting114/mixed_bam/COLO829_PAO/TF0_25x/TF0_25x.rep4.bam.bai
[E::bam_parse_basemod2] f1141f97-ed5c-496e-bfce-cc3ceffefc50: MM tag refers to bases beyond sequence length
[W::bam_next_basemod] MM tag refers to bases beyond sequence length
[W::bam_next_basemod] MM tag refers to bases beyond sequence length
[W::hts_idx_load3] The index file is older than the data file: /bip7_disk/pingting114/mixed_bam/COLO829_PAO/TF0_25x/TF0_25x.rep4.bam.bai
[W::bam_next_basemod] MM tag refers to bases beyond sequence length
[W::hts_idx_load3] The index file is older than the data file: /bip7_disk/pingting114/mixed_bam/COLO829_PAO/TF0_25x/TF0_25x.rep4.bam.bai
[W::hts_idx_load3] The index file is older than the data file: /bip7_disk/pingting114/mixed_bam/COLO829_PAO/TF0_25x/TF0_25x.rep4.bam.bai
[W::hts_idx_load3] The index file is older than the data file: /bip7_disk/pingting114/mixed_bam/COLO829_PAO/TF0_25x/TF0_25x.rep4.bam.bai
[W::bam_next_basemod] MM tag refers to bases beyond sequence length
[W::hts_idx_load3] The index file is older than the data file: /bip7_disk/pingting114/mixed_bam/COLO829_PAO/TF0_25x/TF0_25x.rep4.bam.bai
[W::hts_idx_load3] The index file is older than the data file: /bip7_disk/pingting114/mixed_bam/COLO829_PAO/TF0_25x/TF0_25x.rep4.bam.bai
[W::hts_idx_load3] The index file is older than the data file: /bip7_disk/pingting114/mixed_bam/COLO829_PAO/TF0_25x/TF0_25x.rep4.bam.bai
[W::hts_idx_load3] The index file is older than the data file: /bip7_disk/pingting114/mixed_bam/COLO829_PAO/TF0_25x/TF0_25x.rep4.bam.bai
[W::hts_idx_load3] The index file is older than the data file: /bip7_disk/pingting114/mixed_bam/COLO829_PAO/TF0_25x/TF0_25x.rep4.bam.bai
[W::hts_idx_load3] The index file is older than the data file: /bip7_disk/pingting114/mixed_bam/COLO829_PAO/TF0_25x/TF0_25x.rep4.bam.bai
[W::hts_idx_load3] The index file is older than the data file: /bip7_disk/pingting114/mixed_bam/COLO829_PAO/TF0_25x/TF0_25x.rep4.bam.bai
[W::bam_next_basemod] MM tag refers to bases beyond sequence length
[W::bam_next_basemod] MM tag refers to bases beyond sequence length
[W::hts_idx_load3] The index file is older than the data file: /bip7_disk/pingting114/mixed_bam/COLO829_PAO/TF0_25x/TF0_25x.rep4.bam.bai
[W::hts_idx_load3] The index file is older than the data file: /bip7_disk/pingting114/mixed_bam/COLO829_PAO/TF0_25x/TF0_25x.rep4.bam.bai
[W::hts_idx_load3] The index file is older than the data file: /bip7_disk/pingting114/mixed_bam/COLO829_PAO/TF0_25x/TF0_25x.rep4.bam.bai
[W::hts_idx_load3] The index file is older than the data file: /bip7_disk/pingting114/mixed_bam/COLO829_PAO/TF0_25x/TF0_25x.rep4.bam.bai
[W::hts_idx_load3] The index file is older than the data file: /bip7_disk/pingting114/mixed_bam/COLO829_PAO/TF0_25x/TF0_25x.rep4.bam.bai
[W::hts_idx_load3] The index file is older than the data file: /bip7_disk/pingting114/mixed_bam/COLO829_PAO/TF0_25x/TF0_25x.rep4.bam.bai
[W::hts_idx_load3] The index file is older than the data file: /bip7_disk/pingting114/mixed_bam/COLO829_PAO/TF0_25x/TF0_25x.rep4.bam.bai
[W::hts_idx_load3] The index file is older than the data file: /bip7_disk/pingting114/mixed_bam/COLO829_PAO/TF0_25x/TF0_25x.rep4.bam.bai
[W::hts_idx_load3] The index file is older than the data file: /bip7_disk/pingting114/mixed_bam/COLO829_PAO/TF0_25x/TF0_25x.rep4.bam.bai
[E::bam_parse_basemod2] f358e432-9252-44ad-8af6-cb1272431f70: MM tag refers to bases beyond sequence length
[W::hts_idx_load3] The index file is older than the data file: /bip7_disk/pingting114/mixed_bam/COLO829_PAO/TF0_25x/TF0_25x.rep4.bam.bai
[W::hts_idx_load3] The index file is older than the data file: /bip7_disk/pingting114/mixed_bam/COLO829_PAO/TF0_25x/TF0_25x.rep4.bam.bai
[E::bam_parse_basemod2] c62a246c-f157-4804-93d3-9c6022d79366: MM tag refers to bases beyond sequence length
[W::hts_idx_load3] The index file is older than the data file: /bip7_disk/pingting114/mixed_bam/COLO829_PAO/TF0_25x/TF0_25x.rep4.bam.bai
[W::hts_idx_load3] The index file is older than the data file: /bip7_disk/pingting114/mixed_bam/COLO829_PAO/TF0_25x/TF0_25x.rep4.bam.bai
[W::hts_idx_load3] The index file is older than the data file: /bip7_disk/pingting114/mixed_bam/COLO829_PAO/TF0_25x/TF0_25x.rep4.bam.bai
[W::hts_idx_load3] The index file is older than the data file: /bip7_disk/pingting114/mixed_bam/COLO829_PAO/TF0_25x/TF0_25x.rep4.bam.bai
[W::bam_next_basemod] MM tag refers to bases beyond sequence length
[W::hts_idx_load3] The index file is older than the data file: /bip7_disk/pingting114/mixed_bam/COLO829_PAO/TF0_25x/TF0_25x.rep4.bam.bai
[W::hts_idx_load3] The index file is older than the data file: /bip7_disk/pingting114/mixed_bam/COLO829_PAO/TF0_25x/TF0_25x.rep4.bam.bai
[W::hts_idx_load3] The index file is older than the data file: /bip7_disk/pingting114/mixed_bam/COLO829_PAO/TF0_25x/TF0_25x.rep4.bam.bai
[W::bam_next_basemod] MM tag refers to bases beyond sequence length
[W::hts_idx_load3] The index file is older than the data file: /bip7_disk/pingting114/mixed_bam/COLO829_PAO/TF0_25x/TF0_25x.rep4.bam.bai
[W::hts_idx_load3] The index file is older than the data file: /bip7_disk/pingting114/mixed_bam/COLO829_PAO/TF0_25x/TF0_25x.rep4.bam.bai
[W::hts_idx_load3] The index file is older than the data file: /bip7_disk/pingting114/mixed_bam/COLO829_PAO/TF0_25x/TF0_25x.rep4.bam.bai
[W::hts_idx_load3] The index file is older than the data file: /bip7_disk/pingting114/mixed_bam/COLO829_PAO/TF0_25x/TF0_25x.rep4.bam.bai
[W::hts_idx_load3] The index file is older than the data file: /bip7_disk/pingting114/mixed_bam/COLO829_PAO/TF0_25x/TF0_25x.rep4.bam.bai
[W::bam_next_basemod] MM tag refers to bases beyond sequence length
[W::hts_idx_load3] The index file is older than the data file: /bip7_disk/pingting114/mixed_bam/COLO829_PAO/TF0_25x/TF0_25x.rep4.bam.bai
[W::hts_idx_load3] The index file is older than the data file: /bip7_disk/pingting114/mixed_bam/COLO829_PAO/TF0_25x/TF0_25x.rep4.bam.bai
[W::hts_idx_load3] The index file is older than the data file: /bip7_disk/pingting114/mixed_bam/COLO829_PAO/TF0_25x/TF0_25x.rep4.bam.bai
[W::hts_idx_load3] The index file is older than the data file: /bip7_disk/pingting114/mixed_bam/COLO829_PAO/TF0_25x/TF0_25x.rep4.bam.bai
[W::hts_idx_load3] The index file is older than the data file: /bip7_disk/pingting114/mixed_bam/COLO829_PAO/TF0_25x/TF0_25x.rep4.bam.bai
[W::hts_idx_load3] The index file is older than the data file: /bip7_disk/pingting114/mixed_bam/COLO829_PAO/TF0_25x/TF0_25x.rep4.bam.bai
[W::hts_idx_load3] The index file is older than the data file: /bip7_disk/pingting114/mixed_bam/COLO829_PAO/TF0_25x/TF0_25x.rep4.bam.bai
[E::bam_parse_basemod2] 17266e7e-7d62-4876-9858-baa11b6e8967: MM tag refers to bases beyond sequence length
[E::bam_parse_basemod2] 2a8c3455-f835-4e11-992a-d4f0c0145170: MM tag refers to bases beyond sequence length
[W::hts_idx_load3] The index file is older than the data file: /bip7_disk/pingting114/mixed_bam/COLO829_PAO/TF0_25x/TF0_25x.rep4.bam.bai
[W::bam_next_basemod] MM tag refers to bases beyond sequence length
[W::hts_idx_load3] The index file is older than the data file: /bip7_disk/pingting114/mixed_bam/COLO829_PAO/TF0_25x/TF0_25x.rep4.bam.bai
[W::bam_next_basemod] MM tag refers to bases beyond sequence length
[W::hts_idx_load3] The index file is older than the data file: /bip7_disk/pingting114/mixed_bam/COLO829_PAO/TF0_25x/TF0_25x.rep4.bam.bai
[W::bam_next_basemod] MM tag refers to bases beyond sequence length
[W::hts_idx_load3] The index file is older than the data file: /bip7_disk/pingting114/mixed_bam/COLO829_PAO/TF0_25x/TF0_25x.rep4.bam.bai
[W::hts_idx_load3] The index file is older than the data file: /bip7_disk/pingting114/mixed_bam/COLO829_PAO/TF0_25x/TF0_25x.rep4.bam.bai
[W::hts_idx_load3] The index file is older than the data file: /bip7_disk/pingting114/mixed_bam/COLO829_PAO/TF0_25x/TF0_25x.rep4.bam.bai
[W::hts_idx_load3] The index file is older than the data file: /bip7_disk/pingting114/mixed_bam/COLO829_PAO/TF0_25x/TF0_25x.rep4.bam.bai
[W::hts_idx_load3] The index file is older than the data file: /bip7_disk/pingting114/mixed_bam/COLO829_PAO/TF0_25x/TF0_25x.rep4.bam.bai
[W::hts_idx_load3] The index file is older than the data file: /bip7_disk/pingting114/mixed_bam/COLO829_PAO/TF0_25x/TF0_25x.rep4.bam.bai
[W::hts_idx_load3] The index file is older than the data file: /bip7_disk/pingting114/mixed_bam/COLO829_PAO/TF0_25x/TF0_25x.rep4.bam.bai
[W::hts_idx_load3] The index file is older than the data file: /bip7_disk/pingting114/mixed_bam/COLO829_PAO/TF0_25x/TF0_25x.rep4.bam.bai
[W::hts_idx_load3] The index file is older than the data file: /bip7_disk/pingting114/mixed_bam/COLO829_PAO/TF0_25x/TF0_25x.rep4.bam.bai
[W::hts_idx_load3] The index file is older than the data file: /bip7_disk/pingting114/mixed_bam/COLO829_PAO/TF0_25x/TF0_25x.rep4.bam.bai
[W::hts_idx_load3] The index file is older than the data file: /bip7_disk/pingting114/mixed_bam/COLO829_PAO/TF0_25x/TF0_25x.rep4.bam.bai
[E::bam_parse_basemod2] fc59c98c-f86b-4c83-8bee-4c61127e5234: MM tag refers to bases beyond sequence length
[W::hts_idx_load3] The index file is older than the data file: /bip7_disk/pingting114/mixed_bam/COLO829_PAO/TF0_25x/TF0_25x.rep4.bam.bai
[W::hts_idx_load3] The index file is older than the data file: /bip7_disk/pingting114/mixed_bam/COLO829_PAO/TF0_25x/TF0_25x.rep4.bam.bai
[W::hts_idx_load3] The index file is older than the data file: /bip7_disk/pingting114/mixed_bam/COLO829_PAO/TF0_25x/TF0_25x.rep4.bam.bai
[W::hts_idx_load3] The index file is older than the data file: /bip7_disk/pingting114/mixed_bam/COLO829_PAO/TF0_25x/TF0_25x.rep4.bam.bai
[W::hts_idx_load3] The index file is older than the data file: /bip7_disk/pingting114/mixed_bam/COLO829_PAO/TF0_25x/TF0_25x.rep4.bam.bai
[W::hts_idx_load3] The index file is older than the data file: /bip7_disk/pingting114/mixed_bam/COLO829_PAO/TF0_25x/TF0_25x.rep4.bam.bai
[W::hts_idx_load3] The index file is older than the data file: /bip7_disk/pingting114/mixed_bam/COLO829_PAO/TF0_25x/TF0_25x.rep4.bam.bai
[W::bam_next_basemod] MM tag refers to bases beyond sequence length
[E::bam_parse_basemod2] 58b02501-778e-4db9-aa06-cc8d3f56557c: MM tag refers to bases beyond sequence length
[W::hts_idx_load3] The index file is older than the data file: /bip7_disk/pingting114/mixed_bam/COLO829_PAO/TF0_25x/TF0_25x.rep4.bam.bai
[W::hts_idx_load3] The index file is older than the data file: /bip7_disk/pingting114/mixed_bam/COLO829_PAO/TF0_25x/TF0_25x.rep4.bam.bai
[W::bam_next_basemod] MM tag refers to bases beyond sequence length
[W::hts_idx_load3] The index file is older than the data file: /bip7_disk/pingting114/mixed_bam/COLO829_PAO/TF0_25x/TF0_25x.rep4.bam.bai
[W::hts_idx_load3] The index file is older than the data file: /bip7_disk/pingting114/mixed_bam/COLO829_PAO/TF0_25x/TF0_25x.rep4.bam.bai
[W::hts_idx_load3] The index file is older than the data file: /bip7_disk/pingting114/mixed_bam/COLO829_PAO/TF0_25x/TF0_25x.rep4.bam.bai
[W::hts_idx_load3] The index file is older than the data file: /bip7_disk/pingting114/mixed_bam/COLO829_PAO/TF0_25x/TF0_25x.rep4.bam.bai
[W::bam_next_basemod] MM tag refers to bases beyond sequence length
[W::hts_idx_load3] The index file is older than the data file: /bip7_disk/pingting114/mixed_bam/COLO829_PAO/TF0_25x/TF0_25x.rep4.bam.bai
[E::bam_parse_basemod2] a79dc5f7-fd00-468f-8af5-8234e6a04239: MM tag refers to bases beyond sequence length
[W::hts_idx_load3] The index file is older than the data file: /bip7_disk/pingting114/mixed_bam/COLO829_PAO/TF0_25x/TF0_25x.rep4.bam.bai
[W::hts_idx_load3] The index file is older than the data file: /bip7_disk/pingting114/mixed_bam/COLO829_PAO/TF0_25x/TF0_25x.rep4.bam.bai
[W::hts_idx_load3] The index file is older than the data file: /bip7_disk/pingting114/mixed_bam/COLO829_PAO/TF0_25x/TF0_25x.rep4.bam.bai
[W::bam_next_basemod] MM tag refers to bases beyond sequence length
[W::hts_idx_load3] The index file is older than the data file: /bip7_disk/pingting114/mixed_bam/COLO829_PAO/TF0_25x/TF0_25x.rep4.bam.bai
[W::hts_idx_load3] The index file is older than the data file: /bip7_disk/pingting114/mixed_bam/COLO829_PAO/TF0_25x/TF0_25x.rep4.bam.bai
[E::bam_parse_basemod2] 67826e8d-beb4-4a3b-af48-b4d78ed16fd8: MM tag refers to bases beyond sequence length
[W::hts_idx_load3] The index file is older than the data file: /bip7_disk/pingting114/mixed_bam/COLO829_PAO/TF0_25x/TF0_25x.rep4.bam.bai
[W::hts_idx_load3] The index file is older than the data file: /bip7_disk/pingting114/mixed_bam/COLO829_PAO/TF0_25x/TF0_25x.rep4.bam.bai
[W::hts_idx_load3] The index file is older than the data file: /bip7_disk/pingting114/mixed_bam/COLO829_PAO/TF0_25x/TF0_25x.rep4.bam.bai
[W::bam_next_basemod] MM tag refers to bases beyond sequence length
[W::hts_idx_load3] The index file is older than the data file: /bip7_disk/pingting114/mixed_bam/COLO829_PAO/TF0_25x/TF0_25x.rep4.bam.bai
[W::hts_idx_load3] The index file is older than the data file: /bip7_disk/pingting114/mixed_bam/COLO829_PAO/TF0_25x/TF0_25x.rep4.bam.bai
[W::hts_idx_load3] The index file is older than the data file: /bip7_disk/pingting114/mixed_bam/COLO829_PAO/TF0_25x/TF0_25x.rep4.bam.bai
[W::bam_next_basemod] MM tag refers to bases beyond sequence length
[W::bam_next_basemod] MM tag refers to bases beyond sequence length
[W::hts_idx_load3] The index file is older than the data file: /bip7_disk/pingting114/mixed_bam/COLO829_PAO/TF0_25x/TF0_25x.rep4.bam.bai
[W::hts_idx_load3] The index file is older than the data file: /bip7_disk/pingting114/mixed_bam/COLO829_PAO/TF0_25x/TF0_25x.rep4.bam.bai
[W::hts_idx_load3] The index file is older than the data file: /bip7_disk/pingting114/mixed_bam/COLO829_PAO/TF0_25x/TF0_25x.rep4.bam.bai
[W::bam_next_basemod] MM tag refers to bases beyond sequence length
[W::hts_idx_load3] The index file is older than the data file: /bip7_disk/pingting114/mixed_bam/COLO829_PAO/TF0_25x/TF0_25x.rep4.bam.bai
[W::bam_next_basemod] MM tag refers to bases beyond sequence length
[W::hts_idx_load3] The index file is older than the data file: /bip7_disk/pingting114/mixed_bam/COLO829_PAO/TF0_25x/TF0_25x.rep4.bam.bai
[W::hts_idx_load3] The index file is older than the data file: /bip7_disk/pingting114/mixed_bam/COLO829_PAO/TF0_25x/TF0_25x.rep4.bam.bai
[E::bam_parse_basemod2] 2142ab1a-12c8-43f6-b282-705018ce32d9: MM tag refers to bases beyond sequence length
[W::hts_idx_load3] The index file is older than the data file: /bip7_disk/pingting114/mixed_bam/COLO829_PAO/TF0_25x/TF0_25x.rep4.bam.bai
[W::hts_idx_load3] The index file is older than the data file: /bip7_disk/pingting114/mixed_bam/COLO829_PAO/TF0_25x/TF0_25x.rep4.bam.bai
[W::hts_idx_load3] The index file is older than the data file: /bip7_disk/pingting114/mixed_bam/COLO829_PAO/TF0_25x/TF0_25x.rep4.bam.bai
[E::bam_parse_basemod2] 9e0cf5cb-7b83-4aa5-87d8-3bd2ef87103b: MM tag refers to bases beyond sequence length
[W::hts_idx_load3] The index file is older than the data file: /bip7_disk/pingting114/mixed_bam/COLO829_PAO/TF0_25x/TF0_25x.rep4.bam.bai
[W::hts_idx_load3] The index file is older than the data file: /bip7_disk/pingting114/mixed_bam/COLO829_PAO/TF0_25x/TF0_25x.rep4.bam.bai
[W::bam_next_basemod] MM tag refers to bases beyond sequence length
[E::bam_parse_basemod2] fb55dafe-274f-40cf-8870-b8c81328ebb5: MM tag refers to bases beyond sequence length
[W::hts_idx_load3] The index file is older than the data file: /bip7_disk/pingting114/mixed_bam/COLO829_PAO/TF0_25x/TF0_25x.rep4.bam.bai
[W::hts_idx_load3] The index file is older than the data file: /bip7_disk/pingting114/mixed_bam/COLO829_PAO/TF0_25x/TF0_25x.rep4.bam.bai
[W::hts_idx_load3] The index file is older than the data file: /bip7_disk/pingting114/mixed_bam/COLO829_PAO/TF0_25x/TF0_25x.rep4.bam.bai
[W::bam_next_basemod] MM tag refers to bases beyond sequence length
[W::hts_idx_load3] The index file is older than the data file: /bip7_disk/pingting114/mixed_bam/COLO829_PAO/TF0_25x/TF0_25x.rep4.bam.bai
[W::hts_idx_load3] The index file is older than the data file: /bip7_disk/pingting114/mixed_bam/COLO829_PAO/TF0_25x/TF0_25x.rep4.bam.bai
[W::hts_idx_load3] The index file is older than the data file: /bip7_disk/pingting114/mixed_bam/COLO829_PAO/TF0_25x/TF0_25x.rep4.bam.bai
[W::hts_idx_load3] The index file is older than the data file: /bip7_disk/pingting114/mixed_bam/COLO829_PAO/TF0_25x/TF0_25x.rep4.bam.bai
[W::hts_idx_load3] The index file is older than the data file: /bip7_disk/pingting114/mixed_bam/COLO829_PAO/TF0_25x/TF0_25x.rep4.bam.bai
[W::hts_idx_load3] The index file is older than the data file: /bip7_disk/pingting114/mixed_bam/COLO829_PAO/TF0_25x/TF0_25x.rep4.bam.bai
[W::hts_idx_load3] The index file is older than the data file: /bip7_disk/pingting114/mixed_bam/COLO829_PAO/TF0_25x/TF0_25x.rep4.bam.bai
[W::bam_next_basemod] MM tag refers to bases beyond sequence length
[W::hts_idx_load3] The index file is older than the data file: /bip7_disk/pingting114/mixed_bam/COLO829_PAO/TF0_25x/TF0_25x.rep4.bam.bai
[W::bam_next_basemod] MM tag refers to bases beyond sequence length
[W::hts_idx_load3] The index file is older than the data file: /bip7_disk/pingting114/mixed_bam/COLO829_PAO/TF0_25x/TF0_25x.rep4.bam.bai
[W::bam_next_basemod] MM tag refers to bases beyond sequence length
[W::hts_idx_load3] The index file is older than the data file: /bip7_disk/pingting114/mixed_bam/COLO829_PAO/TF0_25x/TF0_25x.rep4.bam.bai
[W::hts_idx_load3] The index file is older than the data file: /bip7_disk/pingting114/mixed_bam/COLO829_PAO/TF0_25x/TF0_25x.rep4.bam.bai
[W::hts_idx_load3] The index file is older than the data file: /bip7_disk/pingting114/mixed_bam/COLO829_PAO/TF0_25x/TF0_25x.rep4.bam.bai
[W::hts_idx_load3] The index file is older than the data file: /bip7_disk/pingting114/mixed_bam/COLO829_PAO/TF0_25x/TF0_25x.rep4.bam.bai
[W::bam_next_basemod] MM tag refers to bases beyond sequence length
[W::bam_next_basemod] MM tag refers to bases beyond sequence length
[W::hts_idx_load3] The index file is older than the data file: /bip7_disk/pingting114/mixed_bam/COLO829_PAO/TF0_25x/TF0_25x.rep4.bam.bai
[W::hts_idx_load3] The index file is older than the data file: /bip7_disk/pingting114/mixed_bam/COLO829_PAO/TF0_25x/TF0_25x.rep4.bam.bai
[E::bam_parse_basemod2] d51b299f-55e5-4d6b-a07b-886a9c4824fc: MM tag refers to bases beyond sequence length
[W::hts_idx_load3] The index file is older than the data file: /bip7_disk/pingting114/mixed_bam/COLO829_PAO/TF0_25x/TF0_25x.rep4.bam.bai
[W::hts_idx_load3] The index file is older than the data file: /bip7_disk/pingting114/mixed_bam/COLO829_PAO/TF0_25x/TF0_25x.rep4.bam.bai
[W::hts_idx_load3] The index file is older than the data file: /bip7_disk/pingting114/mixed_bam/COLO829_PAO/TF0_25x/TF0_25x.rep4.bam.bai
[W::hts_idx_load3] The index file is older than the data file: /bip7_disk/pingting114/mixed_bam/COLO829_PAO/TF0_25x/TF0_25x.rep4.bam.bai
[W::bam_next_basemod] MM tag refers to bases beyond sequence length
[W::hts_idx_load3] The index file is older than the data file: /bip7_disk/pingting114/mixed_bam/COLO829_PAO/TF0_25x/TF0_25x.rep4.bam.bai
[W::bam_next_basemod] MM tag refers to bases beyond sequence length
[W::hts_idx_load3] The index file is older than the data file: /bip7_disk/pingting114/mixed_bam/COLO829_PAO/TF0_25x/TF0_25x.rep4.bam.bai
[W::hts_idx_load3] The index file is older than the data file: /bip7_disk/pingting114/mixed_bam/COLO829_PAO/TF0_25x/TF0_25x.rep4.bam.bai
[W::hts_idx_load3] The index file is older than the data file: /bip7_disk/pingting114/mixed_bam/COLO829_PAO/TF0_25x/TF0_25x.rep4.bam.bai
[W::hts_idx_load3] The index file is older than the data file: /bip7_disk/pingting114/mixed_bam/COLO829_PAO/TF0_25x/TF0_25x.rep4.bam.bai
[W::bam_next_basemod] MM tag refers to bases beyond sequence length
[W::hts_idx_load3] The index file is older than the data file: /bip7_disk/pingting114/mixed_bam/COLO829_PAO/TF0_25x/TF0_25x.rep4.bam.bai
[W::bam_next_basemod] MM tag refers to bases beyond sequence length
[W::hts_idx_load3] The index file is older than the data file: /bip7_disk/pingting114/mixed_bam/COLO829_PAO/TF0_25x/TF0_25x.rep4.bam.bai
[W::bam_next_basemod] MM tag refers to bases beyond sequence length
[W::hts_idx_load3] The index file is older than the data file: /bip7_disk/pingting114/mixed_bam/COLO829_PAO/TF0_25x/TF0_25x.rep4.bam.bai
[E::bam_parse_basemod2] 67d0c38f-e04d-44dd-a25f-d1bb35503e96: MM tag refers to bases beyond sequence length
[E::bam_parse_basemod2] 94749576-ecb0-4882-8637-9e3dcd34df41: MM tag refers to bases beyond sequence length
[W::hts_idx_load3] The index file is older than the data file: /bip7_disk/pingting114/mixed_bam/COLO829_PAO/TF0_25x/TF0_25x.rep4.bam.bai
[W::hts_idx_load3] The index file is older than the data file: /bip7_disk/pingting114/mixed_bam/COLO829_PAO/TF0_25x/TF0_25x.rep4.bam.bai
[E::bam_parse_basemod2] dc7e7b1c-b9be-4ffe-afb1-850bd7aa6a6c: MM tag refers to bases beyond sequence length
[W::bam_next_basemod] MM tag refers to bases beyond sequence length
[W::hts_idx_load3] The index file is older than the data file: /bip7_disk/pingting114/mixed_bam/COLO829_PAO/TF0_25x/TF0_25x.rep4.bam.bai
[W::hts_idx_load3] The index file is older than the data file: /bip7_disk/pingting114/mixed_bam/COLO829_PAO/TF0_25x/TF0_25x.rep4.bam.bai
[W::bam_next_basemod] MM tag refers to bases beyond sequence length
[W::hts_idx_load3] The index file is older than the data file: /bip7_disk/pingting114/mixed_bam/COLO829_PAO/TF0_25x/TF0_25x.rep4.bam.bai
[W::hts_idx_load3] The index file is older than the data file: /bip7_disk/pingting114/mixed_bam/COLO829_PAO/TF0_25x/TF0_25x.rep4.bam.bai
[W::hts_idx_load3] The index file is older than the data file: /bip7_disk/pingting114/mixed_bam/COLO829_PAO/TF0_25x/TF0_25x.rep4.bam.bai
[W::hts_idx_load3] The index file is older than the data file: /bip7_disk/pingting114/mixed_bam/COLO829_PAO/TF0_25x/TF0_25x.rep4.bam.bai
[W::hts_idx_load3] The index file is older than the data file: /bip7_disk/pingting114/mixed_bam/COLO829_PAO/TF0_25x/TF0_25x.rep4.bam.bai
[E::bam_parse_basemod2] 0e8ea524-dc1d-4f0b-adb0-29cc95ba6303: MM tag refers to bases beyond sequence length
[W::hts_idx_load3] The index file is older than the data file: /bip7_disk/pingting114/mixed_bam/COLO829_PAO/TF0_25x/TF0_25x.rep4.bam.bai
[W::hts_idx_load3] The index file is older than the data file: /bip7_disk/pingting114/mixed_bam/COLO829_PAO/TF0_25x/TF0_25x.rep4.bam.bai
[E::bam_parse_basemod2] 6b700601-0edf-4dcb-a4f1-f0eb36c3bdec: MM tag refers to bases beyond sequence length
[W::bam_next_basemod] MM tag refers to bases beyond sequence length
[W::hts_idx_load3] The index file is older than the data file: /bip7_disk/pingting114/mixed_bam/COLO829_PAO/TF0_25x/TF0_25x.rep4.bam.bai
[W::hts_idx_load3] The index file is older than the data file: /bip7_disk/pingting114/mixed_bam/COLO829_PAO/TF0_25x/TF0_25x.rep4.bam.bai
[W::hts_idx_load3] The index file is older than the data file: /bip7_disk/pingting114/mixed_bam/COLO829_PAO/TF0_25x/TF0_25x.rep4.bam.bai
[W::hts_idx_load3] The index file is older than the data file: /bip7_disk/pingting114/mixed_bam/COLO829_PAO/TF0_25x/TF0_25x.rep4.bam.bai
[E::bam_parse_basemod2] 75d176ed-6267-4d9f-95a3-7e185f732101: MM tag refers to bases beyond sequence length
[W::hts_idx_load3] The index file is older than the data file: /bip7_disk/pingting114/mixed_bam/COLO829_PAO/TF0_25x/TF0_25x.rep4.bam.bai
[W::hts_idx_load3] The index file is older than the data file: /bip7_disk/pingting114/mixed_bam/COLO829_PAO/TF0_25x/TF0_25x.rep4.bam.bai
[E::bam_parse_basemod2] 30a0e74d-b5e7-4d74-aae1-057b804ec511: MM tag refers to bases beyond sequence length
[W::hts_idx_load3] The index file is older than the data file: /bip7_disk/pingting114/mixed_bam/COLO829_PAO/TF0_25x/TF0_25x.rep4.bam.bai
[W::hts_idx_load3] The index file is older than the data file: /bip7_disk/pingting114/mixed_bam/COLO829_PAO/TF0_25x/TF0_25x.rep4.bam.bai
[W::hts_idx_load3] The index file is older than the data file: /bip7_disk/pingting114/mixed_bam/COLO829_PAO/TF0_25x/TF0_25x.rep4.bam.bai
[W::hts_idx_load3] The index file is older than the data file: /bip7_disk/pingting114/mixed_bam/COLO829_PAO/TF0_25x/TF0_25x.rep4.bam.bai
[W::hts_idx_load3] The index file is older than the data file: /bip7_disk/pingting114/mixed_bam/COLO829_PAO/TF0_25x/TF0_25x.rep4.bam.bai
[W::hts_idx_load3] The index file is older than the data file: /bip7_disk/pingting114/mixed_bam/COLO829_PAO/TF0_25x/TF0_25x.rep4.bam.bai
[W::hts_idx_load3] The index file is older than the data file: /bip7_disk/pingting114/mixed_bam/COLO829_PAO/TF0_25x/TF0_25x.rep4.bam.bai
[W::hts_idx_load3] The index file is older than the data file: /bip7_disk/pingting114/mixed_bam/COLO829_PAO/TF0_25x/TF0_25x.rep4.bam.bai
[W::hts_idx_load3] The index file is older than the data file: /bip7_disk/pingting114/mixed_bam/COLO829_PAO/TF0_25x/TF0_25x.rep4.bam.bai
[W::hts_idx_load3] The index file is older than the data file: /bip7_disk/pingting114/mixed_bam/COLO829_PAO/TF0_25x/TF0_25x.rep4.bam.bai
[W::hts_idx_load3] The index file is older than the data file: /bip7_disk/pingting114/mixed_bam/COLO829_PAO/TF0_25x/TF0_25x.rep4.bam.bai
[W::hts_idx_load3] The index file is older than the data file: /bip7_disk/pingting114/mixed_bam/COLO829_PAO/TF0_25x/TF0_25x.rep4.bam.bai
[W::bam_next_basemod] MM tag refers to bases beyond sequence length
[W::hts_idx_load3] The index file is older than the data file: /bip7_disk/pingting114/mixed_bam/COLO829_PAO/TF0_25x/TF0_25x.rep4.bam.bai
[E::bam_parse_basemod2] 16162ab5-81b3-43e1-a066-9518caa1f1a9: MM tag refers to bases beyond sequence length
[W::hts_idx_load3] The index file is older than the data file: /bip7_disk/pingting114/mixed_bam/COLO829_PAO/TF0_25x/TF0_25x.rep4.bam.bai
[W::hts_idx_load3] The index file is older than the data file: /bip7_disk/pingting114/mixed_bam/COLO829_PAO/TF0_25x/TF0_25x.rep4.bam.bai
[W::hts_idx_load3] The index file is older than the data file: /bip7_disk/pingting114/mixed_bam/COLO829_PAO/TF0_25x/TF0_25x.rep4.bam.bai
[W::hts_idx_load3] The index file is older than the data file: /bip7_disk/pingting114/mixed_bam/COLO829_PAO/TF0_25x/TF0_25x.rep4.bam.bai
[W::hts_idx_load3] The index file is older than the data file: /bip7_disk/pingting114/mixed_bam/COLO829_PAO/TF0_25x/TF0_25x.rep4.bam.bai
[W::hts_idx_load3] The index file is older than the data file: /bip7_disk/pingting114/mixed_bam/COLO829_PAO/TF0_25x/TF0_25x.rep4.bam.bai
[E::bam_parse_basemod2] 4772fd3b-ba7f-485a-8447-5549a34eee17: MM tag refers to bases beyond sequence length
[W::hts_idx_load3] The index file is older than the data file: /bip7_disk/pingting114/mixed_bam/COLO829_PAO/TF0_25x/TF0_25x.rep4.bam.bai
[W::hts_idx_load3] The index file is older than the data file: /bip7_disk/pingting114/mixed_bam/COLO829_PAO/TF0_25x/TF0_25x.rep4.bam.bai
[W::hts_idx_load3] The index file is older than the data file: /bip7_disk/pingting114/mixed_bam/COLO829_PAO/TF0_25x/TF0_25x.rep4.bam.bai
[E::bam_parse_basemod2] 14c89bed-4ec9-41ba-8ee5-d73b70109a73: MM tag refers to bases beyond sequence length
[W::hts_idx_load3] The index file is older than the data file: /bip7_disk/pingting114/mixed_bam/COLO829_PAO/TF0_25x/TF0_25x.rep4.bam.bai
[W::hts_idx_load3] The index file is older than the data file: /bip7_disk/pingting114/mixed_bam/COLO829_PAO/TF0_25x/TF0_25x.rep4.bam.bai
[W::hts_idx_load3] The index file is older than the data file: /bip7_disk/pingting114/mixed_bam/COLO829_PAO/TF0_25x/TF0_25x.rep4.bam.bai
[W::hts_idx_load3] The index file is older than the data file: /bip7_disk/pingting114/mixed_bam/COLO829_PAO/TF0_25x/TF0_25x.rep4.bam.bai
[W::hts_idx_load3] The index file is older than the data file: /bip7_disk/pingting114/mixed_bam/COLO829_PAO/TF0_25x/TF0_25x.rep4.bam.bai
[W::hts_idx_load3] The index file is older than the data file: /bip7_disk/pingting114/mixed_bam/COLO829_PAO/TF0_25x/TF0_25x.rep4.bam.bai
[W::hts_idx_load3] The index file is older than the data file: /bip7_disk/pingting114/mixed_bam/COLO829_PAO/TF0_25x/TF0_25x.rep4.bam.bai
[W::hts_idx_load3] The index file is older than the data file: /bip7_disk/pingting114/mixed_bam/COLO829_PAO/TF0_25x/TF0_25x.rep4.bam.bai
[W::hts_idx_load3] The index file is older than the data file: /bip7_disk/pingting114/mixed_bam/COLO829_PAO/TF0_25x/TF0_25x.rep4.bam.bai
[W::hts_idx_load3] The index file is older than the data file: /bip7_disk/pingting114/mixed_bam/COLO829_PAO/TF0_25x/TF0_25x.rep4.bam.bai
[W::hts_idx_load3] The index file is older than the data file: /bip7_disk/pingting114/mixed_bam/COLO829_PAO/TF0_25x/TF0_25x.rep4.bam.bai
[W::hts_idx_load3] The index file is older than the data file: /bip7_disk/pingting114/mixed_bam/COLO829_PAO/TF0_25x/TF0_25x.rep4.bam.bai
[W::hts_idx_load3] The index file is older than the data file: /bip7_disk/pingting114/mixed_bam/COLO829_PAO/TF0_25x/TF0_25x.rep4.bam.bai
[E::bam_parse_basemod2] 3d500288-92c9-4236-a4c4-16ca442c4cce: MM tag refers to bases beyond sequence length
[W::hts_idx_load3] The index file is older than the data file: /bip7_disk/pingting114/mixed_bam/COLO829_PAO/TF0_25x/TF0_25x.rep4.bam.bai
[W::hts_idx_load3] The index file is older than the data file: /bip7_disk/pingting114/mixed_bam/COLO829_PAO/TF0_25x/TF0_25x.rep4.bam.bai
[W::hts_idx_load3] The index file is older than the data file: /bip7_disk/pingting114/mixed_bam/COLO829_PAO/TF0_25x/TF0_25x.rep4.bam.bai
[W::hts_idx_load3] The index file is older than the data file: /bip7_disk/pingting114/mixed_bam/COLO829_PAO/TF0_25x/TF0_25x.rep4.bam.bai
[W::hts_idx_load3] The index file is older than the data file: /bip7_disk/pingting114/mixed_bam/COLO829_PAO/TF0_25x/TF0_25x.rep4.bam.bai
[W::hts_idx_load3] The index file is older than the data file: /bip7_disk/pingting114/mixed_bam/COLO829_PAO/TF0_25x/TF0_25x.rep4.bam.bai
[W::hts_idx_load3] The index file is older than the data file: /bip7_disk/pingting114/mixed_bam/COLO829_PAO/TF0_25x/TF0_25x.rep4.bam.bai
[W::bam_next_basemod] MM tag refers to bases beyond sequence length
[W::hts_idx_load3] The index file is older than the data file: /bip7_disk/pingting114/mixed_bam/COLO829_PAO/TF0_25x/TF0_25x.rep4.bam.bai
[E::bam_parse_basemod2] e6a8ee1b-243f-40a8-80af-c205dcd9e556: MM tag refers to bases beyond sequence length
[W::hts_idx_load3] The index file is older than the data file: /bip7_disk/pingting114/mixed_bam/COLO829_PAO/TF0_25x/TF0_25x.rep4.bam.bai
[W::hts_idx_load3] The index file is older than the data file: /bip7_disk/pingting114/mixed_bam/COLO829_PAO/TF0_25x/TF0_25x.rep4.bam.bai
[W::hts_idx_load3] The index file is older than the data file: /bip7_disk/pingting114/mixed_bam/COLO829_PAO/TF0_25x/TF0_25x.rep4.bam.bai
[W::hts_idx_load3] The index file is older than the data file: /bip7_disk/pingting114/mixed_bam/COLO829_PAO/TF0_25x/TF0_25x.rep4.bam.bai
[W::hts_idx_load3] The index file is older than the data file: /bip7_disk/pingting114/mixed_bam/COLO829_PAO/TF0_25x/TF0_25x.rep4.bam.bai
[W::hts_idx_load3] The index file is older than the data file: /bip7_disk/pingting114/mixed_bam/COLO829_PAO/TF0_25x/TF0_25x.rep4.bam.bai
[W::hts_idx_load3] The index file is older than the data file: /bip7_disk/pingting114/mixed_bam/COLO829_PAO/TF0_25x/TF0_25x.rep4.bam.bai
[W::bam_next_basemod] MM tag refers to bases beyond sequence length
[W::hts_idx_load3] The index file is older than the data file: /bip7_disk/pingting114/mixed_bam/COLO829_PAO/TF0_25x/TF0_25x.rep4.bam.bai
[W::hts_idx_load3] The index file is older than the data file: /bip7_disk/pingting114/mixed_bam/COLO829_PAO/TF0_25x/TF0_25x.rep4.bam.bai
[W::bam_next_basemod] MM tag refers to bases beyond sequence length
[W::bam_next_basemod] MM tag refers to bases beyond sequence length
[W::hts_idx_load3] The index file is older than the data file: /bip7_disk/pingting114/mixed_bam/COLO829_PAO/TF0_25x/TF0_25x.rep4.bam.bai
[W::hts_idx_load3] The index file is older than the data file: /bip7_disk/pingting114/mixed_bam/COLO829_PAO/TF0_25x/TF0_25x.rep4.bam.bai
[W::hts_idx_load3] The index file is older than the data file: /bip7_disk/pingting114/mixed_bam/COLO829_PAO/TF0_25x/TF0_25x.rep4.bam.bai
[E::bam_parse_basemod2] a0e5750a-de14-42a8-b754-8c1e71b6bdb4: MM tag refers to bases beyond sequence length
[E::bam_parse_basemod2] 9800d0f5-faf5-44a3-a772-175e81fdc0cd: MM tag refers to bases beyond sequence length
[E::bam_parse_basemod2] 0e7ec57c-b229-4e21-a892-be1e1ab55ce7: MM tag refers to bases beyond sequence length
[W::hts_idx_load3] The index file is older than the data file: /bip7_disk/pingting114/mixed_bam/COLO829_PAO/TF0_25x/TF0_25x.rep4.bam.bai
[W::hts_idx_load3] The index file is older than the data file: /bip7_disk/pingting114/mixed_bam/COLO829_PAO/TF0_25x/TF0_25x.rep4.bam.bai
[W::hts_idx_load3] The index file is older than the data file: /bip7_disk/pingting114/mixed_bam/COLO829_PAO/TF0_25x/TF0_25x.rep4.bam.bai
[W::hts_idx_load3] The index file is older than the data file: /bip7_disk/pingting114/mixed_bam/COLO829_PAO/TF0_25x/TF0_25x.rep4.bam.bai
[W::hts_idx_load3] The index file is older than the data file: /bip7_disk/pingting114/mixed_bam/COLO829_PAO/TF0_25x/TF0_25x.rep4.bam.bai
[W::hts_idx_load3] The index file is older than the data file: /bip7_disk/pingting114/mixed_bam/COLO829_PAO/TF0_25x/TF0_25x.rep4.bam.bai
[W::hts_idx_load3] The index file is older than the data file: /bip7_disk/pingting114/mixed_bam/COLO829_PAO/TF0_25x/TF0_25x.rep4.bam.bai
[W::hts_idx_load3] The index file is older than the data file: /bip7_disk/pingting114/mixed_bam/COLO829_PAO/TF0_25x/TF0_25x.rep4.bam.bai
[W::bam_next_basemod] MM tag refers to bases beyond sequence length
[W::hts_idx_load3] The index file is older than the data file: /bip7_disk/pingting114/mixed_bam/COLO829_PAO/TF0_25x/TF0_25x.rep4.bam.bai
[W::hts_idx_load3] The index file is older than the data file: /bip7_disk/pingting114/mixed_bam/COLO829_PAO/TF0_25x/TF0_25x.rep4.bam.bai
[W::bam_next_basemod] MM tag refers to bases beyond sequence length
[W::hts_idx_load3] The index file is older than the data file: /bip7_disk/pingting114/mixed_bam/COLO829_PAO/TF0_25x/TF0_25x.rep4.bam.bai
[W::hts_idx_load3] The index file is older than the data file: /bip7_disk/pingting114/mixed_bam/COLO829_PAO/TF0_25x/TF0_25x.rep4.bam.bai
[W::hts_idx_load3] The index file is older than the data file: /bip7_disk/pingting114/mixed_bam/COLO829_PAO/TF0_25x/TF0_25x.rep4.bam.bai
[W::hts_idx_load3] The index file is older than the data file: /bip7_disk/pingting114/mixed_bam/COLO829_PAO/TF0_25x/TF0_25x.rep4.bam.bai
[W::hts_idx_load3] The index file is older than the data file: /bip7_disk/pingting114/mixed_bam/COLO829_PAO/TF0_25x/TF0_25x.rep4.bam.bai
[W::hts_idx_load3] The index file is older than the data file: /bip7_disk/pingting114/mixed_bam/COLO829_PAO/TF0_25x/TF0_25x.rep4.bam.bai
[E::bam_parse_basemod2] cbff987c-09c9-42c8-b382-73dfe5f4bc61: MM tag refers to bases beyond sequence length
[W::bam_next_basemod] MM tag refers to bases beyond sequence length
[W::hts_idx_load3] The index file is older than the data file: /bip7_disk/pingting114/mixed_bam/COLO829_PAO/TF0_25x/TF0_25x.rep4.bam.bai
[W::hts_idx_load3] The index file is older than the data file: /bip7_disk/pingting114/mixed_bam/COLO829_PAO/TF0_25x/TF0_25x.rep4.bam.bai
[W::bam_next_basemod] MM tag refers to bases beyond sequence length
[E::bam_parse_basemod2] 2fcdc0a4-e6f6-4758-96ef-b78103c83968: MM tag refers to bases beyond sequence length
[W::hts_idx_load3] The index file is older than the data file: /bip7_disk/pingting114/mixed_bam/COLO829_PAO/TF0_25x/TF0_25x.rep4.bam.bai
[W::bam_next_basemod] MM tag refers to bases beyond sequence length
[W::hts_idx_load3] The index file is older than the data file: /bip7_disk/pingting114/mixed_bam/COLO829_PAO/TF0_25x/TF0_25x.rep4.bam.bai
[W::bam_next_basemod] MM tag refers to bases beyond sequence length
[W::bam_next_basemod] MM tag refers to bases beyond sequence length
[W::hts_idx_load3] The index file is older than the data file: /bip7_disk/pingting114/mixed_bam/COLO829_PAO/TF0_25x/TF0_25x.rep4.bam.bai
[W::hts_idx_load3] The index file is older than the data file: /bip7_disk/pingting114/mixed_bam/COLO829_PAO/TF0_25x/TF0_25x.rep4.bam.bai
[W::hts_idx_load3] The index file is older than the data file: /bip7_disk/pingting114/mixed_bam/COLO829_PAO/TF0_25x/TF0_25x.rep4.bam.bai
[W::bam_next_basemod] MM tag refers to bases beyond sequence length
[W::bam_next_basemod] MM tag refers to bases beyond sequence length
[W::bam_next_basemod] MM tag refers to bases beyond sequence length
[E::bam_parse_basemod2] ed21e8c9-0455-498b-a35f-cab1a97e952f: MM tag refers to bases beyond sequence length
[W::hts_idx_load3] The index file is older than the data file: /bip7_disk/pingting114/mixed_bam/COLO829_PAO/TF0_25x/TF0_25x.rep4.bam.bai
[W::hts_idx_load3] The index file is older than the data file: /bip7_disk/pingting114/mixed_bam/COLO829_PAO/TF0_25x/TF0_25x.rep4.bam.bai
[W::hts_idx_load3] The index file is older than the data file: /bip7_disk/pingting114/mixed_bam/COLO829_PAO/TF0_25x/TF0_25x.rep4.bam.bai
[W::hts_idx_load3] The index file is older than the data file: /bip7_disk/pingting114/mixed_bam/COLO829_PAO/TF0_25x/TF0_25x.rep4.bam.bai
[W::hts_idx_load3] The index file is older than the data file: /bip7_disk/pingting114/mixed_bam/COLO829_PAO/TF0_25x/TF0_25x.rep4.bam.bai
[W::hts_idx_load3] The index file is older than the data file: /bip7_disk/pingting114/mixed_bam/COLO829_PAO/TF0_25x/TF0_25x.rep4.bam.bai
[W::hts_idx_load3] The index file is older than the data file: /bip7_disk/pingting114/mixed_bam/COLO829_PAO/TF0_25x/TF0_25x.rep4.bam.bai
[E::bam_parse_basemod2] c3f7b103-e426-4451-b205-cc8d9f63d8c0: MM tag refers to bases beyond sequence length
[W::hts_idx_load3] The index file is older than the data file: /bip7_disk/pingting114/mixed_bam/COLO829_PAO/TF0_25x/TF0_25x.rep4.bam.bai
[E::bam_parse_basemod2] e9b338da-fc4b-484b-a024-be5bf9080ad3: MM tag refers to bases beyond sequence length
[W::hts_idx_load3] The index file is older than the data file: /bip7_disk/pingting114/mixed_bam/COLO829_PAO/TF0_25x/TF0_25x.rep4.bam.bai
[W::hts_idx_load3] The index file is older than the data file: /bip7_disk/pingting114/mixed_bam/COLO829_PAO/TF0_25x/TF0_25x.rep4.bam.bai
[W::bam_next_basemod] MM tag refers to bases beyond sequence length
[W::hts_idx_load3] The index file is older than the data file: /bip7_disk/pingting114/mixed_bam/COLO829_PAO/TF0_25x/TF0_25x.rep4.bam.bai
[W::hts_idx_load3] The index file is older than the data file: /bip7_disk/pingting114/mixed_bam/COLO829_PAO/TF0_25x/TF0_25x.rep4.bam.bai
[W::hts_idx_load3] The index file is older than the data file: /bip7_disk/pingting114/mixed_bam/COLO829_PAO/TF0_25x/TF0_25x.rep4.bam.bai
[W::hts_idx_load3] The index file is older than the data file: /bip7_disk/pingting114/mixed_bam/COLO829_PAO/TF0_25x/TF0_25x.rep4.bam.bai
[W::hts_idx_load3] The index file is older than the data file: /bip7_disk/pingting114/mixed_bam/COLO829_PAO/TF0_25x/TF0_25x.rep4.bam.bai
[W::hts_idx_load3] The index file is older than the data file: /bip7_disk/pingting114/mixed_bam/COLO829_PAO/TF0_25x/TF0_25x.rep4.bam.bai
[W::hts_idx_load3] The index file is older than the data file: /bip7_disk/pingting114/mixed_bam/COLO829_PAO/TF0_25x/TF0_25x.rep4.bam.bai
[W::hts_idx_load3] The index file is older than the data file: /bip7_disk/pingting114/mixed_bam/COLO829_PAO/TF0_25x/TF0_25x.rep4.bam.bai
[W::bam_next_basemod] MM tag refers to bases beyond sequence length
[W::hts_idx_load3] The index file is older than the data file: /bip7_disk/pingting114/mixed_bam/COLO829_PAO/TF0_25x/TF0_25x.rep4.bam.bai
[W::hts_idx_load3] The index file is older than the data file: /bip7_disk/pingting114/mixed_bam/COLO829_PAO/TF0_25x/TF0_25x.rep4.bam.bai
[W::hts_idx_load3] The index file is older than the data file: /bip7_disk/pingting114/mixed_bam/COLO829_PAO/TF0_25x/TF0_25x.rep4.bam.bai
[W::hts_idx_load3] The index file is older than the data file: /bip7_disk/pingting114/mixed_bam/COLO829_PAO/TF0_25x/TF0_25x.rep4.bam.bai
[W::hts_idx_load3] The index file is older than the data file: /bip7_disk/pingting114/mixed_bam/COLO829_PAO/TF0_25x/TF0_25x.rep4.bam.bai
[W::hts_idx_load3] The index file is older than the data file: /bip7_disk/pingting114/mixed_bam/COLO829_PAO/TF0_25x/TF0_25x.rep4.bam.bai
[E::bam_parse_basemod2] 3af69e3c-4a99-472c-abf4-c1f7cedbda05: MM tag refers to bases beyond sequence length
[W::hts_idx_load3] The index file is older than the data file: /bip7_disk/pingting114/mixed_bam/COLO829_PAO/TF0_25x/TF0_25x.rep4.bam.bai
[W::hts_idx_load3] The index file is older than the data file: /bip7_disk/pingting114/mixed_bam/COLO829_PAO/TF0_25x/TF0_25x.rep4.bam.bai
[W::bam_next_basemod] MM tag refers to bases beyond sequence length
[W::hts_idx_load3] The index file is older than the data file: /bip7_disk/pingting114/mixed_bam/COLO829_PAO/TF0_25x/TF0_25x.rep4.bam.bai
[W::hts_idx_load3] The index file is older than the data file: /bip7_disk/pingting114/mixed_bam/COLO829_PAO/TF0_25x/TF0_25x.rep4.bam.bai
[W::hts_idx_load3] The index file is older than the data file: /bip7_disk/pingting114/mixed_bam/COLO829_PAO/TF0_25x/TF0_25x.rep4.bam.bai
[W::bam_next_basemod] MM tag refers to bases beyond sequence length
[W::hts_idx_load3] The index file is older than the data file: /bip7_disk/pingting114/mixed_bam/COLO829_PAO/TF0_25x/TF0_25x.rep4.bam.bai
[W::hts_idx_load3] The index file is older than the data file: /bip7_disk/pingting114/mixed_bam/COLO829_PAO/TF0_25x/TF0_25x.rep4.bam.bai
[W::hts_idx_load3] The index file is older than the data file: /bip7_disk/pingting114/mixed_bam/COLO829_PAO/TF0_25x/TF0_25x.rep4.bam.bai
[W::hts_idx_load3] The index file is older than the data file: /bip7_disk/pingting114/mixed_bam/COLO829_PAO/TF0_25x/TF0_25x.rep4.bam.bai
[W::bam_next_basemod] MM tag refers to bases beyond sequence length
[W::hts_idx_load3] The index file is older than the data file: /bip7_disk/pingting114/mixed_bam/COLO829_PAO/TF0_25x/TF0_25x.rep4.bam.bai
[W::hts_idx_load3] The index file is older than the data file: /bip7_disk/pingting114/mixed_bam/COLO829_PAO/TF0_25x/TF0_25x.rep4.bam.bai
  TF0_25x.rep4.bam cand 500/4000
[W::hts_idx_load3] The index file is older than the data file: /bip7_disk/pingting114/mixed_bam/COLO829_PAO/TF0_25x/TF0_25x.rep4.bam.bai
[W::hts_idx_load3] The index file is older than the data file: /bip7_disk/pingting114/mixed_bam/COLO829_PAO/TF0_25x/TF0_25x.rep4.bam.bai
[W::bam_next_basemod] MM tag refers to bases beyond sequence length
[W::hts_idx_load3] The index file is older than the data file: /bip7_disk/pingting114/mixed_bam/COLO829_PAO/TF0_25x/TF0_25x.rep4.bam.bai
[W::hts_idx_load3] The index file is older than the data file: /bip7_disk/pingting114/mixed_bam/COLO829_PAO/TF0_25x/TF0_25x.rep4.bam.bai
[W::hts_idx_load3] The index file is older than the data file: /bip7_disk/pingting114/mixed_bam/COLO829_PAO/TF0_25x/TF0_25x.rep4.bam.bai
[W::hts_idx_load3] The index file is older than the data file: /bip7_disk/pingting114/mixed_bam/COLO829_PAO/TF0_25x/TF0_25x.rep4.bam.bai
[E::bam_parse_basemod2] 3696e6a2-42e3-4c41-8e58-92478a112cb3: MM tag refers to bases beyond sequence length
[W::hts_idx_load3] The index file is older than the data file: /bip7_disk/pingting114/mixed_bam/COLO829_PAO/TF0_25x/TF0_25x.rep4.bam.bai
[W::hts_idx_load3] The index file is older than the data file: /bip7_disk/pingting114/mixed_bam/COLO829_PAO/TF0_25x/TF0_25x.rep4.bam.bai
[W::hts_idx_load3] The index file is older than the data file: /bip7_disk/pingting114/mixed_bam/COLO829_PAO/TF0_25x/TF0_25x.rep4.bam.bai
[W::bam_next_basemod] MM tag refers to bases beyond sequence length
[W::hts_idx_load3] The index file is older than the data file: /bip7_disk/pingting114/mixed_bam/COLO829_PAO/TF0_25x/TF0_25x.rep4.bam.bai
[W::hts_idx_load3] The index file is older than the data file: /bip7_disk/pingting114/mixed_bam/COLO829_PAO/TF0_25x/TF0_25x.rep4.bam.bai
[W::hts_idx_load3] The index file is older than the data file: /bip7_disk/pingting114/mixed_bam/COLO829_PAO/TF0_25x/TF0_25x.rep4.bam.bai
[W::hts_idx_load3] The index file is older than the data file: /bip7_disk/pingting114/mixed_bam/COLO829_PAO/TF0_25x/TF0_25x.rep4.bam.bai
[W::hts_idx_load3] The index file is older than the data file: /bip7_disk/pingting114/mixed_bam/COLO829_PAO/TF0_25x/TF0_25x.rep4.bam.bai
[W::hts_idx_load3] The index file is older than the data file: /bip7_disk/pingting114/mixed_bam/COLO829_PAO/TF0_25x/TF0_25x.rep4.bam.bai
[W::hts_idx_load3] The index file is older than the data file: /bip7_disk/pingting114/mixed_bam/COLO829_PAO/TF0_25x/TF0_25x.rep4.bam.bai
[W::hts_idx_load3] The index file is older than the data file: /bip7_disk/pingting114/mixed_bam/COLO829_PAO/TF0_25x/TF0_25x.rep4.bam.bai
[W::bam_next_basemod] MM tag refers to bases beyond sequence length
[W::hts_idx_load3] The index file is older than the data file: /bip7_disk/pingting114/mixed_bam/COLO829_PAO/TF0_25x/TF0_25x.rep4.bam.bai
[W::hts_idx_load3] The index file is older than the data file: /bip7_disk/pingting114/mixed_bam/COLO829_PAO/TF0_25x/TF0_25x.rep4.bam.bai
[W::hts_idx_load3] The index file is older than the data file: /bip7_disk/pingting114/mixed_bam/COLO829_PAO/TF0_25x/TF0_25x.rep4.bam.bai
[W::hts_idx_load3] The index file is older than the data file: /bip7_disk/pingting114/mixed_bam/COLO829_PAO/TF0_25x/TF0_25x.rep4.bam.bai
[W::hts_idx_load3] The index file is older than the data file: /bip7_disk/pingting114/mixed_bam/COLO829_PAO/TF0_25x/TF0_25x.rep4.bam.bai
[W::hts_idx_load3] The index file is older than the data file: /bip7_disk/pingting114/mixed_bam/COLO829_PAO/TF0_25x/TF0_25x.rep4.bam.bai
[W::bam_next_basemod] MM tag refers to bases beyond sequence length
[W::bam_next_basemod] MM tag refers to bases beyond sequence length
[W::hts_idx_load3] The index file is older than the data file: /bip7_disk/pingting114/mixed_bam/COLO829_PAO/TF0_25x/TF0_25x.rep4.bam.bai
[W::hts_idx_load3] The index file is older than the data file: /bip7_disk/pingting114/mixed_bam/COLO829_PAO/TF0_25x/TF0_25x.rep4.bam.bai
[E::bam_parse_basemod2] 4d3a6515-217c-4865-8eda-3b871e7ee2cc: MM tag refers to bases beyond sequence length
[E::bam_parse_basemod2] cedc71d8-eaed-4a0d-8786-465623b7967c: MM tag refers to bases beyond sequence length
[W::hts_idx_load3] The index file is older than the data file: /bip7_disk/pingting114/mixed_bam/COLO829_PAO/TF0_25x/TF0_25x.rep4.bam.bai
[W::hts_idx_load3] The index file is older than the data file: /bip7_disk/pingting114/mixed_bam/COLO829_PAO/TF0_25x/TF0_25x.rep4.bam.bai
[W::hts_idx_load3] The index file is older than the data file: /bip7_disk/pingting114/mixed_bam/COLO829_PAO/TF0_25x/TF0_25x.rep4.bam.bai
[W::hts_idx_load3] The index file is older than the data file: /bip7_disk/pingting114/mixed_bam/COLO829_PAO/TF0_25x/TF0_25x.rep4.bam.bai
[W::hts_idx_load3] The index file is older than the data file: /bip7_disk/pingting114/mixed_bam/COLO829_PAO/TF0_25x/TF0_25x.rep4.bam.bai
[W::hts_idx_load3] The index file is older than the data file: /bip7_disk/pingting114/mixed_bam/COLO829_PAO/TF0_25x/TF0_25x.rep4.bam.bai
[E::bam_parse_basemod2] e8ade6db-84c7-4a78-bbb6-12b5c0245948: MM tag refers to bases beyond sequence length
[W::hts_idx_load3] The index file is older than the data file: /bip7_disk/pingting114/mixed_bam/COLO829_PAO/TF0_25x/TF0_25x.rep4.bam.bai
[W::hts_idx_load3] The index file is older than the data file: /bip7_disk/pingting114/mixed_bam/COLO829_PAO/TF0_25x/TF0_25x.rep4.bam.bai
[W::hts_idx_load3] The index file is older than the data file: /bip7_disk/pingting114/mixed_bam/COLO829_PAO/TF0_25x/TF0_25x.rep4.bam.bai
[W::hts_idx_load3] The index file is older than the data file: /bip7_disk/pingting114/mixed_bam/COLO829_PAO/TF0_25x/TF0_25x.rep4.bam.bai
[E::bam_parse_basemod2] 0661f890-25eb-4c1b-8df3-15fa5e497143: MM tag refers to bases beyond sequence length
[W::hts_idx_load3] The index file is older than the data file: /bip7_disk/pingting114/mixed_bam/COLO829_PAO/TF0_25x/TF0_25x.rep4.bam.bai
[W::hts_idx_load3] The index file is older than the data file: /bip7_disk/pingting114/mixed_bam/COLO829_PAO/TF0_25x/TF0_25x.rep4.bam.bai
[W::hts_idx_load3] The index file is older than the data file: /bip7_disk/pingting114/mixed_bam/COLO829_PAO/TF0_25x/TF0_25x.rep4.bam.bai
[E::bam_parse_basemod2] 5ea84471-646d-41ca-bead-145a847bdbd6: MM tag refers to bases beyond sequence length
[W::hts_idx_load3] The index file is older than the data file: /bip7_disk/pingting114/mixed_bam/COLO829_PAO/TF0_25x/TF0_25x.rep4.bam.bai
[W::bam_next_basemod] MM tag refers to bases beyond sequence length
[W::hts_idx_load3] The index file is older than the data file: /bip7_disk/pingting114/mixed_bam/COLO829_PAO/TF0_25x/TF0_25x.rep4.bam.bai
[W::hts_idx_load3] The index file is older than the data file: /bip7_disk/pingting114/mixed_bam/COLO829_PAO/TF0_25x/TF0_25x.rep4.bam.bai
[W::hts_idx_load3] The index file is older than the data file: /bip7_disk/pingting114/mixed_bam/COLO829_PAO/TF0_25x/TF0_25x.rep4.bam.bai
[W::hts_idx_load3] The index file is older than the data file: /bip7_disk/pingting114/mixed_bam/COLO829_PAO/TF0_25x/TF0_25x.rep4.bam.bai
[E::bam_parse_basemod2] 3f3eb7f5-f2e8-4e81-85b1-d0d042f98abb: MM tag refers to bases beyond sequence length
[W::hts_idx_load3] The index file is older than the data file: /bip7_disk/pingting114/mixed_bam/COLO829_PAO/TF0_25x/TF0_25x.rep4.bam.bai
[W::hts_idx_load3] The index file is older than the data file: /bip7_disk/pingting114/mixed_bam/COLO829_PAO/TF0_25x/TF0_25x.rep4.bam.bai
[W::hts_idx_load3] The index file is older than the data file: /bip7_disk/pingting114/mixed_bam/COLO829_PAO/TF0_25x/TF0_25x.rep4.bam.bai
[E::bam_parse_basemod2] 037a9ddd-3f44-4ee1-9a80-8b313b7a2d97: MM tag refers to bases beyond sequence length
[W::hts_idx_load3] The index file is older than the data file: /bip7_disk/pingting114/mixed_bam/COLO829_PAO/TF0_25x/TF0_25x.rep4.bam.bai
[E::bam_parse_basemod2] 47662837-8023-4f8c-990f-4b5767f30326: MM tag refers to bases beyond sequence length
[W::hts_idx_load3] The index file is older than the data file: /bip7_disk/pingting114/mixed_bam/COLO829_PAO/TF0_25x/TF0_25x.rep4.bam.bai
[W::hts_idx_load3] The index file is older than the data file: /bip7_disk/pingting114/mixed_bam/COLO829_PAO/TF0_25x/TF0_25x.rep4.bam.bai
[W::hts_idx_load3] The index file is older than the data file: /bip7_disk/pingting114/mixed_bam/COLO829_PAO/TF0_25x/TF0_25x.rep4.bam.bai
[W::hts_idx_load3] The index file is older than the data file: /bip7_disk/pingting114/mixed_bam/COLO829_PAO/TF0_25x/TF0_25x.rep4.bam.bai
[W::bam_next_basemod] MM tag refers to bases beyond sequence length
[W::hts_idx_load3] The index file is older than the data file: /bip7_disk/pingting114/mixed_bam/COLO829_PAO/TF0_25x/TF0_25x.rep4.bam.bai
[W::hts_idx_load3] The index file is older than the data file: /bip7_disk/pingting114/mixed_bam/COLO829_PAO/TF0_25x/TF0_25x.rep4.bam.bai
[W::hts_idx_load3] The index file is older than the data file: /bip7_disk/pingting114/mixed_bam/COLO829_PAO/TF0_25x/TF0_25x.rep4.bam.bai
[W::hts_idx_load3] The index file is older than the data file: /bip7_disk/pingting114/mixed_bam/COLO829_PAO/TF0_25x/TF0_25x.rep4.bam.bai
[W::hts_idx_load3] The index file is older than the data file: /bip7_disk/pingting114/mixed_bam/COLO829_PAO/TF0_25x/TF0_25x.rep4.bam.bai
[W::hts_idx_load3] The index file is older than the data file: /bip7_disk/pingting114/mixed_bam/COLO829_PAO/TF0_25x/TF0_25x.rep4.bam.bai
[W::hts_idx_load3] The index file is older than the data file: /bip7_disk/pingting114/mixed_bam/COLO829_PAO/TF0_25x/TF0_25x.rep4.bam.bai
[W::bam_next_basemod] MM tag refers to bases beyond sequence length
[E::bam_parse_basemod2] d769a4fb-2b39-4364-8f47-3e60a5f73d2d: MM tag refers to bases beyond sequence length
[E::bam_parse_basemod2] 417bdbcb-82db-4cf3-ab90-3e14013f7fd8: MM tag refers to bases beyond sequence length
[W::hts_idx_load3] The index file is older than the data file: /bip7_disk/pingting114/mixed_bam/COLO829_PAO/TF0_25x/TF0_25x.rep4.bam.bai
[E::bam_parse_basemod2] 5e9c5fd0-b91a-46ed-ab32-a9ca51c79501: MM tag refers to bases beyond sequence length
[W::hts_idx_load3] The index file is older than the data file: /bip7_disk/pingting114/mixed_bam/COLO829_PAO/TF0_25x/TF0_25x.rep4.bam.bai
[E::bam_parse_basemod2] 0f8af832-1db1-4093-9169-3efcaf0ca29b: MM tag refers to bases beyond sequence length
[W::hts_idx_load3] The index file is older than the data file: /bip7_disk/pingting114/mixed_bam/COLO829_PAO/TF0_25x/TF0_25x.rep4.bam.bai
[W::bam_next_basemod] MM tag refers to bases beyond sequence length
[W::hts_idx_load3] The index file is older than the data file: /bip7_disk/pingting114/mixed_bam/COLO829_PAO/TF0_25x/TF0_25x.rep4.bam.bai
[W::hts_idx_load3] The index file is older than the data file: /bip7_disk/pingting114/mixed_bam/COLO829_PAO/TF0_25x/TF0_25x.rep4.bam.bai
[W::bam_next_basemod] MM tag refers to bases beyond sequence length
[W::hts_idx_load3] The index file is older than the data file: /bip7_disk/pingting114/mixed_bam/COLO829_PAO/TF0_25x/TF0_25x.rep4.bam.bai
[W::bam_next_basemod] MM tag refers to bases beyond sequence length
[W::hts_idx_load3] The index file is older than the data file: /bip7_disk/pingting114/mixed_bam/COLO829_PAO/TF0_25x/TF0_25x.rep4.bam.bai
[W::bam_next_basemod] MM tag refers to bases beyond sequence length
[W::bam_next_basemod] MM tag refers to bases beyond sequence length
[W::hts_idx_load3] The index file is older than the data file: /bip7_disk/pingting114/mixed_bam/COLO829_PAO/TF0_25x/TF0_25x.rep4.bam.bai
[W::hts_idx_load3] The index file is older than the data file: /bip7_disk/pingting114/mixed_bam/COLO829_PAO/TF0_25x/TF0_25x.rep4.bam.bai
[E::bam_parse_basemod2] 68f128f1-4c44-4d16-9f66-1784652baa5f: MM tag refers to bases beyond sequence length
[W::hts_idx_load3] The index file is older than the data file: /bip7_disk/pingting114/mixed_bam/COLO829_PAO/TF0_25x/TF0_25x.rep4.bam.bai
[W::hts_idx_load3] The index file is older than the data file: /bip7_disk/pingting114/mixed_bam/COLO829_PAO/TF0_25x/TF0_25x.rep4.bam.bai
[E::bam_parse_basemod2] 2a7520fd-927a-450d-a164-c8d985ad477d: MM tag refers to bases beyond sequence length
[W::hts_idx_load3] The index file is older than the data file: /bip7_disk/pingting114/mixed_bam/COLO829_PAO/TF0_25x/TF0_25x.rep4.bam.bai
[W::hts_idx_load3] The index file is older than the data file: /bip7_disk/pingting114/mixed_bam/COLO829_PAO/TF0_25x/TF0_25x.rep4.bam.bai
[W::hts_idx_load3] The index file is older than the data file: /bip7_disk/pingting114/mixed_bam/COLO829_PAO/TF0_25x/TF0_25x.rep4.bam.bai
[W::hts_idx_load3] The index file is older than the data file: /bip7_disk/pingting114/mixed_bam/COLO829_PAO/TF0_25x/TF0_25x.rep4.bam.bai
[W::hts_idx_load3] The index file is older than the data file: /bip7_disk/pingting114/mixed_bam/COLO829_PAO/TF0_25x/TF0_25x.rep4.bam.bai
[W::hts_idx_load3] The index file is older than the data file: /bip7_disk/pingting114/mixed_bam/COLO829_PAO/TF0_25x/TF0_25x.rep4.bam.bai
[E::bam_parse_basemod2] bf3103b0-bf67-4689-a451-d74b10791e1c: MM tag refers to bases beyond sequence length
[W::hts_idx_load3] The index file is older than the data file: /bip7_disk/pingting114/mixed_bam/COLO829_PAO/TF0_25x/TF0_25x.rep4.bam.bai
[W::hts_idx_load3] The index file is older than the data file: /bip7_disk/pingting114/mixed_bam/COLO829_PAO/TF0_25x/TF0_25x.rep4.bam.bai
[W::hts_idx_load3] The index file is older than the data file: /bip7_disk/pingting114/mixed_bam/COLO829_PAO/TF0_25x/TF0_25x.rep4.bam.bai
[W::hts_idx_load3] The index file is older than the data file: /bip7_disk/pingting114/mixed_bam/COLO829_PAO/TF0_25x/TF0_25x.rep4.bam.bai
[W::hts_idx_load3] The index file is older than the data file: /bip7_disk/pingting114/mixed_bam/COLO829_PAO/TF0_25x/TF0_25x.rep4.bam.bai
[W::hts_idx_load3] The index file is older than the data file: /bip7_disk/pingting114/mixed_bam/COLO829_PAO/TF0_25x/TF0_25x.rep4.bam.bai
[W::hts_idx_load3] The index file is older than the data file: /bip7_disk/pingting114/mixed_bam/COLO829_PAO/TF0_25x/TF0_25x.rep4.bam.bai
[W::hts_idx_load3] The index file is older than the data file: /bip7_disk/pingting114/mixed_bam/COLO829_PAO/TF0_25x/TF0_25x.rep4.bam.bai
[E::bam_parse_basemod2] 99816d3b-64c7-4107-acb7-a506ab2078d7: MM tag refers to bases beyond sequence length
[W::bam_next_basemod] MM tag refers to bases beyond sequence length
[W::hts_idx_load3] The index file is older than the data file: /bip7_disk/pingting114/mixed_bam/COLO829_PAO/TF0_25x/TF0_25x.rep4.bam.bai
[W::hts_idx_load3] The index file is older than the data file: /bip7_disk/pingting114/mixed_bam/COLO829_PAO/TF0_25x/TF0_25x.rep4.bam.bai
[W::hts_idx_load3] The index file is older than the data file: /bip7_disk/pingting114/mixed_bam/COLO829_PAO/TF0_25x/TF0_25x.rep4.bam.bai
[W::hts_idx_load3] The index file is older than the data file: /bip7_disk/pingting114/mixed_bam/COLO829_PAO/TF0_25x/TF0_25x.rep4.bam.bai
[W::hts_idx_load3] The index file is older than the data file: /bip7_disk/pingting114/mixed_bam/COLO829_PAO/TF0_25x/TF0_25x.rep4.bam.bai
[W::hts_idx_load3] The index file is older than the data file: /bip7_disk/pingting114/mixed_bam/COLO829_PAO/TF0_25x/TF0_25x.rep4.bam.bai
[W::hts_idx_load3] The index file is older than the data file: /bip7_disk/pingting114/mixed_bam/COLO829_PAO/TF0_25x/TF0_25x.rep4.bam.bai
[W::hts_idx_load3] The index file is older than the data file: /bip7_disk/pingting114/mixed_bam/COLO829_PAO/TF0_25x/TF0_25x.rep4.bam.bai
[W::bam_next_basemod] MM tag refers to bases beyond sequence length
[E::bam_parse_basemod2] 0746b5cc-c7e3-4e6f-8c1f-5fc8747133e4: MM tag refers to bases beyond sequence length
[W::hts_idx_load3] The index file is older than the data file: /bip7_disk/pingting114/mixed_bam/COLO829_PAO/TF0_25x/TF0_25x.rep4.bam.bai
[W::hts_idx_load3] The index file is older than the data file: /bip7_disk/pingting114/mixed_bam/COLO829_PAO/TF0_25x/TF0_25x.rep4.bam.bai
[W::hts_idx_load3] The index file is older than the data file: /bip7_disk/pingting114/mixed_bam/COLO829_PAO/TF0_25x/TF0_25x.rep4.bam.bai
[W::bam_next_basemod] MM tag refers to bases beyond sequence length
[W::hts_idx_load3] The index file is older than the data file: /bip7_disk/pingting114/mixed_bam/COLO829_PAO/TF0_25x/TF0_25x.rep4.bam.bai
[W::bam_next_basemod] MM tag refers to bases beyond sequence length
[W::bam_next_basemod] MM tag refers to bases beyond sequence length
[W::hts_idx_load3] The index file is older than the data file: /bip7_disk/pingting114/mixed_bam/COLO829_PAO/TF0_25x/TF0_25x.rep4.bam.bai
[W::hts_idx_load3] The index file is older than the data file: /bip7_disk/pingting114/mixed_bam/COLO829_PAO/TF0_25x/TF0_25x.rep4.bam.bai
[W::hts_idx_load3] The index file is older than the data file: /bip7_disk/pingting114/mixed_bam/COLO829_PAO/TF0_25x/TF0_25x.rep4.bam.bai
[W::bam_next_basemod] MM tag refers to bases beyond sequence length
[W::bam_next_basemod] MM tag refers to bases beyond sequence length
[W::hts_idx_load3] The index file is older than the data file: /bip7_disk/pingting114/mixed_bam/COLO829_PAO/TF0_25x/TF0_25x.rep4.bam.bai
[W::hts_idx_load3] The index file is older than the data file: /bip7_disk/pingting114/mixed_bam/COLO829_PAO/TF0_25x/TF0_25x.rep4.bam.bai
[W::hts_idx_load3] The index file is older than the data file: /bip7_disk/pingting114/mixed_bam/COLO829_PAO/TF0_25x/TF0_25x.rep4.bam.bai
[W::hts_idx_load3] The index file is older than the data file: /bip7_disk/pingting114/mixed_bam/COLO829_PAO/TF0_25x/TF0_25x.rep4.bam.bai
[E::bam_parse_basemod2] fa6007f0-7bdf-49f7-99e5-773a219ffc86: MM tag refers to bases beyond sequence length
[E::bam_parse_basemod2] 996a9b5b-af2a-4ad3-a4a7-b5a4470450e6: MM tag refers to bases beyond sequence length
[W::hts_idx_load3] The index file is older than the data file: /bip7_disk/pingting114/mixed_bam/COLO829_PAO/TF0_25x/TF0_25x.rep4.bam.bai
[W::hts_idx_load3] The index file is older than the data file: /bip7_disk/pingting114/mixed_bam/COLO829_PAO/TF0_25x/TF0_25x.rep4.bam.bai
[W::bam_next_basemod] MM tag refers to bases beyond sequence length
[W::hts_idx_load3] The index file is older than the data file: /bip7_disk/pingting114/mixed_bam/COLO829_PAO/TF0_25x/TF0_25x.rep4.bam.bai
[W::hts_idx_load3] The index file is older than the data file: /bip7_disk/pingting114/mixed_bam/COLO829_PAO/TF0_25x/TF0_25x.rep4.bam.bai
[E::bam_parse_basemod2] 9a19c99c-0a12-419a-9bfb-58db1da0785f: MM tag refers to bases beyond sequence length
[E::bam_parse_basemod2] 3a075474-64d2-4c5a-a8e8-00dfe48d4107: MM tag refers to bases beyond sequence length
[W::hts_idx_load3] The index file is older than the data file: /bip7_disk/pingting114/mixed_bam/COLO829_PAO/TF0_25x/TF0_25x.rep4.bam.bai
[W::hts_idx_load3] The index file is older than the data file: /bip7_disk/pingting114/mixed_bam/COLO829_PAO/TF0_25x/TF0_25x.rep4.bam.bai
[W::hts_idx_load3] The index file is older than the data file: /bip7_disk/pingting114/mixed_bam/COLO829_PAO/TF0_25x/TF0_25x.rep4.bam.bai
[E::bam_parse_basemod2] 37314c00-8207-4c8c-ab9b-64fb92ab6175: MM tag refers to bases beyond sequence length
[W::hts_idx_load3] The index file is older than the data file: /bip7_disk/pingting114/mixed_bam/COLO829_PAO/TF0_25x/TF0_25x.rep4.bam.bai
[E::bam_parse_basemod2] dac75428-0bc5-42e0-b1a5-c843dce1604f: MM tag refers to bases beyond sequence length
[W::bam_next_basemod] MM tag refers to bases beyond sequence length
[E::bam_parse_basemod2] d9d2108c-108d-4f28-9b63-33a6d6171c58: MM tag refers to bases beyond sequence length
[W::hts_idx_load3] The index file is older than the data file: /bip7_disk/pingting114/mixed_bam/COLO829_PAO/TF0_25x/TF0_25x.rep4.bam.bai
[E::bam_parse_basemod2] a9ca4617-ad0f-43d9-a9fb-7f2a764856ac: MM tag refers to bases beyond sequence length
[W::hts_idx_load3] The index file is older than the data file: /bip7_disk/pingting114/mixed_bam/COLO829_PAO/TF0_25x/TF0_25x.rep4.bam.bai
[W::hts_idx_load3] The index file is older than the data file: /bip7_disk/pingting114/mixed_bam/COLO829_PAO/TF0_25x/TF0_25x.rep4.bam.bai
[E::bam_parse_basemod2] df3d9aeb-865a-4e6e-b690-bc13955fc849: MM tag refers to bases beyond sequence length
[W::bam_next_basemod] MM tag refers to bases beyond sequence length
[W::hts_idx_load3] The index file is older than the data file: /bip7_disk/pingting114/mixed_bam/COLO829_PAO/TF0_25x/TF0_25x.rep4.bam.bai
[W::hts_idx_load3] The index file is older than the data file: /bip7_disk/pingting114/mixed_bam/COLO829_PAO/TF0_25x/TF0_25x.rep4.bam.bai
[W::hts_idx_load3] The index file is older than the data file: /bip7_disk/pingting114/mixed_bam/COLO829_PAO/TF0_25x/TF0_25x.rep4.bam.bai
[E::bam_parse_basemod2] 879cea3b-0615-4b3e-9251-d8c0d1bef3a1: MM tag refers to bases beyond sequence length
[W::hts_idx_load3] The index file is older than the data file: /bip7_disk/pingting114/mixed_bam/COLO829_PAO/TF0_25x/TF0_25x.rep4.bam.bai
[W::bam_next_basemod] MM tag refers to bases beyond sequence length
[E::bam_parse_basemod2] fc4798db-2659-47d3-9710-c6b80d27319d: MM tag refers to bases beyond sequence length
[W::hts_idx_load3] The index file is older than the data file: /bip7_disk/pingting114/mixed_bam/COLO829_PAO/TF0_25x/TF0_25x.rep4.bam.bai
[W::hts_idx_load3] The index file is older than the data file: /bip7_disk/pingting114/mixed_bam/COLO829_PAO/TF0_25x/TF0_25x.rep4.bam.bai
[W::hts_idx_load3] The index file is older than the data file: /bip7_disk/pingting114/mixed_bam/COLO829_PAO/TF0_25x/TF0_25x.rep4.bam.bai
[E::bam_parse_basemod2] 0f369f36-30f2-4e08-b5f7-fe34f67892ed: MM tag refers to bases beyond sequence length
[W::hts_idx_load3] The index file is older than the data file: /bip7_disk/pingting114/mixed_bam/COLO829_PAO/TF0_25x/TF0_25x.rep4.bam.bai
[W::hts_idx_load3] The index file is older than the data file: /bip7_disk/pingting114/mixed_bam/COLO829_PAO/TF0_25x/TF0_25x.rep4.bam.bai
[W::hts_idx_load3] The index file is older than the data file: /bip7_disk/pingting114/mixed_bam/COLO829_PAO/TF0_25x/TF0_25x.rep4.bam.bai
[W::hts_idx_load3] The index file is older than the data file: /bip7_disk/pingting114/mixed_bam/COLO829_PAO/TF0_25x/TF0_25x.rep4.bam.bai
[W::hts_idx_load3] The index file is older than the data file: /bip7_disk/pingting114/mixed_bam/COLO829_PAO/TF0_25x/TF0_25x.rep4.bam.bai
[W::hts_idx_load3] The index file is older than the data file: /bip7_disk/pingting114/mixed_bam/COLO829_PAO/TF0_25x/TF0_25x.rep4.bam.bai
[W::hts_idx_load3] The index file is older than the data file: /bip7_disk/pingting114/mixed_bam/COLO829_PAO/TF0_25x/TF0_25x.rep4.bam.bai
[W::hts_idx_load3] The index file is older than the data file: /bip7_disk/pingting114/mixed_bam/COLO829_PAO/TF0_25x/TF0_25x.rep4.bam.bai
[W::hts_idx_load3] The index file is older than the data file: /bip7_disk/pingting114/mixed_bam/COLO829_PAO/TF0_25x/TF0_25x.rep4.bam.bai
[W::hts_idx_load3] The index file is older than the data file: /bip7_disk/pingting114/mixed_bam/COLO829_PAO/TF0_25x/TF0_25x.rep4.bam.bai
[W::hts_idx_load3] The index file is older than the data file: /bip7_disk/pingting114/mixed_bam/COLO829_PAO/TF0_25x/TF0_25x.rep4.bam.bai
[W::hts_idx_load3] The index file is older than the data file: /bip7_disk/pingting114/mixed_bam/COLO829_PAO/TF0_25x/TF0_25x.rep4.bam.bai
[W::bam_next_basemod] MM tag refers to bases beyond sequence length
[W::hts_idx_load3] The index file is older than the data file: /bip7_disk/pingting114/mixed_bam/COLO829_PAO/TF0_25x/TF0_25x.rep4.bam.bai
[W::bam_next_basemod] MM tag refers to bases beyond sequence length
[W::hts_idx_load3] The index file is older than the data file: /bip7_disk/pingting114/mixed_bam/COLO829_PAO/TF0_25x/TF0_25x.rep4.bam.bai
[W::hts_idx_load3] The index file is older than the data file: /bip7_disk/pingting114/mixed_bam/COLO829_PAO/TF0_25x/TF0_25x.rep4.bam.bai
[W::hts_idx_load3] The index file is older than the data file: /bip7_disk/pingting114/mixed_bam/COLO829_PAO/TF0_25x/TF0_25x.rep4.bam.bai
[W::hts_idx_load3] The index file is older than the data file: /bip7_disk/pingting114/mixed_bam/COLO829_PAO/TF0_25x/TF0_25x.rep4.bam.bai
[W::hts_idx_load3] The index file is older than the data file: /bip7_disk/pingting114/mixed_bam/COLO829_PAO/TF0_25x/TF0_25x.rep4.bam.bai
[W::hts_idx_load3] The index file is older than the data file: /bip7_disk/pingting114/mixed_bam/COLO829_PAO/TF0_25x/TF0_25x.rep4.bam.bai
[W::hts_idx_load3] The index file is older than the data file: /bip7_disk/pingting114/mixed_bam/COLO829_PAO/TF0_25x/TF0_25x.rep4.bam.bai
[E::bam_parse_basemod2] c0b71081-2afa-456c-9769-f1d8c206d6f7: MM tag refers to bases beyond sequence length
[W::hts_idx_load3] The index file is older than the data file: /bip7_disk/pingting114/mixed_bam/COLO829_PAO/TF0_25x/TF0_25x.rep4.bam.bai
[W::hts_idx_load3] The index file is older than the data file: /bip7_disk/pingting114/mixed_bam/COLO829_PAO/TF0_25x/TF0_25x.rep4.bam.bai
[W::hts_idx_load3] The index file is older than the data file: /bip7_disk/pingting114/mixed_bam/COLO829_PAO/TF0_25x/TF0_25x.rep4.bam.bai
[E::bam_parse_basemod2] fe794356-dd34-44e9-a692-855a3fb69eb9: MM tag refers to bases beyond sequence length
[W::hts_idx_load3] The index file is older than the data file: /bip7_disk/pingting114/mixed_bam/COLO829_PAO/TF0_25x/TF0_25x.rep4.bam.bai
[W::hts_idx_load3] The index file is older than the data file: /bip7_disk/pingting114/mixed_bam/COLO829_PAO/TF0_25x/TF0_25x.rep4.bam.bai
[W::hts_idx_load3] The index file is older than the data file: /bip7_disk/pingting114/mixed_bam/COLO829_PAO/TF0_25x/TF0_25x.rep4.bam.bai
[W::hts_idx_load3] The index file is older than the data file: /bip7_disk/pingting114/mixed_bam/COLO829_PAO/TF0_25x/TF0_25x.rep4.bam.bai
[W::hts_idx_load3] The index file is older than the data file: /bip7_disk/pingting114/mixed_bam/COLO829_PAO/TF0_25x/TF0_25x.rep4.bam.bai
[W::hts_idx_load3] The index file is older than the data file: /bip7_disk/pingting114/mixed_bam/COLO829_PAO/TF0_25x/TF0_25x.rep4.bam.bai
[W::hts_idx_load3] The index file is older than the data file: /bip7_disk/pingting114/mixed_bam/COLO829_PAO/TF0_25x/TF0_25x.rep4.bam.bai
[W::hts_idx_load3] The index file is older than the data file: /bip7_disk/pingting114/mixed_bam/COLO829_PAO/TF0_25x/TF0_25x.rep4.bam.bai
[W::hts_idx_load3] The index file is older than the data file: /bip7_disk/pingting114/mixed_bam/COLO829_PAO/TF0_25x/TF0_25x.rep4.bam.bai
[W::hts_idx_load3] The index file is older than the data file: /bip7_disk/pingting114/mixed_bam/COLO829_PAO/TF0_25x/TF0_25x.rep4.bam.bai
[W::hts_idx_load3] The index file is older than the data file: /bip7_disk/pingting114/mixed_bam/COLO829_PAO/TF0_25x/TF0_25x.rep4.bam.bai
[W::bam_next_basemod] MM tag refers to bases beyond sequence length
[W::hts_idx_load3] The index file is older than the data file: /bip7_disk/pingting114/mixed_bam/COLO829_PAO/TF0_25x/TF0_25x.rep4.bam.bai
[W::bam_next_basemod] MM tag refers to bases beyond sequence length
[E::bam_parse_basemod2] bdb15c33-7622-4d3c-947e-16633e15114c: MM tag refers to bases beyond sequence length
[W::hts_idx_load3] The index file is older than the data file: /bip7_disk/pingting114/mixed_bam/COLO829_PAO/TF0_25x/TF0_25x.rep4.bam.bai
[W::hts_idx_load3] The index file is older than the data file: /bip7_disk/pingting114/mixed_bam/COLO829_PAO/TF0_25x/TF0_25x.rep4.bam.bai
[W::hts_idx_load3] The index file is older than the data file: /bip7_disk/pingting114/mixed_bam/COLO829_PAO/TF0_25x/TF0_25x.rep4.bam.bai
[E::bam_parse_basemod2] 3f1088bb-cb2b-46f6-9416-0f9ce0dc88a8: MM tag refers to bases beyond sequence length
[W::bam_next_basemod] MM tag refers to bases beyond sequence length
[W::hts_idx_load3] The index file is older than the data file: /bip7_disk/pingting114/mixed_bam/COLO829_PAO/TF0_25x/TF0_25x.rep4.bam.bai
[W::hts_idx_load3] The index file is older than the data file: /bip7_disk/pingting114/mixed_bam/COLO829_PAO/TF0_25x/TF0_25x.rep4.bam.bai
[W::hts_idx_load3] The index file is older than the data file: /bip7_disk/pingting114/mixed_bam/COLO829_PAO/TF0_25x/TF0_25x.rep4.bam.bai
[W::hts_idx_load3] The index file is older than the data file: /bip7_disk/pingting114/mixed_bam/COLO829_PAO/TF0_25x/TF0_25x.rep4.bam.bai
[W::hts_idx_load3] The index file is older than the data file: /bip7_disk/pingting114/mixed_bam/COLO829_PAO/TF0_25x/TF0_25x.rep4.bam.bai
[W::hts_idx_load3] The index file is older than the data file: /bip7_disk/pingting114/mixed_bam/COLO829_PAO/TF0_25x/TF0_25x.rep4.bam.bai
[W::hts_idx_load3] The index file is older than the data file: /bip7_disk/pingting114/mixed_bam/COLO829_PAO/TF0_25x/TF0_25x.rep4.bam.bai
[W::hts_idx_load3] The index file is older than the data file: /bip7_disk/pingting114/mixed_bam/COLO829_PAO/TF0_25x/TF0_25x.rep4.bam.bai
[E::bam_parse_basemod2] 1b9c2eb0-3484-46da-a2ec-7487fb964c53: MM tag refers to bases beyond sequence length
[W::hts_idx_load3] The index file is older than the data file: /bip7_disk/pingting114/mixed_bam/COLO829_PAO/TF0_25x/TF0_25x.rep4.bam.bai
[W::hts_idx_load3] The index file is older than the data file: /bip7_disk/pingting114/mixed_bam/COLO829_PAO/TF0_25x/TF0_25x.rep4.bam.bai
[E::bam_parse_basemod2] 58397e8a-937e-4a91-8d3b-85624e664ab8: MM tag refers to bases beyond sequence length
[W::hts_idx_load3] The index file is older than the data file: /bip7_disk/pingting114/mixed_bam/COLO829_PAO/TF0_25x/TF0_25x.rep4.bam.bai
[W::hts_idx_load3] The index file is older than the data file: /bip7_disk/pingting114/mixed_bam/COLO829_PAO/TF0_25x/TF0_25x.rep4.bam.bai
[W::hts_idx_load3] The index file is older than the data file: /bip7_disk/pingting114/mixed_bam/COLO829_PAO/TF0_25x/TF0_25x.rep4.bam.bai
[E::bam_parse_basemod2] c714bb5a-c748-4776-b516-cca1136f1297: MM tag refers to bases beyond sequence length
[W::hts_idx_load3] The index file is older than the data file: /bip7_disk/pingting114/mixed_bam/COLO829_PAO/TF0_25x/TF0_25x.rep4.bam.bai
[W::hts_idx_load3] The index file is older than the data file: /bip7_disk/pingting114/mixed_bam/COLO829_PAO/TF0_25x/TF0_25x.rep4.bam.bai
[W::hts_idx_load3] The index file is older than the data file: /bip7_disk/pingting114/mixed_bam/COLO829_PAO/TF0_25x/TF0_25x.rep4.bam.bai
[W::hts_idx_load3] The index file is older than the data file: /bip7_disk/pingting114/mixed_bam/COLO829_PAO/TF0_25x/TF0_25x.rep4.bam.bai
[W::hts_idx_load3] The index file is older than the data file: /bip7_disk/pingting114/mixed_bam/COLO829_PAO/TF0_25x/TF0_25x.rep4.bam.bai
[W::hts_idx_load3] The index file is older than the data file: /bip7_disk/pingting114/mixed_bam/COLO829_PAO/TF0_25x/TF0_25x.rep4.bam.bai
[W::hts_idx_load3] The index file is older than the data file: /bip7_disk/pingting114/mixed_bam/COLO829_PAO/TF0_25x/TF0_25x.rep4.bam.bai
[W::hts_idx_load3] The index file is older than the data file: /bip7_disk/pingting114/mixed_bam/COLO829_PAO/TF0_25x/TF0_25x.rep4.bam.bai
[W::hts_idx_load3] The index file is older than the data file: /bip7_disk/pingting114/mixed_bam/COLO829_PAO/TF0_25x/TF0_25x.rep4.bam.bai
[W::hts_idx_load3] The index file is older than the data file: /bip7_disk/pingting114/mixed_bam/COLO829_PAO/TF0_25x/TF0_25x.rep4.bam.bai
[W::hts_idx_load3] The index file is older than the data file: /bip7_disk/pingting114/mixed_bam/COLO829_PAO/TF0_25x/TF0_25x.rep4.bam.bai
[W::hts_idx_load3] The index file is older than the data file: /bip7_disk/pingting114/mixed_bam/COLO829_PAO/TF0_25x/TF0_25x.rep4.bam.bai
[W::hts_idx_load3] The index file is older than the data file: /bip7_disk/pingting114/mixed_bam/COLO829_PAO/TF0_25x/TF0_25x.rep4.bam.bai
[W::hts_idx_load3] The index file is older than the data file: /bip7_disk/pingting114/mixed_bam/COLO829_PAO/TF0_25x/TF0_25x.rep4.bam.bai
[W::hts_idx_load3] The index file is older than the data file: /bip7_disk/pingting114/mixed_bam/COLO829_PAO/TF0_25x/TF0_25x.rep4.bam.bai
[W::bam_next_basemod] MM tag refers to bases beyond sequence length
[E::bam_parse_basemod2] e1a385fa-8236-40bc-a29f-d824f0bcf197: MM tag refers to bases beyond sequence length
[W::hts_idx_load3] The index file is older than the data file: /bip7_disk/pingting114/mixed_bam/COLO829_PAO/TF0_25x/TF0_25x.rep4.bam.bai
[W::hts_idx_load3] The index file is older than the data file: /bip7_disk/pingting114/mixed_bam/COLO829_PAO/TF0_25x/TF0_25x.rep4.bam.bai
[W::hts_idx_load3] The index file is older than the data file: /bip7_disk/pingting114/mixed_bam/COLO829_PAO/TF0_25x/TF0_25x.rep4.bam.bai
[W::hts_idx_load3] The index file is older than the data file: /bip7_disk/pingting114/mixed_bam/COLO829_PAO/TF0_25x/TF0_25x.rep4.bam.bai
[W::hts_idx_load3] The index file is older than the data file: /bip7_disk/pingting114/mixed_bam/COLO829_PAO/TF0_25x/TF0_25x.rep4.bam.bai
[W::hts_idx_load3] The index file is older than the data file: /bip7_disk/pingting114/mixed_bam/COLO829_PAO/TF0_25x/TF0_25x.rep4.bam.bai
[W::hts_idx_load3] The index file is older than the data file: /bip7_disk/pingting114/mixed_bam/COLO829_PAO/TF0_25x/TF0_25x.rep4.bam.bai
[E::bam_parse_basemod2] cbb6d20f-96ee-476a-8ad5-13c8b9b0c797: MM tag refers to bases beyond sequence length
[W::hts_idx_load3] The index file is older than the data file: /bip7_disk/pingting114/mixed_bam/COLO829_PAO/TF0_25x/TF0_25x.rep4.bam.bai
[W::hts_idx_load3] The index file is older than the data file: /bip7_disk/pingting114/mixed_bam/COLO829_PAO/TF0_25x/TF0_25x.rep4.bam.bai
[W::hts_idx_load3] The index file is older than the data file: /bip7_disk/pingting114/mixed_bam/COLO829_PAO/TF0_25x/TF0_25x.rep4.bam.bai
[W::bam_next_basemod] MM tag refers to bases beyond sequence length
[W::hts_idx_load3] The index file is older than the data file: /bip7_disk/pingting114/mixed_bam/COLO829_PAO/TF0_25x/TF0_25x.rep4.bam.bai
[W::hts_idx_load3] The index file is older than the data file: /bip7_disk/pingting114/mixed_bam/COLO829_PAO/TF0_25x/TF0_25x.rep4.bam.bai
[W::hts_idx_load3] The index file is older than the data file: /bip7_disk/pingting114/mixed_bam/COLO829_PAO/TF0_25x/TF0_25x.rep4.bam.bai
[W::hts_idx_load3] The index file is older than the data file: /bip7_disk/pingting114/mixed_bam/COLO829_PAO/TF0_25x/TF0_25x.rep4.bam.bai
[W::hts_idx_load3] The index file is older than the data file: /bip7_disk/pingting114/mixed_bam/COLO829_PAO/TF0_25x/TF0_25x.rep4.bam.bai
[W::hts_idx_load3] The index file is older than the data file: /bip7_disk/pingting114/mixed_bam/COLO829_PAO/TF0_25x/TF0_25x.rep4.bam.bai
[W::bam_next_basemod] MM tag refers to bases beyond sequence length
[W::hts_idx_load3] The index file is older than the data file: /bip7_disk/pingting114/mixed_bam/COLO829_PAO/TF0_25x/TF0_25x.rep4.bam.bai
[W::hts_idx_load3] The index file is older than the data file: /bip7_disk/pingting114/mixed_bam/COLO829_PAO/TF0_25x/TF0_25x.rep4.bam.bai
[W::hts_idx_load3] The index file is older than the data file: /bip7_disk/pingting114/mixed_bam/COLO829_PAO/TF0_25x/TF0_25x.rep4.bam.bai
[E::bam_parse_basemod2] 75091089-b291-4774-a9e6-6f7264ac05df: MM tag refers to bases beyond sequence length
[W::hts_idx_load3] The index file is older than the data file: /bip7_disk/pingting114/mixed_bam/COLO829_PAO/TF0_25x/TF0_25x.rep4.bam.bai
[W::bam_next_basemod] MM tag refers to bases beyond sequence length
[W::hts_idx_load3] The index file is older than the data file: /bip7_disk/pingting114/mixed_bam/COLO829_PAO/TF0_25x/TF0_25x.rep4.bam.bai
[W::hts_idx_load3] The index file is older than the data file: /bip7_disk/pingting114/mixed_bam/COLO829_PAO/TF0_25x/TF0_25x.rep4.bam.bai
[W::hts_idx_load3] The index file is older than the data file: /bip7_disk/pingting114/mixed_bam/COLO829_PAO/TF0_25x/TF0_25x.rep4.bam.bai
[W::hts_idx_load3] The index file is older than the data file: /bip7_disk/pingting114/mixed_bam/COLO829_PAO/TF0_25x/TF0_25x.rep4.bam.bai
[W::hts_idx_load3] The index file is older than the data file: /bip7_disk/pingting114/mixed_bam/COLO829_PAO/TF0_25x/TF0_25x.rep4.bam.bai
[W::hts_idx_load3] The index file is older than the data file: /bip7_disk/pingting114/mixed_bam/COLO829_PAO/TF0_25x/TF0_25x.rep4.bam.bai
[W::hts_idx_load3] The index file is older than the data file: /bip7_disk/pingting114/mixed_bam/COLO829_PAO/TF0_25x/TF0_25x.rep4.bam.bai
[W::hts_idx_load3] The index file is older than the data file: /bip7_disk/pingting114/mixed_bam/COLO829_PAO/TF0_25x/TF0_25x.rep4.bam.bai
[E::bam_parse_basemod2] 04919def-1f37-4f61-a7e2-320a6a63a43e: MM tag refers to bases beyond sequence length
[W::hts_idx_load3] The index file is older than the data file: /bip7_disk/pingting114/mixed_bam/COLO829_PAO/TF0_25x/TF0_25x.rep4.bam.bai
[E::bam_parse_basemod2] 83c43feb-a02f-4e2a-bd01-28d037dd31d0: MM tag refers to bases beyond sequence length
[W::bam_next_basemod] MM tag refers to bases beyond sequence length
[W::hts_idx_load3] The index file is older than the data file: /bip7_disk/pingting114/mixed_bam/COLO829_PAO/TF0_25x/TF0_25x.rep4.bam.bai
[W::hts_idx_load3] The index file is older than the data file: /bip7_disk/pingting114/mixed_bam/COLO829_PAO/TF0_25x/TF0_25x.rep4.bam.bai
[W::hts_idx_load3] The index file is older than the data file: /bip7_disk/pingting114/mixed_bam/COLO829_PAO/TF0_25x/TF0_25x.rep4.bam.bai
[W::bam_next_basemod] MM tag refers to bases beyond sequence length
[E::bam_parse_basemod2] 28249489-bb39-43ff-8493-c1b13652d720: MM tag refers to bases beyond sequence length
[W::hts_idx_load3] The index file is older than the data file: /bip7_disk/pingting114/mixed_bam/COLO829_PAO/TF0_25x/TF0_25x.rep4.bam.bai
[W::hts_idx_load3] The index file is older than the data file: /bip7_disk/pingting114/mixed_bam/COLO829_PAO/TF0_25x/TF0_25x.rep4.bam.bai
[E::bam_parse_basemod2] 8caef7f2-5287-44ae-b437-c7b44d0aea42: MM tag refers to bases beyond sequence length
[W::hts_idx_load3] The index file is older than the data file: /bip7_disk/pingting114/mixed_bam/COLO829_PAO/TF0_25x/TF0_25x.rep4.bam.bai
[W::hts_idx_load3] The index file is older than the data file: /bip7_disk/pingting114/mixed_bam/COLO829_PAO/TF0_25x/TF0_25x.rep4.bam.bai
[W::bam_next_basemod] MM tag refers to bases beyond sequence length
[E::bam_parse_basemod2] 39998301-34b7-474c-9c4b-0617f96ba46b: MM tag refers to bases beyond sequence length
[W::hts_idx_load3] The index file is older than the data file: /bip7_disk/pingting114/mixed_bam/COLO829_PAO/TF0_25x/TF0_25x.rep4.bam.bai
[W::bam_next_basemod] MM tag refers to bases beyond sequence length
[W::hts_idx_load3] The index file is older than the data file: /bip7_disk/pingting114/mixed_bam/COLO829_PAO/TF0_25x/TF0_25x.rep4.bam.bai
[W::hts_idx_load3] The index file is older than the data file: /bip7_disk/pingting114/mixed_bam/COLO829_PAO/TF0_25x/TF0_25x.rep4.bam.bai
[W::bam_next_basemod] MM tag refers to bases beyond sequence length
[W::hts_idx_load3] The index file is older than the data file: /bip7_disk/pingting114/mixed_bam/COLO829_PAO/TF0_25x/TF0_25x.rep4.bam.bai
[W::hts_idx_load3] The index file is older than the data file: /bip7_disk/pingting114/mixed_bam/COLO829_PAO/TF0_25x/TF0_25x.rep4.bam.bai
[E::bam_parse_basemod2] ec3faf66-9db4-46b2-b738-9cec70d93858: MM tag refers to bases beyond sequence length
[W::hts_idx_load3] The index file is older than the data file: /bip7_disk/pingting114/mixed_bam/COLO829_PAO/TF0_25x/TF0_25x.rep4.bam.bai
[W::hts_idx_load3] The index file is older than the data file: /bip7_disk/pingting114/mixed_bam/COLO829_PAO/TF0_25x/TF0_25x.rep4.bam.bai
[W::hts_idx_load3] The index file is older than the data file: /bip7_disk/pingting114/mixed_bam/COLO829_PAO/TF0_25x/TF0_25x.rep4.bam.bai
[W::hts_idx_load3] The index file is older than the data file: /bip7_disk/pingting114/mixed_bam/COLO829_PAO/TF0_25x/TF0_25x.rep4.bam.bai
[W::hts_idx_load3] The index file is older than the data file: /bip7_disk/pingting114/mixed_bam/COLO829_PAO/TF0_25x/TF0_25x.rep4.bam.bai
[W::hts_idx_load3] The index file is older than the data file: /bip7_disk/pingting114/mixed_bam/COLO829_PAO/TF0_25x/TF0_25x.rep4.bam.bai
[W::hts_idx_load3] The index file is older than the data file: /bip7_disk/pingting114/mixed_bam/COLO829_PAO/TF0_25x/TF0_25x.rep4.bam.bai
[W::hts_idx_load3] The index file is older than the data file: /bip7_disk/pingting114/mixed_bam/COLO829_PAO/TF0_25x/TF0_25x.rep4.bam.bai
[W::hts_idx_load3] The index file is older than the data file: /bip7_disk/pingting114/mixed_bam/COLO829_PAO/TF0_25x/TF0_25x.rep4.bam.bai
[E::bam_parse_basemod2] afe1d06b-01f3-4952-904c-5683db2784e9: MM tag refers to bases beyond sequence length
[W::hts_idx_load3] The index file is older than the data file: /bip7_disk/pingting114/mixed_bam/COLO829_PAO/TF0_25x/TF0_25x.rep4.bam.bai
[E::bam_parse_basemod2] 1ac53a27-72bd-437c-8526-4162b840433f: MM tag refers to bases beyond sequence length
[W::hts_idx_load3] The index file is older than the data file: /bip7_disk/pingting114/mixed_bam/COLO829_PAO/TF0_25x/TF0_25x.rep4.bam.bai
[W::hts_idx_load3] The index file is older than the data file: /bip7_disk/pingting114/mixed_bam/COLO829_PAO/TF0_25x/TF0_25x.rep4.bam.bai
[W::hts_idx_load3] The index file is older than the data file: /bip7_disk/pingting114/mixed_bam/COLO829_PAO/TF0_25x/TF0_25x.rep4.bam.bai
[W::hts_idx_load3] The index file is older than the data file: /bip7_disk/pingting114/mixed_bam/COLO829_PAO/TF0_25x/TF0_25x.rep4.bam.bai
[W::bam_next_basemod] MM tag refers to bases beyond sequence length
[W::hts_idx_load3] The index file is older than the data file: /bip7_disk/pingting114/mixed_bam/COLO829_PAO/TF0_25x/TF0_25x.rep4.bam.bai
[W::hts_idx_load3] The index file is older than the data file: /bip7_disk/pingting114/mixed_bam/COLO829_PAO/TF0_25x/TF0_25x.rep4.bam.bai
[W::hts_idx_load3] The index file is older than the data file: /bip7_disk/pingting114/mixed_bam/COLO829_PAO/TF0_25x/TF0_25x.rep4.bam.bai
[W::hts_idx_load3] The index file is older than the data file: /bip7_disk/pingting114/mixed_bam/COLO829_PAO/TF0_25x/TF0_25x.rep4.bam.bai
[W::hts_idx_load3] The index file is older than the data file: /bip7_disk/pingting114/mixed_bam/COLO829_PAO/TF0_25x/TF0_25x.rep4.bam.bai
[W::bam_next_basemod] MM tag refers to bases beyond sequence length
[W::hts_idx_load3] The index file is older than the data file: /bip7_disk/pingting114/mixed_bam/COLO829_PAO/TF0_25x/TF0_25x.rep4.bam.bai
[W::hts_idx_load3] The index file is older than the data file: /bip7_disk/pingting114/mixed_bam/COLO829_PAO/TF0_25x/TF0_25x.rep4.bam.bai
[W::hts_idx_load3] The index file is older than the data file: /bip7_disk/pingting114/mixed_bam/COLO829_PAO/TF0_25x/TF0_25x.rep4.bam.bai
[W::hts_idx_load3] The index file is older than the data file: /bip7_disk/pingting114/mixed_bam/COLO829_PAO/TF0_25x/TF0_25x.rep4.bam.bai
[W::hts_idx_load3] The index file is older than the data file: /bip7_disk/pingting114/mixed_bam/COLO829_PAO/TF0_25x/TF0_25x.rep4.bam.bai
[W::hts_idx_load3] The index file is older than the data file: /bip7_disk/pingting114/mixed_bam/COLO829_PAO/TF0_25x/TF0_25x.rep4.bam.bai
[W::bam_next_basemod] MM tag refers to bases beyond sequence length
[W::hts_idx_load3] The index file is older than the data file: /bip7_disk/pingting114/mixed_bam/COLO829_PAO/TF0_25x/TF0_25x.rep4.bam.bai
[W::hts_idx_load3] The index file is older than the data file: /bip7_disk/pingting114/mixed_bam/COLO829_PAO/TF0_25x/TF0_25x.rep4.bam.bai
[W::hts_idx_load3] The index file is older than the data file: /bip7_disk/pingting114/mixed_bam/COLO829_PAO/TF0_25x/TF0_25x.rep4.bam.bai
[W::hts_idx_load3] The index file is older than the data file: /bip7_disk/pingting114/mixed_bam/COLO829_PAO/TF0_25x/TF0_25x.rep4.bam.bai
[W::hts_idx_load3] The index file is older than the data file: /bip7_disk/pingting114/mixed_bam/COLO829_PAO/TF0_25x/TF0_25x.rep4.bam.bai
[W::bam_next_basemod] MM tag refers to bases beyond sequence length
[W::bam_next_basemod] MM tag refers to bases beyond sequence length
[W::hts_idx_load3] The index file is older than the data file: /bip7_disk/pingting114/mixed_bam/COLO829_PAO/TF0_25x/TF0_25x.rep4.bam.bai
[W::hts_idx_load3] The index file is older than the data file: /bip7_disk/pingting114/mixed_bam/COLO829_PAO/TF0_25x/TF0_25x.rep4.bam.bai
[E::bam_parse_basemod2] b536c5a7-0a09-4c4a-9415-e2c8302d844f: MM tag refers to bases beyond sequence length
[E::bam_parse_basemod2] 78d1789d-cc81-4553-8a2a-359c4012ab96: MM tag refers to bases beyond sequence length
[W::hts_idx_load3] The index file is older than the data file: /bip7_disk/pingting114/mixed_bam/COLO829_PAO/TF0_25x/TF0_25x.rep4.bam.bai
[W::bam_next_basemod] MM tag refers to bases beyond sequence length
[W::hts_idx_load3] The index file is older than the data file: /bip7_disk/pingting114/mixed_bam/COLO829_PAO/TF0_25x/TF0_25x.rep4.bam.bai
[W::hts_idx_load3] The index file is older than the data file: /bip7_disk/pingting114/mixed_bam/COLO829_PAO/TF0_25x/TF0_25x.rep4.bam.bai
[W::hts_idx_load3] The index file is older than the data file: /bip7_disk/pingting114/mixed_bam/COLO829_PAO/TF0_25x/TF0_25x.rep4.bam.bai
[W::hts_idx_load3] The index file is older than the data file: /bip7_disk/pingting114/mixed_bam/COLO829_PAO/TF0_25x/TF0_25x.rep4.bam.bai
[E::bam_parse_basemod2] 035dcc9a-cb19-4e6e-82b6-47743783681e: MM tag refers to bases beyond sequence length
[W::hts_idx_load3] The index file is older than the data file: /bip7_disk/pingting114/mixed_bam/COLO829_PAO/TF0_25x/TF0_25x.rep4.bam.bai
[W::hts_idx_load3] The index file is older than the data file: /bip7_disk/pingting114/mixed_bam/COLO829_PAO/TF0_25x/TF0_25x.rep4.bam.bai
[W::hts_idx_load3] The index file is older than the data file: /bip7_disk/pingting114/mixed_bam/COLO829_PAO/TF0_25x/TF0_25x.rep4.bam.bai
[W::hts_idx_load3] The index file is older than the data file: /bip7_disk/pingting114/mixed_bam/COLO829_PAO/TF0_25x/TF0_25x.rep4.bam.bai
[W::hts_idx_load3] The index file is older than the data file: /bip7_disk/pingting114/mixed_bam/COLO829_PAO/TF0_25x/TF0_25x.rep4.bam.bai
[W::hts_idx_load3] The index file is older than the data file: /bip7_disk/pingting114/mixed_bam/COLO829_PAO/TF0_25x/TF0_25x.rep4.bam.bai
[W::hts_idx_load3] The index file is older than the data file: /bip7_disk/pingting114/mixed_bam/COLO829_PAO/TF0_25x/TF0_25x.rep4.bam.bai
[E::bam_parse_basemod2] 15af6637-8ce9-425e-8f80-b354beea1808: MM tag refers to bases beyond sequence length
[W::hts_idx_load3] The index file is older than the data file: /bip7_disk/pingting114/mixed_bam/COLO829_PAO/TF0_25x/TF0_25x.rep4.bam.bai
[W::hts_idx_load3] The index file is older than the data file: /bip7_disk/pingting114/mixed_bam/COLO829_PAO/TF0_25x/TF0_25x.rep4.bam.bai
[W::hts_idx_load3] The index file is older than the data file: /bip7_disk/pingting114/mixed_bam/COLO829_PAO/TF0_25x/TF0_25x.rep4.bam.bai
[W::hts_idx_load3] The index file is older than the data file: /bip7_disk/pingting114/mixed_bam/COLO829_PAO/TF0_25x/TF0_25x.rep4.bam.bai
[W::hts_idx_load3] The index file is older than the data file: /bip7_disk/pingting114/mixed_bam/COLO829_PAO/TF0_25x/TF0_25x.rep4.bam.bai
[W::hts_idx_load3] The index file is older than the data file: /bip7_disk/pingting114/mixed_bam/COLO829_PAO/TF0_25x/TF0_25x.rep4.bam.bai
[W::hts_idx_load3] The index file is older than the data file: /bip7_disk/pingting114/mixed_bam/COLO829_PAO/TF0_25x/TF0_25x.rep4.bam.bai
[W::hts_idx_load3] The index file is older than the data file: /bip7_disk/pingting114/mixed_bam/COLO829_PAO/TF0_25x/TF0_25x.rep4.bam.bai
[W::hts_idx_load3] The index file is older than the data file: /bip7_disk/pingting114/mixed_bam/COLO829_PAO/TF0_25x/TF0_25x.rep4.bam.bai
[W::bam_next_basemod] MM tag refers to bases beyond sequence length
[W::hts_idx_load3] The index file is older than the data file: /bip7_disk/pingting114/mixed_bam/COLO829_PAO/TF0_25x/TF0_25x.rep4.bam.bai
[W::hts_idx_load3] The index file is older than the data file: /bip7_disk/pingting114/mixed_bam/COLO829_PAO/TF0_25x/TF0_25x.rep4.bam.bai
[W::hts_idx_load3] The index file is older than the data file: /bip7_disk/pingting114/mixed_bam/COLO829_PAO/TF0_25x/TF0_25x.rep4.bam.bai
[W::hts_idx_load3] The index file is older than the data file: /bip7_disk/pingting114/mixed_bam/COLO829_PAO/TF0_25x/TF0_25x.rep4.bam.bai
[W::hts_idx_load3] The index file is older than the data file: /bip7_disk/pingting114/mixed_bam/COLO829_PAO/TF0_25x/TF0_25x.rep4.bam.bai
[W::bam_next_basemod] MM tag refers to bases beyond sequence length
[W::hts_idx_load3] The index file is older than the data file: /bip7_disk/pingting114/mixed_bam/COLO829_PAO/TF0_25x/TF0_25x.rep4.bam.bai
[E::bam_parse_basemod2] e6d7109f-7757-42f8-84c9-29b3d6c828e9: MM tag refers to bases beyond sequence length
[W::hts_idx_load3] The index file is older than the data file: /bip7_disk/pingting114/mixed_bam/COLO829_PAO/TF0_25x/TF0_25x.rep4.bam.bai
[W::hts_idx_load3] The index file is older than the data file: /bip7_disk/pingting114/mixed_bam/COLO829_PAO/TF0_25x/TF0_25x.rep4.bam.bai
[W::hts_idx_load3] The index file is older than the data file: /bip7_disk/pingting114/mixed_bam/COLO829_PAO/TF0_25x/TF0_25x.rep4.bam.bai
[W::bam_next_basemod] MM tag refers to bases beyond sequence length
[W::hts_idx_load3] The index file is older than the data file: /bip7_disk/pingting114/mixed_bam/COLO829_PAO/TF0_25x/TF0_25x.rep4.bam.bai
[E::bam_parse_basemod2] 846c2a84-8573-466a-a875-a6a4154a1f34: MM tag refers to bases beyond sequence length
[W::hts_idx_load3] The index file is older than the data file: /bip7_disk/pingting114/mixed_bam/COLO829_PAO/TF0_25x/TF0_25x.rep4.bam.bai
[W::hts_idx_load3] The index file is older than the data file: /bip7_disk/pingting114/mixed_bam/COLO829_PAO/TF0_25x/TF0_25x.rep4.bam.bai
[W::hts_idx_load3] The index file is older than the data file: /bip7_disk/pingting114/mixed_bam/COLO829_PAO/TF0_25x/TF0_25x.rep4.bam.bai
[W::bam_next_basemod] MM tag refers to bases beyond sequence length
[W::hts_idx_load3] The index file is older than the data file: /bip7_disk/pingting114/mixed_bam/COLO829_PAO/TF0_25x/TF0_25x.rep4.bam.bai
[W::hts_idx_load3] The index file is older than the data file: /bip7_disk/pingting114/mixed_bam/COLO829_PAO/TF0_25x/TF0_25x.rep4.bam.bai
[E::bam_parse_basemod2] b7c21aee-0c4f-42b1-a55b-1a8927b772fa: MM tag refers to bases beyond sequence length
[W::hts_idx_load3] The index file is older than the data file: /bip7_disk/pingting114/mixed_bam/COLO829_PAO/TF0_25x/TF0_25x.rep4.bam.bai
[W::bam_next_basemod] MM tag refers to bases beyond sequence length
[W::hts_idx_load3] The index file is older than the data file: /bip7_disk/pingting114/mixed_bam/COLO829_PAO/TF0_25x/TF0_25x.rep4.bam.bai
[E::bam_parse_basemod2] 4ebd4cf3-59fa-4468-a15e-76329eda1b00: MM tag refers to bases beyond sequence length
[W::hts_idx_load3] The index file is older than the data file: /bip7_disk/pingting114/mixed_bam/COLO829_PAO/TF0_25x/TF0_25x.rep4.bam.bai
[E::bam_parse_basemod2] 557e0b95-ce99-4230-b56b-32cf5fc1972b: MM tag refers to bases beyond sequence length
[W::hts_idx_load3] The index file is older than the data file: /bip7_disk/pingting114/mixed_bam/COLO829_PAO/TF0_25x/TF0_25x.rep4.bam.bai
[E::bam_parse_basemod2] 601c70ba-1b01-4d7e-bf82-a0974a5bc901: MM tag refers to bases beyond sequence length
[W::hts_idx_load3] The index file is older than the data file: /bip7_disk/pingting114/mixed_bam/COLO829_PAO/TF0_25x/TF0_25x.rep4.bam.bai
[W::hts_idx_load3] The index file is older than the data file: /bip7_disk/pingting114/mixed_bam/COLO829_PAO/TF0_25x/TF0_25x.rep4.bam.bai
[E::bam_parse_basemod2] e7e621d2-0bea-48c7-9b8f-c8d8209ad068: MM tag refers to bases beyond sequence length
[W::hts_idx_load3] The index file is older than the data file: /bip7_disk/pingting114/mixed_bam/COLO829_PAO/TF0_25x/TF0_25x.rep4.bam.bai
[W::bam_next_basemod] MM tag refers to bases beyond sequence length
[W::bam_next_basemod] MM tag refers to bases beyond sequence length
[W::hts_idx_load3] The index file is older than the data file: /bip7_disk/pingting114/mixed_bam/COLO829_PAO/TF0_25x/TF0_25x.rep4.bam.bai
[W::hts_idx_load3] The index file is older than the data file: /bip7_disk/pingting114/mixed_bam/COLO829_PAO/TF0_25x/TF0_25x.rep4.bam.bai
[W::hts_idx_load3] The index file is older than the data file: /bip7_disk/pingting114/mixed_bam/COLO829_PAO/TF0_25x/TF0_25x.rep4.bam.bai
[W::bam_next_basemod] MM tag refers to bases beyond sequence length
[E::bam_parse_basemod2] 7463726d-5d2f-4b02-9a1c-59cb2bab84a7: MM tag refers to bases beyond sequence length
[W::hts_idx_load3] The index file is older than the data file: /bip7_disk/pingting114/mixed_bam/COLO829_PAO/TF0_25x/TF0_25x.rep4.bam.bai
[W::hts_idx_load3] The index file is older than the data file: /bip7_disk/pingting114/mixed_bam/COLO829_PAO/TF0_25x/TF0_25x.rep4.bam.bai
[E::bam_parse_basemod2] 9a24a191-9301-4017-844e-d99bfe84bd9e: MM tag refers to bases beyond sequence length
[E::bam_parse_basemod2] 4282428f-d168-4c30-ae84-0cd3522c5559: MM tag refers to bases beyond sequence length
[W::hts_idx_load3] The index file is older than the data file: /bip7_disk/pingting114/mixed_bam/COLO829_PAO/TF0_25x/TF0_25x.rep4.bam.bai
[W::bam_next_basemod] MM tag refers to bases beyond sequence length
[E::bam_parse_basemod2] 387a05f2-132b-427f-9188-a7cfe3881b52: MM tag refers to bases beyond sequence length
[W::hts_idx_load3] The index file is older than the data file: /bip7_disk/pingting114/mixed_bam/COLO829_PAO/TF0_25x/TF0_25x.rep4.bam.bai
[W::hts_idx_load3] The index file is older than the data file: /bip7_disk/pingting114/mixed_bam/COLO829_PAO/TF0_25x/TF0_25x.rep4.bam.bai
[W::bam_next_basemod] MM tag refers to bases beyond sequence length
[W::hts_idx_load3] The index file is older than the data file: /bip7_disk/pingting114/mixed_bam/COLO829_PAO/TF0_25x/TF0_25x.rep4.bam.bai
[W::hts_idx_load3] The index file is older than the data file: /bip7_disk/pingting114/mixed_bam/COLO829_PAO/TF0_25x/TF0_25x.rep4.bam.bai
[W::hts_idx_load3] The index file is older than the data file: /bip7_disk/pingting114/mixed_bam/COLO829_PAO/TF0_25x/TF0_25x.rep4.bam.bai
[W::bam_next_basemod] MM tag refers to bases beyond sequence length
[W::hts_idx_load3] The index file is older than the data file: /bip7_disk/pingting114/mixed_bam/COLO829_PAO/TF0_25x/TF0_25x.rep4.bam.bai
[W::hts_idx_load3] The index file is older than the data file: /bip7_disk/pingting114/mixed_bam/COLO829_PAO/TF0_25x/TF0_25x.rep4.bam.bai
[W::hts_idx_load3] The index file is older than the data file: /bip7_disk/pingting114/mixed_bam/COLO829_PAO/TF0_25x/TF0_25x.rep4.bam.bai
[E::bam_parse_basemod2] f706211a-aeb1-47e0-874b-b864a793b4b3: MM tag refers to bases beyond sequence length
[W::hts_idx_load3] The index file is older than the data file: /bip7_disk/pingting114/mixed_bam/COLO829_PAO/TF0_25x/TF0_25x.rep4.bam.bai
[W::hts_idx_load3] The index file is older than the data file: /bip7_disk/pingting114/mixed_bam/COLO829_PAO/TF0_25x/TF0_25x.rep4.bam.bai
[W::hts_idx_load3] The index file is older than the data file: /bip7_disk/pingting114/mixed_bam/COLO829_PAO/TF0_25x/TF0_25x.rep4.bam.bai
[E::bam_parse_basemod2] 1df65a8c-3e43-49d2-8887-c72c9815cc09: MM tag refers to bases beyond sequence length
[W::hts_idx_load3] The index file is older than the data file: /bip7_disk/pingting114/mixed_bam/COLO829_PAO/TF0_25x/TF0_25x.rep4.bam.bai
[W::hts_idx_load3] The index file is older than the data file: /bip7_disk/pingting114/mixed_bam/COLO829_PAO/TF0_25x/TF0_25x.rep4.bam.bai
[W::hts_idx_load3] The index file is older than the data file: /bip7_disk/pingting114/mixed_bam/COLO829_PAO/TF0_25x/TF0_25x.rep4.bam.bai
[W::hts_idx_load3] The index file is older than the data file: /bip7_disk/pingting114/mixed_bam/COLO829_PAO/TF0_25x/TF0_25x.rep4.bam.bai
[E::bam_parse_basemod2] f61a3c38-acc0-4f3c-b0ff-0d49a798b8df: MM tag refers to bases beyond sequence length
[W::hts_idx_load3] The index file is older than the data file: /bip7_disk/pingting114/mixed_bam/COLO829_PAO/TF0_25x/TF0_25x.rep4.bam.bai
[W::bam_next_basemod] MM tag refers to bases beyond sequence length
[W::hts_idx_load3] The index file is older than the data file: /bip7_disk/pingting114/mixed_bam/COLO829_PAO/TF0_25x/TF0_25x.rep4.bam.bai
[W::hts_idx_load3] The index file is older than the data file: /bip7_disk/pingting114/mixed_bam/COLO829_PAO/TF0_25x/TF0_25x.rep4.bam.bai
[W::hts_idx_load3] The index file is older than the data file: /bip7_disk/pingting114/mixed_bam/COLO829_PAO/TF0_25x/TF0_25x.rep4.bam.bai
[E::bam_parse_basemod2] 9ca605a2-0f55-481f-a36c-87accf5ad1c3: MM tag refers to bases beyond sequence length
[W::hts_idx_load3] The index file is older than the data file: /bip7_disk/pingting114/mixed_bam/COLO829_PAO/TF0_25x/TF0_25x.rep4.bam.bai
[W::hts_idx_load3] The index file is older than the data file: /bip7_disk/pingting114/mixed_bam/COLO829_PAO/TF0_25x/TF0_25x.rep4.bam.bai
[W::hts_idx_load3] The index file is older than the data file: /bip7_disk/pingting114/mixed_bam/COLO829_PAO/TF0_25x/TF0_25x.rep4.bam.bai
[W::hts_idx_load3] The index file is older than the data file: /bip7_disk/pingting114/mixed_bam/COLO829_PAO/TF0_25x/TF0_25x.rep4.bam.bai
[W::hts_idx_load3] The index file is older than the data file: /bip7_disk/pingting114/mixed_bam/COLO829_PAO/TF0_25x/TF0_25x.rep4.bam.bai
[W::hts_idx_load3] The index file is older than the data file: /bip7_disk/pingting114/mixed_bam/COLO829_PAO/TF0_25x/TF0_25x.rep4.bam.bai
[E::bam_parse_basemod2] f1e18e11-9b7a-4ad8-8f7a-d4aa0c87024e: MM tag refers to bases beyond sequence length
[E::bam_parse_basemod2] d604f60c-d5b0-40a0-8954-1469c8700bee: MM tag refers to bases beyond sequence length
[W::hts_idx_load3] The index file is older than the data file: /bip7_disk/pingting114/mixed_bam/COLO829_PAO/TF0_25x/TF0_25x.rep4.bam.bai
[W::hts_idx_load3] The index file is older than the data file: /bip7_disk/pingting114/mixed_bam/COLO829_PAO/TF0_25x/TF0_25x.rep4.bam.bai
[W::bam_next_basemod] MM tag refers to bases beyond sequence length
[W::bam_next_basemod] MM tag refers to bases beyond sequence length
[E::bam_parse_basemod2] 0f006b5b-bd95-40c8-9f7f-df02b3284006: MM tag refers to bases beyond sequence length
[W::hts_idx_load3] The index file is older than the data file: /bip7_disk/pingting114/mixed_bam/COLO829_PAO/TF0_25x/TF0_25x.rep4.bam.bai
[W::hts_idx_load3] The index file is older than the data file: /bip7_disk/pingting114/mixed_bam/COLO829_PAO/TF0_25x/TF0_25x.rep4.bam.bai
[E::bam_parse_basemod2] 0dac1baa-ec49-4252-9d79-ff94685ffa7b: MM tag refers to bases beyond sequence length
[W::hts_idx_load3] The index file is older than the data file: /bip7_disk/pingting114/mixed_bam/COLO829_PAO/TF0_25x/TF0_25x.rep4.bam.bai
[E::bam_parse_basemod2] 3d39e56a-6757-462d-aeed-ce2586403549: MM tag refers to bases beyond sequence length
[W::hts_idx_load3] The index file is older than the data file: /bip7_disk/pingting114/mixed_bam/COLO829_PAO/TF0_25x/TF0_25x.rep4.bam.bai
[W::bam_next_basemod] MM tag refers to bases beyond sequence length
[W::hts_idx_load3] The index file is older than the data file: /bip7_disk/pingting114/mixed_bam/COLO829_PAO/TF0_25x/TF0_25x.rep4.bam.bai
[W::hts_idx_load3] The index file is older than the data file: /bip7_disk/pingting114/mixed_bam/COLO829_PAO/TF0_25x/TF0_25x.rep4.bam.bai
[W::hts_idx_load3] The index file is older than the data file: /bip7_disk/pingting114/mixed_bam/COLO829_PAO/TF0_25x/TF0_25x.rep4.bam.bai
[W::hts_idx_load3] The index file is older than the data file: /bip7_disk/pingting114/mixed_bam/COLO829_PAO/TF0_25x/TF0_25x.rep4.bam.bai
[W::hts_idx_load3] The index file is older than the data file: /bip7_disk/pingting114/mixed_bam/COLO829_PAO/TF0_25x/TF0_25x.rep4.bam.bai
[W::hts_idx_load3] The index file is older than the data file: /bip7_disk/pingting114/mixed_bam/COLO829_PAO/TF0_25x/TF0_25x.rep4.bam.bai
[W::hts_idx_load3] The index file is older than the data file: /bip7_disk/pingting114/mixed_bam/COLO829_PAO/TF0_25x/TF0_25x.rep4.bam.bai
[E::bam_parse_basemod2] a0f25337-fb4b-4ccc-9bbe-7ed9d2fae31b: MM tag refers to bases beyond sequence length
[W::hts_idx_load3] The index file is older than the data file: /bip7_disk/pingting114/mixed_bam/COLO829_PAO/TF0_25x/TF0_25x.rep4.bam.bai
[W::bam_next_basemod] MM tag refers to bases beyond sequence length
[W::hts_idx_load3] The index file is older than the data file: /bip7_disk/pingting114/mixed_bam/COLO829_PAO/TF0_25x/TF0_25x.rep4.bam.bai
[W::hts_idx_load3] The index file is older than the data file: /bip7_disk/pingting114/mixed_bam/COLO829_PAO/TF0_25x/TF0_25x.rep4.bam.bai
[W::bam_next_basemod] MM tag refers to bases beyond sequence length
[W::hts_idx_load3] The index file is older than the data file: /bip7_disk/pingting114/mixed_bam/COLO829_PAO/TF0_25x/TF0_25x.rep4.bam.bai
[W::hts_idx_load3] The index file is older than the data file: /bip7_disk/pingting114/mixed_bam/COLO829_PAO/TF0_25x/TF0_25x.rep4.bam.bai
[W::hts_idx_load3] The index file is older than the data file: /bip7_disk/pingting114/mixed_bam/COLO829_PAO/TF0_25x/TF0_25x.rep4.bam.bai
[W::hts_idx_load3] The index file is older than the data file: /bip7_disk/pingting114/mixed_bam/COLO829_PAO/TF0_25x/TF0_25x.rep4.bam.bai
[W::hts_idx_load3] The index file is older than the data file: /bip7_disk/pingting114/mixed_bam/COLO829_PAO/TF0_25x/TF0_25x.rep4.bam.bai
[W::hts_idx_load3] The index file is older than the data file: /bip7_disk/pingting114/mixed_bam/COLO829_PAO/TF0_25x/TF0_25x.rep4.bam.bai
[W::hts_idx_load3] The index file is older than the data file: /bip7_disk/pingting114/mixed_bam/COLO829_PAO/TF0_25x/TF0_25x.rep4.bam.bai
[W::bam_next_basemod] MM tag refers to bases beyond sequence length
[W::hts_idx_load3] The index file is older than the data file: /bip7_disk/pingting114/mixed_bam/COLO829_PAO/TF0_25x/TF0_25x.rep4.bam.bai
[E::bam_parse_basemod2] 10713a45-f34d-4be4-bd9f-29c48e8ae981: MM tag refers to bases beyond sequence length
[W::hts_idx_load3] The index file is older than the data file: /bip7_disk/pingting114/mixed_bam/COLO829_PAO/TF0_25x/TF0_25x.rep4.bam.bai
[W::hts_idx_load3] The index file is older than the data file: /bip7_disk/pingting114/mixed_bam/COLO829_PAO/TF0_25x/TF0_25x.rep4.bam.bai
[W::hts_idx_load3] The index file is older than the data file: /bip7_disk/pingting114/mixed_bam/COLO829_PAO/TF0_25x/TF0_25x.rep4.bam.bai
[W::hts_idx_load3] The index file is older than the data file: /bip7_disk/pingting114/mixed_bam/COLO829_PAO/TF0_25x/TF0_25x.rep4.bam.bai
[W::hts_idx_load3] The index file is older than the data file: /bip7_disk/pingting114/mixed_bam/COLO829_PAO/TF0_25x/TF0_25x.rep4.bam.bai
[W::hts_idx_load3] The index file is older than the data file: /bip7_disk/pingting114/mixed_bam/COLO829_PAO/TF0_25x/TF0_25x.rep4.bam.bai
[W::hts_idx_load3] The index file is older than the data file: /bip7_disk/pingting114/mixed_bam/COLO829_PAO/TF0_25x/TF0_25x.rep4.bam.bai
[W::hts_idx_load3] The index file is older than the data file: /bip7_disk/pingting114/mixed_bam/COLO829_PAO/TF0_25x/TF0_25x.rep4.bam.bai
[W::hts_idx_load3] The index file is older than the data file: /bip7_disk/pingting114/mixed_bam/COLO829_PAO/TF0_25x/TF0_25x.rep4.bam.bai
[W::hts_idx_load3] The index file is older than the data file: /bip7_disk/pingting114/mixed_bam/COLO829_PAO/TF0_25x/TF0_25x.rep4.bam.bai
[W::hts_idx_load3] The index file is older than the data file: /bip7_disk/pingting114/mixed_bam/COLO829_PAO/TF0_25x/TF0_25x.rep4.bam.bai
[E::bam_parse_basemod2] 4e5d6773-b163-443a-85e4-eeebbc672ca8: MM tag refers to bases beyond sequence length
[W::hts_idx_load3] The index file is older than the data file: /bip7_disk/pingting114/mixed_bam/COLO829_PAO/TF0_25x/TF0_25x.rep4.bam.bai
[W::hts_idx_load3] The index file is older than the data file: /bip7_disk/pingting114/mixed_bam/COLO829_PAO/TF0_25x/TF0_25x.rep4.bam.bai
[W::hts_idx_load3] The index file is older than the data file: /bip7_disk/pingting114/mixed_bam/COLO829_PAO/TF0_25x/TF0_25x.rep4.bam.bai
[W::hts_idx_load3] The index file is older than the data file: /bip7_disk/pingting114/mixed_bam/COLO829_PAO/TF0_25x/TF0_25x.rep4.bam.bai
[W::hts_idx_load3] The index file is older than the data file: /bip7_disk/pingting114/mixed_bam/COLO829_PAO/TF0_25x/TF0_25x.rep4.bam.bai
[E::bam_parse_basemod2] 38475b7e-8455-4e02-9344-54dfd7b59cbb: MM tag refers to bases beyond sequence length
[W::hts_idx_load3] The index file is older than the data file: /bip7_disk/pingting114/mixed_bam/COLO829_PAO/TF0_25x/TF0_25x.rep4.bam.bai
[W::bam_next_basemod] MM tag refers to bases beyond sequence length
[W::hts_idx_load3] The index file is older than the data file: /bip7_disk/pingting114/mixed_bam/COLO829_PAO/TF0_25x/TF0_25x.rep4.bam.bai
[W::hts_idx_load3] The index file is older than the data file: /bip7_disk/pingting114/mixed_bam/COLO829_PAO/TF0_25x/TF0_25x.rep4.bam.bai
[W::hts_idx_load3] The index file is older than the data file: /bip7_disk/pingting114/mixed_bam/COLO829_PAO/TF0_25x/TF0_25x.rep4.bam.bai
[W::hts_idx_load3] The index file is older than the data file: /bip7_disk/pingting114/mixed_bam/COLO829_PAO/TF0_25x/TF0_25x.rep4.bam.bai
[W::bam_next_basemod] MM tag refers to bases beyond sequence length
[W::bam_next_basemod] MM tag refers to bases beyond sequence length
[W::hts_idx_load3] The index file is older than the data file: /bip7_disk/pingting114/mixed_bam/COLO829_PAO/TF0_25x/TF0_25x.rep4.bam.bai
[W::hts_idx_load3] The index file is older than the data file: /bip7_disk/pingting114/mixed_bam/COLO829_PAO/TF0_25x/TF0_25x.rep4.bam.bai
[W::hts_idx_load3] The index file is older than the data file: /bip7_disk/pingting114/mixed_bam/COLO829_PAO/TF0_25x/TF0_25x.rep4.bam.bai
[W::bam_next_basemod] MM tag refers to bases beyond sequence length
[W::hts_idx_load3] The index file is older than the data file: /bip7_disk/pingting114/mixed_bam/COLO829_PAO/TF0_25x/TF0_25x.rep4.bam.bai
[W::hts_idx_load3] The index file is older than the data file: /bip7_disk/pingting114/mixed_bam/COLO829_PAO/TF0_25x/TF0_25x.rep4.bam.bai
[W::hts_idx_load3] The index file is older than the data file: /bip7_disk/pingting114/mixed_bam/COLO829_PAO/TF0_25x/TF0_25x.rep4.bam.bai
[W::bam_next_basemod] MM tag refers to bases beyond sequence length
[W::hts_idx_load3] The index file is older than the data file: /bip7_disk/pingting114/mixed_bam/COLO829_PAO/TF0_25x/TF0_25x.rep4.bam.bai
[W::bam_next_basemod] MM tag refers to bases beyond sequence length
[W::hts_idx_load3] The index file is older than the data file: /bip7_disk/pingting114/mixed_bam/COLO829_PAO/TF0_25x/TF0_25x.rep4.bam.bai
[W::hts_idx_load3] The index file is older than the data file: /bip7_disk/pingting114/mixed_bam/COLO829_PAO/TF0_25x/TF0_25x.rep4.bam.bai
[W::hts_idx_load3] The index file is older than the data file: /bip7_disk/pingting114/mixed_bam/COLO829_PAO/TF0_25x/TF0_25x.rep4.bam.bai
[E::bam_parse_basemod2] 6d1e9834-cd3e-41af-b6b1-aca464810972: MM tag refers to bases beyond sequence length
[W::hts_idx_load3] The index file is older than the data file: /bip7_disk/pingting114/mixed_bam/COLO829_PAO/TF0_25x/TF0_25x.rep4.bam.bai
[W::hts_idx_load3] The index file is older than the data file: /bip7_disk/pingting114/mixed_bam/COLO829_PAO/TF0_25x/TF0_25x.rep4.bam.bai
[W::hts_idx_load3] The index file is older than the data file: /bip7_disk/pingting114/mixed_bam/COLO829_PAO/TF0_25x/TF0_25x.rep4.bam.bai
[W::hts_idx_load3] The index file is older than the data file: /bip7_disk/pingting114/mixed_bam/COLO829_PAO/TF0_25x/TF0_25x.rep4.bam.bai
[W::hts_idx_load3] The index file is older than the data file: /bip7_disk/pingting114/mixed_bam/COLO829_PAO/TF0_25x/TF0_25x.rep4.bam.bai
[W::hts_idx_load3] The index file is older than the data file: /bip7_disk/pingting114/mixed_bam/COLO829_PAO/TF0_25x/TF0_25x.rep4.bam.bai
[W::hts_idx_load3] The index file is older than the data file: /bip7_disk/pingting114/mixed_bam/COLO829_PAO/TF0_25x/TF0_25x.rep4.bam.bai
[W::hts_idx_load3] The index file is older than the data file: /bip7_disk/pingting114/mixed_bam/COLO829_PAO/TF0_25x/TF0_25x.rep4.bam.bai
[W::hts_idx_load3] The index file is older than the data file: /bip7_disk/pingting114/mixed_bam/COLO829_PAO/TF0_25x/TF0_25x.rep4.bam.bai
[W::hts_idx_load3] The index file is older than the data file: /bip7_disk/pingting114/mixed_bam/COLO829_PAO/TF0_25x/TF0_25x.rep4.bam.bai
[W::hts_idx_load3] The index file is older than the data file: /bip7_disk/pingting114/mixed_bam/COLO829_PAO/TF0_25x/TF0_25x.rep4.bam.bai
[E::bam_parse_basemod2] 20821812-4e3a-4977-b98d-5c6d516ac336: MM tag refers to bases beyond sequence length
[W::hts_idx_load3] The index file is older than the data file: /bip7_disk/pingting114/mixed_bam/COLO829_PAO/TF0_25x/TF0_25x.rep4.bam.bai
[W::bam_next_basemod] MM tag refers to bases beyond sequence length
[W::hts_idx_load3] The index file is older than the data file: /bip7_disk/pingting114/mixed_bam/COLO829_PAO/TF0_25x/TF0_25x.rep4.bam.bai
[W::hts_idx_load3] The index file is older than the data file: /bip7_disk/pingting114/mixed_bam/COLO829_PAO/TF0_25x/TF0_25x.rep4.bam.bai
[W::hts_idx_load3] The index file is older than the data file: /bip7_disk/pingting114/mixed_bam/COLO829_PAO/TF0_25x/TF0_25x.rep4.bam.bai
[W::hts_idx_load3] The index file is older than the data file: /bip7_disk/pingting114/mixed_bam/COLO829_PAO/TF0_25x/TF0_25x.rep4.bam.bai
[W::hts_idx_load3] The index file is older than the data file: /bip7_disk/pingting114/mixed_bam/COLO829_PAO/TF0_25x/TF0_25x.rep4.bam.bai
[W::hts_idx_load3] The index file is older than the data file: /bip7_disk/pingting114/mixed_bam/COLO829_PAO/TF0_25x/TF0_25x.rep4.bam.bai
[W::hts_idx_load3] The index file is older than the data file: /bip7_disk/pingting114/mixed_bam/COLO829_PAO/TF0_25x/TF0_25x.rep4.bam.bai
[W::hts_idx_load3] The index file is older than the data file: /bip7_disk/pingting114/mixed_bam/COLO829_PAO/TF0_25x/TF0_25x.rep4.bam.bai
[W::hts_idx_load3] The index file is older than the data file: /bip7_disk/pingting114/mixed_bam/COLO829_PAO/TF0_25x/TF0_25x.rep4.bam.bai
[W::bam_next_basemod] MM tag refers to bases beyond sequence length
[W::hts_idx_load3] The index file is older than the data file: /bip7_disk/pingting114/mixed_bam/COLO829_PAO/TF0_25x/TF0_25x.rep4.bam.bai
[W::hts_idx_load3] The index file is older than the data file: /bip7_disk/pingting114/mixed_bam/COLO829_PAO/TF0_25x/TF0_25x.rep4.bam.bai
[E::bam_parse_basemod2] 7e3f08a2-bd1b-4ac8-8817-9cecc4422e71: MM tag refers to bases beyond sequence length
[W::hts_idx_load3] The index file is older than the data file: /bip7_disk/pingting114/mixed_bam/COLO829_PAO/TF0_25x/TF0_25x.rep4.bam.bai
[W::hts_idx_load3] The index file is older than the data file: /bip7_disk/pingting114/mixed_bam/COLO829_PAO/TF0_25x/TF0_25x.rep4.bam.bai
[W::bam_next_basemod] MM tag refers to bases beyond sequence length
[W::hts_idx_load3] The index file is older than the data file: /bip7_disk/pingting114/mixed_bam/COLO829_PAO/TF0_25x/TF0_25x.rep4.bam.bai
[W::hts_idx_load3] The index file is older than the data file: /bip7_disk/pingting114/mixed_bam/COLO829_PAO/TF0_25x/TF0_25x.rep4.bam.bai
[W::hts_idx_load3] The index file is older than the data file: /bip7_disk/pingting114/mixed_bam/COLO829_PAO/TF0_25x/TF0_25x.rep4.bam.bai
[W::hts_idx_load3] The index file is older than the data file: /bip7_disk/pingting114/mixed_bam/COLO829_PAO/TF0_25x/TF0_25x.rep4.bam.bai
[W::hts_idx_load3] The index file is older than the data file: /bip7_disk/pingting114/mixed_bam/COLO829_PAO/TF0_25x/TF0_25x.rep4.bam.bai
[W::hts_idx_load3] The index file is older than the data file: /bip7_disk/pingting114/mixed_bam/COLO829_PAO/TF0_25x/TF0_25x.rep4.bam.bai
[W::bam_next_basemod] MM tag refers to bases beyond sequence length
[W::hts_idx_load3] The index file is older than the data file: /bip7_disk/pingting114/mixed_bam/COLO829_PAO/TF0_25x/TF0_25x.rep4.bam.bai
[W::hts_idx_load3] The index file is older than the data file: /bip7_disk/pingting114/mixed_bam/COLO829_PAO/TF0_25x/TF0_25x.rep4.bam.bai
[W::hts_idx_load3] The index file is older than the data file: /bip7_disk/pingting114/mixed_bam/COLO829_PAO/TF0_25x/TF0_25x.rep4.bam.bai
[W::hts_idx_load3] The index file is older than the data file: /bip7_disk/pingting114/mixed_bam/COLO829_PAO/TF0_25x/TF0_25x.rep4.bam.bai
[W::hts_idx_load3] The index file is older than the data file: /bip7_disk/pingting114/mixed_bam/COLO829_PAO/TF0_25x/TF0_25x.rep4.bam.bai
[W::hts_idx_load3] The index file is older than the data file: /bip7_disk/pingting114/mixed_bam/COLO829_PAO/TF0_25x/TF0_25x.rep4.bam.bai
[W::hts_idx_load3] The index file is older than the data file: /bip7_disk/pingting114/mixed_bam/COLO829_PAO/TF0_25x/TF0_25x.rep4.bam.bai
[W::hts_idx_load3] The index file is older than the data file: /bip7_disk/pingting114/mixed_bam/COLO829_PAO/TF0_25x/TF0_25x.rep4.bam.bai
[W::hts_idx_load3] The index file is older than the data file: /bip7_disk/pingting114/mixed_bam/COLO829_PAO/TF0_25x/TF0_25x.rep4.bam.bai
[W::hts_idx_load3] The index file is older than the data file: /bip7_disk/pingting114/mixed_bam/COLO829_PAO/TF0_25x/TF0_25x.rep4.bam.bai
[W::hts_idx_load3] The index file is older than the data file: /bip7_disk/pingting114/mixed_bam/COLO829_PAO/TF0_25x/TF0_25x.rep4.bam.bai
[E::bam_parse_basemod2] bfb310ca-3175-4019-907e-172eb7fd5dd9: MM tag refers to bases beyond sequence length
[W::hts_idx_load3] The index file is older than the data file: /bip7_disk/pingting114/mixed_bam/COLO829_PAO/TF0_25x/TF0_25x.rep4.bam.bai
[W::hts_idx_load3] The index file is older than the data file: /bip7_disk/pingting114/mixed_bam/COLO829_PAO/TF0_25x/TF0_25x.rep4.bam.bai
[W::hts_idx_load3] The index file is older than the data file: /bip7_disk/pingting114/mixed_bam/COLO829_PAO/TF0_25x/TF0_25x.rep4.bam.bai
[W::bam_next_basemod] MM tag refers to bases beyond sequence length
[E::bam_parse_basemod2] 11de9e66-7247-49c0-ba16-0ac650192da3: MM tag refers to bases beyond sequence length
[W::bam_next_basemod] MM tag refers to bases beyond sequence length
[W::hts_idx_load3] The index file is older than the data file: /bip7_disk/pingting114/mixed_bam/COLO829_PAO/TF0_25x/TF0_25x.rep4.bam.bai
[W::hts_idx_load3] The index file is older than the data file: /bip7_disk/pingting114/mixed_bam/COLO829_PAO/TF0_25x/TF0_25x.rep4.bam.bai
[W::hts_idx_load3] The index file is older than the data file: /bip7_disk/pingting114/mixed_bam/COLO829_PAO/TF0_25x/TF0_25x.rep4.bam.bai
[E::bam_parse_basemod2] 8039333c-4811-49b3-aa2d-bd04872c5b41: MM tag refers to bases beyond sequence length
[E::bam_parse_basemod2] 32121697-e3d6-4f58-9b22-616ffe05ef6d: MM tag refers to bases beyond sequence length
[W::hts_idx_load3] The index file is older than the data file: /bip7_disk/pingting114/mixed_bam/COLO829_PAO/TF0_25x/TF0_25x.rep4.bam.bai
[W::hts_idx_load3] The index file is older than the data file: /bip7_disk/pingting114/mixed_bam/COLO829_PAO/TF0_25x/TF0_25x.rep4.bam.bai
[W::hts_idx_load3] The index file is older than the data file: /bip7_disk/pingting114/mixed_bam/COLO829_PAO/TF0_25x/TF0_25x.rep4.bam.bai
[W::hts_idx_load3] The index file is older than the data file: /bip7_disk/pingting114/mixed_bam/COLO829_PAO/TF0_25x/TF0_25x.rep4.bam.bai
[W::hts_idx_load3] The index file is older than the data file: /bip7_disk/pingting114/mixed_bam/COLO829_PAO/TF0_25x/TF0_25x.rep4.bam.bai
[E::bam_parse_basemod2] 296f5229-7d85-48a5-a270-d819a46a48c6: MM tag refers to bases beyond sequence length
[W::hts_idx_load3] The index file is older than the data file: /bip7_disk/pingting114/mixed_bam/COLO829_PAO/TF0_25x/TF0_25x.rep4.bam.bai
[W::hts_idx_load3] The index file is older than the data file: /bip7_disk/pingting114/mixed_bam/COLO829_PAO/TF0_25x/TF0_25x.rep4.bam.bai
[W::bam_next_basemod] MM tag refers to bases beyond sequence length
[W::hts_idx_load3] The index file is older than the data file: /bip7_disk/pingting114/mixed_bam/COLO829_PAO/TF0_25x/TF0_25x.rep4.bam.bai
[W::hts_idx_load3] The index file is older than the data file: /bip7_disk/pingting114/mixed_bam/COLO829_PAO/TF0_25x/TF0_25x.rep4.bam.bai
[W::hts_idx_load3] The index file is older than the data file: /bip7_disk/pingting114/mixed_bam/COLO829_PAO/TF0_25x/TF0_25x.rep4.bam.bai
[W::bam_next_basemod] MM tag refers to bases beyond sequence length
[W::bam_next_basemod] MM tag refers to bases beyond sequence length
[W::hts_idx_load3] The index file is older than the data file: /bip7_disk/pingting114/mixed_bam/COLO829_PAO/TF0_25x/TF0_25x.rep4.bam.bai
[W::hts_idx_load3] The index file is older than the data file: /bip7_disk/pingting114/mixed_bam/COLO829_PAO/TF0_25x/TF0_25x.rep4.bam.bai
[W::hts_idx_load3] The index file is older than the data file: /bip7_disk/pingting114/mixed_bam/COLO829_PAO/TF0_25x/TF0_25x.rep4.bam.bai
[W::hts_idx_load3] The index file is older than the data file: /bip7_disk/pingting114/mixed_bam/COLO829_PAO/TF0_25x/TF0_25x.rep4.bam.bai
[W::bam_next_basemod] MM tag refers to bases beyond sequence length
[W::hts_idx_load3] The index file is older than the data file: /bip7_disk/pingting114/mixed_bam/COLO829_PAO/TF0_25x/TF0_25x.rep4.bam.bai
[W::hts_idx_load3] The index file is older than the data file: /bip7_disk/pingting114/mixed_bam/COLO829_PAO/TF0_25x/TF0_25x.rep4.bam.bai
[W::hts_idx_load3] The index file is older than the data file: /bip7_disk/pingting114/mixed_bam/COLO829_PAO/TF0_25x/TF0_25x.rep4.bam.bai
[W::bam_next_basemod] MM tag refers to bases beyond sequence length
[W::hts_idx_load3] The index file is older than the data file: /bip7_disk/pingting114/mixed_bam/COLO829_PAO/TF0_25x/TF0_25x.rep4.bam.bai
[E::bam_parse_basemod2] 5d84a5c4-6ec8-4ffa-be0e-fc7940ca38bf: MM tag refers to bases beyond sequence length
[W::bam_next_basemod] MM tag refers to bases beyond sequence length
[W::hts_idx_load3] The index file is older than the data file: /bip7_disk/pingting114/mixed_bam/COLO829_PAO/TF0_25x/TF0_25x.rep4.bam.bai
[W::hts_idx_load3] The index file is older than the data file: /bip7_disk/pingting114/mixed_bam/COLO829_PAO/TF0_25x/TF0_25x.rep4.bam.bai
[W::hts_idx_load3] The index file is older than the data file: /bip7_disk/pingting114/mixed_bam/COLO829_PAO/TF0_25x/TF0_25x.rep4.bam.bai
[W::hts_idx_load3] The index file is older than the data file: /bip7_disk/pingting114/mixed_bam/COLO829_PAO/TF0_25x/TF0_25x.rep4.bam.bai
[W::hts_idx_load3] The index file is older than the data file: /bip7_disk/pingting114/mixed_bam/COLO829_PAO/TF0_25x/TF0_25x.rep4.bam.bai
[W::hts_idx_load3] The index file is older than the data file: /bip7_disk/pingting114/mixed_bam/COLO829_PAO/TF0_25x/TF0_25x.rep4.bam.bai
[W::hts_idx_load3] The index file is older than the data file: /bip7_disk/pingting114/mixed_bam/COLO829_PAO/TF0_25x/TF0_25x.rep4.bam.bai
[W::hts_idx_load3] The index file is older than the data file: /bip7_disk/pingting114/mixed_bam/COLO829_PAO/TF0_25x/TF0_25x.rep4.bam.bai
[W::hts_idx_load3] The index file is older than the data file: /bip7_disk/pingting114/mixed_bam/COLO829_PAO/TF0_25x/TF0_25x.rep4.bam.bai
[W::bam_next_basemod] MM tag refers to bases beyond sequence length
[W::bam_next_basemod] MM tag refers to bases beyond sequence length
[W::hts_idx_load3] The index file is older than the data file: /bip7_disk/pingting114/mixed_bam/COLO829_PAO/TF0_25x/TF0_25x.rep4.bam.bai
[W::hts_idx_load3] The index file is older than the data file: /bip7_disk/pingting114/mixed_bam/COLO829_PAO/TF0_25x/TF0_25x.rep4.bam.bai
[W::hts_idx_load3] The index file is older than the data file: /bip7_disk/pingting114/mixed_bam/COLO829_PAO/TF0_25x/TF0_25x.rep4.bam.bai
[E::bam_parse_basemod2] e93b2536-57bd-4ea1-b4ae-37b82e10a24f: MM tag refers to bases beyond sequence length
[W::hts_idx_load3] The index file is older than the data file: /bip7_disk/pingting114/mixed_bam/COLO829_PAO/TF0_25x/TF0_25x.rep4.bam.bai
[W::bam_next_basemod] MM tag refers to bases beyond sequence length
[W::hts_idx_load3] The index file is older than the data file: /bip7_disk/pingting114/mixed_bam/COLO829_PAO/TF0_25x/TF0_25x.rep4.bam.bai
[W::hts_idx_load3] The index file is older than the data file: /bip7_disk/pingting114/mixed_bam/COLO829_PAO/TF0_25x/TF0_25x.rep4.bam.bai
[W::hts_idx_load3] The index file is older than the data file: /bip7_disk/pingting114/mixed_bam/COLO829_PAO/TF0_25x/TF0_25x.rep4.bam.bai
[W::bam_next_basemod] MM tag refers to bases beyond sequence length
[E::bam_parse_basemod2] 8ba6f425-f639-4bc6-896c-db1ab012c2e7: MM tag refers to bases beyond sequence length
[W::hts_idx_load3] The index file is older than the data file: /bip7_disk/pingting114/mixed_bam/COLO829_PAO/TF0_25x/TF0_25x.rep4.bam.bai
[W::hts_idx_load3] The index file is older than the data file: /bip7_disk/pingting114/mixed_bam/COLO829_PAO/TF0_25x/TF0_25x.rep4.bam.bai
[W::hts_idx_load3] The index file is older than the data file: /bip7_disk/pingting114/mixed_bam/COLO829_PAO/TF0_25x/TF0_25x.rep4.bam.bai
[E::bam_parse_basemod2] 3bd3ef8d-5846-4d6e-8c49-bbf03ff07905: MM tag refers to bases beyond sequence length
[E::bam_parse_basemod2] f8f44cae-7d6b-4951-af8c-a87b327ebbf9: MM tag refers to bases beyond sequence length
[W::bam_next_basemod] MM tag refers to bases beyond sequence length
[E::bam_parse_basemod2] 853e4e2c-9ceb-4bfe-be28-7f284f23f0b4: MM tag refers to bases beyond sequence length
[W::bam_next_basemod] MM tag refers to bases beyond sequence length
[E::bam_parse_basemod2] 00ad1575-1a71-4bc0-a9bf-d722cd378317: MM tag refers to bases beyond sequence length
[E::bam_parse_basemod2] a35783e1-e8b4-4119-88e1-6de51e06d8a4: MM tag refers to bases beyond sequence length
[E::bam_parse_basemod2] 8b52f1a3-5bed-49ff-adcb-4bb3723999ca: MM tag refers to bases beyond sequence length
[W::hts_idx_load3] The index file is older than the data file: /bip7_disk/pingting114/mixed_bam/COLO829_PAO/TF0_25x/TF0_25x.rep4.bam.bai
[W::hts_idx_load3] The index file is older than the data file: /bip7_disk/pingting114/mixed_bam/COLO829_PAO/TF0_25x/TF0_25x.rep4.bam.bai
[W::bam_next_basemod] MM tag refers to bases beyond sequence length
[W::hts_idx_load3] The index file is older than the data file: /bip7_disk/pingting114/mixed_bam/COLO829_PAO/TF0_25x/TF0_25x.rep4.bam.bai
[W::bam_next_basemod] MM tag refers to bases beyond sequence length
[W::hts_idx_load3] The index file is older than the data file: /bip7_disk/pingting114/mixed_bam/COLO829_PAO/TF0_25x/TF0_25x.rep4.bam.bai
[W::hts_idx_load3] The index file is older than the data file: /bip7_disk/pingting114/mixed_bam/COLO829_PAO/TF0_25x/TF0_25x.rep4.bam.bai
[W::hts_idx_load3] The index file is older than the data file: /bip7_disk/pingting114/mixed_bam/COLO829_PAO/TF0_25x/TF0_25x.rep4.bam.bai
[W::hts_idx_load3] The index file is older than the data file: /bip7_disk/pingting114/mixed_bam/COLO829_PAO/TF0_25x/TF0_25x.rep4.bam.bai
[W::hts_idx_load3] The index file is older than the data file: /bip7_disk/pingting114/mixed_bam/COLO829_PAO/TF0_25x/TF0_25x.rep4.bam.bai
[W::hts_idx_load3] The index file is older than the data file: /bip7_disk/pingting114/mixed_bam/COLO829_PAO/TF0_25x/TF0_25x.rep4.bam.bai
[W::hts_idx_load3] The index file is older than the data file: /bip7_disk/pingting114/mixed_bam/COLO829_PAO/TF0_25x/TF0_25x.rep4.bam.bai
[E::bam_parse_basemod2] d39b2f58-d5d5-4110-8be5-24aa8da9ef83: MM tag refers to bases beyond sequence length
[W::hts_idx_load3] The index file is older than the data file: /bip7_disk/pingting114/mixed_bam/COLO829_PAO/TF0_25x/TF0_25x.rep4.bam.bai
[W::hts_idx_load3] The index file is older than the data file: /bip7_disk/pingting114/mixed_bam/COLO829_PAO/TF0_25x/TF0_25x.rep4.bam.bai
[W::hts_idx_load3] The index file is older than the data file: /bip7_disk/pingting114/mixed_bam/COLO829_PAO/TF0_25x/TF0_25x.rep4.bam.bai
[W::hts_idx_load3] The index file is older than the data file: /bip7_disk/pingting114/mixed_bam/COLO829_PAO/TF0_25x/TF0_25x.rep4.bam.bai
[W::hts_idx_load3] The index file is older than the data file: /bip7_disk/pingting114/mixed_bam/COLO829_PAO/TF0_25x/TF0_25x.rep4.bam.bai
[W::hts_idx_load3] The index file is older than the data file: /bip7_disk/pingting114/mixed_bam/COLO829_PAO/TF0_25x/TF0_25x.rep4.bam.bai
[W::hts_idx_load3] The index file is older than the data file: /bip7_disk/pingting114/mixed_bam/COLO829_PAO/TF0_25x/TF0_25x.rep4.bam.bai
[E::bam_parse_basemod2] fab21b01-8b9e-4b13-b209-77f140479972: MM tag refers to bases beyond sequence length
[W::hts_idx_load3] The index file is older than the data file: /bip7_disk/pingting114/mixed_bam/COLO829_PAO/TF0_25x/TF0_25x.rep4.bam.bai
[W::bam_next_basemod] MM tag refers to bases beyond sequence length
[W::bam_next_basemod] MM tag refers to bases beyond sequence length
[E::bam_parse_basemod2] 71fe11b2-ba20-4170-bfc7-c11ee91dae9b: MM tag refers to bases beyond sequence length
[W::hts_idx_load3] The index file is older than the data file: /bip7_disk/pingting114/mixed_bam/COLO829_PAO/TF0_25x/TF0_25x.rep4.bam.bai
[W::hts_idx_load3] The index file is older than the data file: /bip7_disk/pingting114/mixed_bam/COLO829_PAO/TF0_25x/TF0_25x.rep4.bam.bai
[W::hts_idx_load3] The index file is older than the data file: /bip7_disk/pingting114/mixed_bam/COLO829_PAO/TF0_25x/TF0_25x.rep4.bam.bai
[W::hts_idx_load3] The index file is older than the data file: /bip7_disk/pingting114/mixed_bam/COLO829_PAO/TF0_25x/TF0_25x.rep4.bam.bai
[W::bam_next_basemod] MM tag refers to bases beyond sequence length
[W::bam_next_basemod] MM tag refers to bases beyond sequence length
[E::bam_parse_basemod2] 26dc5447-58e7-465d-97a0-9d9d0de7c5a8: MM tag refers to bases beyond sequence length
[W::bam_next_basemod] MM tag refers to bases beyond sequence length
[W::bam_next_basemod] MM tag refers to bases beyond sequence length
[W::hts_idx_load3] The index file is older than the data file: /bip7_disk/pingting114/mixed_bam/COLO829_PAO/TF0_25x/TF0_25x.rep4.bam.bai
[W::hts_idx_load3] The index file is older than the data file: /bip7_disk/pingting114/mixed_bam/COLO829_PAO/TF0_25x/TF0_25x.rep4.bam.bai
[W::hts_idx_load3] The index file is older than the data file: /bip7_disk/pingting114/mixed_bam/COLO829_PAO/TF0_25x/TF0_25x.rep4.bam.bai
[W::hts_idx_load3] The index file is older than the data file: /bip7_disk/pingting114/mixed_bam/COLO829_PAO/TF0_25x/TF0_25x.rep4.bam.bai
[W::hts_idx_load3] The index file is older than the data file: /bip7_disk/pingting114/mixed_bam/COLO829_PAO/TF0_25x/TF0_25x.rep4.bam.bai
  TF0_25x.rep4.bam cand 1000/4000
[W::hts_idx_load3] The index file is older than the data file: /bip7_disk/pingting114/mixed_bam/COLO829_PAO/TF0_25x/TF0_25x.rep4.bam.bai
[W::bam_next_basemod] MM tag refers to bases beyond sequence length
[W::hts_idx_load3] The index file is older than the data file: /bip7_disk/pingting114/mixed_bam/COLO829_PAO/TF0_25x/TF0_25x.rep4.bam.bai
[W::hts_idx_load3] The index file is older than the data file: /bip7_disk/pingting114/mixed_bam/COLO829_PAO/TF0_25x/TF0_25x.rep4.bam.bai
[W::hts_idx_load3] The index file is older than the data file: /bip7_disk/pingting114/mixed_bam/COLO829_PAO/TF0_25x/TF0_25x.rep4.bam.bai
[W::bam_next_basemod] MM tag refers to bases beyond sequence length
[W::hts_idx_load3] The index file is older than the data file: /bip7_disk/pingting114/mixed_bam/COLO829_PAO/TF0_25x/TF0_25x.rep4.bam.bai
[E::bam_parse_basemod2] be592922-577f-4ec5-8f8e-339bb1a9141e: MM tag refers to bases beyond sequence length
[E::bam_parse_basemod2] f54f6bdc-f0d7-4384-9d19-05d4f5601650: MM tag refers to bases beyond sequence length
[W::hts_idx_load3] The index file is older than the data file: /bip7_disk/pingting114/mixed_bam/COLO829_PAO/TF0_25x/TF0_25x.rep4.bam.bai
[W::hts_idx_load3] The index file is older than the data file: /bip7_disk/pingting114/mixed_bam/COLO829_PAO/TF0_25x/TF0_25x.rep4.bam.bai
[W::hts_idx_load3] The index file is older than the data file: /bip7_disk/pingting114/mixed_bam/COLO829_PAO/TF0_25x/TF0_25x.rep4.bam.bai
[W::hts_idx_load3] The index file is older than the data file: /bip7_disk/pingting114/mixed_bam/COLO829_PAO/TF0_25x/TF0_25x.rep4.bam.bai
[W::bam_next_basemod] MM tag refers to bases beyond sequence length
[W::hts_idx_load3] The index file is older than the data file: /bip7_disk/pingting114/mixed_bam/COLO829_PAO/TF0_25x/TF0_25x.rep4.bam.bai
[W::bam_next_basemod] MM tag refers to bases beyond sequence length
[W::hts_idx_load3] The index file is older than the data file: /bip7_disk/pingting114/mixed_bam/COLO829_PAO/TF0_25x/TF0_25x.rep4.bam.bai
[W::hts_idx_load3] The index file is older than the data file: /bip7_disk/pingting114/mixed_bam/COLO829_PAO/TF0_25x/TF0_25x.rep4.bam.bai
[E::bam_parse_basemod2] b1a4e2ff-237b-4734-831c-92fc423fcb55: MM tag refers to bases beyond sequence length
[W::hts_idx_load3] The index file is older than the data file: /bip7_disk/pingting114/mixed_bam/COLO829_PAO/TF0_25x/TF0_25x.rep4.bam.bai
[W::bam_next_basemod] MM tag refers to bases beyond sequence length
[W::hts_idx_load3] The index file is older than the data file: /bip7_disk/pingting114/mixed_bam/COLO829_PAO/TF0_25x/TF0_25x.rep4.bam.bai
[E::bam_parse_basemod2] 1295df3d-3af6-495f-9254-22a22d6f5c0d: MM tag refers to bases beyond sequence length
[W::hts_idx_load3] The index file is older than the data file: /bip7_disk/pingting114/mixed_bam/COLO829_PAO/TF0_25x/TF0_25x.rep4.bam.bai
[W::hts_idx_load3] The index file is older than the data file: /bip7_disk/pingting114/mixed_bam/COLO829_PAO/TF0_25x/TF0_25x.rep4.bam.bai
[E::bam_parse_basemod2] 316ae9a4-c735-4888-b174-c9adc72c3f8b: MM tag refers to bases beyond sequence length
[W::hts_idx_load3] The index file is older than the data file: /bip7_disk/pingting114/mixed_bam/COLO829_PAO/TF0_25x/TF0_25x.rep4.bam.bai
[W::hts_idx_load3] The index file is older than the data file: /bip7_disk/pingting114/mixed_bam/COLO829_PAO/TF0_25x/TF0_25x.rep4.bam.bai
[W::hts_idx_load3] The index file is older than the data file: /bip7_disk/pingting114/mixed_bam/COLO829_PAO/TF0_25x/TF0_25x.rep4.bam.bai
[W::hts_idx_load3] The index file is older than the data file: /bip7_disk/pingting114/mixed_bam/COLO829_PAO/TF0_25x/TF0_25x.rep4.bam.bai
[W::hts_idx_load3] The index file is older than the data file: /bip7_disk/pingting114/mixed_bam/COLO829_PAO/TF0_25x/TF0_25x.rep4.bam.bai
[W::hts_idx_load3] The index file is older than the data file: /bip7_disk/pingting114/mixed_bam/COLO829_PAO/TF0_25x/TF0_25x.rep4.bam.bai
[W::hts_idx_load3] The index file is older than the data file: /bip7_disk/pingting114/mixed_bam/COLO829_PAO/TF0_25x/TF0_25x.rep4.bam.bai
[W::bam_next_basemod] MM tag refers to bases beyond sequence length
[W::hts_idx_load3] The index file is older than the data file: /bip7_disk/pingting114/mixed_bam/COLO829_PAO/TF0_25x/TF0_25x.rep4.bam.bai
[W::hts_idx_load3] The index file is older than the data file: /bip7_disk/pingting114/mixed_bam/COLO829_PAO/TF0_25x/TF0_25x.rep4.bam.bai
[W::hts_idx_load3] The index file is older than the data file: /bip7_disk/pingting114/mixed_bam/COLO829_PAO/TF0_25x/TF0_25x.rep4.bam.bai
[W::hts_idx_load3] The index file is older than the data file: /bip7_disk/pingting114/mixed_bam/COLO829_PAO/TF0_25x/TF0_25x.rep4.bam.bai
[W::bam_next_basemod] MM tag refers to bases beyond sequence length
[W::bam_next_basemod] MM tag refers to bases beyond sequence length
[W::hts_idx_load3] The index file is older than the data file: /bip7_disk/pingting114/mixed_bam/COLO829_PAO/TF0_25x/TF0_25x.rep4.bam.bai
[W::bam_next_basemod] MM tag refers to bases beyond sequence length
[W::hts_idx_load3] The index file is older than the data file: /bip7_disk/pingting114/mixed_bam/COLO829_PAO/TF0_25x/TF0_25x.rep4.bam.bai
[W::hts_idx_load3] The index file is older than the data file: /bip7_disk/pingting114/mixed_bam/COLO829_PAO/TF0_25x/TF0_25x.rep4.bam.bai
[W::hts_idx_load3] The index file is older than the data file: /bip7_disk/pingting114/mixed_bam/COLO829_PAO/TF0_25x/TF0_25x.rep4.bam.bai
[W::hts_idx_load3] The index file is older than the data file: /bip7_disk/pingting114/mixed_bam/COLO829_PAO/TF0_25x/TF0_25x.rep4.bam.bai
[E::bam_parse_basemod2] 2fcd63b9-9802-4c37-955f-1e00b5acbd20: MM tag refers to bases beyond sequence length
[W::bam_next_basemod] MM tag refers to bases beyond sequence length
[W::hts_idx_load3] The index file is older than the data file: /bip7_disk/pingting114/mixed_bam/COLO829_PAO/TF0_25x/TF0_25x.rep4.bam.bai
[W::hts_idx_load3] The index file is older than the data file: /bip7_disk/pingting114/mixed_bam/COLO829_PAO/TF0_25x/TF0_25x.rep4.bam.bai
[W::hts_idx_load3] The index file is older than the data file: /bip7_disk/pingting114/mixed_bam/COLO829_PAO/TF0_25x/TF0_25x.rep4.bam.bai
[W::hts_idx_load3] The index file is older than the data file: /bip7_disk/pingting114/mixed_bam/COLO829_PAO/TF0_25x/TF0_25x.rep4.bam.bai
[W::hts_idx_load3] The index file is older than the data file: /bip7_disk/pingting114/mixed_bam/COLO829_PAO/TF0_25x/TF0_25x.rep4.bam.bai
[W::hts_idx_load3] The index file is older than the data file: /bip7_disk/pingting114/mixed_bam/COLO829_PAO/TF0_25x/TF0_25x.rep4.bam.bai
[W::hts_idx_load3] The index file is older than the data file: /bip7_disk/pingting114/mixed_bam/COLO829_PAO/TF0_25x/TF0_25x.rep4.bam.bai
[W::hts_idx_load3] The index file is older than the data file: /bip7_disk/pingting114/mixed_bam/COLO829_PAO/TF0_25x/TF0_25x.rep4.bam.bai
[W::bam_next_basemod] MM tag refers to bases beyond sequence length
[W::hts_idx_load3] The index file is older than the data file: /bip7_disk/pingting114/mixed_bam/COLO829_PAO/TF0_25x/TF0_25x.rep4.bam.bai
[W::hts_idx_load3] The index file is older than the data file: /bip7_disk/pingting114/mixed_bam/COLO829_PAO/TF0_25x/TF0_25x.rep4.bam.bai
[W::hts_idx_load3] The index file is older than the data file: /bip7_disk/pingting114/mixed_bam/COLO829_PAO/TF0_25x/TF0_25x.rep4.bam.bai
[W::hts_idx_load3] The index file is older than the data file: /bip7_disk/pingting114/mixed_bam/COLO829_PAO/TF0_25x/TF0_25x.rep4.bam.bai
[W::bam_next_basemod] MM tag refers to bases beyond sequence length
[W::hts_idx_load3] The index file is older than the data file: /bip7_disk/pingting114/mixed_bam/COLO829_PAO/TF0_25x/TF0_25x.rep4.bam.bai
[W::hts_idx_load3] The index file is older than the data file: /bip7_disk/pingting114/mixed_bam/COLO829_PAO/TF0_25x/TF0_25x.rep4.bam.bai
[W::bam_next_basemod] MM tag refers to bases beyond sequence length
[W::hts_idx_load3] The index file is older than the data file: /bip7_disk/pingting114/mixed_bam/COLO829_PAO/TF0_25x/TF0_25x.rep4.bam.bai
[W::bam_next_basemod] MM tag refers to bases beyond sequence length
[W::hts_idx_load3] The index file is older than the data file: /bip7_disk/pingting114/mixed_bam/COLO829_PAO/TF0_25x/TF0_25x.rep4.bam.bai
[E::bam_parse_basemod2] 31ce8d45-71a2-48c5-b816-96caa3f47026: MM tag refers to bases beyond sequence length
[W::hts_idx_load3] The index file is older than the data file: /bip7_disk/pingting114/mixed_bam/COLO829_PAO/TF0_25x/TF0_25x.rep4.bam.bai
[W::hts_idx_load3] The index file is older than the data file: /bip7_disk/pingting114/mixed_bam/COLO829_PAO/TF0_25x/TF0_25x.rep4.bam.bai
[W::hts_idx_load3] The index file is older than the data file: /bip7_disk/pingting114/mixed_bam/COLO829_PAO/TF0_25x/TF0_25x.rep4.bam.bai
[W::hts_idx_load3] The index file is older than the data file: /bip7_disk/pingting114/mixed_bam/COLO829_PAO/TF0_25x/TF0_25x.rep4.bam.bai
[W::hts_idx_load3] The index file is older than the data file: /bip7_disk/pingting114/mixed_bam/COLO829_PAO/TF0_25x/TF0_25x.rep4.bam.bai
[W::hts_idx_load3] The index file is older than the data file: /bip7_disk/pingting114/mixed_bam/COLO829_PAO/TF0_25x/TF0_25x.rep4.bam.bai
[E::bam_parse_basemod2] b28a0825-f0fb-41d2-b417-8c1d2ee879f8: MM tag refers to bases beyond sequence length
[W::hts_idx_load3] The index file is older than the data file: /bip7_disk/pingting114/mixed_bam/COLO829_PAO/TF0_25x/TF0_25x.rep4.bam.bai
[W::bam_next_basemod] MM tag refers to bases beyond sequence length
[W::bam_next_basemod] MM tag refers to bases beyond sequence length
[W::hts_idx_load3] The index file is older than the data file: /bip7_disk/pingting114/mixed_bam/COLO829_PAO/TF0_25x/TF0_25x.rep4.bam.bai
[W::hts_idx_load3] The index file is older than the data file: /bip7_disk/pingting114/mixed_bam/COLO829_PAO/TF0_25x/TF0_25x.rep4.bam.bai
[E::bam_parse_basemod2] 91c30e72-9b85-4fa8-b825-d251116d4a43: MM tag refers to bases beyond sequence length
[W::bam_next_basemod] MM tag refers to bases beyond sequence length
[W::hts_idx_load3] The index file is older than the data file: /bip7_disk/pingting114/mixed_bam/COLO829_PAO/TF0_25x/TF0_25x.rep4.bam.bai
[W::hts_idx_load3] The index file is older than the data file: /bip7_disk/pingting114/mixed_bam/COLO829_PAO/TF0_25x/TF0_25x.rep4.bam.bai
[W::hts_idx_load3] The index file is older than the data file: /bip7_disk/pingting114/mixed_bam/COLO829_PAO/TF0_25x/TF0_25x.rep4.bam.bai
[W::hts_idx_load3] The index file is older than the data file: /bip7_disk/pingting114/mixed_bam/COLO829_PAO/TF0_25x/TF0_25x.rep4.bam.bai
[W::bam_next_basemod] MM tag refers to bases beyond sequence length
[W::hts_idx_load3] The index file is older than the data file: /bip7_disk/pingting114/mixed_bam/COLO829_PAO/TF0_25x/TF0_25x.rep4.bam.bai
[E::bam_parse_basemod2] 4c400a62-3fe4-41ff-9496-b96f153f7b86: MM tag refers to bases beyond sequence length
[W::hts_idx_load3] The index file is older than the data file: /bip7_disk/pingting114/mixed_bam/COLO829_PAO/TF0_25x/TF0_25x.rep4.bam.bai
[W::hts_idx_load3] The index file is older than the data file: /bip7_disk/pingting114/mixed_bam/COLO829_PAO/TF0_25x/TF0_25x.rep4.bam.bai
[W::bam_next_basemod] MM tag refers to bases beyond sequence length
[W::hts_idx_load3] The index file is older than the data file: /bip7_disk/pingting114/mixed_bam/COLO829_PAO/TF0_25x/TF0_25x.rep4.bam.bai
[W::hts_idx_load3] The index file is older than the data file: /bip7_disk/pingting114/mixed_bam/COLO829_PAO/TF0_25x/TF0_25x.rep4.bam.bai
[W::bam_next_basemod] MM tag refers to bases beyond sequence length
[W::hts_idx_load3] The index file is older than the data file: /bip7_disk/pingting114/mixed_bam/COLO829_PAO/TF0_25x/TF0_25x.rep4.bam.bai
[W::hts_idx_load3] The index file is older than the data file: /bip7_disk/pingting114/mixed_bam/COLO829_PAO/TF0_25x/TF0_25x.rep4.bam.bai
[W::hts_idx_load3] The index file is older than the data file: /bip7_disk/pingting114/mixed_bam/COLO829_PAO/TF0_25x/TF0_25x.rep4.bam.bai
[W::hts_idx_load3] The index file is older than the data file: /bip7_disk/pingting114/mixed_bam/COLO829_PAO/TF0_25x/TF0_25x.rep4.bam.bai
[W::hts_idx_load3] The index file is older than the data file: /bip7_disk/pingting114/mixed_bam/COLO829_PAO/TF0_25x/TF0_25x.rep4.bam.bai
[W::hts_idx_load3] The index file is older than the data file: /bip7_disk/pingting114/mixed_bam/COLO829_PAO/TF0_25x/TF0_25x.rep4.bam.bai
[W::hts_idx_load3] The index file is older than the data file: /bip7_disk/pingting114/mixed_bam/COLO829_PAO/TF0_25x/TF0_25x.rep4.bam.bai
[W::hts_idx_load3] The index file is older than the data file: /bip7_disk/pingting114/mixed_bam/COLO829_PAO/TF0_25x/TF0_25x.rep4.bam.bai
[W::hts_idx_load3] The index file is older than the data file: /bip7_disk/pingting114/mixed_bam/COLO829_PAO/TF0_25x/TF0_25x.rep4.bam.bai
[W::hts_idx_load3] The index file is older than the data file: /bip7_disk/pingting114/mixed_bam/COLO829_PAO/TF0_25x/TF0_25x.rep4.bam.bai
[W::hts_idx_load3] The index file is older than the data file: /bip7_disk/pingting114/mixed_bam/COLO829_PAO/TF0_25x/TF0_25x.rep4.bam.bai
[W::hts_idx_load3] The index file is older than the data file: /bip7_disk/pingting114/mixed_bam/COLO829_PAO/TF0_25x/TF0_25x.rep4.bam.bai
[W::hts_idx_load3] The index file is older than the data file: /bip7_disk/pingting114/mixed_bam/COLO829_PAO/TF0_25x/TF0_25x.rep4.bam.bai
[E::bam_parse_basemod2] c3220528-2430-42c8-8ecc-0309566be421: MM tag refers to bases beyond sequence length
[E::bam_parse_basemod2] cacddb4c-696d-42ac-9c35-75abb5ef03dc: MM tag refers to bases beyond sequence length
[W::hts_idx_load3] The index file is older than the data file: /bip7_disk/pingting114/mixed_bam/COLO829_PAO/TF0_25x/TF0_25x.rep4.bam.bai
[W::hts_idx_load3] The index file is older than the data file: /bip7_disk/pingting114/mixed_bam/COLO829_PAO/TF0_25x/TF0_25x.rep4.bam.bai
[E::bam_parse_basemod2] 1d7c31b9-cc1d-4930-85e4-3f967e4ee097: MM tag refers to bases beyond sequence length
[W::hts_idx_load3] The index file is older than the data file: /bip7_disk/pingting114/mixed_bam/COLO829_PAO/TF0_25x/TF0_25x.rep4.bam.bai
[W::hts_idx_load3] The index file is older than the data file: /bip7_disk/pingting114/mixed_bam/COLO829_PAO/TF0_25x/TF0_25x.rep4.bam.bai
[W::hts_idx_load3] The index file is older than the data file: /bip7_disk/pingting114/mixed_bam/COLO829_PAO/TF0_25x/TF0_25x.rep4.bam.bai
[W::hts_idx_load3] The index file is older than the data file: /bip7_disk/pingting114/mixed_bam/COLO829_PAO/TF0_25x/TF0_25x.rep4.bam.bai
[W::hts_idx_load3] The index file is older than the data file: /bip7_disk/pingting114/mixed_bam/COLO829_PAO/TF0_25x/TF0_25x.rep4.bam.bai
[W::hts_idx_load3] The index file is older than the data file: /bip7_disk/pingting114/mixed_bam/COLO829_PAO/TF0_25x/TF0_25x.rep4.bam.bai
[W::hts_idx_load3] The index file is older than the data file: /bip7_disk/pingting114/mixed_bam/COLO829_PAO/TF0_25x/TF0_25x.rep4.bam.bai
[W::hts_idx_load3] The index file is older than the data file: /bip7_disk/pingting114/mixed_bam/COLO829_PAO/TF0_25x/TF0_25x.rep4.bam.bai
[W::hts_idx_load3] The index file is older than the data file: /bip7_disk/pingting114/mixed_bam/COLO829_PAO/TF0_25x/TF0_25x.rep4.bam.bai
[E::bam_parse_basemod2] 74b855c5-1e65-48ad-86a0-59462dcc82ae: MM tag refers to bases beyond sequence length
[W::hts_idx_load3] The index file is older than the data file: /bip7_disk/pingting114/mixed_bam/COLO829_PAO/TF0_25x/TF0_25x.rep4.bam.bai
[E::bam_parse_basemod2] 5df8df59-9aa0-42cb-bbb1-d7cdb8e3e96f: MM tag refers to bases beyond sequence length
[W::hts_idx_load3] The index file is older than the data file: /bip7_disk/pingting114/mixed_bam/COLO829_PAO/TF0_25x/TF0_25x.rep4.bam.bai
[W::hts_idx_load3] The index file is older than the data file: /bip7_disk/pingting114/mixed_bam/COLO829_PAO/TF0_25x/TF0_25x.rep4.bam.bai
[W::hts_idx_load3] The index file is older than the data file: /bip7_disk/pingting114/mixed_bam/COLO829_PAO/TF0_25x/TF0_25x.rep4.bam.bai
[W::hts_idx_load3] The index file is older than the data file: /bip7_disk/pingting114/mixed_bam/COLO829_PAO/TF0_25x/TF0_25x.rep4.bam.bai
[W::hts_idx_load3] The index file is older than the data file: /bip7_disk/pingting114/mixed_bam/COLO829_PAO/TF0_25x/TF0_25x.rep4.bam.bai
[W::hts_idx_load3] The index file is older than the data file: /bip7_disk/pingting114/mixed_bam/COLO829_PAO/TF0_25x/TF0_25x.rep4.bam.bai
[W::hts_idx_load3] The index file is older than the data file: /bip7_disk/pingting114/mixed_bam/COLO829_PAO/TF0_25x/TF0_25x.rep4.bam.bai
[W::hts_idx_load3] The index file is older than the data file: /bip7_disk/pingting114/mixed_bam/COLO829_PAO/TF0_25x/TF0_25x.rep4.bam.bai
[W::hts_idx_load3] The index file is older than the data file: /bip7_disk/pingting114/mixed_bam/COLO829_PAO/TF0_25x/TF0_25x.rep4.bam.bai
[W::hts_idx_load3] The index file is older than the data file: /bip7_disk/pingting114/mixed_bam/COLO829_PAO/TF0_25x/TF0_25x.rep4.bam.bai
[W::hts_idx_load3] The index file is older than the data file: /bip7_disk/pingting114/mixed_bam/COLO829_PAO/TF0_25x/TF0_25x.rep4.bam.bai
[W::hts_idx_load3] The index file is older than the data file: /bip7_disk/pingting114/mixed_bam/COLO829_PAO/TF0_25x/TF0_25x.rep4.bam.bai
[W::hts_idx_load3] The index file is older than the data file: /bip7_disk/pingting114/mixed_bam/COLO829_PAO/TF0_25x/TF0_25x.rep4.bam.bai
[W::hts_idx_load3] The index file is older than the data file: /bip7_disk/pingting114/mixed_bam/COLO829_PAO/TF0_25x/TF0_25x.rep4.bam.bai
[W::bam_next_basemod] MM tag refers to bases beyond sequence length
[W::hts_idx_load3] The index file is older than the data file: /bip7_disk/pingting114/mixed_bam/COLO829_PAO/TF0_25x/TF0_25x.rep4.bam.bai
[W::bam_next_basemod] MM tag refers to bases beyond sequence length
[W::hts_idx_load3] The index file is older than the data file: /bip7_disk/pingting114/mixed_bam/COLO829_PAO/TF0_25x/TF0_25x.rep4.bam.bai
[E::bam_parse_basemod2] 32c82674-9d5f-4dda-94dc-e3e5e73e2a7c: MM tag refers to bases beyond sequence length
[W::hts_idx_load3] The index file is older than the data file: /bip7_disk/pingting114/mixed_bam/COLO829_PAO/TF0_25x/TF0_25x.rep4.bam.bai
[W::hts_idx_load3] The index file is older than the data file: /bip7_disk/pingting114/mixed_bam/COLO829_PAO/TF0_25x/TF0_25x.rep4.bam.bai
[W::bam_next_basemod] MM tag refers to bases beyond sequence length
[W::hts_idx_load3] The index file is older than the data file: /bip7_disk/pingting114/mixed_bam/COLO829_PAO/TF0_25x/TF0_25x.rep4.bam.bai
[W::hts_idx_load3] The index file is older than the data file: /bip7_disk/pingting114/mixed_bam/COLO829_PAO/TF0_25x/TF0_25x.rep4.bam.bai
[W::hts_idx_load3] The index file is older than the data file: /bip7_disk/pingting114/mixed_bam/COLO829_PAO/TF0_25x/TF0_25x.rep4.bam.bai
[W::hts_idx_load3] The index file is older than the data file: /bip7_disk/pingting114/mixed_bam/COLO829_PAO/TF0_25x/TF0_25x.rep4.bam.bai
[W::bam_next_basemod] MM tag refers to bases beyond sequence length
[W::hts_idx_load3] The index file is older than the data file: /bip7_disk/pingting114/mixed_bam/COLO829_PAO/TF0_25x/TF0_25x.rep4.bam.bai
[W::hts_idx_load3] The index file is older than the data file: /bip7_disk/pingting114/mixed_bam/COLO829_PAO/TF0_25x/TF0_25x.rep4.bam.bai
[W::hts_idx_load3] The index file is older than the data file: /bip7_disk/pingting114/mixed_bam/COLO829_PAO/TF0_25x/TF0_25x.rep4.bam.bai
[W::hts_idx_load3] The index file is older than the data file: /bip7_disk/pingting114/mixed_bam/COLO829_PAO/TF0_25x/TF0_25x.rep4.bam.bai
[W::hts_idx_load3] The index file is older than the data file: /bip7_disk/pingting114/mixed_bam/COLO829_PAO/TF0_25x/TF0_25x.rep4.bam.bai
[W::hts_idx_load3] The index file is older than the data file: /bip7_disk/pingting114/mixed_bam/COLO829_PAO/TF0_25x/TF0_25x.rep4.bam.bai
[W::hts_idx_load3] The index file is older than the data file: /bip7_disk/pingting114/mixed_bam/COLO829_PAO/TF0_25x/TF0_25x.rep4.bam.bai
[E::bam_parse_basemod2] 515f1733-df12-4335-997b-055dabe657ac: MM tag refers to bases beyond sequence length
[W::hts_idx_load3] The index file is older than the data file: /bip7_disk/pingting114/mixed_bam/COLO829_PAO/TF0_25x/TF0_25x.rep4.bam.bai
[W::bam_next_basemod] MM tag refers to bases beyond sequence length
[W::hts_idx_load3] The index file is older than the data file: /bip7_disk/pingting114/mixed_bam/COLO829_PAO/TF0_25x/TF0_25x.rep4.bam.bai
[W::hts_idx_load3] The index file is older than the data file: /bip7_disk/pingting114/mixed_bam/COLO829_PAO/TF0_25x/TF0_25x.rep4.bam.bai
[W::hts_idx_load3] The index file is older than the data file: /bip7_disk/pingting114/mixed_bam/COLO829_PAO/TF0_25x/TF0_25x.rep4.bam.bai
[W::hts_idx_load3] The index file is older than the data file: /bip7_disk/pingting114/mixed_bam/COLO829_PAO/TF0_25x/TF0_25x.rep4.bam.bai
[W::hts_idx_load3] The index file is older than the data file: /bip7_disk/pingting114/mixed_bam/COLO829_PAO/TF0_25x/TF0_25x.rep4.bam.bai
[W::hts_idx_load3] The index file is older than the data file: /bip7_disk/pingting114/mixed_bam/COLO829_PAO/TF0_25x/TF0_25x.rep4.bam.bai
[E::bam_parse_basemod2] a7ff1047-d7de-451a-9565-627a50f57bbf: MM tag refers to bases beyond sequence length
[W::hts_idx_load3] The index file is older than the data file: /bip7_disk/pingting114/mixed_bam/COLO829_PAO/TF0_25x/TF0_25x.rep4.bam.bai
[W::bam_next_basemod] MM tag refers to bases beyond sequence length
[W::hts_idx_load3] The index file is older than the data file: /bip7_disk/pingting114/mixed_bam/COLO829_PAO/TF0_25x/TF0_25x.rep4.bam.bai
[W::hts_idx_load3] The index file is older than the data file: /bip7_disk/pingting114/mixed_bam/COLO829_PAO/TF0_25x/TF0_25x.rep4.bam.bai
[W::hts_idx_load3] The index file is older than the data file: /bip7_disk/pingting114/mixed_bam/COLO829_PAO/TF0_25x/TF0_25x.rep4.bam.bai
[E::bam_parse_basemod2] b491e951-10fd-414d-9853-7a96a35fe98f: MM tag refers to bases beyond sequence length
[W::hts_idx_load3] The index file is older than the data file: /bip7_disk/pingting114/mixed_bam/COLO829_PAO/TF0_25x/TF0_25x.rep4.bam.bai
[W::bam_next_basemod] MM tag refers to bases beyond sequence length
[W::hts_idx_load3] The index file is older than the data file: /bip7_disk/pingting114/mixed_bam/COLO829_PAO/TF0_25x/TF0_25x.rep4.bam.bai
[E::bam_parse_basemod2] dcda5833-3fe5-416f-97af-031cacbe93b7: MM tag refers to bases beyond sequence length
[W::hts_idx_load3] The index file is older than the data file: /bip7_disk/pingting114/mixed_bam/COLO829_PAO/TF0_25x/TF0_25x.rep4.bam.bai
[W::hts_idx_load3] The index file is older than the data file: /bip7_disk/pingting114/mixed_bam/COLO829_PAO/TF0_25x/TF0_25x.rep4.bam.bai
[W::hts_idx_load3] The index file is older than the data file: /bip7_disk/pingting114/mixed_bam/COLO829_PAO/TF0_25x/TF0_25x.rep4.bam.bai
[W::hts_idx_load3] The index file is older than the data file: /bip7_disk/pingting114/mixed_bam/COLO829_PAO/TF0_25x/TF0_25x.rep4.bam.bai
[W::hts_idx_load3] The index file is older than the data file: /bip7_disk/pingting114/mixed_bam/COLO829_PAO/TF0_25x/TF0_25x.rep4.bam.bai
[W::hts_idx_load3] The index file is older than the data file: /bip7_disk/pingting114/mixed_bam/COLO829_PAO/TF0_25x/TF0_25x.rep4.bam.bai
[W::hts_idx_load3] The index file is older than the data file: /bip7_disk/pingting114/mixed_bam/COLO829_PAO/TF0_25x/TF0_25x.rep4.bam.bai
[W::hts_idx_load3] The index file is older than the data file: /bip7_disk/pingting114/mixed_bam/COLO829_PAO/TF0_25x/TF0_25x.rep4.bam.bai
[W::hts_idx_load3] The index file is older than the data file: /bip7_disk/pingting114/mixed_bam/COLO829_PAO/TF0_25x/TF0_25x.rep4.bam.bai
[W::hts_idx_load3] The index file is older than the data file: /bip7_disk/pingting114/mixed_bam/COLO829_PAO/TF0_25x/TF0_25x.rep4.bam.bai
[W::hts_idx_load3] The index file is older than the data file: /bip7_disk/pingting114/mixed_bam/COLO829_PAO/TF0_25x/TF0_25x.rep4.bam.bai
[W::hts_idx_load3] The index file is older than the data file: /bip7_disk/pingting114/mixed_bam/COLO829_PAO/TF0_25x/TF0_25x.rep4.bam.bai
[W::bam_next_basemod] MM tag refers to bases beyond sequence length
[W::hts_idx_load3] The index file is older than the data file: /bip7_disk/pingting114/mixed_bam/COLO829_PAO/TF0_25x/TF0_25x.rep4.bam.bai
[E::bam_parse_basemod2] 2875cc3f-9a1b-4318-a748-79e2299f3aa6: MM tag refers to bases beyond sequence length
[W::hts_idx_load3] The index file is older than the data file: /bip7_disk/pingting114/mixed_bam/COLO829_PAO/TF0_25x/TF0_25x.rep4.bam.bai
[W::hts_idx_load3] The index file is older than the data file: /bip7_disk/pingting114/mixed_bam/COLO829_PAO/TF0_25x/TF0_25x.rep4.bam.bai
[W::bam_next_basemod] MM tag refers to bases beyond sequence length
[W::hts_idx_load3] The index file is older than the data file: /bip7_disk/pingting114/mixed_bam/COLO829_PAO/TF0_25x/TF0_25x.rep4.bam.bai
[W::bam_next_basemod] MM tag refers to bases beyond sequence length
[E::bam_parse_basemod2] 99bae30b-23c0-428d-9e05-3baacbe66c2a: MM tag refers to bases beyond sequence length
[W::hts_idx_load3] The index file is older than the data file: /bip7_disk/pingting114/mixed_bam/COLO829_PAO/TF0_25x/TF0_25x.rep4.bam.bai
[W::hts_idx_load3] The index file is older than the data file: /bip7_disk/pingting114/mixed_bam/COLO829_PAO/TF0_25x/TF0_25x.rep4.bam.bai
[W::bam_next_basemod] MM tag refers to bases beyond sequence length
[W::hts_idx_load3] The index file is older than the data file: /bip7_disk/pingting114/mixed_bam/COLO829_PAO/TF0_25x/TF0_25x.rep4.bam.bai
[E::bam_parse_basemod2] 9839b4ae-242b-45e0-ade5-4a2406f35e07: MM tag refers to bases beyond sequence length
[W::hts_idx_load3] The index file is older than the data file: /bip7_disk/pingting114/mixed_bam/COLO829_PAO/TF0_25x/TF0_25x.rep4.bam.bai
[W::hts_idx_load3] The index file is older than the data file: /bip7_disk/pingting114/mixed_bam/COLO829_PAO/TF0_25x/TF0_25x.rep4.bam.bai
[W::bam_next_basemod] MM tag refers to bases beyond sequence length
[W::hts_idx_load3] The index file is older than the data file: /bip7_disk/pingting114/mixed_bam/COLO829_PAO/TF0_25x/TF0_25x.rep4.bam.bai
[W::hts_idx_load3] The index file is older than the data file: /bip7_disk/pingting114/mixed_bam/COLO829_PAO/TF0_25x/TF0_25x.rep4.bam.bai
[W::bam_next_basemod] MM tag refers to bases beyond sequence length
[W::hts_idx_load3] The index file is older than the data file: /bip7_disk/pingting114/mixed_bam/COLO829_PAO/TF0_25x/TF0_25x.rep4.bam.bai
[W::hts_idx_load3] The index file is older than the data file: /bip7_disk/pingting114/mixed_bam/COLO829_PAO/TF0_25x/TF0_25x.rep4.bam.bai
[W::hts_idx_load3] The index file is older than the data file: /bip7_disk/pingting114/mixed_bam/COLO829_PAO/TF0_25x/TF0_25x.rep4.bam.bai
[W::hts_idx_load3] The index file is older than the data file: /bip7_disk/pingting114/mixed_bam/COLO829_PAO/TF0_25x/TF0_25x.rep4.bam.bai
[E::bam_parse_basemod2] f2fc4530-336a-4fde-aef9-a4a3ffc31eda: MM tag refers to bases beyond sequence length
[W::bam_next_basemod] MM tag refers to bases beyond sequence length
[W::bam_next_basemod] MM tag refers to bases beyond sequence length
[W::hts_idx_load3] The index file is older than the data file: /bip7_disk/pingting114/mixed_bam/COLO829_PAO/TF0_25x/TF0_25x.rep4.bam.bai
[W::hts_idx_load3] The index file is older than the data file: /bip7_disk/pingting114/mixed_bam/COLO829_PAO/TF0_25x/TF0_25x.rep4.bam.bai
[W::hts_idx_load3] The index file is older than the data file: /bip7_disk/pingting114/mixed_bam/COLO829_PAO/TF0_25x/TF0_25x.rep4.bam.bai
[W::hts_idx_load3] The index file is older than the data file: /bip7_disk/pingting114/mixed_bam/COLO829_PAO/TF0_25x/TF0_25x.rep4.bam.bai
[W::hts_idx_load3] The index file is older than the data file: /bip7_disk/pingting114/mixed_bam/COLO829_PAO/TF0_25x/TF0_25x.rep4.bam.bai
[W::hts_idx_load3] The index file is older than the data file: /bip7_disk/pingting114/mixed_bam/COLO829_PAO/TF0_25x/TF0_25x.rep4.bam.bai
[W::hts_idx_load3] The index file is older than the data file: /bip7_disk/pingting114/mixed_bam/COLO829_PAO/TF0_25x/TF0_25x.rep4.bam.bai
[W::hts_idx_load3] The index file is older than the data file: /bip7_disk/pingting114/mixed_bam/COLO829_PAO/TF0_25x/TF0_25x.rep4.bam.bai
[W::hts_idx_load3] The index file is older than the data file: /bip7_disk/pingting114/mixed_bam/COLO829_PAO/TF0_25x/TF0_25x.rep4.bam.bai
[W::hts_idx_load3] The index file is older than the data file: /bip7_disk/pingting114/mixed_bam/COLO829_PAO/TF0_25x/TF0_25x.rep4.bam.bai
[W::hts_idx_load3] The index file is older than the data file: /bip7_disk/pingting114/mixed_bam/COLO829_PAO/TF0_25x/TF0_25x.rep4.bam.bai
[W::hts_idx_load3] The index file is older than the data file: /bip7_disk/pingting114/mixed_bam/COLO829_PAO/TF0_25x/TF0_25x.rep4.bam.bai
[W::hts_idx_load3] The index file is older than the data file: /bip7_disk/pingting114/mixed_bam/COLO829_PAO/TF0_25x/TF0_25x.rep4.bam.bai
[E::bam_parse_basemod2] d798fd6e-efa1-41aa-b47e-f684d66db844: MM tag refers to bases beyond sequence length
[W::hts_idx_load3] The index file is older than the data file: /bip7_disk/pingting114/mixed_bam/COLO829_PAO/TF0_25x/TF0_25x.rep4.bam.bai
[W::hts_idx_load3] The index file is older than the data file: /bip7_disk/pingting114/mixed_bam/COLO829_PAO/TF0_25x/TF0_25x.rep4.bam.bai
[W::hts_idx_load3] The index file is older than the data file: /bip7_disk/pingting114/mixed_bam/COLO829_PAO/TF0_25x/TF0_25x.rep4.bam.bai
[W::bam_next_basemod] MM tag refers to bases beyond sequence length
[W::hts_idx_load3] The index file is older than the data file: /bip7_disk/pingting114/mixed_bam/COLO829_PAO/TF0_25x/TF0_25x.rep4.bam.bai
[W::hts_idx_load3] The index file is older than the data file: /bip7_disk/pingting114/mixed_bam/COLO829_PAO/TF0_25x/TF0_25x.rep4.bam.bai
[W::hts_idx_load3] The index file is older than the data file: /bip7_disk/pingting114/mixed_bam/COLO829_PAO/TF0_25x/TF0_25x.rep4.bam.bai
[W::hts_idx_load3] The index file is older than the data file: /bip7_disk/pingting114/mixed_bam/COLO829_PAO/TF0_25x/TF0_25x.rep4.bam.bai
[E::bam_parse_basemod2] 02d13af5-96c6-439b-902c-d34da74adb91: MM tag refers to bases beyond sequence length
[W::hts_idx_load3] The index file is older than the data file: /bip7_disk/pingting114/mixed_bam/COLO829_PAO/TF0_25x/TF0_25x.rep4.bam.bai
[W::bam_next_basemod] MM tag refers to bases beyond sequence length
[W::bam_next_basemod] MM tag refers to bases beyond sequence length
[W::bam_next_basemod] MM tag refers to bases beyond sequence length
[W::bam_next_basemod] MM tag refers to bases beyond sequence length
[E::bam_parse_basemod2] 36f73c23-0dd9-4bc7-ad68-e117055c8876: MM tag refers to bases beyond sequence length
[E::bam_parse_basemod2] 6debdf2e-aa30-44a3-912e-30f420f63ca1: MM tag refers to bases beyond sequence length
[E::bam_parse_basemod2] e503dd0e-67c0-4ebc-a418-2c4b8315f8d4: MM tag refers to bases beyond sequence length
[E::bam_parse_basemod2] 8ec74a55-774f-4526-a0e8-cc1798e0d080: MM tag refers to bases beyond sequence length
[W::bam_next_basemod] MM tag refers to bases beyond sequence length
[W::hts_idx_load3] The index file is older than the data file: /bip7_disk/pingting114/mixed_bam/COLO829_PAO/TF0_25x/TF0_25x.rep4.bam.bai
[W::hts_idx_load3] The index file is older than the data file: /bip7_disk/pingting114/mixed_bam/COLO829_PAO/TF0_25x/TF0_25x.rep4.bam.bai
[W::bam_next_basemod] MM tag refers to bases beyond sequence length
[W::hts_idx_load3] The index file is older than the data file: /bip7_disk/pingting114/mixed_bam/COLO829_PAO/TF0_25x/TF0_25x.rep4.bam.bai
[W::hts_idx_load3] The index file is older than the data file: /bip7_disk/pingting114/mixed_bam/COLO829_PAO/TF0_25x/TF0_25x.rep4.bam.bai
[W::hts_idx_load3] The index file is older than the data file: /bip7_disk/pingting114/mixed_bam/COLO829_PAO/TF0_25x/TF0_25x.rep4.bam.bai
[W::hts_idx_load3] The index file is older than the data file: /bip7_disk/pingting114/mixed_bam/COLO829_PAO/TF0_25x/TF0_25x.rep4.bam.bai
[W::hts_idx_load3] The index file is older than the data file: /bip7_disk/pingting114/mixed_bam/COLO829_PAO/TF0_25x/TF0_25x.rep4.bam.bai
[W::hts_idx_load3] The index file is older than the data file: /bip7_disk/pingting114/mixed_bam/COLO829_PAO/TF0_25x/TF0_25x.rep4.bam.bai
[W::hts_idx_load3] The index file is older than the data file: /bip7_disk/pingting114/mixed_bam/COLO829_PAO/TF0_25x/TF0_25x.rep4.bam.bai
[W::hts_idx_load3] The index file is older than the data file: /bip7_disk/pingting114/mixed_bam/COLO829_PAO/TF0_25x/TF0_25x.rep4.bam.bai
[W::hts_idx_load3] The index file is older than the data file: /bip7_disk/pingting114/mixed_bam/COLO829_PAO/TF0_25x/TF0_25x.rep4.bam.bai
[W::hts_idx_load3] The index file is older than the data file: /bip7_disk/pingting114/mixed_bam/COLO829_PAO/TF0_25x/TF0_25x.rep4.bam.bai
[W::bam_next_basemod] MM tag refers to bases beyond sequence length
[W::hts_idx_load3] The index file is older than the data file: /bip7_disk/pingting114/mixed_bam/COLO829_PAO/TF0_25x/TF0_25x.rep4.bam.bai
[W::hts_idx_load3] The index file is older than the data file: /bip7_disk/pingting114/mixed_bam/COLO829_PAO/TF0_25x/TF0_25x.rep4.bam.bai
[W::hts_idx_load3] The index file is older than the data file: /bip7_disk/pingting114/mixed_bam/COLO829_PAO/TF0_25x/TF0_25x.rep4.bam.bai
[W::hts_idx_load3] The index file is older than the data file: /bip7_disk/pingting114/mixed_bam/COLO829_PAO/TF0_25x/TF0_25x.rep4.bam.bai
[W::hts_idx_load3] The index file is older than the data file: /bip7_disk/pingting114/mixed_bam/COLO829_PAO/TF0_25x/TF0_25x.rep4.bam.bai
[E::bam_parse_basemod2] f35379be-b311-470c-985f-88d9023d7dac: MM tag refers to bases beyond sequence length
[W::hts_idx_load3] The index file is older than the data file: /bip7_disk/pingting114/mixed_bam/COLO829_PAO/TF0_25x/TF0_25x.rep4.bam.bai
[W::hts_idx_load3] The index file is older than the data file: /bip7_disk/pingting114/mixed_bam/COLO829_PAO/TF0_25x/TF0_25x.rep4.bam.bai
[W::hts_idx_load3] The index file is older than the data file: /bip7_disk/pingting114/mixed_bam/COLO829_PAO/TF0_25x/TF0_25x.rep4.bam.bai
[W::hts_idx_load3] The index file is older than the data file: /bip7_disk/pingting114/mixed_bam/COLO829_PAO/TF0_25x/TF0_25x.rep4.bam.bai
[W::hts_idx_load3] The index file is older than the data file: /bip7_disk/pingting114/mixed_bam/COLO829_PAO/TF0_25x/TF0_25x.rep4.bam.bai
[W::bam_next_basemod] MM tag refers to bases beyond sequence length
[W::hts_idx_load3] The index file is older than the data file: /bip7_disk/pingting114/mixed_bam/COLO829_PAO/TF0_25x/TF0_25x.rep4.bam.bai
[E::bam_parse_basemod2] 55d8475c-40b8-41f2-8a9e-47fbd96cccdf: MM tag refers to bases beyond sequence length
[E::bam_parse_basemod2] 4ec6ef7a-ec76-48b5-9c5f-8f11cebfc2ca: MM tag refers to bases beyond sequence length
[W::hts_idx_load3] The index file is older than the data file: /bip7_disk/pingting114/mixed_bam/COLO829_PAO/TF0_25x/TF0_25x.rep4.bam.bai
[W::hts_idx_load3] The index file is older than the data file: /bip7_disk/pingting114/mixed_bam/COLO829_PAO/TF0_25x/TF0_25x.rep4.bam.bai
[W::hts_idx_load3] The index file is older than the data file: /bip7_disk/pingting114/mixed_bam/COLO829_PAO/TF0_25x/TF0_25x.rep4.bam.bai
[W::hts_idx_load3] The index file is older than the data file: /bip7_disk/pingting114/mixed_bam/COLO829_PAO/TF0_25x/TF0_25x.rep4.bam.bai
[W::bam_next_basemod] MM tag refers to bases beyond sequence length
[W::hts_idx_load3] The index file is older than the data file: /bip7_disk/pingting114/mixed_bam/COLO829_PAO/TF0_25x/TF0_25x.rep4.bam.bai
[E::bam_parse_basemod2] 601e800e-1750-43c0-aec4-d2666453ea0c: MM tag refers to bases beyond sequence length
[E::bam_parse_basemod2] 6b665509-6abf-4600-b8e5-80e839817f7a: MM tag refers to bases beyond sequence length
[W::hts_idx_load3] The index file is older than the data file: /bip7_disk/pingting114/mixed_bam/COLO829_PAO/TF0_25x/TF0_25x.rep4.bam.bai
[W::hts_idx_load3] The index file is older than the data file: /bip7_disk/pingting114/mixed_bam/COLO829_PAO/TF0_25x/TF0_25x.rep4.bam.bai
[W::hts_idx_load3] The index file is older than the data file: /bip7_disk/pingting114/mixed_bam/COLO829_PAO/TF0_25x/TF0_25x.rep4.bam.bai
[W::hts_idx_load3] The index file is older than the data file: /bip7_disk/pingting114/mixed_bam/COLO829_PAO/TF0_25x/TF0_25x.rep4.bam.bai
[W::bam_next_basemod] MM tag refers to bases beyond sequence length
[W::hts_idx_load3] The index file is older than the data file: /bip7_disk/pingting114/mixed_bam/COLO829_PAO/TF0_25x/TF0_25x.rep4.bam.bai
[E::bam_parse_basemod2] c3ada249-4931-49c9-8baa-aee48a450310: MM tag refers to bases beyond sequence length
[W::hts_idx_load3] The index file is older than the data file: /bip7_disk/pingting114/mixed_bam/COLO829_PAO/TF0_25x/TF0_25x.rep4.bam.bai
[W::hts_idx_load3] The index file is older than the data file: /bip7_disk/pingting114/mixed_bam/COLO829_PAO/TF0_25x/TF0_25x.rep4.bam.bai
[W::hts_idx_load3] The index file is older than the data file: /bip7_disk/pingting114/mixed_bam/COLO829_PAO/TF0_25x/TF0_25x.rep4.bam.bai
[W::hts_idx_load3] The index file is older than the data file: /bip7_disk/pingting114/mixed_bam/COLO829_PAO/TF0_25x/TF0_25x.rep4.bam.bai
[W::bam_next_basemod] MM tag refers to bases beyond sequence length
[W::hts_idx_load3] The index file is older than the data file: /bip7_disk/pingting114/mixed_bam/COLO829_PAO/TF0_25x/TF0_25x.rep4.bam.bai
[W::hts_idx_load3] The index file is older than the data file: /bip7_disk/pingting114/mixed_bam/COLO829_PAO/TF0_25x/TF0_25x.rep4.bam.bai
[W::bam_next_basemod] MM tag refers to bases beyond sequence length
[W::hts_idx_load3] The index file is older than the data file: /bip7_disk/pingting114/mixed_bam/COLO829_PAO/TF0_25x/TF0_25x.rep4.bam.bai
[W::hts_idx_load3] The index file is older than the data file: /bip7_disk/pingting114/mixed_bam/COLO829_PAO/TF0_25x/TF0_25x.rep4.bam.bai
[W::hts_idx_load3] The index file is older than the data file: /bip7_disk/pingting114/mixed_bam/COLO829_PAO/TF0_25x/TF0_25x.rep4.bam.bai
[W::hts_idx_load3] The index file is older than the data file: /bip7_disk/pingting114/mixed_bam/COLO829_PAO/TF0_25x/TF0_25x.rep4.bam.bai
[W::hts_idx_load3] The index file is older than the data file: /bip7_disk/pingting114/mixed_bam/COLO829_PAO/TF0_25x/TF0_25x.rep4.bam.bai
[W::hts_idx_load3] The index file is older than the data file: /bip7_disk/pingting114/mixed_bam/COLO829_PAO/TF0_25x/TF0_25x.rep4.bam.bai
[W::hts_idx_load3] The index file is older than the data file: /bip7_disk/pingting114/mixed_bam/COLO829_PAO/TF0_25x/TF0_25x.rep4.bam.bai
[E::bam_parse_basemod2] 4bb49dea-549a-4465-b0c6-b497618520ae: MM tag refers to bases beyond sequence length
[W::bam_next_basemod] MM tag refers to bases beyond sequence length
[W::bam_next_basemod] MM tag refers to bases beyond sequence length
[W::bam_next_basemod] MM tag refers to bases beyond sequence length
[E::bam_parse_basemod2] 3d478fdf-cf07-4c49-b244-b43efe9f7a0d: MM tag refers to bases beyond sequence length
[W::bam_next_basemod] MM tag refers to bases beyond sequence length
[E::bam_parse_basemod2] 60e15f1f-efb5-437c-a276-316b743d9774: MM tag refers to bases beyond sequence length
[E::bam_parse_basemod2] 52031c5f-5d61-4ef3-b2f7-2c0c2b36cc3e: MM tag refers to bases beyond sequence length
[W::hts_idx_load3] The index file is older than the data file: /bip7_disk/pingting114/mixed_bam/COLO829_PAO/TF0_25x/TF0_25x.rep4.bam.bai
[W::hts_idx_load3] The index file is older than the data file: /bip7_disk/pingting114/mixed_bam/COLO829_PAO/TF0_25x/TF0_25x.rep4.bam.bai
[W::hts_idx_load3] The index file is older than the data file: /bip7_disk/pingting114/mixed_bam/COLO829_PAO/TF0_25x/TF0_25x.rep4.bam.bai
[W::hts_idx_load3] The index file is older than the data file: /bip7_disk/pingting114/mixed_bam/COLO829_PAO/TF0_25x/TF0_25x.rep4.bam.bai
[W::bam_next_basemod] MM tag refers to bases beyond sequence length
[W::hts_idx_load3] The index file is older than the data file: /bip7_disk/pingting114/mixed_bam/COLO829_PAO/TF0_25x/TF0_25x.rep4.bam.bai
[W::hts_idx_load3] The index file is older than the data file: /bip7_disk/pingting114/mixed_bam/COLO829_PAO/TF0_25x/TF0_25x.rep4.bam.bai
[E::bam_parse_basemod2] ebbedf0b-9f1c-43b8-82a7-6eed9228973a: MM tag refers to bases beyond sequence length
[W::bam_next_basemod] MM tag refers to bases beyond sequence length
[W::hts_idx_load3] The index file is older than the data file: /bip7_disk/pingting114/mixed_bam/COLO829_PAO/TF0_25x/TF0_25x.rep4.bam.bai
[W::hts_idx_load3] The index file is older than the data file: /bip7_disk/pingting114/mixed_bam/COLO829_PAO/TF0_25x/TF0_25x.rep4.bam.bai
[W::hts_idx_load3] The index file is older than the data file: /bip7_disk/pingting114/mixed_bam/COLO829_PAO/TF0_25x/TF0_25x.rep4.bam.bai
[W::hts_idx_load3] The index file is older than the data file: /bip7_disk/pingting114/mixed_bam/COLO829_PAO/TF0_25x/TF0_25x.rep4.bam.bai
[W::hts_idx_load3] The index file is older than the data file: /bip7_disk/pingting114/mixed_bam/COLO829_PAO/TF0_25x/TF0_25x.rep4.bam.bai
[E::bam_parse_basemod2] 8c9ef797-f82b-4edc-a795-185a7cdc36a5: MM tag refers to bases beyond sequence length
[W::hts_idx_load3] The index file is older than the data file: /bip7_disk/pingting114/mixed_bam/COLO829_PAO/TF0_25x/TF0_25x.rep4.bam.bai
[W::hts_idx_load3] The index file is older than the data file: /bip7_disk/pingting114/mixed_bam/COLO829_PAO/TF0_25x/TF0_25x.rep4.bam.bai
[E::bam_parse_basemod2] 013ff340-4ef5-4403-a405-224a83dbec72: MM tag refers to bases beyond sequence length
[W::hts_idx_load3] The index file is older than the data file: /bip7_disk/pingting114/mixed_bam/COLO829_PAO/TF0_25x/TF0_25x.rep4.bam.bai
[W::hts_idx_load3] The index file is older than the data file: /bip7_disk/pingting114/mixed_bam/COLO829_PAO/TF0_25x/TF0_25x.rep4.bam.bai
[W::hts_idx_load3] The index file is older than the data file: /bip7_disk/pingting114/mixed_bam/COLO829_PAO/TF0_25x/TF0_25x.rep4.bam.bai
[W::bam_next_basemod] MM tag refers to bases beyond sequence length
[W::hts_idx_load3] The index file is older than the data file: /bip7_disk/pingting114/mixed_bam/COLO829_PAO/TF0_25x/TF0_25x.rep4.bam.bai
[W::hts_idx_load3] The index file is older than the data file: /bip7_disk/pingting114/mixed_bam/COLO829_PAO/TF0_25x/TF0_25x.rep4.bam.bai
[W::bam_next_basemod] MM tag refers to bases beyond sequence length
[W::hts_idx_load3] The index file is older than the data file: /bip7_disk/pingting114/mixed_bam/COLO829_PAO/TF0_25x/TF0_25x.rep4.bam.bai
[W::hts_idx_load3] The index file is older than the data file: /bip7_disk/pingting114/mixed_bam/COLO829_PAO/TF0_25x/TF0_25x.rep4.bam.bai
[W::hts_idx_load3] The index file is older than the data file: /bip7_disk/pingting114/mixed_bam/COLO829_PAO/TF0_25x/TF0_25x.rep4.bam.bai
[W::hts_idx_load3] The index file is older than the data file: /bip7_disk/pingting114/mixed_bam/COLO829_PAO/TF0_25x/TF0_25x.rep4.bam.bai
[W::hts_idx_load3] The index file is older than the data file: /bip7_disk/pingting114/mixed_bam/COLO829_PAO/TF0_25x/TF0_25x.rep4.bam.bai
[E::bam_parse_basemod2] 737c039e-a20f-45ac-9f88-83622a10ed1c: MM tag refers to bases beyond sequence length
[W::hts_idx_load3] The index file is older than the data file: /bip7_disk/pingting114/mixed_bam/COLO829_PAO/TF0_25x/TF0_25x.rep4.bam.bai
[E::bam_parse_basemod2] 9493a478-7cf4-4688-b03e-37f572cf5ab4: MM tag refers to bases beyond sequence length
[W::hts_idx_load3] The index file is older than the data file: /bip7_disk/pingting114/mixed_bam/COLO829_PAO/TF0_25x/TF0_25x.rep4.bam.bai
[W::hts_idx_load3] The index file is older than the data file: /bip7_disk/pingting114/mixed_bam/COLO829_PAO/TF0_25x/TF0_25x.rep4.bam.bai
[W::hts_idx_load3] The index file is older than the data file: /bip7_disk/pingting114/mixed_bam/COLO829_PAO/TF0_25x/TF0_25x.rep4.bam.bai
[E::bam_parse_basemod2] 9519a8cb-ebe0-422e-878e-1fab4da97af1: MM tag refers to bases beyond sequence length
[W::hts_idx_load3] The index file is older than the data file: /bip7_disk/pingting114/mixed_bam/COLO829_PAO/TF0_25x/TF0_25x.rep4.bam.bai
[W::hts_idx_load3] The index file is older than the data file: /bip7_disk/pingting114/mixed_bam/COLO829_PAO/TF0_25x/TF0_25x.rep4.bam.bai
[W::hts_idx_load3] The index file is older than the data file: /bip7_disk/pingting114/mixed_bam/COLO829_PAO/TF0_25x/TF0_25x.rep4.bam.bai
[W::hts_idx_load3] The index file is older than the data file: /bip7_disk/pingting114/mixed_bam/COLO829_PAO/TF0_25x/TF0_25x.rep4.bam.bai
[W::hts_idx_load3] The index file is older than the data file: /bip7_disk/pingting114/mixed_bam/COLO829_PAO/TF0_25x/TF0_25x.rep4.bam.bai
[W::hts_idx_load3] The index file is older than the data file: /bip7_disk/pingting114/mixed_bam/COLO829_PAO/TF0_25x/TF0_25x.rep4.bam.bai
[W::hts_idx_load3] The index file is older than the data file: /bip7_disk/pingting114/mixed_bam/COLO829_PAO/TF0_25x/TF0_25x.rep4.bam.bai
[W::hts_idx_load3] The index file is older than the data file: /bip7_disk/pingting114/mixed_bam/COLO829_PAO/TF0_25x/TF0_25x.rep4.bam.bai
[W::hts_idx_load3] The index file is older than the data file: /bip7_disk/pingting114/mixed_bam/COLO829_PAO/TF0_25x/TF0_25x.rep4.bam.bai
[W::hts_idx_load3] The index file is older than the data file: /bip7_disk/pingting114/mixed_bam/COLO829_PAO/TF0_25x/TF0_25x.rep4.bam.bai
[W::hts_idx_load3] The index file is older than the data file: /bip7_disk/pingting114/mixed_bam/COLO829_PAO/TF0_25x/TF0_25x.rep4.bam.bai
[W::bam_next_basemod] MM tag refers to bases beyond sequence length
[W::bam_next_basemod] MM tag refers to bases beyond sequence length
[W::hts_idx_load3] The index file is older than the data file: /bip7_disk/pingting114/mixed_bam/COLO829_PAO/TF0_25x/TF0_25x.rep4.bam.bai
[W::hts_idx_load3] The index file is older than the data file: /bip7_disk/pingting114/mixed_bam/COLO829_PAO/TF0_25x/TF0_25x.rep4.bam.bai
[E::bam_parse_basemod2] 808b5b90-296f-482c-b3a6-406854efa961: MM tag refers to bases beyond sequence length
[W::hts_idx_load3] The index file is older than the data file: /bip7_disk/pingting114/mixed_bam/COLO829_PAO/TF0_25x/TF0_25x.rep4.bam.bai
[W::hts_idx_load3] The index file is older than the data file: /bip7_disk/pingting114/mixed_bam/COLO829_PAO/TF0_25x/TF0_25x.rep4.bam.bai
[W::hts_idx_load3] The index file is older than the data file: /bip7_disk/pingting114/mixed_bam/COLO829_PAO/TF0_25x/TF0_25x.rep4.bam.bai
[W::bam_next_basemod] MM tag refers to bases beyond sequence length
[W::hts_idx_load3] The index file is older than the data file: /bip7_disk/pingting114/mixed_bam/COLO829_PAO/TF0_25x/TF0_25x.rep4.bam.bai
[W::hts_idx_load3] The index file is older than the data file: /bip7_disk/pingting114/mixed_bam/COLO829_PAO/TF0_25x/TF0_25x.rep4.bam.bai
[E::bam_parse_basemod2] deb8cfa4-8aef-4796-bdfd-9bf135667bc4: MM tag refers to bases beyond sequence length
[W::hts_idx_load3] The index file is older than the data file: /bip7_disk/pingting114/mixed_bam/COLO829_PAO/TF0_25x/TF0_25x.rep4.bam.bai
[W::bam_next_basemod] MM tag refers to bases beyond sequence length
[W::hts_idx_load3] The index file is older than the data file: /bip7_disk/pingting114/mixed_bam/COLO829_PAO/TF0_25x/TF0_25x.rep4.bam.bai
[W::hts_idx_load3] The index file is older than the data file: /bip7_disk/pingting114/mixed_bam/COLO829_PAO/TF0_25x/TF0_25x.rep4.bam.bai
[W::hts_idx_load3] The index file is older than the data file: /bip7_disk/pingting114/mixed_bam/COLO829_PAO/TF0_25x/TF0_25x.rep4.bam.bai
[E::bam_parse_basemod2] 9e832c13-3903-4ed8-8e8c-d18d2abc1044: MM tag refers to bases beyond sequence length
[W::hts_idx_load3] The index file is older than the data file: /bip7_disk/pingting114/mixed_bam/COLO829_PAO/TF0_25x/TF0_25x.rep4.bam.bai
[W::hts_idx_load3] The index file is older than the data file: /bip7_disk/pingting114/mixed_bam/COLO829_PAO/TF0_25x/TF0_25x.rep4.bam.bai
[W::hts_idx_load3] The index file is older than the data file: /bip7_disk/pingting114/mixed_bam/COLO829_PAO/TF0_25x/TF0_25x.rep4.bam.bai
[W::bam_next_basemod] MM tag refers to bases beyond sequence length
[W::hts_idx_load3] The index file is older than the data file: /bip7_disk/pingting114/mixed_bam/COLO829_PAO/TF0_25x/TF0_25x.rep4.bam.bai
[W::hts_idx_load3] The index file is older than the data file: /bip7_disk/pingting114/mixed_bam/COLO829_PAO/TF0_25x/TF0_25x.rep4.bam.bai
[W::bam_next_basemod] MM tag refers to bases beyond sequence length
[W::hts_idx_load3] The index file is older than the data file: /bip7_disk/pingting114/mixed_bam/COLO829_PAO/TF0_25x/TF0_25x.rep4.bam.bai
[W::hts_idx_load3] The index file is older than the data file: /bip7_disk/pingting114/mixed_bam/COLO829_PAO/TF0_25x/TF0_25x.rep4.bam.bai
[W::hts_idx_load3] The index file is older than the data file: /bip7_disk/pingting114/mixed_bam/COLO829_PAO/TF0_25x/TF0_25x.rep4.bam.bai
[W::hts_idx_load3] The index file is older than the data file: /bip7_disk/pingting114/mixed_bam/COLO829_PAO/TF0_25x/TF0_25x.rep4.bam.bai
[E::bam_parse_basemod2] 979d44c9-8057-4df8-82ea-6c16a9574604: MM tag refers to bases beyond sequence length
[W::hts_idx_load3] The index file is older than the data file: /bip7_disk/pingting114/mixed_bam/COLO829_PAO/TF0_25x/TF0_25x.rep4.bam.bai
[W::bam_next_basemod] MM tag refers to bases beyond sequence length
[W::hts_idx_load3] The index file is older than the data file: /bip7_disk/pingting114/mixed_bam/COLO829_PAO/TF0_25x/TF0_25x.rep4.bam.bai
[W::hts_idx_load3] The index file is older than the data file: /bip7_disk/pingting114/mixed_bam/COLO829_PAO/TF0_25x/TF0_25x.rep4.bam.bai
[W::hts_idx_load3] The index file is older than the data file: /bip7_disk/pingting114/mixed_bam/COLO829_PAO/TF0_25x/TF0_25x.rep4.bam.bai
[W::hts_idx_load3] The index file is older than the data file: /bip7_disk/pingting114/mixed_bam/COLO829_PAO/TF0_25x/TF0_25x.rep4.bam.bai
[E::bam_parse_basemod2] a0031db8-2143-4ab9-a13c-dd646791b05a: MM tag refers to bases beyond sequence length
[W::hts_idx_load3] The index file is older than the data file: /bip7_disk/pingting114/mixed_bam/COLO829_PAO/TF0_25x/TF0_25x.rep4.bam.bai
[W::hts_idx_load3] The index file is older than the data file: /bip7_disk/pingting114/mixed_bam/COLO829_PAO/TF0_25x/TF0_25x.rep4.bam.bai
[W::hts_idx_load3] The index file is older than the data file: /bip7_disk/pingting114/mixed_bam/COLO829_PAO/TF0_25x/TF0_25x.rep4.bam.bai
[W::hts_idx_load3] The index file is older than the data file: /bip7_disk/pingting114/mixed_bam/COLO829_PAO/TF0_25x/TF0_25x.rep4.bam.bai
[W::hts_idx_load3] The index file is older than the data file: /bip7_disk/pingting114/mixed_bam/COLO829_PAO/TF0_25x/TF0_25x.rep4.bam.bai
[W::hts_idx_load3] The index file is older than the data file: /bip7_disk/pingting114/mixed_bam/COLO829_PAO/TF0_25x/TF0_25x.rep4.bam.bai
[W::hts_idx_load3] The index file is older than the data file: /bip7_disk/pingting114/mixed_bam/COLO829_PAO/TF0_25x/TF0_25x.rep4.bam.bai
[W::bam_next_basemod] MM tag refers to bases beyond sequence length
[W::hts_idx_load3] The index file is older than the data file: /bip7_disk/pingting114/mixed_bam/COLO829_PAO/TF0_25x/TF0_25x.rep4.bam.bai
[W::hts_idx_load3] The index file is older than the data file: /bip7_disk/pingting114/mixed_bam/COLO829_PAO/TF0_25x/TF0_25x.rep4.bam.bai
[W::hts_idx_load3] The index file is older than the data file: /bip7_disk/pingting114/mixed_bam/COLO829_PAO/TF0_25x/TF0_25x.rep4.bam.bai
[W::bam_next_basemod] MM tag refers to bases beyond sequence length
[W::hts_idx_load3] The index file is older than the data file: /bip7_disk/pingting114/mixed_bam/COLO829_PAO/TF0_25x/TF0_25x.rep4.bam.bai
[W::bam_next_basemod] MM tag refers to bases beyond sequence length
[W::hts_idx_load3] The index file is older than the data file: /bip7_disk/pingting114/mixed_bam/COLO829_PAO/TF0_25x/TF0_25x.rep4.bam.bai
[W::bam_next_basemod] MM tag refers to bases beyond sequence length
[W::hts_idx_load3] The index file is older than the data file: /bip7_disk/pingting114/mixed_bam/COLO829_PAO/TF0_25x/TF0_25x.rep4.bam.bai
[W::hts_idx_load3] The index file is older than the data file: /bip7_disk/pingting114/mixed_bam/COLO829_PAO/TF0_25x/TF0_25x.rep4.bam.bai
[W::hts_idx_load3] The index file is older than the data file: /bip7_disk/pingting114/mixed_bam/COLO829_PAO/TF0_25x/TF0_25x.rep4.bam.bai
[W::hts_idx_load3] The index file is older than the data file: /bip7_disk/pingting114/mixed_bam/COLO829_PAO/TF0_25x/TF0_25x.rep4.bam.bai
[W::hts_idx_load3] The index file is older than the data file: /bip7_disk/pingting114/mixed_bam/COLO829_PAO/TF0_25x/TF0_25x.rep4.bam.bai
[W::hts_idx_load3] The index file is older than the data file: /bip7_disk/pingting114/mixed_bam/COLO829_PAO/TF0_25x/TF0_25x.rep4.bam.bai
[E::bam_parse_basemod2] 47cce7ad-a7a5-483a-902f-89f32678992a: MM tag refers to bases beyond sequence length
[E::bam_parse_basemod2] 60c22cc3-13ca-44ec-9053-5e4d72c75aea: MM tag refers to bases beyond sequence length
[W::hts_idx_load3] The index file is older than the data file: /bip7_disk/pingting114/mixed_bam/COLO829_PAO/TF0_25x/TF0_25x.rep4.bam.bai
[W::hts_idx_load3] The index file is older than the data file: /bip7_disk/pingting114/mixed_bam/COLO829_PAO/TF0_25x/TF0_25x.rep4.bam.bai
[W::hts_idx_load3] The index file is older than the data file: /bip7_disk/pingting114/mixed_bam/COLO829_PAO/TF0_25x/TF0_25x.rep4.bam.bai
[W::bam_next_basemod] MM tag refers to bases beyond sequence length
[W::hts_idx_load3] The index file is older than the data file: /bip7_disk/pingting114/mixed_bam/COLO829_PAO/TF0_25x/TF0_25x.rep4.bam.bai
[W::bam_next_basemod] MM tag refers to bases beyond sequence length
[E::bam_parse_basemod2] d4fcf801-f9e7-444b-9e58-e665fd37588e: MM tag refers to bases beyond sequence length
[W::hts_idx_load3] The index file is older than the data file: /bip7_disk/pingting114/mixed_bam/COLO829_PAO/TF0_25x/TF0_25x.rep4.bam.bai
[W::hts_idx_load3] The index file is older than the data file: /bip7_disk/pingting114/mixed_bam/COLO829_PAO/TF0_25x/TF0_25x.rep4.bam.bai
[W::hts_idx_load3] The index file is older than the data file: /bip7_disk/pingting114/mixed_bam/COLO829_PAO/TF0_25x/TF0_25x.rep4.bam.bai
[E::bam_parse_basemod2] 83d8dd13-5db7-4f32-8860-847e97c59b4c: MM tag refers to bases beyond sequence length
[W::hts_idx_load3] The index file is older than the data file: /bip7_disk/pingting114/mixed_bam/COLO829_PAO/TF0_25x/TF0_25x.rep4.bam.bai
[W::hts_idx_load3] The index file is older than the data file: /bip7_disk/pingting114/mixed_bam/COLO829_PAO/TF0_25x/TF0_25x.rep4.bam.bai
[W::hts_idx_load3] The index file is older than the data file: /bip7_disk/pingting114/mixed_bam/COLO829_PAO/TF0_25x/TF0_25x.rep4.bam.bai
[W::hts_idx_load3] The index file is older than the data file: /bip7_disk/pingting114/mixed_bam/COLO829_PAO/TF0_25x/TF0_25x.rep4.bam.bai
[E::bam_parse_basemod2] db9d691b-23bf-43b3-a67c-dafd8137f9e6: MM tag refers to bases beyond sequence length
[W::hts_idx_load3] The index file is older than the data file: /bip7_disk/pingting114/mixed_bam/COLO829_PAO/TF0_25x/TF0_25x.rep4.bam.bai
[E::bam_parse_basemod2] ef3512e9-6369-4615-9458-1cfe91ca6d11: MM tag refers to bases beyond sequence length
[W::hts_idx_load3] The index file is older than the data file: /bip7_disk/pingting114/mixed_bam/COLO829_PAO/TF0_25x/TF0_25x.rep4.bam.bai
[W::bam_next_basemod] MM tag refers to bases beyond sequence length
[W::bam_next_basemod] MM tag refers to bases beyond sequence length
[E::bam_parse_basemod2] 36cbf6e1-e95d-4a97-b72a-e158922b7492: MM tag refers to bases beyond sequence length
[W::hts_idx_load3] The index file is older than the data file: /bip7_disk/pingting114/mixed_bam/COLO829_PAO/TF0_25x/TF0_25x.rep4.bam.bai
[W::hts_idx_load3] The index file is older than the data file: /bip7_disk/pingting114/mixed_bam/COLO829_PAO/TF0_25x/TF0_25x.rep4.bam.bai
[W::hts_idx_load3] The index file is older than the data file: /bip7_disk/pingting114/mixed_bam/COLO829_PAO/TF0_25x/TF0_25x.rep4.bam.bai
[W::hts_idx_load3] The index file is older than the data file: /bip7_disk/pingting114/mixed_bam/COLO829_PAO/TF0_25x/TF0_25x.rep4.bam.bai
[W::hts_idx_load3] The index file is older than the data file: /bip7_disk/pingting114/mixed_bam/COLO829_PAO/TF0_25x/TF0_25x.rep4.bam.bai
[W::bam_next_basemod] MM tag refers to bases beyond sequence length
[W::hts_idx_load3] The index file is older than the data file: /bip7_disk/pingting114/mixed_bam/COLO829_PAO/TF0_25x/TF0_25x.rep4.bam.bai
[E::bam_parse_basemod2] fde4db8d-356f-4646-853c-03d92f698111: MM tag refers to bases beyond sequence length
[W::hts_idx_load3] The index file is older than the data file: /bip7_disk/pingting114/mixed_bam/COLO829_PAO/TF0_25x/TF0_25x.rep4.bam.bai
[E::bam_parse_basemod2] b5ba0bb8-2e49-4a50-beeb-a252942f8844: MM tag refers to bases beyond sequence length
[W::hts_idx_load3] The index file is older than the data file: /bip7_disk/pingting114/mixed_bam/COLO829_PAO/TF0_25x/TF0_25x.rep4.bam.bai
[W::hts_idx_load3] The index file is older than the data file: /bip7_disk/pingting114/mixed_bam/COLO829_PAO/TF0_25x/TF0_25x.rep4.bam.bai
[W::hts_idx_load3] The index file is older than the data file: /bip7_disk/pingting114/mixed_bam/COLO829_PAO/TF0_25x/TF0_25x.rep4.bam.bai
[W::bam_next_basemod] MM tag refers to bases beyond sequence length
[W::hts_idx_load3] The index file is older than the data file: /bip7_disk/pingting114/mixed_bam/COLO829_PAO/TF0_25x/TF0_25x.rep4.bam.bai
[W::hts_idx_load3] The index file is older than the data file: /bip7_disk/pingting114/mixed_bam/COLO829_PAO/TF0_25x/TF0_25x.rep4.bam.bai
[W::hts_idx_load3] The index file is older than the data file: /bip7_disk/pingting114/mixed_bam/COLO829_PAO/TF0_25x/TF0_25x.rep4.bam.bai
[W::hts_idx_load3] The index file is older than the data file: /bip7_disk/pingting114/mixed_bam/COLO829_PAO/TF0_25x/TF0_25x.rep4.bam.bai
[W::hts_idx_load3] The index file is older than the data file: /bip7_disk/pingting114/mixed_bam/COLO829_PAO/TF0_25x/TF0_25x.rep4.bam.bai
[E::bam_parse_basemod2] a7cdc46e-ba4f-4a46-9a72-4316cf831d1b: MM tag refers to bases beyond sequence length
[W::hts_idx_load3] The index file is older than the data file: /bip7_disk/pingting114/mixed_bam/COLO829_PAO/TF0_25x/TF0_25x.rep4.bam.bai
[W::hts_idx_load3] The index file is older than the data file: /bip7_disk/pingting114/mixed_bam/COLO829_PAO/TF0_25x/TF0_25x.rep4.bam.bai
[W::hts_idx_load3] The index file is older than the data file: /bip7_disk/pingting114/mixed_bam/COLO829_PAO/TF0_25x/TF0_25x.rep4.bam.bai
[W::hts_idx_load3] The index file is older than the data file: /bip7_disk/pingting114/mixed_bam/COLO829_PAO/TF0_25x/TF0_25x.rep4.bam.bai
[W::hts_idx_load3] The index file is older than the data file: /bip7_disk/pingting114/mixed_bam/COLO829_PAO/TF0_25x/TF0_25x.rep4.bam.bai
[W::hts_idx_load3] The index file is older than the data file: /bip7_disk/pingting114/mixed_bam/COLO829_PAO/TF0_25x/TF0_25x.rep4.bam.bai
[W::hts_idx_load3] The index file is older than the data file: /bip7_disk/pingting114/mixed_bam/COLO829_PAO/TF0_25x/TF0_25x.rep4.bam.bai
[W::bam_next_basemod] MM tag refers to bases beyond sequence length
[W::hts_idx_load3] The index file is older than the data file: /bip7_disk/pingting114/mixed_bam/COLO829_PAO/TF0_25x/TF0_25x.rep4.bam.bai
[W::hts_idx_load3] The index file is older than the data file: /bip7_disk/pingting114/mixed_bam/COLO829_PAO/TF0_25x/TF0_25x.rep4.bam.bai
[W::hts_idx_load3] The index file is older than the data file: /bip7_disk/pingting114/mixed_bam/COLO829_PAO/TF0_25x/TF0_25x.rep4.bam.bai
[W::bam_next_basemod] MM tag refers to bases beyond sequence length
[W::hts_idx_load3] The index file is older than the data file: /bip7_disk/pingting114/mixed_bam/COLO829_PAO/TF0_25x/TF0_25x.rep4.bam.bai
[W::hts_idx_load3] The index file is older than the data file: /bip7_disk/pingting114/mixed_bam/COLO829_PAO/TF0_25x/TF0_25x.rep4.bam.bai
[W::hts_idx_load3] The index file is older than the data file: /bip7_disk/pingting114/mixed_bam/COLO829_PAO/TF0_25x/TF0_25x.rep4.bam.bai
[E::bam_parse_basemod2] 8c66dc57-26a3-4b3b-86e6-756617fd6f2a: MM tag refers to bases beyond sequence length
[W::hts_idx_load3] The index file is older than the data file: /bip7_disk/pingting114/mixed_bam/COLO829_PAO/TF0_25x/TF0_25x.rep4.bam.bai
[W::hts_idx_load3] The index file is older than the data file: /bip7_disk/pingting114/mixed_bam/COLO829_PAO/TF0_25x/TF0_25x.rep4.bam.bai
[W::hts_idx_load3] The index file is older than the data file: /bip7_disk/pingting114/mixed_bam/COLO829_PAO/TF0_25x/TF0_25x.rep4.bam.bai
[E::bam_parse_basemod2] f994aff0-cc62-4e27-98b6-bbd0b10c9c53: MM tag refers to bases beyond sequence length
[W::hts_idx_load3] The index file is older than the data file: /bip7_disk/pingting114/mixed_bam/COLO829_PAO/TF0_25x/TF0_25x.rep4.bam.bai
[W::hts_idx_load3] The index file is older than the data file: /bip7_disk/pingting114/mixed_bam/COLO829_PAO/TF0_25x/TF0_25x.rep4.bam.bai
[W::bam_next_basemod] MM tag refers to bases beyond sequence length
[E::bam_parse_basemod2] 65bdcee0-6206-4d5a-ae2d-6eeb79e44c94: MM tag refers to bases beyond sequence length
[W::hts_idx_load3] The index file is older than the data file: /bip7_disk/pingting114/mixed_bam/COLO829_PAO/TF0_25x/TF0_25x.rep4.bam.bai
[E::bam_parse_basemod2] a37122b7-65f4-4f51-b039-b1e75a7ed51e: MM tag refers to bases beyond sequence length
[W::hts_idx_load3] The index file is older than the data file: /bip7_disk/pingting114/mixed_bam/COLO829_PAO/TF0_25x/TF0_25x.rep4.bam.bai
[W::hts_idx_load3] The index file is older than the data file: /bip7_disk/pingting114/mixed_bam/COLO829_PAO/TF0_25x/TF0_25x.rep4.bam.bai
[W::hts_idx_load3] The index file is older than the data file: /bip7_disk/pingting114/mixed_bam/COLO829_PAO/TF0_25x/TF0_25x.rep4.bam.bai
[W::hts_idx_load3] The index file is older than the data file: /bip7_disk/pingting114/mixed_bam/COLO829_PAO/TF0_25x/TF0_25x.rep4.bam.bai
[E::bam_parse_basemod2] 6e87c3e6-b8eb-412b-89bc-2b1da30b66e3: MM tag refers to bases beyond sequence length
[W::hts_idx_load3] The index file is older than the data file: /bip7_disk/pingting114/mixed_bam/COLO829_PAO/TF0_25x/TF0_25x.rep4.bam.bai
[E::bam_parse_basemod2] 3a6773a4-2afa-4599-978d-6c29ca5b2edb: MM tag refers to bases beyond sequence length
[W::bam_next_basemod] MM tag refers to bases beyond sequence length
[W::hts_idx_load3] The index file is older than the data file: /bip7_disk/pingting114/mixed_bam/COLO829_PAO/TF0_25x/TF0_25x.rep4.bam.bai
[W::bam_next_basemod] MM tag refers to bases beyond sequence length
[W::hts_idx_load3] The index file is older than the data file: /bip7_disk/pingting114/mixed_bam/COLO829_PAO/TF0_25x/TF0_25x.rep4.bam.bai
[W::hts_idx_load3] The index file is older than the data file: /bip7_disk/pingting114/mixed_bam/COLO829_PAO/TF0_25x/TF0_25x.rep4.bam.bai
[W::hts_idx_load3] The index file is older than the data file: /bip7_disk/pingting114/mixed_bam/COLO829_PAO/TF0_25x/TF0_25x.rep4.bam.bai
[E::bam_parse_basemod2] 3e5dcf61-b683-4c05-80f7-0ad146fec8df: MM tag refers to bases beyond sequence length
[W::hts_idx_load3] The index file is older than the data file: /bip7_disk/pingting114/mixed_bam/COLO829_PAO/TF0_25x/TF0_25x.rep4.bam.bai
[W::bam_next_basemod] MM tag refers to bases beyond sequence length
[W::bam_next_basemod] MM tag refers to bases beyond sequence length
[E::bam_parse_basemod2] bcc2177f-c41c-45f3-be53-f892884c1bf2: MM tag refers to bases beyond sequence length
[W::hts_idx_load3] The index file is older than the data file: /bip7_disk/pingting114/mixed_bam/COLO829_PAO/TF0_25x/TF0_25x.rep4.bam.bai
[W::hts_idx_load3] The index file is older than the data file: /bip7_disk/pingting114/mixed_bam/COLO829_PAO/TF0_25x/TF0_25x.rep4.bam.bai
[W::bam_next_basemod] MM tag refers to bases beyond sequence length
[W::hts_idx_load3] The index file is older than the data file: /bip7_disk/pingting114/mixed_bam/COLO829_PAO/TF0_25x/TF0_25x.rep4.bam.bai
[W::bam_next_basemod] MM tag refers to bases beyond sequence length
[W::bam_next_basemod] MM tag refers to bases beyond sequence length
[E::bam_parse_basemod2] 16b35c11-f0bd-43a8-a6fb-4f4850aef308: MM tag refers to bases beyond sequence length
[W::hts_idx_load3] The index file is older than the data file: /bip7_disk/pingting114/mixed_bam/COLO829_PAO/TF0_25x/TF0_25x.rep4.bam.bai
[W::hts_idx_load3] The index file is older than the data file: /bip7_disk/pingting114/mixed_bam/COLO829_PAO/TF0_25x/TF0_25x.rep4.bam.bai
[W::hts_idx_load3] The index file is older than the data file: /bip7_disk/pingting114/mixed_bam/COLO829_PAO/TF0_25x/TF0_25x.rep4.bam.bai
[W::hts_idx_load3] The index file is older than the data file: /bip7_disk/pingting114/mixed_bam/COLO829_PAO/TF0_25x/TF0_25x.rep4.bam.bai
[W::hts_idx_load3] The index file is older than the data file: /bip7_disk/pingting114/mixed_bam/COLO829_PAO/TF0_25x/TF0_25x.rep4.bam.bai
[E::bam_parse_basemod2] 93858b44-527b-43c9-b2d3-66930b2424a8: MM tag refers to bases beyond sequence length
[W::hts_idx_load3] The index file is older than the data file: /bip7_disk/pingting114/mixed_bam/COLO829_PAO/TF0_25x/TF0_25x.rep4.bam.bai
[W::bam_next_basemod] MM tag refers to bases beyond sequence length
[W::hts_idx_load3] The index file is older than the data file: /bip7_disk/pingting114/mixed_bam/COLO829_PAO/TF0_25x/TF0_25x.rep4.bam.bai
[W::hts_idx_load3] The index file is older than the data file: /bip7_disk/pingting114/mixed_bam/COLO829_PAO/TF0_25x/TF0_25x.rep4.bam.bai
[W::bam_next_basemod] MM tag refers to bases beyond sequence length
[W::hts_idx_load3] The index file is older than the data file: /bip7_disk/pingting114/mixed_bam/COLO829_PAO/TF0_25x/TF0_25x.rep4.bam.bai
[W::hts_idx_load3] The index file is older than the data file: /bip7_disk/pingting114/mixed_bam/COLO829_PAO/TF0_25x/TF0_25x.rep4.bam.bai
[W::bam_next_basemod] MM tag refers to bases beyond sequence length
[W::hts_idx_load3] The index file is older than the data file: /bip7_disk/pingting114/mixed_bam/COLO829_PAO/TF0_25x/TF0_25x.rep4.bam.bai
[W::hts_idx_load3] The index file is older than the data file: /bip7_disk/pingting114/mixed_bam/COLO829_PAO/TF0_25x/TF0_25x.rep4.bam.bai
[W::hts_idx_load3] The index file is older than the data file: /bip7_disk/pingting114/mixed_bam/COLO829_PAO/TF0_25x/TF0_25x.rep4.bam.bai
[W::hts_idx_load3] The index file is older than the data file: /bip7_disk/pingting114/mixed_bam/COLO829_PAO/TF0_25x/TF0_25x.rep4.bam.bai
[W::bam_next_basemod] MM tag refers to bases beyond sequence length
[W::hts_idx_load3] The index file is older than the data file: /bip7_disk/pingting114/mixed_bam/COLO829_PAO/TF0_25x/TF0_25x.rep4.bam.bai
[W::hts_idx_load3] The index file is older than the data file: /bip7_disk/pingting114/mixed_bam/COLO829_PAO/TF0_25x/TF0_25x.rep4.bam.bai
[W::hts_idx_load3] The index file is older than the data file: /bip7_disk/pingting114/mixed_bam/COLO829_PAO/TF0_25x/TF0_25x.rep4.bam.bai
[W::hts_idx_load3] The index file is older than the data file: /bip7_disk/pingting114/mixed_bam/COLO829_PAO/TF0_25x/TF0_25x.rep4.bam.bai
[W::hts_idx_load3] The index file is older than the data file: /bip7_disk/pingting114/mixed_bam/COLO829_PAO/TF0_25x/TF0_25x.rep4.bam.bai
[W::hts_idx_load3] The index file is older than the data file: /bip7_disk/pingting114/mixed_bam/COLO829_PAO/TF0_25x/TF0_25x.rep4.bam.bai
[E::bam_parse_basemod2] 711fc338-c96c-4cb1-bff0-2484f4f1c1fe: MM tag refers to bases beyond sequence length
[W::hts_idx_load3] The index file is older than the data file: /bip7_disk/pingting114/mixed_bam/COLO829_PAO/TF0_25x/TF0_25x.rep4.bam.bai
[E::bam_parse_basemod2] 11a34f19-3d1d-45c9-a8e6-39d02bad80a7: MM tag refers to bases beyond sequence length
[W::hts_idx_load3] The index file is older than the data file: /bip7_disk/pingting114/mixed_bam/COLO829_PAO/TF0_25x/TF0_25x.rep4.bam.bai
[W::hts_idx_load3] The index file is older than the data file: /bip7_disk/pingting114/mixed_bam/COLO829_PAO/TF0_25x/TF0_25x.rep4.bam.bai
[E::bam_parse_basemod2] ffeb72c2-cf55-4c72-aa67-fec61580fb74: MM tag refers to bases beyond sequence length
[W::hts_idx_load3] The index file is older than the data file: /bip7_disk/pingting114/mixed_bam/COLO829_PAO/TF0_25x/TF0_25x.rep4.bam.bai
[W::bam_next_basemod] MM tag refers to bases beyond sequence length
[E::bam_parse_basemod2] 68d84c48-ee4a-45da-91a6-628df3138960: MM tag refers to bases beyond sequence length
[W::hts_idx_load3] The index file is older than the data file: /bip7_disk/pingting114/mixed_bam/COLO829_PAO/TF0_25x/TF0_25x.rep4.bam.bai
[W::hts_idx_load3] The index file is older than the data file: /bip7_disk/pingting114/mixed_bam/COLO829_PAO/TF0_25x/TF0_25x.rep4.bam.bai
[W::hts_idx_load3] The index file is older than the data file: /bip7_disk/pingting114/mixed_bam/COLO829_PAO/TF0_25x/TF0_25x.rep4.bam.bai
[W::hts_idx_load3] The index file is older than the data file: /bip7_disk/pingting114/mixed_bam/COLO829_PAO/TF0_25x/TF0_25x.rep4.bam.bai
[W::hts_idx_load3] The index file is older than the data file: /bip7_disk/pingting114/mixed_bam/COLO829_PAO/TF0_25x/TF0_25x.rep4.bam.bai
[W::hts_idx_load3] The index file is older than the data file: /bip7_disk/pingting114/mixed_bam/COLO829_PAO/TF0_25x/TF0_25x.rep4.bam.bai
[W::hts_idx_load3] The index file is older than the data file: /bip7_disk/pingting114/mixed_bam/COLO829_PAO/TF0_25x/TF0_25x.rep4.bam.bai
[W::hts_idx_load3] The index file is older than the data file: /bip7_disk/pingting114/mixed_bam/COLO829_PAO/TF0_25x/TF0_25x.rep4.bam.bai
[W::bam_next_basemod] MM tag refers to bases beyond sequence length
[W::hts_idx_load3] The index file is older than the data file: /bip7_disk/pingting114/mixed_bam/COLO829_PAO/TF0_25x/TF0_25x.rep4.bam.bai
[E::bam_parse_basemod2] 6cd59ddf-a5de-47fb-ae67-cb7343204d43: MM tag refers to bases beyond sequence length
[W::hts_idx_load3] The index file is older than the data file: /bip7_disk/pingting114/mixed_bam/COLO829_PAO/TF0_25x/TF0_25x.rep4.bam.bai
[E::bam_parse_basemod2] 3435eda3-d61d-41c6-867a-4ab56f2477ab: MM tag refers to bases beyond sequence length
[W::hts_idx_load3] The index file is older than the data file: /bip7_disk/pingting114/mixed_bam/COLO829_PAO/TF0_25x/TF0_25x.rep4.bam.bai
[W::hts_idx_load3] The index file is older than the data file: /bip7_disk/pingting114/mixed_bam/COLO829_PAO/TF0_25x/TF0_25x.rep4.bam.bai
[W::hts_idx_load3] The index file is older than the data file: /bip7_disk/pingting114/mixed_bam/COLO829_PAO/TF0_25x/TF0_25x.rep4.bam.bai
[W::bam_next_basemod] MM tag refers to bases beyond sequence length
[W::bam_next_basemod] MM tag refers to bases beyond sequence length
[E::bam_parse_basemod2] e17483a0-c95b-4c30-a56e-64fc29dbe9cf: MM tag refers to bases beyond sequence length
[W::hts_idx_load3] The index file is older than the data file: /bip7_disk/pingting114/mixed_bam/COLO829_PAO/TF0_25x/TF0_25x.rep4.bam.bai
[W::hts_idx_load3] The index file is older than the data file: /bip7_disk/pingting114/mixed_bam/COLO829_PAO/TF0_25x/TF0_25x.rep4.bam.bai
[W::hts_idx_load3] The index file is older than the data file: /bip7_disk/pingting114/mixed_bam/COLO829_PAO/TF0_25x/TF0_25x.rep4.bam.bai
[E::bam_parse_basemod2] 0a2c5c66-066a-4aff-a2db-3dd94e386f88: MM tag refers to bases beyond sequence length
[W::hts_idx_load3] The index file is older than the data file: /bip7_disk/pingting114/mixed_bam/COLO829_PAO/TF0_25x/TF0_25x.rep4.bam.bai
[W::hts_idx_load3] The index file is older than the data file: /bip7_disk/pingting114/mixed_bam/COLO829_PAO/TF0_25x/TF0_25x.rep4.bam.bai
[E::bam_parse_basemod2] 8773d0cd-a722-4529-92f4-69c76b3b8713: MM tag refers to bases beyond sequence length
[W::hts_idx_load3] The index file is older than the data file: /bip7_disk/pingting114/mixed_bam/COLO829_PAO/TF0_25x/TF0_25x.rep4.bam.bai
[W::bam_next_basemod] MM tag refers to bases beyond sequence length
[W::hts_idx_load3] The index file is older than the data file: /bip7_disk/pingting114/mixed_bam/COLO829_PAO/TF0_25x/TF0_25x.rep4.bam.bai
[W::hts_idx_load3] The index file is older than the data file: /bip7_disk/pingting114/mixed_bam/COLO829_PAO/TF0_25x/TF0_25x.rep4.bam.bai
[W::hts_idx_load3] The index file is older than the data file: /bip7_disk/pingting114/mixed_bam/COLO829_PAO/TF0_25x/TF0_25x.rep4.bam.bai
[W::hts_idx_load3] The index file is older than the data file: /bip7_disk/pingting114/mixed_bam/COLO829_PAO/TF0_25x/TF0_25x.rep4.bam.bai
[W::hts_idx_load3] The index file is older than the data file: /bip7_disk/pingting114/mixed_bam/COLO829_PAO/TF0_25x/TF0_25x.rep4.bam.bai
[W::hts_idx_load3] The index file is older than the data file: /bip7_disk/pingting114/mixed_bam/COLO829_PAO/TF0_25x/TF0_25x.rep4.bam.bai
[W::bam_next_basemod] MM tag refers to bases beyond sequence length
[W::hts_idx_load3] The index file is older than the data file: /bip7_disk/pingting114/mixed_bam/COLO829_PAO/TF0_25x/TF0_25x.rep4.bam.bai
[W::hts_idx_load3] The index file is older than the data file: /bip7_disk/pingting114/mixed_bam/COLO829_PAO/TF0_25x/TF0_25x.rep4.bam.bai
[W::hts_idx_load3] The index file is older than the data file: /bip7_disk/pingting114/mixed_bam/COLO829_PAO/TF0_25x/TF0_25x.rep4.bam.bai
[E::bam_parse_basemod2] 1c873c7b-7b5e-47a5-97a8-19c37293bd45: MM tag refers to bases beyond sequence length
[W::bam_next_basemod] MM tag refers to bases beyond sequence length
[W::hts_idx_load3] The index file is older than the data file: /bip7_disk/pingting114/mixed_bam/COLO829_PAO/TF0_25x/TF0_25x.rep4.bam.bai
[W::hts_idx_load3] The index file is older than the data file: /bip7_disk/pingting114/mixed_bam/COLO829_PAO/TF0_25x/TF0_25x.rep4.bam.bai
[W::hts_idx_load3] The index file is older than the data file: /bip7_disk/pingting114/mixed_bam/COLO829_PAO/TF0_25x/TF0_25x.rep4.bam.bai
[W::hts_idx_load3] The index file is older than the data file: /bip7_disk/pingting114/mixed_bam/COLO829_PAO/TF0_25x/TF0_25x.rep4.bam.bai
[W::hts_idx_load3] The index file is older than the data file: /bip7_disk/pingting114/mixed_bam/COLO829_PAO/TF0_25x/TF0_25x.rep4.bam.bai
[W::hts_idx_load3] The index file is older than the data file: /bip7_disk/pingting114/mixed_bam/COLO829_PAO/TF0_25x/TF0_25x.rep4.bam.bai
[W::hts_idx_load3] The index file is older than the data file: /bip7_disk/pingting114/mixed_bam/COLO829_PAO/TF0_25x/TF0_25x.rep4.bam.bai
[W::hts_idx_load3] The index file is older than the data file: /bip7_disk/pingting114/mixed_bam/COLO829_PAO/TF0_25x/TF0_25x.rep4.bam.bai
[W::bam_next_basemod] MM tag refers to bases beyond sequence length
[W::hts_idx_load3] The index file is older than the data file: /bip7_disk/pingting114/mixed_bam/COLO829_PAO/TF0_25x/TF0_25x.rep4.bam.bai
[W::hts_idx_load3] The index file is older than the data file: /bip7_disk/pingting114/mixed_bam/COLO829_PAO/TF0_25x/TF0_25x.rep4.bam.bai
[W::hts_idx_load3] The index file is older than the data file: /bip7_disk/pingting114/mixed_bam/COLO829_PAO/TF0_25x/TF0_25x.rep4.bam.bai
[E::bam_parse_basemod2] 9803b3ad-8cb5-43c4-aaa3-e00817edf607: MM tag refers to bases beyond sequence length
[W::hts_idx_load3] The index file is older than the data file: /bip7_disk/pingting114/mixed_bam/COLO829_PAO/TF0_25x/TF0_25x.rep4.bam.bai
[E::bam_parse_basemod2] f8cbf0bb-db9a-48f7-8d52-39a83556d314: MM tag refers to bases beyond sequence length
[W::hts_idx_load3] The index file is older than the data file: /bip7_disk/pingting114/mixed_bam/COLO829_PAO/TF0_25x/TF0_25x.rep4.bam.bai
[W::hts_idx_load3] The index file is older than the data file: /bip7_disk/pingting114/mixed_bam/COLO829_PAO/TF0_25x/TF0_25x.rep4.bam.bai
[W::hts_idx_load3] The index file is older than the data file: /bip7_disk/pingting114/mixed_bam/COLO829_PAO/TF0_25x/TF0_25x.rep4.bam.bai
[W::hts_idx_load3] The index file is older than the data file: /bip7_disk/pingting114/mixed_bam/COLO829_PAO/TF0_25x/TF0_25x.rep4.bam.bai
[W::bam_next_basemod] MM tag refers to bases beyond sequence length
[W::hts_idx_load3] The index file is older than the data file: /bip7_disk/pingting114/mixed_bam/COLO829_PAO/TF0_25x/TF0_25x.rep4.bam.bai
[W::bam_next_basemod] MM tag refers to bases beyond sequence length
[W::hts_idx_load3] The index file is older than the data file: /bip7_disk/pingting114/mixed_bam/COLO829_PAO/TF0_25x/TF0_25x.rep4.bam.bai
[W::hts_idx_load3] The index file is older than the data file: /bip7_disk/pingting114/mixed_bam/COLO829_PAO/TF0_25x/TF0_25x.rep4.bam.bai
[W::hts_idx_load3] The index file is older than the data file: /bip7_disk/pingting114/mixed_bam/COLO829_PAO/TF0_25x/TF0_25x.rep4.bam.bai
[W::hts_idx_load3] The index file is older than the data file: /bip7_disk/pingting114/mixed_bam/COLO829_PAO/TF0_25x/TF0_25x.rep4.bam.bai
[W::hts_idx_load3] The index file is older than the data file: /bip7_disk/pingting114/mixed_bam/COLO829_PAO/TF0_25x/TF0_25x.rep4.bam.bai
[E::bam_parse_basemod2] 5c6b893d-e0a0-4afc-b6f1-195476d2e511: MM tag refers to bases beyond sequence length
[E::bam_parse_basemod2] 55d79a8b-c7ee-4a2f-9276-d61c3cf9edd9: MM tag refers to bases beyond sequence length
[W::hts_idx_load3] The index file is older than the data file: /bip7_disk/pingting114/mixed_bam/COLO829_PAO/TF0_25x/TF0_25x.rep4.bam.bai
[W::hts_idx_load3] The index file is older than the data file: /bip7_disk/pingting114/mixed_bam/COLO829_PAO/TF0_25x/TF0_25x.rep4.bam.bai
[W::bam_next_basemod] MM tag refers to bases beyond sequence length
[W::hts_idx_load3] The index file is older than the data file: /bip7_disk/pingting114/mixed_bam/COLO829_PAO/TF0_25x/TF0_25x.rep4.bam.bai
[W::hts_idx_load3] The index file is older than the data file: /bip7_disk/pingting114/mixed_bam/COLO829_PAO/TF0_25x/TF0_25x.rep4.bam.bai
[W::hts_idx_load3] The index file is older than the data file: /bip7_disk/pingting114/mixed_bam/COLO829_PAO/TF0_25x/TF0_25x.rep4.bam.bai
[W::hts_idx_load3] The index file is older than the data file: /bip7_disk/pingting114/mixed_bam/COLO829_PAO/TF0_25x/TF0_25x.rep4.bam.bai
[E::bam_parse_basemod2] 83ac636f-9531-4bec-a3d1-3de91879c3ca: MM tag refers to bases beyond sequence length
[W::hts_idx_load3] The index file is older than the data file: /bip7_disk/pingting114/mixed_bam/COLO829_PAO/TF0_25x/TF0_25x.rep4.bam.bai
[W::hts_idx_load3] The index file is older than the data file: /bip7_disk/pingting114/mixed_bam/COLO829_PAO/TF0_25x/TF0_25x.rep4.bam.bai
[W::bam_next_basemod] MM tag refers to bases beyond sequence length
[W::bam_next_basemod] MM tag refers to bases beyond sequence length
[W::hts_idx_load3] The index file is older than the data file: /bip7_disk/pingting114/mixed_bam/COLO829_PAO/TF0_25x/TF0_25x.rep4.bam.bai
[W::hts_idx_load3] The index file is older than the data file: /bip7_disk/pingting114/mixed_bam/COLO829_PAO/TF0_25x/TF0_25x.rep4.bam.bai
[W::hts_idx_load3] The index file is older than the data file: /bip7_disk/pingting114/mixed_bam/COLO829_PAO/TF0_25x/TF0_25x.rep4.bam.bai
[W::hts_idx_load3] The index file is older than the data file: /bip7_disk/pingting114/mixed_bam/COLO829_PAO/TF0_25x/TF0_25x.rep4.bam.bai
[W::hts_idx_load3] The index file is older than the data file: /bip7_disk/pingting114/mixed_bam/COLO829_PAO/TF0_25x/TF0_25x.rep4.bam.bai
[W::hts_idx_load3] The index file is older than the data file: /bip7_disk/pingting114/mixed_bam/COLO829_PAO/TF0_25x/TF0_25x.rep4.bam.bai
[W::hts_idx_load3] The index file is older than the data file: /bip7_disk/pingting114/mixed_bam/COLO829_PAO/TF0_25x/TF0_25x.rep4.bam.bai
[W::hts_idx_load3] The index file is older than the data file: /bip7_disk/pingting114/mixed_bam/COLO829_PAO/TF0_25x/TF0_25x.rep4.bam.bai
[W::hts_idx_load3] The index file is older than the data file: /bip7_disk/pingting114/mixed_bam/COLO829_PAO/TF0_25x/TF0_25x.rep4.bam.bai
[W::hts_idx_load3] The index file is older than the data file: /bip7_disk/pingting114/mixed_bam/COLO829_PAO/TF0_25x/TF0_25x.rep4.bam.bai
[W::hts_idx_load3] The index file is older than the data file: /bip7_disk/pingting114/mixed_bam/COLO829_PAO/TF0_25x/TF0_25x.rep4.bam.bai
[W::bam_next_basemod] MM tag refers to bases beyond sequence length
[W::hts_idx_load3] The index file is older than the data file: /bip7_disk/pingting114/mixed_bam/COLO829_PAO/TF0_25x/TF0_25x.rep4.bam.bai
[E::bam_parse_basemod2] 6e2453ed-2389-4223-b65f-9981d8c79631: MM tag refers to bases beyond sequence length
[W::hts_idx_load3] The index file is older than the data file: /bip7_disk/pingting114/mixed_bam/COLO829_PAO/TF0_25x/TF0_25x.rep4.bam.bai
[W::hts_idx_load3] The index file is older than the data file: /bip7_disk/pingting114/mixed_bam/COLO829_PAO/TF0_25x/TF0_25x.rep4.bam.bai
[W::hts_idx_load3] The index file is older than the data file: /bip7_disk/pingting114/mixed_bam/COLO829_PAO/TF0_25x/TF0_25x.rep4.bam.bai
[W::hts_idx_load3] The index file is older than the data file: /bip7_disk/pingting114/mixed_bam/COLO829_PAO/TF0_25x/TF0_25x.rep4.bam.bai
[E::bam_parse_basemod2] 9a2301cb-830e-44da-ab43-8a4941af70c1: MM tag refers to bases beyond sequence length
[W::hts_idx_load3] The index file is older than the data file: /bip7_disk/pingting114/mixed_bam/COLO829_PAO/TF0_25x/TF0_25x.rep4.bam.bai
[E::bam_parse_basemod2] 24c98139-9267-4982-a42d-1444e01a0cc5: MM tag refers to bases beyond sequence length
[W::bam_next_basemod] MM tag refers to bases beyond sequence length
[W::hts_idx_load3] The index file is older than the data file: /bip7_disk/pingting114/mixed_bam/COLO829_PAO/TF0_25x/TF0_25x.rep4.bam.bai
[E::bam_parse_basemod2] 8a028f19-08b8-4787-be78-c80e3799907d: MM tag refers to bases beyond sequence length
[W::hts_idx_load3] The index file is older than the data file: /bip7_disk/pingting114/mixed_bam/COLO829_PAO/TF0_25x/TF0_25x.rep4.bam.bai
[W::hts_idx_load3] The index file is older than the data file: /bip7_disk/pingting114/mixed_bam/COLO829_PAO/TF0_25x/TF0_25x.rep4.bam.bai
[W::hts_idx_load3] The index file is older than the data file: /bip7_disk/pingting114/mixed_bam/COLO829_PAO/TF0_25x/TF0_25x.rep4.bam.bai
[W::hts_idx_load3] The index file is older than the data file: /bip7_disk/pingting114/mixed_bam/COLO829_PAO/TF0_25x/TF0_25x.rep4.bam.bai
[W::bam_next_basemod] MM tag refers to bases beyond sequence length
[W::hts_idx_load3] The index file is older than the data file: /bip7_disk/pingting114/mixed_bam/COLO829_PAO/TF0_25x/TF0_25x.rep4.bam.bai
[W::bam_next_basemod] MM tag refers to bases beyond sequence length
[W::hts_idx_load3] The index file is older than the data file: /bip7_disk/pingting114/mixed_bam/COLO829_PAO/TF0_25x/TF0_25x.rep4.bam.bai
[W::hts_idx_load3] The index file is older than the data file: /bip7_disk/pingting114/mixed_bam/COLO829_PAO/TF0_25x/TF0_25x.rep4.bam.bai
[W::hts_idx_load3] The index file is older than the data file: /bip7_disk/pingting114/mixed_bam/COLO829_PAO/TF0_25x/TF0_25x.rep4.bam.bai
[W::bam_next_basemod] MM tag refers to bases beyond sequence length
[W::bam_next_basemod] MM tag refers to bases beyond sequence length
[W::hts_idx_load3] The index file is older than the data file: /bip7_disk/pingting114/mixed_bam/COLO829_PAO/TF0_25x/TF0_25x.rep4.bam.bai
[W::bam_next_basemod] MM tag refers to bases beyond sequence length
[W::hts_idx_load3] The index file is older than the data file: /bip7_disk/pingting114/mixed_bam/COLO829_PAO/TF0_25x/TF0_25x.rep4.bam.bai
[W::hts_idx_load3] The index file is older than the data file: /bip7_disk/pingting114/mixed_bam/COLO829_PAO/TF0_25x/TF0_25x.rep4.bam.bai
[W::bam_next_basemod] MM tag refers to bases beyond sequence length
[W::hts_idx_load3] The index file is older than the data file: /bip7_disk/pingting114/mixed_bam/COLO829_PAO/TF0_25x/TF0_25x.rep4.bam.bai
[W::hts_idx_load3] The index file is older than the data file: /bip7_disk/pingting114/mixed_bam/COLO829_PAO/TF0_25x/TF0_25x.rep4.bam.bai
[W::hts_idx_load3] The index file is older than the data file: /bip7_disk/pingting114/mixed_bam/COLO829_PAO/TF0_25x/TF0_25x.rep4.bam.bai
[W::hts_idx_load3] The index file is older than the data file: /bip7_disk/pingting114/mixed_bam/COLO829_PAO/TF0_25x/TF0_25x.rep4.bam.bai
[W::hts_idx_load3] The index file is older than the data file: /bip7_disk/pingting114/mixed_bam/COLO829_PAO/TF0_25x/TF0_25x.rep4.bam.bai
[W::hts_idx_load3] The index file is older than the data file: /bip7_disk/pingting114/mixed_bam/COLO829_PAO/TF0_25x/TF0_25x.rep4.bam.bai
[W::bam_next_basemod] MM tag refers to bases beyond sequence length
[W::hts_idx_load3] The index file is older than the data file: /bip7_disk/pingting114/mixed_bam/COLO829_PAO/TF0_25x/TF0_25x.rep4.bam.bai
[W::hts_idx_load3] The index file is older than the data file: /bip7_disk/pingting114/mixed_bam/COLO829_PAO/TF0_25x/TF0_25x.rep4.bam.bai
[W::hts_idx_load3] The index file is older than the data file: /bip7_disk/pingting114/mixed_bam/COLO829_PAO/TF0_25x/TF0_25x.rep4.bam.bai
[W::hts_idx_load3] The index file is older than the data file: /bip7_disk/pingting114/mixed_bam/COLO829_PAO/TF0_25x/TF0_25x.rep4.bam.bai
[W::hts_idx_load3] The index file is older than the data file: /bip7_disk/pingting114/mixed_bam/COLO829_PAO/TF0_25x/TF0_25x.rep4.bam.bai
[W::hts_idx_load3] The index file is older than the data file: /bip7_disk/pingting114/mixed_bam/COLO829_PAO/TF0_25x/TF0_25x.rep4.bam.bai
[W::hts_idx_load3] The index file is older than the data file: /bip7_disk/pingting114/mixed_bam/COLO829_PAO/TF0_25x/TF0_25x.rep4.bam.bai
[W::hts_idx_load3] The index file is older than the data file: /bip7_disk/pingting114/mixed_bam/COLO829_PAO/TF0_25x/TF0_25x.rep4.bam.bai
[E::bam_parse_basemod2] cee65866-9ecb-4790-975d-54ad8562dc9b: MM tag refers to bases beyond sequence length
[W::hts_idx_load3] The index file is older than the data file: /bip7_disk/pingting114/mixed_bam/COLO829_PAO/TF0_25x/TF0_25x.rep4.bam.bai
[W::hts_idx_load3] The index file is older than the data file: /bip7_disk/pingting114/mixed_bam/COLO829_PAO/TF0_25x/TF0_25x.rep4.bam.bai
[W::hts_idx_load3] The index file is older than the data file: /bip7_disk/pingting114/mixed_bam/COLO829_PAO/TF0_25x/TF0_25x.rep4.bam.bai
[E::bam_parse_basemod2] 55336b7f-7b47-4081-9ce9-3428ad33401a: MM tag refers to bases beyond sequence length
[W::hts_idx_load3] The index file is older than the data file: /bip7_disk/pingting114/mixed_bam/COLO829_PAO/TF0_25x/TF0_25x.rep4.bam.bai
[W::hts_idx_load3] The index file is older than the data file: /bip7_disk/pingting114/mixed_bam/COLO829_PAO/TF0_25x/TF0_25x.rep4.bam.bai
[W::hts_idx_load3] The index file is older than the data file: /bip7_disk/pingting114/mixed_bam/COLO829_PAO/TF0_25x/TF0_25x.rep4.bam.bai
[W::hts_idx_load3] The index file is older than the data file: /bip7_disk/pingting114/mixed_bam/COLO829_PAO/TF0_25x/TF0_25x.rep4.bam.bai
  TF0_25x.rep4.bam cand 1500/4000
[W::hts_idx_load3] The index file is older than the data file: /bip7_disk/pingting114/mixed_bam/COLO829_PAO/TF0_25x/TF0_25x.rep4.bam.bai
[W::bam_next_basemod] MM tag refers to bases beyond sequence length
[W::hts_idx_load3] The index file is older than the data file: /bip7_disk/pingting114/mixed_bam/COLO829_PAO/TF0_25x/TF0_25x.rep4.bam.bai
[W::hts_idx_load3] The index file is older than the data file: /bip7_disk/pingting114/mixed_bam/COLO829_PAO/TF0_25x/TF0_25x.rep4.bam.bai
[W::hts_idx_load3] The index file is older than the data file: /bip7_disk/pingting114/mixed_bam/COLO829_PAO/TF0_25x/TF0_25x.rep4.bam.bai
[W::hts_idx_load3] The index file is older than the data file: /bip7_disk/pingting114/mixed_bam/COLO829_PAO/TF0_25x/TF0_25x.rep4.bam.bai
[W::hts_idx_load3] The index file is older than the data file: /bip7_disk/pingting114/mixed_bam/COLO829_PAO/TF0_25x/TF0_25x.rep4.bam.bai
[W::hts_idx_load3] The index file is older than the data file: /bip7_disk/pingting114/mixed_bam/COLO829_PAO/TF0_25x/TF0_25x.rep4.bam.bai
[W::hts_idx_load3] The index file is older than the data file: /bip7_disk/pingting114/mixed_bam/COLO829_PAO/TF0_25x/TF0_25x.rep4.bam.bai
[W::hts_idx_load3] The index file is older than the data file: /bip7_disk/pingting114/mixed_bam/COLO829_PAO/TF0_25x/TF0_25x.rep4.bam.bai
[W::hts_idx_load3] The index file is older than the data file: /bip7_disk/pingting114/mixed_bam/COLO829_PAO/TF0_25x/TF0_25x.rep4.bam.bai
[W::hts_idx_load3] The index file is older than the data file: /bip7_disk/pingting114/mixed_bam/COLO829_PAO/TF0_25x/TF0_25x.rep4.bam.bai
[W::hts_idx_load3] The index file is older than the data file: /bip7_disk/pingting114/mixed_bam/COLO829_PAO/TF0_25x/TF0_25x.rep4.bam.bai
[W::bam_next_basemod] MM tag refers to bases beyond sequence length
[W::hts_idx_load3] The index file is older than the data file: /bip7_disk/pingting114/mixed_bam/COLO829_PAO/TF0_25x/TF0_25x.rep4.bam.bai
[W::hts_idx_load3] The index file is older than the data file: /bip7_disk/pingting114/mixed_bam/COLO829_PAO/TF0_25x/TF0_25x.rep4.bam.bai
[W::hts_idx_load3] The index file is older than the data file: /bip7_disk/pingting114/mixed_bam/COLO829_PAO/TF0_25x/TF0_25x.rep4.bam.bai
[W::hts_idx_load3] The index file is older than the data file: /bip7_disk/pingting114/mixed_bam/COLO829_PAO/TF0_25x/TF0_25x.rep4.bam.bai
[E::bam_parse_basemod2] ce241aed-7588-4a73-974a-ba43413dac61: MM tag refers to bases beyond sequence length
[W::hts_idx_load3] The index file is older than the data file: /bip7_disk/pingting114/mixed_bam/COLO829_PAO/TF0_25x/TF0_25x.rep4.bam.bai
[E::bam_parse_basemod2] 84aa0f73-5bbf-4447-8452-92fe64f3fd3d: MM tag refers to bases beyond sequence length
[W::hts_idx_load3] The index file is older than the data file: /bip7_disk/pingting114/mixed_bam/COLO829_PAO/TF0_25x/TF0_25x.rep4.bam.bai
[W::hts_idx_load3] The index file is older than the data file: /bip7_disk/pingting114/mixed_bam/COLO829_PAO/TF0_25x/TF0_25x.rep4.bam.bai
[W::bam_next_basemod] MM tag refers to bases beyond sequence length
[W::bam_next_basemod] MM tag refers to bases beyond sequence length
[W::hts_idx_load3] The index file is older than the data file: /bip7_disk/pingting114/mixed_bam/COLO829_PAO/TF0_25x/TF0_25x.rep4.bam.bai
[W::hts_idx_load3] The index file is older than the data file: /bip7_disk/pingting114/mixed_bam/COLO829_PAO/TF0_25x/TF0_25x.rep4.bam.bai
[W::hts_idx_load3] The index file is older than the data file: /bip7_disk/pingting114/mixed_bam/COLO829_PAO/TF0_25x/TF0_25x.rep4.bam.bai
[W::hts_idx_load3] The index file is older than the data file: /bip7_disk/pingting114/mixed_bam/COLO829_PAO/TF0_25x/TF0_25x.rep4.bam.bai
[E::bam_parse_basemod2] 2a498464-9fb3-4c3c-ad28-31dab191e9c8: MM tag refers to bases beyond sequence length
[W::hts_idx_load3] The index file is older than the data file: /bip7_disk/pingting114/mixed_bam/COLO829_PAO/TF0_25x/TF0_25x.rep4.bam.bai
[W::hts_idx_load3] The index file is older than the data file: /bip7_disk/pingting114/mixed_bam/COLO829_PAO/TF0_25x/TF0_25x.rep4.bam.bai
[W::hts_idx_load3] The index file is older than the data file: /bip7_disk/pingting114/mixed_bam/COLO829_PAO/TF0_25x/TF0_25x.rep4.bam.bai
[W::hts_idx_load3] The index file is older than the data file: /bip7_disk/pingting114/mixed_bam/COLO829_PAO/TF0_25x/TF0_25x.rep4.bam.bai
[W::hts_idx_load3] The index file is older than the data file: /bip7_disk/pingting114/mixed_bam/COLO829_PAO/TF0_25x/TF0_25x.rep4.bam.bai
[E::bam_parse_basemod2] b268c1d6-17cc-476e-b666-41736084c25e: MM tag refers to bases beyond sequence length
[W::hts_idx_load3] The index file is older than the data file: /bip7_disk/pingting114/mixed_bam/COLO829_PAO/TF0_25x/TF0_25x.rep4.bam.bai
[W::hts_idx_load3] The index file is older than the data file: /bip7_disk/pingting114/mixed_bam/COLO829_PAO/TF0_25x/TF0_25x.rep4.bam.bai
[W::hts_idx_load3] The index file is older than the data file: /bip7_disk/pingting114/mixed_bam/COLO829_PAO/TF0_25x/TF0_25x.rep4.bam.bai
[W::hts_idx_load3] The index file is older than the data file: /bip7_disk/pingting114/mixed_bam/COLO829_PAO/TF0_25x/TF0_25x.rep4.bam.bai
[E::bam_parse_basemod2] 17d97c8e-c325-40f0-9832-3ee675b090c6: MM tag refers to bases beyond sequence length
[W::hts_idx_load3] The index file is older than the data file: /bip7_disk/pingting114/mixed_bam/COLO829_PAO/TF0_25x/TF0_25x.rep4.bam.bai
[W::hts_idx_load3] The index file is older than the data file: /bip7_disk/pingting114/mixed_bam/COLO829_PAO/TF0_25x/TF0_25x.rep4.bam.bai
[W::bam_next_basemod] MM tag refers to bases beyond sequence length
[W::hts_idx_load3] The index file is older than the data file: /bip7_disk/pingting114/mixed_bam/COLO829_PAO/TF0_25x/TF0_25x.rep4.bam.bai
[W::hts_idx_load3] The index file is older than the data file: /bip7_disk/pingting114/mixed_bam/COLO829_PAO/TF0_25x/TF0_25x.rep4.bam.bai
[W::bam_next_basemod] MM tag refers to bases beyond sequence length
[W::hts_idx_load3] The index file is older than the data file: /bip7_disk/pingting114/mixed_bam/COLO829_PAO/TF0_25x/TF0_25x.rep4.bam.bai
[W::bam_next_basemod] MM tag refers to bases beyond sequence length
[W::hts_idx_load3] The index file is older than the data file: /bip7_disk/pingting114/mixed_bam/COLO829_PAO/TF0_25x/TF0_25x.rep4.bam.bai
[W::hts_idx_load3] The index file is older than the data file: /bip7_disk/pingting114/mixed_bam/COLO829_PAO/TF0_25x/TF0_25x.rep4.bam.bai
[W::hts_idx_load3] The index file is older than the data file: /bip7_disk/pingting114/mixed_bam/COLO829_PAO/TF0_25x/TF0_25x.rep4.bam.bai
[W::hts_idx_load3] The index file is older than the data file: /bip7_disk/pingting114/mixed_bam/COLO829_PAO/TF0_25x/TF0_25x.rep4.bam.bai
[W::hts_idx_load3] The index file is older than the data file: /bip7_disk/pingting114/mixed_bam/COLO829_PAO/TF0_25x/TF0_25x.rep4.bam.bai
[W::hts_idx_load3] The index file is older than the data file: /bip7_disk/pingting114/mixed_bam/COLO829_PAO/TF0_25x/TF0_25x.rep4.bam.bai
[W::bam_next_basemod] MM tag refers to bases beyond sequence length
[W::hts_idx_load3] The index file is older than the data file: /bip7_disk/pingting114/mixed_bam/COLO829_PAO/TF0_25x/TF0_25x.rep4.bam.bai
[W::hts_idx_load3] The index file is older than the data file: /bip7_disk/pingting114/mixed_bam/COLO829_PAO/TF0_25x/TF0_25x.rep4.bam.bai
[W::hts_idx_load3] The index file is older than the data file: /bip7_disk/pingting114/mixed_bam/COLO829_PAO/TF0_25x/TF0_25x.rep4.bam.bai
[W::hts_idx_load3] The index file is older than the data file: /bip7_disk/pingting114/mixed_bam/COLO829_PAO/TF0_25x/TF0_25x.rep4.bam.bai
[W::bam_next_basemod] MM tag refers to bases beyond sequence length
[W::hts_idx_load3] The index file is older than the data file: /bip7_disk/pingting114/mixed_bam/COLO829_PAO/TF0_25x/TF0_25x.rep4.bam.bai
[W::hts_idx_load3] The index file is older than the data file: /bip7_disk/pingting114/mixed_bam/COLO829_PAO/TF0_25x/TF0_25x.rep4.bam.bai
[W::hts_idx_load3] The index file is older than the data file: /bip7_disk/pingting114/mixed_bam/COLO829_PAO/TF0_25x/TF0_25x.rep4.bam.bai
[W::bam_next_basemod] MM tag refers to bases beyond sequence length
[W::hts_idx_load3] The index file is older than the data file: /bip7_disk/pingting114/mixed_bam/COLO829_PAO/TF0_25x/TF0_25x.rep4.bam.bai
[E::bam_parse_basemod2] bd1abc37-8cb8-4785-abbd-9e764454a057: MM tag refers to bases beyond sequence length
[W::hts_idx_load3] The index file is older than the data file: /bip7_disk/pingting114/mixed_bam/COLO829_PAO/TF0_25x/TF0_25x.rep4.bam.bai
[W::bam_next_basemod] MM tag refers to bases beyond sequence length
[W::hts_idx_load3] The index file is older than the data file: /bip7_disk/pingting114/mixed_bam/COLO829_PAO/TF0_25x/TF0_25x.rep4.bam.bai
[W::bam_next_basemod] MM tag refers to bases beyond sequence length
[W::hts_idx_load3] The index file is older than the data file: /bip7_disk/pingting114/mixed_bam/COLO829_PAO/TF0_25x/TF0_25x.rep4.bam.bai
[W::hts_idx_load3] The index file is older than the data file: /bip7_disk/pingting114/mixed_bam/COLO829_PAO/TF0_25x/TF0_25x.rep4.bam.bai
[W::hts_idx_load3] The index file is older than the data file: /bip7_disk/pingting114/mixed_bam/COLO829_PAO/TF0_25x/TF0_25x.rep4.bam.bai
[W::hts_idx_load3] The index file is older than the data file: /bip7_disk/pingting114/mixed_bam/COLO829_PAO/TF0_25x/TF0_25x.rep4.bam.bai
[W::hts_idx_load3] The index file is older than the data file: /bip7_disk/pingting114/mixed_bam/COLO829_PAO/TF0_25x/TF0_25x.rep4.bam.bai
[W::hts_idx_load3] The index file is older than the data file: /bip7_disk/pingting114/mixed_bam/COLO829_PAO/TF0_25x/TF0_25x.rep4.bam.bai
[W::hts_idx_load3] The index file is older than the data file: /bip7_disk/pingting114/mixed_bam/COLO829_PAO/TF0_25x/TF0_25x.rep4.bam.bai
[W::bam_next_basemod] MM tag refers to bases beyond sequence length
[E::bam_parse_basemod2] eaf6e8a7-a0bf-45e8-a755-1771f5ac823d: MM tag refers to bases beyond sequence length
[W::bam_next_basemod] MM tag refers to bases beyond sequence length
[W::hts_idx_load3] The index file is older than the data file: /bip7_disk/pingting114/mixed_bam/COLO829_PAO/TF0_25x/TF0_25x.rep4.bam.bai
[W::hts_idx_load3] The index file is older than the data file: /bip7_disk/pingting114/mixed_bam/COLO829_PAO/TF0_25x/TF0_25x.rep4.bam.bai
[W::hts_idx_load3] The index file is older than the data file: /bip7_disk/pingting114/mixed_bam/COLO829_PAO/TF0_25x/TF0_25x.rep4.bam.bai
[W::hts_idx_load3] The index file is older than the data file: /bip7_disk/pingting114/mixed_bam/COLO829_PAO/TF0_25x/TF0_25x.rep4.bam.bai
[W::hts_idx_load3] The index file is older than the data file: /bip7_disk/pingting114/mixed_bam/COLO829_PAO/TF0_25x/TF0_25x.rep4.bam.bai
[W::hts_idx_load3] The index file is older than the data file: /bip7_disk/pingting114/mixed_bam/COLO829_PAO/TF0_25x/TF0_25x.rep4.bam.bai
[W::hts_idx_load3] The index file is older than the data file: /bip7_disk/pingting114/mixed_bam/COLO829_PAO/TF0_25x/TF0_25x.rep4.bam.bai
[W::hts_idx_load3] The index file is older than the data file: /bip7_disk/pingting114/mixed_bam/COLO829_PAO/TF0_25x/TF0_25x.rep4.bam.bai
[W::hts_idx_load3] The index file is older than the data file: /bip7_disk/pingting114/mixed_bam/COLO829_PAO/TF0_25x/TF0_25x.rep4.bam.bai
[W::hts_idx_load3] The index file is older than the data file: /bip7_disk/pingting114/mixed_bam/COLO829_PAO/TF0_25x/TF0_25x.rep4.bam.bai
[W::hts_idx_load3] The index file is older than the data file: /bip7_disk/pingting114/mixed_bam/COLO829_PAO/TF0_25x/TF0_25x.rep4.bam.bai
[E::bam_parse_basemod2] b39c41e9-cb10-41b1-91ff-15aff926a98d: MM tag refers to bases beyond sequence length
[W::bam_next_basemod] MM tag refers to bases beyond sequence length
[W::hts_idx_load3] The index file is older than the data file: /bip7_disk/pingting114/mixed_bam/COLO829_PAO/TF0_25x/TF0_25x.rep4.bam.bai
[W::hts_idx_load3] The index file is older than the data file: /bip7_disk/pingting114/mixed_bam/COLO829_PAO/TF0_25x/TF0_25x.rep4.bam.bai
[W::hts_idx_load3] The index file is older than the data file: /bip7_disk/pingting114/mixed_bam/COLO829_PAO/TF0_25x/TF0_25x.rep4.bam.bai
[W::hts_idx_load3] The index file is older than the data file: /bip7_disk/pingting114/mixed_bam/COLO829_PAO/TF0_25x/TF0_25x.rep4.bam.bai
[W::bam_next_basemod] MM tag refers to bases beyond sequence length
[W::hts_idx_load3] The index file is older than the data file: /bip7_disk/pingting114/mixed_bam/COLO829_PAO/TF0_25x/TF0_25x.rep4.bam.bai
[W::hts_idx_load3] The index file is older than the data file: /bip7_disk/pingting114/mixed_bam/COLO829_PAO/TF0_25x/TF0_25x.rep4.bam.bai
[W::bam_next_basemod] MM tag refers to bases beyond sequence length
[W::hts_idx_load3] The index file is older than the data file: /bip7_disk/pingting114/mixed_bam/COLO829_PAO/TF0_25x/TF0_25x.rep4.bam.bai
[E::bam_parse_basemod2] 5cf71d42-4a2b-4c3b-a9e7-dd8db0a79827: MM tag refers to bases beyond sequence length
[W::hts_idx_load3] The index file is older than the data file: /bip7_disk/pingting114/mixed_bam/COLO829_PAO/TF0_25x/TF0_25x.rep4.bam.bai
[W::hts_idx_load3] The index file is older than the data file: /bip7_disk/pingting114/mixed_bam/COLO829_PAO/TF0_25x/TF0_25x.rep4.bam.bai
[W::hts_idx_load3] The index file is older than the data file: /bip7_disk/pingting114/mixed_bam/COLO829_PAO/TF0_25x/TF0_25x.rep4.bam.bai
[W::bam_next_basemod] MM tag refers to bases beyond sequence length
[W::hts_idx_load3] The index file is older than the data file: /bip7_disk/pingting114/mixed_bam/COLO829_PAO/TF0_25x/TF0_25x.rep4.bam.bai
[W::bam_next_basemod] MM tag refers to bases beyond sequence length
[W::hts_idx_load3] The index file is older than the data file: /bip7_disk/pingting114/mixed_bam/COLO829_PAO/TF0_25x/TF0_25x.rep4.bam.bai
[W::bam_next_basemod] MM tag refers to bases beyond sequence length
[E::bam_parse_basemod2] 4e65ef58-5552-4637-b2df-b1e25c3dae27: MM tag refers to bases beyond sequence length
[W::hts_idx_load3] The index file is older than the data file: /bip7_disk/pingting114/mixed_bam/COLO829_PAO/TF0_25x/TF0_25x.rep4.bam.bai
[W::hts_idx_load3] The index file is older than the data file: /bip7_disk/pingting114/mixed_bam/COLO829_PAO/TF0_25x/TF0_25x.rep4.bam.bai
[E::bam_parse_basemod2] 37145981-5410-4e20-85bd-4a3fb4b80ee5: MM tag refers to bases beyond sequence length
[W::hts_idx_load3] The index file is older than the data file: /bip7_disk/pingting114/mixed_bam/COLO829_PAO/TF0_25x/TF0_25x.rep4.bam.bai
[W::hts_idx_load3] The index file is older than the data file: /bip7_disk/pingting114/mixed_bam/COLO829_PAO/TF0_25x/TF0_25x.rep4.bam.bai
[W::hts_idx_load3] The index file is older than the data file: /bip7_disk/pingting114/mixed_bam/COLO829_PAO/TF0_25x/TF0_25x.rep4.bam.bai
[W::hts_idx_load3] The index file is older than the data file: /bip7_disk/pingting114/mixed_bam/COLO829_PAO/TF0_25x/TF0_25x.rep4.bam.bai
[W::hts_idx_load3] The index file is older than the data file: /bip7_disk/pingting114/mixed_bam/COLO829_PAO/TF0_25x/TF0_25x.rep4.bam.bai
[W::hts_idx_load3] The index file is older than the data file: /bip7_disk/pingting114/mixed_bam/COLO829_PAO/TF0_25x/TF0_25x.rep4.bam.bai
[W::hts_idx_load3] The index file is older than the data file: /bip7_disk/pingting114/mixed_bam/COLO829_PAO/TF0_25x/TF0_25x.rep4.bam.bai
[W::hts_idx_load3] The index file is older than the data file: /bip7_disk/pingting114/mixed_bam/COLO829_PAO/TF0_25x/TF0_25x.rep4.bam.bai
[W::hts_idx_load3] The index file is older than the data file: /bip7_disk/pingting114/mixed_bam/COLO829_PAO/TF0_25x/TF0_25x.rep4.bam.bai
[W::hts_idx_load3] The index file is older than the data file: /bip7_disk/pingting114/mixed_bam/COLO829_PAO/TF0_25x/TF0_25x.rep4.bam.bai
[W::hts_idx_load3] The index file is older than the data file: /bip7_disk/pingting114/mixed_bam/COLO829_PAO/TF0_25x/TF0_25x.rep4.bam.bai
[W::bam_next_basemod] MM tag refers to bases beyond sequence length
[W::hts_idx_load3] The index file is older than the data file: /bip7_disk/pingting114/mixed_bam/COLO829_PAO/TF0_25x/TF0_25x.rep4.bam.bai
[W::hts_idx_load3] The index file is older than the data file: /bip7_disk/pingting114/mixed_bam/COLO829_PAO/TF0_25x/TF0_25x.rep4.bam.bai
[W::hts_idx_load3] The index file is older than the data file: /bip7_disk/pingting114/mixed_bam/COLO829_PAO/TF0_25x/TF0_25x.rep4.bam.bai
[W::hts_idx_load3] The index file is older than the data file: /bip7_disk/pingting114/mixed_bam/COLO829_PAO/TF0_25x/TF0_25x.rep4.bam.bai
[W::bam_next_basemod] MM tag refers to bases beyond sequence length
[W::hts_idx_load3] The index file is older than the data file: /bip7_disk/pingting114/mixed_bam/COLO829_PAO/TF0_25x/TF0_25x.rep4.bam.bai
[E::bam_parse_basemod2] fe8ac358-3b19-4dd3-b16c-ef324e218246: MM tag refers to bases beyond sequence length
[W::hts_idx_load3] The index file is older than the data file: /bip7_disk/pingting114/mixed_bam/COLO829_PAO/TF0_25x/TF0_25x.rep4.bam.bai
[W::hts_idx_load3] The index file is older than the data file: /bip7_disk/pingting114/mixed_bam/COLO829_PAO/TF0_25x/TF0_25x.rep4.bam.bai
[W::bam_next_basemod] MM tag refers to bases beyond sequence length
[W::hts_idx_load3] The index file is older than the data file: /bip7_disk/pingting114/mixed_bam/COLO829_PAO/TF0_25x/TF0_25x.rep4.bam.bai
[W::hts_idx_load3] The index file is older than the data file: /bip7_disk/pingting114/mixed_bam/COLO829_PAO/TF0_25x/TF0_25x.rep4.bam.bai
[W::hts_idx_load3] The index file is older than the data file: /bip7_disk/pingting114/mixed_bam/COLO829_PAO/TF0_25x/TF0_25x.rep4.bam.bai
[W::hts_idx_load3] The index file is older than the data file: /bip7_disk/pingting114/mixed_bam/COLO829_PAO/TF0_25x/TF0_25x.rep4.bam.bai
[W::hts_idx_load3] The index file is older than the data file: /bip7_disk/pingting114/mixed_bam/COLO829_PAO/TF0_25x/TF0_25x.rep4.bam.bai
[E::bam_parse_basemod2] 0f0ca8f7-15be-4d1f-853c-96ad983f717c: MM tag refers to bases beyond sequence length
[W::hts_idx_load3] The index file is older than the data file: /bip7_disk/pingting114/mixed_bam/COLO829_PAO/TF0_25x/TF0_25x.rep4.bam.bai
[W::hts_idx_load3] The index file is older than the data file: /bip7_disk/pingting114/mixed_bam/COLO829_PAO/TF0_25x/TF0_25x.rep4.bam.bai
[W::hts_idx_load3] The index file is older than the data file: /bip7_disk/pingting114/mixed_bam/COLO829_PAO/TF0_25x/TF0_25x.rep4.bam.bai
[W::hts_idx_load3] The index file is older than the data file: /bip7_disk/pingting114/mixed_bam/COLO829_PAO/TF0_25x/TF0_25x.rep4.bam.bai
[W::bam_next_basemod] MM tag refers to bases beyond sequence length
[W::hts_idx_load3] The index file is older than the data file: /bip7_disk/pingting114/mixed_bam/COLO829_PAO/TF0_25x/TF0_25x.rep4.bam.bai
[W::hts_idx_load3] The index file is older than the data file: /bip7_disk/pingting114/mixed_bam/COLO829_PAO/TF0_25x/TF0_25x.rep4.bam.bai
[W::bam_next_basemod] MM tag refers to bases beyond sequence length
[E::bam_parse_basemod2] 234e3e82-4c65-4202-904c-4d7aea6e5239: MM tag refers to bases beyond sequence length
[W::hts_idx_load3] The index file is older than the data file: /bip7_disk/pingting114/mixed_bam/COLO829_PAO/TF0_25x/TF0_25x.rep4.bam.bai
[W::bam_next_basemod] MM tag refers to bases beyond sequence length
[E::bam_parse_basemod2] cff2c0f4-435c-4806-9334-3fd3215ddacc: MM tag refers to bases beyond sequence length
[W::hts_idx_load3] The index file is older than the data file: /bip7_disk/pingting114/mixed_bam/COLO829_PAO/TF0_25x/TF0_25x.rep4.bam.bai
[E::bam_parse_basemod2] a7bcd54c-8133-4b2b-9b6f-18f952d9174e: MM tag refers to bases beyond sequence length
[E::bam_parse_basemod2] f89bf230-6dbd-47b0-8865-c1fea9d67774: MM tag refers to bases beyond sequence length
[W::bam_next_basemod] MM tag refers to bases beyond sequence length
[W::hts_idx_load3] The index file is older than the data file: /bip7_disk/pingting114/mixed_bam/COLO829_PAO/TF0_25x/TF0_25x.rep4.bam.bai
[W::hts_idx_load3] The index file is older than the data file: /bip7_disk/pingting114/mixed_bam/COLO829_PAO/TF0_25x/TF0_25x.rep4.bam.bai
[E::bam_parse_basemod2] 572607b4-77d8-4aa2-a516-d72dca436057: MM tag refers to bases beyond sequence length
[W::hts_idx_load3] The index file is older than the data file: /bip7_disk/pingting114/mixed_bam/COLO829_PAO/TF0_25x/TF0_25x.rep4.bam.bai
[W::hts_idx_load3] The index file is older than the data file: /bip7_disk/pingting114/mixed_bam/COLO829_PAO/TF0_25x/TF0_25x.rep4.bam.bai
[W::hts_idx_load3] The index file is older than the data file: /bip7_disk/pingting114/mixed_bam/COLO829_PAO/TF0_25x/TF0_25x.rep4.bam.bai
[W::hts_idx_load3] The index file is older than the data file: /bip7_disk/pingting114/mixed_bam/COLO829_PAO/TF0_25x/TF0_25x.rep4.bam.bai
[W::hts_idx_load3] The index file is older than the data file: /bip7_disk/pingting114/mixed_bam/COLO829_PAO/TF0_25x/TF0_25x.rep4.bam.bai
[E::bam_parse_basemod2] ed9a1d9a-cc9b-4166-b720-200b27883c45: MM tag refers to bases beyond sequence length
[W::hts_idx_load3] The index file is older than the data file: /bip7_disk/pingting114/mixed_bam/COLO829_PAO/TF0_25x/TF0_25x.rep4.bam.bai
[W::hts_idx_load3] The index file is older than the data file: /bip7_disk/pingting114/mixed_bam/COLO829_PAO/TF0_25x/TF0_25x.rep4.bam.bai
[W::hts_idx_load3] The index file is older than the data file: /bip7_disk/pingting114/mixed_bam/COLO829_PAO/TF0_25x/TF0_25x.rep4.bam.bai
[W::hts_idx_load3] The index file is older than the data file: /bip7_disk/pingting114/mixed_bam/COLO829_PAO/TF0_25x/TF0_25x.rep4.bam.bai
[W::bam_next_basemod] MM tag refers to bases beyond sequence length
[W::hts_idx_load3] The index file is older than the data file: /bip7_disk/pingting114/mixed_bam/COLO829_PAO/TF0_25x/TF0_25x.rep4.bam.bai
[W::hts_idx_load3] The index file is older than the data file: /bip7_disk/pingting114/mixed_bam/COLO829_PAO/TF0_25x/TF0_25x.rep4.bam.bai
[W::hts_idx_load3] The index file is older than the data file: /bip7_disk/pingting114/mixed_bam/COLO829_PAO/TF0_25x/TF0_25x.rep4.bam.bai
[W::hts_idx_load3] The index file is older than the data file: /bip7_disk/pingting114/mixed_bam/COLO829_PAO/TF0_25x/TF0_25x.rep4.bam.bai
[W::hts_idx_load3] The index file is older than the data file: /bip7_disk/pingting114/mixed_bam/COLO829_PAO/TF0_25x/TF0_25x.rep4.bam.bai
[W::hts_idx_load3] The index file is older than the data file: /bip7_disk/pingting114/mixed_bam/COLO829_PAO/TF0_25x/TF0_25x.rep4.bam.bai
[W::hts_idx_load3] The index file is older than the data file: /bip7_disk/pingting114/mixed_bam/COLO829_PAO/TF0_25x/TF0_25x.rep4.bam.bai
[E::bam_parse_basemod2] c0bef277-9114-484c-939e-12442eccf767: MM tag refers to bases beyond sequence length
[W::hts_idx_load3] The index file is older than the data file: /bip7_disk/pingting114/mixed_bam/COLO829_PAO/TF0_25x/TF0_25x.rep4.bam.bai
[W::bam_next_basemod] MM tag refers to bases beyond sequence length
[W::hts_idx_load3] The index file is older than the data file: /bip7_disk/pingting114/mixed_bam/COLO829_PAO/TF0_25x/TF0_25x.rep4.bam.bai
[W::bam_next_basemod] MM tag refers to bases beyond sequence length
[W::hts_idx_load3] The index file is older than the data file: /bip7_disk/pingting114/mixed_bam/COLO829_PAO/TF0_25x/TF0_25x.rep4.bam.bai
[W::hts_idx_load3] The index file is older than the data file: /bip7_disk/pingting114/mixed_bam/COLO829_PAO/TF0_25x/TF0_25x.rep4.bam.bai
[W::hts_idx_load3] The index file is older than the data file: /bip7_disk/pingting114/mixed_bam/COLO829_PAO/TF0_25x/TF0_25x.rep4.bam.bai
[W::hts_idx_load3] The index file is older than the data file: /bip7_disk/pingting114/mixed_bam/COLO829_PAO/TF0_25x/TF0_25x.rep4.bam.bai
[W::hts_idx_load3] The index file is older than the data file: /bip7_disk/pingting114/mixed_bam/COLO829_PAO/TF0_25x/TF0_25x.rep4.bam.bai
[W::hts_idx_load3] The index file is older than the data file: /bip7_disk/pingting114/mixed_bam/COLO829_PAO/TF0_25x/TF0_25x.rep4.bam.bai
[W::hts_idx_load3] The index file is older than the data file: /bip7_disk/pingting114/mixed_bam/COLO829_PAO/TF0_25x/TF0_25x.rep4.bam.bai
[E::bam_parse_basemod2] dc6883ea-c166-43ec-92a5-d6612b870ebf: MM tag refers to bases beyond sequence length
[W::hts_idx_load3] The index file is older than the data file: /bip7_disk/pingting114/mixed_bam/COLO829_PAO/TF0_25x/TF0_25x.rep4.bam.bai
[W::hts_idx_load3] The index file is older than the data file: /bip7_disk/pingting114/mixed_bam/COLO829_PAO/TF0_25x/TF0_25x.rep4.bam.bai
[W::hts_idx_load3] The index file is older than the data file: /bip7_disk/pingting114/mixed_bam/COLO829_PAO/TF0_25x/TF0_25x.rep4.bam.bai
[W::hts_idx_load3] The index file is older than the data file: /bip7_disk/pingting114/mixed_bam/COLO829_PAO/TF0_25x/TF0_25x.rep4.bam.bai
[W::hts_idx_load3] The index file is older than the data file: /bip7_disk/pingting114/mixed_bam/COLO829_PAO/TF0_25x/TF0_25x.rep4.bam.bai
[W::hts_idx_load3] The index file is older than the data file: /bip7_disk/pingting114/mixed_bam/COLO829_PAO/TF0_25x/TF0_25x.rep4.bam.bai
[E::bam_parse_basemod2] a4245755-a2f3-41a3-b2fd-b2da73feaf59: MM tag refers to bases beyond sequence length
[E::bam_parse_basemod2] fb9e6918-9681-4541-8d47-ab5301255a56: MM tag refers to bases beyond sequence length
[W::hts_idx_load3] The index file is older than the data file: /bip7_disk/pingting114/mixed_bam/COLO829_PAO/TF0_25x/TF0_25x.rep4.bam.bai
[W::hts_idx_load3] The index file is older than the data file: /bip7_disk/pingting114/mixed_bam/COLO829_PAO/TF0_25x/TF0_25x.rep4.bam.bai
[W::bam_next_basemod] MM tag refers to bases beyond sequence length
[W::hts_idx_load3] The index file is older than the data file: /bip7_disk/pingting114/mixed_bam/COLO829_PAO/TF0_25x/TF0_25x.rep4.bam.bai
[W::hts_idx_load3] The index file is older than the data file: /bip7_disk/pingting114/mixed_bam/COLO829_PAO/TF0_25x/TF0_25x.rep4.bam.bai
[W::hts_idx_load3] The index file is older than the data file: /bip7_disk/pingting114/mixed_bam/COLO829_PAO/TF0_25x/TF0_25x.rep4.bam.bai
[W::bam_next_basemod] MM tag refers to bases beyond sequence length
[W::hts_idx_load3] The index file is older than the data file: /bip7_disk/pingting114/mixed_bam/COLO829_PAO/TF0_25x/TF0_25x.rep4.bam.bai
[W::hts_idx_load3] The index file is older than the data file: /bip7_disk/pingting114/mixed_bam/COLO829_PAO/TF0_25x/TF0_25x.rep4.bam.bai
[W::hts_idx_load3] The index file is older than the data file: /bip7_disk/pingting114/mixed_bam/COLO829_PAO/TF0_25x/TF0_25x.rep4.bam.bai
[W::bam_next_basemod] MM tag refers to bases beyond sequence length
[W::bam_next_basemod] MM tag refers to bases beyond sequence length
[W::hts_idx_load3] The index file is older than the data file: /bip7_disk/pingting114/mixed_bam/COLO829_PAO/TF0_25x/TF0_25x.rep4.bam.bai
[W::hts_idx_load3] The index file is older than the data file: /bip7_disk/pingting114/mixed_bam/COLO829_PAO/TF0_25x/TF0_25x.rep4.bam.bai
[W::bam_next_basemod] MM tag refers to bases beyond sequence length
[E::bam_parse_basemod2] c99057a2-3467-4d68-b16d-eaa839073e07: MM tag refers to bases beyond sequence length
[W::hts_idx_load3] The index file is older than the data file: /bip7_disk/pingting114/mixed_bam/COLO829_PAO/TF0_25x/TF0_25x.rep4.bam.bai
[W::bam_next_basemod] MM tag refers to bases beyond sequence length
[W::hts_idx_load3] The index file is older than the data file: /bip7_disk/pingting114/mixed_bam/COLO829_PAO/TF0_25x/TF0_25x.rep4.bam.bai
[W::hts_idx_load3] The index file is older than the data file: /bip7_disk/pingting114/mixed_bam/COLO829_PAO/TF0_25x/TF0_25x.rep4.bam.bai
[W::hts_idx_load3] The index file is older than the data file: /bip7_disk/pingting114/mixed_bam/COLO829_PAO/TF0_25x/TF0_25x.rep4.bam.bai
[W::hts_idx_load3] The index file is older than the data file: /bip7_disk/pingting114/mixed_bam/COLO829_PAO/TF0_25x/TF0_25x.rep4.bam.bai
[W::hts_idx_load3] The index file is older than the data file: /bip7_disk/pingting114/mixed_bam/COLO829_PAO/TF0_25x/TF0_25x.rep4.bam.bai
[W::hts_idx_load3] The index file is older than the data file: /bip7_disk/pingting114/mixed_bam/COLO829_PAO/TF0_25x/TF0_25x.rep4.bam.bai
[W::hts_idx_load3] The index file is older than the data file: /bip7_disk/pingting114/mixed_bam/COLO829_PAO/TF0_25x/TF0_25x.rep4.bam.bai
[W::bam_next_basemod] MM tag refers to bases beyond sequence length
[W::hts_idx_load3] The index file is older than the data file: /bip7_disk/pingting114/mixed_bam/COLO829_PAO/TF0_25x/TF0_25x.rep4.bam.bai
[W::hts_idx_load3] The index file is older than the data file: /bip7_disk/pingting114/mixed_bam/COLO829_PAO/TF0_25x/TF0_25x.rep4.bam.bai
[W::bam_next_basemod] MM tag refers to bases beyond sequence length
[W::hts_idx_load3] The index file is older than the data file: /bip7_disk/pingting114/mixed_bam/COLO829_PAO/TF0_25x/TF0_25x.rep4.bam.bai
[E::bam_parse_basemod2] 1dc7ddff-3c4f-4077-bccd-aef7948ab22a: MM tag refers to bases beyond sequence length
[W::hts_idx_load3] The index file is older than the data file: /bip7_disk/pingting114/mixed_bam/COLO829_PAO/TF0_25x/TF0_25x.rep4.bam.bai
[W::bam_next_basemod] MM tag refers to bases beyond sequence length
[W::bam_next_basemod] MM tag refers to bases beyond sequence length
[W::hts_idx_load3] The index file is older than the data file: /bip7_disk/pingting114/mixed_bam/COLO829_PAO/TF0_25x/TF0_25x.rep4.bam.bai
[W::hts_idx_load3] The index file is older than the data file: /bip7_disk/pingting114/mixed_bam/COLO829_PAO/TF0_25x/TF0_25x.rep4.bam.bai
[W::bam_next_basemod] MM tag refers to bases beyond sequence length
[W::hts_idx_load3] The index file is older than the data file: /bip7_disk/pingting114/mixed_bam/COLO829_PAO/TF0_25x/TF0_25x.rep4.bam.bai
[W::hts_idx_load3] The index file is older than the data file: /bip7_disk/pingting114/mixed_bam/COLO829_PAO/TF0_25x/TF0_25x.rep4.bam.bai
[E::bam_parse_basemod2] 83ff037d-31c3-45ef-b720-86910182ed33: MM tag refers to bases beyond sequence length
[W::hts_idx_load3] The index file is older than the data file: /bip7_disk/pingting114/mixed_bam/COLO829_PAO/TF0_25x/TF0_25x.rep4.bam.bai
[W::hts_idx_load3] The index file is older than the data file: /bip7_disk/pingting114/mixed_bam/COLO829_PAO/TF0_25x/TF0_25x.rep4.bam.bai
[W::bam_next_basemod] MM tag refers to bases beyond sequence length
[W::hts_idx_load3] The index file is older than the data file: /bip7_disk/pingting114/mixed_bam/COLO829_PAO/TF0_25x/TF0_25x.rep4.bam.bai
[W::hts_idx_load3] The index file is older than the data file: /bip7_disk/pingting114/mixed_bam/COLO829_PAO/TF0_25x/TF0_25x.rep4.bam.bai
[E::bam_parse_basemod2] ec1090d2-0d35-49fc-9292-bfe0873379fb: MM tag refers to bases beyond sequence length
[W::bam_next_basemod] MM tag refers to bases beyond sequence length
[W::hts_idx_load3] The index file is older than the data file: /bip7_disk/pingting114/mixed_bam/COLO829_PAO/TF0_25x/TF0_25x.rep4.bam.bai
[E::bam_parse_basemod2] 56f995cf-c383-43d9-98c9-bf7e740dd3b7: MM tag refers to bases beyond sequence length
[W::hts_idx_load3] The index file is older than the data file: /bip7_disk/pingting114/mixed_bam/COLO829_PAO/TF0_25x/TF0_25x.rep4.bam.bai
[W::hts_idx_load3] The index file is older than the data file: /bip7_disk/pingting114/mixed_bam/COLO829_PAO/TF0_25x/TF0_25x.rep4.bam.bai
[E::bam_parse_basemod2] 4dd09432-ab82-4c8b-be2b-9b53ee87ec36: MM tag refers to bases beyond sequence length
[W::hts_idx_load3] The index file is older than the data file: /bip7_disk/pingting114/mixed_bam/COLO829_PAO/TF0_25x/TF0_25x.rep4.bam.bai
[W::bam_next_basemod] MM tag refers to bases beyond sequence length
[W::hts_idx_load3] The index file is older than the data file: /bip7_disk/pingting114/mixed_bam/COLO829_PAO/TF0_25x/TF0_25x.rep4.bam.bai
[E::bam_parse_basemod2] decb3f29-a21b-4d98-8e2d-8864833429f7: MM tag refers to bases beyond sequence length
[W::hts_idx_load3] The index file is older than the data file: /bip7_disk/pingting114/mixed_bam/COLO829_PAO/TF0_25x/TF0_25x.rep4.bam.bai
[W::hts_idx_load3] The index file is older than the data file: /bip7_disk/pingting114/mixed_bam/COLO829_PAO/TF0_25x/TF0_25x.rep4.bam.bai
[E::bam_parse_basemod2] 4297322e-d602-4d45-bd50-3bcd2b10b561: MM tag refers to bases beyond sequence length
[W::hts_idx_load3] The index file is older than the data file: /bip7_disk/pingting114/mixed_bam/COLO829_PAO/TF0_25x/TF0_25x.rep4.bam.bai
[W::hts_idx_load3] The index file is older than the data file: /bip7_disk/pingting114/mixed_bam/COLO829_PAO/TF0_25x/TF0_25x.rep4.bam.bai
[W::hts_idx_load3] The index file is older than the data file: /bip7_disk/pingting114/mixed_bam/COLO829_PAO/TF0_25x/TF0_25x.rep4.bam.bai
[W::hts_idx_load3] The index file is older than the data file: /bip7_disk/pingting114/mixed_bam/COLO829_PAO/TF0_25x/TF0_25x.rep4.bam.bai
[W::hts_idx_load3] The index file is older than the data file: /bip7_disk/pingting114/mixed_bam/COLO829_PAO/TF0_25x/TF0_25x.rep4.bam.bai
[W::hts_idx_load3] The index file is older than the data file: /bip7_disk/pingting114/mixed_bam/COLO829_PAO/TF0_25x/TF0_25x.rep4.bam.bai
[W::hts_idx_load3] The index file is older than the data file: /bip7_disk/pingting114/mixed_bam/COLO829_PAO/TF0_25x/TF0_25x.rep4.bam.bai
[W::hts_idx_load3] The index file is older than the data file: /bip7_disk/pingting114/mixed_bam/COLO829_PAO/TF0_25x/TF0_25x.rep4.bam.bai
[W::bam_next_basemod] MM tag refers to bases beyond sequence length
[W::hts_idx_load3] The index file is older than the data file: /bip7_disk/pingting114/mixed_bam/COLO829_PAO/TF0_25x/TF0_25x.rep4.bam.bai
[E::bam_parse_basemod2] 012f89a4-36f9-44d1-8ee5-fa014192644c: MM tag refers to bases beyond sequence length
[W::hts_idx_load3] The index file is older than the data file: /bip7_disk/pingting114/mixed_bam/COLO829_PAO/TF0_25x/TF0_25x.rep4.bam.bai
[W::hts_idx_load3] The index file is older than the data file: /bip7_disk/pingting114/mixed_bam/COLO829_PAO/TF0_25x/TF0_25x.rep4.bam.bai
[W::bam_next_basemod] MM tag refers to bases beyond sequence length
[E::bam_parse_basemod2] 1c2f0353-6c1e-4c12-bd30-edfb7546165b: MM tag refers to bases beyond sequence length
[W::hts_idx_load3] The index file is older than the data file: /bip7_disk/pingting114/mixed_bam/COLO829_PAO/TF0_25x/TF0_25x.rep4.bam.bai
[W::bam_next_basemod] MM tag refers to bases beyond sequence length
[W::hts_idx_load3] The index file is older than the data file: /bip7_disk/pingting114/mixed_bam/COLO829_PAO/TF0_25x/TF0_25x.rep4.bam.bai
[W::bam_next_basemod] MM tag refers to bases beyond sequence length
[W::hts_idx_load3] The index file is older than the data file: /bip7_disk/pingting114/mixed_bam/COLO829_PAO/TF0_25x/TF0_25x.rep4.bam.bai
[W::hts_idx_load3] The index file is older than the data file: /bip7_disk/pingting114/mixed_bam/COLO829_PAO/TF0_25x/TF0_25x.rep4.bam.bai
[W::bam_next_basemod] MM tag refers to bases beyond sequence length
[W::hts_idx_load3] The index file is older than the data file: /bip7_disk/pingting114/mixed_bam/COLO829_PAO/TF0_25x/TF0_25x.rep4.bam.bai
[W::hts_idx_load3] The index file is older than the data file: /bip7_disk/pingting114/mixed_bam/COLO829_PAO/TF0_25x/TF0_25x.rep4.bam.bai
[W::hts_idx_load3] The index file is older than the data file: /bip7_disk/pingting114/mixed_bam/COLO829_PAO/TF0_25x/TF0_25x.rep4.bam.bai
[W::hts_idx_load3] The index file is older than the data file: /bip7_disk/pingting114/mixed_bam/COLO829_PAO/TF0_25x/TF0_25x.rep4.bam.bai
[W::hts_idx_load3] The index file is older than the data file: /bip7_disk/pingting114/mixed_bam/COLO829_PAO/TF0_25x/TF0_25x.rep4.bam.bai
[W::hts_idx_load3] The index file is older than the data file: /bip7_disk/pingting114/mixed_bam/COLO829_PAO/TF0_25x/TF0_25x.rep4.bam.bai
[W::hts_idx_load3] The index file is older than the data file: /bip7_disk/pingting114/mixed_bam/COLO829_PAO/TF0_25x/TF0_25x.rep4.bam.bai
[E::bam_parse_basemod2] f86df891-ab12-4033-854c-167b24c6e4da: MM tag refers to bases beyond sequence length
[W::hts_idx_load3] The index file is older than the data file: /bip7_disk/pingting114/mixed_bam/COLO829_PAO/TF0_25x/TF0_25x.rep4.bam.bai
[W::hts_idx_load3] The index file is older than the data file: /bip7_disk/pingting114/mixed_bam/COLO829_PAO/TF0_25x/TF0_25x.rep4.bam.bai
[E::bam_parse_basemod2] 9d9a0775-6192-4f7e-93a9-59b032935ab2: MM tag refers to bases beyond sequence length
[W::hts_idx_load3] The index file is older than the data file: /bip7_disk/pingting114/mixed_bam/COLO829_PAO/TF0_25x/TF0_25x.rep4.bam.bai
[W::hts_idx_load3] The index file is older than the data file: /bip7_disk/pingting114/mixed_bam/COLO829_PAO/TF0_25x/TF0_25x.rep4.bam.bai
[W::hts_idx_load3] The index file is older than the data file: /bip7_disk/pingting114/mixed_bam/COLO829_PAO/TF0_25x/TF0_25x.rep4.bam.bai
[W::hts_idx_load3] The index file is older than the data file: /bip7_disk/pingting114/mixed_bam/COLO829_PAO/TF0_25x/TF0_25x.rep4.bam.bai
[E::bam_parse_basemod2] b19d9b57-1dc5-419e-af2d-033ac86f7ee6: MM tag refers to bases beyond sequence length
[W::hts_idx_load3] The index file is older than the data file: /bip7_disk/pingting114/mixed_bam/COLO829_PAO/TF0_25x/TF0_25x.rep4.bam.bai
[W::hts_idx_load3] The index file is older than the data file: /bip7_disk/pingting114/mixed_bam/COLO829_PAO/TF0_25x/TF0_25x.rep4.bam.bai
[W::hts_idx_load3] The index file is older than the data file: /bip7_disk/pingting114/mixed_bam/COLO829_PAO/TF0_25x/TF0_25x.rep4.bam.bai
[W::bam_next_basemod] MM tag refers to bases beyond sequence length
[W::hts_idx_load3] The index file is older than the data file: /bip7_disk/pingting114/mixed_bam/COLO829_PAO/TF0_25x/TF0_25x.rep4.bam.bai
[W::hts_idx_load3] The index file is older than the data file: /bip7_disk/pingting114/mixed_bam/COLO829_PAO/TF0_25x/TF0_25x.rep4.bam.bai
[W::bam_next_basemod] MM tag refers to bases beyond sequence length
[W::bam_next_basemod] MM tag refers to bases beyond sequence length
[W::hts_idx_load3] The index file is older than the data file: /bip7_disk/pingting114/mixed_bam/COLO829_PAO/TF0_25x/TF0_25x.rep4.bam.bai
[E::bam_parse_basemod2] 0b650e18-c010-4626-9b44-f05340a0c768: MM tag refers to bases beyond sequence length
[W::bam_next_basemod] MM tag refers to bases beyond sequence length
[W::hts_idx_load3] The index file is older than the data file: /bip7_disk/pingting114/mixed_bam/COLO829_PAO/TF0_25x/TF0_25x.rep4.bam.bai
[W::hts_idx_load3] The index file is older than the data file: /bip7_disk/pingting114/mixed_bam/COLO829_PAO/TF0_25x/TF0_25x.rep4.bam.bai
[W::bam_next_basemod] MM tag refers to bases beyond sequence length
[W::hts_idx_load3] The index file is older than the data file: /bip7_disk/pingting114/mixed_bam/COLO829_PAO/TF0_25x/TF0_25x.rep4.bam.bai
[W::hts_idx_load3] The index file is older than the data file: /bip7_disk/pingting114/mixed_bam/COLO829_PAO/TF0_25x/TF0_25x.rep4.bam.bai
[W::hts_idx_load3] The index file is older than the data file: /bip7_disk/pingting114/mixed_bam/COLO829_PAO/TF0_25x/TF0_25x.rep4.bam.bai
[W::hts_idx_load3] The index file is older than the data file: /bip7_disk/pingting114/mixed_bam/COLO829_PAO/TF0_25x/TF0_25x.rep4.bam.bai
[W::hts_idx_load3] The index file is older than the data file: /bip7_disk/pingting114/mixed_bam/COLO829_PAO/TF0_25x/TF0_25x.rep4.bam.bai
[W::hts_idx_load3] The index file is older than the data file: /bip7_disk/pingting114/mixed_bam/COLO829_PAO/TF0_25x/TF0_25x.rep4.bam.bai
[W::hts_idx_load3] The index file is older than the data file: /bip7_disk/pingting114/mixed_bam/COLO829_PAO/TF0_25x/TF0_25x.rep4.bam.bai
[W::bam_next_basemod] MM tag refers to bases beyond sequence length
[W::hts_idx_load3] The index file is older than the data file: /bip7_disk/pingting114/mixed_bam/COLO829_PAO/TF0_25x/TF0_25x.rep4.bam.bai
[W::bam_next_basemod] MM tag refers to bases beyond sequence length
[W::hts_idx_load3] The index file is older than the data file: /bip7_disk/pingting114/mixed_bam/COLO829_PAO/TF0_25x/TF0_25x.rep4.bam.bai
[W::hts_idx_load3] The index file is older than the data file: /bip7_disk/pingting114/mixed_bam/COLO829_PAO/TF0_25x/TF0_25x.rep4.bam.bai
[W::bam_next_basemod] MM tag refers to bases beyond sequence length
[W::hts_idx_load3] The index file is older than the data file: /bip7_disk/pingting114/mixed_bam/COLO829_PAO/TF0_25x/TF0_25x.rep4.bam.bai
[W::hts_idx_load3] The index file is older than the data file: /bip7_disk/pingting114/mixed_bam/COLO829_PAO/TF0_25x/TF0_25x.rep4.bam.bai
[W::hts_idx_load3] The index file is older than the data file: /bip7_disk/pingting114/mixed_bam/COLO829_PAO/TF0_25x/TF0_25x.rep4.bam.bai
[W::bam_next_basemod] MM tag refers to bases beyond sequence length
[W::hts_idx_load3] The index file is older than the data file: /bip7_disk/pingting114/mixed_bam/COLO829_PAO/TF0_25x/TF0_25x.rep4.bam.bai
[W::hts_idx_load3] The index file is older than the data file: /bip7_disk/pingting114/mixed_bam/COLO829_PAO/TF0_25x/TF0_25x.rep4.bam.bai
[W::hts_idx_load3] The index file is older than the data file: /bip7_disk/pingting114/mixed_bam/COLO829_PAO/TF0_25x/TF0_25x.rep4.bam.bai
[W::hts_idx_load3] The index file is older than the data file: /bip7_disk/pingting114/mixed_bam/COLO829_PAO/TF0_25x/TF0_25x.rep4.bam.bai
[W::hts_idx_load3] The index file is older than the data file: /bip7_disk/pingting114/mixed_bam/COLO829_PAO/TF0_25x/TF0_25x.rep4.bam.bai
[W::bam_next_basemod] MM tag refers to bases beyond sequence length
[W::hts_idx_load3] The index file is older than the data file: /bip7_disk/pingting114/mixed_bam/COLO829_PAO/TF0_25x/TF0_25x.rep4.bam.bai
[W::hts_idx_load3] The index file is older than the data file: /bip7_disk/pingting114/mixed_bam/COLO829_PAO/TF0_25x/TF0_25x.rep4.bam.bai
[E::bam_parse_basemod2] 7e4bd7a4-3044-4120-abfd-6e14f563863d: MM tag refers to bases beyond sequence length
[W::hts_idx_load3] The index file is older than the data file: /bip7_disk/pingting114/mixed_bam/COLO829_PAO/TF0_25x/TF0_25x.rep4.bam.bai
[W::hts_idx_load3] The index file is older than the data file: /bip7_disk/pingting114/mixed_bam/COLO829_PAO/TF0_25x/TF0_25x.rep4.bam.bai
[W::hts_idx_load3] The index file is older than the data file: /bip7_disk/pingting114/mixed_bam/COLO829_PAO/TF0_25x/TF0_25x.rep4.bam.bai
[W::hts_idx_load3] The index file is older than the data file: /bip7_disk/pingting114/mixed_bam/COLO829_PAO/TF0_25x/TF0_25x.rep4.bam.bai
[W::hts_idx_load3] The index file is older than the data file: /bip7_disk/pingting114/mixed_bam/COLO829_PAO/TF0_25x/TF0_25x.rep4.bam.bai
[E::bam_parse_basemod2] 53e610ec-c180-4501-b39d-c526e9047e3c: MM tag refers to bases beyond sequence length
[W::hts_idx_load3] The index file is older than the data file: /bip7_disk/pingting114/mixed_bam/COLO829_PAO/TF0_25x/TF0_25x.rep4.bam.bai
[W::hts_idx_load3] The index file is older than the data file: /bip7_disk/pingting114/mixed_bam/COLO829_PAO/TF0_25x/TF0_25x.rep4.bam.bai
[W::hts_idx_load3] The index file is older than the data file: /bip7_disk/pingting114/mixed_bam/COLO829_PAO/TF0_25x/TF0_25x.rep4.bam.bai
[W::hts_idx_load3] The index file is older than the data file: /bip7_disk/pingting114/mixed_bam/COLO829_PAO/TF0_25x/TF0_25x.rep4.bam.bai
[E::bam_parse_basemod2] 421e128e-2fbf-4e34-8546-27511d97a6cb: MM tag refers to bases beyond sequence length
[W::hts_idx_load3] The index file is older than the data file: /bip7_disk/pingting114/mixed_bam/COLO829_PAO/TF0_25x/TF0_25x.rep4.bam.bai
[E::bam_parse_basemod2] 1e435e67-9c1d-4df6-8255-4b71936a22ba: MM tag refers to bases beyond sequence length
[W::hts_idx_load3] The index file is older than the data file: /bip7_disk/pingting114/mixed_bam/COLO829_PAO/TF0_25x/TF0_25x.rep4.bam.bai
[W::hts_idx_load3] The index file is older than the data file: /bip7_disk/pingting114/mixed_bam/COLO829_PAO/TF0_25x/TF0_25x.rep4.bam.bai
[W::hts_idx_load3] The index file is older than the data file: /bip7_disk/pingting114/mixed_bam/COLO829_PAO/TF0_25x/TF0_25x.rep4.bam.bai
[W::hts_idx_load3] The index file is older than the data file: /bip7_disk/pingting114/mixed_bam/COLO829_PAO/TF0_25x/TF0_25x.rep4.bam.bai
[W::hts_idx_load3] The index file is older than the data file: /bip7_disk/pingting114/mixed_bam/COLO829_PAO/TF0_25x/TF0_25x.rep4.bam.bai
[W::hts_idx_load3] The index file is older than the data file: /bip7_disk/pingting114/mixed_bam/COLO829_PAO/TF0_25x/TF0_25x.rep4.bam.bai
[W::hts_idx_load3] The index file is older than the data file: /bip7_disk/pingting114/mixed_bam/COLO829_PAO/TF0_25x/TF0_25x.rep4.bam.bai
[W::hts_idx_load3] The index file is older than the data file: /bip7_disk/pingting114/mixed_bam/COLO829_PAO/TF0_25x/TF0_25x.rep4.bam.bai
[W::bam_next_basemod] MM tag refers to bases beyond sequence length
[W::hts_idx_load3] The index file is older than the data file: /bip7_disk/pingting114/mixed_bam/COLO829_PAO/TF0_25x/TF0_25x.rep4.bam.bai
[W::hts_idx_load3] The index file is older than the data file: /bip7_disk/pingting114/mixed_bam/COLO829_PAO/TF0_25x/TF0_25x.rep4.bam.bai
[W::hts_idx_load3] The index file is older than the data file: /bip7_disk/pingting114/mixed_bam/COLO829_PAO/TF0_25x/TF0_25x.rep4.bam.bai
[W::hts_idx_load3] The index file is older than the data file: /bip7_disk/pingting114/mixed_bam/COLO829_PAO/TF0_25x/TF0_25x.rep4.bam.bai
[W::hts_idx_load3] The index file is older than the data file: /bip7_disk/pingting114/mixed_bam/COLO829_PAO/TF0_25x/TF0_25x.rep4.bam.bai
[W::hts_idx_load3] The index file is older than the data file: /bip7_disk/pingting114/mixed_bam/COLO829_PAO/TF0_25x/TF0_25x.rep4.bam.bai
[E::bam_parse_basemod2] 9a46a1eb-b220-4b93-94b9-63270e606658: MM tag refers to bases beyond sequence length
[W::hts_idx_load3] The index file is older than the data file: /bip7_disk/pingting114/mixed_bam/COLO829_PAO/TF0_25x/TF0_25x.rep4.bam.bai
[W::hts_idx_load3] The index file is older than the data file: /bip7_disk/pingting114/mixed_bam/COLO829_PAO/TF0_25x/TF0_25x.rep4.bam.bai
[W::hts_idx_load3] The index file is older than the data file: /bip7_disk/pingting114/mixed_bam/COLO829_PAO/TF0_25x/TF0_25x.rep4.bam.bai
[W::hts_idx_load3] The index file is older than the data file: /bip7_disk/pingting114/mixed_bam/COLO829_PAO/TF0_25x/TF0_25x.rep4.bam.bai
[W::hts_idx_load3] The index file is older than the data file: /bip7_disk/pingting114/mixed_bam/COLO829_PAO/TF0_25x/TF0_25x.rep4.bam.bai
[W::bam_next_basemod] MM tag refers to bases beyond sequence length
[W::hts_idx_load3] The index file is older than the data file: /bip7_disk/pingting114/mixed_bam/COLO829_PAO/TF0_25x/TF0_25x.rep4.bam.bai
[W::hts_idx_load3] The index file is older than the data file: /bip7_disk/pingting114/mixed_bam/COLO829_PAO/TF0_25x/TF0_25x.rep4.bam.bai
[W::hts_idx_load3] The index file is older than the data file: /bip7_disk/pingting114/mixed_bam/COLO829_PAO/TF0_25x/TF0_25x.rep4.bam.bai
[W::hts_idx_load3] The index file is older than the data file: /bip7_disk/pingting114/mixed_bam/COLO829_PAO/TF0_25x/TF0_25x.rep4.bam.bai
[W::hts_idx_load3] The index file is older than the data file: /bip7_disk/pingting114/mixed_bam/COLO829_PAO/TF0_25x/TF0_25x.rep4.bam.bai
[W::hts_idx_load3] The index file is older than the data file: /bip7_disk/pingting114/mixed_bam/COLO829_PAO/TF0_25x/TF0_25x.rep4.bam.bai
[W::hts_idx_load3] The index file is older than the data file: /bip7_disk/pingting114/mixed_bam/COLO829_PAO/TF0_25x/TF0_25x.rep4.bam.bai
[W::bam_next_basemod] MM tag refers to bases beyond sequence length
[W::hts_idx_load3] The index file is older than the data file: /bip7_disk/pingting114/mixed_bam/COLO829_PAO/TF0_25x/TF0_25x.rep4.bam.bai
[W::hts_idx_load3] The index file is older than the data file: /bip7_disk/pingting114/mixed_bam/COLO829_PAO/TF0_25x/TF0_25x.rep4.bam.bai
[W::hts_idx_load3] The index file is older than the data file: /bip7_disk/pingting114/mixed_bam/COLO829_PAO/TF0_25x/TF0_25x.rep4.bam.bai
[W::bam_next_basemod] MM tag refers to bases beyond sequence length
[W::hts_idx_load3] The index file is older than the data file: /bip7_disk/pingting114/mixed_bam/COLO829_PAO/TF0_25x/TF0_25x.rep4.bam.bai
[W::bam_next_basemod] MM tag refers to bases beyond sequence length
[W::hts_idx_load3] The index file is older than the data file: /bip7_disk/pingting114/mixed_bam/COLO829_PAO/TF0_25x/TF0_25x.rep4.bam.bai
[W::bam_next_basemod] MM tag refers to bases beyond sequence length
[W::hts_idx_load3] The index file is older than the data file: /bip7_disk/pingting114/mixed_bam/COLO829_PAO/TF0_25x/TF0_25x.rep4.bam.bai
[W::hts_idx_load3] The index file is older than the data file: /bip7_disk/pingting114/mixed_bam/COLO829_PAO/TF0_25x/TF0_25x.rep4.bam.bai
[W::hts_idx_load3] The index file is older than the data file: /bip7_disk/pingting114/mixed_bam/COLO829_PAO/TF0_25x/TF0_25x.rep4.bam.bai
[W::hts_idx_load3] The index file is older than the data file: /bip7_disk/pingting114/mixed_bam/COLO829_PAO/TF0_25x/TF0_25x.rep4.bam.bai
[W::hts_idx_load3] The index file is older than the data file: /bip7_disk/pingting114/mixed_bam/COLO829_PAO/TF0_25x/TF0_25x.rep4.bam.bai
[W::hts_idx_load3] The index file is older than the data file: /bip7_disk/pingting114/mixed_bam/COLO829_PAO/TF0_25x/TF0_25x.rep4.bam.bai
[W::hts_idx_load3] The index file is older than the data file: /bip7_disk/pingting114/mixed_bam/COLO829_PAO/TF0_25x/TF0_25x.rep4.bam.bai
[W::bam_next_basemod] MM tag refers to bases beyond sequence length
[W::hts_idx_load3] The index file is older than the data file: /bip7_disk/pingting114/mixed_bam/COLO829_PAO/TF0_25x/TF0_25x.rep4.bam.bai
[W::hts_idx_load3] The index file is older than the data file: /bip7_disk/pingting114/mixed_bam/COLO829_PAO/TF0_25x/TF0_25x.rep4.bam.bai
[W::hts_idx_load3] The index file is older than the data file: /bip7_disk/pingting114/mixed_bam/COLO829_PAO/TF0_25x/TF0_25x.rep4.bam.bai
[W::hts_idx_load3] The index file is older than the data file: /bip7_disk/pingting114/mixed_bam/COLO829_PAO/TF0_25x/TF0_25x.rep4.bam.bai
[W::hts_idx_load3] The index file is older than the data file: /bip7_disk/pingting114/mixed_bam/COLO829_PAO/TF0_25x/TF0_25x.rep4.bam.bai
[W::hts_idx_load3] The index file is older than the data file: /bip7_disk/pingting114/mixed_bam/COLO829_PAO/TF0_25x/TF0_25x.rep4.bam.bai
[E::bam_parse_basemod2] 4ec85a99-dd08-468e-a34a-80a571353461: MM tag refers to bases beyond sequence length
[W::hts_idx_load3] The index file is older than the data file: /bip7_disk/pingting114/mixed_bam/COLO829_PAO/TF0_25x/TF0_25x.rep4.bam.bai
[W::hts_idx_load3] The index file is older than the data file: /bip7_disk/pingting114/mixed_bam/COLO829_PAO/TF0_25x/TF0_25x.rep4.bam.bai
[W::hts_idx_load3] The index file is older than the data file: /bip7_disk/pingting114/mixed_bam/COLO829_PAO/TF0_25x/TF0_25x.rep4.bam.bai
[W::hts_idx_load3] The index file is older than the data file: /bip7_disk/pingting114/mixed_bam/COLO829_PAO/TF0_25x/TF0_25x.rep4.bam.bai
[W::hts_idx_load3] The index file is older than the data file: /bip7_disk/pingting114/mixed_bam/COLO829_PAO/TF0_25x/TF0_25x.rep4.bam.bai
[W::hts_idx_load3] The index file is older than the data file: /bip7_disk/pingting114/mixed_bam/COLO829_PAO/TF0_25x/TF0_25x.rep4.bam.bai
[W::hts_idx_load3] The index file is older than the data file: /bip7_disk/pingting114/mixed_bam/COLO829_PAO/TF0_25x/TF0_25x.rep4.bam.bai
[W::hts_idx_load3] The index file is older than the data file: /bip7_disk/pingting114/mixed_bam/COLO829_PAO/TF0_25x/TF0_25x.rep4.bam.bai
[W::bam_next_basemod] MM tag refers to bases beyond sequence length
[E::bam_parse_basemod2] 35fa419f-4f79-4f9d-adc3-575bc290cb80: MM tag refers to bases beyond sequence length
[W::hts_idx_load3] The index file is older than the data file: /bip7_disk/pingting114/mixed_bam/COLO829_PAO/TF0_25x/TF0_25x.rep4.bam.bai
[E::bam_parse_basemod2] b284223e-d426-4d25-b9a9-038564ee303a: MM tag refers to bases beyond sequence length
[W::hts_idx_load3] The index file is older than the data file: /bip7_disk/pingting114/mixed_bam/COLO829_PAO/TF0_25x/TF0_25x.rep4.bam.bai
[W::bam_next_basemod] MM tag refers to bases beyond sequence length
[W::hts_idx_load3] The index file is older than the data file: /bip7_disk/pingting114/mixed_bam/COLO829_PAO/TF0_25x/TF0_25x.rep4.bam.bai
[W::bam_next_basemod] MM tag refers to bases beyond sequence length
[W::hts_idx_load3] The index file is older than the data file: /bip7_disk/pingting114/mixed_bam/COLO829_PAO/TF0_25x/TF0_25x.rep4.bam.bai
[W::hts_idx_load3] The index file is older than the data file: /bip7_disk/pingting114/mixed_bam/COLO829_PAO/TF0_25x/TF0_25x.rep4.bam.bai
[E::bam_parse_basemod2] cb14eef7-46b9-4feb-a504-1582c467beef: MM tag refers to bases beyond sequence length
[W::hts_idx_load3] The index file is older than the data file: /bip7_disk/pingting114/mixed_bam/COLO829_PAO/TF0_25x/TF0_25x.rep4.bam.bai
[W::hts_idx_load3] The index file is older than the data file: /bip7_disk/pingting114/mixed_bam/COLO829_PAO/TF0_25x/TF0_25x.rep4.bam.bai
[W::hts_idx_load3] The index file is older than the data file: /bip7_disk/pingting114/mixed_bam/COLO829_PAO/TF0_25x/TF0_25x.rep4.bam.bai
[W::hts_idx_load3] The index file is older than the data file: /bip7_disk/pingting114/mixed_bam/COLO829_PAO/TF0_25x/TF0_25x.rep4.bam.bai
[E::bam_parse_basemod2] 4e55a3bc-498e-443a-a624-5cfe21307b53: MM tag refers to bases beyond sequence length
[W::hts_idx_load3] The index file is older than the data file: /bip7_disk/pingting114/mixed_bam/COLO829_PAO/TF0_25x/TF0_25x.rep4.bam.bai
[W::hts_idx_load3] The index file is older than the data file: /bip7_disk/pingting114/mixed_bam/COLO829_PAO/TF0_25x/TF0_25x.rep4.bam.bai
[W::hts_idx_load3] The index file is older than the data file: /bip7_disk/pingting114/mixed_bam/COLO829_PAO/TF0_25x/TF0_25x.rep4.bam.bai
[E::bam_parse_basemod2] a83b5a4f-b7a7-4afa-b57e-cb6c27456e66: MM tag refers to bases beyond sequence length
[W::hts_idx_load3] The index file is older than the data file: /bip7_disk/pingting114/mixed_bam/COLO829_PAO/TF0_25x/TF0_25x.rep4.bam.bai
[W::hts_idx_load3] The index file is older than the data file: /bip7_disk/pingting114/mixed_bam/COLO829_PAO/TF0_25x/TF0_25x.rep4.bam.bai
[W::hts_idx_load3] The index file is older than the data file: /bip7_disk/pingting114/mixed_bam/COLO829_PAO/TF0_25x/TF0_25x.rep4.bam.bai
[W::hts_idx_load3] The index file is older than the data file: /bip7_disk/pingting114/mixed_bam/COLO829_PAO/TF0_25x/TF0_25x.rep4.bam.bai
[W::hts_idx_load3] The index file is older than the data file: /bip7_disk/pingting114/mixed_bam/COLO829_PAO/TF0_25x/TF0_25x.rep4.bam.bai
[W::hts_idx_load3] The index file is older than the data file: /bip7_disk/pingting114/mixed_bam/COLO829_PAO/TF0_25x/TF0_25x.rep4.bam.bai
[E::bam_parse_basemod2] 00150528-d7ea-4254-aa45-8951edde0257: MM tag refers to bases beyond sequence length
[W::hts_idx_load3] The index file is older than the data file: /bip7_disk/pingting114/mixed_bam/COLO829_PAO/TF0_25x/TF0_25x.rep4.bam.bai
[E::bam_parse_basemod2] c01243b1-6a1d-4ffc-bf38-310f11d97d6d: MM tag refers to bases beyond sequence length
[W::hts_idx_load3] The index file is older than the data file: /bip7_disk/pingting114/mixed_bam/COLO829_PAO/TF0_25x/TF0_25x.rep4.bam.bai
[E::bam_parse_basemod2] 07f68e97-61f8-41b7-8d6f-ab5cbb205e6f: MM tag refers to bases beyond sequence length
[W::hts_idx_load3] The index file is older than the data file: /bip7_disk/pingting114/mixed_bam/COLO829_PAO/TF0_25x/TF0_25x.rep4.bam.bai
[W::hts_idx_load3] The index file is older than the data file: /bip7_disk/pingting114/mixed_bam/COLO829_PAO/TF0_25x/TF0_25x.rep4.bam.bai
[W::bam_next_basemod] MM tag refers to bases beyond sequence length
[E::bam_parse_basemod2] 2d4bfdf4-4688-4564-9d5d-54c6223018dc: MM tag refers to bases beyond sequence length
[W::hts_idx_load3] The index file is older than the data file: /bip7_disk/pingting114/mixed_bam/COLO829_PAO/TF0_25x/TF0_25x.rep4.bam.bai
[W::hts_idx_load3] The index file is older than the data file: /bip7_disk/pingting114/mixed_bam/COLO829_PAO/TF0_25x/TF0_25x.rep4.bam.bai
[W::hts_idx_load3] The index file is older than the data file: /bip7_disk/pingting114/mixed_bam/COLO829_PAO/TF0_25x/TF0_25x.rep4.bam.bai
[W::hts_idx_load3] The index file is older than the data file: /bip7_disk/pingting114/mixed_bam/COLO829_PAO/TF0_25x/TF0_25x.rep4.bam.bai
[W::bam_next_basemod] MM tag refers to bases beyond sequence length
[W::hts_idx_load3] The index file is older than the data file: /bip7_disk/pingting114/mixed_bam/COLO829_PAO/TF0_25x/TF0_25x.rep4.bam.bai
[W::hts_idx_load3] The index file is older than the data file: /bip7_disk/pingting114/mixed_bam/COLO829_PAO/TF0_25x/TF0_25x.rep4.bam.bai
[W::hts_idx_load3] The index file is older than the data file: /bip7_disk/pingting114/mixed_bam/COLO829_PAO/TF0_25x/TF0_25x.rep4.bam.bai
[W::hts_idx_load3] The index file is older than the data file: /bip7_disk/pingting114/mixed_bam/COLO829_PAO/TF0_25x/TF0_25x.rep4.bam.bai
[W::bam_next_basemod] MM tag refers to bases beyond sequence length
[W::hts_idx_load3] The index file is older than the data file: /bip7_disk/pingting114/mixed_bam/COLO829_PAO/TF0_25x/TF0_25x.rep4.bam.bai
[W::hts_idx_load3] The index file is older than the data file: /bip7_disk/pingting114/mixed_bam/COLO829_PAO/TF0_25x/TF0_25x.rep4.bam.bai
[W::hts_idx_load3] The index file is older than the data file: /bip7_disk/pingting114/mixed_bam/COLO829_PAO/TF0_25x/TF0_25x.rep4.bam.bai
[W::hts_idx_load3] The index file is older than the data file: /bip7_disk/pingting114/mixed_bam/COLO829_PAO/TF0_25x/TF0_25x.rep4.bam.bai
[W::hts_idx_load3] The index file is older than the data file: /bip7_disk/pingting114/mixed_bam/COLO829_PAO/TF0_25x/TF0_25x.rep4.bam.bai
[W::bam_next_basemod] MM tag refers to bases beyond sequence length
[E::bam_parse_basemod2] 01465676-a2f9-46b8-bd18-5779951b8ba3: MM tag refers to bases beyond sequence length
[W::hts_idx_load3] The index file is older than the data file: /bip7_disk/pingting114/mixed_bam/COLO829_PAO/TF0_25x/TF0_25x.rep4.bam.bai
[W::bam_next_basemod] MM tag refers to bases beyond sequence length
[W::bam_next_basemod] MM tag refers to bases beyond sequence length
[W::bam_next_basemod] MM tag refers to bases beyond sequence length
[W::hts_idx_load3] The index file is older than the data file: /bip7_disk/pingting114/mixed_bam/COLO829_PAO/TF0_25x/TF0_25x.rep4.bam.bai
[E::bam_parse_basemod2] c1588dde-1ce0-498f-aae5-797a6374ed50: MM tag refers to bases beyond sequence length
[W::hts_idx_load3] The index file is older than the data file: /bip7_disk/pingting114/mixed_bam/COLO829_PAO/TF0_25x/TF0_25x.rep4.bam.bai
[W::hts_idx_load3] The index file is older than the data file: /bip7_disk/pingting114/mixed_bam/COLO829_PAO/TF0_25x/TF0_25x.rep4.bam.bai
[W::hts_idx_load3] The index file is older than the data file: /bip7_disk/pingting114/mixed_bam/COLO829_PAO/TF0_25x/TF0_25x.rep4.bam.bai
[W::hts_idx_load3] The index file is older than the data file: /bip7_disk/pingting114/mixed_bam/COLO829_PAO/TF0_25x/TF0_25x.rep4.bam.bai
[E::bam_parse_basemod2] c707d140-d376-47aa-938d-534dddf70d5d: MM tag refers to bases beyond sequence length
[W::hts_idx_load3] The index file is older than the data file: /bip7_disk/pingting114/mixed_bam/COLO829_PAO/TF0_25x/TF0_25x.rep4.bam.bai
[W::hts_idx_load3] The index file is older than the data file: /bip7_disk/pingting114/mixed_bam/COLO829_PAO/TF0_25x/TF0_25x.rep4.bam.bai
[W::hts_idx_load3] The index file is older than the data file: /bip7_disk/pingting114/mixed_bam/COLO829_PAO/TF0_25x/TF0_25x.rep4.bam.bai
[W::hts_idx_load3] The index file is older than the data file: /bip7_disk/pingting114/mixed_bam/COLO829_PAO/TF0_25x/TF0_25x.rep4.bam.bai
[W::hts_idx_load3] The index file is older than the data file: /bip7_disk/pingting114/mixed_bam/COLO829_PAO/TF0_25x/TF0_25x.rep4.bam.bai
[W::bam_next_basemod] MM tag refers to bases beyond sequence length
[W::hts_idx_load3] The index file is older than the data file: /bip7_disk/pingting114/mixed_bam/COLO829_PAO/TF0_25x/TF0_25x.rep4.bam.bai
[W::hts_idx_load3] The index file is older than the data file: /bip7_disk/pingting114/mixed_bam/COLO829_PAO/TF0_25x/TF0_25x.rep4.bam.bai
[W::hts_idx_load3] The index file is older than the data file: /bip7_disk/pingting114/mixed_bam/COLO829_PAO/TF0_25x/TF0_25x.rep4.bam.bai
[W::hts_idx_load3] The index file is older than the data file: /bip7_disk/pingting114/mixed_bam/COLO829_PAO/TF0_25x/TF0_25x.rep4.bam.bai
[W::hts_idx_load3] The index file is older than the data file: /bip7_disk/pingting114/mixed_bam/COLO829_PAO/TF0_25x/TF0_25x.rep4.bam.bai
[W::hts_idx_load3] The index file is older than the data file: /bip7_disk/pingting114/mixed_bam/COLO829_PAO/TF0_25x/TF0_25x.rep4.bam.bai
[E::bam_parse_basemod2] 0568c47b-a035-4cbb-bf39-dfa58f1a71e3: MM tag refers to bases beyond sequence length
[W::hts_idx_load3] The index file is older than the data file: /bip7_disk/pingting114/mixed_bam/COLO829_PAO/TF0_25x/TF0_25x.rep4.bam.bai
[W::hts_idx_load3] The index file is older than the data file: /bip7_disk/pingting114/mixed_bam/COLO829_PAO/TF0_25x/TF0_25x.rep4.bam.bai
[W::hts_idx_load3] The index file is older than the data file: /bip7_disk/pingting114/mixed_bam/COLO829_PAO/TF0_25x/TF0_25x.rep4.bam.bai
[W::hts_idx_load3] The index file is older than the data file: /bip7_disk/pingting114/mixed_bam/COLO829_PAO/TF0_25x/TF0_25x.rep4.bam.bai
[W::hts_idx_load3] The index file is older than the data file: /bip7_disk/pingting114/mixed_bam/COLO829_PAO/TF0_25x/TF0_25x.rep4.bam.bai
[W::bam_next_basemod] MM tag refers to bases beyond sequence length
[W::hts_idx_load3] The index file is older than the data file: /bip7_disk/pingting114/mixed_bam/COLO829_PAO/TF0_25x/TF0_25x.rep4.bam.bai
[W::bam_next_basemod] MM tag refers to bases beyond sequence length
[W::hts_idx_load3] The index file is older than the data file: /bip7_disk/pingting114/mixed_bam/COLO829_PAO/TF0_25x/TF0_25x.rep4.bam.bai
[W::hts_idx_load3] The index file is older than the data file: /bip7_disk/pingting114/mixed_bam/COLO829_PAO/TF0_25x/TF0_25x.rep4.bam.bai
[E::bam_parse_basemod2] 0cc87411-1ee8-4579-8be8-9ef469f33d75: MM tag refers to bases beyond sequence length
[W::hts_idx_load3] The index file is older than the data file: /bip7_disk/pingting114/mixed_bam/COLO829_PAO/TF0_25x/TF0_25x.rep4.bam.bai
[W::bam_next_basemod] MM tag refers to bases beyond sequence length
[E::bam_parse_basemod2] 813e2aaf-1024-41b4-a962-466b9bd6895a: MM tag refers to bases beyond sequence length
[W::hts_idx_load3] The index file is older than the data file: /bip7_disk/pingting114/mixed_bam/COLO829_PAO/TF0_25x/TF0_25x.rep4.bam.bai
[W::bam_next_basemod] MM tag refers to bases beyond sequence length
[W::hts_idx_load3] The index file is older than the data file: /bip7_disk/pingting114/mixed_bam/COLO829_PAO/TF0_25x/TF0_25x.rep4.bam.bai
[W::hts_idx_load3] The index file is older than the data file: /bip7_disk/pingting114/mixed_bam/COLO829_PAO/TF0_25x/TF0_25x.rep4.bam.bai
[E::bam_parse_basemod2] 6c2f1190-efcb-4198-8c8f-6db020f5f3a5: MM tag refers to bases beyond sequence length
[W::hts_idx_load3] The index file is older than the data file: /bip7_disk/pingting114/mixed_bam/COLO829_PAO/TF0_25x/TF0_25x.rep4.bam.bai
[W::hts_idx_load3] The index file is older than the data file: /bip7_disk/pingting114/mixed_bam/COLO829_PAO/TF0_25x/TF0_25x.rep4.bam.bai
[W::bam_next_basemod] MM tag refers to bases beyond sequence length
[E::bam_parse_basemod2] c636d24f-d892-4c7d-82fd-accad7245d37: MM tag refers to bases beyond sequence length
[E::bam_parse_basemod2] 71caa720-b639-4978-b16a-b38859693c80: MM tag refers to bases beyond sequence length
[W::hts_idx_load3] The index file is older than the data file: /bip7_disk/pingting114/mixed_bam/COLO829_PAO/TF0_25x/TF0_25x.rep4.bam.bai
[E::bam_parse_basemod2] e1095272-26f7-4e57-a002-409c22818230: MM tag refers to bases beyond sequence length
[W::bam_next_basemod] MM tag refers to bases beyond sequence length
[W::hts_idx_load3] The index file is older than the data file: /bip7_disk/pingting114/mixed_bam/COLO829_PAO/TF0_25x/TF0_25x.rep4.bam.bai
[W::bam_next_basemod] MM tag refers to bases beyond sequence length
[W::hts_idx_load3] The index file is older than the data file: /bip7_disk/pingting114/mixed_bam/COLO829_PAO/TF0_25x/TF0_25x.rep4.bam.bai
[E::bam_parse_basemod2] 30739de8-f9cf-4246-ae24-5d5a24550571: MM tag refers to bases beyond sequence length
[W::hts_idx_load3] The index file is older than the data file: /bip7_disk/pingting114/mixed_bam/COLO829_PAO/TF0_25x/TF0_25x.rep4.bam.bai
[W::hts_idx_load3] The index file is older than the data file: /bip7_disk/pingting114/mixed_bam/COLO829_PAO/TF0_25x/TF0_25x.rep4.bam.bai
[W::hts_idx_load3] The index file is older than the data file: /bip7_disk/pingting114/mixed_bam/COLO829_PAO/TF0_25x/TF0_25x.rep4.bam.bai
[W::hts_idx_load3] The index file is older than the data file: /bip7_disk/pingting114/mixed_bam/COLO829_PAO/TF0_25x/TF0_25x.rep4.bam.bai
[W::hts_idx_load3] The index file is older than the data file: /bip7_disk/pingting114/mixed_bam/COLO829_PAO/TF0_25x/TF0_25x.rep4.bam.bai
[W::hts_idx_load3] The index file is older than the data file: /bip7_disk/pingting114/mixed_bam/COLO829_PAO/TF0_25x/TF0_25x.rep4.bam.bai
[W::hts_idx_load3] The index file is older than the data file: /bip7_disk/pingting114/mixed_bam/COLO829_PAO/TF0_25x/TF0_25x.rep4.bam.bai
[W::hts_idx_load3] The index file is older than the data file: /bip7_disk/pingting114/mixed_bam/COLO829_PAO/TF0_25x/TF0_25x.rep4.bam.bai
[W::hts_idx_load3] The index file is older than the data file: /bip7_disk/pingting114/mixed_bam/COLO829_PAO/TF0_25x/TF0_25x.rep4.bam.bai
[W::hts_idx_load3] The index file is older than the data file: /bip7_disk/pingting114/mixed_bam/COLO829_PAO/TF0_25x/TF0_25x.rep4.bam.bai
[W::hts_idx_load3] The index file is older than the data file: /bip7_disk/pingting114/mixed_bam/COLO829_PAO/TF0_25x/TF0_25x.rep4.bam.bai
[E::bam_parse_basemod2] 234dd391-f482-4746-9e01-35f0af863179: MM tag refers to bases beyond sequence length
[W::hts_idx_load3] The index file is older than the data file: /bip7_disk/pingting114/mixed_bam/COLO829_PAO/TF0_25x/TF0_25x.rep4.bam.bai
[W::bam_next_basemod] MM tag refers to bases beyond sequence length
[W::hts_idx_load3] The index file is older than the data file: /bip7_disk/pingting114/mixed_bam/COLO829_PAO/TF0_25x/TF0_25x.rep4.bam.bai
[W::hts_idx_load3] The index file is older than the data file: /bip7_disk/pingting114/mixed_bam/COLO829_PAO/TF0_25x/TF0_25x.rep4.bam.bai
[W::hts_idx_load3] The index file is older than the data file: /bip7_disk/pingting114/mixed_bam/COLO829_PAO/TF0_25x/TF0_25x.rep4.bam.bai
[W::hts_idx_load3] The index file is older than the data file: /bip7_disk/pingting114/mixed_bam/COLO829_PAO/TF0_25x/TF0_25x.rep4.bam.bai
[W::hts_idx_load3] The index file is older than the data file: /bip7_disk/pingting114/mixed_bam/COLO829_PAO/TF0_25x/TF0_25x.rep4.bam.bai
[W::bam_next_basemod] MM tag refers to bases beyond sequence length
[W::hts_idx_load3] The index file is older than the data file: /bip7_disk/pingting114/mixed_bam/COLO829_PAO/TF0_25x/TF0_25x.rep4.bam.bai
[W::hts_idx_load3] The index file is older than the data file: /bip7_disk/pingting114/mixed_bam/COLO829_PAO/TF0_25x/TF0_25x.rep4.bam.bai
[W::hts_idx_load3] The index file is older than the data file: /bip7_disk/pingting114/mixed_bam/COLO829_PAO/TF0_25x/TF0_25x.rep4.bam.bai
[W::hts_idx_load3] The index file is older than the data file: /bip7_disk/pingting114/mixed_bam/COLO829_PAO/TF0_25x/TF0_25x.rep4.bam.bai
[W::bam_next_basemod] MM tag refers to bases beyond sequence length
[W::hts_idx_load3] The index file is older than the data file: /bip7_disk/pingting114/mixed_bam/COLO829_PAO/TF0_25x/TF0_25x.rep4.bam.bai
[W::bam_next_basemod] MM tag refers to bases beyond sequence length
[W::hts_idx_load3] The index file is older than the data file: /bip7_disk/pingting114/mixed_bam/COLO829_PAO/TF0_25x/TF0_25x.rep4.bam.bai
[W::bam_next_basemod] MM tag refers to bases beyond sequence length
[W::hts_idx_load3] The index file is older than the data file: /bip7_disk/pingting114/mixed_bam/COLO829_PAO/TF0_25x/TF0_25x.rep4.bam.bai
[W::hts_idx_load3] The index file is older than the data file: /bip7_disk/pingting114/mixed_bam/COLO829_PAO/TF0_25x/TF0_25x.rep4.bam.bai
[W::hts_idx_load3] The index file is older than the data file: /bip7_disk/pingting114/mixed_bam/COLO829_PAO/TF0_25x/TF0_25x.rep4.bam.bai
[W::hts_idx_load3] The index file is older than the data file: /bip7_disk/pingting114/mixed_bam/COLO829_PAO/TF0_25x/TF0_25x.rep4.bam.bai
[E::bam_parse_basemod2] 13d2431f-0271-443f-9464-feb3a10d67fe: MM tag refers to bases beyond sequence length
[W::hts_idx_load3] The index file is older than the data file: /bip7_disk/pingting114/mixed_bam/COLO829_PAO/TF0_25x/TF0_25x.rep4.bam.bai
[E::bam_parse_basemod2] f1eff5a0-4f18-4daa-977e-5fdf27001db4: MM tag refers to bases beyond sequence length
[W::hts_idx_load3] The index file is older than the data file: /bip7_disk/pingting114/mixed_bam/COLO829_PAO/TF0_25x/TF0_25x.rep4.bam.bai
[W::bam_next_basemod] MM tag refers to bases beyond sequence length
[W::hts_idx_load3] The index file is older than the data file: /bip7_disk/pingting114/mixed_bam/COLO829_PAO/TF0_25x/TF0_25x.rep4.bam.bai
[W::hts_idx_load3] The index file is older than the data file: /bip7_disk/pingting114/mixed_bam/COLO829_PAO/TF0_25x/TF0_25x.rep4.bam.bai
[W::hts_idx_load3] The index file is older than the data file: /bip7_disk/pingting114/mixed_bam/COLO829_PAO/TF0_25x/TF0_25x.rep4.bam.bai
[W::hts_idx_load3] The index file is older than the data file: /bip7_disk/pingting114/mixed_bam/COLO829_PAO/TF0_25x/TF0_25x.rep4.bam.bai
[W::hts_idx_load3] The index file is older than the data file: /bip7_disk/pingting114/mixed_bam/COLO829_PAO/TF0_25x/TF0_25x.rep4.bam.bai
[W::hts_idx_load3] The index file is older than the data file: /bip7_disk/pingting114/mixed_bam/COLO829_PAO/TF0_25x/TF0_25x.rep4.bam.bai
[E::bam_parse_basemod2] 1000bb8e-edc3-4302-93c6-cb57893d3267: MM tag refers to bases beyond sequence length
[W::hts_idx_load3] The index file is older than the data file: /bip7_disk/pingting114/mixed_bam/COLO829_PAO/TF0_25x/TF0_25x.rep4.bam.bai
[E::bam_parse_basemod2] 7777f34a-c3f5-4a2f-9680-545a41e3ea2b: MM tag refers to bases beyond sequence length
[W::hts_idx_load3] The index file is older than the data file: /bip7_disk/pingting114/mixed_bam/COLO829_PAO/TF0_25x/TF0_25x.rep4.bam.bai
[E::bam_parse_basemod2] b05e5e9e-23aa-4964-b3e9-90c35348466a: MM tag refers to bases beyond sequence length
[W::hts_idx_load3] The index file is older than the data file: /bip7_disk/pingting114/mixed_bam/COLO829_PAO/TF0_25x/TF0_25x.rep4.bam.bai
[W::hts_idx_load3] The index file is older than the data file: /bip7_disk/pingting114/mixed_bam/COLO829_PAO/TF0_25x/TF0_25x.rep4.bam.bai
[E::bam_parse_basemod2] b98b136e-113e-4e00-b21f-553af45a6030: MM tag refers to bases beyond sequence length
[W::hts_idx_load3] The index file is older than the data file: /bip7_disk/pingting114/mixed_bam/COLO829_PAO/TF0_25x/TF0_25x.rep4.bam.bai
[W::bam_next_basemod] MM tag refers to bases beyond sequence length
[W::hts_idx_load3] The index file is older than the data file: /bip7_disk/pingting114/mixed_bam/COLO829_PAO/TF0_25x/TF0_25x.rep4.bam.bai
[W::hts_idx_load3] The index file is older than the data file: /bip7_disk/pingting114/mixed_bam/COLO829_PAO/TF0_25x/TF0_25x.rep4.bam.bai
[W::hts_idx_load3] The index file is older than the data file: /bip7_disk/pingting114/mixed_bam/COLO829_PAO/TF0_25x/TF0_25x.rep4.bam.bai
[W::hts_idx_load3] The index file is older than the data file: /bip7_disk/pingting114/mixed_bam/COLO829_PAO/TF0_25x/TF0_25x.rep4.bam.bai
[E::bam_parse_basemod2] 53bc166e-2a1d-4fb0-afdd-4e929c114bde: MM tag refers to bases beyond sequence length
[W::hts_idx_load3] The index file is older than the data file: /bip7_disk/pingting114/mixed_bam/COLO829_PAO/TF0_25x/TF0_25x.rep4.bam.bai
[W::bam_next_basemod] MM tag refers to bases beyond sequence length
[W::hts_idx_load3] The index file is older than the data file: /bip7_disk/pingting114/mixed_bam/COLO829_PAO/TF0_25x/TF0_25x.rep4.bam.bai
[W::hts_idx_load3] The index file is older than the data file: /bip7_disk/pingting114/mixed_bam/COLO829_PAO/TF0_25x/TF0_25x.rep4.bam.bai
[W::hts_idx_load3] The index file is older than the data file: /bip7_disk/pingting114/mixed_bam/COLO829_PAO/TF0_25x/TF0_25x.rep4.bam.bai
[W::hts_idx_load3] The index file is older than the data file: /bip7_disk/pingting114/mixed_bam/COLO829_PAO/TF0_25x/TF0_25x.rep4.bam.bai
[W::hts_idx_load3] The index file is older than the data file: /bip7_disk/pingting114/mixed_bam/COLO829_PAO/TF0_25x/TF0_25x.rep4.bam.bai
[W::hts_idx_load3] The index file is older than the data file: /bip7_disk/pingting114/mixed_bam/COLO829_PAO/TF0_25x/TF0_25x.rep4.bam.bai
[W::hts_idx_load3] The index file is older than the data file: /bip7_disk/pingting114/mixed_bam/COLO829_PAO/TF0_25x/TF0_25x.rep4.bam.bai
[E::bam_parse_basemod2] cbfcf7f7-9960-417a-bf1c-b0ec785d7447: MM tag refers to bases beyond sequence length
[W::hts_idx_load3] The index file is older than the data file: /bip7_disk/pingting114/mixed_bam/COLO829_PAO/TF0_25x/TF0_25x.rep4.bam.bai
[W::hts_idx_load3] The index file is older than the data file: /bip7_disk/pingting114/mixed_bam/COLO829_PAO/TF0_25x/TF0_25x.rep4.bam.bai
[E::bam_parse_basemod2] 8ae92c12-0238-4571-87df-3626dd78c963: MM tag refers to bases beyond sequence length
[W::hts_idx_load3] The index file is older than the data file: /bip7_disk/pingting114/mixed_bam/COLO829_PAO/TF0_25x/TF0_25x.rep4.bam.bai
[W::hts_idx_load3] The index file is older than the data file: /bip7_disk/pingting114/mixed_bam/COLO829_PAO/TF0_25x/TF0_25x.rep4.bam.bai
[W::hts_idx_load3] The index file is older than the data file: /bip7_disk/pingting114/mixed_bam/COLO829_PAO/TF0_25x/TF0_25x.rep4.bam.bai
[W::hts_idx_load3] The index file is older than the data file: /bip7_disk/pingting114/mixed_bam/COLO829_PAO/TF0_25x/TF0_25x.rep4.bam.bai
[E::bam_parse_basemod2] 20bc9124-a8dc-48f5-8e88-6480675e8f59: MM tag refers to bases beyond sequence length
[W::hts_idx_load3] The index file is older than the data file: /bip7_disk/pingting114/mixed_bam/COLO829_PAO/TF0_25x/TF0_25x.rep4.bam.bai
[W::hts_idx_load3] The index file is older than the data file: /bip7_disk/pingting114/mixed_bam/COLO829_PAO/TF0_25x/TF0_25x.rep4.bam.bai
[W::bam_next_basemod] MM tag refers to bases beyond sequence length
[W::hts_idx_load3] The index file is older than the data file: /bip7_disk/pingting114/mixed_bam/COLO829_PAO/TF0_25x/TF0_25x.rep4.bam.bai
[W::hts_idx_load3] The index file is older than the data file: /bip7_disk/pingting114/mixed_bam/COLO829_PAO/TF0_25x/TF0_25x.rep4.bam.bai
[W::hts_idx_load3] The index file is older than the data file: /bip7_disk/pingting114/mixed_bam/COLO829_PAO/TF0_25x/TF0_25x.rep4.bam.bai
[W::hts_idx_load3] The index file is older than the data file: /bip7_disk/pingting114/mixed_bam/COLO829_PAO/TF0_25x/TF0_25x.rep4.bam.bai
[W::hts_idx_load3] The index file is older than the data file: /bip7_disk/pingting114/mixed_bam/COLO829_PAO/TF0_25x/TF0_25x.rep4.bam.bai
[W::hts_idx_load3] The index file is older than the data file: /bip7_disk/pingting114/mixed_bam/COLO829_PAO/TF0_25x/TF0_25x.rep4.bam.bai
[W::bam_next_basemod] MM tag refers to bases beyond sequence length
[W::hts_idx_load3] The index file is older than the data file: /bip7_disk/pingting114/mixed_bam/COLO829_PAO/TF0_25x/TF0_25x.rep4.bam.bai
[E::bam_parse_basemod2] d010717e-6a52-4699-9de4-dc71367215db: MM tag refers to bases beyond sequence length
[W::hts_idx_load3] The index file is older than the data file: /bip7_disk/pingting114/mixed_bam/COLO829_PAO/TF0_25x/TF0_25x.rep4.bam.bai
[W::hts_idx_load3] The index file is older than the data file: /bip7_disk/pingting114/mixed_bam/COLO829_PAO/TF0_25x/TF0_25x.rep4.bam.bai
[W::hts_idx_load3] The index file is older than the data file: /bip7_disk/pingting114/mixed_bam/COLO829_PAO/TF0_25x/TF0_25x.rep4.bam.bai
[W::hts_idx_load3] The index file is older than the data file: /bip7_disk/pingting114/mixed_bam/COLO829_PAO/TF0_25x/TF0_25x.rep4.bam.bai
[E::bam_parse_basemod2] d598ac80-5d6a-4c2b-b520-8abe6c1df3d9: MM tag refers to bases beyond sequence length
[W::hts_idx_load3] The index file is older than the data file: /bip7_disk/pingting114/mixed_bam/COLO829_PAO/TF0_25x/TF0_25x.rep4.bam.bai
[W::hts_idx_load3] The index file is older than the data file: /bip7_disk/pingting114/mixed_bam/COLO829_PAO/TF0_25x/TF0_25x.rep4.bam.bai
[W::hts_idx_load3] The index file is older than the data file: /bip7_disk/pingting114/mixed_bam/COLO829_PAO/TF0_25x/TF0_25x.rep4.bam.bai
[W::hts_idx_load3] The index file is older than the data file: /bip7_disk/pingting114/mixed_bam/COLO829_PAO/TF0_25x/TF0_25x.rep4.bam.bai
[W::hts_idx_load3] The index file is older than the data file: /bip7_disk/pingting114/mixed_bam/COLO829_PAO/TF0_25x/TF0_25x.rep4.bam.bai
[E::bam_parse_basemod2] 1c04a7cd-4ac7-4482-9d05-5d5078d9fd23: MM tag refers to bases beyond sequence length
[W::hts_idx_load3] The index file is older than the data file: /bip7_disk/pingting114/mixed_bam/COLO829_PAO/TF0_25x/TF0_25x.rep4.bam.bai
[W::hts_idx_load3] The index file is older than the data file: /bip7_disk/pingting114/mixed_bam/COLO829_PAO/TF0_25x/TF0_25x.rep4.bam.bai
[W::bam_next_basemod] MM tag refers to bases beyond sequence length
[W::hts_idx_load3] The index file is older than the data file: /bip7_disk/pingting114/mixed_bam/COLO829_PAO/TF0_25x/TF0_25x.rep4.bam.bai
[W::hts_idx_load3] The index file is older than the data file: /bip7_disk/pingting114/mixed_bam/COLO829_PAO/TF0_25x/TF0_25x.rep4.bam.bai
[W::hts_idx_load3] The index file is older than the data file: /bip7_disk/pingting114/mixed_bam/COLO829_PAO/TF0_25x/TF0_25x.rep4.bam.bai
[E::bam_parse_basemod2] 32164d63-fbdb-40eb-b97b-34cdb59447d4: MM tag refers to bases beyond sequence length
[W::hts_idx_load3] The index file is older than the data file: /bip7_disk/pingting114/mixed_bam/COLO829_PAO/TF0_25x/TF0_25x.rep4.bam.bai
[W::hts_idx_load3] The index file is older than the data file: /bip7_disk/pingting114/mixed_bam/COLO829_PAO/TF0_25x/TF0_25x.rep4.bam.bai
[W::hts_idx_load3] The index file is older than the data file: /bip7_disk/pingting114/mixed_bam/COLO829_PAO/TF0_25x/TF0_25x.rep4.bam.bai
[W::hts_idx_load3] The index file is older than the data file: /bip7_disk/pingting114/mixed_bam/COLO829_PAO/TF0_25x/TF0_25x.rep4.bam.bai
[W::hts_idx_load3] The index file is older than the data file: /bip7_disk/pingting114/mixed_bam/COLO829_PAO/TF0_25x/TF0_25x.rep4.bam.bai
[W::hts_idx_load3] The index file is older than the data file: /bip7_disk/pingting114/mixed_bam/COLO829_PAO/TF0_25x/TF0_25x.rep4.bam.bai
[W::hts_idx_load3] The index file is older than the data file: /bip7_disk/pingting114/mixed_bam/COLO829_PAO/TF0_25x/TF0_25x.rep4.bam.bai
[W::hts_idx_load3] The index file is older than the data file: /bip7_disk/pingting114/mixed_bam/COLO829_PAO/TF0_25x/TF0_25x.rep4.bam.bai
[W::bam_next_basemod] MM tag refers to bases beyond sequence length
[W::hts_idx_load3] The index file is older than the data file: /bip7_disk/pingting114/mixed_bam/COLO829_PAO/TF0_25x/TF0_25x.rep4.bam.bai
[W::hts_idx_load3] The index file is older than the data file: /bip7_disk/pingting114/mixed_bam/COLO829_PAO/TF0_25x/TF0_25x.rep4.bam.bai
[E::bam_parse_basemod2] 6cf29d85-7606-4ad4-b493-3308d1582f1f: MM tag refers to bases beyond sequence length
[W::hts_idx_load3] The index file is older than the data file: /bip7_disk/pingting114/mixed_bam/COLO829_PAO/TF0_25x/TF0_25x.rep4.bam.bai
[W::hts_idx_load3] The index file is older than the data file: /bip7_disk/pingting114/mixed_bam/COLO829_PAO/TF0_25x/TF0_25x.rep4.bam.bai
[W::hts_idx_load3] The index file is older than the data file: /bip7_disk/pingting114/mixed_bam/COLO829_PAO/TF0_25x/TF0_25x.rep4.bam.bai
[W::hts_idx_load3] The index file is older than the data file: /bip7_disk/pingting114/mixed_bam/COLO829_PAO/TF0_25x/TF0_25x.rep4.bam.bai
[W::bam_next_basemod] MM tag refers to bases beyond sequence length
[E::bam_parse_basemod2] fb25b7d4-43d4-42b1-b500-3b03fa248623: MM tag refers to bases beyond sequence length
[W::hts_idx_load3] The index file is older than the data file: /bip7_disk/pingting114/mixed_bam/COLO829_PAO/TF0_25x/TF0_25x.rep4.bam.bai
[E::bam_parse_basemod2] 030f551d-b77e-43df-b9d2-e1995bd803be: MM tag refers to bases beyond sequence length
[W::hts_idx_load3] The index file is older than the data file: /bip7_disk/pingting114/mixed_bam/COLO829_PAO/TF0_25x/TF0_25x.rep4.bam.bai
[W::hts_idx_load3] The index file is older than the data file: /bip7_disk/pingting114/mixed_bam/COLO829_PAO/TF0_25x/TF0_25x.rep4.bam.bai
[E::bam_parse_basemod2] 6a7aba99-35fe-47e3-bc3f-a4826410f1fe: MM tag refers to bases beyond sequence length
[W::bam_next_basemod] MM tag refers to bases beyond sequence length
[W::hts_idx_load3] The index file is older than the data file: /bip7_disk/pingting114/mixed_bam/COLO829_PAO/TF0_25x/TF0_25x.rep4.bam.bai
[W::bam_next_basemod] MM tag refers to bases beyond sequence length
[W::hts_idx_load3] The index file is older than the data file: /bip7_disk/pingting114/mixed_bam/COLO829_PAO/TF0_25x/TF0_25x.rep4.bam.bai
[W::hts_idx_load3] The index file is older than the data file: /bip7_disk/pingting114/mixed_bam/COLO829_PAO/TF0_25x/TF0_25x.rep4.bam.bai
[W::hts_idx_load3] The index file is older than the data file: /bip7_disk/pingting114/mixed_bam/COLO829_PAO/TF0_25x/TF0_25x.rep4.bam.bai
[W::bam_next_basemod] MM tag refers to bases beyond sequence length
[W::hts_idx_load3] The index file is older than the data file: /bip7_disk/pingting114/mixed_bam/COLO829_PAO/TF0_25x/TF0_25x.rep4.bam.bai
[W::hts_idx_load3] The index file is older than the data file: /bip7_disk/pingting114/mixed_bam/COLO829_PAO/TF0_25x/TF0_25x.rep4.bam.bai
[W::hts_idx_load3] The index file is older than the data file: /bip7_disk/pingting114/mixed_bam/COLO829_PAO/TF0_25x/TF0_25x.rep4.bam.bai
[W::hts_idx_load3] The index file is older than the data file: /bip7_disk/pingting114/mixed_bam/COLO829_PAO/TF0_25x/TF0_25x.rep4.bam.bai
[W::hts_idx_load3] The index file is older than the data file: /bip7_disk/pingting114/mixed_bam/COLO829_PAO/TF0_25x/TF0_25x.rep4.bam.bai
[W::hts_idx_load3] The index file is older than the data file: /bip7_disk/pingting114/mixed_bam/COLO829_PAO/TF0_25x/TF0_25x.rep4.bam.bai
[E::bam_parse_basemod2] af4613f8-344c-4f94-bc92-e30522c3d1fd: MM tag refers to bases beyond sequence length
[W::hts_idx_load3] The index file is older than the data file: /bip7_disk/pingting114/mixed_bam/COLO829_PAO/TF0_25x/TF0_25x.rep4.bam.bai
[W::hts_idx_load3] The index file is older than the data file: /bip7_disk/pingting114/mixed_bam/COLO829_PAO/TF0_25x/TF0_25x.rep4.bam.bai
[W::hts_idx_load3] The index file is older than the data file: /bip7_disk/pingting114/mixed_bam/COLO829_PAO/TF0_25x/TF0_25x.rep4.bam.bai
[W::bam_next_basemod] MM tag refers to bases beyond sequence length
[W::bam_next_basemod] MM tag refers to bases beyond sequence length
[W::hts_idx_load3] The index file is older than the data file: /bip7_disk/pingting114/mixed_bam/COLO829_PAO/TF0_25x/TF0_25x.rep4.bam.bai
[W::hts_idx_load3] The index file is older than the data file: /bip7_disk/pingting114/mixed_bam/COLO829_PAO/TF0_25x/TF0_25x.rep4.bam.bai
[E::bam_parse_basemod2] ec5647b8-0be6-4482-96fe-b8cfacd61b71: MM tag refers to bases beyond sequence length
[E::bam_parse_basemod2] 9ee67a03-97a9-4a29-9cd1-ef38ecd59007: MM tag refers to bases beyond sequence length
[E::bam_parse_basemod2] e4c87744-6948-4ad8-bf27-bf433151fc20: MM tag refers to bases beyond sequence length
[W::hts_idx_load3] The index file is older than the data file: /bip7_disk/pingting114/mixed_bam/COLO829_PAO/TF0_25x/TF0_25x.rep4.bam.bai
[E::bam_parse_basemod2] d3a07b38-990f-4028-9d0f-b639c57438cb: MM tag refers to bases beyond sequence length
[E::bam_parse_basemod2] 91ac75aa-2066-4f87-9e86-c95ff861da34: MM tag refers to bases beyond sequence length
[W::bam_next_basemod] MM tag refers to bases beyond sequence length
[E::bam_parse_basemod2] 4f0eb229-bc5c-4871-b1cd-4c4dc07b917d: MM tag refers to bases beyond sequence length
[W::hts_idx_load3] The index file is older than the data file: /bip7_disk/pingting114/mixed_bam/COLO829_PAO/TF0_25x/TF0_25x.rep4.bam.bai
[W::bam_next_basemod] MM tag refers to bases beyond sequence length
[W::hts_idx_load3] The index file is older than the data file: /bip7_disk/pingting114/mixed_bam/COLO829_PAO/TF0_25x/TF0_25x.rep4.bam.bai
[W::hts_idx_load3] The index file is older than the data file: /bip7_disk/pingting114/mixed_bam/COLO829_PAO/TF0_25x/TF0_25x.rep4.bam.bai
[W::hts_idx_load3] The index file is older than the data file: /bip7_disk/pingting114/mixed_bam/COLO829_PAO/TF0_25x/TF0_25x.rep4.bam.bai
[W::hts_idx_load3] The index file is older than the data file: /bip7_disk/pingting114/mixed_bam/COLO829_PAO/TF0_25x/TF0_25x.rep4.bam.bai
[E::bam_parse_basemod2] bff6be2e-3635-4ab0-a8b6-d665ed35bcde: MM tag refers to bases beyond sequence length
[W::bam_next_basemod] MM tag refers to bases beyond sequence length
[W::hts_idx_load3] The index file is older than the data file: /bip7_disk/pingting114/mixed_bam/COLO829_PAO/TF0_25x/TF0_25x.rep4.bam.bai
[E::bam_parse_basemod2] 36d51159-66ca-411c-b2ec-317e1b5bab7e: MM tag refers to bases beyond sequence length
[W::bam_next_basemod] MM tag refers to bases beyond sequence length
[E::bam_parse_basemod2] 4be8a0b1-6766-46e8-b01c-debac039a6c2: MM tag refers to bases beyond sequence length
[W::hts_idx_load3] The index file is older than the data file: /bip7_disk/pingting114/mixed_bam/COLO829_PAO/TF0_25x/TF0_25x.rep4.bam.bai
[W::hts_idx_load3] The index file is older than the data file: /bip7_disk/pingting114/mixed_bam/COLO829_PAO/TF0_25x/TF0_25x.rep4.bam.bai
[E::bam_parse_basemod2] b591a885-5919-45e7-b8d4-eb395bcb0e08: MM tag refers to bases beyond sequence length
[W::hts_idx_load3] The index file is older than the data file: /bip7_disk/pingting114/mixed_bam/COLO829_PAO/TF0_25x/TF0_25x.rep4.bam.bai
[E::bam_parse_basemod2] 81e1e587-5cd3-4955-b532-81e369da8191: MM tag refers to bases beyond sequence length
[W::hts_idx_load3] The index file is older than the data file: /bip7_disk/pingting114/mixed_bam/COLO829_PAO/TF0_25x/TF0_25x.rep4.bam.bai
[W::bam_next_basemod] MM tag refers to bases beyond sequence length
[W::hts_idx_load3] The index file is older than the data file: /bip7_disk/pingting114/mixed_bam/COLO829_PAO/TF0_25x/TF0_25x.rep4.bam.bai
[W::hts_idx_load3] The index file is older than the data file: /bip7_disk/pingting114/mixed_bam/COLO829_PAO/TF0_25x/TF0_25x.rep4.bam.bai
[W::hts_idx_load3] The index file is older than the data file: /bip7_disk/pingting114/mixed_bam/COLO829_PAO/TF0_25x/TF0_25x.rep4.bam.bai
  TF0_25x.rep4.bam cand 2000/4000
[W::hts_idx_load3] The index file is older than the data file: /bip7_disk/pingting114/mixed_bam/COLO829_PAO/TF0_25x/TF0_25x.rep4.bam.bai
[W::hts_idx_load3] The index file is older than the data file: /bip7_disk/pingting114/mixed_bam/COLO829_PAO/TF0_25x/TF0_25x.rep4.bam.bai
[W::hts_idx_load3] The index file is older than the data file: /bip7_disk/pingting114/mixed_bam/COLO829_PAO/TF0_25x/TF0_25x.rep4.bam.bai
[W::hts_idx_load3] The index file is older than the data file: /bip7_disk/pingting114/mixed_bam/COLO829_PAO/TF0_25x/TF0_25x.rep4.bam.bai
[W::bam_next_basemod] MM tag refers to bases beyond sequence length
[W::hts_idx_load3] The index file is older than the data file: /bip7_disk/pingting114/mixed_bam/COLO829_PAO/TF0_25x/TF0_25x.rep4.bam.bai
[W::hts_idx_load3] The index file is older than the data file: /bip7_disk/pingting114/mixed_bam/COLO829_PAO/TF0_25x/TF0_25x.rep4.bam.bai
[W::hts_idx_load3] The index file is older than the data file: /bip7_disk/pingting114/mixed_bam/COLO829_PAO/TF0_25x/TF0_25x.rep4.bam.bai
[E::bam_parse_basemod2] 3e1eeb0f-021f-4f44-b81e-730c0d638f6f: MM tag refers to bases beyond sequence length
[W::hts_idx_load3] The index file is older than the data file: /bip7_disk/pingting114/mixed_bam/COLO829_PAO/TF0_25x/TF0_25x.rep4.bam.bai
[W::hts_idx_load3] The index file is older than the data file: /bip7_disk/pingting114/mixed_bam/COLO829_PAO/TF0_25x/TF0_25x.rep4.bam.bai
[W::hts_idx_load3] The index file is older than the data file: /bip7_disk/pingting114/mixed_bam/COLO829_PAO/TF0_25x/TF0_25x.rep4.bam.bai
[W::hts_idx_load3] The index file is older than the data file: /bip7_disk/pingting114/mixed_bam/COLO829_PAO/TF0_25x/TF0_25x.rep4.bam.bai
[W::bam_next_basemod] MM tag refers to bases beyond sequence length
[W::hts_idx_load3] The index file is older than the data file: /bip7_disk/pingting114/mixed_bam/COLO829_PAO/TF0_25x/TF0_25x.rep4.bam.bai
[W::hts_idx_load3] The index file is older than the data file: /bip7_disk/pingting114/mixed_bam/COLO829_PAO/TF0_25x/TF0_25x.rep4.bam.bai
[W::hts_idx_load3] The index file is older than the data file: /bip7_disk/pingting114/mixed_bam/COLO829_PAO/TF0_25x/TF0_25x.rep4.bam.bai
[W::hts_idx_load3] The index file is older than the data file: /bip7_disk/pingting114/mixed_bam/COLO829_PAO/TF0_25x/TF0_25x.rep4.bam.bai
[W::hts_idx_load3] The index file is older than the data file: /bip7_disk/pingting114/mixed_bam/COLO829_PAO/TF0_25x/TF0_25x.rep4.bam.bai
[W::bam_next_basemod] MM tag refers to bases beyond sequence length
[W::bam_next_basemod] MM tag refers to bases beyond sequence length
[W::hts_idx_load3] The index file is older than the data file: /bip7_disk/pingting114/mixed_bam/COLO829_PAO/TF0_25x/TF0_25x.rep4.bam.bai
[E::bam_parse_basemod2] f9078115-b355-4965-b556-d8c6ea00132a: MM tag refers to bases beyond sequence length
[W::hts_idx_load3] The index file is older than the data file: /bip7_disk/pingting114/mixed_bam/COLO829_PAO/TF0_25x/TF0_25x.rep4.bam.bai
[W::hts_idx_load3] The index file is older than the data file: /bip7_disk/pingting114/mixed_bam/COLO829_PAO/TF0_25x/TF0_25x.rep4.bam.bai
[W::hts_idx_load3] The index file is older than the data file: /bip7_disk/pingting114/mixed_bam/COLO829_PAO/TF0_25x/TF0_25x.rep4.bam.bai
[W::hts_idx_load3] The index file is older than the data file: /bip7_disk/pingting114/mixed_bam/COLO829_PAO/TF0_25x/TF0_25x.rep4.bam.bai
[W::hts_idx_load3] The index file is older than the data file: /bip7_disk/pingting114/mixed_bam/COLO829_PAO/TF0_25x/TF0_25x.rep4.bam.bai
[W::bam_next_basemod] MM tag refers to bases beyond sequence length
[W::hts_idx_load3] The index file is older than the data file: /bip7_disk/pingting114/mixed_bam/COLO829_PAO/TF0_25x/TF0_25x.rep4.bam.bai
[W::hts_idx_load3] The index file is older than the data file: /bip7_disk/pingting114/mixed_bam/COLO829_PAO/TF0_25x/TF0_25x.rep4.bam.bai
[W::hts_idx_load3] The index file is older than the data file: /bip7_disk/pingting114/mixed_bam/COLO829_PAO/TF0_25x/TF0_25x.rep4.bam.bai
[W::hts_idx_load3] The index file is older than the data file: /bip7_disk/pingting114/mixed_bam/COLO829_PAO/TF0_25x/TF0_25x.rep4.bam.bai
[W::hts_idx_load3] The index file is older than the data file: /bip7_disk/pingting114/mixed_bam/COLO829_PAO/TF0_25x/TF0_25x.rep4.bam.bai
[W::hts_idx_load3] The index file is older than the data file: /bip7_disk/pingting114/mixed_bam/COLO829_PAO/TF0_25x/TF0_25x.rep4.bam.bai
[W::hts_idx_load3] The index file is older than the data file: /bip7_disk/pingting114/mixed_bam/COLO829_PAO/TF0_25x/TF0_25x.rep4.bam.bai
[E::bam_parse_basemod2] 5ae4c7c3-f1ac-4201-8d10-36e8303e768d: MM tag refers to bases beyond sequence length
[W::hts_idx_load3] The index file is older than the data file: /bip7_disk/pingting114/mixed_bam/COLO829_PAO/TF0_25x/TF0_25x.rep4.bam.bai
[W::hts_idx_load3] The index file is older than the data file: /bip7_disk/pingting114/mixed_bam/COLO829_PAO/TF0_25x/TF0_25x.rep4.bam.bai
[W::hts_idx_load3] The index file is older than the data file: /bip7_disk/pingting114/mixed_bam/COLO829_PAO/TF0_25x/TF0_25x.rep4.bam.bai
[W::hts_idx_load3] The index file is older than the data file: /bip7_disk/pingting114/mixed_bam/COLO829_PAO/TF0_25x/TF0_25x.rep4.bam.bai
[W::bam_next_basemod] MM tag refers to bases beyond sequence length
[W::bam_next_basemod] MM tag refers to bases beyond sequence length
[W::hts_idx_load3] The index file is older than the data file: /bip7_disk/pingting114/mixed_bam/COLO829_PAO/TF0_25x/TF0_25x.rep4.bam.bai
[W::hts_idx_load3] The index file is older than the data file: /bip7_disk/pingting114/mixed_bam/COLO829_PAO/TF0_25x/TF0_25x.rep4.bam.bai
[W::hts_idx_load3] The index file is older than the data file: /bip7_disk/pingting114/mixed_bam/COLO829_PAO/TF0_25x/TF0_25x.rep4.bam.bai
[W::hts_idx_load3] The index file is older than the data file: /bip7_disk/pingting114/mixed_bam/COLO829_PAO/TF0_25x/TF0_25x.rep4.bam.bai
[W::bam_next_basemod] MM tag refers to bases beyond sequence length
[W::hts_idx_load3] The index file is older than the data file: /bip7_disk/pingting114/mixed_bam/COLO829_PAO/TF0_25x/TF0_25x.rep4.bam.bai
[W::hts_idx_load3] The index file is older than the data file: /bip7_disk/pingting114/mixed_bam/COLO829_PAO/TF0_25x/TF0_25x.rep4.bam.bai
[W::hts_idx_load3] The index file is older than the data file: /bip7_disk/pingting114/mixed_bam/COLO829_PAO/TF0_25x/TF0_25x.rep4.bam.bai
[W::hts_idx_load3] The index file is older than the data file: /bip7_disk/pingting114/mixed_bam/COLO829_PAO/TF0_25x/TF0_25x.rep4.bam.bai
[W::hts_idx_load3] The index file is older than the data file: /bip7_disk/pingting114/mixed_bam/COLO829_PAO/TF0_25x/TF0_25x.rep4.bam.bai
[W::hts_idx_load3] The index file is older than the data file: /bip7_disk/pingting114/mixed_bam/COLO829_PAO/TF0_25x/TF0_25x.rep4.bam.bai
[W::hts_idx_load3] The index file is older than the data file: /bip7_disk/pingting114/mixed_bam/COLO829_PAO/TF0_25x/TF0_25x.rep4.bam.bai
[W::bam_next_basemod] MM tag refers to bases beyond sequence length
[W::hts_idx_load3] The index file is older than the data file: /bip7_disk/pingting114/mixed_bam/COLO829_PAO/TF0_25x/TF0_25x.rep4.bam.bai
[W::hts_idx_load3] The index file is older than the data file: /bip7_disk/pingting114/mixed_bam/COLO829_PAO/TF0_25x/TF0_25x.rep4.bam.bai
[W::hts_idx_load3] The index file is older than the data file: /bip7_disk/pingting114/mixed_bam/COLO829_PAO/TF0_25x/TF0_25x.rep4.bam.bai
[W::hts_idx_load3] The index file is older than the data file: /bip7_disk/pingting114/mixed_bam/COLO829_PAO/TF0_25x/TF0_25x.rep4.bam.bai
[W::hts_idx_load3] The index file is older than the data file: /bip7_disk/pingting114/mixed_bam/COLO829_PAO/TF0_25x/TF0_25x.rep4.bam.bai
[W::hts_idx_load3] The index file is older than the data file: /bip7_disk/pingting114/mixed_bam/COLO829_PAO/TF0_25x/TF0_25x.rep4.bam.bai
[W::bam_next_basemod] MM tag refers to bases beyond sequence length
[W::hts_idx_load3] The index file is older than the data file: /bip7_disk/pingting114/mixed_bam/COLO829_PAO/TF0_25x/TF0_25x.rep4.bam.bai
[W::hts_idx_load3] The index file is older than the data file: /bip7_disk/pingting114/mixed_bam/COLO829_PAO/TF0_25x/TF0_25x.rep4.bam.bai
[W::hts_idx_load3] The index file is older than the data file: /bip7_disk/pingting114/mixed_bam/COLO829_PAO/TF0_25x/TF0_25x.rep4.bam.bai
[W::hts_idx_load3] The index file is older than the data file: /bip7_disk/pingting114/mixed_bam/COLO829_PAO/TF0_25x/TF0_25x.rep4.bam.bai
[W::bam_next_basemod] MM tag refers to bases beyond sequence length
[W::hts_idx_load3] The index file is older than the data file: /bip7_disk/pingting114/mixed_bam/COLO829_PAO/TF0_25x/TF0_25x.rep4.bam.bai
[W::bam_next_basemod] MM tag refers to bases beyond sequence length
[W::hts_idx_load3] The index file is older than the data file: /bip7_disk/pingting114/mixed_bam/COLO829_PAO/TF0_25x/TF0_25x.rep4.bam.bai
[W::hts_idx_load3] The index file is older than the data file: /bip7_disk/pingting114/mixed_bam/COLO829_PAO/TF0_25x/TF0_25x.rep4.bam.bai
[E::bam_parse_basemod2] 2cc7a105-dedb-4515-8158-ccdd1e361118: MM tag refers to bases beyond sequence length
[W::hts_idx_load3] The index file is older than the data file: /bip7_disk/pingting114/mixed_bam/COLO829_PAO/TF0_25x/TF0_25x.rep4.bam.bai
[W::hts_idx_load3] The index file is older than the data file: /bip7_disk/pingting114/mixed_bam/COLO829_PAO/TF0_25x/TF0_25x.rep4.bam.bai
[W::bam_next_basemod] MM tag refers to bases beyond sequence length
[W::hts_idx_load3] The index file is older than the data file: /bip7_disk/pingting114/mixed_bam/COLO829_PAO/TF0_25x/TF0_25x.rep4.bam.bai
[W::hts_idx_load3] The index file is older than the data file: /bip7_disk/pingting114/mixed_bam/COLO829_PAO/TF0_25x/TF0_25x.rep4.bam.bai
[W::bam_next_basemod] MM tag refers to bases beyond sequence length
[W::hts_idx_load3] The index file is older than the data file: /bip7_disk/pingting114/mixed_bam/COLO829_PAO/TF0_25x/TF0_25x.rep4.bam.bai
[W::hts_idx_load3] The index file is older than the data file: /bip7_disk/pingting114/mixed_bam/COLO829_PAO/TF0_25x/TF0_25x.rep4.bam.bai
[W::hts_idx_load3] The index file is older than the data file: /bip7_disk/pingting114/mixed_bam/COLO829_PAO/TF0_25x/TF0_25x.rep4.bam.bai
[W::bam_next_basemod] MM tag refers to bases beyond sequence length
[W::hts_idx_load3] The index file is older than the data file: /bip7_disk/pingting114/mixed_bam/COLO829_PAO/TF0_25x/TF0_25x.rep4.bam.bai
[W::hts_idx_load3] The index file is older than the data file: /bip7_disk/pingting114/mixed_bam/COLO829_PAO/TF0_25x/TF0_25x.rep4.bam.bai
[W::hts_idx_load3] The index file is older than the data file: /bip7_disk/pingting114/mixed_bam/COLO829_PAO/TF0_25x/TF0_25x.rep4.bam.bai
[W::bam_next_basemod] MM tag refers to bases beyond sequence length
[W::bam_next_basemod] MM tag refers to bases beyond sequence length
[W::bam_next_basemod] MM tag refers to bases beyond sequence length
[W::hts_idx_load3] The index file is older than the data file: /bip7_disk/pingting114/mixed_bam/COLO829_PAO/TF0_25x/TF0_25x.rep4.bam.bai
[W::hts_idx_load3] The index file is older than the data file: /bip7_disk/pingting114/mixed_bam/COLO829_PAO/TF0_25x/TF0_25x.rep4.bam.bai
[W::hts_idx_load3] The index file is older than the data file: /bip7_disk/pingting114/mixed_bam/COLO829_PAO/TF0_25x/TF0_25x.rep4.bam.bai
[W::hts_idx_load3] The index file is older than the data file: /bip7_disk/pingting114/mixed_bam/COLO829_PAO/TF0_25x/TF0_25x.rep4.bam.bai
[W::bam_next_basemod] MM tag refers to bases beyond sequence length
[W::hts_idx_load3] The index file is older than the data file: /bip7_disk/pingting114/mixed_bam/COLO829_PAO/TF0_25x/TF0_25x.rep4.bam.bai
[W::hts_idx_load3] The index file is older than the data file: /bip7_disk/pingting114/mixed_bam/COLO829_PAO/TF0_25x/TF0_25x.rep4.bam.bai
[W::hts_idx_load3] The index file is older than the data file: /bip7_disk/pingting114/mixed_bam/COLO829_PAO/TF0_25x/TF0_25x.rep4.bam.bai
[W::hts_idx_load3] The index file is older than the data file: /bip7_disk/pingting114/mixed_bam/COLO829_PAO/TF0_25x/TF0_25x.rep4.bam.bai
[W::hts_idx_load3] The index file is older than the data file: /bip7_disk/pingting114/mixed_bam/COLO829_PAO/TF0_25x/TF0_25x.rep4.bam.bai
[W::hts_idx_load3] The index file is older than the data file: /bip7_disk/pingting114/mixed_bam/COLO829_PAO/TF0_25x/TF0_25x.rep4.bam.bai
[W::hts_idx_load3] The index file is older than the data file: /bip7_disk/pingting114/mixed_bam/COLO829_PAO/TF0_25x/TF0_25x.rep4.bam.bai
[W::bam_next_basemod] MM tag refers to bases beyond sequence length
[W::hts_idx_load3] The index file is older than the data file: /bip7_disk/pingting114/mixed_bam/COLO829_PAO/TF0_25x/TF0_25x.rep4.bam.bai
[W::hts_idx_load3] The index file is older than the data file: /bip7_disk/pingting114/mixed_bam/COLO829_PAO/TF0_25x/TF0_25x.rep4.bam.bai
[W::hts_idx_load3] The index file is older than the data file: /bip7_disk/pingting114/mixed_bam/COLO829_PAO/TF0_25x/TF0_25x.rep4.bam.bai
[W::hts_idx_load3] The index file is older than the data file: /bip7_disk/pingting114/mixed_bam/COLO829_PAO/TF0_25x/TF0_25x.rep4.bam.bai
[W::bam_next_basemod] MM tag refers to bases beyond sequence length
[W::hts_idx_load3] The index file is older than the data file: /bip7_disk/pingting114/mixed_bam/COLO829_PAO/TF0_25x/TF0_25x.rep4.bam.bai
[W::bam_next_basemod] MM tag refers to bases beyond sequence length
[E::bam_parse_basemod2] db0bd311-2c38-4f8a-bdb1-ae8d1c671c33: MM tag refers to bases beyond sequence length
[W::hts_idx_load3] The index file is older than the data file: /bip7_disk/pingting114/mixed_bam/COLO829_PAO/TF0_25x/TF0_25x.rep4.bam.bai
[W::bam_next_basemod] MM tag refers to bases beyond sequence length
[W::hts_idx_load3] The index file is older than the data file: /bip7_disk/pingting114/mixed_bam/COLO829_PAO/TF0_25x/TF0_25x.rep4.bam.bai
[W::bam_next_basemod] MM tag refers to bases beyond sequence length
[W::hts_idx_load3] The index file is older than the data file: /bip7_disk/pingting114/mixed_bam/COLO829_PAO/TF0_25x/TF0_25x.rep4.bam.bai
[W::hts_idx_load3] The index file is older than the data file: /bip7_disk/pingting114/mixed_bam/COLO829_PAO/TF0_25x/TF0_25x.rep4.bam.bai
[W::hts_idx_load3] The index file is older than the data file: /bip7_disk/pingting114/mixed_bam/COLO829_PAO/TF0_25x/TF0_25x.rep4.bam.bai
[W::bam_next_basemod] MM tag refers to bases beyond sequence length
[W::bam_next_basemod] MM tag refers to bases beyond sequence length
[W::hts_idx_load3] The index file is older than the data file: /bip7_disk/pingting114/mixed_bam/COLO829_PAO/TF0_25x/TF0_25x.rep4.bam.bai
[W::hts_idx_load3] The index file is older than the data file: /bip7_disk/pingting114/mixed_bam/COLO829_PAO/TF0_25x/TF0_25x.rep4.bam.bai
[W::hts_idx_load3] The index file is older than the data file: /bip7_disk/pingting114/mixed_bam/COLO829_PAO/TF0_25x/TF0_25x.rep4.bam.bai
[W::hts_idx_load3] The index file is older than the data file: /bip7_disk/pingting114/mixed_bam/COLO829_PAO/TF0_25x/TF0_25x.rep4.bam.bai
[E::bam_parse_basemod2] 8a739347-9af6-4217-9b83-ba2d7f4ec79f: MM tag refers to bases beyond sequence length
[W::hts_idx_load3] The index file is older than the data file: /bip7_disk/pingting114/mixed_bam/COLO829_PAO/TF0_25x/TF0_25x.rep4.bam.bai
[W::hts_idx_load3] The index file is older than the data file: /bip7_disk/pingting114/mixed_bam/COLO829_PAO/TF0_25x/TF0_25x.rep4.bam.bai
[W::hts_idx_load3] The index file is older than the data file: /bip7_disk/pingting114/mixed_bam/COLO829_PAO/TF0_25x/TF0_25x.rep4.bam.bai
[W::hts_idx_load3] The index file is older than the data file: /bip7_disk/pingting114/mixed_bam/COLO829_PAO/TF0_25x/TF0_25x.rep4.bam.bai
[W::hts_idx_load3] The index file is older than the data file: /bip7_disk/pingting114/mixed_bam/COLO829_PAO/TF0_25x/TF0_25x.rep4.bam.bai
[W::bam_next_basemod] MM tag refers to bases beyond sequence length
[W::hts_idx_load3] The index file is older than the data file: /bip7_disk/pingting114/mixed_bam/COLO829_PAO/TF0_25x/TF0_25x.rep4.bam.bai
[W::bam_next_basemod] MM tag refers to bases beyond sequence length
[W::bam_next_basemod] MM tag refers to bases beyond sequence length
[W::hts_idx_load3] The index file is older than the data file: /bip7_disk/pingting114/mixed_bam/COLO829_PAO/TF0_25x/TF0_25x.rep4.bam.bai
[E::bam_parse_basemod2] f2acfde0-86e5-4e31-85d9-a6109d18b109: MM tag refers to bases beyond sequence length
[W::hts_idx_load3] The index file is older than the data file: /bip7_disk/pingting114/mixed_bam/COLO829_PAO/TF0_25x/TF0_25x.rep4.bam.bai
[W::hts_idx_load3] The index file is older than the data file: /bip7_disk/pingting114/mixed_bam/COLO829_PAO/TF0_25x/TF0_25x.rep4.bam.bai
[W::hts_idx_load3] The index file is older than the data file: /bip7_disk/pingting114/mixed_bam/COLO829_PAO/TF0_25x/TF0_25x.rep4.bam.bai
[W::hts_idx_load3] The index file is older than the data file: /bip7_disk/pingting114/mixed_bam/COLO829_PAO/TF0_25x/TF0_25x.rep4.bam.bai
[E::bam_parse_basemod2] e435da26-cee0-4ba5-a3c9-d20b090d40a0: MM tag refers to bases beyond sequence length
[W::hts_idx_load3] The index file is older than the data file: /bip7_disk/pingting114/mixed_bam/COLO829_PAO/TF0_25x/TF0_25x.rep4.bam.bai
[W::hts_idx_load3] The index file is older than the data file: /bip7_disk/pingting114/mixed_bam/COLO829_PAO/TF0_25x/TF0_25x.rep4.bam.bai
[W::bam_next_basemod] MM tag refers to bases beyond sequence length
[W::hts_idx_load3] The index file is older than the data file: /bip7_disk/pingting114/mixed_bam/COLO829_PAO/TF0_25x/TF0_25x.rep4.bam.bai
[W::hts_idx_load3] The index file is older than the data file: /bip7_disk/pingting114/mixed_bam/COLO829_PAO/TF0_25x/TF0_25x.rep4.bam.bai
[W::bam_next_basemod] MM tag refers to bases beyond sequence length
[W::hts_idx_load3] The index file is older than the data file: /bip7_disk/pingting114/mixed_bam/COLO829_PAO/TF0_25x/TF0_25x.rep4.bam.bai
[W::bam_next_basemod] MM tag refers to bases beyond sequence length
[W::hts_idx_load3] The index file is older than the data file: /bip7_disk/pingting114/mixed_bam/COLO829_PAO/TF0_25x/TF0_25x.rep4.bam.bai
[W::hts_idx_load3] The index file is older than the data file: /bip7_disk/pingting114/mixed_bam/COLO829_PAO/TF0_25x/TF0_25x.rep4.bam.bai
[E::bam_parse_basemod2] 01b75000-b1b5-4b3d-970a-3a1383ba34f7: MM tag refers to bases beyond sequence length
[W::hts_idx_load3] The index file is older than the data file: /bip7_disk/pingting114/mixed_bam/COLO829_PAO/TF0_25x/TF0_25x.rep4.bam.bai
[E::bam_parse_basemod2] e85feb79-367a-48dc-9dc6-d8e9eb4d8f5e: MM tag refers to bases beyond sequence length
[W::hts_idx_load3] The index file is older than the data file: /bip7_disk/pingting114/mixed_bam/COLO829_PAO/TF0_25x/TF0_25x.rep4.bam.bai
[W::hts_idx_load3] The index file is older than the data file: /bip7_disk/pingting114/mixed_bam/COLO829_PAO/TF0_25x/TF0_25x.rep4.bam.bai
[W::hts_idx_load3] The index file is older than the data file: /bip7_disk/pingting114/mixed_bam/COLO829_PAO/TF0_25x/TF0_25x.rep4.bam.bai
[W::hts_idx_load3] The index file is older than the data file: /bip7_disk/pingting114/mixed_bam/COLO829_PAO/TF0_25x/TF0_25x.rep4.bam.bai
[W::hts_idx_load3] The index file is older than the data file: /bip7_disk/pingting114/mixed_bam/COLO829_PAO/TF0_25x/TF0_25x.rep4.bam.bai
[W::hts_idx_load3] The index file is older than the data file: /bip7_disk/pingting114/mixed_bam/COLO829_PAO/TF0_25x/TF0_25x.rep4.bam.bai
[W::hts_idx_load3] The index file is older than the data file: /bip7_disk/pingting114/mixed_bam/COLO829_PAO/TF0_25x/TF0_25x.rep4.bam.bai
[W::hts_idx_load3] The index file is older than the data file: /bip7_disk/pingting114/mixed_bam/COLO829_PAO/TF0_25x/TF0_25x.rep4.bam.bai
[W::hts_idx_load3] The index file is older than the data file: /bip7_disk/pingting114/mixed_bam/COLO829_PAO/TF0_25x/TF0_25x.rep4.bam.bai
[W::hts_idx_load3] The index file is older than the data file: /bip7_disk/pingting114/mixed_bam/COLO829_PAO/TF0_25x/TF0_25x.rep4.bam.bai
[W::hts_idx_load3] The index file is older than the data file: /bip7_disk/pingting114/mixed_bam/COLO829_PAO/TF0_25x/TF0_25x.rep4.bam.bai
[E::bam_parse_basemod2] 269daaf7-3b8c-4c67-bebb-46221a914def: MM tag refers to bases beyond sequence length
[E::bam_parse_basemod2] 2e0b7353-0d5b-498f-8614-26c5247eb450: MM tag refers to bases beyond sequence length
[W::hts_idx_load3] The index file is older than the data file: /bip7_disk/pingting114/mixed_bam/COLO829_PAO/TF0_25x/TF0_25x.rep4.bam.bai
[E::bam_parse_basemod2] d965e5ec-9332-4ff0-bd2c-fb7fca39d963: MM tag refers to bases beyond sequence length
[W::hts_idx_load3] The index file is older than the data file: /bip7_disk/pingting114/mixed_bam/COLO829_PAO/TF0_25x/TF0_25x.rep4.bam.bai
[W::hts_idx_load3] The index file is older than the data file: /bip7_disk/pingting114/mixed_bam/COLO829_PAO/TF0_25x/TF0_25x.rep4.bam.bai
[W::bam_next_basemod] MM tag refers to bases beyond sequence length
[W::hts_idx_load3] The index file is older than the data file: /bip7_disk/pingting114/mixed_bam/COLO829_PAO/TF0_25x/TF0_25x.rep4.bam.bai
[W::hts_idx_load3] The index file is older than the data file: /bip7_disk/pingting114/mixed_bam/COLO829_PAO/TF0_25x/TF0_25x.rep4.bam.bai
[W::hts_idx_load3] The index file is older than the data file: /bip7_disk/pingting114/mixed_bam/COLO829_PAO/TF0_25x/TF0_25x.rep4.bam.bai
[W::hts_idx_load3] The index file is older than the data file: /bip7_disk/pingting114/mixed_bam/COLO829_PAO/TF0_25x/TF0_25x.rep4.bam.bai
[W::hts_idx_load3] The index file is older than the data file: /bip7_disk/pingting114/mixed_bam/COLO829_PAO/TF0_25x/TF0_25x.rep4.bam.bai
[W::hts_idx_load3] The index file is older than the data file: /bip7_disk/pingting114/mixed_bam/COLO829_PAO/TF0_25x/TF0_25x.rep4.bam.bai
[W::hts_idx_load3] The index file is older than the data file: /bip7_disk/pingting114/mixed_bam/COLO829_PAO/TF0_25x/TF0_25x.rep4.bam.bai
[W::hts_idx_load3] The index file is older than the data file: /bip7_disk/pingting114/mixed_bam/COLO829_PAO/TF0_25x/TF0_25x.rep4.bam.bai
[W::hts_idx_load3] The index file is older than the data file: /bip7_disk/pingting114/mixed_bam/COLO829_PAO/TF0_25x/TF0_25x.rep4.bam.bai
[W::hts_idx_load3] The index file is older than the data file: /bip7_disk/pingting114/mixed_bam/COLO829_PAO/TF0_25x/TF0_25x.rep4.bam.bai
[W::hts_idx_load3] The index file is older than the data file: /bip7_disk/pingting114/mixed_bam/COLO829_PAO/TF0_25x/TF0_25x.rep4.bam.bai
[W::bam_next_basemod] MM tag refers to bases beyond sequence length
[W::hts_idx_load3] The index file is older than the data file: /bip7_disk/pingting114/mixed_bam/COLO829_PAO/TF0_25x/TF0_25x.rep4.bam.bai
[W::hts_idx_load3] The index file is older than the data file: /bip7_disk/pingting114/mixed_bam/COLO829_PAO/TF0_25x/TF0_25x.rep4.bam.bai
[W::hts_idx_load3] The index file is older than the data file: /bip7_disk/pingting114/mixed_bam/COLO829_PAO/TF0_25x/TF0_25x.rep4.bam.bai
[W::hts_idx_load3] The index file is older than the data file: /bip7_disk/pingting114/mixed_bam/COLO829_PAO/TF0_25x/TF0_25x.rep4.bam.bai
[W::hts_idx_load3] The index file is older than the data file: /bip7_disk/pingting114/mixed_bam/COLO829_PAO/TF0_25x/TF0_25x.rep4.bam.bai
[W::hts_idx_load3] The index file is older than the data file: /bip7_disk/pingting114/mixed_bam/COLO829_PAO/TF0_25x/TF0_25x.rep4.bam.bai
[E::bam_parse_basemod2] 7f57788a-edef-4e48-af3c-f22a51a025c9: MM tag refers to bases beyond sequence length
[W::bam_next_basemod] MM tag refers to bases beyond sequence length
[W::hts_idx_load3] The index file is older than the data file: /bip7_disk/pingting114/mixed_bam/COLO829_PAO/TF0_25x/TF0_25x.rep4.bam.bai
[W::bam_next_basemod] MM tag refers to bases beyond sequence length
[W::hts_idx_load3] The index file is older than the data file: /bip7_disk/pingting114/mixed_bam/COLO829_PAO/TF0_25x/TF0_25x.rep4.bam.bai
[W::hts_idx_load3] The index file is older than the data file: /bip7_disk/pingting114/mixed_bam/COLO829_PAO/TF0_25x/TF0_25x.rep4.bam.bai
[W::hts_idx_load3] The index file is older than the data file: /bip7_disk/pingting114/mixed_bam/COLO829_PAO/TF0_25x/TF0_25x.rep4.bam.bai
[E::bam_parse_basemod2] 93c5175b-88c4-43b5-a5d8-b0357b1c3665: MM tag refers to bases beyond sequence length
[W::hts_idx_load3] The index file is older than the data file: /bip7_disk/pingting114/mixed_bam/COLO829_PAO/TF0_25x/TF0_25x.rep4.bam.bai
[W::hts_idx_load3] The index file is older than the data file: /bip7_disk/pingting114/mixed_bam/COLO829_PAO/TF0_25x/TF0_25x.rep4.bam.bai
[W::hts_idx_load3] The index file is older than the data file: /bip7_disk/pingting114/mixed_bam/COLO829_PAO/TF0_25x/TF0_25x.rep4.bam.bai
[W::hts_idx_load3] The index file is older than the data file: /bip7_disk/pingting114/mixed_bam/COLO829_PAO/TF0_25x/TF0_25x.rep4.bam.bai
[W::hts_idx_load3] The index file is older than the data file: /bip7_disk/pingting114/mixed_bam/COLO829_PAO/TF0_25x/TF0_25x.rep4.bam.bai
[W::hts_idx_load3] The index file is older than the data file: /bip7_disk/pingting114/mixed_bam/COLO829_PAO/TF0_25x/TF0_25x.rep4.bam.bai
[W::hts_idx_load3] The index file is older than the data file: /bip7_disk/pingting114/mixed_bam/COLO829_PAO/TF0_25x/TF0_25x.rep4.bam.bai
[W::hts_idx_load3] The index file is older than the data file: /bip7_disk/pingting114/mixed_bam/COLO829_PAO/TF0_25x/TF0_25x.rep4.bam.bai
[W::hts_idx_load3] The index file is older than the data file: /bip7_disk/pingting114/mixed_bam/COLO829_PAO/TF0_25x/TF0_25x.rep4.bam.bai
[W::hts_idx_load3] The index file is older than the data file: /bip7_disk/pingting114/mixed_bam/COLO829_PAO/TF0_25x/TF0_25x.rep4.bam.bai
[W::hts_idx_load3] The index file is older than the data file: /bip7_disk/pingting114/mixed_bam/COLO829_PAO/TF0_25x/TF0_25x.rep4.bam.bai
[W::hts_idx_load3] The index file is older than the data file: /bip7_disk/pingting114/mixed_bam/COLO829_PAO/TF0_25x/TF0_25x.rep4.bam.bai
[W::hts_idx_load3] The index file is older than the data file: /bip7_disk/pingting114/mixed_bam/COLO829_PAO/TF0_25x/TF0_25x.rep4.bam.bai
[E::bam_parse_basemod2] 186a4407-1cc9-43b8-8b26-00885524389c: MM tag refers to bases beyond sequence length
[W::hts_idx_load3] The index file is older than the data file: /bip7_disk/pingting114/mixed_bam/COLO829_PAO/TF0_25x/TF0_25x.rep4.bam.bai
[W::hts_idx_load3] The index file is older than the data file: /bip7_disk/pingting114/mixed_bam/COLO829_PAO/TF0_25x/TF0_25x.rep4.bam.bai
[E::bam_parse_basemod2] fe80db3b-5521-4c84-b897-6ff97dbfe135: MM tag refers to bases beyond sequence length
[W::bam_next_basemod] MM tag refers to bases beyond sequence length
[W::hts_idx_load3] The index file is older than the data file: /bip7_disk/pingting114/mixed_bam/COLO829_PAO/TF0_25x/TF0_25x.rep4.bam.bai
[W::hts_idx_load3] The index file is older than the data file: /bip7_disk/pingting114/mixed_bam/COLO829_PAO/TF0_25x/TF0_25x.rep4.bam.bai
[W::hts_idx_load3] The index file is older than the data file: /bip7_disk/pingting114/mixed_bam/COLO829_PAO/TF0_25x/TF0_25x.rep4.bam.bai
[W::bam_next_basemod] MM tag refers to bases beyond sequence length
[W::hts_idx_load3] The index file is older than the data file: /bip7_disk/pingting114/mixed_bam/COLO829_PAO/TF0_25x/TF0_25x.rep4.bam.bai
[W::hts_idx_load3] The index file is older than the data file: /bip7_disk/pingting114/mixed_bam/COLO829_PAO/TF0_25x/TF0_25x.rep4.bam.bai
[E::bam_parse_basemod2] f14f43a8-ba73-40a0-90af-256223f0a26f: MM tag refers to bases beyond sequence length
[W::hts_idx_load3] The index file is older than the data file: /bip7_disk/pingting114/mixed_bam/COLO829_PAO/TF0_25x/TF0_25x.rep4.bam.bai
[W::hts_idx_load3] The index file is older than the data file: /bip7_disk/pingting114/mixed_bam/COLO829_PAO/TF0_25x/TF0_25x.rep4.bam.bai
[W::hts_idx_load3] The index file is older than the data file: /bip7_disk/pingting114/mixed_bam/COLO829_PAO/TF0_25x/TF0_25x.rep4.bam.bai
[E::bam_parse_basemod2] c187e46b-872d-4842-a733-1efb9b409b6c: MM tag refers to bases beyond sequence length
[W::hts_idx_load3] The index file is older than the data file: /bip7_disk/pingting114/mixed_bam/COLO829_PAO/TF0_25x/TF0_25x.rep4.bam.bai
[W::hts_idx_load3] The index file is older than the data file: /bip7_disk/pingting114/mixed_bam/COLO829_PAO/TF0_25x/TF0_25x.rep4.bam.bai
[E::bam_parse_basemod2] 3af2e249-1def-4db6-87ac-b0422ffaff6e: MM tag refers to bases beyond sequence length
[W::hts_idx_load3] The index file is older than the data file: /bip7_disk/pingting114/mixed_bam/COLO829_PAO/TF0_25x/TF0_25x.rep4.bam.bai
[W::hts_idx_load3] The index file is older than the data file: /bip7_disk/pingting114/mixed_bam/COLO829_PAO/TF0_25x/TF0_25x.rep4.bam.bai
[W::hts_idx_load3] The index file is older than the data file: /bip7_disk/pingting114/mixed_bam/COLO829_PAO/TF0_25x/TF0_25x.rep4.bam.bai
[W::hts_idx_load3] The index file is older than the data file: /bip7_disk/pingting114/mixed_bam/COLO829_PAO/TF0_25x/TF0_25x.rep4.bam.bai
[E::bam_parse_basemod2] 5c62f679-5495-47a7-a969-36541e84e9df: MM tag refers to bases beyond sequence length
[W::hts_idx_load3] The index file is older than the data file: /bip7_disk/pingting114/mixed_bam/COLO829_PAO/TF0_25x/TF0_25x.rep4.bam.bai
[W::bam_next_basemod] MM tag refers to bases beyond sequence length
[W::bam_next_basemod] MM tag refers to bases beyond sequence length
[E::bam_parse_basemod2] 6b44408d-54d3-4ec9-bcf7-6a839e612205: MM tag refers to bases beyond sequence length
[W::hts_idx_load3] The index file is older than the data file: /bip7_disk/pingting114/mixed_bam/COLO829_PAO/TF0_25x/TF0_25x.rep4.bam.bai
[W::hts_idx_load3] The index file is older than the data file: /bip7_disk/pingting114/mixed_bam/COLO829_PAO/TF0_25x/TF0_25x.rep4.bam.bai
[W::bam_next_basemod] MM tag refers to bases beyond sequence length
[W::hts_idx_load3] The index file is older than the data file: /bip7_disk/pingting114/mixed_bam/COLO829_PAO/TF0_25x/TF0_25x.rep4.bam.bai
[W::hts_idx_load3] The index file is older than the data file: /bip7_disk/pingting114/mixed_bam/COLO829_PAO/TF0_25x/TF0_25x.rep4.bam.bai
[W::hts_idx_load3] The index file is older than the data file: /bip7_disk/pingting114/mixed_bam/COLO829_PAO/TF0_25x/TF0_25x.rep4.bam.bai
[W::bam_next_basemod] MM tag refers to bases beyond sequence length
[W::hts_idx_load3] The index file is older than the data file: /bip7_disk/pingting114/mixed_bam/COLO829_PAO/TF0_25x/TF0_25x.rep4.bam.bai
[W::bam_next_basemod] MM tag refers to bases beyond sequence length
[W::hts_idx_load3] The index file is older than the data file: /bip7_disk/pingting114/mixed_bam/COLO829_PAO/TF0_25x/TF0_25x.rep4.bam.bai
[W::hts_idx_load3] The index file is older than the data file: /bip7_disk/pingting114/mixed_bam/COLO829_PAO/TF0_25x/TF0_25x.rep4.bam.bai
[W::hts_idx_load3] The index file is older than the data file: /bip7_disk/pingting114/mixed_bam/COLO829_PAO/TF0_25x/TF0_25x.rep4.bam.bai
[W::bam_next_basemod] MM tag refers to bases beyond sequence length
[W::bam_next_basemod] MM tag refers to bases beyond sequence length
[W::bam_next_basemod] MM tag refers to bases beyond sequence length
[E::bam_parse_basemod2] c3360532-ca56-4e72-b425-d20de6a07244: MM tag refers to bases beyond sequence length
[W::hts_idx_load3] The index file is older than the data file: /bip7_disk/pingting114/mixed_bam/COLO829_PAO/TF0_25x/TF0_25x.rep4.bam.bai
[W::hts_idx_load3] The index file is older than the data file: /bip7_disk/pingting114/mixed_bam/COLO829_PAO/TF0_25x/TF0_25x.rep4.bam.bai
[W::hts_idx_load3] The index file is older than the data file: /bip7_disk/pingting114/mixed_bam/COLO829_PAO/TF0_25x/TF0_25x.rep4.bam.bai
[W::hts_idx_load3] The index file is older than the data file: /bip7_disk/pingting114/mixed_bam/COLO829_PAO/TF0_25x/TF0_25x.rep4.bam.bai
[W::hts_idx_load3] The index file is older than the data file: /bip7_disk/pingting114/mixed_bam/COLO829_PAO/TF0_25x/TF0_25x.rep4.bam.bai
[W::bam_next_basemod] MM tag refers to bases beyond sequence length
[W::hts_idx_load3] The index file is older than the data file: /bip7_disk/pingting114/mixed_bam/COLO829_PAO/TF0_25x/TF0_25x.rep4.bam.bai
[W::hts_idx_load3] The index file is older than the data file: /bip7_disk/pingting114/mixed_bam/COLO829_PAO/TF0_25x/TF0_25x.rep4.bam.bai
[W::hts_idx_load3] The index file is older than the data file: /bip7_disk/pingting114/mixed_bam/COLO829_PAO/TF0_25x/TF0_25x.rep4.bam.bai
[W::bam_next_basemod] MM tag refers to bases beyond sequence length
[W::bam_next_basemod] MM tag refers to bases beyond sequence length
[W::hts_idx_load3] The index file is older than the data file: /bip7_disk/pingting114/mixed_bam/COLO829_PAO/TF0_25x/TF0_25x.rep4.bam.bai
[W::hts_idx_load3] The index file is older than the data file: /bip7_disk/pingting114/mixed_bam/COLO829_PAO/TF0_25x/TF0_25x.rep4.bam.bai
[E::bam_parse_basemod2] 33fe8a14-65aa-4071-8f0a-9fb7e6b3e7ec: MM tag refers to bases beyond sequence length
[W::hts_idx_load3] The index file is older than the data file: /bip7_disk/pingting114/mixed_bam/COLO829_PAO/TF0_25x/TF0_25x.rep4.bam.bai
[W::hts_idx_load3] The index file is older than the data file: /bip7_disk/pingting114/mixed_bam/COLO829_PAO/TF0_25x/TF0_25x.rep4.bam.bai
[W::hts_idx_load3] The index file is older than the data file: /bip7_disk/pingting114/mixed_bam/COLO829_PAO/TF0_25x/TF0_25x.rep4.bam.bai
[E::bam_parse_basemod2] be03486a-eb7a-48e9-a558-f7a011deb9d5: MM tag refers to bases beyond sequence length
[E::bam_parse_basemod2] fea11396-79a6-4b5a-8104-5a50a32f0e48: MM tag refers to bases beyond sequence length
[W::hts_idx_load3] The index file is older than the data file: /bip7_disk/pingting114/mixed_bam/COLO829_PAO/TF0_25x/TF0_25x.rep4.bam.bai
[W::hts_idx_load3] The index file is older than the data file: /bip7_disk/pingting114/mixed_bam/COLO829_PAO/TF0_25x/TF0_25x.rep4.bam.bai
[W::bam_next_basemod] MM tag refers to bases beyond sequence length
[W::hts_idx_load3] The index file is older than the data file: /bip7_disk/pingting114/mixed_bam/COLO829_PAO/TF0_25x/TF0_25x.rep4.bam.bai
[W::hts_idx_load3] The index file is older than the data file: /bip7_disk/pingting114/mixed_bam/COLO829_PAO/TF0_25x/TF0_25x.rep4.bam.bai
[W::bam_next_basemod] MM tag refers to bases beyond sequence length
[W::hts_idx_load3] The index file is older than the data file: /bip7_disk/pingting114/mixed_bam/COLO829_PAO/TF0_25x/TF0_25x.rep4.bam.bai
[W::hts_idx_load3] The index file is older than the data file: /bip7_disk/pingting114/mixed_bam/COLO829_PAO/TF0_25x/TF0_25x.rep4.bam.bai
[W::bam_next_basemod] MM tag refers to bases beyond sequence length
[W::hts_idx_load3] The index file is older than the data file: /bip7_disk/pingting114/mixed_bam/COLO829_PAO/TF0_25x/TF0_25x.rep4.bam.bai
[W::hts_idx_load3] The index file is older than the data file: /bip7_disk/pingting114/mixed_bam/COLO829_PAO/TF0_25x/TF0_25x.rep4.bam.bai
[W::bam_next_basemod] MM tag refers to bases beyond sequence length
[W::hts_idx_load3] The index file is older than the data file: /bip7_disk/pingting114/mixed_bam/COLO829_PAO/TF0_25x/TF0_25x.rep4.bam.bai
[W::hts_idx_load3] The index file is older than the data file: /bip7_disk/pingting114/mixed_bam/COLO829_PAO/TF0_25x/TF0_25x.rep4.bam.bai
[W::hts_idx_load3] The index file is older than the data file: /bip7_disk/pingting114/mixed_bam/COLO829_PAO/TF0_25x/TF0_25x.rep4.bam.bai
[W::hts_idx_load3] The index file is older than the data file: /bip7_disk/pingting114/mixed_bam/COLO829_PAO/TF0_25x/TF0_25x.rep4.bam.bai
[W::hts_idx_load3] The index file is older than the data file: /bip7_disk/pingting114/mixed_bam/COLO829_PAO/TF0_25x/TF0_25x.rep4.bam.bai
[W::bam_next_basemod] MM tag refers to bases beyond sequence length
[E::bam_parse_basemod2] 1f8034ff-dde0-4e4c-874c-5747988f2596: MM tag refers to bases beyond sequence length
[W::hts_idx_load3] The index file is older than the data file: /bip7_disk/pingting114/mixed_bam/COLO829_PAO/TF0_25x/TF0_25x.rep4.bam.bai
[W::hts_idx_load3] The index file is older than the data file: /bip7_disk/pingting114/mixed_bam/COLO829_PAO/TF0_25x/TF0_25x.rep4.bam.bai
[W::hts_idx_load3] The index file is older than the data file: /bip7_disk/pingting114/mixed_bam/COLO829_PAO/TF0_25x/TF0_25x.rep4.bam.bai
[W::hts_idx_load3] The index file is older than the data file: /bip7_disk/pingting114/mixed_bam/COLO829_PAO/TF0_25x/TF0_25x.rep4.bam.bai
[W::hts_idx_load3] The index file is older than the data file: /bip7_disk/pingting114/mixed_bam/COLO829_PAO/TF0_25x/TF0_25x.rep4.bam.bai
[W::hts_idx_load3] The index file is older than the data file: /bip7_disk/pingting114/mixed_bam/COLO829_PAO/TF0_25x/TF0_25x.rep4.bam.bai
[W::hts_idx_load3] The index file is older than the data file: /bip7_disk/pingting114/mixed_bam/COLO829_PAO/TF0_25x/TF0_25x.rep4.bam.bai
[W::hts_idx_load3] The index file is older than the data file: /bip7_disk/pingting114/mixed_bam/COLO829_PAO/TF0_25x/TF0_25x.rep4.bam.bai
[W::hts_idx_load3] The index file is older than the data file: /bip7_disk/pingting114/mixed_bam/COLO829_PAO/TF0_25x/TF0_25x.rep4.bam.bai
[W::hts_idx_load3] The index file is older than the data file: /bip7_disk/pingting114/mixed_bam/COLO829_PAO/TF0_25x/TF0_25x.rep4.bam.bai
[W::hts_idx_load3] The index file is older than the data file: /bip7_disk/pingting114/mixed_bam/COLO829_PAO/TF0_25x/TF0_25x.rep4.bam.bai
[W::bam_next_basemod] MM tag refers to bases beyond sequence length
[W::hts_idx_load3] The index file is older than the data file: /bip7_disk/pingting114/mixed_bam/COLO829_PAO/TF0_25x/TF0_25x.rep4.bam.bai
[W::hts_idx_load3] The index file is older than the data file: /bip7_disk/pingting114/mixed_bam/COLO829_PAO/TF0_25x/TF0_25x.rep4.bam.bai
[E::bam_parse_basemod2] 01a40927-aa9e-42c6-a564-ac9d12e6cb52: MM tag refers to bases beyond sequence length
[W::hts_idx_load3] The index file is older than the data file: /bip7_disk/pingting114/mixed_bam/COLO829_PAO/TF0_25x/TF0_25x.rep4.bam.bai
[W::hts_idx_load3] The index file is older than the data file: /bip7_disk/pingting114/mixed_bam/COLO829_PAO/TF0_25x/TF0_25x.rep4.bam.bai
[W::bam_next_basemod] MM tag refers to bases beyond sequence length
[W::hts_idx_load3] The index file is older than the data file: /bip7_disk/pingting114/mixed_bam/COLO829_PAO/TF0_25x/TF0_25x.rep4.bam.bai
[W::hts_idx_load3] The index file is older than the data file: /bip7_disk/pingting114/mixed_bam/COLO829_PAO/TF0_25x/TF0_25x.rep4.bam.bai
[W::hts_idx_load3] The index file is older than the data file: /bip7_disk/pingting114/mixed_bam/COLO829_PAO/TF0_25x/TF0_25x.rep4.bam.bai
[W::bam_next_basemod] MM tag refers to bases beyond sequence length
[W::hts_idx_load3] The index file is older than the data file: /bip7_disk/pingting114/mixed_bam/COLO829_PAO/TF0_25x/TF0_25x.rep4.bam.bai
[W::bam_next_basemod] MM tag refers to bases beyond sequence length
[W::hts_idx_load3] The index file is older than the data file: /bip7_disk/pingting114/mixed_bam/COLO829_PAO/TF0_25x/TF0_25x.rep4.bam.bai
[W::hts_idx_load3] The index file is older than the data file: /bip7_disk/pingting114/mixed_bam/COLO829_PAO/TF0_25x/TF0_25x.rep4.bam.bai
[W::bam_next_basemod] MM tag refers to bases beyond sequence length
[W::hts_idx_load3] The index file is older than the data file: /bip7_disk/pingting114/mixed_bam/COLO829_PAO/TF0_25x/TF0_25x.rep4.bam.bai
[W::hts_idx_load3] The index file is older than the data file: /bip7_disk/pingting114/mixed_bam/COLO829_PAO/TF0_25x/TF0_25x.rep4.bam.bai
[E::bam_parse_basemod2] b8016827-9ed9-432e-ac17-25d6274885e9: MM tag refers to bases beyond sequence length
[W::bam_next_basemod] MM tag refers to bases beyond sequence length
[W::hts_idx_load3] The index file is older than the data file: /bip7_disk/pingting114/mixed_bam/COLO829_PAO/TF0_25x/TF0_25x.rep4.bam.bai
[W::bam_next_basemod] MM tag refers to bases beyond sequence length
[W::bam_next_basemod] MM tag refers to bases beyond sequence length
[E::bam_parse_basemod2] f81be32a-8896-4faf-bf4f-745f7c4aa283: MM tag refers to bases beyond sequence length
[W::hts_idx_load3] The index file is older than the data file: /bip7_disk/pingting114/mixed_bam/COLO829_PAO/TF0_25x/TF0_25x.rep4.bam.bai
[W::bam_next_basemod] MM tag refers to bases beyond sequence length
[W::hts_idx_load3] The index file is older than the data file: /bip7_disk/pingting114/mixed_bam/COLO829_PAO/TF0_25x/TF0_25x.rep4.bam.bai
[W::hts_idx_load3] The index file is older than the data file: /bip7_disk/pingting114/mixed_bam/COLO829_PAO/TF0_25x/TF0_25x.rep4.bam.bai
[W::hts_idx_load3] The index file is older than the data file: /bip7_disk/pingting114/mixed_bam/COLO829_PAO/TF0_25x/TF0_25x.rep4.bam.bai
[W::bam_next_basemod] MM tag refers to bases beyond sequence length
[W::hts_idx_load3] The index file is older than the data file: /bip7_disk/pingting114/mixed_bam/COLO829_PAO/TF0_25x/TF0_25x.rep4.bam.bai
[W::hts_idx_load3] The index file is older than the data file: /bip7_disk/pingting114/mixed_bam/COLO829_PAO/TF0_25x/TF0_25x.rep4.bam.bai
[W::hts_idx_load3] The index file is older than the data file: /bip7_disk/pingting114/mixed_bam/COLO829_PAO/TF0_25x/TF0_25x.rep4.bam.bai
[W::hts_idx_load3] The index file is older than the data file: /bip7_disk/pingting114/mixed_bam/COLO829_PAO/TF0_25x/TF0_25x.rep4.bam.bai
[W::hts_idx_load3] The index file is older than the data file: /bip7_disk/pingting114/mixed_bam/COLO829_PAO/TF0_25x/TF0_25x.rep4.bam.bai
[W::hts_idx_load3] The index file is older than the data file: /bip7_disk/pingting114/mixed_bam/COLO829_PAO/TF0_25x/TF0_25x.rep4.bam.bai
[E::bam_parse_basemod2] a869660b-3fdf-4036-a2c3-aa9068240d77: MM tag refers to bases beyond sequence length
[W::hts_idx_load3] The index file is older than the data file: /bip7_disk/pingting114/mixed_bam/COLO829_PAO/TF0_25x/TF0_25x.rep4.bam.bai
[W::hts_idx_load3] The index file is older than the data file: /bip7_disk/pingting114/mixed_bam/COLO829_PAO/TF0_25x/TF0_25x.rep4.bam.bai
[W::bam_next_basemod] MM tag refers to bases beyond sequence length
[W::hts_idx_load3] The index file is older than the data file: /bip7_disk/pingting114/mixed_bam/COLO829_PAO/TF0_25x/TF0_25x.rep4.bam.bai
[W::hts_idx_load3] The index file is older than the data file: /bip7_disk/pingting114/mixed_bam/COLO829_PAO/TF0_25x/TF0_25x.rep4.bam.bai
[W::bam_next_basemod] MM tag refers to bases beyond sequence length
[W::hts_idx_load3] The index file is older than the data file: /bip7_disk/pingting114/mixed_bam/COLO829_PAO/TF0_25x/TF0_25x.rep4.bam.bai
[W::hts_idx_load3] The index file is older than the data file: /bip7_disk/pingting114/mixed_bam/COLO829_PAO/TF0_25x/TF0_25x.rep4.bam.bai
[W::hts_idx_load3] The index file is older than the data file: /bip7_disk/pingting114/mixed_bam/COLO829_PAO/TF0_25x/TF0_25x.rep4.bam.bai
[W::hts_idx_load3] The index file is older than the data file: /bip7_disk/pingting114/mixed_bam/COLO829_PAO/TF0_25x/TF0_25x.rep4.bam.bai
[W::hts_idx_load3] The index file is older than the data file: /bip7_disk/pingting114/mixed_bam/COLO829_PAO/TF0_25x/TF0_25x.rep4.bam.bai
[W::bam_next_basemod] MM tag refers to bases beyond sequence length
[W::hts_idx_load3] The index file is older than the data file: /bip7_disk/pingting114/mixed_bam/COLO829_PAO/TF0_25x/TF0_25x.rep4.bam.bai
[W::hts_idx_load3] The index file is older than the data file: /bip7_disk/pingting114/mixed_bam/COLO829_PAO/TF0_25x/TF0_25x.rep4.bam.bai
[W::hts_idx_load3] The index file is older than the data file: /bip7_disk/pingting114/mixed_bam/COLO829_PAO/TF0_25x/TF0_25x.rep4.bam.bai
[W::hts_idx_load3] The index file is older than the data file: /bip7_disk/pingting114/mixed_bam/COLO829_PAO/TF0_25x/TF0_25x.rep4.bam.bai
[E::bam_parse_basemod2] b0a857a5-6677-4a50-b7f8-d5b6f0c1dafe: MM tag refers to bases beyond sequence length
[W::hts_idx_load3] The index file is older than the data file: /bip7_disk/pingting114/mixed_bam/COLO829_PAO/TF0_25x/TF0_25x.rep4.bam.bai
[W::hts_idx_load3] The index file is older than the data file: /bip7_disk/pingting114/mixed_bam/COLO829_PAO/TF0_25x/TF0_25x.rep4.bam.bai
[W::hts_idx_load3] The index file is older than the data file: /bip7_disk/pingting114/mixed_bam/COLO829_PAO/TF0_25x/TF0_25x.rep4.bam.bai
[W::hts_idx_load3] The index file is older than the data file: /bip7_disk/pingting114/mixed_bam/COLO829_PAO/TF0_25x/TF0_25x.rep4.bam.bai
[E::bam_parse_basemod2] 14c0e0e1-779a-4e03-8e90-e11063adbdc5: MM tag refers to bases beyond sequence length
[W::bam_next_basemod] MM tag refers to bases beyond sequence length
[W::hts_idx_load3] The index file is older than the data file: /bip7_disk/pingting114/mixed_bam/COLO829_PAO/TF0_25x/TF0_25x.rep4.bam.bai
[W::bam_next_basemod] MM tag refers to bases beyond sequence length
[W::hts_idx_load3] The index file is older than the data file: /bip7_disk/pingting114/mixed_bam/COLO829_PAO/TF0_25x/TF0_25x.rep4.bam.bai
[W::hts_idx_load3] The index file is older than the data file: /bip7_disk/pingting114/mixed_bam/COLO829_PAO/TF0_25x/TF0_25x.rep4.bam.bai
[W::hts_idx_load3] The index file is older than the data file: /bip7_disk/pingting114/mixed_bam/COLO829_PAO/TF0_25x/TF0_25x.rep4.bam.bai
[W::hts_idx_load3] The index file is older than the data file: /bip7_disk/pingting114/mixed_bam/COLO829_PAO/TF0_25x/TF0_25x.rep4.bam.bai
[W::hts_idx_load3] The index file is older than the data file: /bip7_disk/pingting114/mixed_bam/COLO829_PAO/TF0_25x/TF0_25x.rep4.bam.bai
[W::hts_idx_load3] The index file is older than the data file: /bip7_disk/pingting114/mixed_bam/COLO829_PAO/TF0_25x/TF0_25x.rep4.bam.bai
[W::hts_idx_load3] The index file is older than the data file: /bip7_disk/pingting114/mixed_bam/COLO829_PAO/TF0_25x/TF0_25x.rep4.bam.bai
[W::hts_idx_load3] The index file is older than the data file: /bip7_disk/pingting114/mixed_bam/COLO829_PAO/TF0_25x/TF0_25x.rep4.bam.bai
[W::hts_idx_load3] The index file is older than the data file: /bip7_disk/pingting114/mixed_bam/COLO829_PAO/TF0_25x/TF0_25x.rep4.bam.bai
[W::hts_idx_load3] The index file is older than the data file: /bip7_disk/pingting114/mixed_bam/COLO829_PAO/TF0_25x/TF0_25x.rep4.bam.bai
[W::hts_idx_load3] The index file is older than the data file: /bip7_disk/pingting114/mixed_bam/COLO829_PAO/TF0_25x/TF0_25x.rep4.bam.bai
[W::hts_idx_load3] The index file is older than the data file: /bip7_disk/pingting114/mixed_bam/COLO829_PAO/TF0_25x/TF0_25x.rep4.bam.bai
[W::hts_idx_load3] The index file is older than the data file: /bip7_disk/pingting114/mixed_bam/COLO829_PAO/TF0_25x/TF0_25x.rep4.bam.bai
[W::hts_idx_load3] The index file is older than the data file: /bip7_disk/pingting114/mixed_bam/COLO829_PAO/TF0_25x/TF0_25x.rep4.bam.bai
[W::bam_next_basemod] MM tag refers to bases beyond sequence length
[W::hts_idx_load3] The index file is older than the data file: /bip7_disk/pingting114/mixed_bam/COLO829_PAO/TF0_25x/TF0_25x.rep4.bam.bai
[W::hts_idx_load3] The index file is older than the data file: /bip7_disk/pingting114/mixed_bam/COLO829_PAO/TF0_25x/TF0_25x.rep4.bam.bai
[W::hts_idx_load3] The index file is older than the data file: /bip7_disk/pingting114/mixed_bam/COLO829_PAO/TF0_25x/TF0_25x.rep4.bam.bai
[W::hts_idx_load3] The index file is older than the data file: /bip7_disk/pingting114/mixed_bam/COLO829_PAO/TF0_25x/TF0_25x.rep4.bam.bai
[W::hts_idx_load3] The index file is older than the data file: /bip7_disk/pingting114/mixed_bam/COLO829_PAO/TF0_25x/TF0_25x.rep4.bam.bai
[W::hts_idx_load3] The index file is older than the data file: /bip7_disk/pingting114/mixed_bam/COLO829_PAO/TF0_25x/TF0_25x.rep4.bam.bai
[W::hts_idx_load3] The index file is older than the data file: /bip7_disk/pingting114/mixed_bam/COLO829_PAO/TF0_25x/TF0_25x.rep4.bam.bai
[W::hts_idx_load3] The index file is older than the data file: /bip7_disk/pingting114/mixed_bam/COLO829_PAO/TF0_25x/TF0_25x.rep4.bam.bai
[E::bam_parse_basemod2] 5a494c2c-73b6-4c2e-9650-dab6f657ee54: MM tag refers to bases beyond sequence length
[W::hts_idx_load3] The index file is older than the data file: /bip7_disk/pingting114/mixed_bam/COLO829_PAO/TF0_25x/TF0_25x.rep4.bam.bai
[W::hts_idx_load3] The index file is older than the data file: /bip7_disk/pingting114/mixed_bam/COLO829_PAO/TF0_25x/TF0_25x.rep4.bam.bai
[W::hts_idx_load3] The index file is older than the data file: /bip7_disk/pingting114/mixed_bam/COLO829_PAO/TF0_25x/TF0_25x.rep4.bam.bai
[W::hts_idx_load3] The index file is older than the data file: /bip7_disk/pingting114/mixed_bam/COLO829_PAO/TF0_25x/TF0_25x.rep4.bam.bai
[W::hts_idx_load3] The index file is older than the data file: /bip7_disk/pingting114/mixed_bam/COLO829_PAO/TF0_25x/TF0_25x.rep4.bam.bai
[W::hts_idx_load3] The index file is older than the data file: /bip7_disk/pingting114/mixed_bam/COLO829_PAO/TF0_25x/TF0_25x.rep4.bam.bai
[W::hts_idx_load3] The index file is older than the data file: /bip7_disk/pingting114/mixed_bam/COLO829_PAO/TF0_25x/TF0_25x.rep4.bam.bai
[W::hts_idx_load3] The index file is older than the data file: /bip7_disk/pingting114/mixed_bam/COLO829_PAO/TF0_25x/TF0_25x.rep4.bam.bai
[W::bam_next_basemod] MM tag refers to bases beyond sequence length
[E::bam_parse_basemod2] c528133e-24e4-467a-973b-fa1a5f92b1cf: MM tag refers to bases beyond sequence length
[E::bam_parse_basemod2] 9c216773-4a39-47a5-a1b6-638afa4b1524: MM tag refers to bases beyond sequence length
[W::hts_idx_load3] The index file is older than the data file: /bip7_disk/pingting114/mixed_bam/COLO829_PAO/TF0_25x/TF0_25x.rep4.bam.bai
[W::hts_idx_load3] The index file is older than the data file: /bip7_disk/pingting114/mixed_bam/COLO829_PAO/TF0_25x/TF0_25x.rep4.bam.bai
[W::hts_idx_load3] The index file is older than the data file: /bip7_disk/pingting114/mixed_bam/COLO829_PAO/TF0_25x/TF0_25x.rep4.bam.bai
[W::bam_next_basemod] MM tag refers to bases beyond sequence length
[W::hts_idx_load3] The index file is older than the data file: /bip7_disk/pingting114/mixed_bam/COLO829_PAO/TF0_25x/TF0_25x.rep4.bam.bai
[E::bam_parse_basemod2] 5da127d9-7116-4801-984d-c3ac3387f145: MM tag refers to bases beyond sequence length
[W::hts_idx_load3] The index file is older than the data file: /bip7_disk/pingting114/mixed_bam/COLO829_PAO/TF0_25x/TF0_25x.rep4.bam.bai
[W::hts_idx_load3] The index file is older than the data file: /bip7_disk/pingting114/mixed_bam/COLO829_PAO/TF0_25x/TF0_25x.rep4.bam.bai
[W::hts_idx_load3] The index file is older than the data file: /bip7_disk/pingting114/mixed_bam/COLO829_PAO/TF0_25x/TF0_25x.rep4.bam.bai
[W::bam_next_basemod] MM tag refers to bases beyond sequence length
[W::hts_idx_load3] The index file is older than the data file: /bip7_disk/pingting114/mixed_bam/COLO829_PAO/TF0_25x/TF0_25x.rep4.bam.bai
[W::hts_idx_load3] The index file is older than the data file: /bip7_disk/pingting114/mixed_bam/COLO829_PAO/TF0_25x/TF0_25x.rep4.bam.bai
[W::bam_next_basemod] MM tag refers to bases beyond sequence length
[W::hts_idx_load3] The index file is older than the data file: /bip7_disk/pingting114/mixed_bam/COLO829_PAO/TF0_25x/TF0_25x.rep4.bam.bai
[W::bam_next_basemod] MM tag refers to bases beyond sequence length
[W::hts_idx_load3] The index file is older than the data file: /bip7_disk/pingting114/mixed_bam/COLO829_PAO/TF0_25x/TF0_25x.rep4.bam.bai
[W::hts_idx_load3] The index file is older than the data file: /bip7_disk/pingting114/mixed_bam/COLO829_PAO/TF0_25x/TF0_25x.rep4.bam.bai
[E::bam_parse_basemod2] c2752e99-0c25-4c16-bb45-c66ee308b138: MM tag refers to bases beyond sequence length
[W::hts_idx_load3] The index file is older than the data file: /bip7_disk/pingting114/mixed_bam/COLO829_PAO/TF0_25x/TF0_25x.rep4.bam.bai
[W::hts_idx_load3] The index file is older than the data file: /bip7_disk/pingting114/mixed_bam/COLO829_PAO/TF0_25x/TF0_25x.rep4.bam.bai
[W::hts_idx_load3] The index file is older than the data file: /bip7_disk/pingting114/mixed_bam/COLO829_PAO/TF0_25x/TF0_25x.rep4.bam.bai
[E::bam_parse_basemod2] 874aae0c-ba56-47cc-ba79-8668e665db3e: MM tag refers to bases beyond sequence length
[W::hts_idx_load3] The index file is older than the data file: /bip7_disk/pingting114/mixed_bam/COLO829_PAO/TF0_25x/TF0_25x.rep4.bam.bai
[W::hts_idx_load3] The index file is older than the data file: /bip7_disk/pingting114/mixed_bam/COLO829_PAO/TF0_25x/TF0_25x.rep4.bam.bai
[W::hts_idx_load3] The index file is older than the data file: /bip7_disk/pingting114/mixed_bam/COLO829_PAO/TF0_25x/TF0_25x.rep4.bam.bai
[W::hts_idx_load3] The index file is older than the data file: /bip7_disk/pingting114/mixed_bam/COLO829_PAO/TF0_25x/TF0_25x.rep4.bam.bai
[E::bam_parse_basemod2] 124723de-c801-4766-980f-73163ef42dd0: MM tag refers to bases beyond sequence length
[W::hts_idx_load3] The index file is older than the data file: /bip7_disk/pingting114/mixed_bam/COLO829_PAO/TF0_25x/TF0_25x.rep4.bam.bai
[W::hts_idx_load3] The index file is older than the data file: /bip7_disk/pingting114/mixed_bam/COLO829_PAO/TF0_25x/TF0_25x.rep4.bam.bai
[W::hts_idx_load3] The index file is older than the data file: /bip7_disk/pingting114/mixed_bam/COLO829_PAO/TF0_25x/TF0_25x.rep4.bam.bai
[W::hts_idx_load3] The index file is older than the data file: /bip7_disk/pingting114/mixed_bam/COLO829_PAO/TF0_25x/TF0_25x.rep4.bam.bai
[W::hts_idx_load3] The index file is older than the data file: /bip7_disk/pingting114/mixed_bam/COLO829_PAO/TF0_25x/TF0_25x.rep4.bam.bai
[W::hts_idx_load3] The index file is older than the data file: /bip7_disk/pingting114/mixed_bam/COLO829_PAO/TF0_25x/TF0_25x.rep4.bam.bai
[W::hts_idx_load3] The index file is older than the data file: /bip7_disk/pingting114/mixed_bam/COLO829_PAO/TF0_25x/TF0_25x.rep4.bam.bai
[W::hts_idx_load3] The index file is older than the data file: /bip7_disk/pingting114/mixed_bam/COLO829_PAO/TF0_25x/TF0_25x.rep4.bam.bai
[W::hts_idx_load3] The index file is older than the data file: /bip7_disk/pingting114/mixed_bam/COLO829_PAO/TF0_25x/TF0_25x.rep4.bam.bai
[W::hts_idx_load3] The index file is older than the data file: /bip7_disk/pingting114/mixed_bam/COLO829_PAO/TF0_25x/TF0_25x.rep4.bam.bai
[W::hts_idx_load3] The index file is older than the data file: /bip7_disk/pingting114/mixed_bam/COLO829_PAO/TF0_25x/TF0_25x.rep4.bam.bai
[W::hts_idx_load3] The index file is older than the data file: /bip7_disk/pingting114/mixed_bam/COLO829_PAO/TF0_25x/TF0_25x.rep4.bam.bai
[W::bam_next_basemod] MM tag refers to bases beyond sequence length
[W::bam_next_basemod] MM tag refers to bases beyond sequence length
[W::hts_idx_load3] The index file is older than the data file: /bip7_disk/pingting114/mixed_bam/COLO829_PAO/TF0_25x/TF0_25x.rep4.bam.bai
[W::bam_next_basemod] MM tag refers to bases beyond sequence length
[W::hts_idx_load3] The index file is older than the data file: /bip7_disk/pingting114/mixed_bam/COLO829_PAO/TF0_25x/TF0_25x.rep4.bam.bai
[W::hts_idx_load3] The index file is older than the data file: /bip7_disk/pingting114/mixed_bam/COLO829_PAO/TF0_25x/TF0_25x.rep4.bam.bai
[W::bam_next_basemod] MM tag refers to bases beyond sequence length
[W::hts_idx_load3] The index file is older than the data file: /bip7_disk/pingting114/mixed_bam/COLO829_PAO/TF0_25x/TF0_25x.rep4.bam.bai
[W::hts_idx_load3] The index file is older than the data file: /bip7_disk/pingting114/mixed_bam/COLO829_PAO/TF0_25x/TF0_25x.rep4.bam.bai
[W::hts_idx_load3] The index file is older than the data file: /bip7_disk/pingting114/mixed_bam/COLO829_PAO/TF0_25x/TF0_25x.rep4.bam.bai
[W::bam_next_basemod] MM tag refers to bases beyond sequence length
[W::hts_idx_load3] The index file is older than the data file: /bip7_disk/pingting114/mixed_bam/COLO829_PAO/TF0_25x/TF0_25x.rep4.bam.bai
[W::bam_next_basemod] MM tag refers to bases beyond sequence length
[W::hts_idx_load3] The index file is older than the data file: /bip7_disk/pingting114/mixed_bam/COLO829_PAO/TF0_25x/TF0_25x.rep4.bam.bai
[W::hts_idx_load3] The index file is older than the data file: /bip7_disk/pingting114/mixed_bam/COLO829_PAO/TF0_25x/TF0_25x.rep4.bam.bai
[E::bam_parse_basemod2] f1dbc4ae-3c6c-4240-8b18-b8bf78ee3f22: MM tag refers to bases beyond sequence length
[E::bam_parse_basemod2] 16594383-6371-4765-9c45-31ead369aa76: MM tag refers to bases beyond sequence length
[W::bam_next_basemod] MM tag refers to bases beyond sequence length
[W::bam_next_basemod] MM tag refers to bases beyond sequence length
[E::bam_parse_basemod2] 5fa23b32-9993-4e0f-92d0-3b9b3bfbe3cd: MM tag refers to bases beyond sequence length
[E::bam_parse_basemod2] ebc0aee9-26c9-48a4-b500-4beb7b058a02: MM tag refers to bases beyond sequence length
[E::bam_parse_basemod2] 18e25511-6af0-47d5-bac7-7e8bee8cc08a: MM tag refers to bases beyond sequence length
[W::hts_idx_load3] The index file is older than the data file: /bip7_disk/pingting114/mixed_bam/COLO829_PAO/TF0_25x/TF0_25x.rep4.bam.bai
[W::hts_idx_load3] The index file is older than the data file: /bip7_disk/pingting114/mixed_bam/COLO829_PAO/TF0_25x/TF0_25x.rep4.bam.bai
[W::hts_idx_load3] The index file is older than the data file: /bip7_disk/pingting114/mixed_bam/COLO829_PAO/TF0_25x/TF0_25x.rep4.bam.bai
[W::hts_idx_load3] The index file is older than the data file: /bip7_disk/pingting114/mixed_bam/COLO829_PAO/TF0_25x/TF0_25x.rep4.bam.bai
[W::hts_idx_load3] The index file is older than the data file: /bip7_disk/pingting114/mixed_bam/COLO829_PAO/TF0_25x/TF0_25x.rep4.bam.bai
[W::hts_idx_load3] The index file is older than the data file: /bip7_disk/pingting114/mixed_bam/COLO829_PAO/TF0_25x/TF0_25x.rep4.bam.bai
[W::hts_idx_load3] The index file is older than the data file: /bip7_disk/pingting114/mixed_bam/COLO829_PAO/TF0_25x/TF0_25x.rep4.bam.bai
[W::hts_idx_load3] The index file is older than the data file: /bip7_disk/pingting114/mixed_bam/COLO829_PAO/TF0_25x/TF0_25x.rep4.bam.bai
[W::hts_idx_load3] The index file is older than the data file: /bip7_disk/pingting114/mixed_bam/COLO829_PAO/TF0_25x/TF0_25x.rep4.bam.bai
[W::hts_idx_load3] The index file is older than the data file: /bip7_disk/pingting114/mixed_bam/COLO829_PAO/TF0_25x/TF0_25x.rep4.bam.bai
[W::hts_idx_load3] The index file is older than the data file: /bip7_disk/pingting114/mixed_bam/COLO829_PAO/TF0_25x/TF0_25x.rep4.bam.bai
[W::hts_idx_load3] The index file is older than the data file: /bip7_disk/pingting114/mixed_bam/COLO829_PAO/TF0_25x/TF0_25x.rep4.bam.bai
[E::bam_parse_basemod2] a2ac098a-2174-4691-a934-ae403e82e0e3: MM tag refers to bases beyond sequence length
[W::hts_idx_load3] The index file is older than the data file: /bip7_disk/pingting114/mixed_bam/COLO829_PAO/TF0_25x/TF0_25x.rep4.bam.bai
[W::hts_idx_load3] The index file is older than the data file: /bip7_disk/pingting114/mixed_bam/COLO829_PAO/TF0_25x/TF0_25x.rep4.bam.bai
[W::hts_idx_load3] The index file is older than the data file: /bip7_disk/pingting114/mixed_bam/COLO829_PAO/TF0_25x/TF0_25x.rep4.bam.bai
[E::bam_parse_basemod2] ea6a0c19-ce49-4cd6-9b59-cad5f18872dd: MM tag refers to bases beyond sequence length
[W::hts_idx_load3] The index file is older than the data file: /bip7_disk/pingting114/mixed_bam/COLO829_PAO/TF0_25x/TF0_25x.rep4.bam.bai
[W::hts_idx_load3] The index file is older than the data file: /bip7_disk/pingting114/mixed_bam/COLO829_PAO/TF0_25x/TF0_25x.rep4.bam.bai
[W::hts_idx_load3] The index file is older than the data file: /bip7_disk/pingting114/mixed_bam/COLO829_PAO/TF0_25x/TF0_25x.rep4.bam.bai
[W::hts_idx_load3] The index file is older than the data file: /bip7_disk/pingting114/mixed_bam/COLO829_PAO/TF0_25x/TF0_25x.rep4.bam.bai
[W::hts_idx_load3] The index file is older than the data file: /bip7_disk/pingting114/mixed_bam/COLO829_PAO/TF0_25x/TF0_25x.rep4.bam.bai
[W::hts_idx_load3] The index file is older than the data file: /bip7_disk/pingting114/mixed_bam/COLO829_PAO/TF0_25x/TF0_25x.rep4.bam.bai
[W::hts_idx_load3] The index file is older than the data file: /bip7_disk/pingting114/mixed_bam/COLO829_PAO/TF0_25x/TF0_25x.rep4.bam.bai
[W::bam_next_basemod] MM tag refers to bases beyond sequence length
[W::hts_idx_load3] The index file is older than the data file: /bip7_disk/pingting114/mixed_bam/COLO829_PAO/TF0_25x/TF0_25x.rep4.bam.bai
[E::bam_parse_basemod2] 0bba6cff-ce8a-46e1-8e8c-6208cb688291: MM tag refers to bases beyond sequence length
[E::bam_parse_basemod2] d16b2549-e740-433d-bfbb-16fa30a8f7e6: MM tag refers to bases beyond sequence length
[W::bam_next_basemod] MM tag refers to bases beyond sequence length
[E::bam_parse_basemod2] 3027e55d-c104-4741-adbd-fa958af4e755: MM tag refers to bases beyond sequence length
[W::bam_next_basemod] MM tag refers to bases beyond sequence length
[W::bam_next_basemod] MM tag refers to bases beyond sequence length
[W::bam_next_basemod] MM tag refers to bases beyond sequence length
[W::bam_next_basemod] MM tag refers to bases beyond sequence length
[W::bam_next_basemod] MM tag refers to bases beyond sequence length
[W::bam_next_basemod] MM tag refers to bases beyond sequence length
[W::hts_idx_load3] The index file is older than the data file: /bip7_disk/pingting114/mixed_bam/COLO829_PAO/TF0_25x/TF0_25x.rep4.bam.bai
[W::bam_next_basemod] MM tag refers to bases beyond sequence length
[W::hts_idx_load3] The index file is older than the data file: /bip7_disk/pingting114/mixed_bam/COLO829_PAO/TF0_25x/TF0_25x.rep4.bam.bai
[W::bam_next_basemod] MM tag refers to bases beyond sequence length
[W::hts_idx_load3] The index file is older than the data file: /bip7_disk/pingting114/mixed_bam/COLO829_PAO/TF0_25x/TF0_25x.rep4.bam.bai
[W::hts_idx_load3] The index file is older than the data file: /bip7_disk/pingting114/mixed_bam/COLO829_PAO/TF0_25x/TF0_25x.rep4.bam.bai
[W::hts_idx_load3] The index file is older than the data file: /bip7_disk/pingting114/mixed_bam/COLO829_PAO/TF0_25x/TF0_25x.rep4.bam.bai
[W::hts_idx_load3] The index file is older than the data file: /bip7_disk/pingting114/mixed_bam/COLO829_PAO/TF0_25x/TF0_25x.rep4.bam.bai
[W::bam_next_basemod] MM tag refers to bases beyond sequence length
[W::hts_idx_load3] The index file is older than the data file: /bip7_disk/pingting114/mixed_bam/COLO829_PAO/TF0_25x/TF0_25x.rep4.bam.bai
[W::hts_idx_load3] The index file is older than the data file: /bip7_disk/pingting114/mixed_bam/COLO829_PAO/TF0_25x/TF0_25x.rep4.bam.bai
[W::hts_idx_load3] The index file is older than the data file: /bip7_disk/pingting114/mixed_bam/COLO829_PAO/TF0_25x/TF0_25x.rep4.bam.bai
[W::bam_next_basemod] MM tag refers to bases beyond sequence length
[W::hts_idx_load3] The index file is older than the data file: /bip7_disk/pingting114/mixed_bam/COLO829_PAO/TF0_25x/TF0_25x.rep4.bam.bai
[W::hts_idx_load3] The index file is older than the data file: /bip7_disk/pingting114/mixed_bam/COLO829_PAO/TF0_25x/TF0_25x.rep4.bam.bai
[W::hts_idx_load3] The index file is older than the data file: /bip7_disk/pingting114/mixed_bam/COLO829_PAO/TF0_25x/TF0_25x.rep4.bam.bai
[W::hts_idx_load3] The index file is older than the data file: /bip7_disk/pingting114/mixed_bam/COLO829_PAO/TF0_25x/TF0_25x.rep4.bam.bai
[W::hts_idx_load3] The index file is older than the data file: /bip7_disk/pingting114/mixed_bam/COLO829_PAO/TF0_25x/TF0_25x.rep4.bam.bai
[W::hts_idx_load3] The index file is older than the data file: /bip7_disk/pingting114/mixed_bam/COLO829_PAO/TF0_25x/TF0_25x.rep4.bam.bai
[W::hts_idx_load3] The index file is older than the data file: /bip7_disk/pingting114/mixed_bam/COLO829_PAO/TF0_25x/TF0_25x.rep4.bam.bai
[W::hts_idx_load3] The index file is older than the data file: /bip7_disk/pingting114/mixed_bam/COLO829_PAO/TF0_25x/TF0_25x.rep4.bam.bai
[W::bam_next_basemod] MM tag refers to bases beyond sequence length
[W::hts_idx_load3] The index file is older than the data file: /bip7_disk/pingting114/mixed_bam/COLO829_PAO/TF0_25x/TF0_25x.rep4.bam.bai
[W::hts_idx_load3] The index file is older than the data file: /bip7_disk/pingting114/mixed_bam/COLO829_PAO/TF0_25x/TF0_25x.rep4.bam.bai
[W::hts_idx_load3] The index file is older than the data file: /bip7_disk/pingting114/mixed_bam/COLO829_PAO/TF0_25x/TF0_25x.rep4.bam.bai
[W::hts_idx_load3] The index file is older than the data file: /bip7_disk/pingting114/mixed_bam/COLO829_PAO/TF0_25x/TF0_25x.rep4.bam.bai
[W::bam_next_basemod] MM tag refers to bases beyond sequence length
[W::hts_idx_load3] The index file is older than the data file: /bip7_disk/pingting114/mixed_bam/COLO829_PAO/TF0_25x/TF0_25x.rep4.bam.bai
[E::bam_parse_basemod2] 9e1fad8c-4af5-472a-88d7-a6add3849e0f: MM tag refers to bases beyond sequence length
[W::hts_idx_load3] The index file is older than the data file: /bip7_disk/pingting114/mixed_bam/COLO829_PAO/TF0_25x/TF0_25x.rep4.bam.bai
[E::bam_parse_basemod2] 1ab248af-652c-4f7b-910e-351a1e282241: MM tag refers to bases beyond sequence length
[W::hts_idx_load3] The index file is older than the data file: /bip7_disk/pingting114/mixed_bam/COLO829_PAO/TF0_25x/TF0_25x.rep4.bam.bai
[W::hts_idx_load3] The index file is older than the data file: /bip7_disk/pingting114/mixed_bam/COLO829_PAO/TF0_25x/TF0_25x.rep4.bam.bai
[E::bam_parse_basemod2] 4e2315b9-3415-49f3-8cd9-d05023077247: MM tag refers to bases beyond sequence length
[W::hts_idx_load3] The index file is older than the data file: /bip7_disk/pingting114/mixed_bam/COLO829_PAO/TF0_25x/TF0_25x.rep4.bam.bai
[W::bam_next_basemod] MM tag refers to bases beyond sequence length
[E::bam_parse_basemod2] e056c040-311f-4d58-957b-cc0255a86d65: MM tag refers to bases beyond sequence length
[W::hts_idx_load3] The index file is older than the data file: /bip7_disk/pingting114/mixed_bam/COLO829_PAO/TF0_25x/TF0_25x.rep4.bam.bai
[W::bam_next_basemod] MM tag refers to bases beyond sequence length
[W::hts_idx_load3] The index file is older than the data file: /bip7_disk/pingting114/mixed_bam/COLO829_PAO/TF0_25x/TF0_25x.rep4.bam.bai
[W::hts_idx_load3] The index file is older than the data file: /bip7_disk/pingting114/mixed_bam/COLO829_PAO/TF0_25x/TF0_25x.rep4.bam.bai
[E::bam_parse_basemod2] 953ad85a-49ff-4a1d-a114-36f522fca24c: MM tag refers to bases beyond sequence length
[W::hts_idx_load3] The index file is older than the data file: /bip7_disk/pingting114/mixed_bam/COLO829_PAO/TF0_25x/TF0_25x.rep4.bam.bai
[W::bam_next_basemod] MM tag refers to bases beyond sequence length
[W::bam_next_basemod] MM tag refers to bases beyond sequence length
[W::hts_idx_load3] The index file is older than the data file: /bip7_disk/pingting114/mixed_bam/COLO829_PAO/TF0_25x/TF0_25x.rep4.bam.bai
[E::bam_parse_basemod2] 80598e39-9daa-466e-84a9-e3f60744a029: MM tag refers to bases beyond sequence length
[W::hts_idx_load3] The index file is older than the data file: /bip7_disk/pingting114/mixed_bam/COLO829_PAO/TF0_25x/TF0_25x.rep4.bam.bai
[E::bam_parse_basemod2] 5c6a31e6-6010-4935-8712-e522599f80d0: MM tag refers to bases beyond sequence length
[W::bam_next_basemod] MM tag refers to bases beyond sequence length
[W::hts_idx_load3] The index file is older than the data file: /bip7_disk/pingting114/mixed_bam/COLO829_PAO/TF0_25x/TF0_25x.rep4.bam.bai
[W::bam_next_basemod] MM tag refers to bases beyond sequence length
[W::bam_next_basemod] MM tag refers to bases beyond sequence length
[W::hts_idx_load3] The index file is older than the data file: /bip7_disk/pingting114/mixed_bam/COLO829_PAO/TF0_25x/TF0_25x.rep4.bam.bai
[W::bam_next_basemod] MM tag refers to bases beyond sequence length
[W::hts_idx_load3] The index file is older than the data file: /bip7_disk/pingting114/mixed_bam/COLO829_PAO/TF0_25x/TF0_25x.rep4.bam.bai
[W::hts_idx_load3] The index file is older than the data file: /bip7_disk/pingting114/mixed_bam/COLO829_PAO/TF0_25x/TF0_25x.rep4.bam.bai
[E::bam_parse_basemod2] 9c5d4cd9-f87e-4822-94da-2999021c9f6f: MM tag refers to bases beyond sequence length
[W::hts_idx_load3] The index file is older than the data file: /bip7_disk/pingting114/mixed_bam/COLO829_PAO/TF0_25x/TF0_25x.rep4.bam.bai
[W::hts_idx_load3] The index file is older than the data file: /bip7_disk/pingting114/mixed_bam/COLO829_PAO/TF0_25x/TF0_25x.rep4.bam.bai
[W::hts_idx_load3] The index file is older than the data file: /bip7_disk/pingting114/mixed_bam/COLO829_PAO/TF0_25x/TF0_25x.rep4.bam.bai
[W::hts_idx_load3] The index file is older than the data file: /bip7_disk/pingting114/mixed_bam/COLO829_PAO/TF0_25x/TF0_25x.rep4.bam.bai
[W::hts_idx_load3] The index file is older than the data file: /bip7_disk/pingting114/mixed_bam/COLO829_PAO/TF0_25x/TF0_25x.rep4.bam.bai
[W::hts_idx_load3] The index file is older than the data file: /bip7_disk/pingting114/mixed_bam/COLO829_PAO/TF0_25x/TF0_25x.rep4.bam.bai
[W::hts_idx_load3] The index file is older than the data file: /bip7_disk/pingting114/mixed_bam/COLO829_PAO/TF0_25x/TF0_25x.rep4.bam.bai
[W::hts_idx_load3] The index file is older than the data file: /bip7_disk/pingting114/mixed_bam/COLO829_PAO/TF0_25x/TF0_25x.rep4.bam.bai
[W::hts_idx_load3] The index file is older than the data file: /bip7_disk/pingting114/mixed_bam/COLO829_PAO/TF0_25x/TF0_25x.rep4.bam.bai
[W::hts_idx_load3] The index file is older than the data file: /bip7_disk/pingting114/mixed_bam/COLO829_PAO/TF0_25x/TF0_25x.rep4.bam.bai
[W::hts_idx_load3] The index file is older than the data file: /bip7_disk/pingting114/mixed_bam/COLO829_PAO/TF0_25x/TF0_25x.rep4.bam.bai
[W::hts_idx_load3] The index file is older than the data file: /bip7_disk/pingting114/mixed_bam/COLO829_PAO/TF0_25x/TF0_25x.rep4.bam.bai
[E::bam_parse_basemod2] 7986ce64-8017-46d3-bc94-98df44226ddd: MM tag refers to bases beyond sequence length
[W::hts_idx_load3] The index file is older than the data file: /bip7_disk/pingting114/mixed_bam/COLO829_PAO/TF0_25x/TF0_25x.rep4.bam.bai
[W::hts_idx_load3] The index file is older than the data file: /bip7_disk/pingting114/mixed_bam/COLO829_PAO/TF0_25x/TF0_25x.rep4.bam.bai
[E::bam_parse_basemod2] b0172d70-b713-45a1-9cfa-9f247efa12d7: MM tag refers to bases beyond sequence length
[W::hts_idx_load3] The index file is older than the data file: /bip7_disk/pingting114/mixed_bam/COLO829_PAO/TF0_25x/TF0_25x.rep4.bam.bai
[W::hts_idx_load3] The index file is older than the data file: /bip7_disk/pingting114/mixed_bam/COLO829_PAO/TF0_25x/TF0_25x.rep4.bam.bai
[W::hts_idx_load3] The index file is older than the data file: /bip7_disk/pingting114/mixed_bam/COLO829_PAO/TF0_25x/TF0_25x.rep4.bam.bai
[W::hts_idx_load3] The index file is older than the data file: /bip7_disk/pingting114/mixed_bam/COLO829_PAO/TF0_25x/TF0_25x.rep4.bam.bai
[E::bam_parse_basemod2] aff7927a-a28c-4fd1-9672-222339ad7114: MM tag refers to bases beyond sequence length
[W::hts_idx_load3] The index file is older than the data file: /bip7_disk/pingting114/mixed_bam/COLO829_PAO/TF0_25x/TF0_25x.rep4.bam.bai
[W::hts_idx_load3] The index file is older than the data file: /bip7_disk/pingting114/mixed_bam/COLO829_PAO/TF0_25x/TF0_25x.rep4.bam.bai
[W::hts_idx_load3] The index file is older than the data file: /bip7_disk/pingting114/mixed_bam/COLO829_PAO/TF0_25x/TF0_25x.rep4.bam.bai
[W::hts_idx_load3] The index file is older than the data file: /bip7_disk/pingting114/mixed_bam/COLO829_PAO/TF0_25x/TF0_25x.rep4.bam.bai
[W::hts_idx_load3] The index file is older than the data file: /bip7_disk/pingting114/mixed_bam/COLO829_PAO/TF0_25x/TF0_25x.rep4.bam.bai
[W::hts_idx_load3] The index file is older than the data file: /bip7_disk/pingting114/mixed_bam/COLO829_PAO/TF0_25x/TF0_25x.rep4.bam.bai
[W::hts_idx_load3] The index file is older than the data file: /bip7_disk/pingting114/mixed_bam/COLO829_PAO/TF0_25x/TF0_25x.rep4.bam.bai
[W::hts_idx_load3] The index file is older than the data file: /bip7_disk/pingting114/mixed_bam/COLO829_PAO/TF0_25x/TF0_25x.rep4.bam.bai
[E::bam_parse_basemod2] 65e26db9-0c16-41a6-9322-9698ebfe4927: MM tag refers to bases beyond sequence length
[W::hts_idx_load3] The index file is older than the data file: /bip7_disk/pingting114/mixed_bam/COLO829_PAO/TF0_25x/TF0_25x.rep4.bam.bai
[W::hts_idx_load3] The index file is older than the data file: /bip7_disk/pingting114/mixed_bam/COLO829_PAO/TF0_25x/TF0_25x.rep4.bam.bai
[E::bam_parse_basemod2] 2c274caa-966c-4a7b-a173-48c672566816: MM tag refers to bases beyond sequence length
[W::hts_idx_load3] The index file is older than the data file: /bip7_disk/pingting114/mixed_bam/COLO829_PAO/TF0_25x/TF0_25x.rep4.bam.bai
[E::bam_parse_basemod2] 15e8950e-9b40-425f-9752-5d96e0d3aa52: MM tag refers to bases beyond sequence length
[W::hts_idx_load3] The index file is older than the data file: /bip7_disk/pingting114/mixed_bam/COLO829_PAO/TF0_25x/TF0_25x.rep4.bam.bai
[W::hts_idx_load3] The index file is older than the data file: /bip7_disk/pingting114/mixed_bam/COLO829_PAO/TF0_25x/TF0_25x.rep4.bam.bai
[W::bam_next_basemod] MM tag refers to bases beyond sequence length
[E::bam_parse_basemod2] 8c558e28-28f2-4f71-879e-ffd476090136: MM tag refers to bases beyond sequence length
[W::hts_idx_load3] The index file is older than the data file: /bip7_disk/pingting114/mixed_bam/COLO829_PAO/TF0_25x/TF0_25x.rep4.bam.bai
[W::hts_idx_load3] The index file is older than the data file: /bip7_disk/pingting114/mixed_bam/COLO829_PAO/TF0_25x/TF0_25x.rep4.bam.bai
[W::hts_idx_load3] The index file is older than the data file: /bip7_disk/pingting114/mixed_bam/COLO829_PAO/TF0_25x/TF0_25x.rep4.bam.bai
[W::hts_idx_load3] The index file is older than the data file: /bip7_disk/pingting114/mixed_bam/COLO829_PAO/TF0_25x/TF0_25x.rep4.bam.bai
[W::hts_idx_load3] The index file is older than the data file: /bip7_disk/pingting114/mixed_bam/COLO829_PAO/TF0_25x/TF0_25x.rep4.bam.bai
[W::hts_idx_load3] The index file is older than the data file: /bip7_disk/pingting114/mixed_bam/COLO829_PAO/TF0_25x/TF0_25x.rep4.bam.bai
[W::hts_idx_load3] The index file is older than the data file: /bip7_disk/pingting114/mixed_bam/COLO829_PAO/TF0_25x/TF0_25x.rep4.bam.bai
[W::bam_next_basemod] MM tag refers to bases beyond sequence length
[W::hts_idx_load3] The index file is older than the data file: /bip7_disk/pingting114/mixed_bam/COLO829_PAO/TF0_25x/TF0_25x.rep4.bam.bai
[W::hts_idx_load3] The index file is older than the data file: /bip7_disk/pingting114/mixed_bam/COLO829_PAO/TF0_25x/TF0_25x.rep4.bam.bai
[W::hts_idx_load3] The index file is older than the data file: /bip7_disk/pingting114/mixed_bam/COLO829_PAO/TF0_25x/TF0_25x.rep4.bam.bai
[W::hts_idx_load3] The index file is older than the data file: /bip7_disk/pingting114/mixed_bam/COLO829_PAO/TF0_25x/TF0_25x.rep4.bam.bai
[W::hts_idx_load3] The index file is older than the data file: /bip7_disk/pingting114/mixed_bam/COLO829_PAO/TF0_25x/TF0_25x.rep4.bam.bai
[W::bam_next_basemod] MM tag refers to bases beyond sequence length
[W::hts_idx_load3] The index file is older than the data file: /bip7_disk/pingting114/mixed_bam/COLO829_PAO/TF0_25x/TF0_25x.rep4.bam.bai
[W::hts_idx_load3] The index file is older than the data file: /bip7_disk/pingting114/mixed_bam/COLO829_PAO/TF0_25x/TF0_25x.rep4.bam.bai
[W::hts_idx_load3] The index file is older than the data file: /bip7_disk/pingting114/mixed_bam/COLO829_PAO/TF0_25x/TF0_25x.rep4.bam.bai
[W::hts_idx_load3] The index file is older than the data file: /bip7_disk/pingting114/mixed_bam/COLO829_PAO/TF0_25x/TF0_25x.rep4.bam.bai
[W::hts_idx_load3] The index file is older than the data file: /bip7_disk/pingting114/mixed_bam/COLO829_PAO/TF0_25x/TF0_25x.rep4.bam.bai
[E::bam_parse_basemod2] d0589774-99c5-4910-9144-fe70d348f14d: MM tag refers to bases beyond sequence length
[W::hts_idx_load3] The index file is older than the data file: /bip7_disk/pingting114/mixed_bam/COLO829_PAO/TF0_25x/TF0_25x.rep4.bam.bai
[W::hts_idx_load3] The index file is older than the data file: /bip7_disk/pingting114/mixed_bam/COLO829_PAO/TF0_25x/TF0_25x.rep4.bam.bai
[W::hts_idx_load3] The index file is older than the data file: /bip7_disk/pingting114/mixed_bam/COLO829_PAO/TF0_25x/TF0_25x.rep4.bam.bai
[W::hts_idx_load3] The index file is older than the data file: /bip7_disk/pingting114/mixed_bam/COLO829_PAO/TF0_25x/TF0_25x.rep4.bam.bai
[W::bam_next_basemod] MM tag refers to bases beyond sequence length
[W::hts_idx_load3] The index file is older than the data file: /bip7_disk/pingting114/mixed_bam/COLO829_PAO/TF0_25x/TF0_25x.rep4.bam.bai
[W::hts_idx_load3] The index file is older than the data file: /bip7_disk/pingting114/mixed_bam/COLO829_PAO/TF0_25x/TF0_25x.rep4.bam.bai
[W::hts_idx_load3] The index file is older than the data file: /bip7_disk/pingting114/mixed_bam/COLO829_PAO/TF0_25x/TF0_25x.rep4.bam.bai
[W::hts_idx_load3] The index file is older than the data file: /bip7_disk/pingting114/mixed_bam/COLO829_PAO/TF0_25x/TF0_25x.rep4.bam.bai
[W::hts_idx_load3] The index file is older than the data file: /bip7_disk/pingting114/mixed_bam/COLO829_PAO/TF0_25x/TF0_25x.rep4.bam.bai
[W::bam_next_basemod] MM tag refers to bases beyond sequence length
[W::bam_next_basemod] MM tag refers to bases beyond sequence length
[W::hts_idx_load3] The index file is older than the data file: /bip7_disk/pingting114/mixed_bam/COLO829_PAO/TF0_25x/TF0_25x.rep4.bam.bai
[E::bam_parse_basemod2] 8c927e55-2f7e-424d-9679-08c5732bbdf8: MM tag refers to bases beyond sequence length
[W::hts_idx_load3] The index file is older than the data file: /bip7_disk/pingting114/mixed_bam/COLO829_PAO/TF0_25x/TF0_25x.rep4.bam.bai
[W::bam_next_basemod] MM tag refers to bases beyond sequence length
[W::bam_next_basemod] MM tag refers to bases beyond sequence length
[E::bam_parse_basemod2] bc126ebd-cc1b-4080-867e-f19013843dd7: MM tag refers to bases beyond sequence length
[W::bam_next_basemod] MM tag refers to bases beyond sequence length
[E::bam_parse_basemod2] b0e82921-f222-485c-bc74-1bee8fa75410: MM tag refers to bases beyond sequence length
[W::hts_idx_load3] The index file is older than the data file: /bip7_disk/pingting114/mixed_bam/COLO829_PAO/TF0_25x/TF0_25x.rep4.bam.bai
[W::hts_idx_load3] The index file is older than the data file: /bip7_disk/pingting114/mixed_bam/COLO829_PAO/TF0_25x/TF0_25x.rep4.bam.bai
[W::hts_idx_load3] The index file is older than the data file: /bip7_disk/pingting114/mixed_bam/COLO829_PAO/TF0_25x/TF0_25x.rep4.bam.bai
[W::hts_idx_load3] The index file is older than the data file: /bip7_disk/pingting114/mixed_bam/COLO829_PAO/TF0_25x/TF0_25x.rep4.bam.bai
[W::hts_idx_load3] The index file is older than the data file: /bip7_disk/pingting114/mixed_bam/COLO829_PAO/TF0_25x/TF0_25x.rep4.bam.bai
[W::hts_idx_load3] The index file is older than the data file: /bip7_disk/pingting114/mixed_bam/COLO829_PAO/TF0_25x/TF0_25x.rep4.bam.bai
[W::bam_next_basemod] MM tag refers to bases beyond sequence length
[W::hts_idx_load3] The index file is older than the data file: /bip7_disk/pingting114/mixed_bam/COLO829_PAO/TF0_25x/TF0_25x.rep4.bam.bai
[W::hts_idx_load3] The index file is older than the data file: /bip7_disk/pingting114/mixed_bam/COLO829_PAO/TF0_25x/TF0_25x.rep4.bam.bai
[W::hts_idx_load3] The index file is older than the data file: /bip7_disk/pingting114/mixed_bam/COLO829_PAO/TF0_25x/TF0_25x.rep4.bam.bai
[W::hts_idx_load3] The index file is older than the data file: /bip7_disk/pingting114/mixed_bam/COLO829_PAO/TF0_25x/TF0_25x.rep4.bam.bai
[W::hts_idx_load3] The index file is older than the data file: /bip7_disk/pingting114/mixed_bam/COLO829_PAO/TF0_25x/TF0_25x.rep4.bam.bai
[W::hts_idx_load3] The index file is older than the data file: /bip7_disk/pingting114/mixed_bam/COLO829_PAO/TF0_25x/TF0_25x.rep4.bam.bai
[W::hts_idx_load3] The index file is older than the data file: /bip7_disk/pingting114/mixed_bam/COLO829_PAO/TF0_25x/TF0_25x.rep4.bam.bai
[E::bam_parse_basemod2] 6e56b1b5-f83c-4f89-a73f-b724bafd0815: MM tag refers to bases beyond sequence length
[W::bam_next_basemod] MM tag refers to bases beyond sequence length
[W::hts_idx_load3] The index file is older than the data file: /bip7_disk/pingting114/mixed_bam/COLO829_PAO/TF0_25x/TF0_25x.rep4.bam.bai
[W::bam_next_basemod] MM tag refers to bases beyond sequence length
[W::hts_idx_load3] The index file is older than the data file: /bip7_disk/pingting114/mixed_bam/COLO829_PAO/TF0_25x/TF0_25x.rep4.bam.bai
[W::hts_idx_load3] The index file is older than the data file: /bip7_disk/pingting114/mixed_bam/COLO829_PAO/TF0_25x/TF0_25x.rep4.bam.bai
[W::hts_idx_load3] The index file is older than the data file: /bip7_disk/pingting114/mixed_bam/COLO829_PAO/TF0_25x/TF0_25x.rep4.bam.bai
[W::hts_idx_load3] The index file is older than the data file: /bip7_disk/pingting114/mixed_bam/COLO829_PAO/TF0_25x/TF0_25x.rep4.bam.bai
[W::hts_idx_load3] The index file is older than the data file: /bip7_disk/pingting114/mixed_bam/COLO829_PAO/TF0_25x/TF0_25x.rep4.bam.bai
[E::bam_parse_basemod2] 72b244b3-056c-46cb-a12b-9f638aadbb73: MM tag refers to bases beyond sequence length
[W::hts_idx_load3] The index file is older than the data file: /bip7_disk/pingting114/mixed_bam/COLO829_PAO/TF0_25x/TF0_25x.rep4.bam.bai
[E::bam_parse_basemod2] 00a3ddca-96d0-40e1-8b33-fb303d82e26d: MM tag refers to bases beyond sequence length
[W::hts_idx_load3] The index file is older than the data file: /bip7_disk/pingting114/mixed_bam/COLO829_PAO/TF0_25x/TF0_25x.rep4.bam.bai
[E::bam_parse_basemod2] 473da472-816c-4ddf-afe7-12ba51296218: MM tag refers to bases beyond sequence length
[W::hts_idx_load3] The index file is older than the data file: /bip7_disk/pingting114/mixed_bam/COLO829_PAO/TF0_25x/TF0_25x.rep4.bam.bai
[W::hts_idx_load3] The index file is older than the data file: /bip7_disk/pingting114/mixed_bam/COLO829_PAO/TF0_25x/TF0_25x.rep4.bam.bai
[W::hts_idx_load3] The index file is older than the data file: /bip7_disk/pingting114/mixed_bam/COLO829_PAO/TF0_25x/TF0_25x.rep4.bam.bai
[W::bam_next_basemod] MM tag refers to bases beyond sequence length
[W::hts_idx_load3] The index file is older than the data file: /bip7_disk/pingting114/mixed_bam/COLO829_PAO/TF0_25x/TF0_25x.rep4.bam.bai
[W::hts_idx_load3] The index file is older than the data file: /bip7_disk/pingting114/mixed_bam/COLO829_PAO/TF0_25x/TF0_25x.rep4.bam.bai
[W::hts_idx_load3] The index file is older than the data file: /bip7_disk/pingting114/mixed_bam/COLO829_PAO/TF0_25x/TF0_25x.rep4.bam.bai
[W::hts_idx_load3] The index file is older than the data file: /bip7_disk/pingting114/mixed_bam/COLO829_PAO/TF0_25x/TF0_25x.rep4.bam.bai
[W::hts_idx_load3] The index file is older than the data file: /bip7_disk/pingting114/mixed_bam/COLO829_PAO/TF0_25x/TF0_25x.rep4.bam.bai
[W::hts_idx_load3] The index file is older than the data file: /bip7_disk/pingting114/mixed_bam/COLO829_PAO/TF0_25x/TF0_25x.rep4.bam.bai
[W::hts_idx_load3] The index file is older than the data file: /bip7_disk/pingting114/mixed_bam/COLO829_PAO/TF0_25x/TF0_25x.rep4.bam.bai
[W::hts_idx_load3] The index file is older than the data file: /bip7_disk/pingting114/mixed_bam/COLO829_PAO/TF0_25x/TF0_25x.rep4.bam.bai
[W::hts_idx_load3] The index file is older than the data file: /bip7_disk/pingting114/mixed_bam/COLO829_PAO/TF0_25x/TF0_25x.rep4.bam.bai
[W::hts_idx_load3] The index file is older than the data file: /bip7_disk/pingting114/mixed_bam/COLO829_PAO/TF0_25x/TF0_25x.rep4.bam.bai
[W::hts_idx_load3] The index file is older than the data file: /bip7_disk/pingting114/mixed_bam/COLO829_PAO/TF0_25x/TF0_25x.rep4.bam.bai
[W::hts_idx_load3] The index file is older than the data file: /bip7_disk/pingting114/mixed_bam/COLO829_PAO/TF0_25x/TF0_25x.rep4.bam.bai
[W::hts_idx_load3] The index file is older than the data file: /bip7_disk/pingting114/mixed_bam/COLO829_PAO/TF0_25x/TF0_25x.rep4.bam.bai
[W::bam_next_basemod] MM tag refers to bases beyond sequence length
[E::bam_parse_basemod2] 0eed609e-0232-4438-a177-636bb9a40ba6: MM tag refers to bases beyond sequence length
[W::hts_idx_load3] The index file is older than the data file: /bip7_disk/pingting114/mixed_bam/COLO829_PAO/TF0_25x/TF0_25x.rep4.bam.bai
[W::hts_idx_load3] The index file is older than the data file: /bip7_disk/pingting114/mixed_bam/COLO829_PAO/TF0_25x/TF0_25x.rep4.bam.bai
[W::hts_idx_load3] The index file is older than the data file: /bip7_disk/pingting114/mixed_bam/COLO829_PAO/TF0_25x/TF0_25x.rep4.bam.bai
[W::bam_next_basemod] MM tag refers to bases beyond sequence length
[W::bam_next_basemod] MM tag refers to bases beyond sequence length
[E::bam_parse_basemod2] e80f4080-c168-471b-bf5d-c19f9025b864: MM tag refers to bases beyond sequence length
[E::bam_parse_basemod2] c3fddab9-ad87-42c8-8f8e-696720b01278: MM tag refers to bases beyond sequence length
[W::bam_next_basemod] MM tag refers to bases beyond sequence length
[E::bam_parse_basemod2] b416c016-5830-496d-b6ff-2a6e229d4e36: MM tag refers to bases beyond sequence length
[E::bam_parse_basemod2] c747078c-e42e-4a76-9ce0-615c573a9df1: MM tag refers to bases beyond sequence length
[E::bam_parse_basemod2] f1b80cc0-73a7-48f0-9a9f-bd48457d69b3: MM tag refers to bases beyond sequence length
[E::bam_parse_basemod2] fdecea7b-a405-4bab-9362-0be8e1ce8f6f: MM tag refers to bases beyond sequence length
[W::hts_idx_load3] The index file is older than the data file: /bip7_disk/pingting114/mixed_bam/COLO829_PAO/TF0_25x/TF0_25x.rep4.bam.bai
[W::hts_idx_load3] The index file is older than the data file: /bip7_disk/pingting114/mixed_bam/COLO829_PAO/TF0_25x/TF0_25x.rep4.bam.bai
[W::hts_idx_load3] The index file is older than the data file: /bip7_disk/pingting114/mixed_bam/COLO829_PAO/TF0_25x/TF0_25x.rep4.bam.bai
[W::hts_idx_load3] The index file is older than the data file: /bip7_disk/pingting114/mixed_bam/COLO829_PAO/TF0_25x/TF0_25x.rep4.bam.bai
[W::hts_idx_load3] The index file is older than the data file: /bip7_disk/pingting114/mixed_bam/COLO829_PAO/TF0_25x/TF0_25x.rep4.bam.bai
[W::hts_idx_load3] The index file is older than the data file: /bip7_disk/pingting114/mixed_bam/COLO829_PAO/TF0_25x/TF0_25x.rep4.bam.bai
[W::hts_idx_load3] The index file is older than the data file: /bip7_disk/pingting114/mixed_bam/COLO829_PAO/TF0_25x/TF0_25x.rep4.bam.bai
[W::hts_idx_load3] The index file is older than the data file: /bip7_disk/pingting114/mixed_bam/COLO829_PAO/TF0_25x/TF0_25x.rep4.bam.bai
[W::bam_next_basemod] MM tag refers to bases beyond sequence length
[W::hts_idx_load3] The index file is older than the data file: /bip7_disk/pingting114/mixed_bam/COLO829_PAO/TF0_25x/TF0_25x.rep4.bam.bai
  TF0_25x.rep4.bam cand 2500/4000
[W::hts_idx_load3] The index file is older than the data file: /bip7_disk/pingting114/mixed_bam/COLO829_PAO/TF0_25x/TF0_25x.rep4.bam.bai
[W::hts_idx_load3] The index file is older than the data file: /bip7_disk/pingting114/mixed_bam/COLO829_PAO/TF0_25x/TF0_25x.rep4.bam.bai
[W::bam_next_basemod] MM tag refers to bases beyond sequence length
[W::hts_idx_load3] The index file is older than the data file: /bip7_disk/pingting114/mixed_bam/COLO829_PAO/TF0_25x/TF0_25x.rep4.bam.bai
[E::bam_parse_basemod2] 8267193b-7359-4f38-93e4-fe3f5914b52e: MM tag refers to bases beyond sequence length
[W::hts_idx_load3] The index file is older than the data file: /bip7_disk/pingting114/mixed_bam/COLO829_PAO/TF0_25x/TF0_25x.rep4.bam.bai
[W::hts_idx_load3] The index file is older than the data file: /bip7_disk/pingting114/mixed_bam/COLO829_PAO/TF0_25x/TF0_25x.rep4.bam.bai
[W::hts_idx_load3] The index file is older than the data file: /bip7_disk/pingting114/mixed_bam/COLO829_PAO/TF0_25x/TF0_25x.rep4.bam.bai
[W::hts_idx_load3] The index file is older than the data file: /bip7_disk/pingting114/mixed_bam/COLO829_PAO/TF0_25x/TF0_25x.rep4.bam.bai
[W::hts_idx_load3] The index file is older than the data file: /bip7_disk/pingting114/mixed_bam/COLO829_PAO/TF0_25x/TF0_25x.rep4.bam.bai
[W::hts_idx_load3] The index file is older than the data file: /bip7_disk/pingting114/mixed_bam/COLO829_PAO/TF0_25x/TF0_25x.rep4.bam.bai
[W::hts_idx_load3] The index file is older than the data file: /bip7_disk/pingting114/mixed_bam/COLO829_PAO/TF0_25x/TF0_25x.rep4.bam.bai
[W::hts_idx_load3] The index file is older than the data file: /bip7_disk/pingting114/mixed_bam/COLO829_PAO/TF0_25x/TF0_25x.rep4.bam.bai
[W::hts_idx_load3] The index file is older than the data file: /bip7_disk/pingting114/mixed_bam/COLO829_PAO/TF0_25x/TF0_25x.rep4.bam.bai
[W::hts_idx_load3] The index file is older than the data file: /bip7_disk/pingting114/mixed_bam/COLO829_PAO/TF0_25x/TF0_25x.rep4.bam.bai
[W::hts_idx_load3] The index file is older than the data file: /bip7_disk/pingting114/mixed_bam/COLO829_PAO/TF0_25x/TF0_25x.rep4.bam.bai
[W::bam_next_basemod] MM tag refers to bases beyond sequence length
[W::hts_idx_load3] The index file is older than the data file: /bip7_disk/pingting114/mixed_bam/COLO829_PAO/TF0_25x/TF0_25x.rep4.bam.bai
[W::hts_idx_load3] The index file is older than the data file: /bip7_disk/pingting114/mixed_bam/COLO829_PAO/TF0_25x/TF0_25x.rep4.bam.bai
[W::hts_idx_load3] The index file is older than the data file: /bip7_disk/pingting114/mixed_bam/COLO829_PAO/TF0_25x/TF0_25x.rep4.bam.bai
[W::hts_idx_load3] The index file is older than the data file: /bip7_disk/pingting114/mixed_bam/COLO829_PAO/TF0_25x/TF0_25x.rep4.bam.bai
[W::hts_idx_load3] The index file is older than the data file: /bip7_disk/pingting114/mixed_bam/COLO829_PAO/TF0_25x/TF0_25x.rep4.bam.bai
[W::bam_next_basemod] MM tag refers to bases beyond sequence length
[W::hts_idx_load3] The index file is older than the data file: /bip7_disk/pingting114/mixed_bam/COLO829_PAO/TF0_25x/TF0_25x.rep4.bam.bai
[W::hts_idx_load3] The index file is older than the data file: /bip7_disk/pingting114/mixed_bam/COLO829_PAO/TF0_25x/TF0_25x.rep4.bam.bai
[W::bam_next_basemod] MM tag refers to bases beyond sequence length
[W::bam_next_basemod] MM tag refers to bases beyond sequence length
[W::hts_idx_load3] The index file is older than the data file: /bip7_disk/pingting114/mixed_bam/COLO829_PAO/TF0_25x/TF0_25x.rep4.bam.bai
[W::hts_idx_load3] The index file is older than the data file: /bip7_disk/pingting114/mixed_bam/COLO829_PAO/TF0_25x/TF0_25x.rep4.bam.bai
[W::hts_idx_load3] The index file is older than the data file: /bip7_disk/pingting114/mixed_bam/COLO829_PAO/TF0_25x/TF0_25x.rep4.bam.bai
[W::hts_idx_load3] The index file is older than the data file: /bip7_disk/pingting114/mixed_bam/COLO829_PAO/TF0_25x/TF0_25x.rep4.bam.bai
[W::hts_idx_load3] The index file is older than the data file: /bip7_disk/pingting114/mixed_bam/COLO829_PAO/TF0_25x/TF0_25x.rep4.bam.bai
[W::hts_idx_load3] The index file is older than the data file: /bip7_disk/pingting114/mixed_bam/COLO829_PAO/TF0_25x/TF0_25x.rep4.bam.bai
[W::hts_idx_load3] The index file is older than the data file: /bip7_disk/pingting114/mixed_bam/COLO829_PAO/TF0_25x/TF0_25x.rep4.bam.bai
[W::hts_idx_load3] The index file is older than the data file: /bip7_disk/pingting114/mixed_bam/COLO829_PAO/TF0_25x/TF0_25x.rep4.bam.bai
[E::bam_parse_basemod2] 7e65f2a4-477f-49d7-be82-91abf990b7db: MM tag refers to bases beyond sequence length
[W::hts_idx_load3] The index file is older than the data file: /bip7_disk/pingting114/mixed_bam/COLO829_PAO/TF0_25x/TF0_25x.rep4.bam.bai
[W::hts_idx_load3] The index file is older than the data file: /bip7_disk/pingting114/mixed_bam/COLO829_PAO/TF0_25x/TF0_25x.rep4.bam.bai
[W::bam_next_basemod] MM tag refers to bases beyond sequence length
[E::bam_parse_basemod2] f4e3064a-e8e7-4bbe-b2ee-a2308e29dbd9: MM tag refers to bases beyond sequence length
[W::hts_idx_load3] The index file is older than the data file: /bip7_disk/pingting114/mixed_bam/COLO829_PAO/TF0_25x/TF0_25x.rep4.bam.bai
[W::bam_next_basemod] MM tag refers to bases beyond sequence length
[W::hts_idx_load3] The index file is older than the data file: /bip7_disk/pingting114/mixed_bam/COLO829_PAO/TF0_25x/TF0_25x.rep4.bam.bai
[W::bam_next_basemod] MM tag refers to bases beyond sequence length
[W::bam_next_basemod] MM tag refers to bases beyond sequence length
[W::hts_idx_load3] The index file is older than the data file: /bip7_disk/pingting114/mixed_bam/COLO829_PAO/TF0_25x/TF0_25x.rep4.bam.bai
[W::hts_idx_load3] The index file is older than the data file: /bip7_disk/pingting114/mixed_bam/COLO829_PAO/TF0_25x/TF0_25x.rep4.bam.bai
[W::hts_idx_load3] The index file is older than the data file: /bip7_disk/pingting114/mixed_bam/COLO829_PAO/TF0_25x/TF0_25x.rep4.bam.bai
[W::hts_idx_load3] The index file is older than the data file: /bip7_disk/pingting114/mixed_bam/COLO829_PAO/TF0_25x/TF0_25x.rep4.bam.bai
[W::hts_idx_load3] The index file is older than the data file: /bip7_disk/pingting114/mixed_bam/COLO829_PAO/TF0_25x/TF0_25x.rep4.bam.bai
[W::hts_idx_load3] The index file is older than the data file: /bip7_disk/pingting114/mixed_bam/COLO829_PAO/TF0_25x/TF0_25x.rep4.bam.bai
[W::hts_idx_load3] The index file is older than the data file: /bip7_disk/pingting114/mixed_bam/COLO829_PAO/TF0_25x/TF0_25x.rep4.bam.bai
[W::hts_idx_load3] The index file is older than the data file: /bip7_disk/pingting114/mixed_bam/COLO829_PAO/TF0_25x/TF0_25x.rep4.bam.bai
[E::bam_parse_basemod2] dce8a8fc-a40c-4bdc-8d57-c739562ce4b9: MM tag refers to bases beyond sequence length
[W::hts_idx_load3] The index file is older than the data file: /bip7_disk/pingting114/mixed_bam/COLO829_PAO/TF0_25x/TF0_25x.rep4.bam.bai
[W::hts_idx_load3] The index file is older than the data file: /bip7_disk/pingting114/mixed_bam/COLO829_PAO/TF0_25x/TF0_25x.rep4.bam.bai
[W::hts_idx_load3] The index file is older than the data file: /bip7_disk/pingting114/mixed_bam/COLO829_PAO/TF0_25x/TF0_25x.rep4.bam.bai
[W::hts_idx_load3] The index file is older than the data file: /bip7_disk/pingting114/mixed_bam/COLO829_PAO/TF0_25x/TF0_25x.rep4.bam.bai
[W::hts_idx_load3] The index file is older than the data file: /bip7_disk/pingting114/mixed_bam/COLO829_PAO/TF0_25x/TF0_25x.rep4.bam.bai
[W::hts_idx_load3] The index file is older than the data file: /bip7_disk/pingting114/mixed_bam/COLO829_PAO/TF0_25x/TF0_25x.rep4.bam.bai
[W::hts_idx_load3] The index file is older than the data file: /bip7_disk/pingting114/mixed_bam/COLO829_PAO/TF0_25x/TF0_25x.rep4.bam.bai
[W::hts_idx_load3] The index file is older than the data file: /bip7_disk/pingting114/mixed_bam/COLO829_PAO/TF0_25x/TF0_25x.rep4.bam.bai
[W::hts_idx_load3] The index file is older than the data file: /bip7_disk/pingting114/mixed_bam/COLO829_PAO/TF0_25x/TF0_25x.rep4.bam.bai
[W::hts_idx_load3] The index file is older than the data file: /bip7_disk/pingting114/mixed_bam/COLO829_PAO/TF0_25x/TF0_25x.rep4.bam.bai
[W::hts_idx_load3] The index file is older than the data file: /bip7_disk/pingting114/mixed_bam/COLO829_PAO/TF0_25x/TF0_25x.rep4.bam.bai
[W::hts_idx_load3] The index file is older than the data file: /bip7_disk/pingting114/mixed_bam/COLO829_PAO/TF0_25x/TF0_25x.rep4.bam.bai
[W::hts_idx_load3] The index file is older than the data file: /bip7_disk/pingting114/mixed_bam/COLO829_PAO/TF0_25x/TF0_25x.rep4.bam.bai
[E::bam_parse_basemod2] 396bc494-2f96-4bc9-b398-c42474f83ad9: MM tag refers to bases beyond sequence length
[W::hts_idx_load3] The index file is older than the data file: /bip7_disk/pingting114/mixed_bam/COLO829_PAO/TF0_25x/TF0_25x.rep4.bam.bai
[W::bam_next_basemod] MM tag refers to bases beyond sequence length
[W::hts_idx_load3] The index file is older than the data file: /bip7_disk/pingting114/mixed_bam/COLO829_PAO/TF0_25x/TF0_25x.rep4.bam.bai
[W::hts_idx_load3] The index file is older than the data file: /bip7_disk/pingting114/mixed_bam/COLO829_PAO/TF0_25x/TF0_25x.rep4.bam.bai
[W::hts_idx_load3] The index file is older than the data file: /bip7_disk/pingting114/mixed_bam/COLO829_PAO/TF0_25x/TF0_25x.rep4.bam.bai
[W::bam_next_basemod] MM tag refers to bases beyond sequence length
[W::hts_idx_load3] The index file is older than the data file: /bip7_disk/pingting114/mixed_bam/COLO829_PAO/TF0_25x/TF0_25x.rep4.bam.bai
[W::hts_idx_load3] The index file is older than the data file: /bip7_disk/pingting114/mixed_bam/COLO829_PAO/TF0_25x/TF0_25x.rep4.bam.bai
[W::hts_idx_load3] The index file is older than the data file: /bip7_disk/pingting114/mixed_bam/COLO829_PAO/TF0_25x/TF0_25x.rep4.bam.bai
[W::hts_idx_load3] The index file is older than the data file: /bip7_disk/pingting114/mixed_bam/COLO829_PAO/TF0_25x/TF0_25x.rep4.bam.bai
[W::hts_idx_load3] The index file is older than the data file: /bip7_disk/pingting114/mixed_bam/COLO829_PAO/TF0_25x/TF0_25x.rep4.bam.bai
[W::hts_idx_load3] The index file is older than the data file: /bip7_disk/pingting114/mixed_bam/COLO829_PAO/TF0_25x/TF0_25x.rep4.bam.bai
[W::hts_idx_load3] The index file is older than the data file: /bip7_disk/pingting114/mixed_bam/COLO829_PAO/TF0_25x/TF0_25x.rep4.bam.bai
[W::hts_idx_load3] The index file is older than the data file: /bip7_disk/pingting114/mixed_bam/COLO829_PAO/TF0_25x/TF0_25x.rep4.bam.bai
[W::hts_idx_load3] The index file is older than the data file: /bip7_disk/pingting114/mixed_bam/COLO829_PAO/TF0_25x/TF0_25x.rep4.bam.bai
[W::bam_next_basemod] MM tag refers to bases beyond sequence length
[W::hts_idx_load3] The index file is older than the data file: /bip7_disk/pingting114/mixed_bam/COLO829_PAO/TF0_25x/TF0_25x.rep4.bam.bai
[W::hts_idx_load3] The index file is older than the data file: /bip7_disk/pingting114/mixed_bam/COLO829_PAO/TF0_25x/TF0_25x.rep4.bam.bai
[W::hts_idx_load3] The index file is older than the data file: /bip7_disk/pingting114/mixed_bam/COLO829_PAO/TF0_25x/TF0_25x.rep4.bam.bai
[W::hts_idx_load3] The index file is older than the data file: /bip7_disk/pingting114/mixed_bam/COLO829_PAO/TF0_25x/TF0_25x.rep4.bam.bai
[W::hts_idx_load3] The index file is older than the data file: /bip7_disk/pingting114/mixed_bam/COLO829_PAO/TF0_25x/TF0_25x.rep4.bam.bai
[W::hts_idx_load3] The index file is older than the data file: /bip7_disk/pingting114/mixed_bam/COLO829_PAO/TF0_25x/TF0_25x.rep4.bam.bai
[W::bam_next_basemod] MM tag refers to bases beyond sequence length
[W::hts_idx_load3] The index file is older than the data file: /bip7_disk/pingting114/mixed_bam/COLO829_PAO/TF0_25x/TF0_25x.rep4.bam.bai
[W::hts_idx_load3] The index file is older than the data file: /bip7_disk/pingting114/mixed_bam/COLO829_PAO/TF0_25x/TF0_25x.rep4.bam.bai
[E::bam_parse_basemod2] 9cc46c4c-f2e5-4c97-9f35-b2a77aaffa8c: MM tag refers to bases beyond sequence length
[W::hts_idx_load3] The index file is older than the data file: /bip7_disk/pingting114/mixed_bam/COLO829_PAO/TF0_25x/TF0_25x.rep4.bam.bai
[W::hts_idx_load3] The index file is older than the data file: /bip7_disk/pingting114/mixed_bam/COLO829_PAO/TF0_25x/TF0_25x.rep4.bam.bai
[W::hts_idx_load3] The index file is older than the data file: /bip7_disk/pingting114/mixed_bam/COLO829_PAO/TF0_25x/TF0_25x.rep4.bam.bai
[E::bam_parse_basemod2] 8217c24a-ccf1-4a5d-9ecf-2b3212c83f44: MM tag refers to bases beyond sequence length
[W::hts_idx_load3] The index file is older than the data file: /bip7_disk/pingting114/mixed_bam/COLO829_PAO/TF0_25x/TF0_25x.rep4.bam.bai
[W::hts_idx_load3] The index file is older than the data file: /bip7_disk/pingting114/mixed_bam/COLO829_PAO/TF0_25x/TF0_25x.rep4.bam.bai
[W::hts_idx_load3] The index file is older than the data file: /bip7_disk/pingting114/mixed_bam/COLO829_PAO/TF0_25x/TF0_25x.rep4.bam.bai
[W::hts_idx_load3] The index file is older than the data file: /bip7_disk/pingting114/mixed_bam/COLO829_PAO/TF0_25x/TF0_25x.rep4.bam.bai
[W::hts_idx_load3] The index file is older than the data file: /bip7_disk/pingting114/mixed_bam/COLO829_PAO/TF0_25x/TF0_25x.rep4.bam.bai
[W::hts_idx_load3] The index file is older than the data file: /bip7_disk/pingting114/mixed_bam/COLO829_PAO/TF0_25x/TF0_25x.rep4.bam.bai
[W::hts_idx_load3] The index file is older than the data file: /bip7_disk/pingting114/mixed_bam/COLO829_PAO/TF0_25x/TF0_25x.rep4.bam.bai
[W::hts_idx_load3] The index file is older than the data file: /bip7_disk/pingting114/mixed_bam/COLO829_PAO/TF0_25x/TF0_25x.rep4.bam.bai
[W::hts_idx_load3] The index file is older than the data file: /bip7_disk/pingting114/mixed_bam/COLO829_PAO/TF0_25x/TF0_25x.rep4.bam.bai
[E::bam_parse_basemod2] ab1c1de3-265a-46e9-bfe0-525248f85704: MM tag refers to bases beyond sequence length
[W::hts_idx_load3] The index file is older than the data file: /bip7_disk/pingting114/mixed_bam/COLO829_PAO/TF0_25x/TF0_25x.rep4.bam.bai
[W::hts_idx_load3] The index file is older than the data file: /bip7_disk/pingting114/mixed_bam/COLO829_PAO/TF0_25x/TF0_25x.rep4.bam.bai
[W::hts_idx_load3] The index file is older than the data file: /bip7_disk/pingting114/mixed_bam/COLO829_PAO/TF0_25x/TF0_25x.rep4.bam.bai
[W::hts_idx_load3] The index file is older than the data file: /bip7_disk/pingting114/mixed_bam/COLO829_PAO/TF0_25x/TF0_25x.rep4.bam.bai
[W::hts_idx_load3] The index file is older than the data file: /bip7_disk/pingting114/mixed_bam/COLO829_PAO/TF0_25x/TF0_25x.rep4.bam.bai
[W::hts_idx_load3] The index file is older than the data file: /bip7_disk/pingting114/mixed_bam/COLO829_PAO/TF0_25x/TF0_25x.rep4.bam.bai
[W::hts_idx_load3] The index file is older than the data file: /bip7_disk/pingting114/mixed_bam/COLO829_PAO/TF0_25x/TF0_25x.rep4.bam.bai
[W::bam_next_basemod] MM tag refers to bases beyond sequence length
[W::hts_idx_load3] The index file is older than the data file: /bip7_disk/pingting114/mixed_bam/COLO829_PAO/TF0_25x/TF0_25x.rep4.bam.bai
[W::hts_idx_load3] The index file is older than the data file: /bip7_disk/pingting114/mixed_bam/COLO829_PAO/TF0_25x/TF0_25x.rep4.bam.bai
[W::hts_idx_load3] The index file is older than the data file: /bip7_disk/pingting114/mixed_bam/COLO829_PAO/TF0_25x/TF0_25x.rep4.bam.bai
[W::hts_idx_load3] The index file is older than the data file: /bip7_disk/pingting114/mixed_bam/COLO829_PAO/TF0_25x/TF0_25x.rep4.bam.bai
[W::hts_idx_load3] The index file is older than the data file: /bip7_disk/pingting114/mixed_bam/COLO829_PAO/TF0_25x/TF0_25x.rep4.bam.bai
[W::hts_idx_load3] The index file is older than the data file: /bip7_disk/pingting114/mixed_bam/COLO829_PAO/TF0_25x/TF0_25x.rep4.bam.bai
[W::bam_next_basemod] MM tag refers to bases beyond sequence length
[W::hts_idx_load3] The index file is older than the data file: /bip7_disk/pingting114/mixed_bam/COLO829_PAO/TF0_25x/TF0_25x.rep4.bam.bai
[E::bam_parse_basemod2] bb34068b-652f-4d03-8e2c-2978cae9ddcd: MM tag refers to bases beyond sequence length
[W::hts_idx_load3] The index file is older than the data file: /bip7_disk/pingting114/mixed_bam/COLO829_PAO/TF0_25x/TF0_25x.rep4.bam.bai
[W::bam_next_basemod] MM tag refers to bases beyond sequence length
[W::hts_idx_load3] The index file is older than the data file: /bip7_disk/pingting114/mixed_bam/COLO829_PAO/TF0_25x/TF0_25x.rep4.bam.bai
[W::hts_idx_load3] The index file is older than the data file: /bip7_disk/pingting114/mixed_bam/COLO829_PAO/TF0_25x/TF0_25x.rep4.bam.bai
[E::bam_parse_basemod2] 023d9bec-e8fd-4746-a5b1-29f0f03c92cb: MM tag refers to bases beyond sequence length
[W::hts_idx_load3] The index file is older than the data file: /bip7_disk/pingting114/mixed_bam/COLO829_PAO/TF0_25x/TF0_25x.rep4.bam.bai
[W::hts_idx_load3] The index file is older than the data file: /bip7_disk/pingting114/mixed_bam/COLO829_PAO/TF0_25x/TF0_25x.rep4.bam.bai
[W::bam_next_basemod] MM tag refers to bases beyond sequence length
[W::bam_next_basemod] MM tag refers to bases beyond sequence length
[W::hts_idx_load3] The index file is older than the data file: /bip7_disk/pingting114/mixed_bam/COLO829_PAO/TF0_25x/TF0_25x.rep4.bam.bai
[W::hts_idx_load3] The index file is older than the data file: /bip7_disk/pingting114/mixed_bam/COLO829_PAO/TF0_25x/TF0_25x.rep4.bam.bai
[W::hts_idx_load3] The index file is older than the data file: /bip7_disk/pingting114/mixed_bam/COLO829_PAO/TF0_25x/TF0_25x.rep4.bam.bai
[W::hts_idx_load3] The index file is older than the data file: /bip7_disk/pingting114/mixed_bam/COLO829_PAO/TF0_25x/TF0_25x.rep4.bam.bai
[W::hts_idx_load3] The index file is older than the data file: /bip7_disk/pingting114/mixed_bam/COLO829_PAO/TF0_25x/TF0_25x.rep4.bam.bai
[W::hts_idx_load3] The index file is older than the data file: /bip7_disk/pingting114/mixed_bam/COLO829_PAO/TF0_25x/TF0_25x.rep4.bam.bai
[W::hts_idx_load3] The index file is older than the data file: /bip7_disk/pingting114/mixed_bam/COLO829_PAO/TF0_25x/TF0_25x.rep4.bam.bai
[E::bam_parse_basemod2] 81283704-8234-42f9-956d-0b1f346b596d: MM tag refers to bases beyond sequence length
[W::hts_idx_load3] The index file is older than the data file: /bip7_disk/pingting114/mixed_bam/COLO829_PAO/TF0_25x/TF0_25x.rep4.bam.bai
[W::hts_idx_load3] The index file is older than the data file: /bip7_disk/pingting114/mixed_bam/COLO829_PAO/TF0_25x/TF0_25x.rep4.bam.bai
[W::hts_idx_load3] The index file is older than the data file: /bip7_disk/pingting114/mixed_bam/COLO829_PAO/TF0_25x/TF0_25x.rep4.bam.bai
[W::hts_idx_load3] The index file is older than the data file: /bip7_disk/pingting114/mixed_bam/COLO829_PAO/TF0_25x/TF0_25x.rep4.bam.bai
[W::hts_idx_load3] The index file is older than the data file: /bip7_disk/pingting114/mixed_bam/COLO829_PAO/TF0_25x/TF0_25x.rep4.bam.bai
[E::bam_parse_basemod2] dc3a0d4b-a9e5-45ed-a65a-f386d598424e: MM tag refers to bases beyond sequence length
[W::hts_idx_load3] The index file is older than the data file: /bip7_disk/pingting114/mixed_bam/COLO829_PAO/TF0_25x/TF0_25x.rep4.bam.bai
[W::hts_idx_load3] The index file is older than the data file: /bip7_disk/pingting114/mixed_bam/COLO829_PAO/TF0_25x/TF0_25x.rep4.bam.bai
[W::hts_idx_load3] The index file is older than the data file: /bip7_disk/pingting114/mixed_bam/COLO829_PAO/TF0_25x/TF0_25x.rep4.bam.bai
[W::hts_idx_load3] The index file is older than the data file: /bip7_disk/pingting114/mixed_bam/COLO829_PAO/TF0_25x/TF0_25x.rep4.bam.bai
[W::hts_idx_load3] The index file is older than the data file: /bip7_disk/pingting114/mixed_bam/COLO829_PAO/TF0_25x/TF0_25x.rep4.bam.bai
[W::hts_idx_load3] The index file is older than the data file: /bip7_disk/pingting114/mixed_bam/COLO829_PAO/TF0_25x/TF0_25x.rep4.bam.bai
[W::hts_idx_load3] The index file is older than the data file: /bip7_disk/pingting114/mixed_bam/COLO829_PAO/TF0_25x/TF0_25x.rep4.bam.bai
[W::hts_idx_load3] The index file is older than the data file: /bip7_disk/pingting114/mixed_bam/COLO829_PAO/TF0_25x/TF0_25x.rep4.bam.bai
[W::bam_next_basemod] MM tag refers to bases beyond sequence length
[W::hts_idx_load3] The index file is older than the data file: /bip7_disk/pingting114/mixed_bam/COLO829_PAO/TF0_25x/TF0_25x.rep4.bam.bai
[W::bam_next_basemod] MM tag refers to bases beyond sequence length
[W::hts_idx_load3] The index file is older than the data file: /bip7_disk/pingting114/mixed_bam/COLO829_PAO/TF0_25x/TF0_25x.rep4.bam.bai
[W::hts_idx_load3] The index file is older than the data file: /bip7_disk/pingting114/mixed_bam/COLO829_PAO/TF0_25x/TF0_25x.rep4.bam.bai
[E::bam_parse_basemod2] ef7abe93-4569-4ba1-8018-f2bbf728c0ae: MM tag refers to bases beyond sequence length
[W::bam_next_basemod] MM tag refers to bases beyond sequence length
[W::hts_idx_load3] The index file is older than the data file: /bip7_disk/pingting114/mixed_bam/COLO829_PAO/TF0_25x/TF0_25x.rep4.bam.bai
[W::hts_idx_load3] The index file is older than the data file: /bip7_disk/pingting114/mixed_bam/COLO829_PAO/TF0_25x/TF0_25x.rep4.bam.bai
[W::hts_idx_load3] The index file is older than the data file: /bip7_disk/pingting114/mixed_bam/COLO829_PAO/TF0_25x/TF0_25x.rep4.bam.bai
[W::hts_idx_load3] The index file is older than the data file: /bip7_disk/pingting114/mixed_bam/COLO829_PAO/TF0_25x/TF0_25x.rep4.bam.bai
[W::hts_idx_load3] The index file is older than the data file: /bip7_disk/pingting114/mixed_bam/COLO829_PAO/TF0_25x/TF0_25x.rep4.bam.bai
[W::bam_next_basemod] MM tag refers to bases beyond sequence length
[W::hts_idx_load3] The index file is older than the data file: /bip7_disk/pingting114/mixed_bam/COLO829_PAO/TF0_25x/TF0_25x.rep4.bam.bai
[E::bam_parse_basemod2] adbeca43-3f6a-41ae-ad63-1d5fb0af9661: MM tag refers to bases beyond sequence length
[W::hts_idx_load3] The index file is older than the data file: /bip7_disk/pingting114/mixed_bam/COLO829_PAO/TF0_25x/TF0_25x.rep4.bam.bai
[W::hts_idx_load3] The index file is older than the data file: /bip7_disk/pingting114/mixed_bam/COLO829_PAO/TF0_25x/TF0_25x.rep4.bam.bai
[W::hts_idx_load3] The index file is older than the data file: /bip7_disk/pingting114/mixed_bam/COLO829_PAO/TF0_25x/TF0_25x.rep4.bam.bai
[E::bam_parse_basemod2] 7efb763a-c3b1-4f9f-8b18-78ef8509a91e: MM tag refers to bases beyond sequence length
[W::bam_next_basemod] MM tag refers to bases beyond sequence length
[W::hts_idx_load3] The index file is older than the data file: /bip7_disk/pingting114/mixed_bam/COLO829_PAO/TF0_25x/TF0_25x.rep4.bam.bai
[W::hts_idx_load3] The index file is older than the data file: /bip7_disk/pingting114/mixed_bam/COLO829_PAO/TF0_25x/TF0_25x.rep4.bam.bai
[W::bam_next_basemod] MM tag refers to bases beyond sequence length
[W::hts_idx_load3] The index file is older than the data file: /bip7_disk/pingting114/mixed_bam/COLO829_PAO/TF0_25x/TF0_25x.rep4.bam.bai
[W::hts_idx_load3] The index file is older than the data file: /bip7_disk/pingting114/mixed_bam/COLO829_PAO/TF0_25x/TF0_25x.rep4.bam.bai
[W::bam_next_basemod] MM tag refers to bases beyond sequence length
[W::hts_idx_load3] The index file is older than the data file: /bip7_disk/pingting114/mixed_bam/COLO829_PAO/TF0_25x/TF0_25x.rep4.bam.bai
[W::hts_idx_load3] The index file is older than the data file: /bip7_disk/pingting114/mixed_bam/COLO829_PAO/TF0_25x/TF0_25x.rep4.bam.bai
[W::bam_next_basemod] MM tag refers to bases beyond sequence length
[W::hts_idx_load3] The index file is older than the data file: /bip7_disk/pingting114/mixed_bam/COLO829_PAO/TF0_25x/TF0_25x.rep4.bam.bai
[W::bam_next_basemod] MM tag refers to bases beyond sequence length
[W::bam_next_basemod] MM tag refers to bases beyond sequence length
[W::hts_idx_load3] The index file is older than the data file: /bip7_disk/pingting114/mixed_bam/COLO829_PAO/TF0_25x/TF0_25x.rep4.bam.bai
[W::hts_idx_load3] The index file is older than the data file: /bip7_disk/pingting114/mixed_bam/COLO829_PAO/TF0_25x/TF0_25x.rep4.bam.bai
[E::bam_parse_basemod2] f1e4bee4-d628-46d3-8427-6225537e0776: MM tag refers to bases beyond sequence length
[W::hts_idx_load3] The index file is older than the data file: /bip7_disk/pingting114/mixed_bam/COLO829_PAO/TF0_25x/TF0_25x.rep4.bam.bai
[W::bam_next_basemod] MM tag refers to bases beyond sequence length
[W::bam_next_basemod] MM tag refers to bases beyond sequence length
[W::hts_idx_load3] The index file is older than the data file: /bip7_disk/pingting114/mixed_bam/COLO829_PAO/TF0_25x/TF0_25x.rep4.bam.bai
[W::hts_idx_load3] The index file is older than the data file: /bip7_disk/pingting114/mixed_bam/COLO829_PAO/TF0_25x/TF0_25x.rep4.bam.bai
[W::hts_idx_load3] The index file is older than the data file: /bip7_disk/pingting114/mixed_bam/COLO829_PAO/TF0_25x/TF0_25x.rep4.bam.bai
[W::bam_next_basemod] MM tag refers to bases beyond sequence length
[W::hts_idx_load3] The index file is older than the data file: /bip7_disk/pingting114/mixed_bam/COLO829_PAO/TF0_25x/TF0_25x.rep4.bam.bai
[W::hts_idx_load3] The index file is older than the data file: /bip7_disk/pingting114/mixed_bam/COLO829_PAO/TF0_25x/TF0_25x.rep4.bam.bai
[W::hts_idx_load3] The index file is older than the data file: /bip7_disk/pingting114/mixed_bam/COLO829_PAO/TF0_25x/TF0_25x.rep4.bam.bai
[W::hts_idx_load3] The index file is older than the data file: /bip7_disk/pingting114/mixed_bam/COLO829_PAO/TF0_25x/TF0_25x.rep4.bam.bai
[W::hts_idx_load3] The index file is older than the data file: /bip7_disk/pingting114/mixed_bam/COLO829_PAO/TF0_25x/TF0_25x.rep4.bam.bai
[W::hts_idx_load3] The index file is older than the data file: /bip7_disk/pingting114/mixed_bam/COLO829_PAO/TF0_25x/TF0_25x.rep4.bam.bai
[W::hts_idx_load3] The index file is older than the data file: /bip7_disk/pingting114/mixed_bam/COLO829_PAO/TF0_25x/TF0_25x.rep4.bam.bai
[W::hts_idx_load3] The index file is older than the data file: /bip7_disk/pingting114/mixed_bam/COLO829_PAO/TF0_25x/TF0_25x.rep4.bam.bai
[W::hts_idx_load3] The index file is older than the data file: /bip7_disk/pingting114/mixed_bam/COLO829_PAO/TF0_25x/TF0_25x.rep4.bam.bai
[W::hts_idx_load3] The index file is older than the data file: /bip7_disk/pingting114/mixed_bam/COLO829_PAO/TF0_25x/TF0_25x.rep4.bam.bai
[W::bam_next_basemod] MM tag refers to bases beyond sequence length
[W::hts_idx_load3] The index file is older than the data file: /bip7_disk/pingting114/mixed_bam/COLO829_PAO/TF0_25x/TF0_25x.rep4.bam.bai
[W::hts_idx_load3] The index file is older than the data file: /bip7_disk/pingting114/mixed_bam/COLO829_PAO/TF0_25x/TF0_25x.rep4.bam.bai
[E::bam_parse_basemod2] fe88b674-64af-4bb7-aec5-1014d676ed1b: MM tag refers to bases beyond sequence length
[W::hts_idx_load3] The index file is older than the data file: /bip7_disk/pingting114/mixed_bam/COLO829_PAO/TF0_25x/TF0_25x.rep4.bam.bai
[W::hts_idx_load3] The index file is older than the data file: /bip7_disk/pingting114/mixed_bam/COLO829_PAO/TF0_25x/TF0_25x.rep4.bam.bai
[W::bam_next_basemod] MM tag refers to bases beyond sequence length
[W::hts_idx_load3] The index file is older than the data file: /bip7_disk/pingting114/mixed_bam/COLO829_PAO/TF0_25x/TF0_25x.rep4.bam.bai
[W::hts_idx_load3] The index file is older than the data file: /bip7_disk/pingting114/mixed_bam/COLO829_PAO/TF0_25x/TF0_25x.rep4.bam.bai
[W::bam_next_basemod] MM tag refers to bases beyond sequence length
[W::hts_idx_load3] The index file is older than the data file: /bip7_disk/pingting114/mixed_bam/COLO829_PAO/TF0_25x/TF0_25x.rep4.bam.bai
[E::bam_parse_basemod2] e0c75c29-8fe1-49fa-bde1-c13ea84264e2: MM tag refers to bases beyond sequence length
[W::hts_idx_load3] The index file is older than the data file: /bip7_disk/pingting114/mixed_bam/COLO829_PAO/TF0_25x/TF0_25x.rep4.bam.bai
[W::hts_idx_load3] The index file is older than the data file: /bip7_disk/pingting114/mixed_bam/COLO829_PAO/TF0_25x/TF0_25x.rep4.bam.bai
[W::bam_next_basemod] MM tag refers to bases beyond sequence length
[W::hts_idx_load3] The index file is older than the data file: /bip7_disk/pingting114/mixed_bam/COLO829_PAO/TF0_25x/TF0_25x.rep4.bam.bai
[W::hts_idx_load3] The index file is older than the data file: /bip7_disk/pingting114/mixed_bam/COLO829_PAO/TF0_25x/TF0_25x.rep4.bam.bai
[W::hts_idx_load3] The index file is older than the data file: /bip7_disk/pingting114/mixed_bam/COLO829_PAO/TF0_25x/TF0_25x.rep4.bam.bai
[W::hts_idx_load3] The index file is older than the data file: /bip7_disk/pingting114/mixed_bam/COLO829_PAO/TF0_25x/TF0_25x.rep4.bam.bai
[W::hts_idx_load3] The index file is older than the data file: /bip7_disk/pingting114/mixed_bam/COLO829_PAO/TF0_25x/TF0_25x.rep4.bam.bai
[W::hts_idx_load3] The index file is older than the data file: /bip7_disk/pingting114/mixed_bam/COLO829_PAO/TF0_25x/TF0_25x.rep4.bam.bai
[W::hts_idx_load3] The index file is older than the data file: /bip7_disk/pingting114/mixed_bam/COLO829_PAO/TF0_25x/TF0_25x.rep4.bam.bai
[W::bam_next_basemod] MM tag refers to bases beyond sequence length
[W::hts_idx_load3] The index file is older than the data file: /bip7_disk/pingting114/mixed_bam/COLO829_PAO/TF0_25x/TF0_25x.rep4.bam.bai
[W::hts_idx_load3] The index file is older than the data file: /bip7_disk/pingting114/mixed_bam/COLO829_PAO/TF0_25x/TF0_25x.rep4.bam.bai
[W::hts_idx_load3] The index file is older than the data file: /bip7_disk/pingting114/mixed_bam/COLO829_PAO/TF0_25x/TF0_25x.rep4.bam.bai
[W::bam_next_basemod] MM tag refers to bases beyond sequence length
[W::hts_idx_load3] The index file is older than the data file: /bip7_disk/pingting114/mixed_bam/COLO829_PAO/TF0_25x/TF0_25x.rep4.bam.bai
[W::bam_next_basemod] MM tag refers to bases beyond sequence length
[W::hts_idx_load3] The index file is older than the data file: /bip7_disk/pingting114/mixed_bam/COLO829_PAO/TF0_25x/TF0_25x.rep4.bam.bai
[W::hts_idx_load3] The index file is older than the data file: /bip7_disk/pingting114/mixed_bam/COLO829_PAO/TF0_25x/TF0_25x.rep4.bam.bai
[W::hts_idx_load3] The index file is older than the data file: /bip7_disk/pingting114/mixed_bam/COLO829_PAO/TF0_25x/TF0_25x.rep4.bam.bai
[W::hts_idx_load3] The index file is older than the data file: /bip7_disk/pingting114/mixed_bam/COLO829_PAO/TF0_25x/TF0_25x.rep4.bam.bai
[W::hts_idx_load3] The index file is older than the data file: /bip7_disk/pingting114/mixed_bam/COLO829_PAO/TF0_25x/TF0_25x.rep4.bam.bai
[W::bam_next_basemod] MM tag refers to bases beyond sequence length
[W::hts_idx_load3] The index file is older than the data file: /bip7_disk/pingting114/mixed_bam/COLO829_PAO/TF0_25x/TF0_25x.rep4.bam.bai
[W::hts_idx_load3] The index file is older than the data file: /bip7_disk/pingting114/mixed_bam/COLO829_PAO/TF0_25x/TF0_25x.rep4.bam.bai
[W::hts_idx_load3] The index file is older than the data file: /bip7_disk/pingting114/mixed_bam/COLO829_PAO/TF0_25x/TF0_25x.rep4.bam.bai
[W::hts_idx_load3] The index file is older than the data file: /bip7_disk/pingting114/mixed_bam/COLO829_PAO/TF0_25x/TF0_25x.rep4.bam.bai
[W::bam_next_basemod] MM tag refers to bases beyond sequence length
[W::hts_idx_load3] The index file is older than the data file: /bip7_disk/pingting114/mixed_bam/COLO829_PAO/TF0_25x/TF0_25x.rep4.bam.bai
[E::bam_parse_basemod2] fd102447-61f0-405d-a917-a0f12a0affe8: MM tag refers to bases beyond sequence length
[W::hts_idx_load3] The index file is older than the data file: /bip7_disk/pingting114/mixed_bam/COLO829_PAO/TF0_25x/TF0_25x.rep4.bam.bai
[W::hts_idx_load3] The index file is older than the data file: /bip7_disk/pingting114/mixed_bam/COLO829_PAO/TF0_25x/TF0_25x.rep4.bam.bai
[E::bam_parse_basemod2] 97a0e4b8-774a-4afb-89a8-e491fc7a01b7: MM tag refers to bases beyond sequence length
[W::hts_idx_load3] The index file is older than the data file: /bip7_disk/pingting114/mixed_bam/COLO829_PAO/TF0_25x/TF0_25x.rep4.bam.bai
[W::bam_next_basemod] MM tag refers to bases beyond sequence length
[W::hts_idx_load3] The index file is older than the data file: /bip7_disk/pingting114/mixed_bam/COLO829_PAO/TF0_25x/TF0_25x.rep4.bam.bai
[W::hts_idx_load3] The index file is older than the data file: /bip7_disk/pingting114/mixed_bam/COLO829_PAO/TF0_25x/TF0_25x.rep4.bam.bai
[W::hts_idx_load3] The index file is older than the data file: /bip7_disk/pingting114/mixed_bam/COLO829_PAO/TF0_25x/TF0_25x.rep4.bam.bai
[E::bam_parse_basemod2] 6311de66-e2dc-4cd5-b26c-c3d6ee163314: MM tag refers to bases beyond sequence length
[W::bam_next_basemod] MM tag refers to bases beyond sequence length
[W::hts_idx_load3] The index file is older than the data file: /bip7_disk/pingting114/mixed_bam/COLO829_PAO/TF0_25x/TF0_25x.rep4.bam.bai
[W::hts_idx_load3] The index file is older than the data file: /bip7_disk/pingting114/mixed_bam/COLO829_PAO/TF0_25x/TF0_25x.rep4.bam.bai
[E::bam_parse_basemod2] f0710927-a234-4833-aa53-5bae2ecea1cb: MM tag refers to bases beyond sequence length
[W::hts_idx_load3] The index file is older than the data file: /bip7_disk/pingting114/mixed_bam/COLO829_PAO/TF0_25x/TF0_25x.rep4.bam.bai
[W::bam_next_basemod] MM tag refers to bases beyond sequence length
[W::bam_next_basemod] MM tag refers to bases beyond sequence length
[W::hts_idx_load3] The index file is older than the data file: /bip7_disk/pingting114/mixed_bam/COLO829_PAO/TF0_25x/TF0_25x.rep4.bam.bai
[W::hts_idx_load3] The index file is older than the data file: /bip7_disk/pingting114/mixed_bam/COLO829_PAO/TF0_25x/TF0_25x.rep4.bam.bai
[W::hts_idx_load3] The index file is older than the data file: /bip7_disk/pingting114/mixed_bam/COLO829_PAO/TF0_25x/TF0_25x.rep4.bam.bai
[W::hts_idx_load3] The index file is older than the data file: /bip7_disk/pingting114/mixed_bam/COLO829_PAO/TF0_25x/TF0_25x.rep4.bam.bai
[E::bam_parse_basemod2] a88212be-58bb-41a7-a518-6395a4dd78aa: MM tag refers to bases beyond sequence length
[W::hts_idx_load3] The index file is older than the data file: /bip7_disk/pingting114/mixed_bam/COLO829_PAO/TF0_25x/TF0_25x.rep4.bam.bai
[W::bam_next_basemod] MM tag refers to bases beyond sequence length
[W::hts_idx_load3] The index file is older than the data file: /bip7_disk/pingting114/mixed_bam/COLO829_PAO/TF0_25x/TF0_25x.rep4.bam.bai
[W::hts_idx_load3] The index file is older than the data file: /bip7_disk/pingting114/mixed_bam/COLO829_PAO/TF0_25x/TF0_25x.rep4.bam.bai
[W::hts_idx_load3] The index file is older than the data file: /bip7_disk/pingting114/mixed_bam/COLO829_PAO/TF0_25x/TF0_25x.rep4.bam.bai
[W::hts_idx_load3] The index file is older than the data file: /bip7_disk/pingting114/mixed_bam/COLO829_PAO/TF0_25x/TF0_25x.rep4.bam.bai
[E::bam_parse_basemod2] 0fdd6e69-b3b8-4a1d-8d11-a329d9ee40f4: MM tag refers to bases beyond sequence length
[W::hts_idx_load3] The index file is older than the data file: /bip7_disk/pingting114/mixed_bam/COLO829_PAO/TF0_25x/TF0_25x.rep4.bam.bai
[W::hts_idx_load3] The index file is older than the data file: /bip7_disk/pingting114/mixed_bam/COLO829_PAO/TF0_25x/TF0_25x.rep4.bam.bai
[W::bam_next_basemod] MM tag refers to bases beyond sequence length
[W::hts_idx_load3] The index file is older than the data file: /bip7_disk/pingting114/mixed_bam/COLO829_PAO/TF0_25x/TF0_25x.rep4.bam.bai
[W::bam_next_basemod] MM tag refers to bases beyond sequence length
[E::bam_parse_basemod2] 7b1066c8-9eb4-41b1-bf59-ad64dfda5c4f: MM tag refers to bases beyond sequence length
[W::hts_idx_load3] The index file is older than the data file: /bip7_disk/pingting114/mixed_bam/COLO829_PAO/TF0_25x/TF0_25x.rep4.bam.bai
[E::bam_parse_basemod2] 4b5f54cb-e176-4767-9abf-91bd3306037b: MM tag refers to bases beyond sequence length
[W::hts_idx_load3] The index file is older than the data file: /bip7_disk/pingting114/mixed_bam/COLO829_PAO/TF0_25x/TF0_25x.rep4.bam.bai
[W::hts_idx_load3] The index file is older than the data file: /bip7_disk/pingting114/mixed_bam/COLO829_PAO/TF0_25x/TF0_25x.rep4.bam.bai
[W::hts_idx_load3] The index file is older than the data file: /bip7_disk/pingting114/mixed_bam/COLO829_PAO/TF0_25x/TF0_25x.rep4.bam.bai
[W::hts_idx_load3] The index file is older than the data file: /bip7_disk/pingting114/mixed_bam/COLO829_PAO/TF0_25x/TF0_25x.rep4.bam.bai
[W::hts_idx_load3] The index file is older than the data file: /bip7_disk/pingting114/mixed_bam/COLO829_PAO/TF0_25x/TF0_25x.rep4.bam.bai
[W::hts_idx_load3] The index file is older than the data file: /bip7_disk/pingting114/mixed_bam/COLO829_PAO/TF0_25x/TF0_25x.rep4.bam.bai
[W::hts_idx_load3] The index file is older than the data file: /bip7_disk/pingting114/mixed_bam/COLO829_PAO/TF0_25x/TF0_25x.rep4.bam.bai
[E::bam_parse_basemod2] 29ae28ea-edeb-4e37-925a-3dbcd3640d1f: MM tag refers to bases beyond sequence length
[W::hts_idx_load3] The index file is older than the data file: /bip7_disk/pingting114/mixed_bam/COLO829_PAO/TF0_25x/TF0_25x.rep4.bam.bai
[W::hts_idx_load3] The index file is older than the data file: /bip7_disk/pingting114/mixed_bam/COLO829_PAO/TF0_25x/TF0_25x.rep4.bam.bai
[E::bam_parse_basemod2] 8bc2ab47-e2eb-48e5-89af-c1cffbd53b08: MM tag refers to bases beyond sequence length
[W::hts_idx_load3] The index file is older than the data file: /bip7_disk/pingting114/mixed_bam/COLO829_PAO/TF0_25x/TF0_25x.rep4.bam.bai
[E::bam_parse_basemod2] e07a397d-0770-42e8-acd2-dd174a439a55: MM tag refers to bases beyond sequence length
[W::hts_idx_load3] The index file is older than the data file: /bip7_disk/pingting114/mixed_bam/COLO829_PAO/TF0_25x/TF0_25x.rep4.bam.bai
[W::hts_idx_load3] The index file is older than the data file: /bip7_disk/pingting114/mixed_bam/COLO829_PAO/TF0_25x/TF0_25x.rep4.bam.bai
[W::hts_idx_load3] The index file is older than the data file: /bip7_disk/pingting114/mixed_bam/COLO829_PAO/TF0_25x/TF0_25x.rep4.bam.bai
[W::hts_idx_load3] The index file is older than the data file: /bip7_disk/pingting114/mixed_bam/COLO829_PAO/TF0_25x/TF0_25x.rep4.bam.bai
[W::bam_next_basemod] MM tag refers to bases beyond sequence length
[W::hts_idx_load3] The index file is older than the data file: /bip7_disk/pingting114/mixed_bam/COLO829_PAO/TF0_25x/TF0_25x.rep4.bam.bai
[E::bam_parse_basemod2] e69a53ab-f5f6-422d-acd8-65a91f89246d: MM tag refers to bases beyond sequence length
[E::bam_parse_basemod2] 82ef3966-adc0-4716-8cb9-90159281e1c5: MM tag refers to bases beyond sequence length
[W::hts_idx_load3] The index file is older than the data file: /bip7_disk/pingting114/mixed_bam/COLO829_PAO/TF0_25x/TF0_25x.rep4.bam.bai
[W::hts_idx_load3] The index file is older than the data file: /bip7_disk/pingting114/mixed_bam/COLO829_PAO/TF0_25x/TF0_25x.rep4.bam.bai
[W::hts_idx_load3] The index file is older than the data file: /bip7_disk/pingting114/mixed_bam/COLO829_PAO/TF0_25x/TF0_25x.rep4.bam.bai
[W::hts_idx_load3] The index file is older than the data file: /bip7_disk/pingting114/mixed_bam/COLO829_PAO/TF0_25x/TF0_25x.rep4.bam.bai
[W::hts_idx_load3] The index file is older than the data file: /bip7_disk/pingting114/mixed_bam/COLO829_PAO/TF0_25x/TF0_25x.rep4.bam.bai
[W::hts_idx_load3] The index file is older than the data file: /bip7_disk/pingting114/mixed_bam/COLO829_PAO/TF0_25x/TF0_25x.rep4.bam.bai
[W::hts_idx_load3] The index file is older than the data file: /bip7_disk/pingting114/mixed_bam/COLO829_PAO/TF0_25x/TF0_25x.rep4.bam.bai
[W::bam_next_basemod] MM tag refers to bases beyond sequence length
[E::bam_parse_basemod2] f1e0635e-c22b-4d7d-b7c6-0c2614cac343: MM tag refers to bases beyond sequence length
[W::hts_idx_load3] The index file is older than the data file: /bip7_disk/pingting114/mixed_bam/COLO829_PAO/TF0_25x/TF0_25x.rep4.bam.bai
[W::hts_idx_load3] The index file is older than the data file: /bip7_disk/pingting114/mixed_bam/COLO829_PAO/TF0_25x/TF0_25x.rep4.bam.bai
[W::hts_idx_load3] The index file is older than the data file: /bip7_disk/pingting114/mixed_bam/COLO829_PAO/TF0_25x/TF0_25x.rep4.bam.bai
[W::hts_idx_load3] The index file is older than the data file: /bip7_disk/pingting114/mixed_bam/COLO829_PAO/TF0_25x/TF0_25x.rep4.bam.bai
[W::bam_next_basemod] MM tag refers to bases beyond sequence length
[W::hts_idx_load3] The index file is older than the data file: /bip7_disk/pingting114/mixed_bam/COLO829_PAO/TF0_25x/TF0_25x.rep4.bam.bai
[W::bam_next_basemod] MM tag refers to bases beyond sequence length
[W::bam_next_basemod] MM tag refers to bases beyond sequence length
[W::hts_idx_load3] The index file is older than the data file: /bip7_disk/pingting114/mixed_bam/COLO829_PAO/TF0_25x/TF0_25x.rep4.bam.bai
[W::hts_idx_load3] The index file is older than the data file: /bip7_disk/pingting114/mixed_bam/COLO829_PAO/TF0_25x/TF0_25x.rep4.bam.bai
[W::hts_idx_load3] The index file is older than the data file: /bip7_disk/pingting114/mixed_bam/COLO829_PAO/TF0_25x/TF0_25x.rep4.bam.bai
[W::hts_idx_load3] The index file is older than the data file: /bip7_disk/pingting114/mixed_bam/COLO829_PAO/TF0_25x/TF0_25x.rep4.bam.bai
[W::hts_idx_load3] The index file is older than the data file: /bip7_disk/pingting114/mixed_bam/COLO829_PAO/TF0_25x/TF0_25x.rep4.bam.bai
[W::hts_idx_load3] The index file is older than the data file: /bip7_disk/pingting114/mixed_bam/COLO829_PAO/TF0_25x/TF0_25x.rep4.bam.bai
[W::bam_next_basemod] MM tag refers to bases beyond sequence length
[W::hts_idx_load3] The index file is older than the data file: /bip7_disk/pingting114/mixed_bam/COLO829_PAO/TF0_25x/TF0_25x.rep4.bam.bai
[W::hts_idx_load3] The index file is older than the data file: /bip7_disk/pingting114/mixed_bam/COLO829_PAO/TF0_25x/TF0_25x.rep4.bam.bai
[W::bam_next_basemod] MM tag refers to bases beyond sequence length
[E::bam_parse_basemod2] c858188f-6966-4f28-9815-3fff2f1cca2e: MM tag refers to bases beyond sequence length
[W::hts_idx_load3] The index file is older than the data file: /bip7_disk/pingting114/mixed_bam/COLO829_PAO/TF0_25x/TF0_25x.rep4.bam.bai
[W::hts_idx_load3] The index file is older than the data file: /bip7_disk/pingting114/mixed_bam/COLO829_PAO/TF0_25x/TF0_25x.rep4.bam.bai
[E::bam_parse_basemod2] f40c6c38-aae5-4b8f-849e-84091d2741e3: MM tag refers to bases beyond sequence length
[W::hts_idx_load3] The index file is older than the data file: /bip7_disk/pingting114/mixed_bam/COLO829_PAO/TF0_25x/TF0_25x.rep4.bam.bai
[W::hts_idx_load3] The index file is older than the data file: /bip7_disk/pingting114/mixed_bam/COLO829_PAO/TF0_25x/TF0_25x.rep4.bam.bai
[W::bam_next_basemod] MM tag refers to bases beyond sequence length
[E::bam_parse_basemod2] a58e9189-c936-448e-9b84-da7954193894: MM tag refers to bases beyond sequence length
[W::hts_idx_load3] The index file is older than the data file: /bip7_disk/pingting114/mixed_bam/COLO829_PAO/TF0_25x/TF0_25x.rep4.bam.bai
[W::hts_idx_load3] The index file is older than the data file: /bip7_disk/pingting114/mixed_bam/COLO829_PAO/TF0_25x/TF0_25x.rep4.bam.bai
[E::bam_parse_basemod2] 3201bc50-47bc-478b-baa5-fb1736255d37: MM tag refers to bases beyond sequence length
[W::hts_idx_load3] The index file is older than the data file: /bip7_disk/pingting114/mixed_bam/COLO829_PAO/TF0_25x/TF0_25x.rep4.bam.bai
[W::hts_idx_load3] The index file is older than the data file: /bip7_disk/pingting114/mixed_bam/COLO829_PAO/TF0_25x/TF0_25x.rep4.bam.bai
[W::hts_idx_load3] The index file is older than the data file: /bip7_disk/pingting114/mixed_bam/COLO829_PAO/TF0_25x/TF0_25x.rep4.bam.bai
[W::bam_next_basemod] MM tag refers to bases beyond sequence length
[W::hts_idx_load3] The index file is older than the data file: /bip7_disk/pingting114/mixed_bam/COLO829_PAO/TF0_25x/TF0_25x.rep4.bam.bai
[E::bam_parse_basemod2] 29fc6954-2235-4b99-ab2e-3163ff1e9ad1: MM tag refers to bases beyond sequence length
[W::hts_idx_load3] The index file is older than the data file: /bip7_disk/pingting114/mixed_bam/COLO829_PAO/TF0_25x/TF0_25x.rep4.bam.bai
[W::hts_idx_load3] The index file is older than the data file: /bip7_disk/pingting114/mixed_bam/COLO829_PAO/TF0_25x/TF0_25x.rep4.bam.bai
[W::hts_idx_load3] The index file is older than the data file: /bip7_disk/pingting114/mixed_bam/COLO829_PAO/TF0_25x/TF0_25x.rep4.bam.bai
[W::hts_idx_load3] The index file is older than the data file: /bip7_disk/pingting114/mixed_bam/COLO829_PAO/TF0_25x/TF0_25x.rep4.bam.bai
[W::hts_idx_load3] The index file is older than the data file: /bip7_disk/pingting114/mixed_bam/COLO829_PAO/TF0_25x/TF0_25x.rep4.bam.bai
[W::hts_idx_load3] The index file is older than the data file: /bip7_disk/pingting114/mixed_bam/COLO829_PAO/TF0_25x/TF0_25x.rep4.bam.bai
[W::hts_idx_load3] The index file is older than the data file: /bip7_disk/pingting114/mixed_bam/COLO829_PAO/TF0_25x/TF0_25x.rep4.bam.bai
[W::bam_next_basemod] MM tag refers to bases beyond sequence length
[W::hts_idx_load3] The index file is older than the data file: /bip7_disk/pingting114/mixed_bam/COLO829_PAO/TF0_25x/TF0_25x.rep4.bam.bai
[W::bam_next_basemod] MM tag refers to bases beyond sequence length
[W::bam_next_basemod] MM tag refers to bases beyond sequence length
[W::bam_next_basemod] MM tag refers to bases beyond sequence length
[W::bam_next_basemod] MM tag refers to bases beyond sequence length
[E::bam_parse_basemod2] db54026e-3b4a-45c9-a6a6-1e3df01e7804: MM tag refers to bases beyond sequence length
[E::bam_parse_basemod2] a39805bb-d8a0-4e3a-8022-f79040e7062a: MM tag refers to bases beyond sequence length
[E::bam_parse_basemod2] 5de3bf57-b42a-4790-ac61-1be6736bb01e: MM tag refers to bases beyond sequence length
[E::bam_parse_basemod2] 1eb468de-b026-4c78-835b-e5409cf88d88: MM tag refers to bases beyond sequence length
[E::bam_parse_basemod2] 095bebb2-5623-45e4-9b65-e05405235ed3: MM tag refers to bases beyond sequence length
[E::bam_parse_basemod2] b96f547e-754f-46e8-84b3-37f02894f23b: MM tag refers to bases beyond sequence length
[E::bam_parse_basemod2] e83abfef-5889-4a08-8f80-67aab40435e4: MM tag refers to bases beyond sequence length
[E::bam_parse_basemod2] 886520a0-07a8-4eee-8e87-52f6610cdaa3: MM tag refers to bases beyond sequence length
[W::bam_next_basemod] MM tag refers to bases beyond sequence length
[W::hts_idx_load3] The index file is older than the data file: /bip7_disk/pingting114/mixed_bam/COLO829_PAO/TF0_25x/TF0_25x.rep4.bam.bai
[W::hts_idx_load3] The index file is older than the data file: /bip7_disk/pingting114/mixed_bam/COLO829_PAO/TF0_25x/TF0_25x.rep4.bam.bai
[W::bam_next_basemod] MM tag refers to bases beyond sequence length
[W::bam_next_basemod] MM tag refers to bases beyond sequence length
[W::hts_idx_load3] The index file is older than the data file: /bip7_disk/pingting114/mixed_bam/COLO829_PAO/TF0_25x/TF0_25x.rep4.bam.bai
[W::hts_idx_load3] The index file is older than the data file: /bip7_disk/pingting114/mixed_bam/COLO829_PAO/TF0_25x/TF0_25x.rep4.bam.bai
[W::hts_idx_load3] The index file is older than the data file: /bip7_disk/pingting114/mixed_bam/COLO829_PAO/TF0_25x/TF0_25x.rep4.bam.bai
[W::hts_idx_load3] The index file is older than the data file: /bip7_disk/pingting114/mixed_bam/COLO829_PAO/TF0_25x/TF0_25x.rep4.bam.bai
[W::hts_idx_load3] The index file is older than the data file: /bip7_disk/pingting114/mixed_bam/COLO829_PAO/TF0_25x/TF0_25x.rep4.bam.bai
[W::hts_idx_load3] The index file is older than the data file: /bip7_disk/pingting114/mixed_bam/COLO829_PAO/TF0_25x/TF0_25x.rep4.bam.bai
[W::hts_idx_load3] The index file is older than the data file: /bip7_disk/pingting114/mixed_bam/COLO829_PAO/TF0_25x/TF0_25x.rep4.bam.bai
[W::hts_idx_load3] The index file is older than the data file: /bip7_disk/pingting114/mixed_bam/COLO829_PAO/TF0_25x/TF0_25x.rep4.bam.bai
[W::hts_idx_load3] The index file is older than the data file: /bip7_disk/pingting114/mixed_bam/COLO829_PAO/TF0_25x/TF0_25x.rep4.bam.bai
[W::bam_next_basemod] MM tag refers to bases beyond sequence length
[W::hts_idx_load3] The index file is older than the data file: /bip7_disk/pingting114/mixed_bam/COLO829_PAO/TF0_25x/TF0_25x.rep4.bam.bai
[W::hts_idx_load3] The index file is older than the data file: /bip7_disk/pingting114/mixed_bam/COLO829_PAO/TF0_25x/TF0_25x.rep4.bam.bai
[W::hts_idx_load3] The index file is older than the data file: /bip7_disk/pingting114/mixed_bam/COLO829_PAO/TF0_25x/TF0_25x.rep4.bam.bai
[W::bam_next_basemod] MM tag refers to bases beyond sequence length
[W::hts_idx_load3] The index file is older than the data file: /bip7_disk/pingting114/mixed_bam/COLO829_PAO/TF0_25x/TF0_25x.rep4.bam.bai
[W::bam_next_basemod] MM tag refers to bases beyond sequence length
[W::hts_idx_load3] The index file is older than the data file: /bip7_disk/pingting114/mixed_bam/COLO829_PAO/TF0_25x/TF0_25x.rep4.bam.bai
[W::hts_idx_load3] The index file is older than the data file: /bip7_disk/pingting114/mixed_bam/COLO829_PAO/TF0_25x/TF0_25x.rep4.bam.bai
[W::bam_next_basemod] MM tag refers to bases beyond sequence length
[E::bam_parse_basemod2] 50748771-6bf6-4e99-82d5-35627f779005: MM tag refers to bases beyond sequence length
[W::hts_idx_load3] The index file is older than the data file: /bip7_disk/pingting114/mixed_bam/COLO829_PAO/TF0_25x/TF0_25x.rep4.bam.bai
[W::hts_idx_load3] The index file is older than the data file: /bip7_disk/pingting114/mixed_bam/COLO829_PAO/TF0_25x/TF0_25x.rep4.bam.bai
[W::hts_idx_load3] The index file is older than the data file: /bip7_disk/pingting114/mixed_bam/COLO829_PAO/TF0_25x/TF0_25x.rep4.bam.bai
[E::bam_parse_basemod2] 4d71a620-2fe2-4712-ac1e-08e3bb31dd33: MM tag refers to bases beyond sequence length
[W::hts_idx_load3] The index file is older than the data file: /bip7_disk/pingting114/mixed_bam/COLO829_PAO/TF0_25x/TF0_25x.rep4.bam.bai
[W::hts_idx_load3] The index file is older than the data file: /bip7_disk/pingting114/mixed_bam/COLO829_PAO/TF0_25x/TF0_25x.rep4.bam.bai
[W::bam_next_basemod] MM tag refers to bases beyond sequence length
[W::bam_next_basemod] MM tag refers to bases beyond sequence length
[E::bam_parse_basemod2] ffeb6e65-f3a0-48b0-94f7-84dd22925545: MM tag refers to bases beyond sequence length
[W::hts_idx_load3] The index file is older than the data file: /bip7_disk/pingting114/mixed_bam/COLO829_PAO/TF0_25x/TF0_25x.rep4.bam.bai
[W::hts_idx_load3] The index file is older than the data file: /bip7_disk/pingting114/mixed_bam/COLO829_PAO/TF0_25x/TF0_25x.rep4.bam.bai
[W::hts_idx_load3] The index file is older than the data file: /bip7_disk/pingting114/mixed_bam/COLO829_PAO/TF0_25x/TF0_25x.rep4.bam.bai
[W::hts_idx_load3] The index file is older than the data file: /bip7_disk/pingting114/mixed_bam/COLO829_PAO/TF0_25x/TF0_25x.rep4.bam.bai
[W::hts_idx_load3] The index file is older than the data file: /bip7_disk/pingting114/mixed_bam/COLO829_PAO/TF0_25x/TF0_25x.rep4.bam.bai
[W::hts_idx_load3] The index file is older than the data file: /bip7_disk/pingting114/mixed_bam/COLO829_PAO/TF0_25x/TF0_25x.rep4.bam.bai
[W::hts_idx_load3] The index file is older than the data file: /bip7_disk/pingting114/mixed_bam/COLO829_PAO/TF0_25x/TF0_25x.rep4.bam.bai
[W::hts_idx_load3] The index file is older than the data file: /bip7_disk/pingting114/mixed_bam/COLO829_PAO/TF0_25x/TF0_25x.rep4.bam.bai
[W::hts_idx_load3] The index file is older than the data file: /bip7_disk/pingting114/mixed_bam/COLO829_PAO/TF0_25x/TF0_25x.rep4.bam.bai
[W::bam_next_basemod] MM tag refers to bases beyond sequence length
[W::bam_next_basemod] MM tag refers to bases beyond sequence length
[W::bam_next_basemod] MM tag refers to bases beyond sequence length
[W::hts_idx_load3] The index file is older than the data file: /bip7_disk/pingting114/mixed_bam/COLO829_PAO/TF0_25x/TF0_25x.rep4.bam.bai
[W::hts_idx_load3] The index file is older than the data file: /bip7_disk/pingting114/mixed_bam/COLO829_PAO/TF0_25x/TF0_25x.rep4.bam.bai
[W::hts_idx_load3] The index file is older than the data file: /bip7_disk/pingting114/mixed_bam/COLO829_PAO/TF0_25x/TF0_25x.rep4.bam.bai
[W::hts_idx_load3] The index file is older than the data file: /bip7_disk/pingting114/mixed_bam/COLO829_PAO/TF0_25x/TF0_25x.rep4.bam.bai
[W::hts_idx_load3] The index file is older than the data file: /bip7_disk/pingting114/mixed_bam/COLO829_PAO/TF0_25x/TF0_25x.rep4.bam.bai
[E::bam_parse_basemod2] 3251a5c8-da85-434e-9bfa-774d3550de43: MM tag refers to bases beyond sequence length
[W::hts_idx_load3] The index file is older than the data file: /bip7_disk/pingting114/mixed_bam/COLO829_PAO/TF0_25x/TF0_25x.rep4.bam.bai
[W::hts_idx_load3] The index file is older than the data file: /bip7_disk/pingting114/mixed_bam/COLO829_PAO/TF0_25x/TF0_25x.rep4.bam.bai
[W::hts_idx_load3] The index file is older than the data file: /bip7_disk/pingting114/mixed_bam/COLO829_PAO/TF0_25x/TF0_25x.rep4.bam.bai
[W::hts_idx_load3] The index file is older than the data file: /bip7_disk/pingting114/mixed_bam/COLO829_PAO/TF0_25x/TF0_25x.rep4.bam.bai
[W::hts_idx_load3] The index file is older than the data file: /bip7_disk/pingting114/mixed_bam/COLO829_PAO/TF0_25x/TF0_25x.rep4.bam.bai
[E::bam_parse_basemod2] da156cc9-8930-4e4e-aa36-5a88d60bd31a: MM tag refers to bases beyond sequence length
[W::bam_next_basemod] MM tag refers to bases beyond sequence length
[W::hts_idx_load3] The index file is older than the data file: /bip7_disk/pingting114/mixed_bam/COLO829_PAO/TF0_25x/TF0_25x.rep4.bam.bai
[W::hts_idx_load3] The index file is older than the data file: /bip7_disk/pingting114/mixed_bam/COLO829_PAO/TF0_25x/TF0_25x.rep4.bam.bai
[W::hts_idx_load3] The index file is older than the data file: /bip7_disk/pingting114/mixed_bam/COLO829_PAO/TF0_25x/TF0_25x.rep4.bam.bai
[W::hts_idx_load3] The index file is older than the data file: /bip7_disk/pingting114/mixed_bam/COLO829_PAO/TF0_25x/TF0_25x.rep4.bam.bai
[W::bam_next_basemod] MM tag refers to bases beyond sequence length
[W::bam_next_basemod] MM tag refers to bases beyond sequence length
[W::hts_idx_load3] The index file is older than the data file: /bip7_disk/pingting114/mixed_bam/COLO829_PAO/TF0_25x/TF0_25x.rep4.bam.bai
[W::hts_idx_load3] The index file is older than the data file: /bip7_disk/pingting114/mixed_bam/COLO829_PAO/TF0_25x/TF0_25x.rep4.bam.bai
[W::hts_idx_load3] The index file is older than the data file: /bip7_disk/pingting114/mixed_bam/COLO829_PAO/TF0_25x/TF0_25x.rep4.bam.bai
[W::bam_next_basemod] MM tag refers to bases beyond sequence length
[E::bam_parse_basemod2] c1a1c65e-b2a0-42e0-b707-d0511149be2e: MM tag refers to bases beyond sequence length
[W::bam_next_basemod] MM tag refers to bases beyond sequence length
[W::hts_idx_load3] The index file is older than the data file: /bip7_disk/pingting114/mixed_bam/COLO829_PAO/TF0_25x/TF0_25x.rep4.bam.bai
[W::hts_idx_load3] The index file is older than the data file: /bip7_disk/pingting114/mixed_bam/COLO829_PAO/TF0_25x/TF0_25x.rep4.bam.bai
[W::bam_next_basemod] MM tag refers to bases beyond sequence length
[W::hts_idx_load3] The index file is older than the data file: /bip7_disk/pingting114/mixed_bam/COLO829_PAO/TF0_25x/TF0_25x.rep4.bam.bai
[E::bam_parse_basemod2] 540f4242-2bf2-43e2-97a2-666b9c56c4f5: MM tag refers to bases beyond sequence length
[W::hts_idx_load3] The index file is older than the data file: /bip7_disk/pingting114/mixed_bam/COLO829_PAO/TF0_25x/TF0_25x.rep4.bam.bai
[W::bam_next_basemod] MM tag refers to bases beyond sequence length
[W::hts_idx_load3] The index file is older than the data file: /bip7_disk/pingting114/mixed_bam/COLO829_PAO/TF0_25x/TF0_25x.rep4.bam.bai
[W::bam_next_basemod] MM tag refers to bases beyond sequence length
[W::hts_idx_load3] The index file is older than the data file: /bip7_disk/pingting114/mixed_bam/COLO829_PAO/TF0_25x/TF0_25x.rep4.bam.bai
[W::bam_next_basemod] MM tag refers to bases beyond sequence length
[W::bam_next_basemod] MM tag refers to bases beyond sequence length
[W::hts_idx_load3] The index file is older than the data file: /bip7_disk/pingting114/mixed_bam/COLO829_PAO/TF0_25x/TF0_25x.rep4.bam.bai
[W::hts_idx_load3] The index file is older than the data file: /bip7_disk/pingting114/mixed_bam/COLO829_PAO/TF0_25x/TF0_25x.rep4.bam.bai
[E::bam_parse_basemod2] 98931f87-325e-4987-97dc-f6bb9af7628d: MM tag refers to bases beyond sequence length
[W::hts_idx_load3] The index file is older than the data file: /bip7_disk/pingting114/mixed_bam/COLO829_PAO/TF0_25x/TF0_25x.rep4.bam.bai
[W::hts_idx_load3] The index file is older than the data file: /bip7_disk/pingting114/mixed_bam/COLO829_PAO/TF0_25x/TF0_25x.rep4.bam.bai
[W::hts_idx_load3] The index file is older than the data file: /bip7_disk/pingting114/mixed_bam/COLO829_PAO/TF0_25x/TF0_25x.rep4.bam.bai
[W::hts_idx_load3] The index file is older than the data file: /bip7_disk/pingting114/mixed_bam/COLO829_PAO/TF0_25x/TF0_25x.rep4.bam.bai
[W::bam_next_basemod] MM tag refers to bases beyond sequence length
[W::hts_idx_load3] The index file is older than the data file: /bip7_disk/pingting114/mixed_bam/COLO829_PAO/TF0_25x/TF0_25x.rep4.bam.bai
[W::hts_idx_load3] The index file is older than the data file: /bip7_disk/pingting114/mixed_bam/COLO829_PAO/TF0_25x/TF0_25x.rep4.bam.bai
[W::hts_idx_load3] The index file is older than the data file: /bip7_disk/pingting114/mixed_bam/COLO829_PAO/TF0_25x/TF0_25x.rep4.bam.bai
[W::hts_idx_load3] The index file is older than the data file: /bip7_disk/pingting114/mixed_bam/COLO829_PAO/TF0_25x/TF0_25x.rep4.bam.bai
[W::hts_idx_load3] The index file is older than the data file: /bip7_disk/pingting114/mixed_bam/COLO829_PAO/TF0_25x/TF0_25x.rep4.bam.bai
[E::bam_parse_basemod2] 7a6e4fe6-d2b4-47ce-a4d4-c0d5438aaf9f: MM tag refers to bases beyond sequence length
[W::hts_idx_load3] The index file is older than the data file: /bip7_disk/pingting114/mixed_bam/COLO829_PAO/TF0_25x/TF0_25x.rep4.bam.bai
[W::bam_next_basemod] MM tag refers to bases beyond sequence length
[W::hts_idx_load3] The index file is older than the data file: /bip7_disk/pingting114/mixed_bam/COLO829_PAO/TF0_25x/TF0_25x.rep4.bam.bai
[W::hts_idx_load3] The index file is older than the data file: /bip7_disk/pingting114/mixed_bam/COLO829_PAO/TF0_25x/TF0_25x.rep4.bam.bai
[W::hts_idx_load3] The index file is older than the data file: /bip7_disk/pingting114/mixed_bam/COLO829_PAO/TF0_25x/TF0_25x.rep4.bam.bai
[W::hts_idx_load3] The index file is older than the data file: /bip7_disk/pingting114/mixed_bam/COLO829_PAO/TF0_25x/TF0_25x.rep4.bam.bai
[E::bam_parse_basemod2] aa2ba0fc-74b2-4c45-ad28-1aff6ba961e5: MM tag refers to bases beyond sequence length
[W::hts_idx_load3] The index file is older than the data file: /bip7_disk/pingting114/mixed_bam/COLO829_PAO/TF0_25x/TF0_25x.rep4.bam.bai
[W::hts_idx_load3] The index file is older than the data file: /bip7_disk/pingting114/mixed_bam/COLO829_PAO/TF0_25x/TF0_25x.rep4.bam.bai
[W::hts_idx_load3] The index file is older than the data file: /bip7_disk/pingting114/mixed_bam/COLO829_PAO/TF0_25x/TF0_25x.rep4.bam.bai
[W::hts_idx_load3] The index file is older than the data file: /bip7_disk/pingting114/mixed_bam/COLO829_PAO/TF0_25x/TF0_25x.rep4.bam.bai
[W::hts_idx_load3] The index file is older than the data file: /bip7_disk/pingting114/mixed_bam/COLO829_PAO/TF0_25x/TF0_25x.rep4.bam.bai
[W::hts_idx_load3] The index file is older than the data file: /bip7_disk/pingting114/mixed_bam/COLO829_PAO/TF0_25x/TF0_25x.rep4.bam.bai
[W::hts_idx_load3] The index file is older than the data file: /bip7_disk/pingting114/mixed_bam/COLO829_PAO/TF0_25x/TF0_25x.rep4.bam.bai
[W::hts_idx_load3] The index file is older than the data file: /bip7_disk/pingting114/mixed_bam/COLO829_PAO/TF0_25x/TF0_25x.rep4.bam.bai
[W::hts_idx_load3] The index file is older than the data file: /bip7_disk/pingting114/mixed_bam/COLO829_PAO/TF0_25x/TF0_25x.rep4.bam.bai
[W::bam_next_basemod] MM tag refers to bases beyond sequence length
[E::bam_parse_basemod2] bb4c765e-635b-4c4b-9918-e9d2e08f1a79: MM tag refers to bases beyond sequence length
[W::hts_idx_load3] The index file is older than the data file: /bip7_disk/pingting114/mixed_bam/COLO829_PAO/TF0_25x/TF0_25x.rep4.bam.bai
[W::hts_idx_load3] The index file is older than the data file: /bip7_disk/pingting114/mixed_bam/COLO829_PAO/TF0_25x/TF0_25x.rep4.bam.bai
[W::hts_idx_load3] The index file is older than the data file: /bip7_disk/pingting114/mixed_bam/COLO829_PAO/TF0_25x/TF0_25x.rep4.bam.bai
[W::bam_next_basemod] MM tag refers to bases beyond sequence length
[W::hts_idx_load3] The index file is older than the data file: /bip7_disk/pingting114/mixed_bam/COLO829_PAO/TF0_25x/TF0_25x.rep4.bam.bai
[W::hts_idx_load3] The index file is older than the data file: /bip7_disk/pingting114/mixed_bam/COLO829_PAO/TF0_25x/TF0_25x.rep4.bam.bai
[W::hts_idx_load3] The index file is older than the data file: /bip7_disk/pingting114/mixed_bam/COLO829_PAO/TF0_25x/TF0_25x.rep4.bam.bai
[W::hts_idx_load3] The index file is older than the data file: /bip7_disk/pingting114/mixed_bam/COLO829_PAO/TF0_25x/TF0_25x.rep4.bam.bai
[W::hts_idx_load3] The index file is older than the data file: /bip7_disk/pingting114/mixed_bam/COLO829_PAO/TF0_25x/TF0_25x.rep4.bam.bai
[W::bam_next_basemod] MM tag refers to bases beyond sequence length
[E::bam_parse_basemod2] d5e4962a-1ab4-460c-8116-be1c46feaade: MM tag refers to bases beyond sequence length
[W::hts_idx_load3] The index file is older than the data file: /bip7_disk/pingting114/mixed_bam/COLO829_PAO/TF0_25x/TF0_25x.rep4.bam.bai
[W::hts_idx_load3] The index file is older than the data file: /bip7_disk/pingting114/mixed_bam/COLO829_PAO/TF0_25x/TF0_25x.rep4.bam.bai
[W::hts_idx_load3] The index file is older than the data file: /bip7_disk/pingting114/mixed_bam/COLO829_PAO/TF0_25x/TF0_25x.rep4.bam.bai
[W::hts_idx_load3] The index file is older than the data file: /bip7_disk/pingting114/mixed_bam/COLO829_PAO/TF0_25x/TF0_25x.rep4.bam.bai
[W::hts_idx_load3] The index file is older than the data file: /bip7_disk/pingting114/mixed_bam/COLO829_PAO/TF0_25x/TF0_25x.rep4.bam.bai
[W::bam_next_basemod] MM tag refers to bases beyond sequence length
[W::hts_idx_load3] The index file is older than the data file: /bip7_disk/pingting114/mixed_bam/COLO829_PAO/TF0_25x/TF0_25x.rep4.bam.bai
[W::bam_next_basemod] MM tag refers to bases beyond sequence length
[W::hts_idx_load3] The index file is older than the data file: /bip7_disk/pingting114/mixed_bam/COLO829_PAO/TF0_25x/TF0_25x.rep4.bam.bai
[E::bam_parse_basemod2] fd95b0bd-c16b-40a2-83d2-54e8951c2976: MM tag refers to bases beyond sequence length
[W::hts_idx_load3] The index file is older than the data file: /bip7_disk/pingting114/mixed_bam/COLO829_PAO/TF0_25x/TF0_25x.rep4.bam.bai
[W::hts_idx_load3] The index file is older than the data file: /bip7_disk/pingting114/mixed_bam/COLO829_PAO/TF0_25x/TF0_25x.rep4.bam.bai
[W::hts_idx_load3] The index file is older than the data file: /bip7_disk/pingting114/mixed_bam/COLO829_PAO/TF0_25x/TF0_25x.rep4.bam.bai
[W::hts_idx_load3] The index file is older than the data file: /bip7_disk/pingting114/mixed_bam/COLO829_PAO/TF0_25x/TF0_25x.rep4.bam.bai
[W::bam_next_basemod] MM tag refers to bases beyond sequence length
[E::bam_parse_basemod2] 4c66bf96-c69d-402f-81d2-386c53748bee: MM tag refers to bases beyond sequence length
[W::bam_next_basemod] MM tag refers to bases beyond sequence length
[W::hts_idx_load3] The index file is older than the data file: /bip7_disk/pingting114/mixed_bam/COLO829_PAO/TF0_25x/TF0_25x.rep4.bam.bai
[W::bam_next_basemod] MM tag refers to bases beyond sequence length
[W::hts_idx_load3] The index file is older than the data file: /bip7_disk/pingting114/mixed_bam/COLO829_PAO/TF0_25x/TF0_25x.rep4.bam.bai
[W::hts_idx_load3] The index file is older than the data file: /bip7_disk/pingting114/mixed_bam/COLO829_PAO/TF0_25x/TF0_25x.rep4.bam.bai
[E::bam_parse_basemod2] b8308d78-c37a-4487-93ca-14c52b6cbdd2: MM tag refers to bases beyond sequence length
[W::hts_idx_load3] The index file is older than the data file: /bip7_disk/pingting114/mixed_bam/COLO829_PAO/TF0_25x/TF0_25x.rep4.bam.bai
[E::bam_parse_basemod2] adabbf53-3c52-4cca-888d-bbd60a1011a1: MM tag refers to bases beyond sequence length
[E::bam_parse_basemod2] 7de52ddc-92af-4101-a27c-de104b6b8b8c: MM tag refers to bases beyond sequence length
[E::bam_parse_basemod2] 759f6559-9229-46da-a2c9-66bf20e85b7b: MM tag refers to bases beyond sequence length
[W::hts_idx_load3] The index file is older than the data file: /bip7_disk/pingting114/mixed_bam/COLO829_PAO/TF0_25x/TF0_25x.rep4.bam.bai
[W::hts_idx_load3] The index file is older than the data file: /bip7_disk/pingting114/mixed_bam/COLO829_PAO/TF0_25x/TF0_25x.rep4.bam.bai
[W::hts_idx_load3] The index file is older than the data file: /bip7_disk/pingting114/mixed_bam/COLO829_PAO/TF0_25x/TF0_25x.rep4.bam.bai
[W::bam_next_basemod] MM tag refers to bases beyond sequence length
[W::hts_idx_load3] The index file is older than the data file: /bip7_disk/pingting114/mixed_bam/COLO829_PAO/TF0_25x/TF0_25x.rep4.bam.bai
[W::bam_next_basemod] MM tag refers to bases beyond sequence length
[W::hts_idx_load3] The index file is older than the data file: /bip7_disk/pingting114/mixed_bam/COLO829_PAO/TF0_25x/TF0_25x.rep4.bam.bai
[W::hts_idx_load3] The index file is older than the data file: /bip7_disk/pingting114/mixed_bam/COLO829_PAO/TF0_25x/TF0_25x.rep4.bam.bai
[W::hts_idx_load3] The index file is older than the data file: /bip7_disk/pingting114/mixed_bam/COLO829_PAO/TF0_25x/TF0_25x.rep4.bam.bai
[W::hts_idx_load3] The index file is older than the data file: /bip7_disk/pingting114/mixed_bam/COLO829_PAO/TF0_25x/TF0_25x.rep4.bam.bai
[W::hts_idx_load3] The index file is older than the data file: /bip7_disk/pingting114/mixed_bam/COLO829_PAO/TF0_25x/TF0_25x.rep4.bam.bai
[W::hts_idx_load3] The index file is older than the data file: /bip7_disk/pingting114/mixed_bam/COLO829_PAO/TF0_25x/TF0_25x.rep4.bam.bai
[W::hts_idx_load3] The index file is older than the data file: /bip7_disk/pingting114/mixed_bam/COLO829_PAO/TF0_25x/TF0_25x.rep4.bam.bai
[W::hts_idx_load3] The index file is older than the data file: /bip7_disk/pingting114/mixed_bam/COLO829_PAO/TF0_25x/TF0_25x.rep4.bam.bai
[W::hts_idx_load3] The index file is older than the data file: /bip7_disk/pingting114/mixed_bam/COLO829_PAO/TF0_25x/TF0_25x.rep4.bam.bai
[W::hts_idx_load3] The index file is older than the data file: /bip7_disk/pingting114/mixed_bam/COLO829_PAO/TF0_25x/TF0_25x.rep4.bam.bai
[W::hts_idx_load3] The index file is older than the data file: /bip7_disk/pingting114/mixed_bam/COLO829_PAO/TF0_25x/TF0_25x.rep4.bam.bai
[W::hts_idx_load3] The index file is older than the data file: /bip7_disk/pingting114/mixed_bam/COLO829_PAO/TF0_25x/TF0_25x.rep4.bam.bai
[W::bam_next_basemod] MM tag refers to bases beyond sequence length
[W::hts_idx_load3] The index file is older than the data file: /bip7_disk/pingting114/mixed_bam/COLO829_PAO/TF0_25x/TF0_25x.rep4.bam.bai
[W::hts_idx_load3] The index file is older than the data file: /bip7_disk/pingting114/mixed_bam/COLO829_PAO/TF0_25x/TF0_25x.rep4.bam.bai
[W::hts_idx_load3] The index file is older than the data file: /bip7_disk/pingting114/mixed_bam/COLO829_PAO/TF0_25x/TF0_25x.rep4.bam.bai
[W::hts_idx_load3] The index file is older than the data file: /bip7_disk/pingting114/mixed_bam/COLO829_PAO/TF0_25x/TF0_25x.rep4.bam.bai
[W::hts_idx_load3] The index file is older than the data file: /bip7_disk/pingting114/mixed_bam/COLO829_PAO/TF0_25x/TF0_25x.rep4.bam.bai
[E::bam_parse_basemod2] aafa3734-1400-44ee-9ec7-f9670c17938c: MM tag refers to bases beyond sequence length
[W::bam_next_basemod] MM tag refers to bases beyond sequence length
[W::hts_idx_load3] The index file is older than the data file: /bip7_disk/pingting114/mixed_bam/COLO829_PAO/TF0_25x/TF0_25x.rep4.bam.bai
[E::bam_parse_basemod2] cc030635-3aee-4a9c-a087-32fa76c46fd8: MM tag refers to bases beyond sequence length
[W::hts_idx_load3] The index file is older than the data file: /bip7_disk/pingting114/mixed_bam/COLO829_PAO/TF0_25x/TF0_25x.rep4.bam.bai
[W::hts_idx_load3] The index file is older than the data file: /bip7_disk/pingting114/mixed_bam/COLO829_PAO/TF0_25x/TF0_25x.rep4.bam.bai
[W::hts_idx_load3] The index file is older than the data file: /bip7_disk/pingting114/mixed_bam/COLO829_PAO/TF0_25x/TF0_25x.rep4.bam.bai
[E::bam_parse_basemod2] 3a6dcecc-2bf8-4ebc-aafa-03df84f93057: MM tag refers to bases beyond sequence length
[W::hts_idx_load3] The index file is older than the data file: /bip7_disk/pingting114/mixed_bam/COLO829_PAO/TF0_25x/TF0_25x.rep4.bam.bai
[W::hts_idx_load3] The index file is older than the data file: /bip7_disk/pingting114/mixed_bam/COLO829_PAO/TF0_25x/TF0_25x.rep4.bam.bai
[W::bam_next_basemod] MM tag refers to bases beyond sequence length
[W::hts_idx_load3] The index file is older than the data file: /bip7_disk/pingting114/mixed_bam/COLO829_PAO/TF0_25x/TF0_25x.rep4.bam.bai
[W::hts_idx_load3] The index file is older than the data file: /bip7_disk/pingting114/mixed_bam/COLO829_PAO/TF0_25x/TF0_25x.rep4.bam.bai
[W::hts_idx_load3] The index file is older than the data file: /bip7_disk/pingting114/mixed_bam/COLO829_PAO/TF0_25x/TF0_25x.rep4.bam.bai
[W::hts_idx_load3] The index file is older than the data file: /bip7_disk/pingting114/mixed_bam/COLO829_PAO/TF0_25x/TF0_25x.rep4.bam.bai
[E::bam_parse_basemod2] efcae92b-509e-4fa9-b3a4-a581ca338e72: MM tag refers to bases beyond sequence length
[W::bam_next_basemod] MM tag refers to bases beyond sequence length
[E::bam_parse_basemod2] 662f1627-5d2e-43fc-856f-44678369c088: MM tag refers to bases beyond sequence length
[W::bam_next_basemod] MM tag refers to bases beyond sequence length
[W::bam_next_basemod] MM tag refers to bases beyond sequence length
[W::bam_next_basemod] MM tag refers to bases beyond sequence length
[W::hts_idx_load3] The index file is older than the data file: /bip7_disk/pingting114/mixed_bam/COLO829_PAO/TF0_25x/TF0_25x.rep4.bam.bai
[W::hts_idx_load3] The index file is older than the data file: /bip7_disk/pingting114/mixed_bam/COLO829_PAO/TF0_25x/TF0_25x.rep4.bam.bai
[W::hts_idx_load3] The index file is older than the data file: /bip7_disk/pingting114/mixed_bam/COLO829_PAO/TF0_25x/TF0_25x.rep4.bam.bai
[W::hts_idx_load3] The index file is older than the data file: /bip7_disk/pingting114/mixed_bam/COLO829_PAO/TF0_25x/TF0_25x.rep4.bam.bai
[W::bam_next_basemod] MM tag refers to bases beyond sequence length
[W::hts_idx_load3] The index file is older than the data file: /bip7_disk/pingting114/mixed_bam/COLO829_PAO/TF0_25x/TF0_25x.rep4.bam.bai
[W::hts_idx_load3] The index file is older than the data file: /bip7_disk/pingting114/mixed_bam/COLO829_PAO/TF0_25x/TF0_25x.rep4.bam.bai
[W::hts_idx_load3] The index file is older than the data file: /bip7_disk/pingting114/mixed_bam/COLO829_PAO/TF0_25x/TF0_25x.rep4.bam.bai
[W::bam_next_basemod] MM tag refers to bases beyond sequence length
[W::bam_next_basemod] MM tag refers to bases beyond sequence length
[W::bam_next_basemod] MM tag refers to bases beyond sequence length
[W::hts_idx_load3] The index file is older than the data file: /bip7_disk/pingting114/mixed_bam/COLO829_PAO/TF0_25x/TF0_25x.rep4.bam.bai
[W::hts_idx_load3] The index file is older than the data file: /bip7_disk/pingting114/mixed_bam/COLO829_PAO/TF0_25x/TF0_25x.rep4.bam.bai
[W::bam_next_basemod] MM tag refers to bases beyond sequence length
[W::hts_idx_load3] The index file is older than the data file: /bip7_disk/pingting114/mixed_bam/COLO829_PAO/TF0_25x/TF0_25x.rep4.bam.bai
[W::hts_idx_load3] The index file is older than the data file: /bip7_disk/pingting114/mixed_bam/COLO829_PAO/TF0_25x/TF0_25x.rep4.bam.bai
[W::bam_next_basemod] MM tag refers to bases beyond sequence length
[W::bam_next_basemod] MM tag refers to bases beyond sequence length
[W::hts_idx_load3] The index file is older than the data file: /bip7_disk/pingting114/mixed_bam/COLO829_PAO/TF0_25x/TF0_25x.rep4.bam.bai
[W::hts_idx_load3] The index file is older than the data file: /bip7_disk/pingting114/mixed_bam/COLO829_PAO/TF0_25x/TF0_25x.rep4.bam.bai
[E::bam_parse_basemod2] 38c4a322-e9ad-4f1b-852d-84f65cb8f2be: MM tag refers to bases beyond sequence length
[W::hts_idx_load3] The index file is older than the data file: /bip7_disk/pingting114/mixed_bam/COLO829_PAO/TF0_25x/TF0_25x.rep4.bam.bai
[W::hts_idx_load3] The index file is older than the data file: /bip7_disk/pingting114/mixed_bam/COLO829_PAO/TF0_25x/TF0_25x.rep4.bam.bai
[W::bam_next_basemod] MM tag refers to bases beyond sequence length
[W::hts_idx_load3] The index file is older than the data file: /bip7_disk/pingting114/mixed_bam/COLO829_PAO/TF0_25x/TF0_25x.rep4.bam.bai
[W::bam_next_basemod] MM tag refers to bases beyond sequence length
[W::hts_idx_load3] The index file is older than the data file: /bip7_disk/pingting114/mixed_bam/COLO829_PAO/TF0_25x/TF0_25x.rep4.bam.bai
[W::hts_idx_load3] The index file is older than the data file: /bip7_disk/pingting114/mixed_bam/COLO829_PAO/TF0_25x/TF0_25x.rep4.bam.bai
[E::bam_parse_basemod2] 39bc29d5-0c10-487f-a384-b790a152d045: MM tag refers to bases beyond sequence length
[W::hts_idx_load3] The index file is older than the data file: /bip7_disk/pingting114/mixed_bam/COLO829_PAO/TF0_25x/TF0_25x.rep4.bam.bai
[W::hts_idx_load3] The index file is older than the data file: /bip7_disk/pingting114/mixed_bam/COLO829_PAO/TF0_25x/TF0_25x.rep4.bam.bai
[E::bam_parse_basemod2] 432dc2b3-3b83-46d0-a669-40f3a3c45caa: MM tag refers to bases beyond sequence length
[W::hts_idx_load3] The index file is older than the data file: /bip7_disk/pingting114/mixed_bam/COLO829_PAO/TF0_25x/TF0_25x.rep4.bam.bai
[W::bam_next_basemod] MM tag refers to bases beyond sequence length
[E::bam_parse_basemod2] a6cbdb9b-f4b9-4556-b015-905c3d5df29c: MM tag refers to bases beyond sequence length
[W::hts_idx_load3] The index file is older than the data file: /bip7_disk/pingting114/mixed_bam/COLO829_PAO/TF0_25x/TF0_25x.rep4.bam.bai
[W::bam_next_basemod] MM tag refers to bases beyond sequence length
[W::hts_idx_load3] The index file is older than the data file: /bip7_disk/pingting114/mixed_bam/COLO829_PAO/TF0_25x/TF0_25x.rep4.bam.bai
[W::hts_idx_load3] The index file is older than the data file: /bip7_disk/pingting114/mixed_bam/COLO829_PAO/TF0_25x/TF0_25x.rep4.bam.bai
[W::bam_next_basemod] MM tag refers to bases beyond sequence length
[W::hts_idx_load3] The index file is older than the data file: /bip7_disk/pingting114/mixed_bam/COLO829_PAO/TF0_25x/TF0_25x.rep4.bam.bai
[W::hts_idx_load3] The index file is older than the data file: /bip7_disk/pingting114/mixed_bam/COLO829_PAO/TF0_25x/TF0_25x.rep4.bam.bai
[W::hts_idx_load3] The index file is older than the data file: /bip7_disk/pingting114/mixed_bam/COLO829_PAO/TF0_25x/TF0_25x.rep4.bam.bai
[W::hts_idx_load3] The index file is older than the data file: /bip7_disk/pingting114/mixed_bam/COLO829_PAO/TF0_25x/TF0_25x.rep4.bam.bai
[W::hts_idx_load3] The index file is older than the data file: /bip7_disk/pingting114/mixed_bam/COLO829_PAO/TF0_25x/TF0_25x.rep4.bam.bai
[W::hts_idx_load3] The index file is older than the data file: /bip7_disk/pingting114/mixed_bam/COLO829_PAO/TF0_25x/TF0_25x.rep4.bam.bai
[W::bam_next_basemod] MM tag refers to bases beyond sequence length
[W::hts_idx_load3] The index file is older than the data file: /bip7_disk/pingting114/mixed_bam/COLO829_PAO/TF0_25x/TF0_25x.rep4.bam.bai
[W::hts_idx_load3] The index file is older than the data file: /bip7_disk/pingting114/mixed_bam/COLO829_PAO/TF0_25x/TF0_25x.rep4.bam.bai
[W::hts_idx_load3] The index file is older than the data file: /bip7_disk/pingting114/mixed_bam/COLO829_PAO/TF0_25x/TF0_25x.rep4.bam.bai
[W::hts_idx_load3] The index file is older than the data file: /bip7_disk/pingting114/mixed_bam/COLO829_PAO/TF0_25x/TF0_25x.rep4.bam.bai
[W::hts_idx_load3] The index file is older than the data file: /bip7_disk/pingting114/mixed_bam/COLO829_PAO/TF0_25x/TF0_25x.rep4.bam.bai
[W::bam_next_basemod] MM tag refers to bases beyond sequence length
[W::hts_idx_load3] The index file is older than the data file: /bip7_disk/pingting114/mixed_bam/COLO829_PAO/TF0_25x/TF0_25x.rep4.bam.bai
[W::bam_next_basemod] MM tag refers to bases beyond sequence length
[W::hts_idx_load3] The index file is older than the data file: /bip7_disk/pingting114/mixed_bam/COLO829_PAO/TF0_25x/TF0_25x.rep4.bam.bai
[W::hts_idx_load3] The index file is older than the data file: /bip7_disk/pingting114/mixed_bam/COLO829_PAO/TF0_25x/TF0_25x.rep4.bam.bai
[W::hts_idx_load3] The index file is older than the data file: /bip7_disk/pingting114/mixed_bam/COLO829_PAO/TF0_25x/TF0_25x.rep4.bam.bai
[W::hts_idx_load3] The index file is older than the data file: /bip7_disk/pingting114/mixed_bam/COLO829_PAO/TF0_25x/TF0_25x.rep4.bam.bai
[W::hts_idx_load3] The index file is older than the data file: /bip7_disk/pingting114/mixed_bam/COLO829_PAO/TF0_25x/TF0_25x.rep4.bam.bai
[W::bam_next_basemod] MM tag refers to bases beyond sequence length
[W::hts_idx_load3] The index file is older than the data file: /bip7_disk/pingting114/mixed_bam/COLO829_PAO/TF0_25x/TF0_25x.rep4.bam.bai
[W::hts_idx_load3] The index file is older than the data file: /bip7_disk/pingting114/mixed_bam/COLO829_PAO/TF0_25x/TF0_25x.rep4.bam.bai
[W::bam_next_basemod] MM tag refers to bases beyond sequence length
[W::hts_idx_load3] The index file is older than the data file: /bip7_disk/pingting114/mixed_bam/COLO829_PAO/TF0_25x/TF0_25x.rep4.bam.bai
[W::hts_idx_load3] The index file is older than the data file: /bip7_disk/pingting114/mixed_bam/COLO829_PAO/TF0_25x/TF0_25x.rep4.bam.bai
[W::hts_idx_load3] The index file is older than the data file: /bip7_disk/pingting114/mixed_bam/COLO829_PAO/TF0_25x/TF0_25x.rep4.bam.bai
[W::hts_idx_load3] The index file is older than the data file: /bip7_disk/pingting114/mixed_bam/COLO829_PAO/TF0_25x/TF0_25x.rep4.bam.bai
[W::hts_idx_load3] The index file is older than the data file: /bip7_disk/pingting114/mixed_bam/COLO829_PAO/TF0_25x/TF0_25x.rep4.bam.bai
[W::hts_idx_load3] The index file is older than the data file: /bip7_disk/pingting114/mixed_bam/COLO829_PAO/TF0_25x/TF0_25x.rep4.bam.bai
[W::hts_idx_load3] The index file is older than the data file: /bip7_disk/pingting114/mixed_bam/COLO829_PAO/TF0_25x/TF0_25x.rep4.bam.bai
[W::hts_idx_load3] The index file is older than the data file: /bip7_disk/pingting114/mixed_bam/COLO829_PAO/TF0_25x/TF0_25x.rep4.bam.bai
[W::hts_idx_load3] The index file is older than the data file: /bip7_disk/pingting114/mixed_bam/COLO829_PAO/TF0_25x/TF0_25x.rep4.bam.bai
[W::hts_idx_load3] The index file is older than the data file: /bip7_disk/pingting114/mixed_bam/COLO829_PAO/TF0_25x/TF0_25x.rep4.bam.bai
[W::hts_idx_load3] The index file is older than the data file: /bip7_disk/pingting114/mixed_bam/COLO829_PAO/TF0_25x/TF0_25x.rep4.bam.bai
[W::hts_idx_load3] The index file is older than the data file: /bip7_disk/pingting114/mixed_bam/COLO829_PAO/TF0_25x/TF0_25x.rep4.bam.bai
[W::hts_idx_load3] The index file is older than the data file: /bip7_disk/pingting114/mixed_bam/COLO829_PAO/TF0_25x/TF0_25x.rep4.bam.bai
[W::hts_idx_load3] The index file is older than the data file: /bip7_disk/pingting114/mixed_bam/COLO829_PAO/TF0_25x/TF0_25x.rep4.bam.bai
[W::hts_idx_load3] The index file is older than the data file: /bip7_disk/pingting114/mixed_bam/COLO829_PAO/TF0_25x/TF0_25x.rep4.bam.bai
[E::bam_parse_basemod2] 9cc61cb8-752f-4329-8e9b-d46d930a9a2d: MM tag refers to bases beyond sequence length
[W::hts_idx_load3] The index file is older than the data file: /bip7_disk/pingting114/mixed_bam/COLO829_PAO/TF0_25x/TF0_25x.rep4.bam.bai
[W::hts_idx_load3] The index file is older than the data file: /bip7_disk/pingting114/mixed_bam/COLO829_PAO/TF0_25x/TF0_25x.rep4.bam.bai
[W::hts_idx_load3] The index file is older than the data file: /bip7_disk/pingting114/mixed_bam/COLO829_PAO/TF0_25x/TF0_25x.rep4.bam.bai
[W::hts_idx_load3] The index file is older than the data file: /bip7_disk/pingting114/mixed_bam/COLO829_PAO/TF0_25x/TF0_25x.rep4.bam.bai
[W::hts_idx_load3] The index file is older than the data file: /bip7_disk/pingting114/mixed_bam/COLO829_PAO/TF0_25x/TF0_25x.rep4.bam.bai
[W::hts_idx_load3] The index file is older than the data file: /bip7_disk/pingting114/mixed_bam/COLO829_PAO/TF0_25x/TF0_25x.rep4.bam.bai
[W::bam_next_basemod] MM tag refers to bases beyond sequence length
[W::hts_idx_load3] The index file is older than the data file: /bip7_disk/pingting114/mixed_bam/COLO829_PAO/TF0_25x/TF0_25x.rep4.bam.bai
[W::hts_idx_load3] The index file is older than the data file: /bip7_disk/pingting114/mixed_bam/COLO829_PAO/TF0_25x/TF0_25x.rep4.bam.bai
[W::hts_idx_load3] The index file is older than the data file: /bip7_disk/pingting114/mixed_bam/COLO829_PAO/TF0_25x/TF0_25x.rep4.bam.bai
[W::hts_idx_load3] The index file is older than the data file: /bip7_disk/pingting114/mixed_bam/COLO829_PAO/TF0_25x/TF0_25x.rep4.bam.bai
[E::bam_parse_basemod2] 618f6e9b-baa7-4864-ab3a-d4aa1c293364: MM tag refers to bases beyond sequence length
[W::hts_idx_load3] The index file is older than the data file: /bip7_disk/pingting114/mixed_bam/COLO829_PAO/TF0_25x/TF0_25x.rep4.bam.bai
[W::hts_idx_load3] The index file is older than the data file: /bip7_disk/pingting114/mixed_bam/COLO829_PAO/TF0_25x/TF0_25x.rep4.bam.bai
[W::bam_next_basemod] MM tag refers to bases beyond sequence length
[W::hts_idx_load3] The index file is older than the data file: /bip7_disk/pingting114/mixed_bam/COLO829_PAO/TF0_25x/TF0_25x.rep4.bam.bai
[W::hts_idx_load3] The index file is older than the data file: /bip7_disk/pingting114/mixed_bam/COLO829_PAO/TF0_25x/TF0_25x.rep4.bam.bai
[W::hts_idx_load3] The index file is older than the data file: /bip7_disk/pingting114/mixed_bam/COLO829_PAO/TF0_25x/TF0_25x.rep4.bam.bai
[W::hts_idx_load3] The index file is older than the data file: /bip7_disk/pingting114/mixed_bam/COLO829_PAO/TF0_25x/TF0_25x.rep4.bam.bai
[W::hts_idx_load3] The index file is older than the data file: /bip7_disk/pingting114/mixed_bam/COLO829_PAO/TF0_25x/TF0_25x.rep4.bam.bai
[W::hts_idx_load3] The index file is older than the data file: /bip7_disk/pingting114/mixed_bam/COLO829_PAO/TF0_25x/TF0_25x.rep4.bam.bai
[W::hts_idx_load3] The index file is older than the data file: /bip7_disk/pingting114/mixed_bam/COLO829_PAO/TF0_25x/TF0_25x.rep4.bam.bai
[W::bam_next_basemod] MM tag refers to bases beyond sequence length
[W::hts_idx_load3] The index file is older than the data file: /bip7_disk/pingting114/mixed_bam/COLO829_PAO/TF0_25x/TF0_25x.rep4.bam.bai
[W::bam_next_basemod] MM tag refers to bases beyond sequence length
[W::hts_idx_load3] The index file is older than the data file: /bip7_disk/pingting114/mixed_bam/COLO829_PAO/TF0_25x/TF0_25x.rep4.bam.bai
[E::bam_parse_basemod2] 2a2d39ed-afbe-45a3-9e2d-cd7fae3cb511: MM tag refers to bases beyond sequence length
[W::hts_idx_load3] The index file is older than the data file: /bip7_disk/pingting114/mixed_bam/COLO829_PAO/TF0_25x/TF0_25x.rep4.bam.bai
[W::hts_idx_load3] The index file is older than the data file: /bip7_disk/pingting114/mixed_bam/COLO829_PAO/TF0_25x/TF0_25x.rep4.bam.bai
[W::bam_next_basemod] MM tag refers to bases beyond sequence length
[W::hts_idx_load3] The index file is older than the data file: /bip7_disk/pingting114/mixed_bam/COLO829_PAO/TF0_25x/TF0_25x.rep4.bam.bai
[W::hts_idx_load3] The index file is older than the data file: /bip7_disk/pingting114/mixed_bam/COLO829_PAO/TF0_25x/TF0_25x.rep4.bam.bai
[W::bam_next_basemod] MM tag refers to bases beyond sequence length
[W::hts_idx_load3] The index file is older than the data file: /bip7_disk/pingting114/mixed_bam/COLO829_PAO/TF0_25x/TF0_25x.rep4.bam.bai
[W::hts_idx_load3] The index file is older than the data file: /bip7_disk/pingting114/mixed_bam/COLO829_PAO/TF0_25x/TF0_25x.rep4.bam.bai
[W::hts_idx_load3] The index file is older than the data file: /bip7_disk/pingting114/mixed_bam/COLO829_PAO/TF0_25x/TF0_25x.rep4.bam.bai
[W::hts_idx_load3] The index file is older than the data file: /bip7_disk/pingting114/mixed_bam/COLO829_PAO/TF0_25x/TF0_25x.rep4.bam.bai
[E::bam_parse_basemod2] 6fd296f0-80ef-40e4-8805-b320dbebac2c: MM tag refers to bases beyond sequence length
[W::hts_idx_load3] The index file is older than the data file: /bip7_disk/pingting114/mixed_bam/COLO829_PAO/TF0_25x/TF0_25x.rep4.bam.bai
[W::hts_idx_load3] The index file is older than the data file: /bip7_disk/pingting114/mixed_bam/COLO829_PAO/TF0_25x/TF0_25x.rep4.bam.bai
[W::hts_idx_load3] The index file is older than the data file: /bip7_disk/pingting114/mixed_bam/COLO829_PAO/TF0_25x/TF0_25x.rep4.bam.bai
[W::hts_idx_load3] The index file is older than the data file: /bip7_disk/pingting114/mixed_bam/COLO829_PAO/TF0_25x/TF0_25x.rep4.bam.bai
[W::bam_next_basemod] MM tag refers to bases beyond sequence length
[W::hts_idx_load3] The index file is older than the data file: /bip7_disk/pingting114/mixed_bam/COLO829_PAO/TF0_25x/TF0_25x.rep4.bam.bai
[W::bam_next_basemod] MM tag refers to bases beyond sequence length
[W::hts_idx_load3] The index file is older than the data file: /bip7_disk/pingting114/mixed_bam/COLO829_PAO/TF0_25x/TF0_25x.rep4.bam.bai
[W::hts_idx_load3] The index file is older than the data file: /bip7_disk/pingting114/mixed_bam/COLO829_PAO/TF0_25x/TF0_25x.rep4.bam.bai
[W::hts_idx_load3] The index file is older than the data file: /bip7_disk/pingting114/mixed_bam/COLO829_PAO/TF0_25x/TF0_25x.rep4.bam.bai
[W::hts_idx_load3] The index file is older than the data file: /bip7_disk/pingting114/mixed_bam/COLO829_PAO/TF0_25x/TF0_25x.rep4.bam.bai
[W::hts_idx_load3] The index file is older than the data file: /bip7_disk/pingting114/mixed_bam/COLO829_PAO/TF0_25x/TF0_25x.rep4.bam.bai
[W::bam_next_basemod] MM tag refers to bases beyond sequence length
[W::hts_idx_load3] The index file is older than the data file: /bip7_disk/pingting114/mixed_bam/COLO829_PAO/TF0_25x/TF0_25x.rep4.bam.bai
[W::hts_idx_load3] The index file is older than the data file: /bip7_disk/pingting114/mixed_bam/COLO829_PAO/TF0_25x/TF0_25x.rep4.bam.bai
[W::hts_idx_load3] The index file is older than the data file: /bip7_disk/pingting114/mixed_bam/COLO829_PAO/TF0_25x/TF0_25x.rep4.bam.bai
[W::hts_idx_load3] The index file is older than the data file: /bip7_disk/pingting114/mixed_bam/COLO829_PAO/TF0_25x/TF0_25x.rep4.bam.bai
  TF0_25x.rep4.bam cand 3000/4000
[W::hts_idx_load3] The index file is older than the data file: /bip7_disk/pingting114/mixed_bam/COLO829_PAO/TF0_25x/TF0_25x.rep4.bam.bai
[W::hts_idx_load3] The index file is older than the data file: /bip7_disk/pingting114/mixed_bam/COLO829_PAO/TF0_25x/TF0_25x.rep4.bam.bai
[W::hts_idx_load3] The index file is older than the data file: /bip7_disk/pingting114/mixed_bam/COLO829_PAO/TF0_25x/TF0_25x.rep4.bam.bai
[W::hts_idx_load3] The index file is older than the data file: /bip7_disk/pingting114/mixed_bam/COLO829_PAO/TF0_25x/TF0_25x.rep4.bam.bai
[E::bam_parse_basemod2] 838105b7-4577-475e-8116-92668d0077c5: MM tag refers to bases beyond sequence length
[W::hts_idx_load3] The index file is older than the data file: /bip7_disk/pingting114/mixed_bam/COLO829_PAO/TF0_25x/TF0_25x.rep4.bam.bai
[W::hts_idx_load3] The index file is older than the data file: /bip7_disk/pingting114/mixed_bam/COLO829_PAO/TF0_25x/TF0_25x.rep4.bam.bai
[W::hts_idx_load3] The index file is older than the data file: /bip7_disk/pingting114/mixed_bam/COLO829_PAO/TF0_25x/TF0_25x.rep4.bam.bai
[W::hts_idx_load3] The index file is older than the data file: /bip7_disk/pingting114/mixed_bam/COLO829_PAO/TF0_25x/TF0_25x.rep4.bam.bai
[W::bam_next_basemod] MM tag refers to bases beyond sequence length
[W::hts_idx_load3] The index file is older than the data file: /bip7_disk/pingting114/mixed_bam/COLO829_PAO/TF0_25x/TF0_25x.rep4.bam.bai
[W::bam_next_basemod] MM tag refers to bases beyond sequence length
[W::hts_idx_load3] The index file is older than the data file: /bip7_disk/pingting114/mixed_bam/COLO829_PAO/TF0_25x/TF0_25x.rep4.bam.bai
[W::hts_idx_load3] The index file is older than the data file: /bip7_disk/pingting114/mixed_bam/COLO829_PAO/TF0_25x/TF0_25x.rep4.bam.bai
[W::hts_idx_load3] The index file is older than the data file: /bip7_disk/pingting114/mixed_bam/COLO829_PAO/TF0_25x/TF0_25x.rep4.bam.bai
[E::bam_parse_basemod2] fa22ae57-2561-44e0-b68d-7158a1607a37: MM tag refers to bases beyond sequence length
[W::bam_next_basemod] MM tag refers to bases beyond sequence length
[W::hts_idx_load3] The index file is older than the data file: /bip7_disk/pingting114/mixed_bam/COLO829_PAO/TF0_25x/TF0_25x.rep4.bam.bai
[W::hts_idx_load3] The index file is older than the data file: /bip7_disk/pingting114/mixed_bam/COLO829_PAO/TF0_25x/TF0_25x.rep4.bam.bai
[W::hts_idx_load3] The index file is older than the data file: /bip7_disk/pingting114/mixed_bam/COLO829_PAO/TF0_25x/TF0_25x.rep4.bam.bai
[W::hts_idx_load3] The index file is older than the data file: /bip7_disk/pingting114/mixed_bam/COLO829_PAO/TF0_25x/TF0_25x.rep4.bam.bai
[W::hts_idx_load3] The index file is older than the data file: /bip7_disk/pingting114/mixed_bam/COLO829_PAO/TF0_25x/TF0_25x.rep4.bam.bai
[W::hts_idx_load3] The index file is older than the data file: /bip7_disk/pingting114/mixed_bam/COLO829_PAO/TF0_25x/TF0_25x.rep4.bam.bai
[W::hts_idx_load3] The index file is older than the data file: /bip7_disk/pingting114/mixed_bam/COLO829_PAO/TF0_25x/TF0_25x.rep4.bam.bai
[E::bam_parse_basemod2] 83bd2a81-02a8-4e26-bdb7-dbf0ebc9ae83: MM tag refers to bases beyond sequence length
[W::bam_next_basemod] MM tag refers to bases beyond sequence length
[W::hts_idx_load3] The index file is older than the data file: /bip7_disk/pingting114/mixed_bam/COLO829_PAO/TF0_25x/TF0_25x.rep4.bam.bai
[W::hts_idx_load3] The index file is older than the data file: /bip7_disk/pingting114/mixed_bam/COLO829_PAO/TF0_25x/TF0_25x.rep4.bam.bai
[E::bam_parse_basemod2] 80d60de1-c910-4655-82f8-306b6e19ff5a: MM tag refers to bases beyond sequence length
[W::hts_idx_load3] The index file is older than the data file: /bip7_disk/pingting114/mixed_bam/COLO829_PAO/TF0_25x/TF0_25x.rep4.bam.bai
[W::hts_idx_load3] The index file is older than the data file: /bip7_disk/pingting114/mixed_bam/COLO829_PAO/TF0_25x/TF0_25x.rep4.bam.bai
[W::hts_idx_load3] The index file is older than the data file: /bip7_disk/pingting114/mixed_bam/COLO829_PAO/TF0_25x/TF0_25x.rep4.bam.bai
[W::hts_idx_load3] The index file is older than the data file: /bip7_disk/pingting114/mixed_bam/COLO829_PAO/TF0_25x/TF0_25x.rep4.bam.bai
[W::hts_idx_load3] The index file is older than the data file: /bip7_disk/pingting114/mixed_bam/COLO829_PAO/TF0_25x/TF0_25x.rep4.bam.bai
[W::hts_idx_load3] The index file is older than the data file: /bip7_disk/pingting114/mixed_bam/COLO829_PAO/TF0_25x/TF0_25x.rep4.bam.bai
[W::hts_idx_load3] The index file is older than the data file: /bip7_disk/pingting114/mixed_bam/COLO829_PAO/TF0_25x/TF0_25x.rep4.bam.bai
[W::bam_next_basemod] MM tag refers to bases beyond sequence length
[W::hts_idx_load3] The index file is older than the data file: /bip7_disk/pingting114/mixed_bam/COLO829_PAO/TF0_25x/TF0_25x.rep4.bam.bai
[W::hts_idx_load3] The index file is older than the data file: /bip7_disk/pingting114/mixed_bam/COLO829_PAO/TF0_25x/TF0_25x.rep4.bam.bai
[E::bam_parse_basemod2] 2cf65c33-4cd3-4645-9346-1e23b9537148: MM tag refers to bases beyond sequence length
[W::hts_idx_load3] The index file is older than the data file: /bip7_disk/pingting114/mixed_bam/COLO829_PAO/TF0_25x/TF0_25x.rep4.bam.bai
[W::hts_idx_load3] The index file is older than the data file: /bip7_disk/pingting114/mixed_bam/COLO829_PAO/TF0_25x/TF0_25x.rep4.bam.bai
[W::hts_idx_load3] The index file is older than the data file: /bip7_disk/pingting114/mixed_bam/COLO829_PAO/TF0_25x/TF0_25x.rep4.bam.bai
[W::hts_idx_load3] The index file is older than the data file: /bip7_disk/pingting114/mixed_bam/COLO829_PAO/TF0_25x/TF0_25x.rep4.bam.bai
[W::hts_idx_load3] The index file is older than the data file: /bip7_disk/pingting114/mixed_bam/COLO829_PAO/TF0_25x/TF0_25x.rep4.bam.bai
[W::hts_idx_load3] The index file is older than the data file: /bip7_disk/pingting114/mixed_bam/COLO829_PAO/TF0_25x/TF0_25x.rep4.bam.bai
[W::bam_next_basemod] MM tag refers to bases beyond sequence length
[W::hts_idx_load3] The index file is older than the data file: /bip7_disk/pingting114/mixed_bam/COLO829_PAO/TF0_25x/TF0_25x.rep4.bam.bai
[W::bam_next_basemod] MM tag refers to bases beyond sequence length
[W::hts_idx_load3] The index file is older than the data file: /bip7_disk/pingting114/mixed_bam/COLO829_PAO/TF0_25x/TF0_25x.rep4.bam.bai
[W::hts_idx_load3] The index file is older than the data file: /bip7_disk/pingting114/mixed_bam/COLO829_PAO/TF0_25x/TF0_25x.rep4.bam.bai
[W::bam_next_basemod] MM tag refers to bases beyond sequence length
[W::hts_idx_load3] The index file is older than the data file: /bip7_disk/pingting114/mixed_bam/COLO829_PAO/TF0_25x/TF0_25x.rep4.bam.bai
[W::hts_idx_load3] The index file is older than the data file: /bip7_disk/pingting114/mixed_bam/COLO829_PAO/TF0_25x/TF0_25x.rep4.bam.bai
[W::hts_idx_load3] The index file is older than the data file: /bip7_disk/pingting114/mixed_bam/COLO829_PAO/TF0_25x/TF0_25x.rep4.bam.bai
[W::bam_next_basemod] MM tag refers to bases beyond sequence length
[W::hts_idx_load3] The index file is older than the data file: /bip7_disk/pingting114/mixed_bam/COLO829_PAO/TF0_25x/TF0_25x.rep4.bam.bai
[W::hts_idx_load3] The index file is older than the data file: /bip7_disk/pingting114/mixed_bam/COLO829_PAO/TF0_25x/TF0_25x.rep4.bam.bai
[W::hts_idx_load3] The index file is older than the data file: /bip7_disk/pingting114/mixed_bam/COLO829_PAO/TF0_25x/TF0_25x.rep4.bam.bai
[W::hts_idx_load3] The index file is older than the data file: /bip7_disk/pingting114/mixed_bam/COLO829_PAO/TF0_25x/TF0_25x.rep4.bam.bai
[W::hts_idx_load3] The index file is older than the data file: /bip7_disk/pingting114/mixed_bam/COLO829_PAO/TF0_25x/TF0_25x.rep4.bam.bai
[W::hts_idx_load3] The index file is older than the data file: /bip7_disk/pingting114/mixed_bam/COLO829_PAO/TF0_25x/TF0_25x.rep4.bam.bai
[W::hts_idx_load3] The index file is older than the data file: /bip7_disk/pingting114/mixed_bam/COLO829_PAO/TF0_25x/TF0_25x.rep4.bam.bai
[W::hts_idx_load3] The index file is older than the data file: /bip7_disk/pingting114/mixed_bam/COLO829_PAO/TF0_25x/TF0_25x.rep4.bam.bai
[W::hts_idx_load3] The index file is older than the data file: /bip7_disk/pingting114/mixed_bam/COLO829_PAO/TF0_25x/TF0_25x.rep4.bam.bai
[W::hts_idx_load3] The index file is older than the data file: /bip7_disk/pingting114/mixed_bam/COLO829_PAO/TF0_25x/TF0_25x.rep4.bam.bai
[W::hts_idx_load3] The index file is older than the data file: /bip7_disk/pingting114/mixed_bam/COLO829_PAO/TF0_25x/TF0_25x.rep4.bam.bai
[E::bam_parse_basemod2] 29460daa-60f6-4932-ad8b-eb3e68a044dd: MM tag refers to bases beyond sequence length
[W::hts_idx_load3] The index file is older than the data file: /bip7_disk/pingting114/mixed_bam/COLO829_PAO/TF0_25x/TF0_25x.rep4.bam.bai
[W::hts_idx_load3] The index file is older than the data file: /bip7_disk/pingting114/mixed_bam/COLO829_PAO/TF0_25x/TF0_25x.rep4.bam.bai
[W::hts_idx_load3] The index file is older than the data file: /bip7_disk/pingting114/mixed_bam/COLO829_PAO/TF0_25x/TF0_25x.rep4.bam.bai
[W::hts_idx_load3] The index file is older than the data file: /bip7_disk/pingting114/mixed_bam/COLO829_PAO/TF0_25x/TF0_25x.rep4.bam.bai
[W::hts_idx_load3] The index file is older than the data file: /bip7_disk/pingting114/mixed_bam/COLO829_PAO/TF0_25x/TF0_25x.rep4.bam.bai
[W::bam_next_basemod] MM tag refers to bases beyond sequence length
[W::hts_idx_load3] The index file is older than the data file: /bip7_disk/pingting114/mixed_bam/COLO829_PAO/TF0_25x/TF0_25x.rep4.bam.bai
[E::bam_parse_basemod2] 01597bc3-b5e6-45d3-a5d8-c6896ce1ccc1: MM tag refers to bases beyond sequence length
[W::hts_idx_load3] The index file is older than the data file: /bip7_disk/pingting114/mixed_bam/COLO829_PAO/TF0_25x/TF0_25x.rep4.bam.bai
[W::hts_idx_load3] The index file is older than the data file: /bip7_disk/pingting114/mixed_bam/COLO829_PAO/TF0_25x/TF0_25x.rep4.bam.bai
[W::bam_next_basemod] MM tag refers to bases beyond sequence length
[W::bam_next_basemod] MM tag refers to bases beyond sequence length
[W::hts_idx_load3] The index file is older than the data file: /bip7_disk/pingting114/mixed_bam/COLO829_PAO/TF0_25x/TF0_25x.rep4.bam.bai
[W::hts_idx_load3] The index file is older than the data file: /bip7_disk/pingting114/mixed_bam/COLO829_PAO/TF0_25x/TF0_25x.rep4.bam.bai
[W::hts_idx_load3] The index file is older than the data file: /bip7_disk/pingting114/mixed_bam/COLO829_PAO/TF0_25x/TF0_25x.rep4.bam.bai
[W::hts_idx_load3] The index file is older than the data file: /bip7_disk/pingting114/mixed_bam/COLO829_PAO/TF0_25x/TF0_25x.rep4.bam.bai
[W::hts_idx_load3] The index file is older than the data file: /bip7_disk/pingting114/mixed_bam/COLO829_PAO/TF0_25x/TF0_25x.rep4.bam.bai
[W::hts_idx_load3] The index file is older than the data file: /bip7_disk/pingting114/mixed_bam/COLO829_PAO/TF0_25x/TF0_25x.rep4.bam.bai
[W::hts_idx_load3] The index file is older than the data file: /bip7_disk/pingting114/mixed_bam/COLO829_PAO/TF0_25x/TF0_25x.rep4.bam.bai
[W::hts_idx_load3] The index file is older than the data file: /bip7_disk/pingting114/mixed_bam/COLO829_PAO/TF0_25x/TF0_25x.rep4.bam.bai
[W::hts_idx_load3] The index file is older than the data file: /bip7_disk/pingting114/mixed_bam/COLO829_PAO/TF0_25x/TF0_25x.rep4.bam.bai
[W::hts_idx_load3] The index file is older than the data file: /bip7_disk/pingting114/mixed_bam/COLO829_PAO/TF0_25x/TF0_25x.rep4.bam.bai
[E::bam_parse_basemod2] 4fff5b7d-05d4-4721-988a-e4c9e0a0504c: MM tag refers to bases beyond sequence length
[W::hts_idx_load3] The index file is older than the data file: /bip7_disk/pingting114/mixed_bam/COLO829_PAO/TF0_25x/TF0_25x.rep4.bam.bai
[W::bam_next_basemod] MM tag refers to bases beyond sequence length
[W::hts_idx_load3] The index file is older than the data file: /bip7_disk/pingting114/mixed_bam/COLO829_PAO/TF0_25x/TF0_25x.rep4.bam.bai
[E::bam_parse_basemod2] a65b4b42-5ae3-4d31-9dca-0e12781bffa7: MM tag refers to bases beyond sequence length
[W::hts_idx_load3] The index file is older than the data file: /bip7_disk/pingting114/mixed_bam/COLO829_PAO/TF0_25x/TF0_25x.rep4.bam.bai
[W::hts_idx_load3] The index file is older than the data file: /bip7_disk/pingting114/mixed_bam/COLO829_PAO/TF0_25x/TF0_25x.rep4.bam.bai
[W::hts_idx_load3] The index file is older than the data file: /bip7_disk/pingting114/mixed_bam/COLO829_PAO/TF0_25x/TF0_25x.rep4.bam.bai
[W::hts_idx_load3] The index file is older than the data file: /bip7_disk/pingting114/mixed_bam/COLO829_PAO/TF0_25x/TF0_25x.rep4.bam.bai
[W::hts_idx_load3] The index file is older than the data file: /bip7_disk/pingting114/mixed_bam/COLO829_PAO/TF0_25x/TF0_25x.rep4.bam.bai
[W::bam_next_basemod] MM tag refers to bases beyond sequence length
[W::hts_idx_load3] The index file is older than the data file: /bip7_disk/pingting114/mixed_bam/COLO829_PAO/TF0_25x/TF0_25x.rep4.bam.bai
[W::bam_next_basemod] MM tag refers to bases beyond sequence length
[W::hts_idx_load3] The index file is older than the data file: /bip7_disk/pingting114/mixed_bam/COLO829_PAO/TF0_25x/TF0_25x.rep4.bam.bai
[W::hts_idx_load3] The index file is older than the data file: /bip7_disk/pingting114/mixed_bam/COLO829_PAO/TF0_25x/TF0_25x.rep4.bam.bai
[W::hts_idx_load3] The index file is older than the data file: /bip7_disk/pingting114/mixed_bam/COLO829_PAO/TF0_25x/TF0_25x.rep4.bam.bai
[W::hts_idx_load3] The index file is older than the data file: /bip7_disk/pingting114/mixed_bam/COLO829_PAO/TF0_25x/TF0_25x.rep4.bam.bai
[W::bam_next_basemod] MM tag refers to bases beyond sequence length
[W::hts_idx_load3] The index file is older than the data file: /bip7_disk/pingting114/mixed_bam/COLO829_PAO/TF0_25x/TF0_25x.rep4.bam.bai
[W::hts_idx_load3] The index file is older than the data file: /bip7_disk/pingting114/mixed_bam/COLO829_PAO/TF0_25x/TF0_25x.rep4.bam.bai
[W::bam_next_basemod] MM tag refers to bases beyond sequence length
[W::hts_idx_load3] The index file is older than the data file: /bip7_disk/pingting114/mixed_bam/COLO829_PAO/TF0_25x/TF0_25x.rep4.bam.bai
[W::hts_idx_load3] The index file is older than the data file: /bip7_disk/pingting114/mixed_bam/COLO829_PAO/TF0_25x/TF0_25x.rep4.bam.bai
[W::hts_idx_load3] The index file is older than the data file: /bip7_disk/pingting114/mixed_bam/COLO829_PAO/TF0_25x/TF0_25x.rep4.bam.bai
[W::hts_idx_load3] The index file is older than the data file: /bip7_disk/pingting114/mixed_bam/COLO829_PAO/TF0_25x/TF0_25x.rep4.bam.bai
[E::bam_parse_basemod2] d9eebb5e-a5cd-4c8f-b232-e4b2fc22b555: MM tag refers to bases beyond sequence length
[W::hts_idx_load3] The index file is older than the data file: /bip7_disk/pingting114/mixed_bam/COLO829_PAO/TF0_25x/TF0_25x.rep4.bam.bai
[W::hts_idx_load3] The index file is older than the data file: /bip7_disk/pingting114/mixed_bam/COLO829_PAO/TF0_25x/TF0_25x.rep4.bam.bai
[W::hts_idx_load3] The index file is older than the data file: /bip7_disk/pingting114/mixed_bam/COLO829_PAO/TF0_25x/TF0_25x.rep4.bam.bai
[W::bam_next_basemod] MM tag refers to bases beyond sequence length
[W::bam_next_basemod] MM tag refers to bases beyond sequence length
[W::hts_idx_load3] The index file is older than the data file: /bip7_disk/pingting114/mixed_bam/COLO829_PAO/TF0_25x/TF0_25x.rep4.bam.bai
[E::bam_parse_basemod2] 855dc0c8-e6d2-4019-ba46-af469d22862b: MM tag refers to bases beyond sequence length
[W::hts_idx_load3] The index file is older than the data file: /bip7_disk/pingting114/mixed_bam/COLO829_PAO/TF0_25x/TF0_25x.rep4.bam.bai
[W::hts_idx_load3] The index file is older than the data file: /bip7_disk/pingting114/mixed_bam/COLO829_PAO/TF0_25x/TF0_25x.rep4.bam.bai
[W::bam_next_basemod] MM tag refers to bases beyond sequence length
[W::hts_idx_load3] The index file is older than the data file: /bip7_disk/pingting114/mixed_bam/COLO829_PAO/TF0_25x/TF0_25x.rep4.bam.bai
[W::hts_idx_load3] The index file is older than the data file: /bip7_disk/pingting114/mixed_bam/COLO829_PAO/TF0_25x/TF0_25x.rep4.bam.bai
[W::hts_idx_load3] The index file is older than the data file: /bip7_disk/pingting114/mixed_bam/COLO829_PAO/TF0_25x/TF0_25x.rep4.bam.bai
[W::hts_idx_load3] The index file is older than the data file: /bip7_disk/pingting114/mixed_bam/COLO829_PAO/TF0_25x/TF0_25x.rep4.bam.bai
[W::bam_next_basemod] MM tag refers to bases beyond sequence length
[W::hts_idx_load3] The index file is older than the data file: /bip7_disk/pingting114/mixed_bam/COLO829_PAO/TF0_25x/TF0_25x.rep4.bam.bai
[W::hts_idx_load3] The index file is older than the data file: /bip7_disk/pingting114/mixed_bam/COLO829_PAO/TF0_25x/TF0_25x.rep4.bam.bai
[E::bam_parse_basemod2] 50e72072-adf8-482f-b4e5-567d091ad057: MM tag refers to bases beyond sequence length
[W::bam_next_basemod] MM tag refers to bases beyond sequence length
[W::hts_idx_load3] The index file is older than the data file: /bip7_disk/pingting114/mixed_bam/COLO829_PAO/TF0_25x/TF0_25x.rep4.bam.bai
[W::hts_idx_load3] The index file is older than the data file: /bip7_disk/pingting114/mixed_bam/COLO829_PAO/TF0_25x/TF0_25x.rep4.bam.bai
[W::bam_next_basemod] MM tag refers to bases beyond sequence length
[W::hts_idx_load3] The index file is older than the data file: /bip7_disk/pingting114/mixed_bam/COLO829_PAO/TF0_25x/TF0_25x.rep4.bam.bai
[W::hts_idx_load3] The index file is older than the data file: /bip7_disk/pingting114/mixed_bam/COLO829_PAO/TF0_25x/TF0_25x.rep4.bam.bai
[W::bam_next_basemod] MM tag refers to bases beyond sequence length
[E::bam_parse_basemod2] e864b2eb-02f1-458e-88e0-4e12dabdfbbc: MM tag refers to bases beyond sequence length
[W::hts_idx_load3] The index file is older than the data file: /bip7_disk/pingting114/mixed_bam/COLO829_PAO/TF0_25x/TF0_25x.rep4.bam.bai
[W::hts_idx_load3] The index file is older than the data file: /bip7_disk/pingting114/mixed_bam/COLO829_PAO/TF0_25x/TF0_25x.rep4.bam.bai
[E::bam_parse_basemod2] 99f18c4d-cb96-4b50-b020-32c3ef97b1df: MM tag refers to bases beyond sequence length
[W::hts_idx_load3] The index file is older than the data file: /bip7_disk/pingting114/mixed_bam/COLO829_PAO/TF0_25x/TF0_25x.rep4.bam.bai
[W::bam_next_basemod] MM tag refers to bases beyond sequence length
[W::hts_idx_load3] The index file is older than the data file: /bip7_disk/pingting114/mixed_bam/COLO829_PAO/TF0_25x/TF0_25x.rep4.bam.bai
[W::bam_next_basemod] MM tag refers to bases beyond sequence length
[W::hts_idx_load3] The index file is older than the data file: /bip7_disk/pingting114/mixed_bam/COLO829_PAO/TF0_25x/TF0_25x.rep4.bam.bai
[W::hts_idx_load3] The index file is older than the data file: /bip7_disk/pingting114/mixed_bam/COLO829_PAO/TF0_25x/TF0_25x.rep4.bam.bai
[E::bam_parse_basemod2] b2a08182-c0c0-47e7-8e0a-dec38fe1f2db: MM tag refers to bases beyond sequence length
[W::bam_next_basemod] MM tag refers to bases beyond sequence length
[W::hts_idx_load3] The index file is older than the data file: /bip7_disk/pingting114/mixed_bam/COLO829_PAO/TF0_25x/TF0_25x.rep4.bam.bai
[W::hts_idx_load3] The index file is older than the data file: /bip7_disk/pingting114/mixed_bam/COLO829_PAO/TF0_25x/TF0_25x.rep4.bam.bai
[E::bam_parse_basemod2] 45de5a13-c443-46f8-aebd-55940759c688: MM tag refers to bases beyond sequence length
[W::hts_idx_load3] The index file is older than the data file: /bip7_disk/pingting114/mixed_bam/COLO829_PAO/TF0_25x/TF0_25x.rep4.bam.bai
[W::hts_idx_load3] The index file is older than the data file: /bip7_disk/pingting114/mixed_bam/COLO829_PAO/TF0_25x/TF0_25x.rep4.bam.bai
[W::bam_next_basemod] MM tag refers to bases beyond sequence length
[W::bam_next_basemod] MM tag refers to bases beyond sequence length
[W::hts_idx_load3] The index file is older than the data file: /bip7_disk/pingting114/mixed_bam/COLO829_PAO/TF0_25x/TF0_25x.rep4.bam.bai
[W::hts_idx_load3] The index file is older than the data file: /bip7_disk/pingting114/mixed_bam/COLO829_PAO/TF0_25x/TF0_25x.rep4.bam.bai
[W::hts_idx_load3] The index file is older than the data file: /bip7_disk/pingting114/mixed_bam/COLO829_PAO/TF0_25x/TF0_25x.rep4.bam.bai
[W::bam_next_basemod] MM tag refers to bases beyond sequence length
[W::hts_idx_load3] The index file is older than the data file: /bip7_disk/pingting114/mixed_bam/COLO829_PAO/TF0_25x/TF0_25x.rep4.bam.bai
[W::hts_idx_load3] The index file is older than the data file: /bip7_disk/pingting114/mixed_bam/COLO829_PAO/TF0_25x/TF0_25x.rep4.bam.bai
[W::hts_idx_load3] The index file is older than the data file: /bip7_disk/pingting114/mixed_bam/COLO829_PAO/TF0_25x/TF0_25x.rep4.bam.bai
[E::bam_parse_basemod2] 88276e4d-f10d-4d40-84a4-fb3fe4d84118: MM tag refers to bases beyond sequence length
[W::bam_next_basemod] MM tag refers to bases beyond sequence length
[W::hts_idx_load3] The index file is older than the data file: /bip7_disk/pingting114/mixed_bam/COLO829_PAO/TF0_25x/TF0_25x.rep4.bam.bai
[W::hts_idx_load3] The index file is older than the data file: /bip7_disk/pingting114/mixed_bam/COLO829_PAO/TF0_25x/TF0_25x.rep4.bam.bai
[W::hts_idx_load3] The index file is older than the data file: /bip7_disk/pingting114/mixed_bam/COLO829_PAO/TF0_25x/TF0_25x.rep4.bam.bai
[E::bam_parse_basemod2] 8448efd5-9de2-4431-93ca-beb32e23e127: MM tag refers to bases beyond sequence length
[W::hts_idx_load3] The index file is older than the data file: /bip7_disk/pingting114/mixed_bam/COLO829_PAO/TF0_25x/TF0_25x.rep4.bam.bai
[W::bam_next_basemod] MM tag refers to bases beyond sequence length
[E::bam_parse_basemod2] c69e058d-7c82-4249-9c36-1282c004f4c5: MM tag refers to bases beyond sequence length
[W::hts_idx_load3] The index file is older than the data file: /bip7_disk/pingting114/mixed_bam/COLO829_PAO/TF0_25x/TF0_25x.rep4.bam.bai
[W::hts_idx_load3] The index file is older than the data file: /bip7_disk/pingting114/mixed_bam/COLO829_PAO/TF0_25x/TF0_25x.rep4.bam.bai
[W::hts_idx_load3] The index file is older than the data file: /bip7_disk/pingting114/mixed_bam/COLO829_PAO/TF0_25x/TF0_25x.rep4.bam.bai
[W::hts_idx_load3] The index file is older than the data file: /bip7_disk/pingting114/mixed_bam/COLO829_PAO/TF0_25x/TF0_25x.rep4.bam.bai
[W::bam_next_basemod] MM tag refers to bases beyond sequence length
[W::bam_next_basemod] MM tag refers to bases beyond sequence length
[W::hts_idx_load3] The index file is older than the data file: /bip7_disk/pingting114/mixed_bam/COLO829_PAO/TF0_25x/TF0_25x.rep4.bam.bai
[W::bam_next_basemod] MM tag refers to bases beyond sequence length
[W::hts_idx_load3] The index file is older than the data file: /bip7_disk/pingting114/mixed_bam/COLO829_PAO/TF0_25x/TF0_25x.rep4.bam.bai
[W::hts_idx_load3] The index file is older than the data file: /bip7_disk/pingting114/mixed_bam/COLO829_PAO/TF0_25x/TF0_25x.rep4.bam.bai
[W::hts_idx_load3] The index file is older than the data file: /bip7_disk/pingting114/mixed_bam/COLO829_PAO/TF0_25x/TF0_25x.rep4.bam.bai
[W::hts_idx_load3] The index file is older than the data file: /bip7_disk/pingting114/mixed_bam/COLO829_PAO/TF0_25x/TF0_25x.rep4.bam.bai
[W::hts_idx_load3] The index file is older than the data file: /bip7_disk/pingting114/mixed_bam/COLO829_PAO/TF0_25x/TF0_25x.rep4.bam.bai
[W::hts_idx_load3] The index file is older than the data file: /bip7_disk/pingting114/mixed_bam/COLO829_PAO/TF0_25x/TF0_25x.rep4.bam.bai
[E::bam_parse_basemod2] 23b1fb29-c438-4f6b-b8d5-9696907eec11: MM tag refers to bases beyond sequence length
[W::hts_idx_load3] The index file is older than the data file: /bip7_disk/pingting114/mixed_bam/COLO829_PAO/TF0_25x/TF0_25x.rep4.bam.bai
[W::bam_next_basemod] MM tag refers to bases beyond sequence length
[W::hts_idx_load3] The index file is older than the data file: /bip7_disk/pingting114/mixed_bam/COLO829_PAO/TF0_25x/TF0_25x.rep4.bam.bai
[W::hts_idx_load3] The index file is older than the data file: /bip7_disk/pingting114/mixed_bam/COLO829_PAO/TF0_25x/TF0_25x.rep4.bam.bai
[W::hts_idx_load3] The index file is older than the data file: /bip7_disk/pingting114/mixed_bam/COLO829_PAO/TF0_25x/TF0_25x.rep4.bam.bai
[W::hts_idx_load3] The index file is older than the data file: /bip7_disk/pingting114/mixed_bam/COLO829_PAO/TF0_25x/TF0_25x.rep4.bam.bai
[W::hts_idx_load3] The index file is older than the data file: /bip7_disk/pingting114/mixed_bam/COLO829_PAO/TF0_25x/TF0_25x.rep4.bam.bai
[W::hts_idx_load3] The index file is older than the data file: /bip7_disk/pingting114/mixed_bam/COLO829_PAO/TF0_25x/TF0_25x.rep4.bam.bai
[W::hts_idx_load3] The index file is older than the data file: /bip7_disk/pingting114/mixed_bam/COLO829_PAO/TF0_25x/TF0_25x.rep4.bam.bai
[W::bam_next_basemod] MM tag refers to bases beyond sequence length
[E::bam_parse_basemod2] a64d9eb1-5b41-4adc-90f3-ac27846e9858: MM tag refers to bases beyond sequence length
[W::hts_idx_load3] The index file is older than the data file: /bip7_disk/pingting114/mixed_bam/COLO829_PAO/TF0_25x/TF0_25x.rep4.bam.bai
[W::bam_next_basemod] MM tag refers to bases beyond sequence length
[W::hts_idx_load3] The index file is older than the data file: /bip7_disk/pingting114/mixed_bam/COLO829_PAO/TF0_25x/TF0_25x.rep4.bam.bai
[W::hts_idx_load3] The index file is older than the data file: /bip7_disk/pingting114/mixed_bam/COLO829_PAO/TF0_25x/TF0_25x.rep4.bam.bai
[E::bam_parse_basemod2] d14de449-a42e-4f84-842c-6ba24a6102d9: MM tag refers to bases beyond sequence length
[W::hts_idx_load3] The index file is older than the data file: /bip7_disk/pingting114/mixed_bam/COLO829_PAO/TF0_25x/TF0_25x.rep4.bam.bai
[W::hts_idx_load3] The index file is older than the data file: /bip7_disk/pingting114/mixed_bam/COLO829_PAO/TF0_25x/TF0_25x.rep4.bam.bai
[E::bam_parse_basemod2] ce4d17bc-fe89-4f7b-8cf1-faac90fdd111: MM tag refers to bases beyond sequence length
[W::hts_idx_load3] The index file is older than the data file: /bip7_disk/pingting114/mixed_bam/COLO829_PAO/TF0_25x/TF0_25x.rep4.bam.bai
[W::hts_idx_load3] The index file is older than the data file: /bip7_disk/pingting114/mixed_bam/COLO829_PAO/TF0_25x/TF0_25x.rep4.bam.bai
[W::hts_idx_load3] The index file is older than the data file: /bip7_disk/pingting114/mixed_bam/COLO829_PAO/TF0_25x/TF0_25x.rep4.bam.bai
[W::hts_idx_load3] The index file is older than the data file: /bip7_disk/pingting114/mixed_bam/COLO829_PAO/TF0_25x/TF0_25x.rep4.bam.bai
[W::bam_next_basemod] MM tag refers to bases beyond sequence length
[W::hts_idx_load3] The index file is older than the data file: /bip7_disk/pingting114/mixed_bam/COLO829_PAO/TF0_25x/TF0_25x.rep4.bam.bai
[E::bam_parse_basemod2] a89ce9db-22f3-4962-82d6-686f326d559e: MM tag refers to bases beyond sequence length
[W::hts_idx_load3] The index file is older than the data file: /bip7_disk/pingting114/mixed_bam/COLO829_PAO/TF0_25x/TF0_25x.rep4.bam.bai
[W::hts_idx_load3] The index file is older than the data file: /bip7_disk/pingting114/mixed_bam/COLO829_PAO/TF0_25x/TF0_25x.rep4.bam.bai
[W::hts_idx_load3] The index file is older than the data file: /bip7_disk/pingting114/mixed_bam/COLO829_PAO/TF0_25x/TF0_25x.rep4.bam.bai
[W::bam_next_basemod] MM tag refers to bases beyond sequence length
[W::hts_idx_load3] The index file is older than the data file: /bip7_disk/pingting114/mixed_bam/COLO829_PAO/TF0_25x/TF0_25x.rep4.bam.bai
[W::hts_idx_load3] The index file is older than the data file: /bip7_disk/pingting114/mixed_bam/COLO829_PAO/TF0_25x/TF0_25x.rep4.bam.bai
[W::hts_idx_load3] The index file is older than the data file: /bip7_disk/pingting114/mixed_bam/COLO829_PAO/TF0_25x/TF0_25x.rep4.bam.bai
[W::hts_idx_load3] The index file is older than the data file: /bip7_disk/pingting114/mixed_bam/COLO829_PAO/TF0_25x/TF0_25x.rep4.bam.bai
[W::hts_idx_load3] The index file is older than the data file: /bip7_disk/pingting114/mixed_bam/COLO829_PAO/TF0_25x/TF0_25x.rep4.bam.bai
[W::hts_idx_load3] The index file is older than the data file: /bip7_disk/pingting114/mixed_bam/COLO829_PAO/TF0_25x/TF0_25x.rep4.bam.bai
[W::hts_idx_load3] The index file is older than the data file: /bip7_disk/pingting114/mixed_bam/COLO829_PAO/TF0_25x/TF0_25x.rep4.bam.bai
[W::bam_next_basemod] MM tag refers to bases beyond sequence length
[W::hts_idx_load3] The index file is older than the data file: /bip7_disk/pingting114/mixed_bam/COLO829_PAO/TF0_25x/TF0_25x.rep4.bam.bai
[W::hts_idx_load3] The index file is older than the data file: /bip7_disk/pingting114/mixed_bam/COLO829_PAO/TF0_25x/TF0_25x.rep4.bam.bai
[W::hts_idx_load3] The index file is older than the data file: /bip7_disk/pingting114/mixed_bam/COLO829_PAO/TF0_25x/TF0_25x.rep4.bam.bai
[W::hts_idx_load3] The index file is older than the data file: /bip7_disk/pingting114/mixed_bam/COLO829_PAO/TF0_25x/TF0_25x.rep4.bam.bai
[E::bam_parse_basemod2] d0f0d656-9243-4120-b0ea-57d094e562d2: MM tag refers to bases beyond sequence length
[W::hts_idx_load3] The index file is older than the data file: /bip7_disk/pingting114/mixed_bam/COLO829_PAO/TF0_25x/TF0_25x.rep4.bam.bai
[E::bam_parse_basemod2] 4646c00a-c3c0-47e0-8434-f3c9eb469573: MM tag refers to bases beyond sequence length
[W::hts_idx_load3] The index file is older than the data file: /bip7_disk/pingting114/mixed_bam/COLO829_PAO/TF0_25x/TF0_25x.rep4.bam.bai
[W::hts_idx_load3] The index file is older than the data file: /bip7_disk/pingting114/mixed_bam/COLO829_PAO/TF0_25x/TF0_25x.rep4.bam.bai
[W::hts_idx_load3] The index file is older than the data file: /bip7_disk/pingting114/mixed_bam/COLO829_PAO/TF0_25x/TF0_25x.rep4.bam.bai
[E::bam_parse_basemod2] 532d504d-88df-4036-aafc-0b9caaf59f77: MM tag refers to bases beyond sequence length
[W::hts_idx_load3] The index file is older than the data file: /bip7_disk/pingting114/mixed_bam/COLO829_PAO/TF0_25x/TF0_25x.rep4.bam.bai
[W::hts_idx_load3] The index file is older than the data file: /bip7_disk/pingting114/mixed_bam/COLO829_PAO/TF0_25x/TF0_25x.rep4.bam.bai
[W::hts_idx_load3] The index file is older than the data file: /bip7_disk/pingting114/mixed_bam/COLO829_PAO/TF0_25x/TF0_25x.rep4.bam.bai
[W::bam_next_basemod] MM tag refers to bases beyond sequence length
[W::hts_idx_load3] The index file is older than the data file: /bip7_disk/pingting114/mixed_bam/COLO829_PAO/TF0_25x/TF0_25x.rep4.bam.bai
[W::bam_next_basemod] MM tag refers to bases beyond sequence length
[W::bam_next_basemod] MM tag refers to bases beyond sequence length
[W::hts_idx_load3] The index file is older than the data file: /bip7_disk/pingting114/mixed_bam/COLO829_PAO/TF0_25x/TF0_25x.rep4.bam.bai
[W::hts_idx_load3] The index file is older than the data file: /bip7_disk/pingting114/mixed_bam/COLO829_PAO/TF0_25x/TF0_25x.rep4.bam.bai
[E::bam_parse_basemod2] 82baced5-cf5c-4f80-838c-2ff71c700dba: MM tag refers to bases beyond sequence length
[W::hts_idx_load3] The index file is older than the data file: /bip7_disk/pingting114/mixed_bam/COLO829_PAO/TF0_25x/TF0_25x.rep4.bam.bai
[E::bam_parse_basemod2] 80d5d4e6-eaae-489e-addf-732683f6d9e9: MM tag refers to bases beyond sequence length
[W::hts_idx_load3] The index file is older than the data file: /bip7_disk/pingting114/mixed_bam/COLO829_PAO/TF0_25x/TF0_25x.rep4.bam.bai
[W::hts_idx_load3] The index file is older than the data file: /bip7_disk/pingting114/mixed_bam/COLO829_PAO/TF0_25x/TF0_25x.rep4.bam.bai
[W::hts_idx_load3] The index file is older than the data file: /bip7_disk/pingting114/mixed_bam/COLO829_PAO/TF0_25x/TF0_25x.rep4.bam.bai
[W::hts_idx_load3] The index file is older than the data file: /bip7_disk/pingting114/mixed_bam/COLO829_PAO/TF0_25x/TF0_25x.rep4.bam.bai
[W::hts_idx_load3] The index file is older than the data file: /bip7_disk/pingting114/mixed_bam/COLO829_PAO/TF0_25x/TF0_25x.rep4.bam.bai
[W::bam_next_basemod] MM tag refers to bases beyond sequence length
[W::hts_idx_load3] The index file is older than the data file: /bip7_disk/pingting114/mixed_bam/COLO829_PAO/TF0_25x/TF0_25x.rep4.bam.bai
[W::bam_next_basemod] MM tag refers to bases beyond sequence length
[W::hts_idx_load3] The index file is older than the data file: /bip7_disk/pingting114/mixed_bam/COLO829_PAO/TF0_25x/TF0_25x.rep4.bam.bai
[W::hts_idx_load3] The index file is older than the data file: /bip7_disk/pingting114/mixed_bam/COLO829_PAO/TF0_25x/TF0_25x.rep4.bam.bai
[W::bam_next_basemod] MM tag refers to bases beyond sequence length
[W::hts_idx_load3] The index file is older than the data file: /bip7_disk/pingting114/mixed_bam/COLO829_PAO/TF0_25x/TF0_25x.rep4.bam.bai
[W::hts_idx_load3] The index file is older than the data file: /bip7_disk/pingting114/mixed_bam/COLO829_PAO/TF0_25x/TF0_25x.rep4.bam.bai
[W::hts_idx_load3] The index file is older than the data file: /bip7_disk/pingting114/mixed_bam/COLO829_PAO/TF0_25x/TF0_25x.rep4.bam.bai
[W::hts_idx_load3] The index file is older than the data file: /bip7_disk/pingting114/mixed_bam/COLO829_PAO/TF0_25x/TF0_25x.rep4.bam.bai
[W::bam_next_basemod] MM tag refers to bases beyond sequence length
[W::hts_idx_load3] The index file is older than the data file: /bip7_disk/pingting114/mixed_bam/COLO829_PAO/TF0_25x/TF0_25x.rep4.bam.bai
[W::hts_idx_load3] The index file is older than the data file: /bip7_disk/pingting114/mixed_bam/COLO829_PAO/TF0_25x/TF0_25x.rep4.bam.bai
[W::hts_idx_load3] The index file is older than the data file: /bip7_disk/pingting114/mixed_bam/COLO829_PAO/TF0_25x/TF0_25x.rep4.bam.bai
[W::hts_idx_load3] The index file is older than the data file: /bip7_disk/pingting114/mixed_bam/COLO829_PAO/TF0_25x/TF0_25x.rep4.bam.bai
[W::hts_idx_load3] The index file is older than the data file: /bip7_disk/pingting114/mixed_bam/COLO829_PAO/TF0_25x/TF0_25x.rep4.bam.bai
[W::hts_idx_load3] The index file is older than the data file: /bip7_disk/pingting114/mixed_bam/COLO829_PAO/TF0_25x/TF0_25x.rep4.bam.bai
[W::hts_idx_load3] The index file is older than the data file: /bip7_disk/pingting114/mixed_bam/COLO829_PAO/TF0_25x/TF0_25x.rep4.bam.bai
[W::hts_idx_load3] The index file is older than the data file: /bip7_disk/pingting114/mixed_bam/COLO829_PAO/TF0_25x/TF0_25x.rep4.bam.bai
[W::hts_idx_load3] The index file is older than the data file: /bip7_disk/pingting114/mixed_bam/COLO829_PAO/TF0_25x/TF0_25x.rep4.bam.bai
[W::hts_idx_load3] The index file is older than the data file: /bip7_disk/pingting114/mixed_bam/COLO829_PAO/TF0_25x/TF0_25x.rep4.bam.bai
[W::hts_idx_load3] The index file is older than the data file: /bip7_disk/pingting114/mixed_bam/COLO829_PAO/TF0_25x/TF0_25x.rep4.bam.bai
[W::bam_next_basemod] MM tag refers to bases beyond sequence length
[W::hts_idx_load3] The index file is older than the data file: /bip7_disk/pingting114/mixed_bam/COLO829_PAO/TF0_25x/TF0_25x.rep4.bam.bai
[W::hts_idx_load3] The index file is older than the data file: /bip7_disk/pingting114/mixed_bam/COLO829_PAO/TF0_25x/TF0_25x.rep4.bam.bai
[W::hts_idx_load3] The index file is older than the data file: /bip7_disk/pingting114/mixed_bam/COLO829_PAO/TF0_25x/TF0_25x.rep4.bam.bai
[W::hts_idx_load3] The index file is older than the data file: /bip7_disk/pingting114/mixed_bam/COLO829_PAO/TF0_25x/TF0_25x.rep4.bam.bai
[W::bam_next_basemod] MM tag refers to bases beyond sequence length
[E::bam_parse_basemod2] 369f1c42-8a88-4f10-9ede-9252de4ddd54: MM tag refers to bases beyond sequence length
[W::hts_idx_load3] The index file is older than the data file: /bip7_disk/pingting114/mixed_bam/COLO829_PAO/TF0_25x/TF0_25x.rep4.bam.bai
[W::hts_idx_load3] The index file is older than the data file: /bip7_disk/pingting114/mixed_bam/COLO829_PAO/TF0_25x/TF0_25x.rep4.bam.bai
[W::hts_idx_load3] The index file is older than the data file: /bip7_disk/pingting114/mixed_bam/COLO829_PAO/TF0_25x/TF0_25x.rep4.bam.bai
[W::hts_idx_load3] The index file is older than the data file: /bip7_disk/pingting114/mixed_bam/COLO829_PAO/TF0_25x/TF0_25x.rep4.bam.bai
[W::hts_idx_load3] The index file is older than the data file: /bip7_disk/pingting114/mixed_bam/COLO829_PAO/TF0_25x/TF0_25x.rep4.bam.bai
[W::hts_idx_load3] The index file is older than the data file: /bip7_disk/pingting114/mixed_bam/COLO829_PAO/TF0_25x/TF0_25x.rep4.bam.bai
[W::hts_idx_load3] The index file is older than the data file: /bip7_disk/pingting114/mixed_bam/COLO829_PAO/TF0_25x/TF0_25x.rep4.bam.bai
[W::bam_next_basemod] MM tag refers to bases beyond sequence length
[W::bam_next_basemod] MM tag refers to bases beyond sequence length
[E::bam_parse_basemod2] 7e104331-0c06-4282-9c44-9d99aba5170c: MM tag refers to bases beyond sequence length
[W::hts_idx_load3] The index file is older than the data file: /bip7_disk/pingting114/mixed_bam/COLO829_PAO/TF0_25x/TF0_25x.rep4.bam.bai
[E::bam_parse_basemod2] 54bd7723-f3c3-40bd-8796-b67732617199: MM tag refers to bases beyond sequence length
[E::bam_parse_basemod2] c3fee7ad-387e-4f52-bad4-8cab3700e0b4: MM tag refers to bases beyond sequence length
[W::hts_idx_load3] The index file is older than the data file: /bip7_disk/pingting114/mixed_bam/COLO829_PAO/TF0_25x/TF0_25x.rep4.bam.bai
[W::hts_idx_load3] The index file is older than the data file: /bip7_disk/pingting114/mixed_bam/COLO829_PAO/TF0_25x/TF0_25x.rep4.bam.bai
[W::hts_idx_load3] The index file is older than the data file: /bip7_disk/pingting114/mixed_bam/COLO829_PAO/TF0_25x/TF0_25x.rep4.bam.bai
[W::hts_idx_load3] The index file is older than the data file: /bip7_disk/pingting114/mixed_bam/COLO829_PAO/TF0_25x/TF0_25x.rep4.bam.bai
[W::hts_idx_load3] The index file is older than the data file: /bip7_disk/pingting114/mixed_bam/COLO829_PAO/TF0_25x/TF0_25x.rep4.bam.bai
[W::hts_idx_load3] The index file is older than the data file: /bip7_disk/pingting114/mixed_bam/COLO829_PAO/TF0_25x/TF0_25x.rep4.bam.bai
[E::bam_parse_basemod2] 0260906c-79d7-4a7e-b923-065ffc0235f5: MM tag refers to bases beyond sequence length
[W::hts_idx_load3] The index file is older than the data file: /bip7_disk/pingting114/mixed_bam/COLO829_PAO/TF0_25x/TF0_25x.rep4.bam.bai
[W::hts_idx_load3] The index file is older than the data file: /bip7_disk/pingting114/mixed_bam/COLO829_PAO/TF0_25x/TF0_25x.rep4.bam.bai
[W::hts_idx_load3] The index file is older than the data file: /bip7_disk/pingting114/mixed_bam/COLO829_PAO/TF0_25x/TF0_25x.rep4.bam.bai
[E::bam_parse_basemod2] 42bb1a50-451a-46c0-ba8d-8c9836e89e65: MM tag refers to bases beyond sequence length
[W::hts_idx_load3] The index file is older than the data file: /bip7_disk/pingting114/mixed_bam/COLO829_PAO/TF0_25x/TF0_25x.rep4.bam.bai
[W::hts_idx_load3] The index file is older than the data file: /bip7_disk/pingting114/mixed_bam/COLO829_PAO/TF0_25x/TF0_25x.rep4.bam.bai
[W::hts_idx_load3] The index file is older than the data file: /bip7_disk/pingting114/mixed_bam/COLO829_PAO/TF0_25x/TF0_25x.rep4.bam.bai
[W::hts_idx_load3] The index file is older than the data file: /bip7_disk/pingting114/mixed_bam/COLO829_PAO/TF0_25x/TF0_25x.rep4.bam.bai
[W::hts_idx_load3] The index file is older than the data file: /bip7_disk/pingting114/mixed_bam/COLO829_PAO/TF0_25x/TF0_25x.rep4.bam.bai
[W::hts_idx_load3] The index file is older than the data file: /bip7_disk/pingting114/mixed_bam/COLO829_PAO/TF0_25x/TF0_25x.rep4.bam.bai
[W::bam_next_basemod] MM tag refers to bases beyond sequence length
[W::hts_idx_load3] The index file is older than the data file: /bip7_disk/pingting114/mixed_bam/COLO829_PAO/TF0_25x/TF0_25x.rep4.bam.bai
[W::bam_next_basemod] MM tag refers to bases beyond sequence length
[W::hts_idx_load3] The index file is older than the data file: /bip7_disk/pingting114/mixed_bam/COLO829_PAO/TF0_25x/TF0_25x.rep4.bam.bai
[W::hts_idx_load3] The index file is older than the data file: /bip7_disk/pingting114/mixed_bam/COLO829_PAO/TF0_25x/TF0_25x.rep4.bam.bai
[W::hts_idx_load3] The index file is older than the data file: /bip7_disk/pingting114/mixed_bam/COLO829_PAO/TF0_25x/TF0_25x.rep4.bam.bai
[W::bam_next_basemod] MM tag refers to bases beyond sequence length
[W::hts_idx_load3] The index file is older than the data file: /bip7_disk/pingting114/mixed_bam/COLO829_PAO/TF0_25x/TF0_25x.rep4.bam.bai
[W::bam_next_basemod] MM tag refers to bases beyond sequence length
[W::hts_idx_load3] The index file is older than the data file: /bip7_disk/pingting114/mixed_bam/COLO829_PAO/TF0_25x/TF0_25x.rep4.bam.bai
[W::hts_idx_load3] The index file is older than the data file: /bip7_disk/pingting114/mixed_bam/COLO829_PAO/TF0_25x/TF0_25x.rep4.bam.bai
[W::bam_next_basemod] MM tag refers to bases beyond sequence length
[W::bam_next_basemod] MM tag refers to bases beyond sequence length
[W::hts_idx_load3] The index file is older than the data file: /bip7_disk/pingting114/mixed_bam/COLO829_PAO/TF0_25x/TF0_25x.rep4.bam.bai
[W::hts_idx_load3] The index file is older than the data file: /bip7_disk/pingting114/mixed_bam/COLO829_PAO/TF0_25x/TF0_25x.rep4.bam.bai
[W::hts_idx_load3] The index file is older than the data file: /bip7_disk/pingting114/mixed_bam/COLO829_PAO/TF0_25x/TF0_25x.rep4.bam.bai
[W::hts_idx_load3] The index file is older than the data file: /bip7_disk/pingting114/mixed_bam/COLO829_PAO/TF0_25x/TF0_25x.rep4.bam.bai
[E::bam_parse_basemod2] a60ad38d-f7ac-4526-b75b-06417259b07b: MM tag refers to bases beyond sequence length
[E::bam_parse_basemod2] b9707861-9377-458c-89c4-044691f621d5: MM tag refers to bases beyond sequence length
[W::hts_idx_load3] The index file is older than the data file: /bip7_disk/pingting114/mixed_bam/COLO829_PAO/TF0_25x/TF0_25x.rep4.bam.bai
[W::hts_idx_load3] The index file is older than the data file: /bip7_disk/pingting114/mixed_bam/COLO829_PAO/TF0_25x/TF0_25x.rep4.bam.bai
[W::hts_idx_load3] The index file is older than the data file: /bip7_disk/pingting114/mixed_bam/COLO829_PAO/TF0_25x/TF0_25x.rep4.bam.bai
[W::hts_idx_load3] The index file is older than the data file: /bip7_disk/pingting114/mixed_bam/COLO829_PAO/TF0_25x/TF0_25x.rep4.bam.bai
[W::hts_idx_load3] The index file is older than the data file: /bip7_disk/pingting114/mixed_bam/COLO829_PAO/TF0_25x/TF0_25x.rep4.bam.bai
[W::hts_idx_load3] The index file is older than the data file: /bip7_disk/pingting114/mixed_bam/COLO829_PAO/TF0_25x/TF0_25x.rep4.bam.bai
[W::hts_idx_load3] The index file is older than the data file: /bip7_disk/pingting114/mixed_bam/COLO829_PAO/TF0_25x/TF0_25x.rep4.bam.bai
[W::bam_next_basemod] MM tag refers to bases beyond sequence length
[W::hts_idx_load3] The index file is older than the data file: /bip7_disk/pingting114/mixed_bam/COLO829_PAO/TF0_25x/TF0_25x.rep4.bam.bai
[W::hts_idx_load3] The index file is older than the data file: /bip7_disk/pingting114/mixed_bam/COLO829_PAO/TF0_25x/TF0_25x.rep4.bam.bai
[W::hts_idx_load3] The index file is older than the data file: /bip7_disk/pingting114/mixed_bam/COLO829_PAO/TF0_25x/TF0_25x.rep4.bam.bai
[W::hts_idx_load3] The index file is older than the data file: /bip7_disk/pingting114/mixed_bam/COLO829_PAO/TF0_25x/TF0_25x.rep4.bam.bai
[W::bam_next_basemod] MM tag refers to bases beyond sequence length
[W::hts_idx_load3] The index file is older than the data file: /bip7_disk/pingting114/mixed_bam/COLO829_PAO/TF0_25x/TF0_25x.rep4.bam.bai
[E::bam_parse_basemod2] 6fd6b317-e077-4691-83bc-c7de6e9b2d15: MM tag refers to bases beyond sequence length
[W::hts_idx_load3] The index file is older than the data file: /bip7_disk/pingting114/mixed_bam/COLO829_PAO/TF0_25x/TF0_25x.rep4.bam.bai
[W::hts_idx_load3] The index file is older than the data file: /bip7_disk/pingting114/mixed_bam/COLO829_PAO/TF0_25x/TF0_25x.rep4.bam.bai
[W::hts_idx_load3] The index file is older than the data file: /bip7_disk/pingting114/mixed_bam/COLO829_PAO/TF0_25x/TF0_25x.rep4.bam.bai
[W::hts_idx_load3] The index file is older than the data file: /bip7_disk/pingting114/mixed_bam/COLO829_PAO/TF0_25x/TF0_25x.rep4.bam.bai
[W::hts_idx_load3] The index file is older than the data file: /bip7_disk/pingting114/mixed_bam/COLO829_PAO/TF0_25x/TF0_25x.rep4.bam.bai
[W::hts_idx_load3] The index file is older than the data file: /bip7_disk/pingting114/mixed_bam/COLO829_PAO/TF0_25x/TF0_25x.rep4.bam.bai
[W::hts_idx_load3] The index file is older than the data file: /bip7_disk/pingting114/mixed_bam/COLO829_PAO/TF0_25x/TF0_25x.rep4.bam.bai
[W::hts_idx_load3] The index file is older than the data file: /bip7_disk/pingting114/mixed_bam/COLO829_PAO/TF0_25x/TF0_25x.rep4.bam.bai
[W::hts_idx_load3] The index file is older than the data file: /bip7_disk/pingting114/mixed_bam/COLO829_PAO/TF0_25x/TF0_25x.rep4.bam.bai
[W::hts_idx_load3] The index file is older than the data file: /bip7_disk/pingting114/mixed_bam/COLO829_PAO/TF0_25x/TF0_25x.rep4.bam.bai
[W::hts_idx_load3] The index file is older than the data file: /bip7_disk/pingting114/mixed_bam/COLO829_PAO/TF0_25x/TF0_25x.rep4.bam.bai
[W::hts_idx_load3] The index file is older than the data file: /bip7_disk/pingting114/mixed_bam/COLO829_PAO/TF0_25x/TF0_25x.rep4.bam.bai
[W::hts_idx_load3] The index file is older than the data file: /bip7_disk/pingting114/mixed_bam/COLO829_PAO/TF0_25x/TF0_25x.rep4.bam.bai
[W::hts_idx_load3] The index file is older than the data file: /bip7_disk/pingting114/mixed_bam/COLO829_PAO/TF0_25x/TF0_25x.rep4.bam.bai
[W::bam_next_basemod] MM tag refers to bases beyond sequence length
[W::hts_idx_load3] The index file is older than the data file: /bip7_disk/pingting114/mixed_bam/COLO829_PAO/TF0_25x/TF0_25x.rep4.bam.bai
[W::hts_idx_load3] The index file is older than the data file: /bip7_disk/pingting114/mixed_bam/COLO829_PAO/TF0_25x/TF0_25x.rep4.bam.bai
[E::bam_parse_basemod2] 69b71c4d-edcb-4207-9c60-121e892120a2: MM tag refers to bases beyond sequence length
[W::hts_idx_load3] The index file is older than the data file: /bip7_disk/pingting114/mixed_bam/COLO829_PAO/TF0_25x/TF0_25x.rep4.bam.bai
[W::hts_idx_load3] The index file is older than the data file: /bip7_disk/pingting114/mixed_bam/COLO829_PAO/TF0_25x/TF0_25x.rep4.bam.bai
[W::bam_next_basemod] MM tag refers to bases beyond sequence length
[W::hts_idx_load3] The index file is older than the data file: /bip7_disk/pingting114/mixed_bam/COLO829_PAO/TF0_25x/TF0_25x.rep4.bam.bai
[W::bam_next_basemod] MM tag refers to bases beyond sequence length
[W::hts_idx_load3] The index file is older than the data file: /bip7_disk/pingting114/mixed_bam/COLO829_PAO/TF0_25x/TF0_25x.rep4.bam.bai
[W::hts_idx_load3] The index file is older than the data file: /bip7_disk/pingting114/mixed_bam/COLO829_PAO/TF0_25x/TF0_25x.rep4.bam.bai
[W::hts_idx_load3] The index file is older than the data file: /bip7_disk/pingting114/mixed_bam/COLO829_PAO/TF0_25x/TF0_25x.rep4.bam.bai
[W::hts_idx_load3] The index file is older than the data file: /bip7_disk/pingting114/mixed_bam/COLO829_PAO/TF0_25x/TF0_25x.rep4.bam.bai
[E::bam_parse_basemod2] 0e292d4d-89da-47c0-bf97-fe0122c81469: MM tag refers to bases beyond sequence length
[W::hts_idx_load3] The index file is older than the data file: /bip7_disk/pingting114/mixed_bam/COLO829_PAO/TF0_25x/TF0_25x.rep4.bam.bai
[W::hts_idx_load3] The index file is older than the data file: /bip7_disk/pingting114/mixed_bam/COLO829_PAO/TF0_25x/TF0_25x.rep4.bam.bai
[W::hts_idx_load3] The index file is older than the data file: /bip7_disk/pingting114/mixed_bam/COLO829_PAO/TF0_25x/TF0_25x.rep4.bam.bai
[W::hts_idx_load3] The index file is older than the data file: /bip7_disk/pingting114/mixed_bam/COLO829_PAO/TF0_25x/TF0_25x.rep4.bam.bai
[W::bam_next_basemod] MM tag refers to bases beyond sequence length
[W::hts_idx_load3] The index file is older than the data file: /bip7_disk/pingting114/mixed_bam/COLO829_PAO/TF0_25x/TF0_25x.rep4.bam.bai
[W::bam_next_basemod] MM tag refers to bases beyond sequence length
[W::hts_idx_load3] The index file is older than the data file: /bip7_disk/pingting114/mixed_bam/COLO829_PAO/TF0_25x/TF0_25x.rep4.bam.bai
[W::hts_idx_load3] The index file is older than the data file: /bip7_disk/pingting114/mixed_bam/COLO829_PAO/TF0_25x/TF0_25x.rep4.bam.bai
[W::hts_idx_load3] The index file is older than the data file: /bip7_disk/pingting114/mixed_bam/COLO829_PAO/TF0_25x/TF0_25x.rep4.bam.bai
[W::bam_next_basemod] MM tag refers to bases beyond sequence length
[W::hts_idx_load3] The index file is older than the data file: /bip7_disk/pingting114/mixed_bam/COLO829_PAO/TF0_25x/TF0_25x.rep4.bam.bai
[W::hts_idx_load3] The index file is older than the data file: /bip7_disk/pingting114/mixed_bam/COLO829_PAO/TF0_25x/TF0_25x.rep4.bam.bai
[W::bam_next_basemod] MM tag refers to bases beyond sequence length
[W::hts_idx_load3] The index file is older than the data file: /bip7_disk/pingting114/mixed_bam/COLO829_PAO/TF0_25x/TF0_25x.rep4.bam.bai
[E::bam_parse_basemod2] a5ecc47b-2351-4c3f-8827-8a978a911f7f: MM tag refers to bases beyond sequence length
[W::bam_next_basemod] MM tag refers to bases beyond sequence length
[W::hts_idx_load3] The index file is older than the data file: /bip7_disk/pingting114/mixed_bam/COLO829_PAO/TF0_25x/TF0_25x.rep4.bam.bai
[W::bam_next_basemod] MM tag refers to bases beyond sequence length
[W::hts_idx_load3] The index file is older than the data file: /bip7_disk/pingting114/mixed_bam/COLO829_PAO/TF0_25x/TF0_25x.rep4.bam.bai
[W::hts_idx_load3] The index file is older than the data file: /bip7_disk/pingting114/mixed_bam/COLO829_PAO/TF0_25x/TF0_25x.rep4.bam.bai
[W::bam_next_basemod] MM tag refers to bases beyond sequence length
[W::bam_next_basemod] MM tag refers to bases beyond sequence length
[W::hts_idx_load3] The index file is older than the data file: /bip7_disk/pingting114/mixed_bam/COLO829_PAO/TF0_25x/TF0_25x.rep4.bam.bai
[W::hts_idx_load3] The index file is older than the data file: /bip7_disk/pingting114/mixed_bam/COLO829_PAO/TF0_25x/TF0_25x.rep4.bam.bai
[E::bam_parse_basemod2] 4e849b71-1f8e-42e9-8cbc-da2c2ea1d572: MM tag refers to bases beyond sequence length
[E::bam_parse_basemod2] 75030f1e-7b65-47c2-b872-ccb0cf08b9b9: MM tag refers to bases beyond sequence length
[W::hts_idx_load3] The index file is older than the data file: /bip7_disk/pingting114/mixed_bam/COLO829_PAO/TF0_25x/TF0_25x.rep4.bam.bai
[W::bam_next_basemod] MM tag refers to bases beyond sequence length
[W::hts_idx_load3] The index file is older than the data file: /bip7_disk/pingting114/mixed_bam/COLO829_PAO/TF0_25x/TF0_25x.rep4.bam.bai
[W::hts_idx_load3] The index file is older than the data file: /bip7_disk/pingting114/mixed_bam/COLO829_PAO/TF0_25x/TF0_25x.rep4.bam.bai
[W::hts_idx_load3] The index file is older than the data file: /bip7_disk/pingting114/mixed_bam/COLO829_PAO/TF0_25x/TF0_25x.rep4.bam.bai
[E::bam_parse_basemod2] 52962e10-2e91-4062-b729-86ae0228a1aa: MM tag refers to bases beyond sequence length
[W::bam_next_basemod] MM tag refers to bases beyond sequence length
[W::hts_idx_load3] The index file is older than the data file: /bip7_disk/pingting114/mixed_bam/COLO829_PAO/TF0_25x/TF0_25x.rep4.bam.bai
[W::bam_next_basemod] MM tag refers to bases beyond sequence length
[E::bam_parse_basemod2] f59d52ee-e676-4412-bf93-b54be5f71c98: MM tag refers to bases beyond sequence length
[W::hts_idx_load3] The index file is older than the data file: /bip7_disk/pingting114/mixed_bam/COLO829_PAO/TF0_25x/TF0_25x.rep4.bam.bai
[W::hts_idx_load3] The index file is older than the data file: /bip7_disk/pingting114/mixed_bam/COLO829_PAO/TF0_25x/TF0_25x.rep4.bam.bai
[W::hts_idx_load3] The index file is older than the data file: /bip7_disk/pingting114/mixed_bam/COLO829_PAO/TF0_25x/TF0_25x.rep4.bam.bai
[W::hts_idx_load3] The index file is older than the data file: /bip7_disk/pingting114/mixed_bam/COLO829_PAO/TF0_25x/TF0_25x.rep4.bam.bai
[W::bam_next_basemod] MM tag refers to bases beyond sequence length
[W::hts_idx_load3] The index file is older than the data file: /bip7_disk/pingting114/mixed_bam/COLO829_PAO/TF0_25x/TF0_25x.rep4.bam.bai
[W::hts_idx_load3] The index file is older than the data file: /bip7_disk/pingting114/mixed_bam/COLO829_PAO/TF0_25x/TF0_25x.rep4.bam.bai
[E::bam_parse_basemod2] 0b4da21c-0524-4151-96d1-4859fc56b0d7: MM tag refers to bases beyond sequence length
[E::bam_parse_basemod2] 5ad72067-58e1-46ec-88c6-eb8f1b5c0dee: MM tag refers to bases beyond sequence length
[W::hts_idx_load3] The index file is older than the data file: /bip7_disk/pingting114/mixed_bam/COLO829_PAO/TF0_25x/TF0_25x.rep4.bam.bai
[W::hts_idx_load3] The index file is older than the data file: /bip7_disk/pingting114/mixed_bam/COLO829_PAO/TF0_25x/TF0_25x.rep4.bam.bai
[W::hts_idx_load3] The index file is older than the data file: /bip7_disk/pingting114/mixed_bam/COLO829_PAO/TF0_25x/TF0_25x.rep4.bam.bai
[W::hts_idx_load3] The index file is older than the data file: /bip7_disk/pingting114/mixed_bam/COLO829_PAO/TF0_25x/TF0_25x.rep4.bam.bai
[W::hts_idx_load3] The index file is older than the data file: /bip7_disk/pingting114/mixed_bam/COLO829_PAO/TF0_25x/TF0_25x.rep4.bam.bai
[W::hts_idx_load3] The index file is older than the data file: /bip7_disk/pingting114/mixed_bam/COLO829_PAO/TF0_25x/TF0_25x.rep4.bam.bai
[W::bam_next_basemod] MM tag refers to bases beyond sequence length
[W::hts_idx_load3] The index file is older than the data file: /bip7_disk/pingting114/mixed_bam/COLO829_PAO/TF0_25x/TF0_25x.rep4.bam.bai
[W::bam_next_basemod] MM tag refers to bases beyond sequence length
[W::hts_idx_load3] The index file is older than the data file: /bip7_disk/pingting114/mixed_bam/COLO829_PAO/TF0_25x/TF0_25x.rep4.bam.bai
[E::bam_parse_basemod2] e25ec332-b955-4a23-a3f2-e7285796771a: MM tag refers to bases beyond sequence length
[W::hts_idx_load3] The index file is older than the data file: /bip7_disk/pingting114/mixed_bam/COLO829_PAO/TF0_25x/TF0_25x.rep4.bam.bai
[E::bam_parse_basemod2] 3c3c5b39-01c1-495d-8476-7b809f45660d: MM tag refers to bases beyond sequence length
[W::hts_idx_load3] The index file is older than the data file: /bip7_disk/pingting114/mixed_bam/COLO829_PAO/TF0_25x/TF0_25x.rep4.bam.bai
[W::hts_idx_load3] The index file is older than the data file: /bip7_disk/pingting114/mixed_bam/COLO829_PAO/TF0_25x/TF0_25x.rep4.bam.bai
[W::hts_idx_load3] The index file is older than the data file: /bip7_disk/pingting114/mixed_bam/COLO829_PAO/TF0_25x/TF0_25x.rep4.bam.bai
[W::bam_next_basemod] MM tag refers to bases beyond sequence length
[W::hts_idx_load3] The index file is older than the data file: /bip7_disk/pingting114/mixed_bam/COLO829_PAO/TF0_25x/TF0_25x.rep4.bam.bai
[W::bam_next_basemod] MM tag refers to bases beyond sequence length
[W::hts_idx_load3] The index file is older than the data file: /bip7_disk/pingting114/mixed_bam/COLO829_PAO/TF0_25x/TF0_25x.rep4.bam.bai
[W::hts_idx_load3] The index file is older than the data file: /bip7_disk/pingting114/mixed_bam/COLO829_PAO/TF0_25x/TF0_25x.rep4.bam.bai
[W::hts_idx_load3] The index file is older than the data file: /bip7_disk/pingting114/mixed_bam/COLO829_PAO/TF0_25x/TF0_25x.rep4.bam.bai
[W::hts_idx_load3] The index file is older than the data file: /bip7_disk/pingting114/mixed_bam/COLO829_PAO/TF0_25x/TF0_25x.rep4.bam.bai
[W::hts_idx_load3] The index file is older than the data file: /bip7_disk/pingting114/mixed_bam/COLO829_PAO/TF0_25x/TF0_25x.rep4.bam.bai
[W::bam_next_basemod] MM tag refers to bases beyond sequence length
[W::hts_idx_load3] The index file is older than the data file: /bip7_disk/pingting114/mixed_bam/COLO829_PAO/TF0_25x/TF0_25x.rep4.bam.bai
[E::bam_parse_basemod2] 9e274ddd-f42a-42d1-8dfc-b59440324db1: MM tag refers to bases beyond sequence length
[W::hts_idx_load3] The index file is older than the data file: /bip7_disk/pingting114/mixed_bam/COLO829_PAO/TF0_25x/TF0_25x.rep4.bam.bai
[W::hts_idx_load3] The index file is older than the data file: /bip7_disk/pingting114/mixed_bam/COLO829_PAO/TF0_25x/TF0_25x.rep4.bam.bai
[W::bam_next_basemod] MM tag refers to bases beyond sequence length
[W::hts_idx_load3] The index file is older than the data file: /bip7_disk/pingting114/mixed_bam/COLO829_PAO/TF0_25x/TF0_25x.rep4.bam.bai
[W::bam_next_basemod] MM tag refers to bases beyond sequence length
[W::hts_idx_load3] The index file is older than the data file: /bip7_disk/pingting114/mixed_bam/COLO829_PAO/TF0_25x/TF0_25x.rep4.bam.bai
[E::bam_parse_basemod2] 4fe30cd2-9903-411b-9887-57fc62ee75d7: MM tag refers to bases beyond sequence length
[W::hts_idx_load3] The index file is older than the data file: /bip7_disk/pingting114/mixed_bam/COLO829_PAO/TF0_25x/TF0_25x.rep4.bam.bai
[W::hts_idx_load3] The index file is older than the data file: /bip7_disk/pingting114/mixed_bam/COLO829_PAO/TF0_25x/TF0_25x.rep4.bam.bai
[W::hts_idx_load3] The index file is older than the data file: /bip7_disk/pingting114/mixed_bam/COLO829_PAO/TF0_25x/TF0_25x.rep4.bam.bai
[W::hts_idx_load3] The index file is older than the data file: /bip7_disk/pingting114/mixed_bam/COLO829_PAO/TF0_25x/TF0_25x.rep4.bam.bai
[E::bam_parse_basemod2] b55f6500-8de9-4954-8ba2-575acd531284: MM tag refers to bases beyond sequence length
[W::hts_idx_load3] The index file is older than the data file: /bip7_disk/pingting114/mixed_bam/COLO829_PAO/TF0_25x/TF0_25x.rep4.bam.bai
[W::hts_idx_load3] The index file is older than the data file: /bip7_disk/pingting114/mixed_bam/COLO829_PAO/TF0_25x/TF0_25x.rep4.bam.bai
[W::hts_idx_load3] The index file is older than the data file: /bip7_disk/pingting114/mixed_bam/COLO829_PAO/TF0_25x/TF0_25x.rep4.bam.bai
[E::bam_parse_basemod2] 1837c983-e3d1-4dc8-8513-96c07a8cde53: MM tag refers to bases beyond sequence length
[W::hts_idx_load3] The index file is older than the data file: /bip7_disk/pingting114/mixed_bam/COLO829_PAO/TF0_25x/TF0_25x.rep4.bam.bai
[W::hts_idx_load3] The index file is older than the data file: /bip7_disk/pingting114/mixed_bam/COLO829_PAO/TF0_25x/TF0_25x.rep4.bam.bai
[W::hts_idx_load3] The index file is older than the data file: /bip7_disk/pingting114/mixed_bam/COLO829_PAO/TF0_25x/TF0_25x.rep4.bam.bai
[W::hts_idx_load3] The index file is older than the data file: /bip7_disk/pingting114/mixed_bam/COLO829_PAO/TF0_25x/TF0_25x.rep4.bam.bai
[W::bam_next_basemod] MM tag refers to bases beyond sequence length
[W::hts_idx_load3] The index file is older than the data file: /bip7_disk/pingting114/mixed_bam/COLO829_PAO/TF0_25x/TF0_25x.rep4.bam.bai
[W::bam_next_basemod] MM tag refers to bases beyond sequence length
[W::hts_idx_load3] The index file is older than the data file: /bip7_disk/pingting114/mixed_bam/COLO829_PAO/TF0_25x/TF0_25x.rep4.bam.bai
[E::bam_parse_basemod2] 8f3fb9c7-15fc-4980-8578-64a70d0a0592: MM tag refers to bases beyond sequence length
[W::hts_idx_load3] The index file is older than the data file: /bip7_disk/pingting114/mixed_bam/COLO829_PAO/TF0_25x/TF0_25x.rep4.bam.bai
[W::hts_idx_load3] The index file is older than the data file: /bip7_disk/pingting114/mixed_bam/COLO829_PAO/TF0_25x/TF0_25x.rep4.bam.bai
[W::hts_idx_load3] The index file is older than the data file: /bip7_disk/pingting114/mixed_bam/COLO829_PAO/TF0_25x/TF0_25x.rep4.bam.bai
[W::hts_idx_load3] The index file is older than the data file: /bip7_disk/pingting114/mixed_bam/COLO829_PAO/TF0_25x/TF0_25x.rep4.bam.bai
[W::hts_idx_load3] The index file is older than the data file: /bip7_disk/pingting114/mixed_bam/COLO829_PAO/TF0_25x/TF0_25x.rep4.bam.bai
[W::hts_idx_load3] The index file is older than the data file: /bip7_disk/pingting114/mixed_bam/COLO829_PAO/TF0_25x/TF0_25x.rep4.bam.bai
[W::hts_idx_load3] The index file is older than the data file: /bip7_disk/pingting114/mixed_bam/COLO829_PAO/TF0_25x/TF0_25x.rep4.bam.bai
[W::hts_idx_load3] The index file is older than the data file: /bip7_disk/pingting114/mixed_bam/COLO829_PAO/TF0_25x/TF0_25x.rep4.bam.bai
[W::hts_idx_load3] The index file is older than the data file: /bip7_disk/pingting114/mixed_bam/COLO829_PAO/TF0_25x/TF0_25x.rep4.bam.bai
[W::hts_idx_load3] The index file is older than the data file: /bip7_disk/pingting114/mixed_bam/COLO829_PAO/TF0_25x/TF0_25x.rep4.bam.bai
[E::bam_parse_basemod2] 43e134ae-cc90-45ff-9557-874fab22e1fd: MM tag refers to bases beyond sequence length
[W::hts_idx_load3] The index file is older than the data file: /bip7_disk/pingting114/mixed_bam/COLO829_PAO/TF0_25x/TF0_25x.rep4.bam.bai
[W::bam_next_basemod] MM tag refers to bases beyond sequence length
[W::hts_idx_load3] The index file is older than the data file: /bip7_disk/pingting114/mixed_bam/COLO829_PAO/TF0_25x/TF0_25x.rep4.bam.bai
[W::hts_idx_load3] The index file is older than the data file: /bip7_disk/pingting114/mixed_bam/COLO829_PAO/TF0_25x/TF0_25x.rep4.bam.bai
[W::hts_idx_load3] The index file is older than the data file: /bip7_disk/pingting114/mixed_bam/COLO829_PAO/TF0_25x/TF0_25x.rep4.bam.bai
[W::hts_idx_load3] The index file is older than the data file: /bip7_disk/pingting114/mixed_bam/COLO829_PAO/TF0_25x/TF0_25x.rep4.bam.bai
[W::hts_idx_load3] The index file is older than the data file: /bip7_disk/pingting114/mixed_bam/COLO829_PAO/TF0_25x/TF0_25x.rep4.bam.bai
[W::hts_idx_load3] The index file is older than the data file: /bip7_disk/pingting114/mixed_bam/COLO829_PAO/TF0_25x/TF0_25x.rep4.bam.bai
[W::hts_idx_load3] The index file is older than the data file: /bip7_disk/pingting114/mixed_bam/COLO829_PAO/TF0_25x/TF0_25x.rep4.bam.bai
[W::hts_idx_load3] The index file is older than the data file: /bip7_disk/pingting114/mixed_bam/COLO829_PAO/TF0_25x/TF0_25x.rep4.bam.bai
[W::hts_idx_load3] The index file is older than the data file: /bip7_disk/pingting114/mixed_bam/COLO829_PAO/TF0_25x/TF0_25x.rep4.bam.bai
[W::hts_idx_load3] The index file is older than the data file: /bip7_disk/pingting114/mixed_bam/COLO829_PAO/TF0_25x/TF0_25x.rep4.bam.bai
[W::hts_idx_load3] The index file is older than the data file: /bip7_disk/pingting114/mixed_bam/COLO829_PAO/TF0_25x/TF0_25x.rep4.bam.bai
[W::hts_idx_load3] The index file is older than the data file: /bip7_disk/pingting114/mixed_bam/COLO829_PAO/TF0_25x/TF0_25x.rep4.bam.bai
[W::hts_idx_load3] The index file is older than the data file: /bip7_disk/pingting114/mixed_bam/COLO829_PAO/TF0_25x/TF0_25x.rep4.bam.bai
[W::hts_idx_load3] The index file is older than the data file: /bip7_disk/pingting114/mixed_bam/COLO829_PAO/TF0_25x/TF0_25x.rep4.bam.bai
[W::hts_idx_load3] The index file is older than the data file: /bip7_disk/pingting114/mixed_bam/COLO829_PAO/TF0_25x/TF0_25x.rep4.bam.bai
[W::bam_next_basemod] MM tag refers to bases beyond sequence length
[W::hts_idx_load3] The index file is older than the data file: /bip7_disk/pingting114/mixed_bam/COLO829_PAO/TF0_25x/TF0_25x.rep4.bam.bai
[W::bam_next_basemod] MM tag refers to bases beyond sequence length
[E::bam_parse_basemod2] c501eb91-142d-40cc-ab77-05adde047416: MM tag refers to bases beyond sequence length
[W::hts_idx_load3] The index file is older than the data file: /bip7_disk/pingting114/mixed_bam/COLO829_PAO/TF0_25x/TF0_25x.rep4.bam.bai
[W::hts_idx_load3] The index file is older than the data file: /bip7_disk/pingting114/mixed_bam/COLO829_PAO/TF0_25x/TF0_25x.rep4.bam.bai
[W::hts_idx_load3] The index file is older than the data file: /bip7_disk/pingting114/mixed_bam/COLO829_PAO/TF0_25x/TF0_25x.rep4.bam.bai
[W::hts_idx_load3] The index file is older than the data file: /bip7_disk/pingting114/mixed_bam/COLO829_PAO/TF0_25x/TF0_25x.rep4.bam.bai
[W::hts_idx_load3] The index file is older than the data file: /bip7_disk/pingting114/mixed_bam/COLO829_PAO/TF0_25x/TF0_25x.rep4.bam.bai
[E::bam_parse_basemod2] 25d608fe-8f8f-4f38-8f0b-d8e47e87f6d1: MM tag refers to bases beyond sequence length
[W::hts_idx_load3] The index file is older than the data file: /bip7_disk/pingting114/mixed_bam/COLO829_PAO/TF0_25x/TF0_25x.rep4.bam.bai
[W::bam_next_basemod] MM tag refers to bases beyond sequence length
[E::bam_parse_basemod2] 3dabad48-56c8-4432-b335-589c0214b49e: MM tag refers to bases beyond sequence length
[W::hts_idx_load3] The index file is older than the data file: /bip7_disk/pingting114/mixed_bam/COLO829_PAO/TF0_25x/TF0_25x.rep4.bam.bai
[W::bam_next_basemod] MM tag refers to bases beyond sequence length
[W::hts_idx_load3] The index file is older than the data file: /bip7_disk/pingting114/mixed_bam/COLO829_PAO/TF0_25x/TF0_25x.rep4.bam.bai
[W::hts_idx_load3] The index file is older than the data file: /bip7_disk/pingting114/mixed_bam/COLO829_PAO/TF0_25x/TF0_25x.rep4.bam.bai
[W::hts_idx_load3] The index file is older than the data file: /bip7_disk/pingting114/mixed_bam/COLO829_PAO/TF0_25x/TF0_25x.rep4.bam.bai
[E::bam_parse_basemod2] a828b427-f269-4a18-88a0-f4e0d711bf7c: MM tag refers to bases beyond sequence length
[E::bam_parse_basemod2] 5b7db061-f73a-4eac-b9d1-616d938b8f2b: MM tag refers to bases beyond sequence length
[W::hts_idx_load3] The index file is older than the data file: /bip7_disk/pingting114/mixed_bam/COLO829_PAO/TF0_25x/TF0_25x.rep4.bam.bai
[W::hts_idx_load3] The index file is older than the data file: /bip7_disk/pingting114/mixed_bam/COLO829_PAO/TF0_25x/TF0_25x.rep4.bam.bai
[W::hts_idx_load3] The index file is older than the data file: /bip7_disk/pingting114/mixed_bam/COLO829_PAO/TF0_25x/TF0_25x.rep4.bam.bai
[W::hts_idx_load3] The index file is older than the data file: /bip7_disk/pingting114/mixed_bam/COLO829_PAO/TF0_25x/TF0_25x.rep4.bam.bai
[W::hts_idx_load3] The index file is older than the data file: /bip7_disk/pingting114/mixed_bam/COLO829_PAO/TF0_25x/TF0_25x.rep4.bam.bai
[W::hts_idx_load3] The index file is older than the data file: /bip7_disk/pingting114/mixed_bam/COLO829_PAO/TF0_25x/TF0_25x.rep4.bam.bai
[W::hts_idx_load3] The index file is older than the data file: /bip7_disk/pingting114/mixed_bam/COLO829_PAO/TF0_25x/TF0_25x.rep4.bam.bai
[W::hts_idx_load3] The index file is older than the data file: /bip7_disk/pingting114/mixed_bam/COLO829_PAO/TF0_25x/TF0_25x.rep4.bam.bai
[W::hts_idx_load3] The index file is older than the data file: /bip7_disk/pingting114/mixed_bam/COLO829_PAO/TF0_25x/TF0_25x.rep4.bam.bai
[E::bam_parse_basemod2] 12fa8d26-1575-479a-a89f-31c43e349d08: MM tag refers to bases beyond sequence length
[W::hts_idx_load3] The index file is older than the data file: /bip7_disk/pingting114/mixed_bam/COLO829_PAO/TF0_25x/TF0_25x.rep4.bam.bai
[W::hts_idx_load3] The index file is older than the data file: /bip7_disk/pingting114/mixed_bam/COLO829_PAO/TF0_25x/TF0_25x.rep4.bam.bai
[W::bam_next_basemod] MM tag refers to bases beyond sequence length
[W::hts_idx_load3] The index file is older than the data file: /bip7_disk/pingting114/mixed_bam/COLO829_PAO/TF0_25x/TF0_25x.rep4.bam.bai
[W::hts_idx_load3] The index file is older than the data file: /bip7_disk/pingting114/mixed_bam/COLO829_PAO/TF0_25x/TF0_25x.rep4.bam.bai
[W::bam_next_basemod] MM tag refers to bases beyond sequence length
[W::hts_idx_load3] The index file is older than the data file: /bip7_disk/pingting114/mixed_bam/COLO829_PAO/TF0_25x/TF0_25x.rep4.bam.bai
[E::bam_parse_basemod2] 735a7b23-194d-4ca7-8fae-105bb858ca76: MM tag refers to bases beyond sequence length
[W::bam_next_basemod] MM tag refers to bases beyond sequence length
[W::hts_idx_load3] The index file is older than the data file: /bip7_disk/pingting114/mixed_bam/COLO829_PAO/TF0_25x/TF0_25x.rep4.bam.bai
[W::hts_idx_load3] The index file is older than the data file: /bip7_disk/pingting114/mixed_bam/COLO829_PAO/TF0_25x/TF0_25x.rep4.bam.bai
[W::hts_idx_load3] The index file is older than the data file: /bip7_disk/pingting114/mixed_bam/COLO829_PAO/TF0_25x/TF0_25x.rep4.bam.bai
[W::hts_idx_load3] The index file is older than the data file: /bip7_disk/pingting114/mixed_bam/COLO829_PAO/TF0_25x/TF0_25x.rep4.bam.bai
[W::hts_idx_load3] The index file is older than the data file: /bip7_disk/pingting114/mixed_bam/COLO829_PAO/TF0_25x/TF0_25x.rep4.bam.bai
[W::hts_idx_load3] The index file is older than the data file: /bip7_disk/pingting114/mixed_bam/COLO829_PAO/TF0_25x/TF0_25x.rep4.bam.bai
[E::bam_parse_basemod2] 58d3f98d-68e2-468e-8eb8-427e2ab7fa09: MM tag refers to bases beyond sequence length
[W::hts_idx_load3] The index file is older than the data file: /bip7_disk/pingting114/mixed_bam/COLO829_PAO/TF0_25x/TF0_25x.rep4.bam.bai
[W::hts_idx_load3] The index file is older than the data file: /bip7_disk/pingting114/mixed_bam/COLO829_PAO/TF0_25x/TF0_25x.rep4.bam.bai
[W::hts_idx_load3] The index file is older than the data file: /bip7_disk/pingting114/mixed_bam/COLO829_PAO/TF0_25x/TF0_25x.rep4.bam.bai
[W::hts_idx_load3] The index file is older than the data file: /bip7_disk/pingting114/mixed_bam/COLO829_PAO/TF0_25x/TF0_25x.rep4.bam.bai
[W::hts_idx_load3] The index file is older than the data file: /bip7_disk/pingting114/mixed_bam/COLO829_PAO/TF0_25x/TF0_25x.rep4.bam.bai
[E::bam_parse_basemod2] b00cd966-181d-471b-b662-e3f4a229e6a3: MM tag refers to bases beyond sequence length
[W::bam_next_basemod] MM tag refers to bases beyond sequence length
[W::hts_idx_load3] The index file is older than the data file: /bip7_disk/pingting114/mixed_bam/COLO829_PAO/TF0_25x/TF0_25x.rep4.bam.bai
[W::bam_next_basemod] MM tag refers to bases beyond sequence length
[W::hts_idx_load3] The index file is older than the data file: /bip7_disk/pingting114/mixed_bam/COLO829_PAO/TF0_25x/TF0_25x.rep4.bam.bai
[W::hts_idx_load3] The index file is older than the data file: /bip7_disk/pingting114/mixed_bam/COLO829_PAO/TF0_25x/TF0_25x.rep4.bam.bai
[W::hts_idx_load3] The index file is older than the data file: /bip7_disk/pingting114/mixed_bam/COLO829_PAO/TF0_25x/TF0_25x.rep4.bam.bai
[W::hts_idx_load3] The index file is older than the data file: /bip7_disk/pingting114/mixed_bam/COLO829_PAO/TF0_25x/TF0_25x.rep4.bam.bai
[W::hts_idx_load3] The index file is older than the data file: /bip7_disk/pingting114/mixed_bam/COLO829_PAO/TF0_25x/TF0_25x.rep4.bam.bai
[W::hts_idx_load3] The index file is older than the data file: /bip7_disk/pingting114/mixed_bam/COLO829_PAO/TF0_25x/TF0_25x.rep4.bam.bai
[W::hts_idx_load3] The index file is older than the data file: /bip7_disk/pingting114/mixed_bam/COLO829_PAO/TF0_25x/TF0_25x.rep4.bam.bai
[W::hts_idx_load3] The index file is older than the data file: /bip7_disk/pingting114/mixed_bam/COLO829_PAO/TF0_25x/TF0_25x.rep4.bam.bai
[E::bam_parse_basemod2] a59b78a3-ef80-471d-8622-47eb826746ed: MM tag refers to bases beyond sequence length
[W::hts_idx_load3] The index file is older than the data file: /bip7_disk/pingting114/mixed_bam/COLO829_PAO/TF0_25x/TF0_25x.rep4.bam.bai
[W::hts_idx_load3] The index file is older than the data file: /bip7_disk/pingting114/mixed_bam/COLO829_PAO/TF0_25x/TF0_25x.rep4.bam.bai
[W::hts_idx_load3] The index file is older than the data file: /bip7_disk/pingting114/mixed_bam/COLO829_PAO/TF0_25x/TF0_25x.rep4.bam.bai
[W::hts_idx_load3] The index file is older than the data file: /bip7_disk/pingting114/mixed_bam/COLO829_PAO/TF0_25x/TF0_25x.rep4.bam.bai
[E::bam_parse_basemod2] 90851ed3-db32-477c-b02c-d522193dd371: MM tag refers to bases beyond sequence length
[W::hts_idx_load3] The index file is older than the data file: /bip7_disk/pingting114/mixed_bam/COLO829_PAO/TF0_25x/TF0_25x.rep4.bam.bai
[W::hts_idx_load3] The index file is older than the data file: /bip7_disk/pingting114/mixed_bam/COLO829_PAO/TF0_25x/TF0_25x.rep4.bam.bai
[W::hts_idx_load3] The index file is older than the data file: /bip7_disk/pingting114/mixed_bam/COLO829_PAO/TF0_25x/TF0_25x.rep4.bam.bai
[W::bam_next_basemod] MM tag refers to bases beyond sequence length
[W::hts_idx_load3] The index file is older than the data file: /bip7_disk/pingting114/mixed_bam/COLO829_PAO/TF0_25x/TF0_25x.rep4.bam.bai
[W::hts_idx_load3] The index file is older than the data file: /bip7_disk/pingting114/mixed_bam/COLO829_PAO/TF0_25x/TF0_25x.rep4.bam.bai
[W::hts_idx_load3] The index file is older than the data file: /bip7_disk/pingting114/mixed_bam/COLO829_PAO/TF0_25x/TF0_25x.rep4.bam.bai
[W::hts_idx_load3] The index file is older than the data file: /bip7_disk/pingting114/mixed_bam/COLO829_PAO/TF0_25x/TF0_25x.rep4.bam.bai
[W::bam_next_basemod] MM tag refers to bases beyond sequence length
[W::hts_idx_load3] The index file is older than the data file: /bip7_disk/pingting114/mixed_bam/COLO829_PAO/TF0_25x/TF0_25x.rep4.bam.bai
[W::hts_idx_load3] The index file is older than the data file: /bip7_disk/pingting114/mixed_bam/COLO829_PAO/TF0_25x/TF0_25x.rep4.bam.bai
[W::hts_idx_load3] The index file is older than the data file: /bip7_disk/pingting114/mixed_bam/COLO829_PAO/TF0_25x/TF0_25x.rep4.bam.bai
[W::hts_idx_load3] The index file is older than the data file: /bip7_disk/pingting114/mixed_bam/COLO829_PAO/TF0_25x/TF0_25x.rep4.bam.bai
[W::hts_idx_load3] The index file is older than the data file: /bip7_disk/pingting114/mixed_bam/COLO829_PAO/TF0_25x/TF0_25x.rep4.bam.bai
[W::hts_idx_load3] The index file is older than the data file: /bip7_disk/pingting114/mixed_bam/COLO829_PAO/TF0_25x/TF0_25x.rep4.bam.bai
[W::hts_idx_load3] The index file is older than the data file: /bip7_disk/pingting114/mixed_bam/COLO829_PAO/TF0_25x/TF0_25x.rep4.bam.bai
[W::hts_idx_load3] The index file is older than the data file: /bip7_disk/pingting114/mixed_bam/COLO829_PAO/TF0_25x/TF0_25x.rep4.bam.bai
[W::hts_idx_load3] The index file is older than the data file: /bip7_disk/pingting114/mixed_bam/COLO829_PAO/TF0_25x/TF0_25x.rep4.bam.bai
[W::bam_next_basemod] MM tag refers to bases beyond sequence length
[W::hts_idx_load3] The index file is older than the data file: /bip7_disk/pingting114/mixed_bam/COLO829_PAO/TF0_25x/TF0_25x.rep4.bam.bai
[W::hts_idx_load3] The index file is older than the data file: /bip7_disk/pingting114/mixed_bam/COLO829_PAO/TF0_25x/TF0_25x.rep4.bam.bai
[W::hts_idx_load3] The index file is older than the data file: /bip7_disk/pingting114/mixed_bam/COLO829_PAO/TF0_25x/TF0_25x.rep4.bam.bai
[W::hts_idx_load3] The index file is older than the data file: /bip7_disk/pingting114/mixed_bam/COLO829_PAO/TF0_25x/TF0_25x.rep4.bam.bai
[W::hts_idx_load3] The index file is older than the data file: /bip7_disk/pingting114/mixed_bam/COLO829_PAO/TF0_25x/TF0_25x.rep4.bam.bai
[W::hts_idx_load3] The index file is older than the data file: /bip7_disk/pingting114/mixed_bam/COLO829_PAO/TF0_25x/TF0_25x.rep4.bam.bai
[E::bam_parse_basemod2] 6f1084c1-077a-45cb-84da-f003dc92581e: MM tag refers to bases beyond sequence length
[W::hts_idx_load3] The index file is older than the data file: /bip7_disk/pingting114/mixed_bam/COLO829_PAO/TF0_25x/TF0_25x.rep4.bam.bai
[W::bam_next_basemod] MM tag refers to bases beyond sequence length
[W::hts_idx_load3] The index file is older than the data file: /bip7_disk/pingting114/mixed_bam/COLO829_PAO/TF0_25x/TF0_25x.rep4.bam.bai
[W::hts_idx_load3] The index file is older than the data file: /bip7_disk/pingting114/mixed_bam/COLO829_PAO/TF0_25x/TF0_25x.rep4.bam.bai
[W::hts_idx_load3] The index file is older than the data file: /bip7_disk/pingting114/mixed_bam/COLO829_PAO/TF0_25x/TF0_25x.rep4.bam.bai
[E::bam_parse_basemod2] 1b89a5ae-d8d4-48cf-9213-f7e35a1fbd78: MM tag refers to bases beyond sequence length
[W::hts_idx_load3] The index file is older than the data file: /bip7_disk/pingting114/mixed_bam/COLO829_PAO/TF0_25x/TF0_25x.rep4.bam.bai
[W::hts_idx_load3] The index file is older than the data file: /bip7_disk/pingting114/mixed_bam/COLO829_PAO/TF0_25x/TF0_25x.rep4.bam.bai
[W::bam_next_basemod] MM tag refers to bases beyond sequence length
[W::hts_idx_load3] The index file is older than the data file: /bip7_disk/pingting114/mixed_bam/COLO829_PAO/TF0_25x/TF0_25x.rep4.bam.bai
[W::hts_idx_load3] The index file is older than the data file: /bip7_disk/pingting114/mixed_bam/COLO829_PAO/TF0_25x/TF0_25x.rep4.bam.bai
[W::hts_idx_load3] The index file is older than the data file: /bip7_disk/pingting114/mixed_bam/COLO829_PAO/TF0_25x/TF0_25x.rep4.bam.bai
[W::hts_idx_load3] The index file is older than the data file: /bip7_disk/pingting114/mixed_bam/COLO829_PAO/TF0_25x/TF0_25x.rep4.bam.bai
[W::hts_idx_load3] The index file is older than the data file: /bip7_disk/pingting114/mixed_bam/COLO829_PAO/TF0_25x/TF0_25x.rep4.bam.bai
[W::bam_next_basemod] MM tag refers to bases beyond sequence length
[W::hts_idx_load3] The index file is older than the data file: /bip7_disk/pingting114/mixed_bam/COLO829_PAO/TF0_25x/TF0_25x.rep4.bam.bai
[W::hts_idx_load3] The index file is older than the data file: /bip7_disk/pingting114/mixed_bam/COLO829_PAO/TF0_25x/TF0_25x.rep4.bam.bai
[W::hts_idx_load3] The index file is older than the data file: /bip7_disk/pingting114/mixed_bam/COLO829_PAO/TF0_25x/TF0_25x.rep4.bam.bai
[W::bam_next_basemod] MM tag refers to bases beyond sequence length
[W::hts_idx_load3] The index file is older than the data file: /bip7_disk/pingting114/mixed_bam/COLO829_PAO/TF0_25x/TF0_25x.rep4.bam.bai
[W::hts_idx_load3] The index file is older than the data file: /bip7_disk/pingting114/mixed_bam/COLO829_PAO/TF0_25x/TF0_25x.rep4.bam.bai
[W::hts_idx_load3] The index file is older than the data file: /bip7_disk/pingting114/mixed_bam/COLO829_PAO/TF0_25x/TF0_25x.rep4.bam.bai
[W::hts_idx_load3] The index file is older than the data file: /bip7_disk/pingting114/mixed_bam/COLO829_PAO/TF0_25x/TF0_25x.rep4.bam.bai
[W::hts_idx_load3] The index file is older than the data file: /bip7_disk/pingting114/mixed_bam/COLO829_PAO/TF0_25x/TF0_25x.rep4.bam.bai
[W::bam_next_basemod] MM tag refers to bases beyond sequence length
[W::hts_idx_load3] The index file is older than the data file: /bip7_disk/pingting114/mixed_bam/COLO829_PAO/TF0_25x/TF0_25x.rep4.bam.bai
[W::bam_next_basemod] MM tag refers to bases beyond sequence length
[W::hts_idx_load3] The index file is older than the data file: /bip7_disk/pingting114/mixed_bam/COLO829_PAO/TF0_25x/TF0_25x.rep4.bam.bai
[W::hts_idx_load3] The index file is older than the data file: /bip7_disk/pingting114/mixed_bam/COLO829_PAO/TF0_25x/TF0_25x.rep4.bam.bai
[E::bam_parse_basemod2] 20dad495-f338-4347-8952-c459d6da4f28: MM tag refers to bases beyond sequence length
[W::hts_idx_load3] The index file is older than the data file: /bip7_disk/pingting114/mixed_bam/COLO829_PAO/TF0_25x/TF0_25x.rep4.bam.bai
[W::hts_idx_load3] The index file is older than the data file: /bip7_disk/pingting114/mixed_bam/COLO829_PAO/TF0_25x/TF0_25x.rep4.bam.bai
[W::hts_idx_load3] The index file is older than the data file: /bip7_disk/pingting114/mixed_bam/COLO829_PAO/TF0_25x/TF0_25x.rep4.bam.bai
[W::hts_idx_load3] The index file is older than the data file: /bip7_disk/pingting114/mixed_bam/COLO829_PAO/TF0_25x/TF0_25x.rep4.bam.bai
[W::hts_idx_load3] The index file is older than the data file: /bip7_disk/pingting114/mixed_bam/COLO829_PAO/TF0_25x/TF0_25x.rep4.bam.bai
[W::hts_idx_load3] The index file is older than the data file: /bip7_disk/pingting114/mixed_bam/COLO829_PAO/TF0_25x/TF0_25x.rep4.bam.bai
[W::bam_next_basemod] MM tag refers to bases beyond sequence length
[E::bam_parse_basemod2] 315da0eb-211d-4dea-9ed3-43e76908120c: MM tag refers to bases beyond sequence length
[W::hts_idx_load3] The index file is older than the data file: /bip7_disk/pingting114/mixed_bam/COLO829_PAO/TF0_25x/TF0_25x.rep4.bam.bai
[W::hts_idx_load3] The index file is older than the data file: /bip7_disk/pingting114/mixed_bam/COLO829_PAO/TF0_25x/TF0_25x.rep4.bam.bai
[W::hts_idx_load3] The index file is older than the data file: /bip7_disk/pingting114/mixed_bam/COLO829_PAO/TF0_25x/TF0_25x.rep4.bam.bai
[W::bam_next_basemod] MM tag refers to bases beyond sequence length
[W::hts_idx_load3] The index file is older than the data file: /bip7_disk/pingting114/mixed_bam/COLO829_PAO/TF0_25x/TF0_25x.rep4.bam.bai
[W::hts_idx_load3] The index file is older than the data file: /bip7_disk/pingting114/mixed_bam/COLO829_PAO/TF0_25x/TF0_25x.rep4.bam.bai
[W::hts_idx_load3] The index file is older than the data file: /bip7_disk/pingting114/mixed_bam/COLO829_PAO/TF0_25x/TF0_25x.rep4.bam.bai
[W::bam_next_basemod] MM tag refers to bases beyond sequence length
[W::hts_idx_load3] The index file is older than the data file: /bip7_disk/pingting114/mixed_bam/COLO829_PAO/TF0_25x/TF0_25x.rep4.bam.bai
[W::hts_idx_load3] The index file is older than the data file: /bip7_disk/pingting114/mixed_bam/COLO829_PAO/TF0_25x/TF0_25x.rep4.bam.bai
[W::hts_idx_load3] The index file is older than the data file: /bip7_disk/pingting114/mixed_bam/COLO829_PAO/TF0_25x/TF0_25x.rep4.bam.bai
[W::hts_idx_load3] The index file is older than the data file: /bip7_disk/pingting114/mixed_bam/COLO829_PAO/TF0_25x/TF0_25x.rep4.bam.bai
[W::hts_idx_load3] The index file is older than the data file: /bip7_disk/pingting114/mixed_bam/COLO829_PAO/TF0_25x/TF0_25x.rep4.bam.bai
[W::hts_idx_load3] The index file is older than the data file: /bip7_disk/pingting114/mixed_bam/COLO829_PAO/TF0_25x/TF0_25x.rep4.bam.bai
[W::hts_idx_load3] The index file is older than the data file: /bip7_disk/pingting114/mixed_bam/COLO829_PAO/TF0_25x/TF0_25x.rep4.bam.bai
[E::bam_parse_basemod2] 580d281e-d360-47b8-9eb6-4dc9584c7dd8: MM tag refers to bases beyond sequence length
[W::hts_idx_load3] The index file is older than the data file: /bip7_disk/pingting114/mixed_bam/COLO829_PAO/TF0_25x/TF0_25x.rep4.bam.bai
[W::hts_idx_load3] The index file is older than the data file: /bip7_disk/pingting114/mixed_bam/COLO829_PAO/TF0_25x/TF0_25x.rep4.bam.bai
[W::hts_idx_load3] The index file is older than the data file: /bip7_disk/pingting114/mixed_bam/COLO829_PAO/TF0_25x/TF0_25x.rep4.bam.bai
[W::hts_idx_load3] The index file is older than the data file: /bip7_disk/pingting114/mixed_bam/COLO829_PAO/TF0_25x/TF0_25x.rep4.bam.bai
[W::hts_idx_load3] The index file is older than the data file: /bip7_disk/pingting114/mixed_bam/COLO829_PAO/TF0_25x/TF0_25x.rep4.bam.bai
[W::hts_idx_load3] The index file is older than the data file: /bip7_disk/pingting114/mixed_bam/COLO829_PAO/TF0_25x/TF0_25x.rep4.bam.bai
[W::hts_idx_load3] The index file is older than the data file: /bip7_disk/pingting114/mixed_bam/COLO829_PAO/TF0_25x/TF0_25x.rep4.bam.bai
[W::bam_next_basemod] MM tag refers to bases beyond sequence length
[W::hts_idx_load3] The index file is older than the data file: /bip7_disk/pingting114/mixed_bam/COLO829_PAO/TF0_25x/TF0_25x.rep4.bam.bai
[W::hts_idx_load3] The index file is older than the data file: /bip7_disk/pingting114/mixed_bam/COLO829_PAO/TF0_25x/TF0_25x.rep4.bam.bai
[W::hts_idx_load3] The index file is older than the data file: /bip7_disk/pingting114/mixed_bam/COLO829_PAO/TF0_25x/TF0_25x.rep4.bam.bai
[W::hts_idx_load3] The index file is older than the data file: /bip7_disk/pingting114/mixed_bam/COLO829_PAO/TF0_25x/TF0_25x.rep4.bam.bai
[W::bam_next_basemod] MM tag refers to bases beyond sequence length
[E::bam_parse_basemod2] 5d002276-82b9-4398-8fde-6baf228f23ac: MM tag refers to bases beyond sequence length
[W::bam_next_basemod] MM tag refers to bases beyond sequence length
[W::hts_idx_load3] The index file is older than the data file: /bip7_disk/pingting114/mixed_bam/COLO829_PAO/TF0_25x/TF0_25x.rep4.bam.bai
[W::hts_idx_load3] The index file is older than the data file: /bip7_disk/pingting114/mixed_bam/COLO829_PAO/TF0_25x/TF0_25x.rep4.bam.bai
[W::bam_next_basemod] MM tag refers to bases beyond sequence length
[W::hts_idx_load3] The index file is older than the data file: /bip7_disk/pingting114/mixed_bam/COLO829_PAO/TF0_25x/TF0_25x.rep4.bam.bai
[W::hts_idx_load3] The index file is older than the data file: /bip7_disk/pingting114/mixed_bam/COLO829_PAO/TF0_25x/TF0_25x.rep4.bam.bai
[W::hts_idx_load3] The index file is older than the data file: /bip7_disk/pingting114/mixed_bam/COLO829_PAO/TF0_25x/TF0_25x.rep4.bam.bai
[W::hts_idx_load3] The index file is older than the data file: /bip7_disk/pingting114/mixed_bam/COLO829_PAO/TF0_25x/TF0_25x.rep4.bam.bai
[W::bam_next_basemod] MM tag refers to bases beyond sequence length
[W::hts_idx_load3] The index file is older than the data file: /bip7_disk/pingting114/mixed_bam/COLO829_PAO/TF0_25x/TF0_25x.rep4.bam.bai
[W::hts_idx_load3] The index file is older than the data file: /bip7_disk/pingting114/mixed_bam/COLO829_PAO/TF0_25x/TF0_25x.rep4.bam.bai
[W::hts_idx_load3] The index file is older than the data file: /bip7_disk/pingting114/mixed_bam/COLO829_PAO/TF0_25x/TF0_25x.rep4.bam.bai
[W::hts_idx_load3] The index file is older than the data file: /bip7_disk/pingting114/mixed_bam/COLO829_PAO/TF0_25x/TF0_25x.rep4.bam.bai
[W::hts_idx_load3] The index file is older than the data file: /bip7_disk/pingting114/mixed_bam/COLO829_PAO/TF0_25x/TF0_25x.rep4.bam.bai
[W::hts_idx_load3] The index file is older than the data file: /bip7_disk/pingting114/mixed_bam/COLO829_PAO/TF0_25x/TF0_25x.rep4.bam.bai
[W::hts_idx_load3] The index file is older than the data file: /bip7_disk/pingting114/mixed_bam/COLO829_PAO/TF0_25x/TF0_25x.rep4.bam.bai
  TF0_25x.rep4.bam cand 3500/4000
[W::hts_idx_load3] The index file is older than the data file: /bip7_disk/pingting114/mixed_bam/COLO829_PAO/TF0_25x/TF0_25x.rep4.bam.bai
[W::hts_idx_load3] The index file is older than the data file: /bip7_disk/pingting114/mixed_bam/COLO829_PAO/TF0_25x/TF0_25x.rep4.bam.bai
[W::hts_idx_load3] The index file is older than the data file: /bip7_disk/pingting114/mixed_bam/COLO829_PAO/TF0_25x/TF0_25x.rep4.bam.bai
[W::hts_idx_load3] The index file is older than the data file: /bip7_disk/pingting114/mixed_bam/COLO829_PAO/TF0_25x/TF0_25x.rep4.bam.bai
[W::hts_idx_load3] The index file is older than the data file: /bip7_disk/pingting114/mixed_bam/COLO829_PAO/TF0_25x/TF0_25x.rep4.bam.bai
[W::bam_next_basemod] MM tag refers to bases beyond sequence length
[W::hts_idx_load3] The index file is older than the data file: /bip7_disk/pingting114/mixed_bam/COLO829_PAO/TF0_25x/TF0_25x.rep4.bam.bai
[W::hts_idx_load3] The index file is older than the data file: /bip7_disk/pingting114/mixed_bam/COLO829_PAO/TF0_25x/TF0_25x.rep4.bam.bai
[W::hts_idx_load3] The index file is older than the data file: /bip7_disk/pingting114/mixed_bam/COLO829_PAO/TF0_25x/TF0_25x.rep4.bam.bai
[W::hts_idx_load3] The index file is older than the data file: /bip7_disk/pingting114/mixed_bam/COLO829_PAO/TF0_25x/TF0_25x.rep4.bam.bai
[W::hts_idx_load3] The index file is older than the data file: /bip7_disk/pingting114/mixed_bam/COLO829_PAO/TF0_25x/TF0_25x.rep4.bam.bai
[W::hts_idx_load3] The index file is older than the data file: /bip7_disk/pingting114/mixed_bam/COLO829_PAO/TF0_25x/TF0_25x.rep4.bam.bai
[W::hts_idx_load3] The index file is older than the data file: /bip7_disk/pingting114/mixed_bam/COLO829_PAO/TF0_25x/TF0_25x.rep4.bam.bai
[W::hts_idx_load3] The index file is older than the data file: /bip7_disk/pingting114/mixed_bam/COLO829_PAO/TF0_25x/TF0_25x.rep4.bam.bai
[W::hts_idx_load3] The index file is older than the data file: /bip7_disk/pingting114/mixed_bam/COLO829_PAO/TF0_25x/TF0_25x.rep4.bam.bai
[W::hts_idx_load3] The index file is older than the data file: /bip7_disk/pingting114/mixed_bam/COLO829_PAO/TF0_25x/TF0_25x.rep4.bam.bai
[W::hts_idx_load3] The index file is older than the data file: /bip7_disk/pingting114/mixed_bam/COLO829_PAO/TF0_25x/TF0_25x.rep4.bam.bai
[E::bam_parse_basemod2] 19348f4c-e0c9-45e2-9f8c-203e80b961d7: MM tag refers to bases beyond sequence length
[W::hts_idx_load3] The index file is older than the data file: /bip7_disk/pingting114/mixed_bam/COLO829_PAO/TF0_25x/TF0_25x.rep4.bam.bai
[W::hts_idx_load3] The index file is older than the data file: /bip7_disk/pingting114/mixed_bam/COLO829_PAO/TF0_25x/TF0_25x.rep4.bam.bai
[W::hts_idx_load3] The index file is older than the data file: /bip7_disk/pingting114/mixed_bam/COLO829_PAO/TF0_25x/TF0_25x.rep4.bam.bai
[W::hts_idx_load3] The index file is older than the data file: /bip7_disk/pingting114/mixed_bam/COLO829_PAO/TF0_25x/TF0_25x.rep4.bam.bai
[W::hts_idx_load3] The index file is older than the data file: /bip7_disk/pingting114/mixed_bam/COLO829_PAO/TF0_25x/TF0_25x.rep4.bam.bai
[W::hts_idx_load3] The index file is older than the data file: /bip7_disk/pingting114/mixed_bam/COLO829_PAO/TF0_25x/TF0_25x.rep4.bam.bai
[W::bam_next_basemod] MM tag refers to bases beyond sequence length
[W::hts_idx_load3] The index file is older than the data file: /bip7_disk/pingting114/mixed_bam/COLO829_PAO/TF0_25x/TF0_25x.rep4.bam.bai
[W::hts_idx_load3] The index file is older than the data file: /bip7_disk/pingting114/mixed_bam/COLO829_PAO/TF0_25x/TF0_25x.rep4.bam.bai
[W::hts_idx_load3] The index file is older than the data file: /bip7_disk/pingting114/mixed_bam/COLO829_PAO/TF0_25x/TF0_25x.rep4.bam.bai
[W::hts_idx_load3] The index file is older than the data file: /bip7_disk/pingting114/mixed_bam/COLO829_PAO/TF0_25x/TF0_25x.rep4.bam.bai
[W::hts_idx_load3] The index file is older than the data file: /bip7_disk/pingting114/mixed_bam/COLO829_PAO/TF0_25x/TF0_25x.rep4.bam.bai
[W::hts_idx_load3] The index file is older than the data file: /bip7_disk/pingting114/mixed_bam/COLO829_PAO/TF0_25x/TF0_25x.rep4.bam.bai
[W::hts_idx_load3] The index file is older than the data file: /bip7_disk/pingting114/mixed_bam/COLO829_PAO/TF0_25x/TF0_25x.rep4.bam.bai
[W::hts_idx_load3] The index file is older than the data file: /bip7_disk/pingting114/mixed_bam/COLO829_PAO/TF0_25x/TF0_25x.rep4.bam.bai
[W::hts_idx_load3] The index file is older than the data file: /bip7_disk/pingting114/mixed_bam/COLO829_PAO/TF0_25x/TF0_25x.rep4.bam.bai
[W::hts_idx_load3] The index file is older than the data file: /bip7_disk/pingting114/mixed_bam/COLO829_PAO/TF0_25x/TF0_25x.rep4.bam.bai
[W::bam_next_basemod] MM tag refers to bases beyond sequence length
[W::bam_next_basemod] MM tag refers to bases beyond sequence length
[W::hts_idx_load3] The index file is older than the data file: /bip7_disk/pingting114/mixed_bam/COLO829_PAO/TF0_25x/TF0_25x.rep4.bam.bai
[W::hts_idx_load3] The index file is older than the data file: /bip7_disk/pingting114/mixed_bam/COLO829_PAO/TF0_25x/TF0_25x.rep4.bam.bai
[W::hts_idx_load3] The index file is older than the data file: /bip7_disk/pingting114/mixed_bam/COLO829_PAO/TF0_25x/TF0_25x.rep4.bam.bai
[W::bam_next_basemod] MM tag refers to bases beyond sequence length
[W::hts_idx_load3] The index file is older than the data file: /bip7_disk/pingting114/mixed_bam/COLO829_PAO/TF0_25x/TF0_25x.rep4.bam.bai
[W::hts_idx_load3] The index file is older than the data file: /bip7_disk/pingting114/mixed_bam/COLO829_PAO/TF0_25x/TF0_25x.rep4.bam.bai
[E::bam_parse_basemod2] 1fc30062-9c3f-49b4-89c0-a60f18955001: MM tag refers to bases beyond sequence length
[W::hts_idx_load3] The index file is older than the data file: /bip7_disk/pingting114/mixed_bam/COLO829_PAO/TF0_25x/TF0_25x.rep4.bam.bai
[W::hts_idx_load3] The index file is older than the data file: /bip7_disk/pingting114/mixed_bam/COLO829_PAO/TF0_25x/TF0_25x.rep4.bam.bai
[E::bam_parse_basemod2] f02bc5e4-900b-446d-a36c-6867f7b12a2b: MM tag refers to bases beyond sequence length
[W::hts_idx_load3] The index file is older than the data file: /bip7_disk/pingting114/mixed_bam/COLO829_PAO/TF0_25x/TF0_25x.rep4.bam.bai
[E::bam_parse_basemod2] afb509e5-9dba-4eae-9c87-061e7f4f580b: MM tag refers to bases beyond sequence length
[W::hts_idx_load3] The index file is older than the data file: /bip7_disk/pingting114/mixed_bam/COLO829_PAO/TF0_25x/TF0_25x.rep4.bam.bai
[W::hts_idx_load3] The index file is older than the data file: /bip7_disk/pingting114/mixed_bam/COLO829_PAO/TF0_25x/TF0_25x.rep4.bam.bai
[E::bam_parse_basemod2] ae3759d1-a070-43f5-9879-01b3d6a5f390: MM tag refers to bases beyond sequence length
[W::hts_idx_load3] The index file is older than the data file: /bip7_disk/pingting114/mixed_bam/COLO829_PAO/TF0_25x/TF0_25x.rep4.bam.bai
[E::bam_parse_basemod2] b5abcd7a-943e-4811-9a4e-981319919fc1: MM tag refers to bases beyond sequence length
[W::hts_idx_load3] The index file is older than the data file: /bip7_disk/pingting114/mixed_bam/COLO829_PAO/TF0_25x/TF0_25x.rep4.bam.bai
[W::hts_idx_load3] The index file is older than the data file: /bip7_disk/pingting114/mixed_bam/COLO829_PAO/TF0_25x/TF0_25x.rep4.bam.bai
[W::hts_idx_load3] The index file is older than the data file: /bip7_disk/pingting114/mixed_bam/COLO829_PAO/TF0_25x/TF0_25x.rep4.bam.bai
[W::bam_next_basemod] MM tag refers to bases beyond sequence length
[E::bam_parse_basemod2] 5080cbfe-2b69-4b5b-bd29-27c77db84432: MM tag refers to bases beyond sequence length
[W::hts_idx_load3] The index file is older than the data file: /bip7_disk/pingting114/mixed_bam/COLO829_PAO/TF0_25x/TF0_25x.rep4.bam.bai
[W::bam_next_basemod] MM tag refers to bases beyond sequence length
[W::hts_idx_load3] The index file is older than the data file: /bip7_disk/pingting114/mixed_bam/COLO829_PAO/TF0_25x/TF0_25x.rep4.bam.bai
[W::hts_idx_load3] The index file is older than the data file: /bip7_disk/pingting114/mixed_bam/COLO829_PAO/TF0_25x/TF0_25x.rep4.bam.bai
[W::hts_idx_load3] The index file is older than the data file: /bip7_disk/pingting114/mixed_bam/COLO829_PAO/TF0_25x/TF0_25x.rep4.bam.bai
[W::hts_idx_load3] The index file is older than the data file: /bip7_disk/pingting114/mixed_bam/COLO829_PAO/TF0_25x/TF0_25x.rep4.bam.bai
[W::hts_idx_load3] The index file is older than the data file: /bip7_disk/pingting114/mixed_bam/COLO829_PAO/TF0_25x/TF0_25x.rep4.bam.bai
[W::hts_idx_load3] The index file is older than the data file: /bip7_disk/pingting114/mixed_bam/COLO829_PAO/TF0_25x/TF0_25x.rep4.bam.bai
[W::hts_idx_load3] The index file is older than the data file: /bip7_disk/pingting114/mixed_bam/COLO829_PAO/TF0_25x/TF0_25x.rep4.bam.bai
[W::hts_idx_load3] The index file is older than the data file: /bip7_disk/pingting114/mixed_bam/COLO829_PAO/TF0_25x/TF0_25x.rep4.bam.bai
[W::hts_idx_load3] The index file is older than the data file: /bip7_disk/pingting114/mixed_bam/COLO829_PAO/TF0_25x/TF0_25x.rep4.bam.bai
[W::hts_idx_load3] The index file is older than the data file: /bip7_disk/pingting114/mixed_bam/COLO829_PAO/TF0_25x/TF0_25x.rep4.bam.bai
[W::hts_idx_load3] The index file is older than the data file: /bip7_disk/pingting114/mixed_bam/COLO829_PAO/TF0_25x/TF0_25x.rep4.bam.bai
[W::hts_idx_load3] The index file is older than the data file: /bip7_disk/pingting114/mixed_bam/COLO829_PAO/TF0_25x/TF0_25x.rep4.bam.bai
[W::hts_idx_load3] The index file is older than the data file: /bip7_disk/pingting114/mixed_bam/COLO829_PAO/TF0_25x/TF0_25x.rep4.bam.bai
[W::hts_idx_load3] The index file is older than the data file: /bip7_disk/pingting114/mixed_bam/COLO829_PAO/TF0_25x/TF0_25x.rep4.bam.bai
[W::hts_idx_load3] The index file is older than the data file: /bip7_disk/pingting114/mixed_bam/COLO829_PAO/TF0_25x/TF0_25x.rep4.bam.bai
[W::bam_next_basemod] MM tag refers to bases beyond sequence length
[W::hts_idx_load3] The index file is older than the data file: /bip7_disk/pingting114/mixed_bam/COLO829_PAO/TF0_25x/TF0_25x.rep4.bam.bai
[E::bam_parse_basemod2] fb5625a9-5dba-4c4f-bbad-bc02aa31b8a0: MM tag refers to bases beyond sequence length
[W::hts_idx_load3] The index file is older than the data file: /bip7_disk/pingting114/mixed_bam/COLO829_PAO/TF0_25x/TF0_25x.rep4.bam.bai
[W::hts_idx_load3] The index file is older than the data file: /bip7_disk/pingting114/mixed_bam/COLO829_PAO/TF0_25x/TF0_25x.rep4.bam.bai
[E::bam_parse_basemod2] 2e8a631c-f2fe-461d-82ad-52cb0f56a374: MM tag refers to bases beyond sequence length
[W::hts_idx_load3] The index file is older than the data file: /bip7_disk/pingting114/mixed_bam/COLO829_PAO/TF0_25x/TF0_25x.rep4.bam.bai
[W::hts_idx_load3] The index file is older than the data file: /bip7_disk/pingting114/mixed_bam/COLO829_PAO/TF0_25x/TF0_25x.rep4.bam.bai
[W::hts_idx_load3] The index file is older than the data file: /bip7_disk/pingting114/mixed_bam/COLO829_PAO/TF0_25x/TF0_25x.rep4.bam.bai
[W::hts_idx_load3] The index file is older than the data file: /bip7_disk/pingting114/mixed_bam/COLO829_PAO/TF0_25x/TF0_25x.rep4.bam.bai
[W::hts_idx_load3] The index file is older than the data file: /bip7_disk/pingting114/mixed_bam/COLO829_PAO/TF0_25x/TF0_25x.rep4.bam.bai
[W::hts_idx_load3] The index file is older than the data file: /bip7_disk/pingting114/mixed_bam/COLO829_PAO/TF0_25x/TF0_25x.rep4.bam.bai
[W::hts_idx_load3] The index file is older than the data file: /bip7_disk/pingting114/mixed_bam/COLO829_PAO/TF0_25x/TF0_25x.rep4.bam.bai
[W::hts_idx_load3] The index file is older than the data file: /bip7_disk/pingting114/mixed_bam/COLO829_PAO/TF0_25x/TF0_25x.rep4.bam.bai
[W::hts_idx_load3] The index file is older than the data file: /bip7_disk/pingting114/mixed_bam/COLO829_PAO/TF0_25x/TF0_25x.rep4.bam.bai
[W::hts_idx_load3] The index file is older than the data file: /bip7_disk/pingting114/mixed_bam/COLO829_PAO/TF0_25x/TF0_25x.rep4.bam.bai
[W::hts_idx_load3] The index file is older than the data file: /bip7_disk/pingting114/mixed_bam/COLO829_PAO/TF0_25x/TF0_25x.rep4.bam.bai
[W::hts_idx_load3] The index file is older than the data file: /bip7_disk/pingting114/mixed_bam/COLO829_PAO/TF0_25x/TF0_25x.rep4.bam.bai
[W::bam_next_basemod] MM tag refers to bases beyond sequence length
[W::hts_idx_load3] The index file is older than the data file: /bip7_disk/pingting114/mixed_bam/COLO829_PAO/TF0_25x/TF0_25x.rep4.bam.bai
[W::bam_next_basemod] MM tag refers to bases beyond sequence length
[E::bam_parse_basemod2] 5d86622e-724e-4f84-8ebe-322a54320f0d: MM tag refers to bases beyond sequence length
[W::hts_idx_load3] The index file is older than the data file: /bip7_disk/pingting114/mixed_bam/COLO829_PAO/TF0_25x/TF0_25x.rep4.bam.bai
[W::hts_idx_load3] The index file is older than the data file: /bip7_disk/pingting114/mixed_bam/COLO829_PAO/TF0_25x/TF0_25x.rep4.bam.bai
[W::hts_idx_load3] The index file is older than the data file: /bip7_disk/pingting114/mixed_bam/COLO829_PAO/TF0_25x/TF0_25x.rep4.bam.bai
[E::bam_parse_basemod2] 979c0979-9b41-4318-8e07-4da9c4d5f54d: MM tag refers to bases beyond sequence length
[W::hts_idx_load3] The index file is older than the data file: /bip7_disk/pingting114/mixed_bam/COLO829_PAO/TF0_25x/TF0_25x.rep4.bam.bai
[W::hts_idx_load3] The index file is older than the data file: /bip7_disk/pingting114/mixed_bam/COLO829_PAO/TF0_25x/TF0_25x.rep4.bam.bai
[W::hts_idx_load3] The index file is older than the data file: /bip7_disk/pingting114/mixed_bam/COLO829_PAO/TF0_25x/TF0_25x.rep4.bam.bai
[W::hts_idx_load3] The index file is older than the data file: /bip7_disk/pingting114/mixed_bam/COLO829_PAO/TF0_25x/TF0_25x.rep4.bam.bai
[W::hts_idx_load3] The index file is older than the data file: /bip7_disk/pingting114/mixed_bam/COLO829_PAO/TF0_25x/TF0_25x.rep4.bam.bai
[W::hts_idx_load3] The index file is older than the data file: /bip7_disk/pingting114/mixed_bam/COLO829_PAO/TF0_25x/TF0_25x.rep4.bam.bai
[E::bam_parse_basemod2] 6c63ad9a-e278-4efa-b574-98119fb03748: MM tag refers to bases beyond sequence length
[W::hts_idx_load3] The index file is older than the data file: /bip7_disk/pingting114/mixed_bam/COLO829_PAO/TF0_25x/TF0_25x.rep4.bam.bai
[W::hts_idx_load3] The index file is older than the data file: /bip7_disk/pingting114/mixed_bam/COLO829_PAO/TF0_25x/TF0_25x.rep4.bam.bai
[W::bam_next_basemod] MM tag refers to bases beyond sequence length
[E::bam_parse_basemod2] dee8e617-15e3-4593-87d2-7f2b0fc6e69c: MM tag refers to bases beyond sequence length
[W::hts_idx_load3] The index file is older than the data file: /bip7_disk/pingting114/mixed_bam/COLO829_PAO/TF0_25x/TF0_25x.rep4.bam.bai
[W::hts_idx_load3] The index file is older than the data file: /bip7_disk/pingting114/mixed_bam/COLO829_PAO/TF0_25x/TF0_25x.rep4.bam.bai
[W::hts_idx_load3] The index file is older than the data file: /bip7_disk/pingting114/mixed_bam/COLO829_PAO/TF0_25x/TF0_25x.rep4.bam.bai
[W::bam_next_basemod] MM tag refers to bases beyond sequence length
[W::hts_idx_load3] The index file is older than the data file: /bip7_disk/pingting114/mixed_bam/COLO829_PAO/TF0_25x/TF0_25x.rep4.bam.bai
[W::bam_next_basemod] MM tag refers to bases beyond sequence length
[W::hts_idx_load3] The index file is older than the data file: /bip7_disk/pingting114/mixed_bam/COLO829_PAO/TF0_25x/TF0_25x.rep4.bam.bai
[W::hts_idx_load3] The index file is older than the data file: /bip7_disk/pingting114/mixed_bam/COLO829_PAO/TF0_25x/TF0_25x.rep4.bam.bai
[W::hts_idx_load3] The index file is older than the data file: /bip7_disk/pingting114/mixed_bam/COLO829_PAO/TF0_25x/TF0_25x.rep4.bam.bai
[W::hts_idx_load3] The index file is older than the data file: /bip7_disk/pingting114/mixed_bam/COLO829_PAO/TF0_25x/TF0_25x.rep4.bam.bai
[W::bam_next_basemod] MM tag refers to bases beyond sequence length
[W::hts_idx_load3] The index file is older than the data file: /bip7_disk/pingting114/mixed_bam/COLO829_PAO/TF0_25x/TF0_25x.rep4.bam.bai
[W::hts_idx_load3] The index file is older than the data file: /bip7_disk/pingting114/mixed_bam/COLO829_PAO/TF0_25x/TF0_25x.rep4.bam.bai
[W::hts_idx_load3] The index file is older than the data file: /bip7_disk/pingting114/mixed_bam/COLO829_PAO/TF0_25x/TF0_25x.rep4.bam.bai
[W::hts_idx_load3] The index file is older than the data file: /bip7_disk/pingting114/mixed_bam/COLO829_PAO/TF0_25x/TF0_25x.rep4.bam.bai
[W::hts_idx_load3] The index file is older than the data file: /bip7_disk/pingting114/mixed_bam/COLO829_PAO/TF0_25x/TF0_25x.rep4.bam.bai
[W::hts_idx_load3] The index file is older than the data file: /bip7_disk/pingting114/mixed_bam/COLO829_PAO/TF0_25x/TF0_25x.rep4.bam.bai
[W::hts_idx_load3] The index file is older than the data file: /bip7_disk/pingting114/mixed_bam/COLO829_PAO/TF0_25x/TF0_25x.rep4.bam.bai
[W::hts_idx_load3] The index file is older than the data file: /bip7_disk/pingting114/mixed_bam/COLO829_PAO/TF0_25x/TF0_25x.rep4.bam.bai
[W::bam_next_basemod] MM tag refers to bases beyond sequence length
[W::hts_idx_load3] The index file is older than the data file: /bip7_disk/pingting114/mixed_bam/COLO829_PAO/TF0_25x/TF0_25x.rep4.bam.bai
[W::bam_next_basemod] MM tag refers to bases beyond sequence length
[W::hts_idx_load3] The index file is older than the data file: /bip7_disk/pingting114/mixed_bam/COLO829_PAO/TF0_25x/TF0_25x.rep4.bam.bai
[W::hts_idx_load3] The index file is older than the data file: /bip7_disk/pingting114/mixed_bam/COLO829_PAO/TF0_25x/TF0_25x.rep4.bam.bai
[W::hts_idx_load3] The index file is older than the data file: /bip7_disk/pingting114/mixed_bam/COLO829_PAO/TF0_25x/TF0_25x.rep4.bam.bai
[W::hts_idx_load3] The index file is older than the data file: /bip7_disk/pingting114/mixed_bam/COLO829_PAO/TF0_25x/TF0_25x.rep4.bam.bai
[W::bam_next_basemod] MM tag refers to bases beyond sequence length
[W::hts_idx_load3] The index file is older than the data file: /bip7_disk/pingting114/mixed_bam/COLO829_PAO/TF0_25x/TF0_25x.rep4.bam.bai
[W::bam_next_basemod] MM tag refers to bases beyond sequence length
[E::bam_parse_basemod2] 733312b0-988a-4d3f-86c7-7228aa304553: MM tag refers to bases beyond sequence length
[W::hts_idx_load3] The index file is older than the data file: /bip7_disk/pingting114/mixed_bam/COLO829_PAO/TF0_25x/TF0_25x.rep4.bam.bai
[W::hts_idx_load3] The index file is older than the data file: /bip7_disk/pingting114/mixed_bam/COLO829_PAO/TF0_25x/TF0_25x.rep4.bam.bai
[W::hts_idx_load3] The index file is older than the data file: /bip7_disk/pingting114/mixed_bam/COLO829_PAO/TF0_25x/TF0_25x.rep4.bam.bai
[W::hts_idx_load3] The index file is older than the data file: /bip7_disk/pingting114/mixed_bam/COLO829_PAO/TF0_25x/TF0_25x.rep4.bam.bai
[W::hts_idx_load3] The index file is older than the data file: /bip7_disk/pingting114/mixed_bam/COLO829_PAO/TF0_25x/TF0_25x.rep4.bam.bai
[W::hts_idx_load3] The index file is older than the data file: /bip7_disk/pingting114/mixed_bam/COLO829_PAO/TF0_25x/TF0_25x.rep4.bam.bai
[W::hts_idx_load3] The index file is older than the data file: /bip7_disk/pingting114/mixed_bam/COLO829_PAO/TF0_25x/TF0_25x.rep4.bam.bai
[W::hts_idx_load3] The index file is older than the data file: /bip7_disk/pingting114/mixed_bam/COLO829_PAO/TF0_25x/TF0_25x.rep4.bam.bai
[E::bam_parse_basemod2] c5f9ee8a-c70a-4051-a467-614d863ada65: MM tag refers to bases beyond sequence length
[W::hts_idx_load3] The index file is older than the data file: /bip7_disk/pingting114/mixed_bam/COLO829_PAO/TF0_25x/TF0_25x.rep4.bam.bai
[W::hts_idx_load3] The index file is older than the data file: /bip7_disk/pingting114/mixed_bam/COLO829_PAO/TF0_25x/TF0_25x.rep4.bam.bai
[W::hts_idx_load3] The index file is older than the data file: /bip7_disk/pingting114/mixed_bam/COLO829_PAO/TF0_25x/TF0_25x.rep4.bam.bai
[E::bam_parse_basemod2] 022cb3c4-31e4-4f7a-bab5-85e7b3e2326d: MM tag refers to bases beyond sequence length
[W::hts_idx_load3] The index file is older than the data file: /bip7_disk/pingting114/mixed_bam/COLO829_PAO/TF0_25x/TF0_25x.rep4.bam.bai
[W::hts_idx_load3] The index file is older than the data file: /bip7_disk/pingting114/mixed_bam/COLO829_PAO/TF0_25x/TF0_25x.rep4.bam.bai
[W::hts_idx_load3] The index file is older than the data file: /bip7_disk/pingting114/mixed_bam/COLO829_PAO/TF0_25x/TF0_25x.rep4.bam.bai
[W::hts_idx_load3] The index file is older than the data file: /bip7_disk/pingting114/mixed_bam/COLO829_PAO/TF0_25x/TF0_25x.rep4.bam.bai
[W::hts_idx_load3] The index file is older than the data file: /bip7_disk/pingting114/mixed_bam/COLO829_PAO/TF0_25x/TF0_25x.rep4.bam.bai
[W::hts_idx_load3] The index file is older than the data file: /bip7_disk/pingting114/mixed_bam/COLO829_PAO/TF0_25x/TF0_25x.rep4.bam.bai
[W::hts_idx_load3] The index file is older than the data file: /bip7_disk/pingting114/mixed_bam/COLO829_PAO/TF0_25x/TF0_25x.rep4.bam.bai
[W::hts_idx_load3] The index file is older than the data file: /bip7_disk/pingting114/mixed_bam/COLO829_PAO/TF0_25x/TF0_25x.rep4.bam.bai
[W::hts_idx_load3] The index file is older than the data file: /bip7_disk/pingting114/mixed_bam/COLO829_PAO/TF0_25x/TF0_25x.rep4.bam.bai
[W::hts_idx_load3] The index file is older than the data file: /bip7_disk/pingting114/mixed_bam/COLO829_PAO/TF0_25x/TF0_25x.rep4.bam.bai
[W::hts_idx_load3] The index file is older than the data file: /bip7_disk/pingting114/mixed_bam/COLO829_PAO/TF0_25x/TF0_25x.rep4.bam.bai
[W::hts_idx_load3] The index file is older than the data file: /bip7_disk/pingting114/mixed_bam/COLO829_PAO/TF0_25x/TF0_25x.rep4.bam.bai
[E::bam_parse_basemod2] c25fa923-a53d-4f18-b6f6-34a29ca99cfd: MM tag refers to bases beyond sequence length
[W::hts_idx_load3] The index file is older than the data file: /bip7_disk/pingting114/mixed_bam/COLO829_PAO/TF0_25x/TF0_25x.rep4.bam.bai
[W::hts_idx_load3] The index file is older than the data file: /bip7_disk/pingting114/mixed_bam/COLO829_PAO/TF0_25x/TF0_25x.rep4.bam.bai
[W::bam_next_basemod] MM tag refers to bases beyond sequence length
[W::hts_idx_load3] The index file is older than the data file: /bip7_disk/pingting114/mixed_bam/COLO829_PAO/TF0_25x/TF0_25x.rep4.bam.bai
[W::bam_next_basemod] MM tag refers to bases beyond sequence length
[W::bam_next_basemod] MM tag refers to bases beyond sequence length
[W::hts_idx_load3] The index file is older than the data file: /bip7_disk/pingting114/mixed_bam/COLO829_PAO/TF0_25x/TF0_25x.rep4.bam.bai
[W::bam_next_basemod] MM tag refers to bases beyond sequence length
[W::hts_idx_load3] The index file is older than the data file: /bip7_disk/pingting114/mixed_bam/COLO829_PAO/TF0_25x/TF0_25x.rep4.bam.bai
[W::hts_idx_load3] The index file is older than the data file: /bip7_disk/pingting114/mixed_bam/COLO829_PAO/TF0_25x/TF0_25x.rep4.bam.bai
[W::bam_next_basemod] MM tag refers to bases beyond sequence length
[W::hts_idx_load3] The index file is older than the data file: /bip7_disk/pingting114/mixed_bam/COLO829_PAO/TF0_25x/TF0_25x.rep4.bam.bai
[W::hts_idx_load3] The index file is older than the data file: /bip7_disk/pingting114/mixed_bam/COLO829_PAO/TF0_25x/TF0_25x.rep4.bam.bai
[W::bam_next_basemod] MM tag refers to bases beyond sequence length
[W::hts_idx_load3] The index file is older than the data file: /bip7_disk/pingting114/mixed_bam/COLO829_PAO/TF0_25x/TF0_25x.rep4.bam.bai
[W::bam_next_basemod] MM tag refers to bases beyond sequence length
[W::hts_idx_load3] The index file is older than the data file: /bip7_disk/pingting114/mixed_bam/COLO829_PAO/TF0_25x/TF0_25x.rep4.bam.bai
[W::hts_idx_load3] The index file is older than the data file: /bip7_disk/pingting114/mixed_bam/COLO829_PAO/TF0_25x/TF0_25x.rep4.bam.bai
[W::hts_idx_load3] The index file is older than the data file: /bip7_disk/pingting114/mixed_bam/COLO829_PAO/TF0_25x/TF0_25x.rep4.bam.bai
[W::hts_idx_load3] The index file is older than the data file: /bip7_disk/pingting114/mixed_bam/COLO829_PAO/TF0_25x/TF0_25x.rep4.bam.bai
[W::hts_idx_load3] The index file is older than the data file: /bip7_disk/pingting114/mixed_bam/COLO829_PAO/TF0_25x/TF0_25x.rep4.bam.bai
[W::hts_idx_load3] The index file is older than the data file: /bip7_disk/pingting114/mixed_bam/COLO829_PAO/TF0_25x/TF0_25x.rep4.bam.bai
[W::bam_next_basemod] MM tag refers to bases beyond sequence length
[W::hts_idx_load3] The index file is older than the data file: /bip7_disk/pingting114/mixed_bam/COLO829_PAO/TF0_25x/TF0_25x.rep4.bam.bai
[W::hts_idx_load3] The index file is older than the data file: /bip7_disk/pingting114/mixed_bam/COLO829_PAO/TF0_25x/TF0_25x.rep4.bam.bai
[W::bam_next_basemod] MM tag refers to bases beyond sequence length
[E::bam_parse_basemod2] 518e235b-e3ab-417f-9204-96821f0db284: MM tag refers to bases beyond sequence length
[W::hts_idx_load3] The index file is older than the data file: /bip7_disk/pingting114/mixed_bam/COLO829_PAO/TF0_25x/TF0_25x.rep4.bam.bai
[W::hts_idx_load3] The index file is older than the data file: /bip7_disk/pingting114/mixed_bam/COLO829_PAO/TF0_25x/TF0_25x.rep4.bam.bai
[W::bam_next_basemod] MM tag refers to bases beyond sequence length
[W::hts_idx_load3] The index file is older than the data file: /bip7_disk/pingting114/mixed_bam/COLO829_PAO/TF0_25x/TF0_25x.rep4.bam.bai
[W::hts_idx_load3] The index file is older than the data file: /bip7_disk/pingting114/mixed_bam/COLO829_PAO/TF0_25x/TF0_25x.rep4.bam.bai
[W::hts_idx_load3] The index file is older than the data file: /bip7_disk/pingting114/mixed_bam/COLO829_PAO/TF0_25x/TF0_25x.rep4.bam.bai
[W::hts_idx_load3] The index file is older than the data file: /bip7_disk/pingting114/mixed_bam/COLO829_PAO/TF0_25x/TF0_25x.rep4.bam.bai
[W::hts_idx_load3] The index file is older than the data file: /bip7_disk/pingting114/mixed_bam/COLO829_PAO/TF0_25x/TF0_25x.rep4.bam.bai
[W::hts_idx_load3] The index file is older than the data file: /bip7_disk/pingting114/mixed_bam/COLO829_PAO/TF0_25x/TF0_25x.rep4.bam.bai
[W::bam_next_basemod] MM tag refers to bases beyond sequence length
[W::hts_idx_load3] The index file is older than the data file: /bip7_disk/pingting114/mixed_bam/COLO829_PAO/TF0_25x/TF0_25x.rep4.bam.bai
[W::hts_idx_load3] The index file is older than the data file: /bip7_disk/pingting114/mixed_bam/COLO829_PAO/TF0_25x/TF0_25x.rep4.bam.bai
[W::hts_idx_load3] The index file is older than the data file: /bip7_disk/pingting114/mixed_bam/COLO829_PAO/TF0_25x/TF0_25x.rep4.bam.bai
[W::hts_idx_load3] The index file is older than the data file: /bip7_disk/pingting114/mixed_bam/COLO829_PAO/TF0_25x/TF0_25x.rep4.bam.bai
[W::hts_idx_load3] The index file is older than the data file: /bip7_disk/pingting114/mixed_bam/COLO829_PAO/TF0_25x/TF0_25x.rep4.bam.bai
[W::hts_idx_load3] The index file is older than the data file: /bip7_disk/pingting114/mixed_bam/COLO829_PAO/TF0_25x/TF0_25x.rep4.bam.bai
[W::bam_next_basemod] MM tag refers to bases beyond sequence length
[W::bam_next_basemod] MM tag refers to bases beyond sequence length
[W::hts_idx_load3] The index file is older than the data file: /bip7_disk/pingting114/mixed_bam/COLO829_PAO/TF0_25x/TF0_25x.rep4.bam.bai
[W::hts_idx_load3] The index file is older than the data file: /bip7_disk/pingting114/mixed_bam/COLO829_PAO/TF0_25x/TF0_25x.rep4.bam.bai
[W::hts_idx_load3] The index file is older than the data file: /bip7_disk/pingting114/mixed_bam/COLO829_PAO/TF0_25x/TF0_25x.rep4.bam.bai
[W::hts_idx_load3] The index file is older than the data file: /bip7_disk/pingting114/mixed_bam/COLO829_PAO/TF0_25x/TF0_25x.rep4.bam.bai
[W::hts_idx_load3] The index file is older than the data file: /bip7_disk/pingting114/mixed_bam/COLO829_PAO/TF0_25x/TF0_25x.rep4.bam.bai
[E::bam_parse_basemod2] 7684b1a6-0f19-499c-87f5-81e38601fb12: MM tag refers to bases beyond sequence length
[W::bam_next_basemod] MM tag refers to bases beyond sequence length
[W::hts_idx_load3] The index file is older than the data file: /bip7_disk/pingting114/mixed_bam/COLO829_PAO/TF0_25x/TF0_25x.rep4.bam.bai
[E::bam_parse_basemod2] 8e54c20e-827e-471f-890e-b6e8ea8aae91: MM tag refers to bases beyond sequence length
[W::hts_idx_load3] The index file is older than the data file: /bip7_disk/pingting114/mixed_bam/COLO829_PAO/TF0_25x/TF0_25x.rep4.bam.bai
[W::hts_idx_load3] The index file is older than the data file: /bip7_disk/pingting114/mixed_bam/COLO829_PAO/TF0_25x/TF0_25x.rep4.bam.bai
[W::bam_next_basemod] MM tag refers to bases beyond sequence length
[W::hts_idx_load3] The index file is older than the data file: /bip7_disk/pingting114/mixed_bam/COLO829_PAO/TF0_25x/TF0_25x.rep4.bam.bai
[W::hts_idx_load3] The index file is older than the data file: /bip7_disk/pingting114/mixed_bam/COLO829_PAO/TF0_25x/TF0_25x.rep4.bam.bai
[W::hts_idx_load3] The index file is older than the data file: /bip7_disk/pingting114/mixed_bam/COLO829_PAO/TF0_25x/TF0_25x.rep4.bam.bai
[W::hts_idx_load3] The index file is older than the data file: /bip7_disk/pingting114/mixed_bam/COLO829_PAO/TF0_25x/TF0_25x.rep4.bam.bai
[W::hts_idx_load3] The index file is older than the data file: /bip7_disk/pingting114/mixed_bam/COLO829_PAO/TF0_25x/TF0_25x.rep4.bam.bai
[W::bam_next_basemod] MM tag refers to bases beyond sequence length
[W::bam_next_basemod] MM tag refers to bases beyond sequence length
[W::bam_next_basemod] MM tag refers to bases beyond sequence length
[W::hts_idx_load3] The index file is older than the data file: /bip7_disk/pingting114/mixed_bam/COLO829_PAO/TF0_25x/TF0_25x.rep4.bam.bai
[E::bam_parse_basemod2] 97d3e44d-232a-49c7-b009-c8b2ccaf6f61: MM tag refers to bases beyond sequence length
[W::bam_next_basemod] MM tag refers to bases beyond sequence length
[W::hts_idx_load3] The index file is older than the data file: /bip7_disk/pingting114/mixed_bam/COLO829_PAO/TF0_25x/TF0_25x.rep4.bam.bai
[W::hts_idx_load3] The index file is older than the data file: /bip7_disk/pingting114/mixed_bam/COLO829_PAO/TF0_25x/TF0_25x.rep4.bam.bai
[W::hts_idx_load3] The index file is older than the data file: /bip7_disk/pingting114/mixed_bam/COLO829_PAO/TF0_25x/TF0_25x.rep4.bam.bai
[W::bam_next_basemod] MM tag refers to bases beyond sequence length
[W::hts_idx_load3] The index file is older than the data file: /bip7_disk/pingting114/mixed_bam/COLO829_PAO/TF0_25x/TF0_25x.rep4.bam.bai
[W::hts_idx_load3] The index file is older than the data file: /bip7_disk/pingting114/mixed_bam/COLO829_PAO/TF0_25x/TF0_25x.rep4.bam.bai
[W::hts_idx_load3] The index file is older than the data file: /bip7_disk/pingting114/mixed_bam/COLO829_PAO/TF0_25x/TF0_25x.rep4.bam.bai
[W::bam_next_basemod] MM tag refers to bases beyond sequence length
[W::hts_idx_load3] The index file is older than the data file: /bip7_disk/pingting114/mixed_bam/COLO829_PAO/TF0_25x/TF0_25x.rep4.bam.bai
[W::hts_idx_load3] The index file is older than the data file: /bip7_disk/pingting114/mixed_bam/COLO829_PAO/TF0_25x/TF0_25x.rep4.bam.bai
[W::hts_idx_load3] The index file is older than the data file: /bip7_disk/pingting114/mixed_bam/COLO829_PAO/TF0_25x/TF0_25x.rep4.bam.bai
[W::hts_idx_load3] The index file is older than the data file: /bip7_disk/pingting114/mixed_bam/COLO829_PAO/TF0_25x/TF0_25x.rep4.bam.bai
[W::bam_next_basemod] MM tag refers to bases beyond sequence length
[E::bam_parse_basemod2] 7b1db82f-5863-46d8-a7d5-0cc69661ea29: MM tag refers to bases beyond sequence length
[W::hts_idx_load3] The index file is older than the data file: /bip7_disk/pingting114/mixed_bam/COLO829_PAO/TF0_25x/TF0_25x.rep4.bam.bai
[W::hts_idx_load3] The index file is older than the data file: /bip7_disk/pingting114/mixed_bam/COLO829_PAO/TF0_25x/TF0_25x.rep4.bam.bai
[W::hts_idx_load3] The index file is older than the data file: /bip7_disk/pingting114/mixed_bam/COLO829_PAO/TF0_25x/TF0_25x.rep4.bam.bai
[W::hts_idx_load3] The index file is older than the data file: /bip7_disk/pingting114/mixed_bam/COLO829_PAO/TF0_25x/TF0_25x.rep4.bam.bai
[E::bam_parse_basemod2] 7f6c80c2-49d7-49c5-bdc9-76ee875d718c: MM tag refers to bases beyond sequence length
[W::hts_idx_load3] The index file is older than the data file: /bip7_disk/pingting114/mixed_bam/COLO829_PAO/TF0_25x/TF0_25x.rep4.bam.bai
[W::hts_idx_load3] The index file is older than the data file: /bip7_disk/pingting114/mixed_bam/COLO829_PAO/TF0_25x/TF0_25x.rep4.bam.bai
[W::bam_next_basemod] MM tag refers to bases beyond sequence length
[W::hts_idx_load3] The index file is older than the data file: /bip7_disk/pingting114/mixed_bam/COLO829_PAO/TF0_25x/TF0_25x.rep4.bam.bai
[W::hts_idx_load3] The index file is older than the data file: /bip7_disk/pingting114/mixed_bam/COLO829_PAO/TF0_25x/TF0_25x.rep4.bam.bai
[W::hts_idx_load3] The index file is older than the data file: /bip7_disk/pingting114/mixed_bam/COLO829_PAO/TF0_25x/TF0_25x.rep4.bam.bai
[E::bam_parse_basemod2] 8f68aaa1-1100-45ef-8d3a-5263d8893448: MM tag refers to bases beyond sequence length
[E::bam_parse_basemod2] 70507c58-82c4-4f2d-83e6-984cafcdd4e6: MM tag refers to bases beyond sequence length
[W::hts_idx_load3] The index file is older than the data file: /bip7_disk/pingting114/mixed_bam/COLO829_PAO/TF0_25x/TF0_25x.rep4.bam.bai
[E::bam_parse_basemod2] 05565707-f89e-4f0c-b66e-5c314f2ec7d5: MM tag refers to bases beyond sequence length
[W::hts_idx_load3] The index file is older than the data file: /bip7_disk/pingting114/mixed_bam/COLO829_PAO/TF0_25x/TF0_25x.rep4.bam.bai
[W::hts_idx_load3] The index file is older than the data file: /bip7_disk/pingting114/mixed_bam/COLO829_PAO/TF0_25x/TF0_25x.rep4.bam.bai
[W::hts_idx_load3] The index file is older than the data file: /bip7_disk/pingting114/mixed_bam/COLO829_PAO/TF0_25x/TF0_25x.rep4.bam.bai
[W::hts_idx_load3] The index file is older than the data file: /bip7_disk/pingting114/mixed_bam/COLO829_PAO/TF0_25x/TF0_25x.rep4.bam.bai
[W::hts_idx_load3] The index file is older than the data file: /bip7_disk/pingting114/mixed_bam/COLO829_PAO/TF0_25x/TF0_25x.rep4.bam.bai
[W::bam_next_basemod] MM tag refers to bases beyond sequence length
[E::bam_parse_basemod2] a4c80718-2feb-48ed-a091-4ac85191c41b: MM tag refers to bases beyond sequence length
[W::hts_idx_load3] The index file is older than the data file: /bip7_disk/pingting114/mixed_bam/COLO829_PAO/TF0_25x/TF0_25x.rep4.bam.bai
[W::hts_idx_load3] The index file is older than the data file: /bip7_disk/pingting114/mixed_bam/COLO829_PAO/TF0_25x/TF0_25x.rep4.bam.bai
[E::bam_parse_basemod2] e0a9fd9e-2cc3-43ef-a1b7-87141ed6199f: MM tag refers to bases beyond sequence length
[E::bam_parse_basemod2] 5835befa-9044-4f5f-84f1-0d899397c0fd: MM tag refers to bases beyond sequence length
[W::hts_idx_load3] The index file is older than the data file: /bip7_disk/pingting114/mixed_bam/COLO829_PAO/TF0_25x/TF0_25x.rep4.bam.bai
[W::hts_idx_load3] The index file is older than the data file: /bip7_disk/pingting114/mixed_bam/COLO829_PAO/TF0_25x/TF0_25x.rep4.bam.bai
[W::hts_idx_load3] The index file is older than the data file: /bip7_disk/pingting114/mixed_bam/COLO829_PAO/TF0_25x/TF0_25x.rep4.bam.bai
[W::hts_idx_load3] The index file is older than the data file: /bip7_disk/pingting114/mixed_bam/COLO829_PAO/TF0_25x/TF0_25x.rep4.bam.bai
[W::bam_next_basemod] MM tag refers to bases beyond sequence length
[W::hts_idx_load3] The index file is older than the data file: /bip7_disk/pingting114/mixed_bam/COLO829_PAO/TF0_25x/TF0_25x.rep4.bam.bai
[W::hts_idx_load3] The index file is older than the data file: /bip7_disk/pingting114/mixed_bam/COLO829_PAO/TF0_25x/TF0_25x.rep4.bam.bai
[E::bam_parse_basemod2] 227449a3-ce79-4a7a-8684-e828b566f036: MM tag refers to bases beyond sequence length
[W::hts_idx_load3] The index file is older than the data file: /bip7_disk/pingting114/mixed_bam/COLO829_PAO/TF0_25x/TF0_25x.rep4.bam.bai
[W::hts_idx_load3] The index file is older than the data file: /bip7_disk/pingting114/mixed_bam/COLO829_PAO/TF0_25x/TF0_25x.rep4.bam.bai
[W::hts_idx_load3] The index file is older than the data file: /bip7_disk/pingting114/mixed_bam/COLO829_PAO/TF0_25x/TF0_25x.rep4.bam.bai
[W::hts_idx_load3] The index file is older than the data file: /bip7_disk/pingting114/mixed_bam/COLO829_PAO/TF0_25x/TF0_25x.rep4.bam.bai
[W::hts_idx_load3] The index file is older than the data file: /bip7_disk/pingting114/mixed_bam/COLO829_PAO/TF0_25x/TF0_25x.rep4.bam.bai
[W::hts_idx_load3] The index file is older than the data file: /bip7_disk/pingting114/mixed_bam/COLO829_PAO/TF0_25x/TF0_25x.rep4.bam.bai
[W::bam_next_basemod] MM tag refers to bases beyond sequence length
[W::hts_idx_load3] The index file is older than the data file: /bip7_disk/pingting114/mixed_bam/COLO829_PAO/TF0_25x/TF0_25x.rep4.bam.bai
[W::hts_idx_load3] The index file is older than the data file: /bip7_disk/pingting114/mixed_bam/COLO829_PAO/TF0_25x/TF0_25x.rep4.bam.bai
[W::hts_idx_load3] The index file is older than the data file: /bip7_disk/pingting114/mixed_bam/COLO829_PAO/TF0_25x/TF0_25x.rep4.bam.bai
[W::hts_idx_load3] The index file is older than the data file: /bip7_disk/pingting114/mixed_bam/COLO829_PAO/TF0_25x/TF0_25x.rep4.bam.bai
[W::hts_idx_load3] The index file is older than the data file: /bip7_disk/pingting114/mixed_bam/COLO829_PAO/TF0_25x/TF0_25x.rep4.bam.bai
[W::hts_idx_load3] The index file is older than the data file: /bip7_disk/pingting114/mixed_bam/COLO829_PAO/TF0_25x/TF0_25x.rep4.bam.bai
[W::bam_next_basemod] MM tag refers to bases beyond sequence length
[W::hts_idx_load3] The index file is older than the data file: /bip7_disk/pingting114/mixed_bam/COLO829_PAO/TF0_25x/TF0_25x.rep4.bam.bai
[W::hts_idx_load3] The index file is older than the data file: /bip7_disk/pingting114/mixed_bam/COLO829_PAO/TF0_25x/TF0_25x.rep4.bam.bai
[W::hts_idx_load3] The index file is older than the data file: /bip7_disk/pingting114/mixed_bam/COLO829_PAO/TF0_25x/TF0_25x.rep4.bam.bai
[W::hts_idx_load3] The index file is older than the data file: /bip7_disk/pingting114/mixed_bam/COLO829_PAO/TF0_25x/TF0_25x.rep4.bam.bai
[W::hts_idx_load3] The index file is older than the data file: /bip7_disk/pingting114/mixed_bam/COLO829_PAO/TF0_25x/TF0_25x.rep4.bam.bai
[W::hts_idx_load3] The index file is older than the data file: /bip7_disk/pingting114/mixed_bam/COLO829_PAO/TF0_25x/TF0_25x.rep4.bam.bai
[W::hts_idx_load3] The index file is older than the data file: /bip7_disk/pingting114/mixed_bam/COLO829_PAO/TF0_25x/TF0_25x.rep4.bam.bai
[W::hts_idx_load3] The index file is older than the data file: /bip7_disk/pingting114/mixed_bam/COLO829_PAO/TF0_25x/TF0_25x.rep4.bam.bai
[E::bam_parse_basemod2] c623ee54-fc55-4b7f-bce1-33275a2c8523: MM tag refers to bases beyond sequence length
[W::hts_idx_load3] The index file is older than the data file: /bip7_disk/pingting114/mixed_bam/COLO829_PAO/TF0_25x/TF0_25x.rep4.bam.bai
[W::hts_idx_load3] The index file is older than the data file: /bip7_disk/pingting114/mixed_bam/COLO829_PAO/TF0_25x/TF0_25x.rep4.bam.bai
[W::hts_idx_load3] The index file is older than the data file: /bip7_disk/pingting114/mixed_bam/COLO829_PAO/TF0_25x/TF0_25x.rep4.bam.bai
[W::hts_idx_load3] The index file is older than the data file: /bip7_disk/pingting114/mixed_bam/COLO829_PAO/TF0_25x/TF0_25x.rep4.bam.bai
[W::hts_idx_load3] The index file is older than the data file: /bip7_disk/pingting114/mixed_bam/COLO829_PAO/TF0_25x/TF0_25x.rep4.bam.bai
[E::bam_parse_basemod2] cc7afd30-7cd1-497a-8ca5-edec8383ed19: MM tag refers to bases beyond sequence length
[W::hts_idx_load3] The index file is older than the data file: /bip7_disk/pingting114/mixed_bam/COLO829_PAO/TF0_25x/TF0_25x.rep4.bam.bai
[W::hts_idx_load3] The index file is older than the data file: /bip7_disk/pingting114/mixed_bam/COLO829_PAO/TF0_25x/TF0_25x.rep4.bam.bai
[W::hts_idx_load3] The index file is older than the data file: /bip7_disk/pingting114/mixed_bam/COLO829_PAO/TF0_25x/TF0_25x.rep4.bam.bai
[W::hts_idx_load3] The index file is older than the data file: /bip7_disk/pingting114/mixed_bam/COLO829_PAO/TF0_25x/TF0_25x.rep4.bam.bai
[W::bam_next_basemod] MM tag refers to bases beyond sequence length
[W::hts_idx_load3] The index file is older than the data file: /bip7_disk/pingting114/mixed_bam/COLO829_PAO/TF0_25x/TF0_25x.rep4.bam.bai
[W::hts_idx_load3] The index file is older than the data file: /bip7_disk/pingting114/mixed_bam/COLO829_PAO/TF0_25x/TF0_25x.rep4.bam.bai
[E::bam_parse_basemod2] 18f95651-2fbe-4d57-b742-b0e34bc06ed1: MM tag refers to bases beyond sequence length
[E::bam_parse_basemod2] 17e9a1d4-6332-437d-9042-1fb30d880bc7: MM tag refers to bases beyond sequence length
[W::hts_idx_load3] The index file is older than the data file: /bip7_disk/pingting114/mixed_bam/COLO829_PAO/TF0_25x/TF0_25x.rep4.bam.bai
[E::bam_parse_basemod2] bd648a6d-fcfc-41a1-9528-18e59b55907e: MM tag refers to bases beyond sequence length
[W::hts_idx_load3] The index file is older than the data file: /bip7_disk/pingting114/mixed_bam/COLO829_PAO/TF0_25x/TF0_25x.rep4.bam.bai
[W::hts_idx_load3] The index file is older than the data file: /bip7_disk/pingting114/mixed_bam/COLO829_PAO/TF0_25x/TF0_25x.rep4.bam.bai
[W::hts_idx_load3] The index file is older than the data file: /bip7_disk/pingting114/mixed_bam/COLO829_PAO/TF0_25x/TF0_25x.rep4.bam.bai
[E::bam_parse_basemod2] 41a2dc69-aa8e-4dc5-b77b-67597a62a076: MM tag refers to bases beyond sequence length
[W::bam_next_basemod] MM tag refers to bases beyond sequence length
[W::hts_idx_load3] The index file is older than the data file: /bip7_disk/pingting114/mixed_bam/COLO829_PAO/TF0_25x/TF0_25x.rep4.bam.bai
[W::hts_idx_load3] The index file is older than the data file: /bip7_disk/pingting114/mixed_bam/COLO829_PAO/TF0_25x/TF0_25x.rep4.bam.bai
[E::bam_parse_basemod2] a0cce699-e98b-42c0-ac12-779cc42dfbde: MM tag refers to bases beyond sequence length
[W::hts_idx_load3] The index file is older than the data file: /bip7_disk/pingting114/mixed_bam/COLO829_PAO/TF0_25x/TF0_25x.rep4.bam.bai
[E::bam_parse_basemod2] d769111f-e4b5-4fee-b5d4-b78402762227: MM tag refers to bases beyond sequence length
[W::bam_next_basemod] MM tag refers to bases beyond sequence length
[W::hts_idx_load3] The index file is older than the data file: /bip7_disk/pingting114/mixed_bam/COLO829_PAO/TF0_25x/TF0_25x.rep4.bam.bai
[E::bam_parse_basemod2] 94168c28-d310-4d64-aa49-6f110f558b20: MM tag refers to bases beyond sequence length
[W::hts_idx_load3] The index file is older than the data file: /bip7_disk/pingting114/mixed_bam/COLO829_PAO/TF0_25x/TF0_25x.rep4.bam.bai
[W::hts_idx_load3] The index file is older than the data file: /bip7_disk/pingting114/mixed_bam/COLO829_PAO/TF0_25x/TF0_25x.rep4.bam.bai
[W::bam_next_basemod] MM tag refers to bases beyond sequence length
[W::hts_idx_load3] The index file is older than the data file: /bip7_disk/pingting114/mixed_bam/COLO829_PAO/TF0_25x/TF0_25x.rep4.bam.bai
[W::hts_idx_load3] The index file is older than the data file: /bip7_disk/pingting114/mixed_bam/COLO829_PAO/TF0_25x/TF0_25x.rep4.bam.bai
[W::hts_idx_load3] The index file is older than the data file: /bip7_disk/pingting114/mixed_bam/COLO829_PAO/TF0_25x/TF0_25x.rep4.bam.bai
[E::bam_parse_basemod2] 7a95f17b-43c5-4c58-9e41-8d965a63bab3: MM tag refers to bases beyond sequence length
[W::hts_idx_load3] The index file is older than the data file: /bip7_disk/pingting114/mixed_bam/COLO829_PAO/TF0_25x/TF0_25x.rep4.bam.bai
[W::hts_idx_load3] The index file is older than the data file: /bip7_disk/pingting114/mixed_bam/COLO829_PAO/TF0_25x/TF0_25x.rep4.bam.bai
[W::hts_idx_load3] The index file is older than the data file: /bip7_disk/pingting114/mixed_bam/COLO829_PAO/TF0_25x/TF0_25x.rep4.bam.bai
[E::bam_parse_basemod2] e3120b4e-a60e-44a3-b98f-b3ab9a665c15: MM tag refers to bases beyond sequence length
[W::hts_idx_load3] The index file is older than the data file: /bip7_disk/pingting114/mixed_bam/COLO829_PAO/TF0_25x/TF0_25x.rep4.bam.bai
[W::bam_next_basemod] MM tag refers to bases beyond sequence length
[W::hts_idx_load3] The index file is older than the data file: /bip7_disk/pingting114/mixed_bam/COLO829_PAO/TF0_25x/TF0_25x.rep4.bam.bai
[W::hts_idx_load3] The index file is older than the data file: /bip7_disk/pingting114/mixed_bam/COLO829_PAO/TF0_25x/TF0_25x.rep4.bam.bai
[E::bam_parse_basemod2] 9e76f0c8-e2e8-478c-a1fb-8a001ea81268: MM tag refers to bases beyond sequence length
[W::hts_idx_load3] The index file is older than the data file: /bip7_disk/pingting114/mixed_bam/COLO829_PAO/TF0_25x/TF0_25x.rep4.bam.bai
[W::hts_idx_load3] The index file is older than the data file: /bip7_disk/pingting114/mixed_bam/COLO829_PAO/TF0_25x/TF0_25x.rep4.bam.bai
[W::hts_idx_load3] The index file is older than the data file: /bip7_disk/pingting114/mixed_bam/COLO829_PAO/TF0_25x/TF0_25x.rep4.bam.bai
[W::hts_idx_load3] The index file is older than the data file: /bip7_disk/pingting114/mixed_bam/COLO829_PAO/TF0_25x/TF0_25x.rep4.bam.bai
[W::hts_idx_load3] The index file is older than the data file: /bip7_disk/pingting114/mixed_bam/COLO829_PAO/TF0_25x/TF0_25x.rep4.bam.bai
[W::hts_idx_load3] The index file is older than the data file: /bip7_disk/pingting114/mixed_bam/COLO829_PAO/TF0_25x/TF0_25x.rep4.bam.bai
[W::hts_idx_load3] The index file is older than the data file: /bip7_disk/pingting114/mixed_bam/COLO829_PAO/TF0_25x/TF0_25x.rep4.bam.bai
[E::bam_parse_basemod2] 26426324-d22b-4f68-800f-39246b20f6fc: MM tag refers to bases beyond sequence length
[W::hts_idx_load3] The index file is older than the data file: /bip7_disk/pingting114/mixed_bam/COLO829_PAO/TF0_25x/TF0_25x.rep4.bam.bai
[W::bam_next_basemod] MM tag refers to bases beyond sequence length
[W::bam_next_basemod] MM tag refers to bases beyond sequence length
[E::bam_parse_basemod2] 27736ab0-021c-42de-b730-e64622cc8e6e: MM tag refers to bases beyond sequence length
[W::hts_idx_load3] The index file is older than the data file: /bip7_disk/pingting114/mixed_bam/COLO829_PAO/TF0_25x/TF0_25x.rep4.bam.bai
[E::bam_parse_basemod2] fc60d925-eada-4157-ab9b-bb795ea4926b: MM tag refers to bases beyond sequence length
[W::hts_idx_load3] The index file is older than the data file: /bip7_disk/pingting114/mixed_bam/COLO829_PAO/TF0_25x/TF0_25x.rep4.bam.bai
[W::bam_next_basemod] MM tag refers to bases beyond sequence length
[W::bam_next_basemod] MM tag refers to bases beyond sequence length
[W::hts_idx_load3] The index file is older than the data file: /bip7_disk/pingting114/mixed_bam/COLO829_PAO/TF0_25x/TF0_25x.rep4.bam.bai
[W::hts_idx_load3] The index file is older than the data file: /bip7_disk/pingting114/mixed_bam/COLO829_PAO/TF0_25x/TF0_25x.rep4.bam.bai
[W::hts_idx_load3] The index file is older than the data file: /bip7_disk/pingting114/mixed_bam/COLO829_PAO/TF0_25x/TF0_25x.rep4.bam.bai
[W::hts_idx_load3] The index file is older than the data file: /bip7_disk/pingting114/mixed_bam/COLO829_PAO/TF0_25x/TF0_25x.rep4.bam.bai
[W::hts_idx_load3] The index file is older than the data file: /bip7_disk/pingting114/mixed_bam/COLO829_PAO/TF0_25x/TF0_25x.rep4.bam.bai
[E::bam_parse_basemod2] a0296f74-edbd-48b0-b8aa-6fe98608a5e5: MM tag refers to bases beyond sequence length
[E::bam_parse_basemod2] 2e0b7e83-977c-4bde-a957-42b1749fc6e2: MM tag refers to bases beyond sequence length
[W::hts_idx_load3] The index file is older than the data file: /bip7_disk/pingting114/mixed_bam/COLO829_PAO/TF0_25x/TF0_25x.rep4.bam.bai
[W::hts_idx_load3] The index file is older than the data file: /bip7_disk/pingting114/mixed_bam/COLO829_PAO/TF0_25x/TF0_25x.rep4.bam.bai
[W::hts_idx_load3] The index file is older than the data file: /bip7_disk/pingting114/mixed_bam/COLO829_PAO/TF0_25x/TF0_25x.rep4.bam.bai
[W::bam_next_basemod] MM tag refers to bases beyond sequence length
[W::hts_idx_load3] The index file is older than the data file: /bip7_disk/pingting114/mixed_bam/COLO829_PAO/TF0_25x/TF0_25x.rep4.bam.bai
[W::hts_idx_load3] The index file is older than the data file: /bip7_disk/pingting114/mixed_bam/COLO829_PAO/TF0_25x/TF0_25x.rep4.bam.bai
[W::hts_idx_load3] The index file is older than the data file: /bip7_disk/pingting114/mixed_bam/COLO829_PAO/TF0_25x/TF0_25x.rep4.bam.bai
[W::bam_next_basemod] MM tag refers to bases beyond sequence length
[W::hts_idx_load3] The index file is older than the data file: /bip7_disk/pingting114/mixed_bam/COLO829_PAO/TF0_25x/TF0_25x.rep4.bam.bai
[W::hts_idx_load3] The index file is older than the data file: /bip7_disk/pingting114/mixed_bam/COLO829_PAO/TF0_25x/TF0_25x.rep4.bam.bai
[E::bam_parse_basemod2] 7a6e1eea-1836-4a95-9ca6-d8e9aa46c468: MM tag refers to bases beyond sequence length
[W::hts_idx_load3] The index file is older than the data file: /bip7_disk/pingting114/mixed_bam/COLO829_PAO/TF0_25x/TF0_25x.rep4.bam.bai
[W::bam_next_basemod] MM tag refers to bases beyond sequence length
[W::hts_idx_load3] The index file is older than the data file: /bip7_disk/pingting114/mixed_bam/COLO829_PAO/TF0_25x/TF0_25x.rep4.bam.bai
[W::hts_idx_load3] The index file is older than the data file: /bip7_disk/pingting114/mixed_bam/COLO829_PAO/TF0_25x/TF0_25x.rep4.bam.bai
[W::hts_idx_load3] The index file is older than the data file: /bip7_disk/pingting114/mixed_bam/COLO829_PAO/TF0_25x/TF0_25x.rep4.bam.bai
[W::hts_idx_load3] The index file is older than the data file: /bip7_disk/pingting114/mixed_bam/COLO829_PAO/TF0_25x/TF0_25x.rep4.bam.bai
[W::hts_idx_load3] The index file is older than the data file: /bip7_disk/pingting114/mixed_bam/COLO829_PAO/TF0_25x/TF0_25x.rep4.bam.bai
[W::hts_idx_load3] The index file is older than the data file: /bip7_disk/pingting114/mixed_bam/COLO829_PAO/TF0_25x/TF0_25x.rep4.bam.bai
[W::hts_idx_load3] The index file is older than the data file: /bip7_disk/pingting114/mixed_bam/COLO829_PAO/TF0_25x/TF0_25x.rep4.bam.bai
[W::hts_idx_load3] The index file is older than the data file: /bip7_disk/pingting114/mixed_bam/COLO829_PAO/TF0_25x/TF0_25x.rep4.bam.bai
[W::hts_idx_load3] The index file is older than the data file: /bip7_disk/pingting114/mixed_bam/COLO829_PAO/TF0_25x/TF0_25x.rep4.bam.bai
[W::hts_idx_load3] The index file is older than the data file: /bip7_disk/pingting114/mixed_bam/COLO829_PAO/TF0_25x/TF0_25x.rep4.bam.bai
[W::hts_idx_load3] The index file is older than the data file: /bip7_disk/pingting114/mixed_bam/COLO829_PAO/TF0_25x/TF0_25x.rep4.bam.bai
[W::hts_idx_load3] The index file is older than the data file: /bip7_disk/pingting114/mixed_bam/COLO829_PAO/TF0_25x/TF0_25x.rep4.bam.bai
[W::hts_idx_load3] The index file is older than the data file: /bip7_disk/pingting114/mixed_bam/COLO829_PAO/TF0_25x/TF0_25x.rep4.bam.bai
[W::hts_idx_load3] The index file is older than the data file: /bip7_disk/pingting114/mixed_bam/COLO829_PAO/TF0_25x/TF0_25x.rep4.bam.bai
[W::bam_next_basemod] MM tag refers to bases beyond sequence length
[W::hts_idx_load3] The index file is older than the data file: /bip7_disk/pingting114/mixed_bam/COLO829_PAO/TF0_25x/TF0_25x.rep4.bam.bai
[W::hts_idx_load3] The index file is older than the data file: /bip7_disk/pingting114/mixed_bam/COLO829_PAO/TF0_25x/TF0_25x.rep4.bam.bai
[W::hts_idx_load3] The index file is older than the data file: /bip7_disk/pingting114/mixed_bam/COLO829_PAO/TF0_25x/TF0_25x.rep4.bam.bai
[W::bam_next_basemod] MM tag refers to bases beyond sequence length
[W::hts_idx_load3] The index file is older than the data file: /bip7_disk/pingting114/mixed_bam/COLO829_PAO/TF0_25x/TF0_25x.rep4.bam.bai
[E::bam_parse_basemod2] 696fcfb3-49da-4ee3-8e28-2a7e10557ca8: MM tag refers to bases beyond sequence length
[W::bam_next_basemod] MM tag refers to bases beyond sequence length
[W::hts_idx_load3] The index file is older than the data file: /bip7_disk/pingting114/mixed_bam/COLO829_PAO/TF0_25x/TF0_25x.rep4.bam.bai
[E::bam_parse_basemod2] a5822348-541e-4b9e-bfd3-3bf8369d3aa5: MM tag refers to bases beyond sequence length
[W::hts_idx_load3] The index file is older than the data file: /bip7_disk/pingting114/mixed_bam/COLO829_PAO/TF0_25x/TF0_25x.rep4.bam.bai
[W::hts_idx_load3] The index file is older than the data file: /bip7_disk/pingting114/mixed_bam/COLO829_PAO/TF0_25x/TF0_25x.rep4.bam.bai
[W::bam_next_basemod] MM tag refers to bases beyond sequence length
[W::hts_idx_load3] The index file is older than the data file: /bip7_disk/pingting114/mixed_bam/COLO829_PAO/TF0_25x/TF0_25x.rep4.bam.bai
[W::hts_idx_load3] The index file is older than the data file: /bip7_disk/pingting114/mixed_bam/COLO829_PAO/TF0_25x/TF0_25x.rep4.bam.bai
[W::hts_idx_load3] The index file is older than the data file: /bip7_disk/pingting114/mixed_bam/COLO829_PAO/TF0_25x/TF0_25x.rep4.bam.bai
[W::hts_idx_load3] The index file is older than the data file: /bip7_disk/pingting114/mixed_bam/COLO829_PAO/TF0_25x/TF0_25x.rep4.bam.bai
[W::hts_idx_load3] The index file is older than the data file: /bip7_disk/pingting114/mixed_bam/COLO829_PAO/TF0_25x/TF0_25x.rep4.bam.bai
[W::bam_next_basemod] MM tag refers to bases beyond sequence length
[W::hts_idx_load3] The index file is older than the data file: /bip7_disk/pingting114/mixed_bam/COLO829_PAO/TF0_25x/TF0_25x.rep4.bam.bai
[W::hts_idx_load3] The index file is older than the data file: /bip7_disk/pingting114/mixed_bam/COLO829_PAO/TF0_25x/TF0_25x.rep4.bam.bai
[W::bam_next_basemod] MM tag refers to bases beyond sequence length
[W::hts_idx_load3] The index file is older than the data file: /bip7_disk/pingting114/mixed_bam/COLO829_PAO/TF0_25x/TF0_25x.rep4.bam.bai
[W::hts_idx_load3] The index file is older than the data file: /bip7_disk/pingting114/mixed_bam/COLO829_PAO/TF0_25x/TF0_25x.rep4.bam.bai
[W::bam_next_basemod] MM tag refers to bases beyond sequence length
[W::bam_next_basemod] MM tag refers to bases beyond sequence length
[W::hts_idx_load3] The index file is older than the data file: /bip7_disk/pingting114/mixed_bam/COLO829_PAO/TF0_25x/TF0_25x.rep4.bam.bai
[W::bam_next_basemod] MM tag refers to bases beyond sequence length
[W::hts_idx_load3] The index file is older than the data file: /bip7_disk/pingting114/mixed_bam/COLO829_PAO/TF0_25x/TF0_25x.rep4.bam.bai
[E::bam_parse_basemod2] 2f33726f-79b0-4031-91e6-d9f2c71feb4b: MM tag refers to bases beyond sequence length
[W::bam_next_basemod] MM tag refers to bases beyond sequence length
[W::hts_idx_load3] The index file is older than the data file: /bip7_disk/pingting114/mixed_bam/COLO829_PAO/TF0_25x/TF0_25x.rep4.bam.bai
[W::hts_idx_load3] The index file is older than the data file: /bip7_disk/pingting114/mixed_bam/COLO829_PAO/TF0_25x/TF0_25x.rep4.bam.bai
[W::hts_idx_load3] The index file is older than the data file: /bip7_disk/pingting114/mixed_bam/COLO829_PAO/TF0_25x/TF0_25x.rep4.bam.bai
[W::hts_idx_load3] The index file is older than the data file: /bip7_disk/pingting114/mixed_bam/COLO829_PAO/TF0_25x/TF0_25x.rep4.bam.bai
[W::hts_idx_load3] The index file is older than the data file: /bip7_disk/pingting114/mixed_bam/COLO829_PAO/TF0_25x/TF0_25x.rep4.bam.bai
[E::bam_parse_basemod2] 6b6afedd-8963-4d87-9f61-fb773e8c5e18: MM tag refers to bases beyond sequence length
[W::hts_idx_load3] The index file is older than the data file: /bip7_disk/pingting114/mixed_bam/COLO829_PAO/TF0_25x/TF0_25x.rep4.bam.bai
[W::hts_idx_load3] The index file is older than the data file: /bip7_disk/pingting114/mixed_bam/COLO829_PAO/TF0_25x/TF0_25x.rep4.bam.bai
[W::bam_next_basemod] MM tag refers to bases beyond sequence length
[W::hts_idx_load3] The index file is older than the data file: /bip7_disk/pingting114/mixed_bam/COLO829_PAO/TF0_25x/TF0_25x.rep4.bam.bai
[W::hts_idx_load3] The index file is older than the data file: /bip7_disk/pingting114/mixed_bam/COLO829_PAO/TF0_25x/TF0_25x.rep4.bam.bai
[W::hts_idx_load3] The index file is older than the data file: /bip7_disk/pingting114/mixed_bam/COLO829_PAO/TF0_25x/TF0_25x.rep4.bam.bai
[W::bam_next_basemod] MM tag refers to bases beyond sequence length
[W::hts_idx_load3] The index file is older than the data file: /bip7_disk/pingting114/mixed_bam/COLO829_PAO/TF0_25x/TF0_25x.rep4.bam.bai
[W::bam_next_basemod] MM tag refers to bases beyond sequence length
[W::hts_idx_load3] The index file is older than the data file: /bip7_disk/pingting114/mixed_bam/COLO829_PAO/TF0_25x/TF0_25x.rep4.bam.bai
[W::hts_idx_load3] The index file is older than the data file: /bip7_disk/pingting114/mixed_bam/COLO829_PAO/TF0_25x/TF0_25x.rep4.bam.bai
[E::bam_parse_basemod2] e23941be-566a-4d27-902b-79c193642d15: MM tag refers to bases beyond sequence length
[W::hts_idx_load3] The index file is older than the data file: /bip7_disk/pingting114/mixed_bam/COLO829_PAO/TF0_25x/TF0_25x.rep4.bam.bai
[E::bam_parse_basemod2] ec263b30-fc29-4ce5-8678-0ccfc8ead950: MM tag refers to bases beyond sequence length
[W::hts_idx_load3] The index file is older than the data file: /bip7_disk/pingting114/mixed_bam/COLO829_PAO/TF0_25x/TF0_25x.rep4.bam.bai
[W::hts_idx_load3] The index file is older than the data file: /bip7_disk/pingting114/mixed_bam/COLO829_PAO/TF0_25x/TF0_25x.rep4.bam.bai
[W::hts_idx_load3] The index file is older than the data file: /bip7_disk/pingting114/mixed_bam/COLO829_PAO/TF0_25x/TF0_25x.rep4.bam.bai
[W::hts_idx_load3] The index file is older than the data file: /bip7_disk/pingting114/mixed_bam/COLO829_PAO/TF0_25x/TF0_25x.rep4.bam.bai
[W::hts_idx_load3] The index file is older than the data file: /bip7_disk/pingting114/mixed_bam/COLO829_PAO/TF0_25x/TF0_25x.rep4.bam.bai
[W::bam_next_basemod] MM tag refers to bases beyond sequence length
[W::hts_idx_load3] The index file is older than the data file: /bip7_disk/pingting114/mixed_bam/COLO829_PAO/TF0_25x/TF0_25x.rep4.bam.bai
[W::bam_next_basemod] MM tag refers to bases beyond sequence length
[W::hts_idx_load3] The index file is older than the data file: /bip7_disk/pingting114/mixed_bam/COLO829_PAO/TF0_25x/TF0_25x.rep4.bam.bai
[W::hts_idx_load3] The index file is older than the data file: /bip7_disk/pingting114/mixed_bam/COLO829_PAO/TF0_25x/TF0_25x.rep4.bam.bai
[W::hts_idx_load3] The index file is older than the data file: /bip7_disk/pingting114/mixed_bam/COLO829_PAO/TF0_25x/TF0_25x.rep4.bam.bai
[W::hts_idx_load3] The index file is older than the data file: /bip7_disk/pingting114/mixed_bam/COLO829_PAO/TF0_25x/TF0_25x.rep4.bam.bai
[W::hts_idx_load3] The index file is older than the data file: /bip7_disk/pingting114/mixed_bam/COLO829_PAO/TF0_25x/TF0_25x.rep4.bam.bai
[W::hts_idx_load3] The index file is older than the data file: /bip7_disk/pingting114/mixed_bam/COLO829_PAO/TF0_25x/TF0_25x.rep4.bam.bai
[W::hts_idx_load3] The index file is older than the data file: /bip7_disk/pingting114/mixed_bam/COLO829_PAO/TF0_25x/TF0_25x.rep4.bam.bai
[W::hts_idx_load3] The index file is older than the data file: /bip7_disk/pingting114/mixed_bam/COLO829_PAO/TF0_25x/TF0_25x.rep4.bam.bai
[W::hts_idx_load3] The index file is older than the data file: /bip7_disk/pingting114/mixed_bam/COLO829_PAO/TF0_25x/TF0_25x.rep4.bam.bai
[W::hts_idx_load3] The index file is older than the data file: /bip7_disk/pingting114/mixed_bam/COLO829_PAO/TF0_25x/TF0_25x.rep4.bam.bai
[W::hts_idx_load3] The index file is older than the data file: /bip7_disk/pingting114/mixed_bam/COLO829_PAO/TF0_25x/TF0_25x.rep4.bam.bai
[W::hts_idx_load3] The index file is older than the data file: /bip7_disk/pingting114/mixed_bam/COLO829_PAO/TF0_25x/TF0_25x.rep4.bam.bai
[W::hts_idx_load3] The index file is older than the data file: /bip7_disk/pingting114/mixed_bam/COLO829_PAO/TF0_25x/TF0_25x.rep4.bam.bai
[W::hts_idx_load3] The index file is older than the data file: /bip7_disk/pingting114/mixed_bam/COLO829_PAO/TF0_25x/TF0_25x.rep4.bam.bai
[W::hts_idx_load3] The index file is older than the data file: /bip7_disk/pingting114/mixed_bam/COLO829_PAO/TF0_25x/TF0_25x.rep4.bam.bai
[W::hts_idx_load3] The index file is older than the data file: /bip7_disk/pingting114/mixed_bam/COLO829_PAO/TF0_25x/TF0_25x.rep4.bam.bai
[W::hts_idx_load3] The index file is older than the data file: /bip7_disk/pingting114/mixed_bam/COLO829_PAO/TF0_25x/TF0_25x.rep4.bam.bai
[W::hts_idx_load3] The index file is older than the data file: /bip7_disk/pingting114/mixed_bam/COLO829_PAO/TF0_25x/TF0_25x.rep4.bam.bai
[W::hts_idx_load3] The index file is older than the data file: /bip7_disk/pingting114/mixed_bam/COLO829_PAO/TF0_25x/TF0_25x.rep4.bam.bai
[W::hts_idx_load3] The index file is older than the data file: /bip7_disk/pingting114/mixed_bam/COLO829_PAO/TF0_25x/TF0_25x.rep4.bam.bai
[W::bam_next_basemod] MM tag refers to bases beyond sequence length
[W::hts_idx_load3] The index file is older than the data file: /bip7_disk/pingting114/mixed_bam/COLO829_PAO/TF0_25x/TF0_25x.rep4.bam.bai
[E::bam_parse_basemod2] 2f7c7424-8024-4847-97da-ec9a24c3f575: MM tag refers to bases beyond sequence length
[W::bam_next_basemod] MM tag refers to bases beyond sequence length
[W::hts_idx_load3] The index file is older than the data file: /bip7_disk/pingting114/mixed_bam/COLO829_PAO/TF0_25x/TF0_25x.rep4.bam.bai
[W::hts_idx_load3] The index file is older than the data file: /bip7_disk/pingting114/mixed_bam/COLO829_PAO/TF0_25x/TF0_25x.rep4.bam.bai
[W::hts_idx_load3] The index file is older than the data file: /bip7_disk/pingting114/mixed_bam/COLO829_PAO/TF0_25x/TF0_25x.rep4.bam.bai
[W::hts_idx_load3] The index file is older than the data file: /bip7_disk/pingting114/mixed_bam/COLO829_PAO/TF0_25x/TF0_25x.rep4.bam.bai
[W::hts_idx_load3] The index file is older than the data file: /bip7_disk/pingting114/mixed_bam/COLO829_PAO/TF0_25x/TF0_25x.rep4.bam.bai
[W::hts_idx_load3] The index file is older than the data file: /bip7_disk/pingting114/mixed_bam/COLO829_PAO/TF0_25x/TF0_25x.rep4.bam.bai
[W::hts_idx_load3] The index file is older than the data file: /bip7_disk/pingting114/mixed_bam/COLO829_PAO/TF0_25x/TF0_25x.rep4.bam.bai
[W::hts_idx_load3] The index file is older than the data file: /bip7_disk/pingting114/mixed_bam/COLO829_PAO/TF0_25x/TF0_25x.rep4.bam.bai
[W::hts_idx_load3] The index file is older than the data file: /bip7_disk/pingting114/mixed_bam/COLO829_PAO/TF0_25x/TF0_25x.rep4.bam.bai
[W::hts_idx_load3] The index file is older than the data file: /bip7_disk/pingting114/mixed_bam/COLO829_PAO/TF0_25x/TF0_25x.rep4.bam.bai
[W::hts_idx_load3] The index file is older than the data file: /bip7_disk/pingting114/mixed_bam/COLO829_PAO/TF0_25x/TF0_25x.rep4.bam.bai
[W::hts_idx_load3] The index file is older than the data file: /bip7_disk/pingting114/mixed_bam/COLO829_PAO/TF0_25x/TF0_25x.rep4.bam.bai
[W::hts_idx_load3] The index file is older than the data file: /bip7_disk/pingting114/mixed_bam/COLO829_PAO/TF0_25x/TF0_25x.rep4.bam.bai
[W::hts_idx_load3] The index file is older than the data file: /bip7_disk/pingting114/mixed_bam/COLO829_PAO/TF0_25x/TF0_25x.rep4.bam.bai
[W::hts_idx_load3] The index file is older than the data file: /bip7_disk/pingting114/mixed_bam/COLO829_PAO/TF0_25x/TF0_25x.rep4.bam.bai
[E::bam_parse_basemod2] 364e67f2-e024-4a21-bb12-ba014d873611: MM tag refers to bases beyond sequence length
[W::hts_idx_load3] The index file is older than the data file: /bip7_disk/pingting114/mixed_bam/COLO829_PAO/TF0_25x/TF0_25x.rep4.bam.bai
[W::hts_idx_load3] The index file is older than the data file: /bip7_disk/pingting114/mixed_bam/COLO829_PAO/TF0_25x/TF0_25x.rep4.bam.bai
[W::hts_idx_load3] The index file is older than the data file: /bip7_disk/pingting114/mixed_bam/COLO829_PAO/TF0_25x/TF0_25x.rep4.bam.bai
[W::hts_idx_load3] The index file is older than the data file: /bip7_disk/pingting114/mixed_bam/COLO829_PAO/TF0_25x/TF0_25x.rep4.bam.bai
[W::hts_idx_load3] The index file is older than the data file: /bip7_disk/pingting114/mixed_bam/COLO829_PAO/TF0_25x/TF0_25x.rep4.bam.bai
[W::hts_idx_load3] The index file is older than the data file: /bip7_disk/pingting114/mixed_bam/COLO829_PAO/TF0_25x/TF0_25x.rep4.bam.bai
[W::bam_next_basemod] MM tag refers to bases beyond sequence length
[W::hts_idx_load3] The index file is older than the data file: /bip7_disk/pingting114/mixed_bam/COLO829_PAO/TF0_25x/TF0_25x.rep4.bam.bai
[W::hts_idx_load3] The index file is older than the data file: /bip7_disk/pingting114/mixed_bam/COLO829_PAO/TF0_25x/TF0_25x.rep4.bam.bai
[W::hts_idx_load3] The index file is older than the data file: /bip7_disk/pingting114/mixed_bam/COLO829_PAO/TF0_25x/TF0_25x.rep4.bam.bai
[W::hts_idx_load3] The index file is older than the data file: /bip7_disk/pingting114/mixed_bam/COLO829_PAO/TF0_25x/TF0_25x.rep4.bam.bai
[W::bam_next_basemod] MM tag refers to bases beyond sequence length
[W::hts_idx_load3] The index file is older than the data file: /bip7_disk/pingting114/mixed_bam/COLO829_PAO/TF0_25x/TF0_25x.rep4.bam.bai
[W::bam_next_basemod] MM tag refers to bases beyond sequence length
[W::hts_idx_load3] The index file is older than the data file: /bip7_disk/pingting114/mixed_bam/COLO829_PAO/TF0_25x/TF0_25x.rep4.bam.bai
[W::hts_idx_load3] The index file is older than the data file: /bip7_disk/pingting114/mixed_bam/COLO829_PAO/TF0_25x/TF0_25x.rep4.bam.bai
[W::bam_next_basemod] MM tag refers to bases beyond sequence length
[W::hts_idx_load3] The index file is older than the data file: /bip7_disk/pingting114/mixed_bam/COLO829_PAO/TF0_25x/TF0_25x.rep4.bam.bai
[W::hts_idx_load3] The index file is older than the data file: /bip7_disk/pingting114/mixed_bam/COLO829_PAO/TF0_25x/TF0_25x.rep4.bam.bai
[W::hts_idx_load3] The index file is older than the data file: /bip7_disk/pingting114/mixed_bam/COLO829_PAO/TF0_25x/TF0_25x.rep4.bam.bai
[W::hts_idx_load3] The index file is older than the data file: /bip7_disk/pingting114/mixed_bam/COLO829_PAO/TF0_25x/TF0_25x.rep4.bam.bai
[W::hts_idx_load3] The index file is older than the data file: /bip7_disk/pingting114/mixed_bam/COLO829_PAO/TF0_25x/TF0_25x.rep4.bam.bai
[W::hts_idx_load3] The index file is older than the data file: /bip7_disk/pingting114/mixed_bam/COLO829_PAO/TF0_25x/TF0_25x.rep4.bam.bai
[W::hts_idx_load3] The index file is older than the data file: /bip7_disk/pingting114/mixed_bam/COLO829_PAO/TF0_25x/TF0_25x.rep4.bam.bai
[W::bam_next_basemod] MM tag refers to bases beyond sequence length
[W::hts_idx_load3] The index file is older than the data file: /bip7_disk/pingting114/mixed_bam/COLO829_PAO/TF0_25x/TF0_25x.rep4.bam.bai
[W::hts_idx_load3] The index file is older than the data file: /bip7_disk/pingting114/mixed_bam/COLO829_PAO/TF0_25x/TF0_25x.rep4.bam.bai
[W::bam_next_basemod] MM tag refers to bases beyond sequence length
[W::hts_idx_load3] The index file is older than the data file: /bip7_disk/pingting114/mixed_bam/COLO829_PAO/TF0_25x/TF0_25x.rep4.bam.bai
[W::hts_idx_load3] The index file is older than the data file: /bip7_disk/pingting114/mixed_bam/COLO829_PAO/TF0_25x/TF0_25x.rep4.bam.bai
[W::hts_idx_load3] The index file is older than the data file: /bip7_disk/pingting114/mixed_bam/COLO829_PAO/TF0_25x/TF0_25x.rep4.bam.bai
[W::hts_idx_load3] The index file is older than the data file: /bip7_disk/pingting114/mixed_bam/COLO829_PAO/TF0_25x/TF0_25x.rep4.bam.bai
[W::hts_idx_load3] The index file is older than the data file: /bip7_disk/pingting114/mixed_bam/COLO829_PAO/TF0_25x/TF0_25x.rep4.bam.bai
[W::hts_idx_load3] The index file is older than the data file: /bip7_disk/pingting114/mixed_bam/COLO829_PAO/TF0_25x/TF0_25x.rep4.bam.bai
[W::hts_idx_load3] The index file is older than the data file: /bip7_disk/pingting114/mixed_bam/COLO829_PAO/TF0_25x/TF0_25x.rep4.bam.bai
[W::hts_idx_load3] The index file is older than the data file: /bip7_disk/pingting114/mixed_bam/COLO829_PAO/TF0_25x/TF0_25x.rep4.bam.bai
[W::hts_idx_load3] The index file is older than the data file: /bip7_disk/pingting114/mixed_bam/COLO829_PAO/TF0_25x/TF0_25x.rep4.bam.bai
[W::hts_idx_load3] The index file is older than the data file: /bip7_disk/pingting114/mixed_bam/COLO829_PAO/TF0_25x/TF0_25x.rep4.bam.bai
[W::hts_idx_load3] The index file is older than the data file: /bip7_disk/pingting114/mixed_bam/COLO829_PAO/TF0_25x/TF0_25x.rep4.bam.bai
[W::hts_idx_load3] The index file is older than the data file: /bip7_disk/pingting114/mixed_bam/COLO829_PAO/TF0_25x/TF0_25x.rep4.bam.bai
[W::hts_idx_load3] The index file is older than the data file: /bip7_disk/pingting114/mixed_bam/COLO829_PAO/TF0_25x/TF0_25x.rep4.bam.bai
[W::hts_idx_load3] The index file is older than the data file: /bip7_disk/pingting114/mixed_bam/COLO829_PAO/TF0_25x/TF0_25x.rep4.bam.bai
[W::hts_idx_load3] The index file is older than the data file: /bip7_disk/pingting114/mixed_bam/COLO829_PAO/TF0_25x/TF0_25x.rep4.bam.bai
[W::bam_next_basemod] MM tag refers to bases beyond sequence length
[W::hts_idx_load3] The index file is older than the data file: /bip7_disk/pingting114/mixed_bam/COLO829_PAO/TF0_25x/TF0_25x.rep4.bam.bai
[W::hts_idx_load3] The index file is older than the data file: /bip7_disk/pingting114/mixed_bam/COLO829_PAO/TF0_25x/TF0_25x.rep4.bam.bai
[W::hts_idx_load3] The index file is older than the data file: /bip7_disk/pingting114/mixed_bam/COLO829_PAO/TF0_25x/TF0_25x.rep4.bam.bai
[W::hts_idx_load3] The index file is older than the data file: /bip7_disk/pingting114/mixed_bam/COLO829_PAO/TF0_25x/TF0_25x.rep4.bam.bai
[W::hts_idx_load3] The index file is older than the data file: /bip7_disk/pingting114/mixed_bam/COLO829_PAO/TF0_25x/TF0_25x.rep4.bam.bai
[W::hts_idx_load3] The index file is older than the data file: /bip7_disk/pingting114/mixed_bam/COLO829_PAO/TF0_25x/TF0_25x.rep4.bam.bai
[E::bam_parse_basemod2] f3a8b218-b619-4988-8e56-0fd9d8224991: MM tag refers to bases beyond sequence length
[W::hts_idx_load3] The index file is older than the data file: /bip7_disk/pingting114/mixed_bam/COLO829_PAO/TF0_25x/TF0_25x.rep4.bam.bai
[W::hts_idx_load3] The index file is older than the data file: /bip7_disk/pingting114/mixed_bam/COLO829_PAO/TF0_25x/TF0_25x.rep4.bam.bai
[W::hts_idx_load3] The index file is older than the data file: /bip7_disk/pingting114/mixed_bam/COLO829_PAO/TF0_25x/TF0_25x.rep4.bam.bai
[W::hts_idx_load3] The index file is older than the data file: /bip7_disk/pingting114/mixed_bam/COLO829_PAO/TF0_25x/TF0_25x.rep4.bam.bai
[W::hts_idx_load3] The index file is older than the data file: /bip7_disk/pingting114/mixed_bam/COLO829_PAO/TF0_25x/TF0_25x.rep4.bam.bai
[W::hts_idx_load3] The index file is older than the data file: /bip7_disk/pingting114/mixed_bam/COLO829_PAO/TF0_25x/TF0_25x.rep4.bam.bai
[W::hts_idx_load3] The index file is older than the data file: /bip7_disk/pingting114/mixed_bam/COLO829_PAO/TF0_25x/TF0_25x.rep4.bam.bai
[W::hts_idx_load3] The index file is older than the data file: /bip7_disk/pingting114/mixed_bam/COLO829_PAO/TF0_25x/TF0_25x.rep4.bam.bai
[W::hts_idx_load3] The index file is older than the data file: /bip7_disk/pingting114/mixed_bam/COLO829_PAO/TF0_25x/TF0_25x.rep4.bam.bai
[W::hts_idx_load3] The index file is older than the data file: /bip7_disk/pingting114/mixed_bam/COLO829_PAO/TF0_25x/TF0_25x.rep4.bam.bai
[W::hts_idx_load3] The index file is older than the data file: /bip7_disk/pingting114/mixed_bam/COLO829_PAO/TF0_25x/TF0_25x.rep4.bam.bai
[W::hts_idx_load3] The index file is older than the data file: /bip7_disk/pingting114/mixed_bam/COLO829_PAO/TF0_25x/TF0_25x.rep4.bam.bai
[W::hts_idx_load3] The index file is older than the data file: /bip7_disk/pingting114/mixed_bam/COLO829_PAO/TF0_25x/TF0_25x.rep4.bam.bai
[E::bam_parse_basemod2] ac420ad3-20e7-4c4c-a9fa-ad6a3b791c8a: MM tag refers to bases beyond sequence length
[W::hts_idx_load3] The index file is older than the data file: /bip7_disk/pingting114/mixed_bam/COLO829_PAO/TF0_25x/TF0_25x.rep4.bam.bai
[W::hts_idx_load3] The index file is older than the data file: /bip7_disk/pingting114/mixed_bam/COLO829_PAO/TF0_25x/TF0_25x.rep4.bam.bai
[W::hts_idx_load3] The index file is older than the data file: /bip7_disk/pingting114/mixed_bam/COLO829_PAO/TF0_25x/TF0_25x.rep4.bam.bai
[W::hts_idx_load3] The index file is older than the data file: /bip7_disk/pingting114/mixed_bam/COLO829_PAO/TF0_25x/TF0_25x.rep4.bam.bai
[W::hts_idx_load3] The index file is older than the data file: /bip7_disk/pingting114/mixed_bam/COLO829_PAO/TF0_25x/TF0_25x.rep4.bam.bai
[W::hts_idx_load3] The index file is older than the data file: /bip7_disk/pingting114/mixed_bam/COLO829_PAO/TF0_25x/TF0_25x.rep4.bam.bai
[W::hts_idx_load3] The index file is older than the data file: /bip7_disk/pingting114/mixed_bam/COLO829_PAO/TF0_25x/TF0_25x.rep4.bam.bai
[W::bam_next_basemod] MM tag refers to bases beyond sequence length
[W::hts_idx_load3] The index file is older than the data file: /bip7_disk/pingting114/mixed_bam/COLO829_PAO/TF0_25x/TF0_25x.rep4.bam.bai
[W::bam_next_basemod] MM tag refers to bases beyond sequence length
[W::hts_idx_load3] The index file is older than the data file: /bip7_disk/pingting114/mixed_bam/COLO829_PAO/TF0_25x/TF0_25x.rep4.bam.bai
[W::hts_idx_load3] The index file is older than the data file: /bip7_disk/pingting114/mixed_bam/COLO829_PAO/TF0_25x/TF0_25x.rep4.bam.bai
[W::hts_idx_load3] The index file is older than the data file: /bip7_disk/pingting114/mixed_bam/COLO829_PAO/TF0_25x/TF0_25x.rep4.bam.bai
[W::hts_idx_load3] The index file is older than the data file: /bip7_disk/pingting114/mixed_bam/COLO829_PAO/TF0_25x/TF0_25x.rep4.bam.bai
[W::bam_next_basemod] MM tag refers to bases beyond sequence length
[W::hts_idx_load3] The index file is older than the data file: /bip7_disk/pingting114/mixed_bam/COLO829_PAO/TF0_25x/TF0_25x.rep4.bam.bai
[W::hts_idx_load3] The index file is older than the data file: /bip7_disk/pingting114/mixed_bam/COLO829_PAO/TF0_25x/TF0_25x.rep4.bam.bai
[W::hts_idx_load3] The index file is older than the data file: /bip7_disk/pingting114/mixed_bam/COLO829_PAO/TF0_25x/TF0_25x.rep4.bam.bai
[W::hts_idx_load3] The index file is older than the data file: /bip7_disk/pingting114/mixed_bam/COLO829_PAO/TF0_25x/TF0_25x.rep4.bam.bai
[W::bam_next_basemod] MM tag refers to bases beyond sequence length
[W::hts_idx_load3] The index file is older than the data file: /bip7_disk/pingting114/mixed_bam/COLO829_PAO/TF0_25x/TF0_25x.rep4.bam.bai
[W::hts_idx_load3] The index file is older than the data file: /bip7_disk/pingting114/mixed_bam/COLO829_PAO/TF0_25x/TF0_25x.rep4.bam.bai
[W::hts_idx_load3] The index file is older than the data file: /bip7_disk/pingting114/mixed_bam/COLO829_PAO/TF0_25x/TF0_25x.rep4.bam.bai
[E::bam_parse_basemod2] 7edf6a25-6b79-42ff-98fc-a505ec41e02c: MM tag refers to bases beyond sequence length
[W::hts_idx_load3] The index file is older than the data file: /bip7_disk/pingting114/mixed_bam/COLO829_PAO/TF0_25x/TF0_25x.rep4.bam.bai
[W::bam_next_basemod] MM tag refers to bases beyond sequence length
[W::hts_idx_load3] The index file is older than the data file: /bip7_disk/pingting114/mixed_bam/COLO829_PAO/TF0_25x/TF0_25x.rep4.bam.bai
[W::hts_idx_load3] The index file is older than the data file: /bip7_disk/pingting114/mixed_bam/COLO829_PAO/TF0_25x/TF0_25x.rep4.bam.bai
[W::bam_next_basemod] MM tag refers to bases beyond sequence length
[E::bam_parse_basemod2] 9fb9762f-fa9b-4cf2-8b6e-12a5f4543a37: MM tag refers to bases beyond sequence length
[W::hts_idx_load3] The index file is older than the data file: /bip7_disk/pingting114/mixed_bam/COLO829_PAO/TF0_25x/TF0_25x.rep4.bam.bai
[W::hts_idx_load3] The index file is older than the data file: /bip7_disk/pingting114/mixed_bam/COLO829_PAO/TF0_25x/TF0_25x.rep4.bam.bai
[W::hts_idx_load3] The index file is older than the data file: /bip7_disk/pingting114/mixed_bam/COLO829_PAO/TF0_25x/TF0_25x.rep4.bam.bai
[W::hts_idx_load3] The index file is older than the data file: /bip7_disk/pingting114/mixed_bam/COLO829_PAO/TF0_25x/TF0_25x.rep4.bam.bai
[E::bam_parse_basemod2] 4bcf0b5b-938d-496d-95c5-9c6833af251f: MM tag refers to bases beyond sequence length
[W::hts_idx_load3] The index file is older than the data file: /bip7_disk/pingting114/mixed_bam/COLO829_PAO/TF0_25x/TF0_25x.rep4.bam.bai
[W::bam_next_basemod] MM tag refers to bases beyond sequence length
[W::hts_idx_load3] The index file is older than the data file: /bip7_disk/pingting114/mixed_bam/COLO829_PAO/TF0_25x/TF0_25x.rep4.bam.bai
[W::bam_next_basemod] MM tag refers to bases beyond sequence length
[W::hts_idx_load3] The index file is older than the data file: /bip7_disk/pingting114/mixed_bam/COLO829_PAO/TF0_25x/TF0_25x.rep4.bam.bai
[W::hts_idx_load3] The index file is older than the data file: /bip7_disk/pingting114/mixed_bam/COLO829_PAO/TF0_25x/TF0_25x.rep4.bam.bai
[W::hts_idx_load3] The index file is older than the data file: /bip7_disk/pingting114/mixed_bam/COLO829_PAO/TF0_25x/TF0_25x.rep4.bam.bai
[W::hts_idx_load3] The index file is older than the data file: /bip7_disk/pingting114/mixed_bam/COLO829_PAO/TF0_25x/TF0_25x.rep4.bam.bai
[W::bam_next_basemod] MM tag refers to bases beyond sequence length
[E::bam_parse_basemod2] 3a73505a-35af-4f79-9b41-1809fc0878e6: MM tag refers to bases beyond sequence length
[W::hts_idx_load3] The index file is older than the data file: /bip7_disk/pingting114/mixed_bam/COLO829_PAO/TF0_25x/TF0_25x.rep4.bam.bai
[W::hts_idx_load3] The index file is older than the data file: /bip7_disk/pingting114/mixed_bam/COLO829_PAO/TF0_25x/TF0_25x.rep4.bam.bai
[W::hts_idx_load3] The index file is older than the data file: /bip7_disk/pingting114/mixed_bam/COLO829_PAO/TF0_25x/TF0_25x.rep4.bam.bai
[W::hts_idx_load3] The index file is older than the data file: /bip7_disk/pingting114/mixed_bam/COLO829_PAO/TF0_25x/TF0_25x.rep4.bam.bai
[W::hts_idx_load3] The index file is older than the data file: /bip7_disk/pingting114/mixed_bam/COLO829_PAO/TF0_25x/TF0_25x.rep4.bam.bai
[W::hts_idx_load3] The index file is older than the data file: /bip7_disk/pingting114/mixed_bam/COLO829_PAO/TF0_25x/TF0_25x.rep4.bam.bai
[W::hts_idx_load3] The index file is older than the data file: /bip7_disk/pingting114/mixed_bam/COLO829_PAO/TF0_25x/TF0_25x.rep4.bam.bai
[W::hts_idx_load3] The index file is older than the data file: /bip7_disk/pingting114/mixed_bam/COLO829_PAO/TF0_25x/TF0_25x.rep4.bam.bai
[W::hts_idx_load3] The index file is older than the data file: /bip7_disk/pingting114/mixed_bam/COLO829_PAO/TF0_25x/TF0_25x.rep4.bam.bai
[W::hts_idx_load3] The index file is older than the data file: /bip7_disk/pingting114/mixed_bam/COLO829_PAO/TF0_25x/TF0_25x.rep4.bam.bai
[W::bam_next_basemod] MM tag refers to bases beyond sequence length
[W::hts_idx_load3] The index file is older than the data file: /bip7_disk/pingting114/mixed_bam/COLO829_PAO/TF0_25x/TF0_25x.rep4.bam.bai
[E::bam_parse_basemod2] fca6a8cb-cdd1-494b-b62c-27e2bf4fb5a4: MM tag refers to bases beyond sequence length
[W::hts_idx_load3] The index file is older than the data file: /bip7_disk/pingting114/mixed_bam/COLO829_PAO/TF0_25x/TF0_25x.rep4.bam.bai
[W::hts_idx_load3] The index file is older than the data file: /bip7_disk/pingting114/mixed_bam/COLO829_PAO/TF0_25x/TF0_25x.rep4.bam.bai
[E::bam_parse_basemod2] a5552d75-7c1c-483e-98b4-828a4531fcf8: MM tag refers to bases beyond sequence length
[W::hts_idx_load3] The index file is older than the data file: /bip7_disk/pingting114/mixed_bam/COLO829_PAO/TF0_25x/TF0_25x.rep4.bam.bai
[W::hts_idx_load3] The index file is older than the data file: /bip7_disk/pingting114/mixed_bam/COLO829_PAO/TF0_25x/TF0_25x.rep4.bam.bai
[W::hts_idx_load3] The index file is older than the data file: /bip7_disk/pingting114/mixed_bam/COLO829_PAO/TF0_25x/TF0_25x.rep4.bam.bai
[W::hts_idx_load3] The index file is older than the data file: /bip7_disk/pingting114/mixed_bam/COLO829_PAO/TF0_25x/TF0_25x.rep4.bam.bai
[W::hts_idx_load3] The index file is older than the data file: /bip7_disk/pingting114/mixed_bam/COLO829_PAO/TF0_25x/TF0_25x.rep4.bam.bai
[W::hts_idx_load3] The index file is older than the data file: /bip7_disk/pingting114/mixed_bam/COLO829_PAO/TF0_25x/TF0_25x.rep4.bam.bai
[E::bam_parse_basemod2] 8942e71c-3698-4f51-896c-6d569bd82dc6: MM tag refers to bases beyond sequence length
[W::hts_idx_load3] The index file is older than the data file: /bip7_disk/pingting114/mixed_bam/COLO829_PAO/TF0_25x/TF0_25x.rep4.bam.bai
[W::hts_idx_load3] The index file is older than the data file: /bip7_disk/pingting114/mixed_bam/COLO829_PAO/TF0_25x/TF0_25x.rep4.bam.bai
[W::hts_idx_load3] The index file is older than the data file: /bip7_disk/pingting114/mixed_bam/COLO829_PAO/TF0_25x/TF0_25x.rep4.bam.bai
[W::hts_idx_load3] The index file is older than the data file: /bip7_disk/pingting114/mixed_bam/COLO829_PAO/TF0_25x/TF0_25x.rep4.bam.bai
[W::hts_idx_load3] The index file is older than the data file: /bip7_disk/pingting114/mixed_bam/COLO829_PAO/TF0_25x/TF0_25x.rep4.bam.bai
[W::hts_idx_load3] The index file is older than the data file: /bip7_disk/pingting114/mixed_bam/COLO829_PAO/TF0_25x/TF0_25x.rep4.bam.bai
[W::bam_next_basemod] MM tag refers to bases beyond sequence length
[W::hts_idx_load3] The index file is older than the data file: /bip7_disk/pingting114/mixed_bam/COLO829_PAO/TF0_25x/TF0_25x.rep4.bam.bai
[W::hts_idx_load3] The index file is older than the data file: /bip7_disk/pingting114/mixed_bam/COLO829_PAO/TF0_25x/TF0_25x.rep4.bam.bai
[W::hts_idx_load3] The index file is older than the data file: /bip7_disk/pingting114/mixed_bam/COLO829_PAO/TF0_25x/TF0_25x.rep4.bam.bai
[W::hts_idx_load3] The index file is older than the data file: /bip7_disk/pingting114/mixed_bam/COLO829_PAO/TF0_25x/TF0_25x.rep4.bam.bai
[W::hts_idx_load3] The index file is older than the data file: /bip7_disk/pingting114/mixed_bam/COLO829_PAO/TF0_25x/TF0_25x.rep4.bam.bai
[W::bam_next_basemod] MM tag refers to bases beyond sequence length
[W::hts_idx_load3] The index file is older than the data file: /bip7_disk/pingting114/mixed_bam/COLO829_PAO/TF0_25x/TF0_25x.rep4.bam.bai
[E::bam_parse_basemod2] 5a463cf3-71b6-4937-8bd2-4730ee761cff: MM tag refers to bases beyond sequence length
[W::hts_idx_load3] The index file is older than the data file: /bip7_disk/pingting114/mixed_bam/COLO829_PAO/TF0_25x/TF0_25x.rep4.bam.bai
[W::hts_idx_load3] The index file is older than the data file: /bip7_disk/pingting114/mixed_bam/COLO829_PAO/TF0_25x/TF0_25x.rep4.bam.bai
[W::hts_idx_load3] The index file is older than the data file: /bip7_disk/pingting114/mixed_bam/COLO829_PAO/TF0_25x/TF0_25x.rep4.bam.bai
[W::hts_idx_load3] The index file is older than the data file: /bip7_disk/pingting114/mixed_bam/COLO829_PAO/TF0_25x/TF0_25x.rep4.bam.bai
[W::hts_idx_load3] The index file is older than the data file: /bip7_disk/pingting114/mixed_bam/COLO829_PAO/TF0_25x/TF0_25x.rep4.bam.bai
[W::hts_idx_load3] The index file is older than the data file: /bip7_disk/pingting114/mixed_bam/COLO829_PAO/TF0_25x/TF0_25x.rep4.bam.bai
[W::bam_next_basemod] MM tag refers to bases beyond sequence length
[W::bam_next_basemod] MM tag refers to bases beyond sequence length
DONE /bip7_disk/pingting114/mixed_bam/COLO829_PAO/TF0_25x/TF0_25x.rep4.bam -> execution/raw/COLO829_TF0_rep4.json
