[W::hts_idx_load3] The index file is older than the data file: /bip7_disk/pingting114/mixed_bam/COLO829_PAO/TF1e-3_25x/TF1e-3_25x.rep1.bam.bai
[W::hts_idx_load3] The index file is older than the data file: /bip7_disk/pingting114/mixed_bam/COLO829_PAO/TF1e-3_25x/TF1e-3_25x.rep1.bam.bai
  TF1e-3_25x.rep1.bam cand 0/4000
[W::hts_idx_load3] The index file is older than the data file: /bip7_disk/pingting114/mixed_bam/COLO829_PAO/TF1e-3_25x/TF1e-3_25x.rep1.bam.bai
[W::bam_next_basemod] MM tag refers to bases beyond sequence length
[W::hts_idx_load3] The index file is older than the data file: /bip7_disk/pingting114/mixed_bam/COLO829_PAO/TF1e-3_25x/TF1e-3_25x.rep1.bam.bai
[W::hts_idx_load3] The index file is older than the data file: /bip7_disk/pingting114/mixed_bam/COLO829_PAO/TF1e-3_25x/TF1e-3_25x.rep1.bam.bai
[W::bam_next_basemod] MM tag refers to bases beyond sequence length
[E::bam_parse_basemod2] 04aac7be-cea3-4129-a9b4-594a0e47687f: MM tag refers to bases beyond sequence length
[W::hts_idx_load3] The index file is older than the data file: /bip7_disk/pingting114/mixed_bam/COLO829_PAO/TF1e-3_25x/TF1e-3_25x.rep1.bam.bai
[W::hts_idx_load3] The index file is older than the data file: /bip7_disk/pingting114/mixed_bam/COLO829_PAO/TF1e-3_25x/TF1e-3_25x.rep1.bam.bai
[W::bam_next_basemod] MM tag refers to bases beyond sequence length
[W::hts_idx_load3] The index file is older than the data file: /bip7_disk/pingting114/mixed_bam/COLO829_PAO/TF1e-3_25x/TF1e-3_25x.rep1.bam.bai
[W::hts_idx_load3] The index file is older than the data file: /bip7_disk/pingting114/mixed_bam/COLO829_PAO/TF1e-3_25x/TF1e-3_25x.rep1.bam.bai
[W::hts_idx_load3] The index file is older than the data file: /bip7_disk/pingting114/mixed_bam/COLO829_PAO/TF1e-3_25x/TF1e-3_25x.rep1.bam.bai
[E::bam_parse_basemod2] eb96b0ca-610d-411e-8226-509de5059ff7: MM tag refers to bases beyond sequence length
[W::hts_idx_load3] The index file is older than the data file: /bip7_disk/pingting114/mixed_bam/COLO829_PAO/TF1e-3_25x/TF1e-3_25x.rep1.bam.bai
[W::hts_idx_load3] The index file is older than the data file: /bip7_disk/pingting114/mixed_bam/COLO829_PAO/TF1e-3_25x/TF1e-3_25x.rep1.bam.bai
[W::hts_idx_load3] The index file is older than the data file: /bip7_disk/pingting114/mixed_bam/COLO829_PAO/TF1e-3_25x/TF1e-3_25x.rep1.bam.bai
[W::hts_idx_load3] The index file is older than the data file: /bip7_disk/pingting114/mixed_bam/COLO829_PAO/TF1e-3_25x/TF1e-3_25x.rep1.bam.bai
[W::hts_idx_load3] The index file is older than the data file: /bip7_disk/pingting114/mixed_bam/COLO829_PAO/TF1e-3_25x/TF1e-3_25x.rep1.bam.bai
[W::hts_idx_load3] The index file is older than the data file: /bip7_disk/pingting114/mixed_bam/COLO829_PAO/TF1e-3_25x/TF1e-3_25x.rep1.bam.bai
[E::bam_parse_basemod2] 870de712-95e5-4bf1-b81d-3b121e26457b: MM tag refers to bases beyond sequence length
[W::hts_idx_load3] The index file is older than the data file: /bip7_disk/pingting114/mixed_bam/COLO829_PAO/TF1e-3_25x/TF1e-3_25x.rep1.bam.bai
[W::hts_idx_load3] The index file is older than the data file: /bip7_disk/pingting114/mixed_bam/COLO829_PAO/TF1e-3_25x/TF1e-3_25x.rep1.bam.bai
[E::bam_parse_basemod2] 140c7535-f64b-4360-a83c-4eac7f514a65: MM tag refers to bases beyond sequence length
[W::hts_idx_load3] The index file is older than the data file: /bip7_disk/pingting114/mixed_bam/COLO829_PAO/TF1e-3_25x/TF1e-3_25x.rep1.bam.bai
[W::hts_idx_load3] The index file is older than the data file: /bip7_disk/pingting114/mixed_bam/COLO829_PAO/TF1e-3_25x/TF1e-3_25x.rep1.bam.bai
[W::hts_idx_load3] The index file is older than the data file: /bip7_disk/pingting114/mixed_bam/COLO829_PAO/TF1e-3_25x/TF1e-3_25x.rep1.bam.bai
[W::hts_idx_load3] The index file is older than the data file: /bip7_disk/pingting114/mixed_bam/COLO829_PAO/TF1e-3_25x/TF1e-3_25x.rep1.bam.bai
[W::hts_idx_load3] The index file is older than the data file: /bip7_disk/pingting114/mixed_bam/COLO829_PAO/TF1e-3_25x/TF1e-3_25x.rep1.bam.bai
[W::hts_idx_load3] The index file is older than the data file: /bip7_disk/pingting114/mixed_bam/COLO829_PAO/TF1e-3_25x/TF1e-3_25x.rep1.bam.bai
[W::bam_next_basemod] MM tag refers to bases beyond sequence length
[W::hts_idx_load3] The index file is older than the data file: /bip7_disk/pingting114/mixed_bam/COLO829_PAO/TF1e-3_25x/TF1e-3_25x.rep1.bam.bai
[W::bam_next_basemod] MM tag refers to bases beyond sequence length
[E::bam_parse_basemod2] 4e7326d3-3d92-4710-8c3e-8af5e4235dc0: MM tag refers to bases beyond sequence length
[W::hts_idx_load3] The index file is older than the data file: /bip7_disk/pingting114/mixed_bam/COLO829_PAO/TF1e-3_25x/TF1e-3_25x.rep1.bam.bai
[W::bam_next_basemod] MM tag refers to bases beyond sequence length
[E::bam_parse_basemod2] ba984182-c666-4cdc-a992-a76e68b761f1: MM tag refers to bases beyond sequence length
[W::hts_idx_load3] The index file is older than the data file: /bip7_disk/pingting114/mixed_bam/COLO829_PAO/TF1e-3_25x/TF1e-3_25x.rep1.bam.bai
[W::hts_idx_load3] The index file is older than the data file: /bip7_disk/pingting114/mixed_bam/COLO829_PAO/TF1e-3_25x/TF1e-3_25x.rep1.bam.bai
[W::hts_idx_load3] The index file is older than the data file: /bip7_disk/pingting114/mixed_bam/COLO829_PAO/TF1e-3_25x/TF1e-3_25x.rep1.bam.bai
[W::hts_idx_load3] The index file is older than the data file: /bip7_disk/pingting114/mixed_bam/COLO829_PAO/TF1e-3_25x/TF1e-3_25x.rep1.bam.bai
[W::hts_idx_load3] The index file is older than the data file: /bip7_disk/pingting114/mixed_bam/COLO829_PAO/TF1e-3_25x/TF1e-3_25x.rep1.bam.bai
[E::bam_parse_basemod2] 88413154-962e-47fa-b3ad-359b84b0c822: MM tag refers to bases beyond sequence length
[W::hts_idx_load3] The index file is older than the data file: /bip7_disk/pingting114/mixed_bam/COLO829_PAO/TF1e-3_25x/TF1e-3_25x.rep1.bam.bai
[E::bam_parse_basemod2] 10285f68-e4dc-4e53-bf50-d0dd4a10994a: MM tag refers to bases beyond sequence length
[W::hts_idx_load3] The index file is older than the data file: /bip7_disk/pingting114/mixed_bam/COLO829_PAO/TF1e-3_25x/TF1e-3_25x.rep1.bam.bai
[W::hts_idx_load3] The index file is older than the data file: /bip7_disk/pingting114/mixed_bam/COLO829_PAO/TF1e-3_25x/TF1e-3_25x.rep1.bam.bai
[W::bam_next_basemod] MM tag refers to bases beyond sequence length
[W::hts_idx_load3] The index file is older than the data file: /bip7_disk/pingting114/mixed_bam/COLO829_PAO/TF1e-3_25x/TF1e-3_25x.rep1.bam.bai
[W::hts_idx_load3] The index file is older than the data file: /bip7_disk/pingting114/mixed_bam/COLO829_PAO/TF1e-3_25x/TF1e-3_25x.rep1.bam.bai
[W::hts_idx_load3] The index file is older than the data file: /bip7_disk/pingting114/mixed_bam/COLO829_PAO/TF1e-3_25x/TF1e-3_25x.rep1.bam.bai
[W::hts_idx_load3] The index file is older than the data file: /bip7_disk/pingting114/mixed_bam/COLO829_PAO/TF1e-3_25x/TF1e-3_25x.rep1.bam.bai
[W::hts_idx_load3] The index file is older than the data file: /bip7_disk/pingting114/mixed_bam/COLO829_PAO/TF1e-3_25x/TF1e-3_25x.rep1.bam.bai
[W::hts_idx_load3] The index file is older than the data file: /bip7_disk/pingting114/mixed_bam/COLO829_PAO/TF1e-3_25x/TF1e-3_25x.rep1.bam.bai
[W::hts_idx_load3] The index file is older than the data file: /bip7_disk/pingting114/mixed_bam/COLO829_PAO/TF1e-3_25x/TF1e-3_25x.rep1.bam.bai
[W::hts_idx_load3] The index file is older than the data file: /bip7_disk/pingting114/mixed_bam/COLO829_PAO/TF1e-3_25x/TF1e-3_25x.rep1.bam.bai
[W::bam_next_basemod] MM tag refers to bases beyond sequence length
[W::hts_idx_load3] The index file is older than the data file: /bip7_disk/pingting114/mixed_bam/COLO829_PAO/TF1e-3_25x/TF1e-3_25x.rep1.bam.bai
[W::hts_idx_load3] The index file is older than the data file: /bip7_disk/pingting114/mixed_bam/COLO829_PAO/TF1e-3_25x/TF1e-3_25x.rep1.bam.bai
[W::bam_next_basemod] MM tag refers to bases beyond sequence length
[W::hts_idx_load3] The index file is older than the data file: /bip7_disk/pingting114/mixed_bam/COLO829_PAO/TF1e-3_25x/TF1e-3_25x.rep1.bam.bai
[W::hts_idx_load3] The index file is older than the data file: /bip7_disk/pingting114/mixed_bam/COLO829_PAO/TF1e-3_25x/TF1e-3_25x.rep1.bam.bai
[W::bam_next_basemod] MM tag refers to bases beyond sequence length
[W::hts_idx_load3] The index file is older than the data file: /bip7_disk/pingting114/mixed_bam/COLO829_PAO/TF1e-3_25x/TF1e-3_25x.rep1.bam.bai
[W::hts_idx_load3] The index file is older than the data file: /bip7_disk/pingting114/mixed_bam/COLO829_PAO/TF1e-3_25x/TF1e-3_25x.rep1.bam.bai
[W::bam_next_basemod] MM tag refers to bases beyond sequence length
[E::bam_parse_basemod2] 650f2e1a-b433-4cfe-896a-8cd5d1699253: MM tag refers to bases beyond sequence length
[E::bam_parse_basemod2] 39deee86-0691-411c-bbb1-291c8a8864a9: MM tag refers to bases beyond sequence length
[W::hts_idx_load3] The index file is older than the data file: /bip7_disk/pingting114/mixed_bam/COLO829_PAO/TF1e-3_25x/TF1e-3_25x.rep1.bam.bai
[W::hts_idx_load3] The index file is older than the data file: /bip7_disk/pingting114/mixed_bam/COLO829_PAO/TF1e-3_25x/TF1e-3_25x.rep1.bam.bai
[W::hts_idx_load3] The index file is older than the data file: /bip7_disk/pingting114/mixed_bam/COLO829_PAO/TF1e-3_25x/TF1e-3_25x.rep1.bam.bai
[W::hts_idx_load3] The index file is older than the data file: /bip7_disk/pingting114/mixed_bam/COLO829_PAO/TF1e-3_25x/TF1e-3_25x.rep1.bam.bai
[E::bam_parse_basemod2] 68015e37-5c32-45cf-b8fd-068a48796959: MM tag refers to bases beyond sequence length
[W::hts_idx_load3] The index file is older than the data file: /bip7_disk/pingting114/mixed_bam/COLO829_PAO/TF1e-3_25x/TF1e-3_25x.rep1.bam.bai
[W::hts_idx_load3] The index file is older than the data file: /bip7_disk/pingting114/mixed_bam/COLO829_PAO/TF1e-3_25x/TF1e-3_25x.rep1.bam.bai
[W::hts_idx_load3] The index file is older than the data file: /bip7_disk/pingting114/mixed_bam/COLO829_PAO/TF1e-3_25x/TF1e-3_25x.rep1.bam.bai
[W::hts_idx_load3] The index file is older than the data file: /bip7_disk/pingting114/mixed_bam/COLO829_PAO/TF1e-3_25x/TF1e-3_25x.rep1.bam.bai
[E::bam_parse_basemod2] e5738c4c-2f82-4ac4-9416-847c86e55a09: MM tag refers to bases beyond sequence length
[E::bam_parse_basemod2] d94857a9-f5f3-42bf-8291-481470768f7e: MM tag refers to bases beyond sequence length
[W::hts_idx_load3] The index file is older than the data file: /bip7_disk/pingting114/mixed_bam/COLO829_PAO/TF1e-3_25x/TF1e-3_25x.rep1.bam.bai
[W::hts_idx_load3] The index file is older than the data file: /bip7_disk/pingting114/mixed_bam/COLO829_PAO/TF1e-3_25x/TF1e-3_25x.rep1.bam.bai
[W::hts_idx_load3] The index file is older than the data file: /bip7_disk/pingting114/mixed_bam/COLO829_PAO/TF1e-3_25x/TF1e-3_25x.rep1.bam.bai
[W::hts_idx_load3] The index file is older than the data file: /bip7_disk/pingting114/mixed_bam/COLO829_PAO/TF1e-3_25x/TF1e-3_25x.rep1.bam.bai
[W::hts_idx_load3] The index file is older than the data file: /bip7_disk/pingting114/mixed_bam/COLO829_PAO/TF1e-3_25x/TF1e-3_25x.rep1.bam.bai
[W::bam_next_basemod] MM tag refers to bases beyond sequence length
[W::bam_next_basemod] MM tag refers to bases beyond sequence length
[W::hts_idx_load3] The index file is older than the data file: /bip7_disk/pingting114/mixed_bam/COLO829_PAO/TF1e-3_25x/TF1e-3_25x.rep1.bam.bai
[W::hts_idx_load3] The index file is older than the data file: /bip7_disk/pingting114/mixed_bam/COLO829_PAO/TF1e-3_25x/TF1e-3_25x.rep1.bam.bai
[W::hts_idx_load3] The index file is older than the data file: /bip7_disk/pingting114/mixed_bam/COLO829_PAO/TF1e-3_25x/TF1e-3_25x.rep1.bam.bai
[W::hts_idx_load3] The index file is older than the data file: /bip7_disk/pingting114/mixed_bam/COLO829_PAO/TF1e-3_25x/TF1e-3_25x.rep1.bam.bai
[W::bam_next_basemod] MM tag refers to bases beyond sequence length
[W::hts_idx_load3] The index file is older than the data file: /bip7_disk/pingting114/mixed_bam/COLO829_PAO/TF1e-3_25x/TF1e-3_25x.rep1.bam.bai
[E::bam_parse_basemod2] 784acf8f-8466-4496-b1be-ccee7c30a25e: MM tag refers to bases beyond sequence length
[W::hts_idx_load3] The index file is older than the data file: /bip7_disk/pingting114/mixed_bam/COLO829_PAO/TF1e-3_25x/TF1e-3_25x.rep1.bam.bai
[W::hts_idx_load3] The index file is older than the data file: /bip7_disk/pingting114/mixed_bam/COLO829_PAO/TF1e-3_25x/TF1e-3_25x.rep1.bam.bai
[W::hts_idx_load3] The index file is older than the data file: /bip7_disk/pingting114/mixed_bam/COLO829_PAO/TF1e-3_25x/TF1e-3_25x.rep1.bam.bai
[W::hts_idx_load3] The index file is older than the data file: /bip7_disk/pingting114/mixed_bam/COLO829_PAO/TF1e-3_25x/TF1e-3_25x.rep1.bam.bai
[W::hts_idx_load3] The index file is older than the data file: /bip7_disk/pingting114/mixed_bam/COLO829_PAO/TF1e-3_25x/TF1e-3_25x.rep1.bam.bai
[W::bam_next_basemod] MM tag refers to bases beyond sequence length
[E::bam_parse_basemod2] 4bdb11c7-153b-4fd7-bc8f-5c587ec70e0e: MM tag refers to bases beyond sequence length
[W::hts_idx_load3] The index file is older than the data file: /bip7_disk/pingting114/mixed_bam/COLO829_PAO/TF1e-3_25x/TF1e-3_25x.rep1.bam.bai
[E::bam_parse_basemod2] 84dea587-2454-4934-bb23-4c8ed0cfeefa: MM tag refers to bases beyond sequence length
[W::hts_idx_load3] The index file is older than the data file: /bip7_disk/pingting114/mixed_bam/COLO829_PAO/TF1e-3_25x/TF1e-3_25x.rep1.bam.bai
[W::hts_idx_load3] The index file is older than the data file: /bip7_disk/pingting114/mixed_bam/COLO829_PAO/TF1e-3_25x/TF1e-3_25x.rep1.bam.bai
[W::hts_idx_load3] The index file is older than the data file: /bip7_disk/pingting114/mixed_bam/COLO829_PAO/TF1e-3_25x/TF1e-3_25x.rep1.bam.bai
[E::bam_parse_basemod2] a9f0da53-99b0-4be5-a763-264ba9f760d6: MM tag refers to bases beyond sequence length
[W::hts_idx_load3] The index file is older than the data file: /bip7_disk/pingting114/mixed_bam/COLO829_PAO/TF1e-3_25x/TF1e-3_25x.rep1.bam.bai
[W::bam_next_basemod] MM tag refers to bases beyond sequence length
[W::hts_idx_load3] The index file is older than the data file: /bip7_disk/pingting114/mixed_bam/COLO829_PAO/TF1e-3_25x/TF1e-3_25x.rep1.bam.bai
[W::hts_idx_load3] The index file is older than the data file: /bip7_disk/pingting114/mixed_bam/COLO829_PAO/TF1e-3_25x/TF1e-3_25x.rep1.bam.bai
[W::hts_idx_load3] The index file is older than the data file: /bip7_disk/pingting114/mixed_bam/COLO829_PAO/TF1e-3_25x/TF1e-3_25x.rep1.bam.bai
[E::bam_parse_basemod2] 3ce68c72-7af4-42fa-8106-793a2a0acf51: MM tag refers to bases beyond sequence length
[W::bam_next_basemod] MM tag refers to bases beyond sequence length
[W::hts_idx_load3] The index file is older than the data file: /bip7_disk/pingting114/mixed_bam/COLO829_PAO/TF1e-3_25x/TF1e-3_25x.rep1.bam.bai
[W::bam_next_basemod] MM tag refers to bases beyond sequence length
[W::hts_idx_load3] The index file is older than the data file: /bip7_disk/pingting114/mixed_bam/COLO829_PAO/TF1e-3_25x/TF1e-3_25x.rep1.bam.bai
[E::bam_parse_basemod2] b7e53f57-b45b-4304-aecd-6bc5b8e9861d: MM tag refers to bases beyond sequence length
[W::hts_idx_load3] The index file is older than the data file: /bip7_disk/pingting114/mixed_bam/COLO829_PAO/TF1e-3_25x/TF1e-3_25x.rep1.bam.bai
[W::hts_idx_load3] The index file is older than the data file: /bip7_disk/pingting114/mixed_bam/COLO829_PAO/TF1e-3_25x/TF1e-3_25x.rep1.bam.bai
[W::hts_idx_load3] The index file is older than the data file: /bip7_disk/pingting114/mixed_bam/COLO829_PAO/TF1e-3_25x/TF1e-3_25x.rep1.bam.bai
[W::hts_idx_load3] The index file is older than the data file: /bip7_disk/pingting114/mixed_bam/COLO829_PAO/TF1e-3_25x/TF1e-3_25x.rep1.bam.bai
[W::hts_idx_load3] The index file is older than the data file: /bip7_disk/pingting114/mixed_bam/COLO829_PAO/TF1e-3_25x/TF1e-3_25x.rep1.bam.bai
[W::hts_idx_load3] The index file is older than the data file: /bip7_disk/pingting114/mixed_bam/COLO829_PAO/TF1e-3_25x/TF1e-3_25x.rep1.bam.bai
[W::hts_idx_load3] The index file is older than the data file: /bip7_disk/pingting114/mixed_bam/COLO829_PAO/TF1e-3_25x/TF1e-3_25x.rep1.bam.bai
[W::bam_next_basemod] MM tag refers to bases beyond sequence length
[W::hts_idx_load3] The index file is older than the data file: /bip7_disk/pingting114/mixed_bam/COLO829_PAO/TF1e-3_25x/TF1e-3_25x.rep1.bam.bai
[W::hts_idx_load3] The index file is older than the data file: /bip7_disk/pingting114/mixed_bam/COLO829_PAO/TF1e-3_25x/TF1e-3_25x.rep1.bam.bai
[W::bam_next_basemod] MM tag refers to bases beyond sequence length
[W::hts_idx_load3] The index file is older than the data file: /bip7_disk/pingting114/mixed_bam/COLO829_PAO/TF1e-3_25x/TF1e-3_25x.rep1.bam.bai
[W::hts_idx_load3] The index file is older than the data file: /bip7_disk/pingting114/mixed_bam/COLO829_PAO/TF1e-3_25x/TF1e-3_25x.rep1.bam.bai
[W::hts_idx_load3] The index file is older than the data file: /bip7_disk/pingting114/mixed_bam/COLO829_PAO/TF1e-3_25x/TF1e-3_25x.rep1.bam.bai
[W::hts_idx_load3] The index file is older than the data file: /bip7_disk/pingting114/mixed_bam/COLO829_PAO/TF1e-3_25x/TF1e-3_25x.rep1.bam.bai
[W::hts_idx_load3] The index file is older than the data file: /bip7_disk/pingting114/mixed_bam/COLO829_PAO/TF1e-3_25x/TF1e-3_25x.rep1.bam.bai
[W::hts_idx_load3] The index file is older than the data file: /bip7_disk/pingting114/mixed_bam/COLO829_PAO/TF1e-3_25x/TF1e-3_25x.rep1.bam.bai
[W::hts_idx_load3] The index file is older than the data file: /bip7_disk/pingting114/mixed_bam/COLO829_PAO/TF1e-3_25x/TF1e-3_25x.rep1.bam.bai
[W::bam_next_basemod] MM tag refers to bases beyond sequence length
[W::hts_idx_load3] The index file is older than the data file: /bip7_disk/pingting114/mixed_bam/COLO829_PAO/TF1e-3_25x/TF1e-3_25x.rep1.bam.bai
[W::hts_idx_load3] The index file is older than the data file: /bip7_disk/pingting114/mixed_bam/COLO829_PAO/TF1e-3_25x/TF1e-3_25x.rep1.bam.bai
[W::hts_idx_load3] The index file is older than the data file: /bip7_disk/pingting114/mixed_bam/COLO829_PAO/TF1e-3_25x/TF1e-3_25x.rep1.bam.bai
[W::hts_idx_load3] The index file is older than the data file: /bip7_disk/pingting114/mixed_bam/COLO829_PAO/TF1e-3_25x/TF1e-3_25x.rep1.bam.bai
[W::hts_idx_load3] The index file is older than the data file: /bip7_disk/pingting114/mixed_bam/COLO829_PAO/TF1e-3_25x/TF1e-3_25x.rep1.bam.bai
[W::hts_idx_load3] The index file is older than the data file: /bip7_disk/pingting114/mixed_bam/COLO829_PAO/TF1e-3_25x/TF1e-3_25x.rep1.bam.bai
[W::hts_idx_load3] The index file is older than the data file: /bip7_disk/pingting114/mixed_bam/COLO829_PAO/TF1e-3_25x/TF1e-3_25x.rep1.bam.bai
[W::hts_idx_load3] The index file is older than the data file: /bip7_disk/pingting114/mixed_bam/COLO829_PAO/TF1e-3_25x/TF1e-3_25x.rep1.bam.bai
[W::hts_idx_load3] The index file is older than the data file: /bip7_disk/pingting114/mixed_bam/COLO829_PAO/TF1e-3_25x/TF1e-3_25x.rep1.bam.bai
[W::hts_idx_load3] The index file is older than the data file: /bip7_disk/pingting114/mixed_bam/COLO829_PAO/TF1e-3_25x/TF1e-3_25x.rep1.bam.bai
[W::hts_idx_load3] The index file is older than the data file: /bip7_disk/pingting114/mixed_bam/COLO829_PAO/TF1e-3_25x/TF1e-3_25x.rep1.bam.bai
[W::hts_idx_load3] The index file is older than the data file: /bip7_disk/pingting114/mixed_bam/COLO829_PAO/TF1e-3_25x/TF1e-3_25x.rep1.bam.bai
[W::hts_idx_load3] The index file is older than the data file: /bip7_disk/pingting114/mixed_bam/COLO829_PAO/TF1e-3_25x/TF1e-3_25x.rep1.bam.bai
[W::bam_next_basemod] MM tag refers to bases beyond sequence length
[E::bam_parse_basemod2] 9005c0e6-d397-41bc-9bfd-d54da9e84406: MM tag refers to bases beyond sequence length
[W::hts_idx_load3] The index file is older than the data file: /bip7_disk/pingting114/mixed_bam/COLO829_PAO/TF1e-3_25x/TF1e-3_25x.rep1.bam.bai
[E::bam_parse_basemod2] e818efed-9371-475d-810d-612390d39cde: MM tag refers to bases beyond sequence length
[W::bam_next_basemod] MM tag refers to bases beyond sequence length
[W::hts_idx_load3] The index file is older than the data file: /bip7_disk/pingting114/mixed_bam/COLO829_PAO/TF1e-3_25x/TF1e-3_25x.rep1.bam.bai
[W::bam_next_basemod] MM tag refers to bases beyond sequence length
[W::hts_idx_load3] The index file is older than the data file: /bip7_disk/pingting114/mixed_bam/COLO829_PAO/TF1e-3_25x/TF1e-3_25x.rep1.bam.bai
[W::bam_next_basemod] MM tag refers to bases beyond sequence length
[E::bam_parse_basemod2] 84b31ed3-f860-46b9-9954-53514e3eb06b: MM tag refers to bases beyond sequence length
[W::bam_next_basemod] MM tag refers to bases beyond sequence length
[W::hts_idx_load3] The index file is older than the data file: /bip7_disk/pingting114/mixed_bam/COLO829_PAO/TF1e-3_25x/TF1e-3_25x.rep1.bam.bai
[W::hts_idx_load3] The index file is older than the data file: /bip7_disk/pingting114/mixed_bam/COLO829_PAO/TF1e-3_25x/TF1e-3_25x.rep1.bam.bai
[W::hts_idx_load3] The index file is older than the data file: /bip7_disk/pingting114/mixed_bam/COLO829_PAO/TF1e-3_25x/TF1e-3_25x.rep1.bam.bai
[W::bam_next_basemod] MM tag refers to bases beyond sequence length
[W::hts_idx_load3] The index file is older than the data file: /bip7_disk/pingting114/mixed_bam/COLO829_PAO/TF1e-3_25x/TF1e-3_25x.rep1.bam.bai
[W::hts_idx_load3] The index file is older than the data file: /bip7_disk/pingting114/mixed_bam/COLO829_PAO/TF1e-3_25x/TF1e-3_25x.rep1.bam.bai
[W::hts_idx_load3] The index file is older than the data file: /bip7_disk/pingting114/mixed_bam/COLO829_PAO/TF1e-3_25x/TF1e-3_25x.rep1.bam.bai
[W::hts_idx_load3] The index file is older than the data file: /bip7_disk/pingting114/mixed_bam/COLO829_PAO/TF1e-3_25x/TF1e-3_25x.rep1.bam.bai
[W::hts_idx_load3] The index file is older than the data file: /bip7_disk/pingting114/mixed_bam/COLO829_PAO/TF1e-3_25x/TF1e-3_25x.rep1.bam.bai
[W::hts_idx_load3] The index file is older than the data file: /bip7_disk/pingting114/mixed_bam/COLO829_PAO/TF1e-3_25x/TF1e-3_25x.rep1.bam.bai
[W::hts_idx_load3] The index file is older than the data file: /bip7_disk/pingting114/mixed_bam/COLO829_PAO/TF1e-3_25x/TF1e-3_25x.rep1.bam.bai
[E::bam_parse_basemod2] eb67777e-ec18-473e-bf69-b23d940b74d7: MM tag refers to bases beyond sequence length
[W::hts_idx_load3] The index file is older than the data file: /bip7_disk/pingting114/mixed_bam/COLO829_PAO/TF1e-3_25x/TF1e-3_25x.rep1.bam.bai
[W::hts_idx_load3] The index file is older than the data file: /bip7_disk/pingting114/mixed_bam/COLO829_PAO/TF1e-3_25x/TF1e-3_25x.rep1.bam.bai
[W::hts_idx_load3] The index file is older than the data file: /bip7_disk/pingting114/mixed_bam/COLO829_PAO/TF1e-3_25x/TF1e-3_25x.rep1.bam.bai
[W::hts_idx_load3] The index file is older than the data file: /bip7_disk/pingting114/mixed_bam/COLO829_PAO/TF1e-3_25x/TF1e-3_25x.rep1.bam.bai
[W::bam_next_basemod] MM tag refers to bases beyond sequence length
[W::hts_idx_load3] The index file is older than the data file: /bip7_disk/pingting114/mixed_bam/COLO829_PAO/TF1e-3_25x/TF1e-3_25x.rep1.bam.bai
[W::hts_idx_load3] The index file is older than the data file: /bip7_disk/pingting114/mixed_bam/COLO829_PAO/TF1e-3_25x/TF1e-3_25x.rep1.bam.bai
[E::bam_parse_basemod2] 3a0b3881-52f1-4859-bf03-87a2bb40876f: MM tag refers to bases beyond sequence length
[W::hts_idx_load3] The index file is older than the data file: /bip7_disk/pingting114/mixed_bam/COLO829_PAO/TF1e-3_25x/TF1e-3_25x.rep1.bam.bai
[W::bam_next_basemod] MM tag refers to bases beyond sequence length
[W::hts_idx_load3] The index file is older than the data file: /bip7_disk/pingting114/mixed_bam/COLO829_PAO/TF1e-3_25x/TF1e-3_25x.rep1.bam.bai
[W::hts_idx_load3] The index file is older than the data file: /bip7_disk/pingting114/mixed_bam/COLO829_PAO/TF1e-3_25x/TF1e-3_25x.rep1.bam.bai
[W::hts_idx_load3] The index file is older than the data file: /bip7_disk/pingting114/mixed_bam/COLO829_PAO/TF1e-3_25x/TF1e-3_25x.rep1.bam.bai
[W::hts_idx_load3] The index file is older than the data file: /bip7_disk/pingting114/mixed_bam/COLO829_PAO/TF1e-3_25x/TF1e-3_25x.rep1.bam.bai
[E::bam_parse_basemod2] 7a9e4ecd-80a6-4228-941f-b887d8a73cd6: MM tag refers to bases beyond sequence length
[W::hts_idx_load3] The index file is older than the data file: /bip7_disk/pingting114/mixed_bam/COLO829_PAO/TF1e-3_25x/TF1e-3_25x.rep1.bam.bai
[W::bam_next_basemod] MM tag refers to bases beyond sequence length
[W::hts_idx_load3] The index file is older than the data file: /bip7_disk/pingting114/mixed_bam/COLO829_PAO/TF1e-3_25x/TF1e-3_25x.rep1.bam.bai
[W::hts_idx_load3] The index file is older than the data file: /bip7_disk/pingting114/mixed_bam/COLO829_PAO/TF1e-3_25x/TF1e-3_25x.rep1.bam.bai
[W::hts_idx_load3] The index file is older than the data file: /bip7_disk/pingting114/mixed_bam/COLO829_PAO/TF1e-3_25x/TF1e-3_25x.rep1.bam.bai
[W::hts_idx_load3] The index file is older than the data file: /bip7_disk/pingting114/mixed_bam/COLO829_PAO/TF1e-3_25x/TF1e-3_25x.rep1.bam.bai
[E::bam_parse_basemod2] b7da0d0c-878a-449a-ac21-ce2ac6f6191f: MM tag refers to bases beyond sequence length
[W::hts_idx_load3] The index file is older than the data file: /bip7_disk/pingting114/mixed_bam/COLO829_PAO/TF1e-3_25x/TF1e-3_25x.rep1.bam.bai
[W::hts_idx_load3] The index file is older than the data file: /bip7_disk/pingting114/mixed_bam/COLO829_PAO/TF1e-3_25x/TF1e-3_25x.rep1.bam.bai
[W::bam_next_basemod] MM tag refers to bases beyond sequence length
[W::hts_idx_load3] The index file is older than the data file: /bip7_disk/pingting114/mixed_bam/COLO829_PAO/TF1e-3_25x/TF1e-3_25x.rep1.bam.bai
[E::bam_parse_basemod2] 8b3bd841-9c7f-40e2-ad8a-6cdfa5151496: MM tag refers to bases beyond sequence length
[W::hts_idx_load3] The index file is older than the data file: /bip7_disk/pingting114/mixed_bam/COLO829_PAO/TF1e-3_25x/TF1e-3_25x.rep1.bam.bai
[E::bam_parse_basemod2] 81e153b5-e776-409e-a932-c8b3a8a79942: MM tag refers to bases beyond sequence length
[W::hts_idx_load3] The index file is older than the data file: /bip7_disk/pingting114/mixed_bam/COLO829_PAO/TF1e-3_25x/TF1e-3_25x.rep1.bam.bai
[W::hts_idx_load3] The index file is older than the data file: /bip7_disk/pingting114/mixed_bam/COLO829_PAO/TF1e-3_25x/TF1e-3_25x.rep1.bam.bai
[W::hts_idx_load3] The index file is older than the data file: /bip7_disk/pingting114/mixed_bam/COLO829_PAO/TF1e-3_25x/TF1e-3_25x.rep1.bam.bai
[W::hts_idx_load3] The index file is older than the data file: /bip7_disk/pingting114/mixed_bam/COLO829_PAO/TF1e-3_25x/TF1e-3_25x.rep1.bam.bai
[W::bam_next_basemod] MM tag refers to bases beyond sequence length
[W::bam_next_basemod] MM tag refers to bases beyond sequence length
[W::hts_idx_load3] The index file is older than the data file: /bip7_disk/pingting114/mixed_bam/COLO829_PAO/TF1e-3_25x/TF1e-3_25x.rep1.bam.bai
[W::hts_idx_load3] The index file is older than the data file: /bip7_disk/pingting114/mixed_bam/COLO829_PAO/TF1e-3_25x/TF1e-3_25x.rep1.bam.bai
[E::bam_parse_basemod2] 5daf3d4a-0069-4db6-a06e-288c60ad9861: MM tag refers to bases beyond sequence length
[W::hts_idx_load3] The index file is older than the data file: /bip7_disk/pingting114/mixed_bam/COLO829_PAO/TF1e-3_25x/TF1e-3_25x.rep1.bam.bai
[W::hts_idx_load3] The index file is older than the data file: /bip7_disk/pingting114/mixed_bam/COLO829_PAO/TF1e-3_25x/TF1e-3_25x.rep1.bam.bai
[W::hts_idx_load3] The index file is older than the data file: /bip7_disk/pingting114/mixed_bam/COLO829_PAO/TF1e-3_25x/TF1e-3_25x.rep1.bam.bai
[W::bam_next_basemod] MM tag refers to bases beyond sequence length
[W::hts_idx_load3] The index file is older than the data file: /bip7_disk/pingting114/mixed_bam/COLO829_PAO/TF1e-3_25x/TF1e-3_25x.rep1.bam.bai
[W::hts_idx_load3] The index file is older than the data file: /bip7_disk/pingting114/mixed_bam/COLO829_PAO/TF1e-3_25x/TF1e-3_25x.rep1.bam.bai
[W::hts_idx_load3] The index file is older than the data file: /bip7_disk/pingting114/mixed_bam/COLO829_PAO/TF1e-3_25x/TF1e-3_25x.rep1.bam.bai
[W::hts_idx_load3] The index file is older than the data file: /bip7_disk/pingting114/mixed_bam/COLO829_PAO/TF1e-3_25x/TF1e-3_25x.rep1.bam.bai
[W::hts_idx_load3] The index file is older than the data file: /bip7_disk/pingting114/mixed_bam/COLO829_PAO/TF1e-3_25x/TF1e-3_25x.rep1.bam.bai
[W::hts_idx_load3] The index file is older than the data file: /bip7_disk/pingting114/mixed_bam/COLO829_PAO/TF1e-3_25x/TF1e-3_25x.rep1.bam.bai
[W::hts_idx_load3] The index file is older than the data file: /bip7_disk/pingting114/mixed_bam/COLO829_PAO/TF1e-3_25x/TF1e-3_25x.rep1.bam.bai
[W::bam_next_basemod] MM tag refers to bases beyond sequence length
[W::hts_idx_load3] The index file is older than the data file: /bip7_disk/pingting114/mixed_bam/COLO829_PAO/TF1e-3_25x/TF1e-3_25x.rep1.bam.bai
[W::hts_idx_load3] The index file is older than the data file: /bip7_disk/pingting114/mixed_bam/COLO829_PAO/TF1e-3_25x/TF1e-3_25x.rep1.bam.bai
[W::hts_idx_load3] The index file is older than the data file: /bip7_disk/pingting114/mixed_bam/COLO829_PAO/TF1e-3_25x/TF1e-3_25x.rep1.bam.bai
[W::bam_next_basemod] MM tag refers to bases beyond sequence length
[W::hts_idx_load3] The index file is older than the data file: /bip7_disk/pingting114/mixed_bam/COLO829_PAO/TF1e-3_25x/TF1e-3_25x.rep1.bam.bai
[W::hts_idx_load3] The index file is older than the data file: /bip7_disk/pingting114/mixed_bam/COLO829_PAO/TF1e-3_25x/TF1e-3_25x.rep1.bam.bai
[W::bam_next_basemod] MM tag refers to bases beyond sequence length
[W::hts_idx_load3] The index file is older than the data file: /bip7_disk/pingting114/mixed_bam/COLO829_PAO/TF1e-3_25x/TF1e-3_25x.rep1.bam.bai
[W::hts_idx_load3] The index file is older than the data file: /bip7_disk/pingting114/mixed_bam/COLO829_PAO/TF1e-3_25x/TF1e-3_25x.rep1.bam.bai
[W::hts_idx_load3] The index file is older than the data file: /bip7_disk/pingting114/mixed_bam/COLO829_PAO/TF1e-3_25x/TF1e-3_25x.rep1.bam.bai
[W::hts_idx_load3] The index file is older than the data file: /bip7_disk/pingting114/mixed_bam/COLO829_PAO/TF1e-3_25x/TF1e-3_25x.rep1.bam.bai
[W::hts_idx_load3] The index file is older than the data file: /bip7_disk/pingting114/mixed_bam/COLO829_PAO/TF1e-3_25x/TF1e-3_25x.rep1.bam.bai
[W::hts_idx_load3] The index file is older than the data file: /bip7_disk/pingting114/mixed_bam/COLO829_PAO/TF1e-3_25x/TF1e-3_25x.rep1.bam.bai
[W::hts_idx_load3] The index file is older than the data file: /bip7_disk/pingting114/mixed_bam/COLO829_PAO/TF1e-3_25x/TF1e-3_25x.rep1.bam.bai
[W::hts_idx_load3] The index file is older than the data file: /bip7_disk/pingting114/mixed_bam/COLO829_PAO/TF1e-3_25x/TF1e-3_25x.rep1.bam.bai
[W::hts_idx_load3] The index file is older than the data file: /bip7_disk/pingting114/mixed_bam/COLO829_PAO/TF1e-3_25x/TF1e-3_25x.rep1.bam.bai
[W::hts_idx_load3] The index file is older than the data file: /bip7_disk/pingting114/mixed_bam/COLO829_PAO/TF1e-3_25x/TF1e-3_25x.rep1.bam.bai
[W::hts_idx_load3] The index file is older than the data file: /bip7_disk/pingting114/mixed_bam/COLO829_PAO/TF1e-3_25x/TF1e-3_25x.rep1.bam.bai
[W::hts_idx_load3] The index file is older than the data file: /bip7_disk/pingting114/mixed_bam/COLO829_PAO/TF1e-3_25x/TF1e-3_25x.rep1.bam.bai
[W::hts_idx_load3] The index file is older than the data file: /bip7_disk/pingting114/mixed_bam/COLO829_PAO/TF1e-3_25x/TF1e-3_25x.rep1.bam.bai
[W::bam_next_basemod] MM tag refers to bases beyond sequence length
[E::bam_parse_basemod2] b4fb4b0c-f302-430c-8901-5d1d64acc333: MM tag refers to bases beyond sequence length
[W::hts_idx_load3] The index file is older than the data file: /bip7_disk/pingting114/mixed_bam/COLO829_PAO/TF1e-3_25x/TF1e-3_25x.rep1.bam.bai
[W::hts_idx_load3] The index file is older than the data file: /bip7_disk/pingting114/mixed_bam/COLO829_PAO/TF1e-3_25x/TF1e-3_25x.rep1.bam.bai
[W::bam_next_basemod] MM tag refers to bases beyond sequence length
[W::hts_idx_load3] The index file is older than the data file: /bip7_disk/pingting114/mixed_bam/COLO829_PAO/TF1e-3_25x/TF1e-3_25x.rep1.bam.bai
[W::bam_next_basemod] MM tag refers to bases beyond sequence length
[W::hts_idx_load3] The index file is older than the data file: /bip7_disk/pingting114/mixed_bam/COLO829_PAO/TF1e-3_25x/TF1e-3_25x.rep1.bam.bai
[W::hts_idx_load3] The index file is older than the data file: /bip7_disk/pingting114/mixed_bam/COLO829_PAO/TF1e-3_25x/TF1e-3_25x.rep1.bam.bai
[W::hts_idx_load3] The index file is older than the data file: /bip7_disk/pingting114/mixed_bam/COLO829_PAO/TF1e-3_25x/TF1e-3_25x.rep1.bam.bai
[W::bam_next_basemod] MM tag refers to bases beyond sequence length
[W::hts_idx_load3] The index file is older than the data file: /bip7_disk/pingting114/mixed_bam/COLO829_PAO/TF1e-3_25x/TF1e-3_25x.rep1.bam.bai
[W::bam_next_basemod] MM tag refers to bases beyond sequence length
[W::hts_idx_load3] The index file is older than the data file: /bip7_disk/pingting114/mixed_bam/COLO829_PAO/TF1e-3_25x/TF1e-3_25x.rep1.bam.bai
[W::hts_idx_load3] The index file is older than the data file: /bip7_disk/pingting114/mixed_bam/COLO829_PAO/TF1e-3_25x/TF1e-3_25x.rep1.bam.bai
[W::hts_idx_load3] The index file is older than the data file: /bip7_disk/pingting114/mixed_bam/COLO829_PAO/TF1e-3_25x/TF1e-3_25x.rep1.bam.bai
[W::hts_idx_load3] The index file is older than the data file: /bip7_disk/pingting114/mixed_bam/COLO829_PAO/TF1e-3_25x/TF1e-3_25x.rep1.bam.bai
[W::bam_next_basemod] MM tag refers to bases beyond sequence length
[W::bam_next_basemod] MM tag refers to bases beyond sequence length
[E::bam_parse_basemod2] 0eea12bf-e5fd-40bc-9b59-c5916b940750: MM tag refers to bases beyond sequence length
[W::hts_idx_load3] The index file is older than the data file: /bip7_disk/pingting114/mixed_bam/COLO829_PAO/TF1e-3_25x/TF1e-3_25x.rep1.bam.bai
[W::bam_next_basemod] MM tag refers to bases beyond sequence length
[E::bam_parse_basemod2] 59208bf2-c52e-415f-921d-f5e3d938b290: MM tag refers to bases beyond sequence length
[W::hts_idx_load3] The index file is older than the data file: /bip7_disk/pingting114/mixed_bam/COLO829_PAO/TF1e-3_25x/TF1e-3_25x.rep1.bam.bai
[W::hts_idx_load3] The index file is older than the data file: /bip7_disk/pingting114/mixed_bam/COLO829_PAO/TF1e-3_25x/TF1e-3_25x.rep1.bam.bai
[W::hts_idx_load3] The index file is older than the data file: /bip7_disk/pingting114/mixed_bam/COLO829_PAO/TF1e-3_25x/TF1e-3_25x.rep1.bam.bai
[W::bam_next_basemod] MM tag refers to bases beyond sequence length
[W::hts_idx_load3] The index file is older than the data file: /bip7_disk/pingting114/mixed_bam/COLO829_PAO/TF1e-3_25x/TF1e-3_25x.rep1.bam.bai
[E::bam_parse_basemod2] cb0ace37-8ece-4ec2-8394-37babec94000: MM tag refers to bases beyond sequence length
[W::hts_idx_load3] The index file is older than the data file: /bip7_disk/pingting114/mixed_bam/COLO829_PAO/TF1e-3_25x/TF1e-3_25x.rep1.bam.bai
[W::hts_idx_load3] The index file is older than the data file: /bip7_disk/pingting114/mixed_bam/COLO829_PAO/TF1e-3_25x/TF1e-3_25x.rep1.bam.bai
[W::hts_idx_load3] The index file is older than the data file: /bip7_disk/pingting114/mixed_bam/COLO829_PAO/TF1e-3_25x/TF1e-3_25x.rep1.bam.bai
[E::bam_parse_basemod2] 912c433f-3f52-412a-89d7-2ba69c999756: MM tag refers to bases beyond sequence length
[W::hts_idx_load3] The index file is older than the data file: /bip7_disk/pingting114/mixed_bam/COLO829_PAO/TF1e-3_25x/TF1e-3_25x.rep1.bam.bai
[W::hts_idx_load3] The index file is older than the data file: /bip7_disk/pingting114/mixed_bam/COLO829_PAO/TF1e-3_25x/TF1e-3_25x.rep1.bam.bai
[W::hts_idx_load3] The index file is older than the data file: /bip7_disk/pingting114/mixed_bam/COLO829_PAO/TF1e-3_25x/TF1e-3_25x.rep1.bam.bai
[E::bam_parse_basemod2] a9f0b6f4-c48c-4997-97e5-341b8034d9a4: MM tag refers to bases beyond sequence length
[W::hts_idx_load3] The index file is older than the data file: /bip7_disk/pingting114/mixed_bam/COLO829_PAO/TF1e-3_25x/TF1e-3_25x.rep1.bam.bai
[W::hts_idx_load3] The index file is older than the data file: /bip7_disk/pingting114/mixed_bam/COLO829_PAO/TF1e-3_25x/TF1e-3_25x.rep1.bam.bai
[W::bam_next_basemod] MM tag refers to bases beyond sequence length
[W::hts_idx_load3] The index file is older than the data file: /bip7_disk/pingting114/mixed_bam/COLO829_PAO/TF1e-3_25x/TF1e-3_25x.rep1.bam.bai
[W::bam_next_basemod] MM tag refers to bases beyond sequence length
[W::hts_idx_load3] The index file is older than the data file: /bip7_disk/pingting114/mixed_bam/COLO829_PAO/TF1e-3_25x/TF1e-3_25x.rep1.bam.bai
[W::hts_idx_load3] The index file is older than the data file: /bip7_disk/pingting114/mixed_bam/COLO829_PAO/TF1e-3_25x/TF1e-3_25x.rep1.bam.bai
[W::hts_idx_load3] The index file is older than the data file: /bip7_disk/pingting114/mixed_bam/COLO829_PAO/TF1e-3_25x/TF1e-3_25x.rep1.bam.bai
[W::hts_idx_load3] The index file is older than the data file: /bip7_disk/pingting114/mixed_bam/COLO829_PAO/TF1e-3_25x/TF1e-3_25x.rep1.bam.bai
[W::hts_idx_load3] The index file is older than the data file: /bip7_disk/pingting114/mixed_bam/COLO829_PAO/TF1e-3_25x/TF1e-3_25x.rep1.bam.bai
[W::hts_idx_load3] The index file is older than the data file: /bip7_disk/pingting114/mixed_bam/COLO829_PAO/TF1e-3_25x/TF1e-3_25x.rep1.bam.bai
[W::hts_idx_load3] The index file is older than the data file: /bip7_disk/pingting114/mixed_bam/COLO829_PAO/TF1e-3_25x/TF1e-3_25x.rep1.bam.bai
[W::bam_next_basemod] MM tag refers to bases beyond sequence length
[W::hts_idx_load3] The index file is older than the data file: /bip7_disk/pingting114/mixed_bam/COLO829_PAO/TF1e-3_25x/TF1e-3_25x.rep1.bam.bai
[W::bam_next_basemod] MM tag refers to bases beyond sequence length
[W::hts_idx_load3] The index file is older than the data file: /bip7_disk/pingting114/mixed_bam/COLO829_PAO/TF1e-3_25x/TF1e-3_25x.rep1.bam.bai
[W::hts_idx_load3] The index file is older than the data file: /bip7_disk/pingting114/mixed_bam/COLO829_PAO/TF1e-3_25x/TF1e-3_25x.rep1.bam.bai
[W::hts_idx_load3] The index file is older than the data file: /bip7_disk/pingting114/mixed_bam/COLO829_PAO/TF1e-3_25x/TF1e-3_25x.rep1.bam.bai
[W::hts_idx_load3] The index file is older than the data file: /bip7_disk/pingting114/mixed_bam/COLO829_PAO/TF1e-3_25x/TF1e-3_25x.rep1.bam.bai
[W::hts_idx_load3] The index file is older than the data file: /bip7_disk/pingting114/mixed_bam/COLO829_PAO/TF1e-3_25x/TF1e-3_25x.rep1.bam.bai
[W::hts_idx_load3] The index file is older than the data file: /bip7_disk/pingting114/mixed_bam/COLO829_PAO/TF1e-3_25x/TF1e-3_25x.rep1.bam.bai
[W::hts_idx_load3] The index file is older than the data file: /bip7_disk/pingting114/mixed_bam/COLO829_PAO/TF1e-3_25x/TF1e-3_25x.rep1.bam.bai
[W::hts_idx_load3] The index file is older than the data file: /bip7_disk/pingting114/mixed_bam/COLO829_PAO/TF1e-3_25x/TF1e-3_25x.rep1.bam.bai
[W::bam_next_basemod] MM tag refers to bases beyond sequence length
[W::hts_idx_load3] The index file is older than the data file: /bip7_disk/pingting114/mixed_bam/COLO829_PAO/TF1e-3_25x/TF1e-3_25x.rep1.bam.bai
[W::hts_idx_load3] The index file is older than the data file: /bip7_disk/pingting114/mixed_bam/COLO829_PAO/TF1e-3_25x/TF1e-3_25x.rep1.bam.bai
[E::bam_parse_basemod2] 4ccdb7d3-6704-4ade-85b4-728ee1aeedb3: MM tag refers to bases beyond sequence length
[W::hts_idx_load3] The index file is older than the data file: /bip7_disk/pingting114/mixed_bam/COLO829_PAO/TF1e-3_25x/TF1e-3_25x.rep1.bam.bai
[W::hts_idx_load3] The index file is older than the data file: /bip7_disk/pingting114/mixed_bam/COLO829_PAO/TF1e-3_25x/TF1e-3_25x.rep1.bam.bai
[W::hts_idx_load3] The index file is older than the data file: /bip7_disk/pingting114/mixed_bam/COLO829_PAO/TF1e-3_25x/TF1e-3_25x.rep1.bam.bai
[E::bam_parse_basemod2] 14118af2-7b11-4ad4-b087-1600b1846f08: MM tag refers to bases beyond sequence length
[W::hts_idx_load3] The index file is older than the data file: /bip7_disk/pingting114/mixed_bam/COLO829_PAO/TF1e-3_25x/TF1e-3_25x.rep1.bam.bai
[W::hts_idx_load3] The index file is older than the data file: /bip7_disk/pingting114/mixed_bam/COLO829_PAO/TF1e-3_25x/TF1e-3_25x.rep1.bam.bai
[W::hts_idx_load3] The index file is older than the data file: /bip7_disk/pingting114/mixed_bam/COLO829_PAO/TF1e-3_25x/TF1e-3_25x.rep1.bam.bai
[W::hts_idx_load3] The index file is older than the data file: /bip7_disk/pingting114/mixed_bam/COLO829_PAO/TF1e-3_25x/TF1e-3_25x.rep1.bam.bai
[E::bam_parse_basemod2] 5dffa1e4-720c-4a07-ad75-1bfd4cf0e70d: MM tag refers to bases beyond sequence length
[W::hts_idx_load3] The index file is older than the data file: /bip7_disk/pingting114/mixed_bam/COLO829_PAO/TF1e-3_25x/TF1e-3_25x.rep1.bam.bai
[W::hts_idx_load3] The index file is older than the data file: /bip7_disk/pingting114/mixed_bam/COLO829_PAO/TF1e-3_25x/TF1e-3_25x.rep1.bam.bai
[W::hts_idx_load3] The index file is older than the data file: /bip7_disk/pingting114/mixed_bam/COLO829_PAO/TF1e-3_25x/TF1e-3_25x.rep1.bam.bai
[W::hts_idx_load3] The index file is older than the data file: /bip7_disk/pingting114/mixed_bam/COLO829_PAO/TF1e-3_25x/TF1e-3_25x.rep1.bam.bai
[E::bam_parse_basemod2] 67edd870-9d1b-4863-bea9-a226ca68e152: MM tag refers to bases beyond sequence length
[W::bam_next_basemod] MM tag refers to bases beyond sequence length
[W::hts_idx_load3] The index file is older than the data file: /bip7_disk/pingting114/mixed_bam/COLO829_PAO/TF1e-3_25x/TF1e-3_25x.rep1.bam.bai
[W::hts_idx_load3] The index file is older than the data file: /bip7_disk/pingting114/mixed_bam/COLO829_PAO/TF1e-3_25x/TF1e-3_25x.rep1.bam.bai
[W::hts_idx_load3] The index file is older than the data file: /bip7_disk/pingting114/mixed_bam/COLO829_PAO/TF1e-3_25x/TF1e-3_25x.rep1.bam.bai
[W::hts_idx_load3] The index file is older than the data file: /bip7_disk/pingting114/mixed_bam/COLO829_PAO/TF1e-3_25x/TF1e-3_25x.rep1.bam.bai
[W::hts_idx_load3] The index file is older than the data file: /bip7_disk/pingting114/mixed_bam/COLO829_PAO/TF1e-3_25x/TF1e-3_25x.rep1.bam.bai
[E::bam_parse_basemod2] 88802a78-3398-4768-9241-81843846fc2f: MM tag refers to bases beyond sequence length
[W::hts_idx_load3] The index file is older than the data file: /bip7_disk/pingting114/mixed_bam/COLO829_PAO/TF1e-3_25x/TF1e-3_25x.rep1.bam.bai
[W::hts_idx_load3] The index file is older than the data file: /bip7_disk/pingting114/mixed_bam/COLO829_PAO/TF1e-3_25x/TF1e-3_25x.rep1.bam.bai
[E::bam_parse_basemod2] 98375781-9e41-4992-b316-bf8e3637afae: MM tag refers to bases beyond sequence length
[W::hts_idx_load3] The index file is older than the data file: /bip7_disk/pingting114/mixed_bam/COLO829_PAO/TF1e-3_25x/TF1e-3_25x.rep1.bam.bai
[W::bam_next_basemod] MM tag refers to bases beyond sequence length
[W::hts_idx_load3] The index file is older than the data file: /bip7_disk/pingting114/mixed_bam/COLO829_PAO/TF1e-3_25x/TF1e-3_25x.rep1.bam.bai
[W::bam_next_basemod] MM tag refers to bases beyond sequence length
[E::bam_parse_basemod2] 13e572a3-c984-470e-9621-653a6f5245ff: MM tag refers to bases beyond sequence length
[W::hts_idx_load3] The index file is older than the data file: /bip7_disk/pingting114/mixed_bam/COLO829_PAO/TF1e-3_25x/TF1e-3_25x.rep1.bam.bai
[W::hts_idx_load3] The index file is older than the data file: /bip7_disk/pingting114/mixed_bam/COLO829_PAO/TF1e-3_25x/TF1e-3_25x.rep1.bam.bai
[W::bam_next_basemod] MM tag refers to bases beyond sequence length
[W::hts_idx_load3] The index file is older than the data file: /bip7_disk/pingting114/mixed_bam/COLO829_PAO/TF1e-3_25x/TF1e-3_25x.rep1.bam.bai
[W::hts_idx_load3] The index file is older than the data file: /bip7_disk/pingting114/mixed_bam/COLO829_PAO/TF1e-3_25x/TF1e-3_25x.rep1.bam.bai
[E::bam_parse_basemod2] d5e3e800-eedd-4704-9100-7815308e743e: MM tag refers to bases beyond sequence length
[W::hts_idx_load3] The index file is older than the data file: /bip7_disk/pingting114/mixed_bam/COLO829_PAO/TF1e-3_25x/TF1e-3_25x.rep1.bam.bai
[W::hts_idx_load3] The index file is older than the data file: /bip7_disk/pingting114/mixed_bam/COLO829_PAO/TF1e-3_25x/TF1e-3_25x.rep1.bam.bai
[W::bam_next_basemod] MM tag refers to bases beyond sequence length
[W::bam_next_basemod] MM tag refers to bases beyond sequence length
[W::hts_idx_load3] The index file is older than the data file: /bip7_disk/pingting114/mixed_bam/COLO829_PAO/TF1e-3_25x/TF1e-3_25x.rep1.bam.bai
[W::hts_idx_load3] The index file is older than the data file: /bip7_disk/pingting114/mixed_bam/COLO829_PAO/TF1e-3_25x/TF1e-3_25x.rep1.bam.bai
[W::hts_idx_load3] The index file is older than the data file: /bip7_disk/pingting114/mixed_bam/COLO829_PAO/TF1e-3_25x/TF1e-3_25x.rep1.bam.bai
[W::hts_idx_load3] The index file is older than the data file: /bip7_disk/pingting114/mixed_bam/COLO829_PAO/TF1e-3_25x/TF1e-3_25x.rep1.bam.bai
[W::hts_idx_load3] The index file is older than the data file: /bip7_disk/pingting114/mixed_bam/COLO829_PAO/TF1e-3_25x/TF1e-3_25x.rep1.bam.bai
[E::bam_parse_basemod2] f1141f97-ed5c-496e-bfce-cc3ceffefc50: MM tag refers to bases beyond sequence length
[W::bam_next_basemod] MM tag refers to bases beyond sequence length
[W::bam_next_basemod] MM tag refers to bases beyond sequence length
[W::hts_idx_load3] The index file is older than the data file: /bip7_disk/pingting114/mixed_bam/COLO829_PAO/TF1e-3_25x/TF1e-3_25x.rep1.bam.bai
[W::bam_next_basemod] MM tag refers to bases beyond sequence length
[W::hts_idx_load3] The index file is older than the data file: /bip7_disk/pingting114/mixed_bam/COLO829_PAO/TF1e-3_25x/TF1e-3_25x.rep1.bam.bai
[W::hts_idx_load3] The index file is older than the data file: /bip7_disk/pingting114/mixed_bam/COLO829_PAO/TF1e-3_25x/TF1e-3_25x.rep1.bam.bai
[W::hts_idx_load3] The index file is older than the data file: /bip7_disk/pingting114/mixed_bam/COLO829_PAO/TF1e-3_25x/TF1e-3_25x.rep1.bam.bai
[W::bam_next_basemod] MM tag refers to bases beyond sequence length
[W::hts_idx_load3] The index file is older than the data file: /bip7_disk/pingting114/mixed_bam/COLO829_PAO/TF1e-3_25x/TF1e-3_25x.rep1.bam.bai
[W::hts_idx_load3] The index file is older than the data file: /bip7_disk/pingting114/mixed_bam/COLO829_PAO/TF1e-3_25x/TF1e-3_25x.rep1.bam.bai
[W::hts_idx_load3] The index file is older than the data file: /bip7_disk/pingting114/mixed_bam/COLO829_PAO/TF1e-3_25x/TF1e-3_25x.rep1.bam.bai
[W::hts_idx_load3] The index file is older than the data file: /bip7_disk/pingting114/mixed_bam/COLO829_PAO/TF1e-3_25x/TF1e-3_25x.rep1.bam.bai
[W::hts_idx_load3] The index file is older than the data file: /bip7_disk/pingting114/mixed_bam/COLO829_PAO/TF1e-3_25x/TF1e-3_25x.rep1.bam.bai
[W::hts_idx_load3] The index file is older than the data file: /bip7_disk/pingting114/mixed_bam/COLO829_PAO/TF1e-3_25x/TF1e-3_25x.rep1.bam.bai
[W::hts_idx_load3] The index file is older than the data file: /bip7_disk/pingting114/mixed_bam/COLO829_PAO/TF1e-3_25x/TF1e-3_25x.rep1.bam.bai
[W::bam_next_basemod] MM tag refers to bases beyond sequence length
[W::hts_idx_load3] The index file is older than the data file: /bip7_disk/pingting114/mixed_bam/COLO829_PAO/TF1e-3_25x/TF1e-3_25x.rep1.bam.bai
[W::hts_idx_load3] The index file is older than the data file: /bip7_disk/pingting114/mixed_bam/COLO829_PAO/TF1e-3_25x/TF1e-3_25x.rep1.bam.bai
[W::hts_idx_load3] The index file is older than the data file: /bip7_disk/pingting114/mixed_bam/COLO829_PAO/TF1e-3_25x/TF1e-3_25x.rep1.bam.bai
[W::hts_idx_load3] The index file is older than the data file: /bip7_disk/pingting114/mixed_bam/COLO829_PAO/TF1e-3_25x/TF1e-3_25x.rep1.bam.bai
[W::hts_idx_load3] The index file is older than the data file: /bip7_disk/pingting114/mixed_bam/COLO829_PAO/TF1e-3_25x/TF1e-3_25x.rep1.bam.bai
[W::bam_next_basemod] MM tag refers to bases beyond sequence length
[W::hts_idx_load3] The index file is older than the data file: /bip7_disk/pingting114/mixed_bam/COLO829_PAO/TF1e-3_25x/TF1e-3_25x.rep1.bam.bai
[W::hts_idx_load3] The index file is older than the data file: /bip7_disk/pingting114/mixed_bam/COLO829_PAO/TF1e-3_25x/TF1e-3_25x.rep1.bam.bai
[W::hts_idx_load3] The index file is older than the data file: /bip7_disk/pingting114/mixed_bam/COLO829_PAO/TF1e-3_25x/TF1e-3_25x.rep1.bam.bai
[W::hts_idx_load3] The index file is older than the data file: /bip7_disk/pingting114/mixed_bam/COLO829_PAO/TF1e-3_25x/TF1e-3_25x.rep1.bam.bai
[W::hts_idx_load3] The index file is older than the data file: /bip7_disk/pingting114/mixed_bam/COLO829_PAO/TF1e-3_25x/TF1e-3_25x.rep1.bam.bai
[W::hts_idx_load3] The index file is older than the data file: /bip7_disk/pingting114/mixed_bam/COLO829_PAO/TF1e-3_25x/TF1e-3_25x.rep1.bam.bai
[E::bam_parse_basemod2] c62a246c-f157-4804-93d3-9c6022d79366: MM tag refers to bases beyond sequence length
[W::hts_idx_load3] The index file is older than the data file: /bip7_disk/pingting114/mixed_bam/COLO829_PAO/TF1e-3_25x/TF1e-3_25x.rep1.bam.bai
[W::hts_idx_load3] The index file is older than the data file: /bip7_disk/pingting114/mixed_bam/COLO829_PAO/TF1e-3_25x/TF1e-3_25x.rep1.bam.bai
[W::hts_idx_load3] The index file is older than the data file: /bip7_disk/pingting114/mixed_bam/COLO829_PAO/TF1e-3_25x/TF1e-3_25x.rep1.bam.bai
[W::hts_idx_load3] The index file is older than the data file: /bip7_disk/pingting114/mixed_bam/COLO829_PAO/TF1e-3_25x/TF1e-3_25x.rep1.bam.bai
[W::hts_idx_load3] The index file is older than the data file: /bip7_disk/pingting114/mixed_bam/COLO829_PAO/TF1e-3_25x/TF1e-3_25x.rep1.bam.bai
[W::hts_idx_load3] The index file is older than the data file: /bip7_disk/pingting114/mixed_bam/COLO829_PAO/TF1e-3_25x/TF1e-3_25x.rep1.bam.bai
[W::hts_idx_load3] The index file is older than the data file: /bip7_disk/pingting114/mixed_bam/COLO829_PAO/TF1e-3_25x/TF1e-3_25x.rep1.bam.bai
[W::hts_idx_load3] The index file is older than the data file: /bip7_disk/pingting114/mixed_bam/COLO829_PAO/TF1e-3_25x/TF1e-3_25x.rep1.bam.bai
[W::bam_next_basemod] MM tag refers to bases beyond sequence length
[W::hts_idx_load3] The index file is older than the data file: /bip7_disk/pingting114/mixed_bam/COLO829_PAO/TF1e-3_25x/TF1e-3_25x.rep1.bam.bai
[W::hts_idx_load3] The index file is older than the data file: /bip7_disk/pingting114/mixed_bam/COLO829_PAO/TF1e-3_25x/TF1e-3_25x.rep1.bam.bai
[W::bam_next_basemod] MM tag refers to bases beyond sequence length
[W::hts_idx_load3] The index file is older than the data file: /bip7_disk/pingting114/mixed_bam/COLO829_PAO/TF1e-3_25x/TF1e-3_25x.rep1.bam.bai
[W::hts_idx_load3] The index file is older than the data file: /bip7_disk/pingting114/mixed_bam/COLO829_PAO/TF1e-3_25x/TF1e-3_25x.rep1.bam.bai
[W::hts_idx_load3] The index file is older than the data file: /bip7_disk/pingting114/mixed_bam/COLO829_PAO/TF1e-3_25x/TF1e-3_25x.rep1.bam.bai
[W::hts_idx_load3] The index file is older than the data file: /bip7_disk/pingting114/mixed_bam/COLO829_PAO/TF1e-3_25x/TF1e-3_25x.rep1.bam.bai
[W::hts_idx_load3] The index file is older than the data file: /bip7_disk/pingting114/mixed_bam/COLO829_PAO/TF1e-3_25x/TF1e-3_25x.rep1.bam.bai
[W::hts_idx_load3] The index file is older than the data file: /bip7_disk/pingting114/mixed_bam/COLO829_PAO/TF1e-3_25x/TF1e-3_25x.rep1.bam.bai
[W::hts_idx_load3] The index file is older than the data file: /bip7_disk/pingting114/mixed_bam/COLO829_PAO/TF1e-3_25x/TF1e-3_25x.rep1.bam.bai
[W::hts_idx_load3] The index file is older than the data file: /bip7_disk/pingting114/mixed_bam/COLO829_PAO/TF1e-3_25x/TF1e-3_25x.rep1.bam.bai
[W::hts_idx_load3] The index file is older than the data file: /bip7_disk/pingting114/mixed_bam/COLO829_PAO/TF1e-3_25x/TF1e-3_25x.rep1.bam.bai
[E::bam_parse_basemod2] 17266e7e-7d62-4876-9858-baa11b6e8967: MM tag refers to bases beyond sequence length
[W::hts_idx_load3] The index file is older than the data file: /bip7_disk/pingting114/mixed_bam/COLO829_PAO/TF1e-3_25x/TF1e-3_25x.rep1.bam.bai
[W::bam_next_basemod] MM tag refers to bases beyond sequence length
[W::hts_idx_load3] The index file is older than the data file: /bip7_disk/pingting114/mixed_bam/COLO829_PAO/TF1e-3_25x/TF1e-3_25x.rep1.bam.bai
[W::bam_next_basemod] MM tag refers to bases beyond sequence length
[W::hts_idx_load3] The index file is older than the data file: /bip7_disk/pingting114/mixed_bam/COLO829_PAO/TF1e-3_25x/TF1e-3_25x.rep1.bam.bai
[W::hts_idx_load3] The index file is older than the data file: /bip7_disk/pingting114/mixed_bam/COLO829_PAO/TF1e-3_25x/TF1e-3_25x.rep1.bam.bai
[W::hts_idx_load3] The index file is older than the data file: /bip7_disk/pingting114/mixed_bam/COLO829_PAO/TF1e-3_25x/TF1e-3_25x.rep1.bam.bai
[W::hts_idx_load3] The index file is older than the data file: /bip7_disk/pingting114/mixed_bam/COLO829_PAO/TF1e-3_25x/TF1e-3_25x.rep1.bam.bai
[W::hts_idx_load3] The index file is older than the data file: /bip7_disk/pingting114/mixed_bam/COLO829_PAO/TF1e-3_25x/TF1e-3_25x.rep1.bam.bai
[W::hts_idx_load3] The index file is older than the data file: /bip7_disk/pingting114/mixed_bam/COLO829_PAO/TF1e-3_25x/TF1e-3_25x.rep1.bam.bai
[W::hts_idx_load3] The index file is older than the data file: /bip7_disk/pingting114/mixed_bam/COLO829_PAO/TF1e-3_25x/TF1e-3_25x.rep1.bam.bai
[W::hts_idx_load3] The index file is older than the data file: /bip7_disk/pingting114/mixed_bam/COLO829_PAO/TF1e-3_25x/TF1e-3_25x.rep1.bam.bai
[W::hts_idx_load3] The index file is older than the data file: /bip7_disk/pingting114/mixed_bam/COLO829_PAO/TF1e-3_25x/TF1e-3_25x.rep1.bam.bai
[W::hts_idx_load3] The index file is older than the data file: /bip7_disk/pingting114/mixed_bam/COLO829_PAO/TF1e-3_25x/TF1e-3_25x.rep1.bam.bai
[W::hts_idx_load3] The index file is older than the data file: /bip7_disk/pingting114/mixed_bam/COLO829_PAO/TF1e-3_25x/TF1e-3_25x.rep1.bam.bai
[W::hts_idx_load3] The index file is older than the data file: /bip7_disk/pingting114/mixed_bam/COLO829_PAO/TF1e-3_25x/TF1e-3_25x.rep1.bam.bai
[W::hts_idx_load3] The index file is older than the data file: /bip7_disk/pingting114/mixed_bam/COLO829_PAO/TF1e-3_25x/TF1e-3_25x.rep1.bam.bai
[W::hts_idx_load3] The index file is older than the data file: /bip7_disk/pingting114/mixed_bam/COLO829_PAO/TF1e-3_25x/TF1e-3_25x.rep1.bam.bai
[W::hts_idx_load3] The index file is older than the data file: /bip7_disk/pingting114/mixed_bam/COLO829_PAO/TF1e-3_25x/TF1e-3_25x.rep1.bam.bai
[W::hts_idx_load3] The index file is older than the data file: /bip7_disk/pingting114/mixed_bam/COLO829_PAO/TF1e-3_25x/TF1e-3_25x.rep1.bam.bai
[W::hts_idx_load3] The index file is older than the data file: /bip7_disk/pingting114/mixed_bam/COLO829_PAO/TF1e-3_25x/TF1e-3_25x.rep1.bam.bai
[W::bam_next_basemod] MM tag refers to bases beyond sequence length
[W::hts_idx_load3] The index file is older than the data file: /bip7_disk/pingting114/mixed_bam/COLO829_PAO/TF1e-3_25x/TF1e-3_25x.rep1.bam.bai
[W::hts_idx_load3] The index file is older than the data file: /bip7_disk/pingting114/mixed_bam/COLO829_PAO/TF1e-3_25x/TF1e-3_25x.rep1.bam.bai
[W::bam_next_basemod] MM tag refers to bases beyond sequence length
[E::bam_parse_basemod2] 58b02501-778e-4db9-aa06-cc8d3f56557c: MM tag refers to bases beyond sequence length
[W::hts_idx_load3] The index file is older than the data file: /bip7_disk/pingting114/mixed_bam/COLO829_PAO/TF1e-3_25x/TF1e-3_25x.rep1.bam.bai
[W::hts_idx_load3] The index file is older than the data file: /bip7_disk/pingting114/mixed_bam/COLO829_PAO/TF1e-3_25x/TF1e-3_25x.rep1.bam.bai
[E::bam_parse_basemod2] f95f364c-69fa-4069-adfd-9eef42c3118c: MM tag refers to bases beyond sequence length
[W::bam_next_basemod] MM tag refers to bases beyond sequence length
[W::hts_idx_load3] The index file is older than the data file: /bip7_disk/pingting114/mixed_bam/COLO829_PAO/TF1e-3_25x/TF1e-3_25x.rep1.bam.bai
[W::hts_idx_load3] The index file is older than the data file: /bip7_disk/pingting114/mixed_bam/COLO829_PAO/TF1e-3_25x/TF1e-3_25x.rep1.bam.bai
[W::bam_next_basemod] MM tag refers to bases beyond sequence length
[W::hts_idx_load3] The index file is older than the data file: /bip7_disk/pingting114/mixed_bam/COLO829_PAO/TF1e-3_25x/TF1e-3_25x.rep1.bam.bai
[W::hts_idx_load3] The index file is older than the data file: /bip7_disk/pingting114/mixed_bam/COLO829_PAO/TF1e-3_25x/TF1e-3_25x.rep1.bam.bai
[W::bam_next_basemod] MM tag refers to bases beyond sequence length
[W::hts_idx_load3] The index file is older than the data file: /bip7_disk/pingting114/mixed_bam/COLO829_PAO/TF1e-3_25x/TF1e-3_25x.rep1.bam.bai
[E::bam_parse_basemod2] a79dc5f7-fd00-468f-8af5-8234e6a04239: MM tag refers to bases beyond sequence length
[W::hts_idx_load3] The index file is older than the data file: /bip7_disk/pingting114/mixed_bam/COLO829_PAO/TF1e-3_25x/TF1e-3_25x.rep1.bam.bai
[W::hts_idx_load3] The index file is older than the data file: /bip7_disk/pingting114/mixed_bam/COLO829_PAO/TF1e-3_25x/TF1e-3_25x.rep1.bam.bai
[W::hts_idx_load3] The index file is older than the data file: /bip7_disk/pingting114/mixed_bam/COLO829_PAO/TF1e-3_25x/TF1e-3_25x.rep1.bam.bai
[W::bam_next_basemod] MM tag refers to bases beyond sequence length
[E::bam_parse_basemod2] c1fbb30a-656b-4a15-ba55-337a1f809e56: MM tag refers to bases beyond sequence length
[W::hts_idx_load3] The index file is older than the data file: /bip7_disk/pingting114/mixed_bam/COLO829_PAO/TF1e-3_25x/TF1e-3_25x.rep1.bam.bai
[W::hts_idx_load3] The index file is older than the data file: /bip7_disk/pingting114/mixed_bam/COLO829_PAO/TF1e-3_25x/TF1e-3_25x.rep1.bam.bai
[W::hts_idx_load3] The index file is older than the data file: /bip7_disk/pingting114/mixed_bam/COLO829_PAO/TF1e-3_25x/TF1e-3_25x.rep1.bam.bai
[W::bam_next_basemod] MM tag refers to bases beyond sequence length
[W::hts_idx_load3] The index file is older than the data file: /bip7_disk/pingting114/mixed_bam/COLO829_PAO/TF1e-3_25x/TF1e-3_25x.rep1.bam.bai
[W::hts_idx_load3] The index file is older than the data file: /bip7_disk/pingting114/mixed_bam/COLO829_PAO/TF1e-3_25x/TF1e-3_25x.rep1.bam.bai
[W::hts_idx_load3] The index file is older than the data file: /bip7_disk/pingting114/mixed_bam/COLO829_PAO/TF1e-3_25x/TF1e-3_25x.rep1.bam.bai
[W::hts_idx_load3] The index file is older than the data file: /bip7_disk/pingting114/mixed_bam/COLO829_PAO/TF1e-3_25x/TF1e-3_25x.rep1.bam.bai
[W::hts_idx_load3] The index file is older than the data file: /bip7_disk/pingting114/mixed_bam/COLO829_PAO/TF1e-3_25x/TF1e-3_25x.rep1.bam.bai
[W::bam_next_basemod] MM tag refers to bases beyond sequence length
[W::hts_idx_load3] The index file is older than the data file: /bip7_disk/pingting114/mixed_bam/COLO829_PAO/TF1e-3_25x/TF1e-3_25x.rep1.bam.bai
[W::hts_idx_load3] The index file is older than the data file: /bip7_disk/pingting114/mixed_bam/COLO829_PAO/TF1e-3_25x/TF1e-3_25x.rep1.bam.bai
[W::hts_idx_load3] The index file is older than the data file: /bip7_disk/pingting114/mixed_bam/COLO829_PAO/TF1e-3_25x/TF1e-3_25x.rep1.bam.bai
[W::hts_idx_load3] The index file is older than the data file: /bip7_disk/pingting114/mixed_bam/COLO829_PAO/TF1e-3_25x/TF1e-3_25x.rep1.bam.bai
[W::bam_next_basemod] MM tag refers to bases beyond sequence length
[W::hts_idx_load3] The index file is older than the data file: /bip7_disk/pingting114/mixed_bam/COLO829_PAO/TF1e-3_25x/TF1e-3_25x.rep1.bam.bai
[W::hts_idx_load3] The index file is older than the data file: /bip7_disk/pingting114/mixed_bam/COLO829_PAO/TF1e-3_25x/TF1e-3_25x.rep1.bam.bai
[W::hts_idx_load3] The index file is older than the data file: /bip7_disk/pingting114/mixed_bam/COLO829_PAO/TF1e-3_25x/TF1e-3_25x.rep1.bam.bai
[W::hts_idx_load3] The index file is older than the data file: /bip7_disk/pingting114/mixed_bam/COLO829_PAO/TF1e-3_25x/TF1e-3_25x.rep1.bam.bai
[W::bam_next_basemod] MM tag refers to bases beyond sequence length
[W::hts_idx_load3] The index file is older than the data file: /bip7_disk/pingting114/mixed_bam/COLO829_PAO/TF1e-3_25x/TF1e-3_25x.rep1.bam.bai
[E::bam_parse_basemod2] 9e0cf5cb-7b83-4aa5-87d8-3bd2ef87103b: MM tag refers to bases beyond sequence length
[W::hts_idx_load3] The index file is older than the data file: /bip7_disk/pingting114/mixed_bam/COLO829_PAO/TF1e-3_25x/TF1e-3_25x.rep1.bam.bai
[W::hts_idx_load3] The index file is older than the data file: /bip7_disk/pingting114/mixed_bam/COLO829_PAO/TF1e-3_25x/TF1e-3_25x.rep1.bam.bai
[W::bam_next_basemod] MM tag refers to bases beyond sequence length
[E::bam_parse_basemod2] fb55dafe-274f-40cf-8870-b8c81328ebb5: MM tag refers to bases beyond sequence length
[W::hts_idx_load3] The index file is older than the data file: /bip7_disk/pingting114/mixed_bam/COLO829_PAO/TF1e-3_25x/TF1e-3_25x.rep1.bam.bai
[W::hts_idx_load3] The index file is older than the data file: /bip7_disk/pingting114/mixed_bam/COLO829_PAO/TF1e-3_25x/TF1e-3_25x.rep1.bam.bai
[W::hts_idx_load3] The index file is older than the data file: /bip7_disk/pingting114/mixed_bam/COLO829_PAO/TF1e-3_25x/TF1e-3_25x.rep1.bam.bai
[W::bam_next_basemod] MM tag refers to bases beyond sequence length
[W::hts_idx_load3] The index file is older than the data file: /bip7_disk/pingting114/mixed_bam/COLO829_PAO/TF1e-3_25x/TF1e-3_25x.rep1.bam.bai
[W::hts_idx_load3] The index file is older than the data file: /bip7_disk/pingting114/mixed_bam/COLO829_PAO/TF1e-3_25x/TF1e-3_25x.rep1.bam.bai
[W::hts_idx_load3] The index file is older than the data file: /bip7_disk/pingting114/mixed_bam/COLO829_PAO/TF1e-3_25x/TF1e-3_25x.rep1.bam.bai
[W::hts_idx_load3] The index file is older than the data file: /bip7_disk/pingting114/mixed_bam/COLO829_PAO/TF1e-3_25x/TF1e-3_25x.rep1.bam.bai
[W::hts_idx_load3] The index file is older than the data file: /bip7_disk/pingting114/mixed_bam/COLO829_PAO/TF1e-3_25x/TF1e-3_25x.rep1.bam.bai
[W::hts_idx_load3] The index file is older than the data file: /bip7_disk/pingting114/mixed_bam/COLO829_PAO/TF1e-3_25x/TF1e-3_25x.rep1.bam.bai
[W::hts_idx_load3] The index file is older than the data file: /bip7_disk/pingting114/mixed_bam/COLO829_PAO/TF1e-3_25x/TF1e-3_25x.rep1.bam.bai
[W::bam_next_basemod] MM tag refers to bases beyond sequence length
[W::hts_idx_load3] The index file is older than the data file: /bip7_disk/pingting114/mixed_bam/COLO829_PAO/TF1e-3_25x/TF1e-3_25x.rep1.bam.bai
[W::hts_idx_load3] The index file is older than the data file: /bip7_disk/pingting114/mixed_bam/COLO829_PAO/TF1e-3_25x/TF1e-3_25x.rep1.bam.bai
[W::bam_next_basemod] MM tag refers to bases beyond sequence length
[W::hts_idx_load3] The index file is older than the data file: /bip7_disk/pingting114/mixed_bam/COLO829_PAO/TF1e-3_25x/TF1e-3_25x.rep1.bam.bai
[W::hts_idx_load3] The index file is older than the data file: /bip7_disk/pingting114/mixed_bam/COLO829_PAO/TF1e-3_25x/TF1e-3_25x.rep1.bam.bai
[W::hts_idx_load3] The index file is older than the data file: /bip7_disk/pingting114/mixed_bam/COLO829_PAO/TF1e-3_25x/TF1e-3_25x.rep1.bam.bai
[W::hts_idx_load3] The index file is older than the data file: /bip7_disk/pingting114/mixed_bam/COLO829_PAO/TF1e-3_25x/TF1e-3_25x.rep1.bam.bai
[W::bam_next_basemod] MM tag refers to bases beyond sequence length
[W::bam_next_basemod] MM tag refers to bases beyond sequence length
[W::hts_idx_load3] The index file is older than the data file: /bip7_disk/pingting114/mixed_bam/COLO829_PAO/TF1e-3_25x/TF1e-3_25x.rep1.bam.bai
[E::bam_parse_basemod2] 05be4d0a-c079-49fe-be16-24be0ef45a8f: MM tag refers to bases beyond sequence length
[W::hts_idx_load3] The index file is older than the data file: /bip7_disk/pingting114/mixed_bam/COLO829_PAO/TF1e-3_25x/TF1e-3_25x.rep1.bam.bai
[W::hts_idx_load3] The index file is older than the data file: /bip7_disk/pingting114/mixed_bam/COLO829_PAO/TF1e-3_25x/TF1e-3_25x.rep1.bam.bai
[W::hts_idx_load3] The index file is older than the data file: /bip7_disk/pingting114/mixed_bam/COLO829_PAO/TF1e-3_25x/TF1e-3_25x.rep1.bam.bai
[E::bam_parse_basemod2] 9419c8ef-9945-4260-ab49-9a2fbfd9e5a4: MM tag refers to bases beyond sequence length
[W::hts_idx_load3] The index file is older than the data file: /bip7_disk/pingting114/mixed_bam/COLO829_PAO/TF1e-3_25x/TF1e-3_25x.rep1.bam.bai
[W::hts_idx_load3] The index file is older than the data file: /bip7_disk/pingting114/mixed_bam/COLO829_PAO/TF1e-3_25x/TF1e-3_25x.rep1.bam.bai
[W::bam_next_basemod] MM tag refers to bases beyond sequence length
[E::bam_parse_basemod2] 5b168b6f-bcf4-49dd-8788-9f12ce1d67c6: MM tag refers to bases beyond sequence length
[W::hts_idx_load3] The index file is older than the data file: /bip7_disk/pingting114/mixed_bam/COLO829_PAO/TF1e-3_25x/TF1e-3_25x.rep1.bam.bai
[W::bam_next_basemod] MM tag refers to bases beyond sequence length
[W::hts_idx_load3] The index file is older than the data file: /bip7_disk/pingting114/mixed_bam/COLO829_PAO/TF1e-3_25x/TF1e-3_25x.rep1.bam.bai
[E::bam_parse_basemod2] eb88f8c0-02a1-4144-b90c-6f0e7d54f64b: MM tag refers to bases beyond sequence length
[W::hts_idx_load3] The index file is older than the data file: /bip7_disk/pingting114/mixed_bam/COLO829_PAO/TF1e-3_25x/TF1e-3_25x.rep1.bam.bai
[W::bam_next_basemod] MM tag refers to bases beyond sequence length
[W::hts_idx_load3] The index file is older than the data file: /bip7_disk/pingting114/mixed_bam/COLO829_PAO/TF1e-3_25x/TF1e-3_25x.rep1.bam.bai
[W::hts_idx_load3] The index file is older than the data file: /bip7_disk/pingting114/mixed_bam/COLO829_PAO/TF1e-3_25x/TF1e-3_25x.rep1.bam.bai
[W::hts_idx_load3] The index file is older than the data file: /bip7_disk/pingting114/mixed_bam/COLO829_PAO/TF1e-3_25x/TF1e-3_25x.rep1.bam.bai
[W::hts_idx_load3] The index file is older than the data file: /bip7_disk/pingting114/mixed_bam/COLO829_PAO/TF1e-3_25x/TF1e-3_25x.rep1.bam.bai
[W::bam_next_basemod] MM tag refers to bases beyond sequence length
[W::hts_idx_load3] The index file is older than the data file: /bip7_disk/pingting114/mixed_bam/COLO829_PAO/TF1e-3_25x/TF1e-3_25x.rep1.bam.bai
[E::bam_parse_basemod2] 67d0c38f-e04d-44dd-a25f-d1bb35503e96: MM tag refers to bases beyond sequence length
[W::hts_idx_load3] The index file is older than the data file: /bip7_disk/pingting114/mixed_bam/COLO829_PAO/TF1e-3_25x/TF1e-3_25x.rep1.bam.bai
[W::hts_idx_load3] The index file is older than the data file: /bip7_disk/pingting114/mixed_bam/COLO829_PAO/TF1e-3_25x/TF1e-3_25x.rep1.bam.bai
[E::bam_parse_basemod2] dc7e7b1c-b9be-4ffe-afb1-850bd7aa6a6c: MM tag refers to bases beyond sequence length
[W::bam_next_basemod] MM tag refers to bases beyond sequence length
[W::hts_idx_load3] The index file is older than the data file: /bip7_disk/pingting114/mixed_bam/COLO829_PAO/TF1e-3_25x/TF1e-3_25x.rep1.bam.bai
[W::hts_idx_load3] The index file is older than the data file: /bip7_disk/pingting114/mixed_bam/COLO829_PAO/TF1e-3_25x/TF1e-3_25x.rep1.bam.bai
[W::hts_idx_load3] The index file is older than the data file: /bip7_disk/pingting114/mixed_bam/COLO829_PAO/TF1e-3_25x/TF1e-3_25x.rep1.bam.bai
[W::hts_idx_load3] The index file is older than the data file: /bip7_disk/pingting114/mixed_bam/COLO829_PAO/TF1e-3_25x/TF1e-3_25x.rep1.bam.bai
[W::hts_idx_load3] The index file is older than the data file: /bip7_disk/pingting114/mixed_bam/COLO829_PAO/TF1e-3_25x/TF1e-3_25x.rep1.bam.bai
[W::hts_idx_load3] The index file is older than the data file: /bip7_disk/pingting114/mixed_bam/COLO829_PAO/TF1e-3_25x/TF1e-3_25x.rep1.bam.bai
[W::hts_idx_load3] The index file is older than the data file: /bip7_disk/pingting114/mixed_bam/COLO829_PAO/TF1e-3_25x/TF1e-3_25x.rep1.bam.bai
[E::bam_parse_basemod2] 0e8ea524-dc1d-4f0b-adb0-29cc95ba6303: MM tag refers to bases beyond sequence length
[W::bam_next_basemod] MM tag refers to bases beyond sequence length
[W::hts_idx_load3] The index file is older than the data file: /bip7_disk/pingting114/mixed_bam/COLO829_PAO/TF1e-3_25x/TF1e-3_25x.rep1.bam.bai
[W::hts_idx_load3] The index file is older than the data file: /bip7_disk/pingting114/mixed_bam/COLO829_PAO/TF1e-3_25x/TF1e-3_25x.rep1.bam.bai
[W::hts_idx_load3] The index file is older than the data file: /bip7_disk/pingting114/mixed_bam/COLO829_PAO/TF1e-3_25x/TF1e-3_25x.rep1.bam.bai
[W::hts_idx_load3] The index file is older than the data file: /bip7_disk/pingting114/mixed_bam/COLO829_PAO/TF1e-3_25x/TF1e-3_25x.rep1.bam.bai
[W::hts_idx_load3] The index file is older than the data file: /bip7_disk/pingting114/mixed_bam/COLO829_PAO/TF1e-3_25x/TF1e-3_25x.rep1.bam.bai
[W::hts_idx_load3] The index file is older than the data file: /bip7_disk/pingting114/mixed_bam/COLO829_PAO/TF1e-3_25x/TF1e-3_25x.rep1.bam.bai
[E::bam_parse_basemod2] 75d176ed-6267-4d9f-95a3-7e185f732101: MM tag refers to bases beyond sequence length
[W::hts_idx_load3] The index file is older than the data file: /bip7_disk/pingting114/mixed_bam/COLO829_PAO/TF1e-3_25x/TF1e-3_25x.rep1.bam.bai
[W::hts_idx_load3] The index file is older than the data file: /bip7_disk/pingting114/mixed_bam/COLO829_PAO/TF1e-3_25x/TF1e-3_25x.rep1.bam.bai
[W::hts_idx_load3] The index file is older than the data file: /bip7_disk/pingting114/mixed_bam/COLO829_PAO/TF1e-3_25x/TF1e-3_25x.rep1.bam.bai
[W::hts_idx_load3] The index file is older than the data file: /bip7_disk/pingting114/mixed_bam/COLO829_PAO/TF1e-3_25x/TF1e-3_25x.rep1.bam.bai
[W::hts_idx_load3] The index file is older than the data file: /bip7_disk/pingting114/mixed_bam/COLO829_PAO/TF1e-3_25x/TF1e-3_25x.rep1.bam.bai
[W::hts_idx_load3] The index file is older than the data file: /bip7_disk/pingting114/mixed_bam/COLO829_PAO/TF1e-3_25x/TF1e-3_25x.rep1.bam.bai
[W::hts_idx_load3] The index file is older than the data file: /bip7_disk/pingting114/mixed_bam/COLO829_PAO/TF1e-3_25x/TF1e-3_25x.rep1.bam.bai
[W::hts_idx_load3] The index file is older than the data file: /bip7_disk/pingting114/mixed_bam/COLO829_PAO/TF1e-3_25x/TF1e-3_25x.rep1.bam.bai
[W::hts_idx_load3] The index file is older than the data file: /bip7_disk/pingting114/mixed_bam/COLO829_PAO/TF1e-3_25x/TF1e-3_25x.rep1.bam.bai
[W::hts_idx_load3] The index file is older than the data file: /bip7_disk/pingting114/mixed_bam/COLO829_PAO/TF1e-3_25x/TF1e-3_25x.rep1.bam.bai
[E::bam_parse_basemod2] f27e8406-47c7-4317-914a-c9b6cd4aedfd: MM tag refers to bases beyond sequence length
[W::hts_idx_load3] The index file is older than the data file: /bip7_disk/pingting114/mixed_bam/COLO829_PAO/TF1e-3_25x/TF1e-3_25x.rep1.bam.bai
[W::hts_idx_load3] The index file is older than the data file: /bip7_disk/pingting114/mixed_bam/COLO829_PAO/TF1e-3_25x/TF1e-3_25x.rep1.bam.bai
[W::hts_idx_load3] The index file is older than the data file: /bip7_disk/pingting114/mixed_bam/COLO829_PAO/TF1e-3_25x/TF1e-3_25x.rep1.bam.bai
[W::hts_idx_load3] The index file is older than the data file: /bip7_disk/pingting114/mixed_bam/COLO829_PAO/TF1e-3_25x/TF1e-3_25x.rep1.bam.bai
[W::bam_next_basemod] MM tag refers to bases beyond sequence length
[W::hts_idx_load3] The index file is older than the data file: /bip7_disk/pingting114/mixed_bam/COLO829_PAO/TF1e-3_25x/TF1e-3_25x.rep1.bam.bai
[W::bam_next_basemod] MM tag refers to bases beyond sequence length
[W::hts_idx_load3] The index file is older than the data file: /bip7_disk/pingting114/mixed_bam/COLO829_PAO/TF1e-3_25x/TF1e-3_25x.rep1.bam.bai
[W::hts_idx_load3] The index file is older than the data file: /bip7_disk/pingting114/mixed_bam/COLO829_PAO/TF1e-3_25x/TF1e-3_25x.rep1.bam.bai
[W::hts_idx_load3] The index file is older than the data file: /bip7_disk/pingting114/mixed_bam/COLO829_PAO/TF1e-3_25x/TF1e-3_25x.rep1.bam.bai
[W::hts_idx_load3] The index file is older than the data file: /bip7_disk/pingting114/mixed_bam/COLO829_PAO/TF1e-3_25x/TF1e-3_25x.rep1.bam.bai
[W::hts_idx_load3] The index file is older than the data file: /bip7_disk/pingting114/mixed_bam/COLO829_PAO/TF1e-3_25x/TF1e-3_25x.rep1.bam.bai
[W::hts_idx_load3] The index file is older than the data file: /bip7_disk/pingting114/mixed_bam/COLO829_PAO/TF1e-3_25x/TF1e-3_25x.rep1.bam.bai
[E::bam_parse_basemod2] 4772fd3b-ba7f-485a-8447-5549a34eee17: MM tag refers to bases beyond sequence length
[W::hts_idx_load3] The index file is older than the data file: /bip7_disk/pingting114/mixed_bam/COLO829_PAO/TF1e-3_25x/TF1e-3_25x.rep1.bam.bai
[W::hts_idx_load3] The index file is older than the data file: /bip7_disk/pingting114/mixed_bam/COLO829_PAO/TF1e-3_25x/TF1e-3_25x.rep1.bam.bai
[W::hts_idx_load3] The index file is older than the data file: /bip7_disk/pingting114/mixed_bam/COLO829_PAO/TF1e-3_25x/TF1e-3_25x.rep1.bam.bai
[W::bam_next_basemod] MM tag refers to bases beyond sequence length
[E::bam_parse_basemod2] 14c89bed-4ec9-41ba-8ee5-d73b70109a73: MM tag refers to bases beyond sequence length
[W::hts_idx_load3] The index file is older than the data file: /bip7_disk/pingting114/mixed_bam/COLO829_PAO/TF1e-3_25x/TF1e-3_25x.rep1.bam.bai
[W::hts_idx_load3] The index file is older than the data file: /bip7_disk/pingting114/mixed_bam/COLO829_PAO/TF1e-3_25x/TF1e-3_25x.rep1.bam.bai
[W::hts_idx_load3] The index file is older than the data file: /bip7_disk/pingting114/mixed_bam/COLO829_PAO/TF1e-3_25x/TF1e-3_25x.rep1.bam.bai
[W::hts_idx_load3] The index file is older than the data file: /bip7_disk/pingting114/mixed_bam/COLO829_PAO/TF1e-3_25x/TF1e-3_25x.rep1.bam.bai
[W::hts_idx_load3] The index file is older than the data file: /bip7_disk/pingting114/mixed_bam/COLO829_PAO/TF1e-3_25x/TF1e-3_25x.rep1.bam.bai
[W::hts_idx_load3] The index file is older than the data file: /bip7_disk/pingting114/mixed_bam/COLO829_PAO/TF1e-3_25x/TF1e-3_25x.rep1.bam.bai
[E::bam_parse_basemod2] d581c573-a072-4c6f-8801-cb9c0d096dbf: MM tag refers to bases beyond sequence length
[W::hts_idx_load3] The index file is older than the data file: /bip7_disk/pingting114/mixed_bam/COLO829_PAO/TF1e-3_25x/TF1e-3_25x.rep1.bam.bai
[W::hts_idx_load3] The index file is older than the data file: /bip7_disk/pingting114/mixed_bam/COLO829_PAO/TF1e-3_25x/TF1e-3_25x.rep1.bam.bai
[W::hts_idx_load3] The index file is older than the data file: /bip7_disk/pingting114/mixed_bam/COLO829_PAO/TF1e-3_25x/TF1e-3_25x.rep1.bam.bai
[W::hts_idx_load3] The index file is older than the data file: /bip7_disk/pingting114/mixed_bam/COLO829_PAO/TF1e-3_25x/TF1e-3_25x.rep1.bam.bai
[E::bam_parse_basemod2] edb1d780-9a4b-4b71-b108-a7df6b771550: MM tag refers to bases beyond sequence length
[W::hts_idx_load3] The index file is older than the data file: /bip7_disk/pingting114/mixed_bam/COLO829_PAO/TF1e-3_25x/TF1e-3_25x.rep1.bam.bai
[W::hts_idx_load3] The index file is older than the data file: /bip7_disk/pingting114/mixed_bam/COLO829_PAO/TF1e-3_25x/TF1e-3_25x.rep1.bam.bai
[W::hts_idx_load3] The index file is older than the data file: /bip7_disk/pingting114/mixed_bam/COLO829_PAO/TF1e-3_25x/TF1e-3_25x.rep1.bam.bai
[E::bam_parse_basemod2] 3d500288-92c9-4236-a4c4-16ca442c4cce: MM tag refers to bases beyond sequence length
[W::hts_idx_load3] The index file is older than the data file: /bip7_disk/pingting114/mixed_bam/COLO829_PAO/TF1e-3_25x/TF1e-3_25x.rep1.bam.bai
[W::hts_idx_load3] The index file is older than the data file: /bip7_disk/pingting114/mixed_bam/COLO829_PAO/TF1e-3_25x/TF1e-3_25x.rep1.bam.bai
[W::hts_idx_load3] The index file is older than the data file: /bip7_disk/pingting114/mixed_bam/COLO829_PAO/TF1e-3_25x/TF1e-3_25x.rep1.bam.bai
[W::bam_next_basemod] MM tag refers to bases beyond sequence length
[W::hts_idx_load3] The index file is older than the data file: /bip7_disk/pingting114/mixed_bam/COLO829_PAO/TF1e-3_25x/TF1e-3_25x.rep1.bam.bai
[W::hts_idx_load3] The index file is older than the data file: /bip7_disk/pingting114/mixed_bam/COLO829_PAO/TF1e-3_25x/TF1e-3_25x.rep1.bam.bai
[W::hts_idx_load3] The index file is older than the data file: /bip7_disk/pingting114/mixed_bam/COLO829_PAO/TF1e-3_25x/TF1e-3_25x.rep1.bam.bai
[E::bam_parse_basemod2] d73634e9-bc65-46fa-835a-ae7636957219: MM tag refers to bases beyond sequence length
[W::hts_idx_load3] The index file is older than the data file: /bip7_disk/pingting114/mixed_bam/COLO829_PAO/TF1e-3_25x/TF1e-3_25x.rep1.bam.bai
[W::bam_next_basemod] MM tag refers to bases beyond sequence length
[W::hts_idx_load3] The index file is older than the data file: /bip7_disk/pingting114/mixed_bam/COLO829_PAO/TF1e-3_25x/TF1e-3_25x.rep1.bam.bai
[E::bam_parse_basemod2] e6a8ee1b-243f-40a8-80af-c205dcd9e556: MM tag refers to bases beyond sequence length
[W::hts_idx_load3] The index file is older than the data file: /bip7_disk/pingting114/mixed_bam/COLO829_PAO/TF1e-3_25x/TF1e-3_25x.rep1.bam.bai
[W::hts_idx_load3] The index file is older than the data file: /bip7_disk/pingting114/mixed_bam/COLO829_PAO/TF1e-3_25x/TF1e-3_25x.rep1.bam.bai
[W::hts_idx_load3] The index file is older than the data file: /bip7_disk/pingting114/mixed_bam/COLO829_PAO/TF1e-3_25x/TF1e-3_25x.rep1.bam.bai
[W::hts_idx_load3] The index file is older than the data file: /bip7_disk/pingting114/mixed_bam/COLO829_PAO/TF1e-3_25x/TF1e-3_25x.rep1.bam.bai
[W::hts_idx_load3] The index file is older than the data file: /bip7_disk/pingting114/mixed_bam/COLO829_PAO/TF1e-3_25x/TF1e-3_25x.rep1.bam.bai
[W::hts_idx_load3] The index file is older than the data file: /bip7_disk/pingting114/mixed_bam/COLO829_PAO/TF1e-3_25x/TF1e-3_25x.rep1.bam.bai
[W::hts_idx_load3] The index file is older than the data file: /bip7_disk/pingting114/mixed_bam/COLO829_PAO/TF1e-3_25x/TF1e-3_25x.rep1.bam.bai
[W::hts_idx_load3] The index file is older than the data file: /bip7_disk/pingting114/mixed_bam/COLO829_PAO/TF1e-3_25x/TF1e-3_25x.rep1.bam.bai
[W::hts_idx_load3] The index file is older than the data file: /bip7_disk/pingting114/mixed_bam/COLO829_PAO/TF1e-3_25x/TF1e-3_25x.rep1.bam.bai
[W::bam_next_basemod] MM tag refers to bases beyond sequence length
[E::bam_parse_basemod2] 526ed86a-6044-470f-8316-a2c202eceffc: MM tag refers to bases beyond sequence length
[W::hts_idx_load3] The index file is older than the data file: /bip7_disk/pingting114/mixed_bam/COLO829_PAO/TF1e-3_25x/TF1e-3_25x.rep1.bam.bai
[W::hts_idx_load3] The index file is older than the data file: /bip7_disk/pingting114/mixed_bam/COLO829_PAO/TF1e-3_25x/TF1e-3_25x.rep1.bam.bai
[W::hts_idx_load3] The index file is older than the data file: /bip7_disk/pingting114/mixed_bam/COLO829_PAO/TF1e-3_25x/TF1e-3_25x.rep1.bam.bai
[E::bam_parse_basemod2] 9800d0f5-faf5-44a3-a772-175e81fdc0cd: MM tag refers to bases beyond sequence length
[E::bam_parse_basemod2] 0e7ec57c-b229-4e21-a892-be1e1ab55ce7: MM tag refers to bases beyond sequence length
[W::hts_idx_load3] The index file is older than the data file: /bip7_disk/pingting114/mixed_bam/COLO829_PAO/TF1e-3_25x/TF1e-3_25x.rep1.bam.bai
[W::hts_idx_load3] The index file is older than the data file: /bip7_disk/pingting114/mixed_bam/COLO829_PAO/TF1e-3_25x/TF1e-3_25x.rep1.bam.bai
[W::hts_idx_load3] The index file is older than the data file: /bip7_disk/pingting114/mixed_bam/COLO829_PAO/TF1e-3_25x/TF1e-3_25x.rep1.bam.bai
[W::hts_idx_load3] The index file is older than the data file: /bip7_disk/pingting114/mixed_bam/COLO829_PAO/TF1e-3_25x/TF1e-3_25x.rep1.bam.bai
[W::hts_idx_load3] The index file is older than the data file: /bip7_disk/pingting114/mixed_bam/COLO829_PAO/TF1e-3_25x/TF1e-3_25x.rep1.bam.bai
[W::hts_idx_load3] The index file is older than the data file: /bip7_disk/pingting114/mixed_bam/COLO829_PAO/TF1e-3_25x/TF1e-3_25x.rep1.bam.bai
[W::hts_idx_load3] The index file is older than the data file: /bip7_disk/pingting114/mixed_bam/COLO829_PAO/TF1e-3_25x/TF1e-3_25x.rep1.bam.bai
[W::hts_idx_load3] The index file is older than the data file: /bip7_disk/pingting114/mixed_bam/COLO829_PAO/TF1e-3_25x/TF1e-3_25x.rep1.bam.bai
[W::hts_idx_load3] The index file is older than the data file: /bip7_disk/pingting114/mixed_bam/COLO829_PAO/TF1e-3_25x/TF1e-3_25x.rep1.bam.bai
[W::hts_idx_load3] The index file is older than the data file: /bip7_disk/pingting114/mixed_bam/COLO829_PAO/TF1e-3_25x/TF1e-3_25x.rep1.bam.bai
[W::bam_next_basemod] MM tag refers to bases beyond sequence length
[W::bam_next_basemod] MM tag refers to bases beyond sequence length
[W::hts_idx_load3] The index file is older than the data file: /bip7_disk/pingting114/mixed_bam/COLO829_PAO/TF1e-3_25x/TF1e-3_25x.rep1.bam.bai
[W::hts_idx_load3] The index file is older than the data file: /bip7_disk/pingting114/mixed_bam/COLO829_PAO/TF1e-3_25x/TF1e-3_25x.rep1.bam.bai
[W::hts_idx_load3] The index file is older than the data file: /bip7_disk/pingting114/mixed_bam/COLO829_PAO/TF1e-3_25x/TF1e-3_25x.rep1.bam.bai
[W::hts_idx_load3] The index file is older than the data file: /bip7_disk/pingting114/mixed_bam/COLO829_PAO/TF1e-3_25x/TF1e-3_25x.rep1.bam.bai
[W::hts_idx_load3] The index file is older than the data file: /bip7_disk/pingting114/mixed_bam/COLO829_PAO/TF1e-3_25x/TF1e-3_25x.rep1.bam.bai
[E::bam_parse_basemod2] dfeb315a-1da2-4129-8d65-7bd8f0f4f27a: MM tag refers to bases beyond sequence length
[W::hts_idx_load3] The index file is older than the data file: /bip7_disk/pingting114/mixed_bam/COLO829_PAO/TF1e-3_25x/TF1e-3_25x.rep1.bam.bai
[W::bam_next_basemod] MM tag refers to bases beyond sequence length
[W::hts_idx_load3] The index file is older than the data file: /bip7_disk/pingting114/mixed_bam/COLO829_PAO/TF1e-3_25x/TF1e-3_25x.rep1.bam.bai
[W::hts_idx_load3] The index file is older than the data file: /bip7_disk/pingting114/mixed_bam/COLO829_PAO/TF1e-3_25x/TF1e-3_25x.rep1.bam.bai
[E::bam_parse_basemod2] 7b749819-0fc9-44a3-9838-18ba314d3740: MM tag refers to bases beyond sequence length
[W::hts_idx_load3] The index file is older than the data file: /bip7_disk/pingting114/mixed_bam/COLO829_PAO/TF1e-3_25x/TF1e-3_25x.rep1.bam.bai
[W::hts_idx_load3] The index file is older than the data file: /bip7_disk/pingting114/mixed_bam/COLO829_PAO/TF1e-3_25x/TF1e-3_25x.rep1.bam.bai
[W::bam_next_basemod] MM tag refers to bases beyond sequence length
[W::bam_next_basemod] MM tag refers to bases beyond sequence length
[W::hts_idx_load3] The index file is older than the data file: /bip7_disk/pingting114/mixed_bam/COLO829_PAO/TF1e-3_25x/TF1e-3_25x.rep1.bam.bai
[W::hts_idx_load3] The index file is older than the data file: /bip7_disk/pingting114/mixed_bam/COLO829_PAO/TF1e-3_25x/TF1e-3_25x.rep1.bam.bai
[W::hts_idx_load3] The index file is older than the data file: /bip7_disk/pingting114/mixed_bam/COLO829_PAO/TF1e-3_25x/TF1e-3_25x.rep1.bam.bai
[W::bam_next_basemod] MM tag refers to bases beyond sequence length
[W::bam_next_basemod] MM tag refers to bases beyond sequence length
[W::bam_next_basemod] MM tag refers to bases beyond sequence length
[E::bam_parse_basemod2] ed21e8c9-0455-498b-a35f-cab1a97e952f: MM tag refers to bases beyond sequence length
[W::hts_idx_load3] The index file is older than the data file: /bip7_disk/pingting114/mixed_bam/COLO829_PAO/TF1e-3_25x/TF1e-3_25x.rep1.bam.bai
[W::hts_idx_load3] The index file is older than the data file: /bip7_disk/pingting114/mixed_bam/COLO829_PAO/TF1e-3_25x/TF1e-3_25x.rep1.bam.bai
[W::hts_idx_load3] The index file is older than the data file: /bip7_disk/pingting114/mixed_bam/COLO829_PAO/TF1e-3_25x/TF1e-3_25x.rep1.bam.bai
[W::hts_idx_load3] The index file is older than the data file: /bip7_disk/pingting114/mixed_bam/COLO829_PAO/TF1e-3_25x/TF1e-3_25x.rep1.bam.bai
[W::hts_idx_load3] The index file is older than the data file: /bip7_disk/pingting114/mixed_bam/COLO829_PAO/TF1e-3_25x/TF1e-3_25x.rep1.bam.bai
[W::hts_idx_load3] The index file is older than the data file: /bip7_disk/pingting114/mixed_bam/COLO829_PAO/TF1e-3_25x/TF1e-3_25x.rep1.bam.bai
[W::hts_idx_load3] The index file is older than the data file: /bip7_disk/pingting114/mixed_bam/COLO829_PAO/TF1e-3_25x/TF1e-3_25x.rep1.bam.bai
[W::hts_idx_load3] The index file is older than the data file: /bip7_disk/pingting114/mixed_bam/COLO829_PAO/TF1e-3_25x/TF1e-3_25x.rep1.bam.bai
[W::bam_next_basemod] MM tag refers to bases beyond sequence length
[E::bam_parse_basemod2] e9b338da-fc4b-484b-a024-be5bf9080ad3: MM tag refers to bases beyond sequence length
[W::hts_idx_load3] The index file is older than the data file: /bip7_disk/pingting114/mixed_bam/COLO829_PAO/TF1e-3_25x/TF1e-3_25x.rep1.bam.bai
[W::hts_idx_load3] The index file is older than the data file: /bip7_disk/pingting114/mixed_bam/COLO829_PAO/TF1e-3_25x/TF1e-3_25x.rep1.bam.bai
[W::bam_next_basemod] MM tag refers to bases beyond sequence length
[W::hts_idx_load3] The index file is older than the data file: /bip7_disk/pingting114/mixed_bam/COLO829_PAO/TF1e-3_25x/TF1e-3_25x.rep1.bam.bai
[W::bam_next_basemod] MM tag refers to bases beyond sequence length
[W::hts_idx_load3] The index file is older than the data file: /bip7_disk/pingting114/mixed_bam/COLO829_PAO/TF1e-3_25x/TF1e-3_25x.rep1.bam.bai
[W::hts_idx_load3] The index file is older than the data file: /bip7_disk/pingting114/mixed_bam/COLO829_PAO/TF1e-3_25x/TF1e-3_25x.rep1.bam.bai
[W::hts_idx_load3] The index file is older than the data file: /bip7_disk/pingting114/mixed_bam/COLO829_PAO/TF1e-3_25x/TF1e-3_25x.rep1.bam.bai
[W::hts_idx_load3] The index file is older than the data file: /bip7_disk/pingting114/mixed_bam/COLO829_PAO/TF1e-3_25x/TF1e-3_25x.rep1.bam.bai
[W::hts_idx_load3] The index file is older than the data file: /bip7_disk/pingting114/mixed_bam/COLO829_PAO/TF1e-3_25x/TF1e-3_25x.rep1.bam.bai
[W::hts_idx_load3] The index file is older than the data file: /bip7_disk/pingting114/mixed_bam/COLO829_PAO/TF1e-3_25x/TF1e-3_25x.rep1.bam.bai
[W::hts_idx_load3] The index file is older than the data file: /bip7_disk/pingting114/mixed_bam/COLO829_PAO/TF1e-3_25x/TF1e-3_25x.rep1.bam.bai
[W::bam_next_basemod] MM tag refers to bases beyond sequence length
[W::hts_idx_load3] The index file is older than the data file: /bip7_disk/pingting114/mixed_bam/COLO829_PAO/TF1e-3_25x/TF1e-3_25x.rep1.bam.bai
[W::hts_idx_load3] The index file is older than the data file: /bip7_disk/pingting114/mixed_bam/COLO829_PAO/TF1e-3_25x/TF1e-3_25x.rep1.bam.bai
[W::hts_idx_load3] The index file is older than the data file: /bip7_disk/pingting114/mixed_bam/COLO829_PAO/TF1e-3_25x/TF1e-3_25x.rep1.bam.bai
[W::hts_idx_load3] The index file is older than the data file: /bip7_disk/pingting114/mixed_bam/COLO829_PAO/TF1e-3_25x/TF1e-3_25x.rep1.bam.bai
[W::hts_idx_load3] The index file is older than the data file: /bip7_disk/pingting114/mixed_bam/COLO829_PAO/TF1e-3_25x/TF1e-3_25x.rep1.bam.bai
[W::bam_next_basemod] MM tag refers to bases beyond sequence length
[W::hts_idx_load3] The index file is older than the data file: /bip7_disk/pingting114/mixed_bam/COLO829_PAO/TF1e-3_25x/TF1e-3_25x.rep1.bam.bai
[W::hts_idx_load3] The index file is older than the data file: /bip7_disk/pingting114/mixed_bam/COLO829_PAO/TF1e-3_25x/TF1e-3_25x.rep1.bam.bai
[W::hts_idx_load3] The index file is older than the data file: /bip7_disk/pingting114/mixed_bam/COLO829_PAO/TF1e-3_25x/TF1e-3_25x.rep1.bam.bai
[W::bam_next_basemod] MM tag refers to bases beyond sequence length
[W::hts_idx_load3] The index file is older than the data file: /bip7_disk/pingting114/mixed_bam/COLO829_PAO/TF1e-3_25x/TF1e-3_25x.rep1.bam.bai
[W::hts_idx_load3] The index file is older than the data file: /bip7_disk/pingting114/mixed_bam/COLO829_PAO/TF1e-3_25x/TF1e-3_25x.rep1.bam.bai
[E::bam_parse_basemod2] b8c3a4f8-eed5-4641-90dc-1824f7da226d: MM tag refers to bases beyond sequence length
[W::bam_next_basemod] MM tag refers to bases beyond sequence length
[W::hts_idx_load3] The index file is older than the data file: /bip7_disk/pingting114/mixed_bam/COLO829_PAO/TF1e-3_25x/TF1e-3_25x.rep1.bam.bai
[W::bam_next_basemod] MM tag refers to bases beyond sequence length
[W::hts_idx_load3] The index file is older than the data file: /bip7_disk/pingting114/mixed_bam/COLO829_PAO/TF1e-3_25x/TF1e-3_25x.rep1.bam.bai
[W::hts_idx_load3] The index file is older than the data file: /bip7_disk/pingting114/mixed_bam/COLO829_PAO/TF1e-3_25x/TF1e-3_25x.rep1.bam.bai
[W::hts_idx_load3] The index file is older than the data file: /bip7_disk/pingting114/mixed_bam/COLO829_PAO/TF1e-3_25x/TF1e-3_25x.rep1.bam.bai
[W::hts_idx_load3] The index file is older than the data file: /bip7_disk/pingting114/mixed_bam/COLO829_PAO/TF1e-3_25x/TF1e-3_25x.rep1.bam.bai
[W::bam_next_basemod] MM tag refers to bases beyond sequence length
[W::hts_idx_load3] The index file is older than the data file: /bip7_disk/pingting114/mixed_bam/COLO829_PAO/TF1e-3_25x/TF1e-3_25x.rep1.bam.bai
[W::hts_idx_load3] The index file is older than the data file: /bip7_disk/pingting114/mixed_bam/COLO829_PAO/TF1e-3_25x/TF1e-3_25x.rep1.bam.bai
  TF1e-3_25x.rep1.bam cand 500/4000
[W::hts_idx_load3] The index file is older than the data file: /bip7_disk/pingting114/mixed_bam/COLO829_PAO/TF1e-3_25x/TF1e-3_25x.rep1.bam.bai
[W::hts_idx_load3] The index file is older than the data file: /bip7_disk/pingting114/mixed_bam/COLO829_PAO/TF1e-3_25x/TF1e-3_25x.rep1.bam.bai
[W::hts_idx_load3] The index file is older than the data file: /bip7_disk/pingting114/mixed_bam/COLO829_PAO/TF1e-3_25x/TF1e-3_25x.rep1.bam.bai
[W::hts_idx_load3] The index file is older than the data file: /bip7_disk/pingting114/mixed_bam/COLO829_PAO/TF1e-3_25x/TF1e-3_25x.rep1.bam.bai
[W::hts_idx_load3] The index file is older than the data file: /bip7_disk/pingting114/mixed_bam/COLO829_PAO/TF1e-3_25x/TF1e-3_25x.rep1.bam.bai
[W::hts_idx_load3] The index file is older than the data file: /bip7_disk/pingting114/mixed_bam/COLO829_PAO/TF1e-3_25x/TF1e-3_25x.rep1.bam.bai
[E::bam_parse_basemod2] 3696e6a2-42e3-4c41-8e58-92478a112cb3: MM tag refers to bases beyond sequence length
[W::hts_idx_load3] The index file is older than the data file: /bip7_disk/pingting114/mixed_bam/COLO829_PAO/TF1e-3_25x/TF1e-3_25x.rep1.bam.bai
[W::hts_idx_load3] The index file is older than the data file: /bip7_disk/pingting114/mixed_bam/COLO829_PAO/TF1e-3_25x/TF1e-3_25x.rep1.bam.bai
[W::hts_idx_load3] The index file is older than the data file: /bip7_disk/pingting114/mixed_bam/COLO829_PAO/TF1e-3_25x/TF1e-3_25x.rep1.bam.bai
[W::bam_next_basemod] MM tag refers to bases beyond sequence length
[W::hts_idx_load3] The index file is older than the data file: /bip7_disk/pingting114/mixed_bam/COLO829_PAO/TF1e-3_25x/TF1e-3_25x.rep1.bam.bai
[W::hts_idx_load3] The index file is older than the data file: /bip7_disk/pingting114/mixed_bam/COLO829_PAO/TF1e-3_25x/TF1e-3_25x.rep1.bam.bai
[W::hts_idx_load3] The index file is older than the data file: /bip7_disk/pingting114/mixed_bam/COLO829_PAO/TF1e-3_25x/TF1e-3_25x.rep1.bam.bai
[W::hts_idx_load3] The index file is older than the data file: /bip7_disk/pingting114/mixed_bam/COLO829_PAO/TF1e-3_25x/TF1e-3_25x.rep1.bam.bai
[W::hts_idx_load3] The index file is older than the data file: /bip7_disk/pingting114/mixed_bam/COLO829_PAO/TF1e-3_25x/TF1e-3_25x.rep1.bam.bai
[W::hts_idx_load3] The index file is older than the data file: /bip7_disk/pingting114/mixed_bam/COLO829_PAO/TF1e-3_25x/TF1e-3_25x.rep1.bam.bai
[W::hts_idx_load3] The index file is older than the data file: /bip7_disk/pingting114/mixed_bam/COLO829_PAO/TF1e-3_25x/TF1e-3_25x.rep1.bam.bai
[W::hts_idx_load3] The index file is older than the data file: /bip7_disk/pingting114/mixed_bam/COLO829_PAO/TF1e-3_25x/TF1e-3_25x.rep1.bam.bai
[W::bam_next_basemod] MM tag refers to bases beyond sequence length
[W::hts_idx_load3] The index file is older than the data file: /bip7_disk/pingting114/mixed_bam/COLO829_PAO/TF1e-3_25x/TF1e-3_25x.rep1.bam.bai
[W::hts_idx_load3] The index file is older than the data file: /bip7_disk/pingting114/mixed_bam/COLO829_PAO/TF1e-3_25x/TF1e-3_25x.rep1.bam.bai
[W::hts_idx_load3] The index file is older than the data file: /bip7_disk/pingting114/mixed_bam/COLO829_PAO/TF1e-3_25x/TF1e-3_25x.rep1.bam.bai
[W::hts_idx_load3] The index file is older than the data file: /bip7_disk/pingting114/mixed_bam/COLO829_PAO/TF1e-3_25x/TF1e-3_25x.rep1.bam.bai
[W::hts_idx_load3] The index file is older than the data file: /bip7_disk/pingting114/mixed_bam/COLO829_PAO/TF1e-3_25x/TF1e-3_25x.rep1.bam.bai
[W::hts_idx_load3] The index file is older than the data file: /bip7_disk/pingting114/mixed_bam/COLO829_PAO/TF1e-3_25x/TF1e-3_25x.rep1.bam.bai
[W::bam_next_basemod] MM tag refers to bases beyond sequence length
[W::bam_next_basemod] MM tag refers to bases beyond sequence length
[W::hts_idx_load3] The index file is older than the data file: /bip7_disk/pingting114/mixed_bam/COLO829_PAO/TF1e-3_25x/TF1e-3_25x.rep1.bam.bai
[W::hts_idx_load3] The index file is older than the data file: /bip7_disk/pingting114/mixed_bam/COLO829_PAO/TF1e-3_25x/TF1e-3_25x.rep1.bam.bai
[E::bam_parse_basemod2] cedc71d8-eaed-4a0d-8786-465623b7967c: MM tag refers to bases beyond sequence length
[W::hts_idx_load3] The index file is older than the data file: /bip7_disk/pingting114/mixed_bam/COLO829_PAO/TF1e-3_25x/TF1e-3_25x.rep1.bam.bai
[W::hts_idx_load3] The index file is older than the data file: /bip7_disk/pingting114/mixed_bam/COLO829_PAO/TF1e-3_25x/TF1e-3_25x.rep1.bam.bai
[W::hts_idx_load3] The index file is older than the data file: /bip7_disk/pingting114/mixed_bam/COLO829_PAO/TF1e-3_25x/TF1e-3_25x.rep1.bam.bai
[E::bam_parse_basemod2] 25146193-11f0-43db-b121-55e627cfbcb3: MM tag refers to bases beyond sequence length
[W::hts_idx_load3] The index file is older than the data file: /bip7_disk/pingting114/mixed_bam/COLO829_PAO/TF1e-3_25x/TF1e-3_25x.rep1.bam.bai
[W::hts_idx_load3] The index file is older than the data file: /bip7_disk/pingting114/mixed_bam/COLO829_PAO/TF1e-3_25x/TF1e-3_25x.rep1.bam.bai
[W::hts_idx_load3] The index file is older than the data file: /bip7_disk/pingting114/mixed_bam/COLO829_PAO/TF1e-3_25x/TF1e-3_25x.rep1.bam.bai
[W::bam_next_basemod] MM tag refers to bases beyond sequence length
[W::hts_idx_load3] The index file is older than the data file: /bip7_disk/pingting114/mixed_bam/COLO829_PAO/TF1e-3_25x/TF1e-3_25x.rep1.bam.bai
[W::hts_idx_load3] The index file is older than the data file: /bip7_disk/pingting114/mixed_bam/COLO829_PAO/TF1e-3_25x/TF1e-3_25x.rep1.bam.bai
[W::hts_idx_load3] The index file is older than the data file: /bip7_disk/pingting114/mixed_bam/COLO829_PAO/TF1e-3_25x/TF1e-3_25x.rep1.bam.bai
[W::hts_idx_load3] The index file is older than the data file: /bip7_disk/pingting114/mixed_bam/COLO829_PAO/TF1e-3_25x/TF1e-3_25x.rep1.bam.bai
[E::bam_parse_basemod2] 0661f890-25eb-4c1b-8df3-15fa5e497143: MM tag refers to bases beyond sequence length
[W::hts_idx_load3] The index file is older than the data file: /bip7_disk/pingting114/mixed_bam/COLO829_PAO/TF1e-3_25x/TF1e-3_25x.rep1.bam.bai
[W::bam_next_basemod] MM tag refers to bases beyond sequence length
[W::hts_idx_load3] The index file is older than the data file: /bip7_disk/pingting114/mixed_bam/COLO829_PAO/TF1e-3_25x/TF1e-3_25x.rep1.bam.bai
[W::hts_idx_load3] The index file is older than the data file: /bip7_disk/pingting114/mixed_bam/COLO829_PAO/TF1e-3_25x/TF1e-3_25x.rep1.bam.bai
[E::bam_parse_basemod2] 5ea84471-646d-41ca-bead-145a847bdbd6: MM tag refers to bases beyond sequence length
[W::hts_idx_load3] The index file is older than the data file: /bip7_disk/pingting114/mixed_bam/COLO829_PAO/TF1e-3_25x/TF1e-3_25x.rep1.bam.bai
[W::bam_next_basemod] MM tag refers to bases beyond sequence length
[W::hts_idx_load3] The index file is older than the data file: /bip7_disk/pingting114/mixed_bam/COLO829_PAO/TF1e-3_25x/TF1e-3_25x.rep1.bam.bai
[W::hts_idx_load3] The index file is older than the data file: /bip7_disk/pingting114/mixed_bam/COLO829_PAO/TF1e-3_25x/TF1e-3_25x.rep1.bam.bai
[W::hts_idx_load3] The index file is older than the data file: /bip7_disk/pingting114/mixed_bam/COLO829_PAO/TF1e-3_25x/TF1e-3_25x.rep1.bam.bai
[W::hts_idx_load3] The index file is older than the data file: /bip7_disk/pingting114/mixed_bam/COLO829_PAO/TF1e-3_25x/TF1e-3_25x.rep1.bam.bai
[W::hts_idx_load3] The index file is older than the data file: /bip7_disk/pingting114/mixed_bam/COLO829_PAO/TF1e-3_25x/TF1e-3_25x.rep1.bam.bai
[W::hts_idx_load3] The index file is older than the data file: /bip7_disk/pingting114/mixed_bam/COLO829_PAO/TF1e-3_25x/TF1e-3_25x.rep1.bam.bai
[W::hts_idx_load3] The index file is older than the data file: /bip7_disk/pingting114/mixed_bam/COLO829_PAO/TF1e-3_25x/TF1e-3_25x.rep1.bam.bai
[E::bam_parse_basemod2] e4169427-d4b2-494a-bb23-97403dc5e9e6: MM tag refers to bases beyond sequence length
[E::bam_parse_basemod2] 037a9ddd-3f44-4ee1-9a80-8b313b7a2d97: MM tag refers to bases beyond sequence length
[W::hts_idx_load3] The index file is older than the data file: /bip7_disk/pingting114/mixed_bam/COLO829_PAO/TF1e-3_25x/TF1e-3_25x.rep1.bam.bai
[E::bam_parse_basemod2] 47662837-8023-4f8c-990f-4b5767f30326: MM tag refers to bases beyond sequence length
[W::hts_idx_load3] The index file is older than the data file: /bip7_disk/pingting114/mixed_bam/COLO829_PAO/TF1e-3_25x/TF1e-3_25x.rep1.bam.bai
[W::hts_idx_load3] The index file is older than the data file: /bip7_disk/pingting114/mixed_bam/COLO829_PAO/TF1e-3_25x/TF1e-3_25x.rep1.bam.bai
[W::hts_idx_load3] The index file is older than the data file: /bip7_disk/pingting114/mixed_bam/COLO829_PAO/TF1e-3_25x/TF1e-3_25x.rep1.bam.bai
[W::hts_idx_load3] The index file is older than the data file: /bip7_disk/pingting114/mixed_bam/COLO829_PAO/TF1e-3_25x/TF1e-3_25x.rep1.bam.bai
[W::bam_next_basemod] MM tag refers to bases beyond sequence length
[W::hts_idx_load3] The index file is older than the data file: /bip7_disk/pingting114/mixed_bam/COLO829_PAO/TF1e-3_25x/TF1e-3_25x.rep1.bam.bai
[E::bam_parse_basemod2] ac974801-0c06-4638-98fe-1608dcf8c110: MM tag refers to bases beyond sequence length
[W::hts_idx_load3] The index file is older than the data file: /bip7_disk/pingting114/mixed_bam/COLO829_PAO/TF1e-3_25x/TF1e-3_25x.rep1.bam.bai
[W::hts_idx_load3] The index file is older than the data file: /bip7_disk/pingting114/mixed_bam/COLO829_PAO/TF1e-3_25x/TF1e-3_25x.rep1.bam.bai
[W::hts_idx_load3] The index file is older than the data file: /bip7_disk/pingting114/mixed_bam/COLO829_PAO/TF1e-3_25x/TF1e-3_25x.rep1.bam.bai
[W::hts_idx_load3] The index file is older than the data file: /bip7_disk/pingting114/mixed_bam/COLO829_PAO/TF1e-3_25x/TF1e-3_25x.rep1.bam.bai
[W::hts_idx_load3] The index file is older than the data file: /bip7_disk/pingting114/mixed_bam/COLO829_PAO/TF1e-3_25x/TF1e-3_25x.rep1.bam.bai
[W::hts_idx_load3] The index file is older than the data file: /bip7_disk/pingting114/mixed_bam/COLO829_PAO/TF1e-3_25x/TF1e-3_25x.rep1.bam.bai
[W::bam_next_basemod] MM tag refers to bases beyond sequence length
[E::bam_parse_basemod2] d769a4fb-2b39-4364-8f47-3e60a5f73d2d: MM tag refers to bases beyond sequence length
[E::bam_parse_basemod2] 417bdbcb-82db-4cf3-ab90-3e14013f7fd8: MM tag refers to bases beyond sequence length
[W::hts_idx_load3] The index file is older than the data file: /bip7_disk/pingting114/mixed_bam/COLO829_PAO/TF1e-3_25x/TF1e-3_25x.rep1.bam.bai
[E::bam_parse_basemod2] 5e9c5fd0-b91a-46ed-ab32-a9ca51c79501: MM tag refers to bases beyond sequence length
[W::hts_idx_load3] The index file is older than the data file: /bip7_disk/pingting114/mixed_bam/COLO829_PAO/TF1e-3_25x/TF1e-3_25x.rep1.bam.bai
[E::bam_parse_basemod2] 0f8af832-1db1-4093-9169-3efcaf0ca29b: MM tag refers to bases beyond sequence length
[W::hts_idx_load3] The index file is older than the data file: /bip7_disk/pingting114/mixed_bam/COLO829_PAO/TF1e-3_25x/TF1e-3_25x.rep1.bam.bai
[W::bam_next_basemod] MM tag refers to bases beyond sequence length
[W::hts_idx_load3] The index file is older than the data file: /bip7_disk/pingting114/mixed_bam/COLO829_PAO/TF1e-3_25x/TF1e-3_25x.rep1.bam.bai
[W::hts_idx_load3] The index file is older than the data file: /bip7_disk/pingting114/mixed_bam/COLO829_PAO/TF1e-3_25x/TF1e-3_25x.rep1.bam.bai
[W::bam_next_basemod] MM tag refers to bases beyond sequence length
[W::hts_idx_load3] The index file is older than the data file: /bip7_disk/pingting114/mixed_bam/COLO829_PAO/TF1e-3_25x/TF1e-3_25x.rep1.bam.bai
[W::bam_next_basemod] MM tag refers to bases beyond sequence length
[W::hts_idx_load3] The index file is older than the data file: /bip7_disk/pingting114/mixed_bam/COLO829_PAO/TF1e-3_25x/TF1e-3_25x.rep1.bam.bai
[W::bam_next_basemod] MM tag refers to bases beyond sequence length
[W::bam_next_basemod] MM tag refers to bases beyond sequence length
[E::bam_parse_basemod2] 4ed36851-4915-48a7-9c6e-cb025d3806af: MM tag refers to bases beyond sequence length
[W::hts_idx_load3] The index file is older than the data file: /bip7_disk/pingting114/mixed_bam/COLO829_PAO/TF1e-3_25x/TF1e-3_25x.rep1.bam.bai
[W::hts_idx_load3] The index file is older than the data file: /bip7_disk/pingting114/mixed_bam/COLO829_PAO/TF1e-3_25x/TF1e-3_25x.rep1.bam.bai
[E::bam_parse_basemod2] 68f128f1-4c44-4d16-9f66-1784652baa5f: MM tag refers to bases beyond sequence length
[W::hts_idx_load3] The index file is older than the data file: /bip7_disk/pingting114/mixed_bam/COLO829_PAO/TF1e-3_25x/TF1e-3_25x.rep1.bam.bai
[W::hts_idx_load3] The index file is older than the data file: /bip7_disk/pingting114/mixed_bam/COLO829_PAO/TF1e-3_25x/TF1e-3_25x.rep1.bam.bai
[E::bam_parse_basemod2] 2a7520fd-927a-450d-a164-c8d985ad477d: MM tag refers to bases beyond sequence length
[W::hts_idx_load3] The index file is older than the data file: /bip7_disk/pingting114/mixed_bam/COLO829_PAO/TF1e-3_25x/TF1e-3_25x.rep1.bam.bai
[W::hts_idx_load3] The index file is older than the data file: /bip7_disk/pingting114/mixed_bam/COLO829_PAO/TF1e-3_25x/TF1e-3_25x.rep1.bam.bai
[W::hts_idx_load3] The index file is older than the data file: /bip7_disk/pingting114/mixed_bam/COLO829_PAO/TF1e-3_25x/TF1e-3_25x.rep1.bam.bai
[E::bam_parse_basemod2] e7b6229d-fedd-4229-93ea-88085f7abe2f: MM tag refers to bases beyond sequence length
[W::hts_idx_load3] The index file is older than the data file: /bip7_disk/pingting114/mixed_bam/COLO829_PAO/TF1e-3_25x/TF1e-3_25x.rep1.bam.bai
[W::hts_idx_load3] The index file is older than the data file: /bip7_disk/pingting114/mixed_bam/COLO829_PAO/TF1e-3_25x/TF1e-3_25x.rep1.bam.bai
[W::hts_idx_load3] The index file is older than the data file: /bip7_disk/pingting114/mixed_bam/COLO829_PAO/TF1e-3_25x/TF1e-3_25x.rep1.bam.bai
[E::bam_parse_basemod2] bf3103b0-bf67-4689-a451-d74b10791e1c: MM tag refers to bases beyond sequence length
[W::bam_next_basemod] MM tag refers to bases beyond sequence length
[W::hts_idx_load3] The index file is older than the data file: /bip7_disk/pingting114/mixed_bam/COLO829_PAO/TF1e-3_25x/TF1e-3_25x.rep1.bam.bai
[W::hts_idx_load3] The index file is older than the data file: /bip7_disk/pingting114/mixed_bam/COLO829_PAO/TF1e-3_25x/TF1e-3_25x.rep1.bam.bai
[W::hts_idx_load3] The index file is older than the data file: /bip7_disk/pingting114/mixed_bam/COLO829_PAO/TF1e-3_25x/TF1e-3_25x.rep1.bam.bai
[W::hts_idx_load3] The index file is older than the data file: /bip7_disk/pingting114/mixed_bam/COLO829_PAO/TF1e-3_25x/TF1e-3_25x.rep1.bam.bai
[E::bam_parse_basemod2] 3b8a22eb-26cf-4f44-920e-7e530b6af40a: MM tag refers to bases beyond sequence length
[W::hts_idx_load3] The index file is older than the data file: /bip7_disk/pingting114/mixed_bam/COLO829_PAO/TF1e-3_25x/TF1e-3_25x.rep1.bam.bai
[W::hts_idx_load3] The index file is older than the data file: /bip7_disk/pingting114/mixed_bam/COLO829_PAO/TF1e-3_25x/TF1e-3_25x.rep1.bam.bai
[W::hts_idx_load3] The index file is older than the data file: /bip7_disk/pingting114/mixed_bam/COLO829_PAO/TF1e-3_25x/TF1e-3_25x.rep1.bam.bai
[W::hts_idx_load3] The index file is older than the data file: /bip7_disk/pingting114/mixed_bam/COLO829_PAO/TF1e-3_25x/TF1e-3_25x.rep1.bam.bai
[E::bam_parse_basemod2] 99816d3b-64c7-4107-acb7-a506ab2078d7: MM tag refers to bases beyond sequence length
[W::bam_next_basemod] MM tag refers to bases beyond sequence length
[W::hts_idx_load3] The index file is older than the data file: /bip7_disk/pingting114/mixed_bam/COLO829_PAO/TF1e-3_25x/TF1e-3_25x.rep1.bam.bai
[W::hts_idx_load3] The index file is older than the data file: /bip7_disk/pingting114/mixed_bam/COLO829_PAO/TF1e-3_25x/TF1e-3_25x.rep1.bam.bai
[E::bam_parse_basemod2] 9382a862-24a2-4d6a-9e8d-25a8883d8339: MM tag refers to bases beyond sequence length
[W::hts_idx_load3] The index file is older than the data file: /bip7_disk/pingting114/mixed_bam/COLO829_PAO/TF1e-3_25x/TF1e-3_25x.rep1.bam.bai
[W::hts_idx_load3] The index file is older than the data file: /bip7_disk/pingting114/mixed_bam/COLO829_PAO/TF1e-3_25x/TF1e-3_25x.rep1.bam.bai
[W::hts_idx_load3] The index file is older than the data file: /bip7_disk/pingting114/mixed_bam/COLO829_PAO/TF1e-3_25x/TF1e-3_25x.rep1.bam.bai
[W::hts_idx_load3] The index file is older than the data file: /bip7_disk/pingting114/mixed_bam/COLO829_PAO/TF1e-3_25x/TF1e-3_25x.rep1.bam.bai
[E::bam_parse_basemod2] 836e1107-a5e4-431b-82d8-0b9d30ed81a0: MM tag refers to bases beyond sequence length
[W::hts_idx_load3] The index file is older than the data file: /bip7_disk/pingting114/mixed_bam/COLO829_PAO/TF1e-3_25x/TF1e-3_25x.rep1.bam.bai
[W::hts_idx_load3] The index file is older than the data file: /bip7_disk/pingting114/mixed_bam/COLO829_PAO/TF1e-3_25x/TF1e-3_25x.rep1.bam.bai
[W::hts_idx_load3] The index file is older than the data file: /bip7_disk/pingting114/mixed_bam/COLO829_PAO/TF1e-3_25x/TF1e-3_25x.rep1.bam.bai
[W::hts_idx_load3] The index file is older than the data file: /bip7_disk/pingting114/mixed_bam/COLO829_PAO/TF1e-3_25x/TF1e-3_25x.rep1.bam.bai
[W::hts_idx_load3] The index file is older than the data file: /bip7_disk/pingting114/mixed_bam/COLO829_PAO/TF1e-3_25x/TF1e-3_25x.rep1.bam.bai
[W::bam_next_basemod] MM tag refers to bases beyond sequence length
[W::hts_idx_load3] The index file is older than the data file: /bip7_disk/pingting114/mixed_bam/COLO829_PAO/TF1e-3_25x/TF1e-3_25x.rep1.bam.bai
[W::bam_next_basemod] MM tag refers to bases beyond sequence length
[W::bam_next_basemod] MM tag refers to bases beyond sequence length
[W::hts_idx_load3] The index file is older than the data file: /bip7_disk/pingting114/mixed_bam/COLO829_PAO/TF1e-3_25x/TF1e-3_25x.rep1.bam.bai
[W::hts_idx_load3] The index file is older than the data file: /bip7_disk/pingting114/mixed_bam/COLO829_PAO/TF1e-3_25x/TF1e-3_25x.rep1.bam.bai
[W::hts_idx_load3] The index file is older than the data file: /bip7_disk/pingting114/mixed_bam/COLO829_PAO/TF1e-3_25x/TF1e-3_25x.rep1.bam.bai
[W::bam_next_basemod] MM tag refers to bases beyond sequence length
[W::hts_idx_load3] The index file is older than the data file: /bip7_disk/pingting114/mixed_bam/COLO829_PAO/TF1e-3_25x/TF1e-3_25x.rep1.bam.bai
[W::hts_idx_load3] The index file is older than the data file: /bip7_disk/pingting114/mixed_bam/COLO829_PAO/TF1e-3_25x/TF1e-3_25x.rep1.bam.bai
[W::hts_idx_load3] The index file is older than the data file: /bip7_disk/pingting114/mixed_bam/COLO829_PAO/TF1e-3_25x/TF1e-3_25x.rep1.bam.bai
[W::hts_idx_load3] The index file is older than the data file: /bip7_disk/pingting114/mixed_bam/COLO829_PAO/TF1e-3_25x/TF1e-3_25x.rep1.bam.bai
[E::bam_parse_basemod2] fa6007f0-7bdf-49f7-99e5-773a219ffc86: MM tag refers to bases beyond sequence length
[E::bam_parse_basemod2] 996a9b5b-af2a-4ad3-a4a7-b5a4470450e6: MM tag refers to bases beyond sequence length
[W::hts_idx_load3] The index file is older than the data file: /bip7_disk/pingting114/mixed_bam/COLO829_PAO/TF1e-3_25x/TF1e-3_25x.rep1.bam.bai
[W::hts_idx_load3] The index file is older than the data file: /bip7_disk/pingting114/mixed_bam/COLO829_PAO/TF1e-3_25x/TF1e-3_25x.rep1.bam.bai
[W::bam_next_basemod] MM tag refers to bases beyond sequence length
[W::bam_next_basemod] MM tag refers to bases beyond sequence length
[W::hts_idx_load3] The index file is older than the data file: /bip7_disk/pingting114/mixed_bam/COLO829_PAO/TF1e-3_25x/TF1e-3_25x.rep1.bam.bai
[W::hts_idx_load3] The index file is older than the data file: /bip7_disk/pingting114/mixed_bam/COLO829_PAO/TF1e-3_25x/TF1e-3_25x.rep1.bam.bai
[E::bam_parse_basemod2] 9a19c99c-0a12-419a-9bfb-58db1da0785f: MM tag refers to bases beyond sequence length
[E::bam_parse_basemod2] 3a075474-64d2-4c5a-a8e8-00dfe48d4107: MM tag refers to bases beyond sequence length
[W::hts_idx_load3] The index file is older than the data file: /bip7_disk/pingting114/mixed_bam/COLO829_PAO/TF1e-3_25x/TF1e-3_25x.rep1.bam.bai
[W::hts_idx_load3] The index file is older than the data file: /bip7_disk/pingting114/mixed_bam/COLO829_PAO/TF1e-3_25x/TF1e-3_25x.rep1.bam.bai
[W::hts_idx_load3] The index file is older than the data file: /bip7_disk/pingting114/mixed_bam/COLO829_PAO/TF1e-3_25x/TF1e-3_25x.rep1.bam.bai
[E::bam_parse_basemod2] 37314c00-8207-4c8c-ab9b-64fb92ab6175: MM tag refers to bases beyond sequence length
[W::hts_idx_load3] The index file is older than the data file: /bip7_disk/pingting114/mixed_bam/COLO829_PAO/TF1e-3_25x/TF1e-3_25x.rep1.bam.bai
[W::bam_next_basemod] MM tag refers to bases beyond sequence length
[E::bam_parse_basemod2] d9d2108c-108d-4f28-9b63-33a6d6171c58: MM tag refers to bases beyond sequence length
[W::hts_idx_load3] The index file is older than the data file: /bip7_disk/pingting114/mixed_bam/COLO829_PAO/TF1e-3_25x/TF1e-3_25x.rep1.bam.bai
[E::bam_parse_basemod2] 23df8b92-37c6-4e2f-ad2f-4ba13c7efcff: MM tag refers to bases beyond sequence length
[W::hts_idx_load3] The index file is older than the data file: /bip7_disk/pingting114/mixed_bam/COLO829_PAO/TF1e-3_25x/TF1e-3_25x.rep1.bam.bai
[W::hts_idx_load3] The index file is older than the data file: /bip7_disk/pingting114/mixed_bam/COLO829_PAO/TF1e-3_25x/TF1e-3_25x.rep1.bam.bai
[E::bam_parse_basemod2] df3d9aeb-865a-4e6e-b690-bc13955fc849: MM tag refers to bases beyond sequence length
[W::bam_next_basemod] MM tag refers to bases beyond sequence length
[W::hts_idx_load3] The index file is older than the data file: /bip7_disk/pingting114/mixed_bam/COLO829_PAO/TF1e-3_25x/TF1e-3_25x.rep1.bam.bai
[W::hts_idx_load3] The index file is older than the data file: /bip7_disk/pingting114/mixed_bam/COLO829_PAO/TF1e-3_25x/TF1e-3_25x.rep1.bam.bai
[W::hts_idx_load3] The index file is older than the data file: /bip7_disk/pingting114/mixed_bam/COLO829_PAO/TF1e-3_25x/TF1e-3_25x.rep1.bam.bai
[W::hts_idx_load3] The index file is older than the data file: /bip7_disk/pingting114/mixed_bam/COLO829_PAO/TF1e-3_25x/TF1e-3_25x.rep1.bam.bai
[E::bam_parse_basemod2] fc4798db-2659-47d3-9710-c6b80d27319d: MM tag refers to bases beyond sequence length
[W::hts_idx_load3] The index file is older than the data file: /bip7_disk/pingting114/mixed_bam/COLO829_PAO/TF1e-3_25x/TF1e-3_25x.rep1.bam.bai
[W::hts_idx_load3] The index file is older than the data file: /bip7_disk/pingting114/mixed_bam/COLO829_PAO/TF1e-3_25x/TF1e-3_25x.rep1.bam.bai
[W::bam_next_basemod] MM tag refers to bases beyond sequence length
[W::bam_next_basemod] MM tag refers to bases beyond sequence length
[W::hts_idx_load3] The index file is older than the data file: /bip7_disk/pingting114/mixed_bam/COLO829_PAO/TF1e-3_25x/TF1e-3_25x.rep1.bam.bai
[E::bam_parse_basemod2] 0f369f36-30f2-4e08-b5f7-fe34f67892ed: MM tag refers to bases beyond sequence length
[W::hts_idx_load3] The index file is older than the data file: /bip7_disk/pingting114/mixed_bam/COLO829_PAO/TF1e-3_25x/TF1e-3_25x.rep1.bam.bai
[E::bam_parse_basemod2] ae18b132-bacf-4b9e-ada4-0546e7443dbc: MM tag refers to bases beyond sequence length
[W::hts_idx_load3] The index file is older than the data file: /bip7_disk/pingting114/mixed_bam/COLO829_PAO/TF1e-3_25x/TF1e-3_25x.rep1.bam.bai
[E::bam_parse_basemod2] 3d126e59-aad6-43aa-b8d3-7f9d0c290b26: MM tag refers to bases beyond sequence length
[W::hts_idx_load3] The index file is older than the data file: /bip7_disk/pingting114/mixed_bam/COLO829_PAO/TF1e-3_25x/TF1e-3_25x.rep1.bam.bai
[W::hts_idx_load3] The index file is older than the data file: /bip7_disk/pingting114/mixed_bam/COLO829_PAO/TF1e-3_25x/TF1e-3_25x.rep1.bam.bai
[W::hts_idx_load3] The index file is older than the data file: /bip7_disk/pingting114/mixed_bam/COLO829_PAO/TF1e-3_25x/TF1e-3_25x.rep1.bam.bai
[W::bam_next_basemod] MM tag refers to bases beyond sequence length
[W::hts_idx_load3] The index file is older than the data file: /bip7_disk/pingting114/mixed_bam/COLO829_PAO/TF1e-3_25x/TF1e-3_25x.rep1.bam.bai
[W::hts_idx_load3] The index file is older than the data file: /bip7_disk/pingting114/mixed_bam/COLO829_PAO/TF1e-3_25x/TF1e-3_25x.rep1.bam.bai
[W::hts_idx_load3] The index file is older than the data file: /bip7_disk/pingting114/mixed_bam/COLO829_PAO/TF1e-3_25x/TF1e-3_25x.rep1.bam.bai
[W::hts_idx_load3] The index file is older than the data file: /bip7_disk/pingting114/mixed_bam/COLO829_PAO/TF1e-3_25x/TF1e-3_25x.rep1.bam.bai
[W::hts_idx_load3] The index file is older than the data file: /bip7_disk/pingting114/mixed_bam/COLO829_PAO/TF1e-3_25x/TF1e-3_25x.rep1.bam.bai
[W::hts_idx_load3] The index file is older than the data file: /bip7_disk/pingting114/mixed_bam/COLO829_PAO/TF1e-3_25x/TF1e-3_25x.rep1.bam.bai
[W::hts_idx_load3] The index file is older than the data file: /bip7_disk/pingting114/mixed_bam/COLO829_PAO/TF1e-3_25x/TF1e-3_25x.rep1.bam.bai
[W::hts_idx_load3] The index file is older than the data file: /bip7_disk/pingting114/mixed_bam/COLO829_PAO/TF1e-3_25x/TF1e-3_25x.rep1.bam.bai
[W::bam_next_basemod] MM tag refers to bases beyond sequence length
[W::bam_next_basemod] MM tag refers to bases beyond sequence length
[W::hts_idx_load3] The index file is older than the data file: /bip7_disk/pingting114/mixed_bam/COLO829_PAO/TF1e-3_25x/TF1e-3_25x.rep1.bam.bai
[W::hts_idx_load3] The index file is older than the data file: /bip7_disk/pingting114/mixed_bam/COLO829_PAO/TF1e-3_25x/TF1e-3_25x.rep1.bam.bai
[W::hts_idx_load3] The index file is older than the data file: /bip7_disk/pingting114/mixed_bam/COLO829_PAO/TF1e-3_25x/TF1e-3_25x.rep1.bam.bai
[W::hts_idx_load3] The index file is older than the data file: /bip7_disk/pingting114/mixed_bam/COLO829_PAO/TF1e-3_25x/TF1e-3_25x.rep1.bam.bai
[W::hts_idx_load3] The index file is older than the data file: /bip7_disk/pingting114/mixed_bam/COLO829_PAO/TF1e-3_25x/TF1e-3_25x.rep1.bam.bai
[W::hts_idx_load3] The index file is older than the data file: /bip7_disk/pingting114/mixed_bam/COLO829_PAO/TF1e-3_25x/TF1e-3_25x.rep1.bam.bai
[W::hts_idx_load3] The index file is older than the data file: /bip7_disk/pingting114/mixed_bam/COLO829_PAO/TF1e-3_25x/TF1e-3_25x.rep1.bam.bai
[E::bam_parse_basemod2] c0b71081-2afa-456c-9769-f1d8c206d6f7: MM tag refers to bases beyond sequence length
[W::hts_idx_load3] The index file is older than the data file: /bip7_disk/pingting114/mixed_bam/COLO829_PAO/TF1e-3_25x/TF1e-3_25x.rep1.bam.bai
[W::hts_idx_load3] The index file is older than the data file: /bip7_disk/pingting114/mixed_bam/COLO829_PAO/TF1e-3_25x/TF1e-3_25x.rep1.bam.bai
[W::hts_idx_load3] The index file is older than the data file: /bip7_disk/pingting114/mixed_bam/COLO829_PAO/TF1e-3_25x/TF1e-3_25x.rep1.bam.bai
[E::bam_parse_basemod2] fe794356-dd34-44e9-a692-855a3fb69eb9: MM tag refers to bases beyond sequence length
[W::hts_idx_load3] The index file is older than the data file: /bip7_disk/pingting114/mixed_bam/COLO829_PAO/TF1e-3_25x/TF1e-3_25x.rep1.bam.bai
[E::bam_parse_basemod2] 3b8c1106-d0ed-442e-baaf-4ce64d8d0256: MM tag refers to bases beyond sequence length
[W::hts_idx_load3] The index file is older than the data file: /bip7_disk/pingting114/mixed_bam/COLO829_PAO/TF1e-3_25x/TF1e-3_25x.rep1.bam.bai
[W::hts_idx_load3] The index file is older than the data file: /bip7_disk/pingting114/mixed_bam/COLO829_PAO/TF1e-3_25x/TF1e-3_25x.rep1.bam.bai
[W::hts_idx_load3] The index file is older than the data file: /bip7_disk/pingting114/mixed_bam/COLO829_PAO/TF1e-3_25x/TF1e-3_25x.rep1.bam.bai
[E::bam_parse_basemod2] 2acf16d4-c1a5-494f-9811-5498fd56cbc9: MM tag refers to bases beyond sequence length
[W::hts_idx_load3] The index file is older than the data file: /bip7_disk/pingting114/mixed_bam/COLO829_PAO/TF1e-3_25x/TF1e-3_25x.rep1.bam.bai
[E::bam_parse_basemod2] 8e607117-f5b1-43aa-9980-481352c1831a: MM tag refers to bases beyond sequence length
[W::hts_idx_load3] The index file is older than the data file: /bip7_disk/pingting114/mixed_bam/COLO829_PAO/TF1e-3_25x/TF1e-3_25x.rep1.bam.bai
[W::bam_next_basemod] MM tag refers to bases beyond sequence length
[W::hts_idx_load3] The index file is older than the data file: /bip7_disk/pingting114/mixed_bam/COLO829_PAO/TF1e-3_25x/TF1e-3_25x.rep1.bam.bai
[W::hts_idx_load3] The index file is older than the data file: /bip7_disk/pingting114/mixed_bam/COLO829_PAO/TF1e-3_25x/TF1e-3_25x.rep1.bam.bai
[W::hts_idx_load3] The index file is older than the data file: /bip7_disk/pingting114/mixed_bam/COLO829_PAO/TF1e-3_25x/TF1e-3_25x.rep1.bam.bai
[W::hts_idx_load3] The index file is older than the data file: /bip7_disk/pingting114/mixed_bam/COLO829_PAO/TF1e-3_25x/TF1e-3_25x.rep1.bam.bai
[W::hts_idx_load3] The index file is older than the data file: /bip7_disk/pingting114/mixed_bam/COLO829_PAO/TF1e-3_25x/TF1e-3_25x.rep1.bam.bai
[W::bam_next_basemod] MM tag refers to bases beyond sequence length
[W::hts_idx_load3] The index file is older than the data file: /bip7_disk/pingting114/mixed_bam/COLO829_PAO/TF1e-3_25x/TF1e-3_25x.rep1.bam.bai
[W::bam_next_basemod] MM tag refers to bases beyond sequence length
[E::bam_parse_basemod2] bdb15c33-7622-4d3c-947e-16633e15114c: MM tag refers to bases beyond sequence length
[W::hts_idx_load3] The index file is older than the data file: /bip7_disk/pingting114/mixed_bam/COLO829_PAO/TF1e-3_25x/TF1e-3_25x.rep1.bam.bai
[E::bam_parse_basemod2] 8616d732-1ff4-4110-879c-60b209065d98: MM tag refers to bases beyond sequence length
[W::hts_idx_load3] The index file is older than the data file: /bip7_disk/pingting114/mixed_bam/COLO829_PAO/TF1e-3_25x/TF1e-3_25x.rep1.bam.bai
[W::hts_idx_load3] The index file is older than the data file: /bip7_disk/pingting114/mixed_bam/COLO829_PAO/TF1e-3_25x/TF1e-3_25x.rep1.bam.bai
[E::bam_parse_basemod2] 3f1088bb-cb2b-46f6-9416-0f9ce0dc88a8: MM tag refers to bases beyond sequence length
[W::bam_next_basemod] MM tag refers to bases beyond sequence length
[W::hts_idx_load3] The index file is older than the data file: /bip7_disk/pingting114/mixed_bam/COLO829_PAO/TF1e-3_25x/TF1e-3_25x.rep1.bam.bai
[W::hts_idx_load3] The index file is older than the data file: /bip7_disk/pingting114/mixed_bam/COLO829_PAO/TF1e-3_25x/TF1e-3_25x.rep1.bam.bai
[W::hts_idx_load3] The index file is older than the data file: /bip7_disk/pingting114/mixed_bam/COLO829_PAO/TF1e-3_25x/TF1e-3_25x.rep1.bam.bai
[W::hts_idx_load3] The index file is older than the data file: /bip7_disk/pingting114/mixed_bam/COLO829_PAO/TF1e-3_25x/TF1e-3_25x.rep1.bam.bai
[W::hts_idx_load3] The index file is older than the data file: /bip7_disk/pingting114/mixed_bam/COLO829_PAO/TF1e-3_25x/TF1e-3_25x.rep1.bam.bai
[W::hts_idx_load3] The index file is older than the data file: /bip7_disk/pingting114/mixed_bam/COLO829_PAO/TF1e-3_25x/TF1e-3_25x.rep1.bam.bai
[W::hts_idx_load3] The index file is older than the data file: /bip7_disk/pingting114/mixed_bam/COLO829_PAO/TF1e-3_25x/TF1e-3_25x.rep1.bam.bai
[W::hts_idx_load3] The index file is older than the data file: /bip7_disk/pingting114/mixed_bam/COLO829_PAO/TF1e-3_25x/TF1e-3_25x.rep1.bam.bai
[E::bam_parse_basemod2] 1b9c2eb0-3484-46da-a2ec-7487fb964c53: MM tag refers to bases beyond sequence length
[W::hts_idx_load3] The index file is older than the data file: /bip7_disk/pingting114/mixed_bam/COLO829_PAO/TF1e-3_25x/TF1e-3_25x.rep1.bam.bai
[W::hts_idx_load3] The index file is older than the data file: /bip7_disk/pingting114/mixed_bam/COLO829_PAO/TF1e-3_25x/TF1e-3_25x.rep1.bam.bai
[E::bam_parse_basemod2] 58397e8a-937e-4a91-8d3b-85624e664ab8: MM tag refers to bases beyond sequence length
[W::hts_idx_load3] The index file is older than the data file: /bip7_disk/pingting114/mixed_bam/COLO829_PAO/TF1e-3_25x/TF1e-3_25x.rep1.bam.bai
[W::hts_idx_load3] The index file is older than the data file: /bip7_disk/pingting114/mixed_bam/COLO829_PAO/TF1e-3_25x/TF1e-3_25x.rep1.bam.bai
[W::hts_idx_load3] The index file is older than the data file: /bip7_disk/pingting114/mixed_bam/COLO829_PAO/TF1e-3_25x/TF1e-3_25x.rep1.bam.bai
[W::hts_idx_load3] The index file is older than the data file: /bip7_disk/pingting114/mixed_bam/COLO829_PAO/TF1e-3_25x/TF1e-3_25x.rep1.bam.bai
[W::hts_idx_load3] The index file is older than the data file: /bip7_disk/pingting114/mixed_bam/COLO829_PAO/TF1e-3_25x/TF1e-3_25x.rep1.bam.bai
[W::hts_idx_load3] The index file is older than the data file: /bip7_disk/pingting114/mixed_bam/COLO829_PAO/TF1e-3_25x/TF1e-3_25x.rep1.bam.bai
[W::hts_idx_load3] The index file is older than the data file: /bip7_disk/pingting114/mixed_bam/COLO829_PAO/TF1e-3_25x/TF1e-3_25x.rep1.bam.bai
[W::hts_idx_load3] The index file is older than the data file: /bip7_disk/pingting114/mixed_bam/COLO829_PAO/TF1e-3_25x/TF1e-3_25x.rep1.bam.bai
[W::hts_idx_load3] The index file is older than the data file: /bip7_disk/pingting114/mixed_bam/COLO829_PAO/TF1e-3_25x/TF1e-3_25x.rep1.bam.bai
[W::hts_idx_load3] The index file is older than the data file: /bip7_disk/pingting114/mixed_bam/COLO829_PAO/TF1e-3_25x/TF1e-3_25x.rep1.bam.bai
[W::hts_idx_load3] The index file is older than the data file: /bip7_disk/pingting114/mixed_bam/COLO829_PAO/TF1e-3_25x/TF1e-3_25x.rep1.bam.bai
[W::hts_idx_load3] The index file is older than the data file: /bip7_disk/pingting114/mixed_bam/COLO829_PAO/TF1e-3_25x/TF1e-3_25x.rep1.bam.bai
[W::hts_idx_load3] The index file is older than the data file: /bip7_disk/pingting114/mixed_bam/COLO829_PAO/TF1e-3_25x/TF1e-3_25x.rep1.bam.bai
[W::hts_idx_load3] The index file is older than the data file: /bip7_disk/pingting114/mixed_bam/COLO829_PAO/TF1e-3_25x/TF1e-3_25x.rep1.bam.bai
[W::hts_idx_load3] The index file is older than the data file: /bip7_disk/pingting114/mixed_bam/COLO829_PAO/TF1e-3_25x/TF1e-3_25x.rep1.bam.bai
[W::hts_idx_load3] The index file is older than the data file: /bip7_disk/pingting114/mixed_bam/COLO829_PAO/TF1e-3_25x/TF1e-3_25x.rep1.bam.bai
[W::hts_idx_load3] The index file is older than the data file: /bip7_disk/pingting114/mixed_bam/COLO829_PAO/TF1e-3_25x/TF1e-3_25x.rep1.bam.bai
[W::hts_idx_load3] The index file is older than the data file: /bip7_disk/pingting114/mixed_bam/COLO829_PAO/TF1e-3_25x/TF1e-3_25x.rep1.bam.bai
[E::bam_parse_basemod2] e1a385fa-8236-40bc-a29f-d824f0bcf197: MM tag refers to bases beyond sequence length
[W::hts_idx_load3] The index file is older than the data file: /bip7_disk/pingting114/mixed_bam/COLO829_PAO/TF1e-3_25x/TF1e-3_25x.rep1.bam.bai
[W::hts_idx_load3] The index file is older than the data file: /bip7_disk/pingting114/mixed_bam/COLO829_PAO/TF1e-3_25x/TF1e-3_25x.rep1.bam.bai
[W::bam_next_basemod] MM tag refers to bases beyond sequence length
[W::hts_idx_load3] The index file is older than the data file: /bip7_disk/pingting114/mixed_bam/COLO829_PAO/TF1e-3_25x/TF1e-3_25x.rep1.bam.bai
[W::bam_next_basemod] MM tag refers to bases beyond sequence length
[W::hts_idx_load3] The index file is older than the data file: /bip7_disk/pingting114/mixed_bam/COLO829_PAO/TF1e-3_25x/TF1e-3_25x.rep1.bam.bai
[W::bam_next_basemod] MM tag refers to bases beyond sequence length
[W::hts_idx_load3] The index file is older than the data file: /bip7_disk/pingting114/mixed_bam/COLO829_PAO/TF1e-3_25x/TF1e-3_25x.rep1.bam.bai
[W::hts_idx_load3] The index file is older than the data file: /bip7_disk/pingting114/mixed_bam/COLO829_PAO/TF1e-3_25x/TF1e-3_25x.rep1.bam.bai
[W::hts_idx_load3] The index file is older than the data file: /bip7_disk/pingting114/mixed_bam/COLO829_PAO/TF1e-3_25x/TF1e-3_25x.rep1.bam.bai
[W::hts_idx_load3] The index file is older than the data file: /bip7_disk/pingting114/mixed_bam/COLO829_PAO/TF1e-3_25x/TF1e-3_25x.rep1.bam.bai
[W::hts_idx_load3] The index file is older than the data file: /bip7_disk/pingting114/mixed_bam/COLO829_PAO/TF1e-3_25x/TF1e-3_25x.rep1.bam.bai
[W::hts_idx_load3] The index file is older than the data file: /bip7_disk/pingting114/mixed_bam/COLO829_PAO/TF1e-3_25x/TF1e-3_25x.rep1.bam.bai
[W::bam_next_basemod] MM tag refers to bases beyond sequence length
[W::bam_next_basemod] MM tag refers to bases beyond sequence length
[W::hts_idx_load3] The index file is older than the data file: /bip7_disk/pingting114/mixed_bam/COLO829_PAO/TF1e-3_25x/TF1e-3_25x.rep1.bam.bai
[W::bam_next_basemod] MM tag refers to bases beyond sequence length
[W::hts_idx_load3] The index file is older than the data file: /bip7_disk/pingting114/mixed_bam/COLO829_PAO/TF1e-3_25x/TF1e-3_25x.rep1.bam.bai
[W::hts_idx_load3] The index file is older than the data file: /bip7_disk/pingting114/mixed_bam/COLO829_PAO/TF1e-3_25x/TF1e-3_25x.rep1.bam.bai
[W::hts_idx_load3] The index file is older than the data file: /bip7_disk/pingting114/mixed_bam/COLO829_PAO/TF1e-3_25x/TF1e-3_25x.rep1.bam.bai
[W::bam_next_basemod] MM tag refers to bases beyond sequence length
[W::hts_idx_load3] The index file is older than the data file: /bip7_disk/pingting114/mixed_bam/COLO829_PAO/TF1e-3_25x/TF1e-3_25x.rep1.bam.bai
[W::hts_idx_load3] The index file is older than the data file: /bip7_disk/pingting114/mixed_bam/COLO829_PAO/TF1e-3_25x/TF1e-3_25x.rep1.bam.bai
[W::hts_idx_load3] The index file is older than the data file: /bip7_disk/pingting114/mixed_bam/COLO829_PAO/TF1e-3_25x/TF1e-3_25x.rep1.bam.bai
[W::hts_idx_load3] The index file is older than the data file: /bip7_disk/pingting114/mixed_bam/COLO829_PAO/TF1e-3_25x/TF1e-3_25x.rep1.bam.bai
[W::hts_idx_load3] The index file is older than the data file: /bip7_disk/pingting114/mixed_bam/COLO829_PAO/TF1e-3_25x/TF1e-3_25x.rep1.bam.bai
[W::hts_idx_load3] The index file is older than the data file: /bip7_disk/pingting114/mixed_bam/COLO829_PAO/TF1e-3_25x/TF1e-3_25x.rep1.bam.bai
[W::bam_next_basemod] MM tag refers to bases beyond sequence length
[W::bam_next_basemod] MM tag refers to bases beyond sequence length
[W::hts_idx_load3] The index file is older than the data file: /bip7_disk/pingting114/mixed_bam/COLO829_PAO/TF1e-3_25x/TF1e-3_25x.rep1.bam.bai
[W::hts_idx_load3] The index file is older than the data file: /bip7_disk/pingting114/mixed_bam/COLO829_PAO/TF1e-3_25x/TF1e-3_25x.rep1.bam.bai
[W::hts_idx_load3] The index file is older than the data file: /bip7_disk/pingting114/mixed_bam/COLO829_PAO/TF1e-3_25x/TF1e-3_25x.rep1.bam.bai
[W::hts_idx_load3] The index file is older than the data file: /bip7_disk/pingting114/mixed_bam/COLO829_PAO/TF1e-3_25x/TF1e-3_25x.rep1.bam.bai
[E::bam_parse_basemod2] 9e04e0e9-70c8-4492-aab6-e5fd38648721: MM tag refers to bases beyond sequence length
[W::hts_idx_load3] The index file is older than the data file: /bip7_disk/pingting114/mixed_bam/COLO829_PAO/TF1e-3_25x/TF1e-3_25x.rep1.bam.bai
[W::hts_idx_load3] The index file is older than the data file: /bip7_disk/pingting114/mixed_bam/COLO829_PAO/TF1e-3_25x/TF1e-3_25x.rep1.bam.bai
[W::hts_idx_load3] The index file is older than the data file: /bip7_disk/pingting114/mixed_bam/COLO829_PAO/TF1e-3_25x/TF1e-3_25x.rep1.bam.bai
[W::hts_idx_load3] The index file is older than the data file: /bip7_disk/pingting114/mixed_bam/COLO829_PAO/TF1e-3_25x/TF1e-3_25x.rep1.bam.bai
[E::bam_parse_basemod2] 04919def-1f37-4f61-a7e2-320a6a63a43e: MM tag refers to bases beyond sequence length
[W::hts_idx_load3] The index file is older than the data file: /bip7_disk/pingting114/mixed_bam/COLO829_PAO/TF1e-3_25x/TF1e-3_25x.rep1.bam.bai
[E::bam_parse_basemod2] 83c43feb-a02f-4e2a-bd01-28d037dd31d0: MM tag refers to bases beyond sequence length
[W::hts_idx_load3] The index file is older than the data file: /bip7_disk/pingting114/mixed_bam/COLO829_PAO/TF1e-3_25x/TF1e-3_25x.rep1.bam.bai
[W::hts_idx_load3] The index file is older than the data file: /bip7_disk/pingting114/mixed_bam/COLO829_PAO/TF1e-3_25x/TF1e-3_25x.rep1.bam.bai
[W::hts_idx_load3] The index file is older than the data file: /bip7_disk/pingting114/mixed_bam/COLO829_PAO/TF1e-3_25x/TF1e-3_25x.rep1.bam.bai
[W::bam_next_basemod] MM tag refers to bases beyond sequence length
[E::bam_parse_basemod2] 28249489-bb39-43ff-8493-c1b13652d720: MM tag refers to bases beyond sequence length
[W::hts_idx_load3] The index file is older than the data file: /bip7_disk/pingting114/mixed_bam/COLO829_PAO/TF1e-3_25x/TF1e-3_25x.rep1.bam.bai
[W::hts_idx_load3] The index file is older than the data file: /bip7_disk/pingting114/mixed_bam/COLO829_PAO/TF1e-3_25x/TF1e-3_25x.rep1.bam.bai
[W::hts_idx_load3] The index file is older than the data file: /bip7_disk/pingting114/mixed_bam/COLO829_PAO/TF1e-3_25x/TF1e-3_25x.rep1.bam.bai
[W::bam_next_basemod] MM tag refers to bases beyond sequence length
[W::hts_idx_load3] The index file is older than the data file: /bip7_disk/pingting114/mixed_bam/COLO829_PAO/TF1e-3_25x/TF1e-3_25x.rep1.bam.bai
[E::bam_parse_basemod2] 39998301-34b7-474c-9c4b-0617f96ba46b: MM tag refers to bases beyond sequence length
[W::hts_idx_load3] The index file is older than the data file: /bip7_disk/pingting114/mixed_bam/COLO829_PAO/TF1e-3_25x/TF1e-3_25x.rep1.bam.bai
[W::bam_next_basemod] MM tag refers to bases beyond sequence length
[W::hts_idx_load3] The index file is older than the data file: /bip7_disk/pingting114/mixed_bam/COLO829_PAO/TF1e-3_25x/TF1e-3_25x.rep1.bam.bai
[W::hts_idx_load3] The index file is older than the data file: /bip7_disk/pingting114/mixed_bam/COLO829_PAO/TF1e-3_25x/TF1e-3_25x.rep1.bam.bai
[W::bam_next_basemod] MM tag refers to bases beyond sequence length
[W::hts_idx_load3] The index file is older than the data file: /bip7_disk/pingting114/mixed_bam/COLO829_PAO/TF1e-3_25x/TF1e-3_25x.rep1.bam.bai
[W::hts_idx_load3] The index file is older than the data file: /bip7_disk/pingting114/mixed_bam/COLO829_PAO/TF1e-3_25x/TF1e-3_25x.rep1.bam.bai
[E::bam_parse_basemod2] ec3faf66-9db4-46b2-b738-9cec70d93858: MM tag refers to bases beyond sequence length
[W::hts_idx_load3] The index file is older than the data file: /bip7_disk/pingting114/mixed_bam/COLO829_PAO/TF1e-3_25x/TF1e-3_25x.rep1.bam.bai
[E::bam_parse_basemod2] 45d0bca2-6c26-4929-9793-3845186f22a0: MM tag refers to bases beyond sequence length
[W::hts_idx_load3] The index file is older than the data file: /bip7_disk/pingting114/mixed_bam/COLO829_PAO/TF1e-3_25x/TF1e-3_25x.rep1.bam.bai
[W::bam_next_basemod] MM tag refers to bases beyond sequence length
[W::hts_idx_load3] The index file is older than the data file: /bip7_disk/pingting114/mixed_bam/COLO829_PAO/TF1e-3_25x/TF1e-3_25x.rep1.bam.bai
[W::hts_idx_load3] The index file is older than the data file: /bip7_disk/pingting114/mixed_bam/COLO829_PAO/TF1e-3_25x/TF1e-3_25x.rep1.bam.bai
[W::hts_idx_load3] The index file is older than the data file: /bip7_disk/pingting114/mixed_bam/COLO829_PAO/TF1e-3_25x/TF1e-3_25x.rep1.bam.bai
[W::hts_idx_load3] The index file is older than the data file: /bip7_disk/pingting114/mixed_bam/COLO829_PAO/TF1e-3_25x/TF1e-3_25x.rep1.bam.bai
[W::hts_idx_load3] The index file is older than the data file: /bip7_disk/pingting114/mixed_bam/COLO829_PAO/TF1e-3_25x/TF1e-3_25x.rep1.bam.bai
[E::bam_parse_basemod2] 6ca87f13-aac8-40d2-b280-356083ced3cb: MM tag refers to bases beyond sequence length
[W::hts_idx_load3] The index file is older than the data file: /bip7_disk/pingting114/mixed_bam/COLO829_PAO/TF1e-3_25x/TF1e-3_25x.rep1.bam.bai
[W::hts_idx_load3] The index file is older than the data file: /bip7_disk/pingting114/mixed_bam/COLO829_PAO/TF1e-3_25x/TF1e-3_25x.rep1.bam.bai
[W::hts_idx_load3] The index file is older than the data file: /bip7_disk/pingting114/mixed_bam/COLO829_PAO/TF1e-3_25x/TF1e-3_25x.rep1.bam.bai
[E::bam_parse_basemod2] 1ac53a27-72bd-437c-8526-4162b840433f: MM tag refers to bases beyond sequence length
[W::hts_idx_load3] The index file is older than the data file: /bip7_disk/pingting114/mixed_bam/COLO829_PAO/TF1e-3_25x/TF1e-3_25x.rep1.bam.bai
[W::hts_idx_load3] The index file is older than the data file: /bip7_disk/pingting114/mixed_bam/COLO829_PAO/TF1e-3_25x/TF1e-3_25x.rep1.bam.bai
[E::bam_parse_basemod2] c0913022-62e3-4cd0-93a6-61a5f84fc1ef: MM tag refers to bases beyond sequence length
[W::hts_idx_load3] The index file is older than the data file: /bip7_disk/pingting114/mixed_bam/COLO829_PAO/TF1e-3_25x/TF1e-3_25x.rep1.bam.bai
[W::hts_idx_load3] The index file is older than the data file: /bip7_disk/pingting114/mixed_bam/COLO829_PAO/TF1e-3_25x/TF1e-3_25x.rep1.bam.bai
[W::bam_next_basemod] MM tag refers to bases beyond sequence length
[W::hts_idx_load3] The index file is older than the data file: /bip7_disk/pingting114/mixed_bam/COLO829_PAO/TF1e-3_25x/TF1e-3_25x.rep1.bam.bai
[W::hts_idx_load3] The index file is older than the data file: /bip7_disk/pingting114/mixed_bam/COLO829_PAO/TF1e-3_25x/TF1e-3_25x.rep1.bam.bai
[W::hts_idx_load3] The index file is older than the data file: /bip7_disk/pingting114/mixed_bam/COLO829_PAO/TF1e-3_25x/TF1e-3_25x.rep1.bam.bai
[W::bam_next_basemod] MM tag refers to bases beyond sequence length
[W::hts_idx_load3] The index file is older than the data file: /bip7_disk/pingting114/mixed_bam/COLO829_PAO/TF1e-3_25x/TF1e-3_25x.rep1.bam.bai
[W::hts_idx_load3] The index file is older than the data file: /bip7_disk/pingting114/mixed_bam/COLO829_PAO/TF1e-3_25x/TF1e-3_25x.rep1.bam.bai
[E::bam_parse_basemod2] 10a86df4-d3b1-4c5e-9ff9-3ad53a8188bf: MM tag refers to bases beyond sequence length
[W::hts_idx_load3] The index file is older than the data file: /bip7_disk/pingting114/mixed_bam/COLO829_PAO/TF1e-3_25x/TF1e-3_25x.rep1.bam.bai
[W::hts_idx_load3] The index file is older than the data file: /bip7_disk/pingting114/mixed_bam/COLO829_PAO/TF1e-3_25x/TF1e-3_25x.rep1.bam.bai
[W::hts_idx_load3] The index file is older than the data file: /bip7_disk/pingting114/mixed_bam/COLO829_PAO/TF1e-3_25x/TF1e-3_25x.rep1.bam.bai
[W::hts_idx_load3] The index file is older than the data file: /bip7_disk/pingting114/mixed_bam/COLO829_PAO/TF1e-3_25x/TF1e-3_25x.rep1.bam.bai
[W::hts_idx_load3] The index file is older than the data file: /bip7_disk/pingting114/mixed_bam/COLO829_PAO/TF1e-3_25x/TF1e-3_25x.rep1.bam.bai
[E::bam_parse_basemod2] a39bb30c-0927-4922-bdd3-a94b1638635d: MM tag refers to bases beyond sequence length
[E::bam_parse_basemod2] c22e9424-4a5d-4c44-bbe8-032d3d4e26f1: MM tag refers to bases beyond sequence length
[W::hts_idx_load3] The index file is older than the data file: /bip7_disk/pingting114/mixed_bam/COLO829_PAO/TF1e-3_25x/TF1e-3_25x.rep1.bam.bai
[W::bam_next_basemod] MM tag refers to bases beyond sequence length
[W::hts_idx_load3] The index file is older than the data file: /bip7_disk/pingting114/mixed_bam/COLO829_PAO/TF1e-3_25x/TF1e-3_25x.rep1.bam.bai
[W::hts_idx_load3] The index file is older than the data file: /bip7_disk/pingting114/mixed_bam/COLO829_PAO/TF1e-3_25x/TF1e-3_25x.rep1.bam.bai
[W::hts_idx_load3] The index file is older than the data file: /bip7_disk/pingting114/mixed_bam/COLO829_PAO/TF1e-3_25x/TF1e-3_25x.rep1.bam.bai
[W::hts_idx_load3] The index file is older than the data file: /bip7_disk/pingting114/mixed_bam/COLO829_PAO/TF1e-3_25x/TF1e-3_25x.rep1.bam.bai
[W::hts_idx_load3] The index file is older than the data file: /bip7_disk/pingting114/mixed_bam/COLO829_PAO/TF1e-3_25x/TF1e-3_25x.rep1.bam.bai
[W::bam_next_basemod] MM tag refers to bases beyond sequence length
[W::hts_idx_load3] The index file is older than the data file: /bip7_disk/pingting114/mixed_bam/COLO829_PAO/TF1e-3_25x/TF1e-3_25x.rep1.bam.bai
[W::hts_idx_load3] The index file is older than the data file: /bip7_disk/pingting114/mixed_bam/COLO829_PAO/TF1e-3_25x/TF1e-3_25x.rep1.bam.bai
[W::hts_idx_load3] The index file is older than the data file: /bip7_disk/pingting114/mixed_bam/COLO829_PAO/TF1e-3_25x/TF1e-3_25x.rep1.bam.bai
[E::bam_parse_basemod2] ec8850f7-0eee-418b-a7ee-5ea7806526cd: MM tag refers to bases beyond sequence length
[W::hts_idx_load3] The index file is older than the data file: /bip7_disk/pingting114/mixed_bam/COLO829_PAO/TF1e-3_25x/TF1e-3_25x.rep1.bam.bai
[W::hts_idx_load3] The index file is older than the data file: /bip7_disk/pingting114/mixed_bam/COLO829_PAO/TF1e-3_25x/TF1e-3_25x.rep1.bam.bai
[W::hts_idx_load3] The index file is older than the data file: /bip7_disk/pingting114/mixed_bam/COLO829_PAO/TF1e-3_25x/TF1e-3_25x.rep1.bam.bai
[W::hts_idx_load3] The index file is older than the data file: /bip7_disk/pingting114/mixed_bam/COLO829_PAO/TF1e-3_25x/TF1e-3_25x.rep1.bam.bai
[W::bam_next_basemod] MM tag refers to bases beyond sequence length
[W::hts_idx_load3] The index file is older than the data file: /bip7_disk/pingting114/mixed_bam/COLO829_PAO/TF1e-3_25x/TF1e-3_25x.rep1.bam.bai
[W::hts_idx_load3] The index file is older than the data file: /bip7_disk/pingting114/mixed_bam/COLO829_PAO/TF1e-3_25x/TF1e-3_25x.rep1.bam.bai
[W::hts_idx_load3] The index file is older than the data file: /bip7_disk/pingting114/mixed_bam/COLO829_PAO/TF1e-3_25x/TF1e-3_25x.rep1.bam.bai
[W::hts_idx_load3] The index file is older than the data file: /bip7_disk/pingting114/mixed_bam/COLO829_PAO/TF1e-3_25x/TF1e-3_25x.rep1.bam.bai
[W::hts_idx_load3] The index file is older than the data file: /bip7_disk/pingting114/mixed_bam/COLO829_PAO/TF1e-3_25x/TF1e-3_25x.rep1.bam.bai
[W::hts_idx_load3] The index file is older than the data file: /bip7_disk/pingting114/mixed_bam/COLO829_PAO/TF1e-3_25x/TF1e-3_25x.rep1.bam.bai
[W::hts_idx_load3] The index file is older than the data file: /bip7_disk/pingting114/mixed_bam/COLO829_PAO/TF1e-3_25x/TF1e-3_25x.rep1.bam.bai
[E::bam_parse_basemod2] 15af6637-8ce9-425e-8f80-b354beea1808: MM tag refers to bases beyond sequence length
[W::hts_idx_load3] The index file is older than the data file: /bip7_disk/pingting114/mixed_bam/COLO829_PAO/TF1e-3_25x/TF1e-3_25x.rep1.bam.bai
[W::hts_idx_load3] The index file is older than the data file: /bip7_disk/pingting114/mixed_bam/COLO829_PAO/TF1e-3_25x/TF1e-3_25x.rep1.bam.bai
[W::hts_idx_load3] The index file is older than the data file: /bip7_disk/pingting114/mixed_bam/COLO829_PAO/TF1e-3_25x/TF1e-3_25x.rep1.bam.bai
[W::hts_idx_load3] The index file is older than the data file: /bip7_disk/pingting114/mixed_bam/COLO829_PAO/TF1e-3_25x/TF1e-3_25x.rep1.bam.bai
[W::hts_idx_load3] The index file is older than the data file: /bip7_disk/pingting114/mixed_bam/COLO829_PAO/TF1e-3_25x/TF1e-3_25x.rep1.bam.bai
[W::hts_idx_load3] The index file is older than the data file: /bip7_disk/pingting114/mixed_bam/COLO829_PAO/TF1e-3_25x/TF1e-3_25x.rep1.bam.bai
[W::hts_idx_load3] The index file is older than the data file: /bip7_disk/pingting114/mixed_bam/COLO829_PAO/TF1e-3_25x/TF1e-3_25x.rep1.bam.bai
[W::hts_idx_load3] The index file is older than the data file: /bip7_disk/pingting114/mixed_bam/COLO829_PAO/TF1e-3_25x/TF1e-3_25x.rep1.bam.bai
[W::bam_next_basemod] MM tag refers to bases beyond sequence length
[W::hts_idx_load3] The index file is older than the data file: /bip7_disk/pingting114/mixed_bam/COLO829_PAO/TF1e-3_25x/TF1e-3_25x.rep1.bam.bai
[W::bam_next_basemod] MM tag refers to bases beyond sequence length
[W::hts_idx_load3] The index file is older than the data file: /bip7_disk/pingting114/mixed_bam/COLO829_PAO/TF1e-3_25x/TF1e-3_25x.rep1.bam.bai
[W::hts_idx_load3] The index file is older than the data file: /bip7_disk/pingting114/mixed_bam/COLO829_PAO/TF1e-3_25x/TF1e-3_25x.rep1.bam.bai
[W::hts_idx_load3] The index file is older than the data file: /bip7_disk/pingting114/mixed_bam/COLO829_PAO/TF1e-3_25x/TF1e-3_25x.rep1.bam.bai
[W::hts_idx_load3] The index file is older than the data file: /bip7_disk/pingting114/mixed_bam/COLO829_PAO/TF1e-3_25x/TF1e-3_25x.rep1.bam.bai
[W::hts_idx_load3] The index file is older than the data file: /bip7_disk/pingting114/mixed_bam/COLO829_PAO/TF1e-3_25x/TF1e-3_25x.rep1.bam.bai
[W::hts_idx_load3] The index file is older than the data file: /bip7_disk/pingting114/mixed_bam/COLO829_PAO/TF1e-3_25x/TF1e-3_25x.rep1.bam.bai
[E::bam_parse_basemod2] e6d7109f-7757-42f8-84c9-29b3d6c828e9: MM tag refers to bases beyond sequence length
[W::hts_idx_load3] The index file is older than the data file: /bip7_disk/pingting114/mixed_bam/COLO829_PAO/TF1e-3_25x/TF1e-3_25x.rep1.bam.bai
[W::hts_idx_load3] The index file is older than the data file: /bip7_disk/pingting114/mixed_bam/COLO829_PAO/TF1e-3_25x/TF1e-3_25x.rep1.bam.bai
[W::hts_idx_load3] The index file is older than the data file: /bip7_disk/pingting114/mixed_bam/COLO829_PAO/TF1e-3_25x/TF1e-3_25x.rep1.bam.bai
[W::hts_idx_load3] The index file is older than the data file: /bip7_disk/pingting114/mixed_bam/COLO829_PAO/TF1e-3_25x/TF1e-3_25x.rep1.bam.bai
[W::bam_next_basemod] MM tag refers to bases beyond sequence length
[E::bam_parse_basemod2] 846c2a84-8573-466a-a875-a6a4154a1f34: MM tag refers to bases beyond sequence length
[W::hts_idx_load3] The index file is older than the data file: /bip7_disk/pingting114/mixed_bam/COLO829_PAO/TF1e-3_25x/TF1e-3_25x.rep1.bam.bai
[E::bam_parse_basemod2] a06996ef-d05a-4dbb-8772-b3bbd0f126f2: MM tag refers to bases beyond sequence length
[W::hts_idx_load3] The index file is older than the data file: /bip7_disk/pingting114/mixed_bam/COLO829_PAO/TF1e-3_25x/TF1e-3_25x.rep1.bam.bai
[W::bam_next_basemod] MM tag refers to bases beyond sequence length
[W::bam_next_basemod] MM tag refers to bases beyond sequence length
[W::hts_idx_load3] The index file is older than the data file: /bip7_disk/pingting114/mixed_bam/COLO829_PAO/TF1e-3_25x/TF1e-3_25x.rep1.bam.bai
[W::hts_idx_load3] The index file is older than the data file: /bip7_disk/pingting114/mixed_bam/COLO829_PAO/TF1e-3_25x/TF1e-3_25x.rep1.bam.bai
[W::hts_idx_load3] The index file is older than the data file: /bip7_disk/pingting114/mixed_bam/COLO829_PAO/TF1e-3_25x/TF1e-3_25x.rep1.bam.bai
[W::hts_idx_load3] The index file is older than the data file: /bip7_disk/pingting114/mixed_bam/COLO829_PAO/TF1e-3_25x/TF1e-3_25x.rep1.bam.bai
[W::bam_next_basemod] MM tag refers to bases beyond sequence length
[W::bam_next_basemod] MM tag refers to bases beyond sequence length
[W::hts_idx_load3] The index file is older than the data file: /bip7_disk/pingting114/mixed_bam/COLO829_PAO/TF1e-3_25x/TF1e-3_25x.rep1.bam.bai
[W::hts_idx_load3] The index file is older than the data file: /bip7_disk/pingting114/mixed_bam/COLO829_PAO/TF1e-3_25x/TF1e-3_25x.rep1.bam.bai
[E::bam_parse_basemod2] 557e0b95-ce99-4230-b56b-32cf5fc1972b: MM tag refers to bases beyond sequence length
[W::hts_idx_load3] The index file is older than the data file: /bip7_disk/pingting114/mixed_bam/COLO829_PAO/TF1e-3_25x/TF1e-3_25x.rep1.bam.bai
[W::hts_idx_load3] The index file is older than the data file: /bip7_disk/pingting114/mixed_bam/COLO829_PAO/TF1e-3_25x/TF1e-3_25x.rep1.bam.bai
[W::hts_idx_load3] The index file is older than the data file: /bip7_disk/pingting114/mixed_bam/COLO829_PAO/TF1e-3_25x/TF1e-3_25x.rep1.bam.bai
[W::hts_idx_load3] The index file is older than the data file: /bip7_disk/pingting114/mixed_bam/COLO829_PAO/TF1e-3_25x/TF1e-3_25x.rep1.bam.bai
[W::hts_idx_load3] The index file is older than the data file: /bip7_disk/pingting114/mixed_bam/COLO829_PAO/TF1e-3_25x/TF1e-3_25x.rep1.bam.bai
[W::hts_idx_load3] The index file is older than the data file: /bip7_disk/pingting114/mixed_bam/COLO829_PAO/TF1e-3_25x/TF1e-3_25x.rep1.bam.bai
[W::hts_idx_load3] The index file is older than the data file: /bip7_disk/pingting114/mixed_bam/COLO829_PAO/TF1e-3_25x/TF1e-3_25x.rep1.bam.bai
[E::bam_parse_basemod2] 238fdd9d-ed9c-46fc-b5dd-1544723a2cd4: MM tag refers to bases beyond sequence length
[W::bam_next_basemod] MM tag refers to bases beyond sequence length
[E::bam_parse_basemod2] 7463726d-5d2f-4b02-9a1c-59cb2bab84a7: MM tag refers to bases beyond sequence length
[W::hts_idx_load3] The index file is older than the data file: /bip7_disk/pingting114/mixed_bam/COLO829_PAO/TF1e-3_25x/TF1e-3_25x.rep1.bam.bai
[W::hts_idx_load3] The index file is older than the data file: /bip7_disk/pingting114/mixed_bam/COLO829_PAO/TF1e-3_25x/TF1e-3_25x.rep1.bam.bai
[E::bam_parse_basemod2] 9a24a191-9301-4017-844e-d99bfe84bd9e: MM tag refers to bases beyond sequence length
[E::bam_parse_basemod2] 4282428f-d168-4c30-ae84-0cd3522c5559: MM tag refers to bases beyond sequence length
[W::hts_idx_load3] The index file is older than the data file: /bip7_disk/pingting114/mixed_bam/COLO829_PAO/TF1e-3_25x/TF1e-3_25x.rep1.bam.bai
[W::bam_next_basemod] MM tag refers to bases beyond sequence length
[E::bam_parse_basemod2] 387a05f2-132b-427f-9188-a7cfe3881b52: MM tag refers to bases beyond sequence length
[W::hts_idx_load3] The index file is older than the data file: /bip7_disk/pingting114/mixed_bam/COLO829_PAO/TF1e-3_25x/TF1e-3_25x.rep1.bam.bai
[W::hts_idx_load3] The index file is older than the data file: /bip7_disk/pingting114/mixed_bam/COLO829_PAO/TF1e-3_25x/TF1e-3_25x.rep1.bam.bai
[W::bam_next_basemod] MM tag refers to bases beyond sequence length
[W::hts_idx_load3] The index file is older than the data file: /bip7_disk/pingting114/mixed_bam/COLO829_PAO/TF1e-3_25x/TF1e-3_25x.rep1.bam.bai
[W::hts_idx_load3] The index file is older than the data file: /bip7_disk/pingting114/mixed_bam/COLO829_PAO/TF1e-3_25x/TF1e-3_25x.rep1.bam.bai
[W::bam_next_basemod] MM tag refers to bases beyond sequence length
[W::hts_idx_load3] The index file is older than the data file: /bip7_disk/pingting114/mixed_bam/COLO829_PAO/TF1e-3_25x/TF1e-3_25x.rep1.bam.bai
[W::bam_next_basemod] MM tag refers to bases beyond sequence length
[W::hts_idx_load3] The index file is older than the data file: /bip7_disk/pingting114/mixed_bam/COLO829_PAO/TF1e-3_25x/TF1e-3_25x.rep1.bam.bai
[W::bam_next_basemod] MM tag refers to bases beyond sequence length
[W::hts_idx_load3] The index file is older than the data file: /bip7_disk/pingting114/mixed_bam/COLO829_PAO/TF1e-3_25x/TF1e-3_25x.rep1.bam.bai
[W::hts_idx_load3] The index file is older than the data file: /bip7_disk/pingting114/mixed_bam/COLO829_PAO/TF1e-3_25x/TF1e-3_25x.rep1.bam.bai
[E::bam_parse_basemod2] f706211a-aeb1-47e0-874b-b864a793b4b3: MM tag refers to bases beyond sequence length
[W::hts_idx_load3] The index file is older than the data file: /bip7_disk/pingting114/mixed_bam/COLO829_PAO/TF1e-3_25x/TF1e-3_25x.rep1.bam.bai
[W::hts_idx_load3] The index file is older than the data file: /bip7_disk/pingting114/mixed_bam/COLO829_PAO/TF1e-3_25x/TF1e-3_25x.rep1.bam.bai
[W::hts_idx_load3] The index file is older than the data file: /bip7_disk/pingting114/mixed_bam/COLO829_PAO/TF1e-3_25x/TF1e-3_25x.rep1.bam.bai
[E::bam_parse_basemod2] 1df65a8c-3e43-49d2-8887-c72c9815cc09: MM tag refers to bases beyond sequence length
[W::hts_idx_load3] The index file is older than the data file: /bip7_disk/pingting114/mixed_bam/COLO829_PAO/TF1e-3_25x/TF1e-3_25x.rep1.bam.bai
[W::hts_idx_load3] The index file is older than the data file: /bip7_disk/pingting114/mixed_bam/COLO829_PAO/TF1e-3_25x/TF1e-3_25x.rep1.bam.bai
[W::hts_idx_load3] The index file is older than the data file: /bip7_disk/pingting114/mixed_bam/COLO829_PAO/TF1e-3_25x/TF1e-3_25x.rep1.bam.bai
[W::hts_idx_load3] The index file is older than the data file: /bip7_disk/pingting114/mixed_bam/COLO829_PAO/TF1e-3_25x/TF1e-3_25x.rep1.bam.bai
[W::hts_idx_load3] The index file is older than the data file: /bip7_disk/pingting114/mixed_bam/COLO829_PAO/TF1e-3_25x/TF1e-3_25x.rep1.bam.bai
[W::bam_next_basemod] MM tag refers to bases beyond sequence length
[W::hts_idx_load3] The index file is older than the data file: /bip7_disk/pingting114/mixed_bam/COLO829_PAO/TF1e-3_25x/TF1e-3_25x.rep1.bam.bai
[W::hts_idx_load3] The index file is older than the data file: /bip7_disk/pingting114/mixed_bam/COLO829_PAO/TF1e-3_25x/TF1e-3_25x.rep1.bam.bai
[W::hts_idx_load3] The index file is older than the data file: /bip7_disk/pingting114/mixed_bam/COLO829_PAO/TF1e-3_25x/TF1e-3_25x.rep1.bam.bai
[E::bam_parse_basemod2] 9ca605a2-0f55-481f-a36c-87accf5ad1c3: MM tag refers to bases beyond sequence length
[W::hts_idx_load3] The index file is older than the data file: /bip7_disk/pingting114/mixed_bam/COLO829_PAO/TF1e-3_25x/TF1e-3_25x.rep1.bam.bai
[W::hts_idx_load3] The index file is older than the data file: /bip7_disk/pingting114/mixed_bam/COLO829_PAO/TF1e-3_25x/TF1e-3_25x.rep1.bam.bai
[W::hts_idx_load3] The index file is older than the data file: /bip7_disk/pingting114/mixed_bam/COLO829_PAO/TF1e-3_25x/TF1e-3_25x.rep1.bam.bai
[W::hts_idx_load3] The index file is older than the data file: /bip7_disk/pingting114/mixed_bam/COLO829_PAO/TF1e-3_25x/TF1e-3_25x.rep1.bam.bai
[W::hts_idx_load3] The index file is older than the data file: /bip7_disk/pingting114/mixed_bam/COLO829_PAO/TF1e-3_25x/TF1e-3_25x.rep1.bam.bai
[W::hts_idx_load3] The index file is older than the data file: /bip7_disk/pingting114/mixed_bam/COLO829_PAO/TF1e-3_25x/TF1e-3_25x.rep1.bam.bai
[E::bam_parse_basemod2] f1e18e11-9b7a-4ad8-8f7a-d4aa0c87024e: MM tag refers to bases beyond sequence length
[E::bam_parse_basemod2] d604f60c-d5b0-40a0-8954-1469c8700bee: MM tag refers to bases beyond sequence length
[W::hts_idx_load3] The index file is older than the data file: /bip7_disk/pingting114/mixed_bam/COLO829_PAO/TF1e-3_25x/TF1e-3_25x.rep1.bam.bai
[W::hts_idx_load3] The index file is older than the data file: /bip7_disk/pingting114/mixed_bam/COLO829_PAO/TF1e-3_25x/TF1e-3_25x.rep1.bam.bai
[W::bam_next_basemod] MM tag refers to bases beyond sequence length
[E::bam_parse_basemod2] 9a15570d-3ee8-4bbf-b1c3-cc56ab0a03f6: MM tag refers to bases beyond sequence length
[E::bam_parse_basemod2] 0f006b5b-bd95-40c8-9f7f-df02b3284006: MM tag refers to bases beyond sequence length
[W::hts_idx_load3] The index file is older than the data file: /bip7_disk/pingting114/mixed_bam/COLO829_PAO/TF1e-3_25x/TF1e-3_25x.rep1.bam.bai
[W::hts_idx_load3] The index file is older than the data file: /bip7_disk/pingting114/mixed_bam/COLO829_PAO/TF1e-3_25x/TF1e-3_25x.rep1.bam.bai
[W::hts_idx_load3] The index file is older than the data file: /bip7_disk/pingting114/mixed_bam/COLO829_PAO/TF1e-3_25x/TF1e-3_25x.rep1.bam.bai
[W::hts_idx_load3] The index file is older than the data file: /bip7_disk/pingting114/mixed_bam/COLO829_PAO/TF1e-3_25x/TF1e-3_25x.rep1.bam.bai
[W::bam_next_basemod] MM tag refers to bases beyond sequence length
[W::hts_idx_load3] The index file is older than the data file: /bip7_disk/pingting114/mixed_bam/COLO829_PAO/TF1e-3_25x/TF1e-3_25x.rep1.bam.bai
[W::bam_next_basemod] MM tag refers to bases beyond sequence length
[W::hts_idx_load3] The index file is older than the data file: /bip7_disk/pingting114/mixed_bam/COLO829_PAO/TF1e-3_25x/TF1e-3_25x.rep1.bam.bai
[W::hts_idx_load3] The index file is older than the data file: /bip7_disk/pingting114/mixed_bam/COLO829_PAO/TF1e-3_25x/TF1e-3_25x.rep1.bam.bai
[W::hts_idx_load3] The index file is older than the data file: /bip7_disk/pingting114/mixed_bam/COLO829_PAO/TF1e-3_25x/TF1e-3_25x.rep1.bam.bai
[W::hts_idx_load3] The index file is older than the data file: /bip7_disk/pingting114/mixed_bam/COLO829_PAO/TF1e-3_25x/TF1e-3_25x.rep1.bam.bai
[W::hts_idx_load3] The index file is older than the data file: /bip7_disk/pingting114/mixed_bam/COLO829_PAO/TF1e-3_25x/TF1e-3_25x.rep1.bam.bai
[W::hts_idx_load3] The index file is older than the data file: /bip7_disk/pingting114/mixed_bam/COLO829_PAO/TF1e-3_25x/TF1e-3_25x.rep1.bam.bai
[E::bam_parse_basemod2] a0f25337-fb4b-4ccc-9bbe-7ed9d2fae31b: MM tag refers to bases beyond sequence length
[W::hts_idx_load3] The index file is older than the data file: /bip7_disk/pingting114/mixed_bam/COLO829_PAO/TF1e-3_25x/TF1e-3_25x.rep1.bam.bai
[W::bam_next_basemod] MM tag refers to bases beyond sequence length
[W::bam_next_basemod] MM tag refers to bases beyond sequence length
[W::hts_idx_load3] The index file is older than the data file: /bip7_disk/pingting114/mixed_bam/COLO829_PAO/TF1e-3_25x/TF1e-3_25x.rep1.bam.bai
[W::hts_idx_load3] The index file is older than the data file: /bip7_disk/pingting114/mixed_bam/COLO829_PAO/TF1e-3_25x/TF1e-3_25x.rep1.bam.bai
[W::bam_next_basemod] MM tag refers to bases beyond sequence length
[W::hts_idx_load3] The index file is older than the data file: /bip7_disk/pingting114/mixed_bam/COLO829_PAO/TF1e-3_25x/TF1e-3_25x.rep1.bam.bai
[W::bam_next_basemod] MM tag refers to bases beyond sequence length
[W::hts_idx_load3] The index file is older than the data file: /bip7_disk/pingting114/mixed_bam/COLO829_PAO/TF1e-3_25x/TF1e-3_25x.rep1.bam.bai
[W::hts_idx_load3] The index file is older than the data file: /bip7_disk/pingting114/mixed_bam/COLO829_PAO/TF1e-3_25x/TF1e-3_25x.rep1.bam.bai
[W::hts_idx_load3] The index file is older than the data file: /bip7_disk/pingting114/mixed_bam/COLO829_PAO/TF1e-3_25x/TF1e-3_25x.rep1.bam.bai
[W::hts_idx_load3] The index file is older than the data file: /bip7_disk/pingting114/mixed_bam/COLO829_PAO/TF1e-3_25x/TF1e-3_25x.rep1.bam.bai
[W::hts_idx_load3] The index file is older than the data file: /bip7_disk/pingting114/mixed_bam/COLO829_PAO/TF1e-3_25x/TF1e-3_25x.rep1.bam.bai
[W::hts_idx_load3] The index file is older than the data file: /bip7_disk/pingting114/mixed_bam/COLO829_PAO/TF1e-3_25x/TF1e-3_25x.rep1.bam.bai
[W::hts_idx_load3] The index file is older than the data file: /bip7_disk/pingting114/mixed_bam/COLO829_PAO/TF1e-3_25x/TF1e-3_25x.rep1.bam.bai
[W::hts_idx_load3] The index file is older than the data file: /bip7_disk/pingting114/mixed_bam/COLO829_PAO/TF1e-3_25x/TF1e-3_25x.rep1.bam.bai
[W::hts_idx_load3] The index file is older than the data file: /bip7_disk/pingting114/mixed_bam/COLO829_PAO/TF1e-3_25x/TF1e-3_25x.rep1.bam.bai
[W::hts_idx_load3] The index file is older than the data file: /bip7_disk/pingting114/mixed_bam/COLO829_PAO/TF1e-3_25x/TF1e-3_25x.rep1.bam.bai
[W::hts_idx_load3] The index file is older than the data file: /bip7_disk/pingting114/mixed_bam/COLO829_PAO/TF1e-3_25x/TF1e-3_25x.rep1.bam.bai
[W::hts_idx_load3] The index file is older than the data file: /bip7_disk/pingting114/mixed_bam/COLO829_PAO/TF1e-3_25x/TF1e-3_25x.rep1.bam.bai
[E::bam_parse_basemod2] 9a009362-90d8-4c4e-af13-f4f8716c52fc: MM tag refers to bases beyond sequence length
[W::hts_idx_load3] The index file is older than the data file: /bip7_disk/pingting114/mixed_bam/COLO829_PAO/TF1e-3_25x/TF1e-3_25x.rep1.bam.bai
[W::hts_idx_load3] The index file is older than the data file: /bip7_disk/pingting114/mixed_bam/COLO829_PAO/TF1e-3_25x/TF1e-3_25x.rep1.bam.bai
[W::hts_idx_load3] The index file is older than the data file: /bip7_disk/pingting114/mixed_bam/COLO829_PAO/TF1e-3_25x/TF1e-3_25x.rep1.bam.bai
[W::hts_idx_load3] The index file is older than the data file: /bip7_disk/pingting114/mixed_bam/COLO829_PAO/TF1e-3_25x/TF1e-3_25x.rep1.bam.bai
[W::hts_idx_load3] The index file is older than the data file: /bip7_disk/pingting114/mixed_bam/COLO829_PAO/TF1e-3_25x/TF1e-3_25x.rep1.bam.bai
[W::hts_idx_load3] The index file is older than the data file: /bip7_disk/pingting114/mixed_bam/COLO829_PAO/TF1e-3_25x/TF1e-3_25x.rep1.bam.bai
[W::hts_idx_load3] The index file is older than the data file: /bip7_disk/pingting114/mixed_bam/COLO829_PAO/TF1e-3_25x/TF1e-3_25x.rep1.bam.bai
[W::hts_idx_load3] The index file is older than the data file: /bip7_disk/pingting114/mixed_bam/COLO829_PAO/TF1e-3_25x/TF1e-3_25x.rep1.bam.bai
[W::hts_idx_load3] The index file is older than the data file: /bip7_disk/pingting114/mixed_bam/COLO829_PAO/TF1e-3_25x/TF1e-3_25x.rep1.bam.bai
[W::hts_idx_load3] The index file is older than the data file: /bip7_disk/pingting114/mixed_bam/COLO829_PAO/TF1e-3_25x/TF1e-3_25x.rep1.bam.bai
[W::hts_idx_load3] The index file is older than the data file: /bip7_disk/pingting114/mixed_bam/COLO829_PAO/TF1e-3_25x/TF1e-3_25x.rep1.bam.bai
[E::bam_parse_basemod2] 38475b7e-8455-4e02-9344-54dfd7b59cbb: MM tag refers to bases beyond sequence length
[W::hts_idx_load3] The index file is older than the data file: /bip7_disk/pingting114/mixed_bam/COLO829_PAO/TF1e-3_25x/TF1e-3_25x.rep1.bam.bai
[W::bam_next_basemod] MM tag refers to bases beyond sequence length
[W::hts_idx_load3] The index file is older than the data file: /bip7_disk/pingting114/mixed_bam/COLO829_PAO/TF1e-3_25x/TF1e-3_25x.rep1.bam.bai
[W::hts_idx_load3] The index file is older than the data file: /bip7_disk/pingting114/mixed_bam/COLO829_PAO/TF1e-3_25x/TF1e-3_25x.rep1.bam.bai
[W::hts_idx_load3] The index file is older than the data file: /bip7_disk/pingting114/mixed_bam/COLO829_PAO/TF1e-3_25x/TF1e-3_25x.rep1.bam.bai
[W::hts_idx_load3] The index file is older than the data file: /bip7_disk/pingting114/mixed_bam/COLO829_PAO/TF1e-3_25x/TF1e-3_25x.rep1.bam.bai
[W::bam_next_basemod] MM tag refers to bases beyond sequence length
[W::hts_idx_load3] The index file is older than the data file: /bip7_disk/pingting114/mixed_bam/COLO829_PAO/TF1e-3_25x/TF1e-3_25x.rep1.bam.bai
[E::bam_parse_basemod2] c29c673b-abe7-46df-ada5-e670d7139b07: MM tag refers to bases beyond sequence length
[W::hts_idx_load3] The index file is older than the data file: /bip7_disk/pingting114/mixed_bam/COLO829_PAO/TF1e-3_25x/TF1e-3_25x.rep1.bam.bai
[W::hts_idx_load3] The index file is older than the data file: /bip7_disk/pingting114/mixed_bam/COLO829_PAO/TF1e-3_25x/TF1e-3_25x.rep1.bam.bai
[W::bam_next_basemod] MM tag refers to bases beyond sequence length
[W::hts_idx_load3] The index file is older than the data file: /bip7_disk/pingting114/mixed_bam/COLO829_PAO/TF1e-3_25x/TF1e-3_25x.rep1.bam.bai
[W::hts_idx_load3] The index file is older than the data file: /bip7_disk/pingting114/mixed_bam/COLO829_PAO/TF1e-3_25x/TF1e-3_25x.rep1.bam.bai
[W::bam_next_basemod] MM tag refers to bases beyond sequence length
[W::hts_idx_load3] The index file is older than the data file: /bip7_disk/pingting114/mixed_bam/COLO829_PAO/TF1e-3_25x/TF1e-3_25x.rep1.bam.bai
[W::bam_next_basemod] MM tag refers to bases beyond sequence length
[W::hts_idx_load3] The index file is older than the data file: /bip7_disk/pingting114/mixed_bam/COLO829_PAO/TF1e-3_25x/TF1e-3_25x.rep1.bam.bai
[W::hts_idx_load3] The index file is older than the data file: /bip7_disk/pingting114/mixed_bam/COLO829_PAO/TF1e-3_25x/TF1e-3_25x.rep1.bam.bai
[W::hts_idx_load3] The index file is older than the data file: /bip7_disk/pingting114/mixed_bam/COLO829_PAO/TF1e-3_25x/TF1e-3_25x.rep1.bam.bai
[W::hts_idx_load3] The index file is older than the data file: /bip7_disk/pingting114/mixed_bam/COLO829_PAO/TF1e-3_25x/TF1e-3_25x.rep1.bam.bai
[E::bam_parse_basemod2] 6d1e9834-cd3e-41af-b6b1-aca464810972: MM tag refers to bases beyond sequence length
[W::hts_idx_load3] The index file is older than the data file: /bip7_disk/pingting114/mixed_bam/COLO829_PAO/TF1e-3_25x/TF1e-3_25x.rep1.bam.bai
[W::hts_idx_load3] The index file is older than the data file: /bip7_disk/pingting114/mixed_bam/COLO829_PAO/TF1e-3_25x/TF1e-3_25x.rep1.bam.bai
[W::hts_idx_load3] The index file is older than the data file: /bip7_disk/pingting114/mixed_bam/COLO829_PAO/TF1e-3_25x/TF1e-3_25x.rep1.bam.bai
[W::hts_idx_load3] The index file is older than the data file: /bip7_disk/pingting114/mixed_bam/COLO829_PAO/TF1e-3_25x/TF1e-3_25x.rep1.bam.bai
[W::hts_idx_load3] The index file is older than the data file: /bip7_disk/pingting114/mixed_bam/COLO829_PAO/TF1e-3_25x/TF1e-3_25x.rep1.bam.bai
[W::bam_next_basemod] MM tag refers to bases beyond sequence length
[W::hts_idx_load3] The index file is older than the data file: /bip7_disk/pingting114/mixed_bam/COLO829_PAO/TF1e-3_25x/TF1e-3_25x.rep1.bam.bai
[W::hts_idx_load3] The index file is older than the data file: /bip7_disk/pingting114/mixed_bam/COLO829_PAO/TF1e-3_25x/TF1e-3_25x.rep1.bam.bai
[W::hts_idx_load3] The index file is older than the data file: /bip7_disk/pingting114/mixed_bam/COLO829_PAO/TF1e-3_25x/TF1e-3_25x.rep1.bam.bai
[W::hts_idx_load3] The index file is older than the data file: /bip7_disk/pingting114/mixed_bam/COLO829_PAO/TF1e-3_25x/TF1e-3_25x.rep1.bam.bai
[W::hts_idx_load3] The index file is older than the data file: /bip7_disk/pingting114/mixed_bam/COLO829_PAO/TF1e-3_25x/TF1e-3_25x.rep1.bam.bai
[W::hts_idx_load3] The index file is older than the data file: /bip7_disk/pingting114/mixed_bam/COLO829_PAO/TF1e-3_25x/TF1e-3_25x.rep1.bam.bai
[E::bam_parse_basemod2] 20821812-4e3a-4977-b98d-5c6d516ac336: MM tag refers to bases beyond sequence length
[W::hts_idx_load3] The index file is older than the data file: /bip7_disk/pingting114/mixed_bam/COLO829_PAO/TF1e-3_25x/TF1e-3_25x.rep1.bam.bai
[W::hts_idx_load3] The index file is older than the data file: /bip7_disk/pingting114/mixed_bam/COLO829_PAO/TF1e-3_25x/TF1e-3_25x.rep1.bam.bai
[W::hts_idx_load3] The index file is older than the data file: /bip7_disk/pingting114/mixed_bam/COLO829_PAO/TF1e-3_25x/TF1e-3_25x.rep1.bam.bai
[W::bam_next_basemod] MM tag refers to bases beyond sequence length
[W::hts_idx_load3] The index file is older than the data file: /bip7_disk/pingting114/mixed_bam/COLO829_PAO/TF1e-3_25x/TF1e-3_25x.rep1.bam.bai
[E::bam_parse_basemod2] 4a9360a7-b994-4e8d-9de6-d8cc9fcc5d8d: MM tag refers to bases beyond sequence length
[W::hts_idx_load3] The index file is older than the data file: /bip7_disk/pingting114/mixed_bam/COLO829_PAO/TF1e-3_25x/TF1e-3_25x.rep1.bam.bai
[W::hts_idx_load3] The index file is older than the data file: /bip7_disk/pingting114/mixed_bam/COLO829_PAO/TF1e-3_25x/TF1e-3_25x.rep1.bam.bai
[W::hts_idx_load3] The index file is older than the data file: /bip7_disk/pingting114/mixed_bam/COLO829_PAO/TF1e-3_25x/TF1e-3_25x.rep1.bam.bai
[W::hts_idx_load3] The index file is older than the data file: /bip7_disk/pingting114/mixed_bam/COLO829_PAO/TF1e-3_25x/TF1e-3_25x.rep1.bam.bai
[W::hts_idx_load3] The index file is older than the data file: /bip7_disk/pingting114/mixed_bam/COLO829_PAO/TF1e-3_25x/TF1e-3_25x.rep1.bam.bai
[W::hts_idx_load3] The index file is older than the data file: /bip7_disk/pingting114/mixed_bam/COLO829_PAO/TF1e-3_25x/TF1e-3_25x.rep1.bam.bai
[E::bam_parse_basemod2] da26b3dc-75cd-494e-a44a-f580f03182c2: MM tag refers to bases beyond sequence length
[W::hts_idx_load3] The index file is older than the data file: /bip7_disk/pingting114/mixed_bam/COLO829_PAO/TF1e-3_25x/TF1e-3_25x.rep1.bam.bai
[W::hts_idx_load3] The index file is older than the data file: /bip7_disk/pingting114/mixed_bam/COLO829_PAO/TF1e-3_25x/TF1e-3_25x.rep1.bam.bai
[W::hts_idx_load3] The index file is older than the data file: /bip7_disk/pingting114/mixed_bam/COLO829_PAO/TF1e-3_25x/TF1e-3_25x.rep1.bam.bai
[W::hts_idx_load3] The index file is older than the data file: /bip7_disk/pingting114/mixed_bam/COLO829_PAO/TF1e-3_25x/TF1e-3_25x.rep1.bam.bai
[W::bam_next_basemod] MM tag refers to bases beyond sequence length
[W::hts_idx_load3] The index file is older than the data file: /bip7_disk/pingting114/mixed_bam/COLO829_PAO/TF1e-3_25x/TF1e-3_25x.rep1.bam.bai
[W::hts_idx_load3] The index file is older than the data file: /bip7_disk/pingting114/mixed_bam/COLO829_PAO/TF1e-3_25x/TF1e-3_25x.rep1.bam.bai
[W::hts_idx_load3] The index file is older than the data file: /bip7_disk/pingting114/mixed_bam/COLO829_PAO/TF1e-3_25x/TF1e-3_25x.rep1.bam.bai
[W::hts_idx_load3] The index file is older than the data file: /bip7_disk/pingting114/mixed_bam/COLO829_PAO/TF1e-3_25x/TF1e-3_25x.rep1.bam.bai
[W::hts_idx_load3] The index file is older than the data file: /bip7_disk/pingting114/mixed_bam/COLO829_PAO/TF1e-3_25x/TF1e-3_25x.rep1.bam.bai
[W::hts_idx_load3] The index file is older than the data file: /bip7_disk/pingting114/mixed_bam/COLO829_PAO/TF1e-3_25x/TF1e-3_25x.rep1.bam.bai
[E::bam_parse_basemod2] 7faaffe4-3d75-4f4e-a7dc-f417c75ef96c: MM tag refers to bases beyond sequence length
[W::hts_idx_load3] The index file is older than the data file: /bip7_disk/pingting114/mixed_bam/COLO829_PAO/TF1e-3_25x/TF1e-3_25x.rep1.bam.bai
[E::bam_parse_basemod2] c0ef479d-a716-443f-af2e-44901b69205f: MM tag refers to bases beyond sequence length
[W::hts_idx_load3] The index file is older than the data file: /bip7_disk/pingting114/mixed_bam/COLO829_PAO/TF1e-3_25x/TF1e-3_25x.rep1.bam.bai
[W::hts_idx_load3] The index file is older than the data file: /bip7_disk/pingting114/mixed_bam/COLO829_PAO/TF1e-3_25x/TF1e-3_25x.rep1.bam.bai
[W::hts_idx_load3] The index file is older than the data file: /bip7_disk/pingting114/mixed_bam/COLO829_PAO/TF1e-3_25x/TF1e-3_25x.rep1.bam.bai
[W::hts_idx_load3] The index file is older than the data file: /bip7_disk/pingting114/mixed_bam/COLO829_PAO/TF1e-3_25x/TF1e-3_25x.rep1.bam.bai
[W::hts_idx_load3] The index file is older than the data file: /bip7_disk/pingting114/mixed_bam/COLO829_PAO/TF1e-3_25x/TF1e-3_25x.rep1.bam.bai
[W::hts_idx_load3] The index file is older than the data file: /bip7_disk/pingting114/mixed_bam/COLO829_PAO/TF1e-3_25x/TF1e-3_25x.rep1.bam.bai
[W::hts_idx_load3] The index file is older than the data file: /bip7_disk/pingting114/mixed_bam/COLO829_PAO/TF1e-3_25x/TF1e-3_25x.rep1.bam.bai
[W::hts_idx_load3] The index file is older than the data file: /bip7_disk/pingting114/mixed_bam/COLO829_PAO/TF1e-3_25x/TF1e-3_25x.rep1.bam.bai
[W::hts_idx_load3] The index file is older than the data file: /bip7_disk/pingting114/mixed_bam/COLO829_PAO/TF1e-3_25x/TF1e-3_25x.rep1.bam.bai
[W::hts_idx_load3] The index file is older than the data file: /bip7_disk/pingting114/mixed_bam/COLO829_PAO/TF1e-3_25x/TF1e-3_25x.rep1.bam.bai
[E::bam_parse_basemod2] bfb310ca-3175-4019-907e-172eb7fd5dd9: MM tag refers to bases beyond sequence length
[W::hts_idx_load3] The index file is older than the data file: /bip7_disk/pingting114/mixed_bam/COLO829_PAO/TF1e-3_25x/TF1e-3_25x.rep1.bam.bai
[W::hts_idx_load3] The index file is older than the data file: /bip7_disk/pingting114/mixed_bam/COLO829_PAO/TF1e-3_25x/TF1e-3_25x.rep1.bam.bai
[W::hts_idx_load3] The index file is older than the data file: /bip7_disk/pingting114/mixed_bam/COLO829_PAO/TF1e-3_25x/TF1e-3_25x.rep1.bam.bai
[W::bam_next_basemod] MM tag refers to bases beyond sequence length
[E::bam_parse_basemod2] 11de9e66-7247-49c0-ba16-0ac650192da3: MM tag refers to bases beyond sequence length
[W::hts_idx_load3] The index file is older than the data file: /bip7_disk/pingting114/mixed_bam/COLO829_PAO/TF1e-3_25x/TF1e-3_25x.rep1.bam.bai
[W::hts_idx_load3] The index file is older than the data file: /bip7_disk/pingting114/mixed_bam/COLO829_PAO/TF1e-3_25x/TF1e-3_25x.rep1.bam.bai
[E::bam_parse_basemod2] 97ccc338-0048-4e6f-a398-89ba555fd359: MM tag refers to bases beyond sequence length
[W::hts_idx_load3] The index file is older than the data file: /bip7_disk/pingting114/mixed_bam/COLO829_PAO/TF1e-3_25x/TF1e-3_25x.rep1.bam.bai
[E::bam_parse_basemod2] 32121697-e3d6-4f58-9b22-616ffe05ef6d: MM tag refers to bases beyond sequence length
[W::hts_idx_load3] The index file is older than the data file: /bip7_disk/pingting114/mixed_bam/COLO829_PAO/TF1e-3_25x/TF1e-3_25x.rep1.bam.bai
[W::hts_idx_load3] The index file is older than the data file: /bip7_disk/pingting114/mixed_bam/COLO829_PAO/TF1e-3_25x/TF1e-3_25x.rep1.bam.bai
[W::hts_idx_load3] The index file is older than the data file: /bip7_disk/pingting114/mixed_bam/COLO829_PAO/TF1e-3_25x/TF1e-3_25x.rep1.bam.bai
[W::hts_idx_load3] The index file is older than the data file: /bip7_disk/pingting114/mixed_bam/COLO829_PAO/TF1e-3_25x/TF1e-3_25x.rep1.bam.bai
[W::hts_idx_load3] The index file is older than the data file: /bip7_disk/pingting114/mixed_bam/COLO829_PAO/TF1e-3_25x/TF1e-3_25x.rep1.bam.bai
[W::hts_idx_load3] The index file is older than the data file: /bip7_disk/pingting114/mixed_bam/COLO829_PAO/TF1e-3_25x/TF1e-3_25x.rep1.bam.bai
[W::hts_idx_load3] The index file is older than the data file: /bip7_disk/pingting114/mixed_bam/COLO829_PAO/TF1e-3_25x/TF1e-3_25x.rep1.bam.bai
[W::hts_idx_load3] The index file is older than the data file: /bip7_disk/pingting114/mixed_bam/COLO829_PAO/TF1e-3_25x/TF1e-3_25x.rep1.bam.bai
[W::bam_next_basemod] MM tag refers to bases beyond sequence length
[W::hts_idx_load3] The index file is older than the data file: /bip7_disk/pingting114/mixed_bam/COLO829_PAO/TF1e-3_25x/TF1e-3_25x.rep1.bam.bai
[W::hts_idx_load3] The index file is older than the data file: /bip7_disk/pingting114/mixed_bam/COLO829_PAO/TF1e-3_25x/TF1e-3_25x.rep1.bam.bai
[W::bam_next_basemod] MM tag refers to bases beyond sequence length
[W::bam_next_basemod] MM tag refers to bases beyond sequence length
[W::bam_next_basemod] MM tag refers to bases beyond sequence length
[W::hts_idx_load3] The index file is older than the data file: /bip7_disk/pingting114/mixed_bam/COLO829_PAO/TF1e-3_25x/TF1e-3_25x.rep1.bam.bai
[W::hts_idx_load3] The index file is older than the data file: /bip7_disk/pingting114/mixed_bam/COLO829_PAO/TF1e-3_25x/TF1e-3_25x.rep1.bam.bai
[W::bam_next_basemod] MM tag refers to bases beyond sequence length
[W::hts_idx_load3] The index file is older than the data file: /bip7_disk/pingting114/mixed_bam/COLO829_PAO/TF1e-3_25x/TF1e-3_25x.rep1.bam.bai
[W::hts_idx_load3] The index file is older than the data file: /bip7_disk/pingting114/mixed_bam/COLO829_PAO/TF1e-3_25x/TF1e-3_25x.rep1.bam.bai
[W::bam_next_basemod] MM tag refers to bases beyond sequence length
[W::hts_idx_load3] The index file is older than the data file: /bip7_disk/pingting114/mixed_bam/COLO829_PAO/TF1e-3_25x/TF1e-3_25x.rep1.bam.bai
[W::hts_idx_load3] The index file is older than the data file: /bip7_disk/pingting114/mixed_bam/COLO829_PAO/TF1e-3_25x/TF1e-3_25x.rep1.bam.bai
[W::hts_idx_load3] The index file is older than the data file: /bip7_disk/pingting114/mixed_bam/COLO829_PAO/TF1e-3_25x/TF1e-3_25x.rep1.bam.bai
[W::hts_idx_load3] The index file is older than the data file: /bip7_disk/pingting114/mixed_bam/COLO829_PAO/TF1e-3_25x/TF1e-3_25x.rep1.bam.bai
[E::bam_parse_basemod2] 5d84a5c4-6ec8-4ffa-be0e-fc7940ca38bf: MM tag refers to bases beyond sequence length
[W::hts_idx_load3] The index file is older than the data file: /bip7_disk/pingting114/mixed_bam/COLO829_PAO/TF1e-3_25x/TF1e-3_25x.rep1.bam.bai
[W::hts_idx_load3] The index file is older than the data file: /bip7_disk/pingting114/mixed_bam/COLO829_PAO/TF1e-3_25x/TF1e-3_25x.rep1.bam.bai
[W::hts_idx_load3] The index file is older than the data file: /bip7_disk/pingting114/mixed_bam/COLO829_PAO/TF1e-3_25x/TF1e-3_25x.rep1.bam.bai
[W::hts_idx_load3] The index file is older than the data file: /bip7_disk/pingting114/mixed_bam/COLO829_PAO/TF1e-3_25x/TF1e-3_25x.rep1.bam.bai
[W::hts_idx_load3] The index file is older than the data file: /bip7_disk/pingting114/mixed_bam/COLO829_PAO/TF1e-3_25x/TF1e-3_25x.rep1.bam.bai
[W::hts_idx_load3] The index file is older than the data file: /bip7_disk/pingting114/mixed_bam/COLO829_PAO/TF1e-3_25x/TF1e-3_25x.rep1.bam.bai
[W::hts_idx_load3] The index file is older than the data file: /bip7_disk/pingting114/mixed_bam/COLO829_PAO/TF1e-3_25x/TF1e-3_25x.rep1.bam.bai
[W::hts_idx_load3] The index file is older than the data file: /bip7_disk/pingting114/mixed_bam/COLO829_PAO/TF1e-3_25x/TF1e-3_25x.rep1.bam.bai
[W::hts_idx_load3] The index file is older than the data file: /bip7_disk/pingting114/mixed_bam/COLO829_PAO/TF1e-3_25x/TF1e-3_25x.rep1.bam.bai
[W::bam_next_basemod] MM tag refers to bases beyond sequence length
[W::bam_next_basemod] MM tag refers to bases beyond sequence length
[E::bam_parse_basemod2] 1f36bb23-b5a3-42a7-af24-392dc21ff35e: MM tag refers to bases beyond sequence length
[W::hts_idx_load3] The index file is older than the data file: /bip7_disk/pingting114/mixed_bam/COLO829_PAO/TF1e-3_25x/TF1e-3_25x.rep1.bam.bai
[W::bam_next_basemod] MM tag refers to bases beyond sequence length
[W::hts_idx_load3] The index file is older than the data file: /bip7_disk/pingting114/mixed_bam/COLO829_PAO/TF1e-3_25x/TF1e-3_25x.rep1.bam.bai
[W::hts_idx_load3] The index file is older than the data file: /bip7_disk/pingting114/mixed_bam/COLO829_PAO/TF1e-3_25x/TF1e-3_25x.rep1.bam.bai
[E::bam_parse_basemod2] e93b2536-57bd-4ea1-b4ae-37b82e10a24f: MM tag refers to bases beyond sequence length
[W::hts_idx_load3] The index file is older than the data file: /bip7_disk/pingting114/mixed_bam/COLO829_PAO/TF1e-3_25x/TF1e-3_25x.rep1.bam.bai
[W::bam_next_basemod] MM tag refers to bases beyond sequence length
[W::hts_idx_load3] The index file is older than the data file: /bip7_disk/pingting114/mixed_bam/COLO829_PAO/TF1e-3_25x/TF1e-3_25x.rep1.bam.bai
[W::hts_idx_load3] The index file is older than the data file: /bip7_disk/pingting114/mixed_bam/COLO829_PAO/TF1e-3_25x/TF1e-3_25x.rep1.bam.bai
[W::hts_idx_load3] The index file is older than the data file: /bip7_disk/pingting114/mixed_bam/COLO829_PAO/TF1e-3_25x/TF1e-3_25x.rep1.bam.bai
[W::bam_next_basemod] MM tag refers to bases beyond sequence length
[W::hts_idx_load3] The index file is older than the data file: /bip7_disk/pingting114/mixed_bam/COLO829_PAO/TF1e-3_25x/TF1e-3_25x.rep1.bam.bai
[W::hts_idx_load3] The index file is older than the data file: /bip7_disk/pingting114/mixed_bam/COLO829_PAO/TF1e-3_25x/TF1e-3_25x.rep1.bam.bai
[W::hts_idx_load3] The index file is older than the data file: /bip7_disk/pingting114/mixed_bam/COLO829_PAO/TF1e-3_25x/TF1e-3_25x.rep1.bam.bai
[E::bam_parse_basemod2] 3bd3ef8d-5846-4d6e-8c49-bbf03ff07905: MM tag refers to bases beyond sequence length
[E::bam_parse_basemod2] df6f6dcc-d78b-4784-92a3-9651ccf8661f: MM tag refers to bases beyond sequence length
[E::bam_parse_basemod2] f8f44cae-7d6b-4951-af8c-a87b327ebbf9: MM tag refers to bases beyond sequence length
[E::bam_parse_basemod2] 00ad1575-1a71-4bc0-a9bf-d722cd378317: MM tag refers to bases beyond sequence length
[E::bam_parse_basemod2] 8b52f1a3-5bed-49ff-adcb-4bb3723999ca: MM tag refers to bases beyond sequence length
[W::hts_idx_load3] The index file is older than the data file: /bip7_disk/pingting114/mixed_bam/COLO829_PAO/TF1e-3_25x/TF1e-3_25x.rep1.bam.bai
[W::hts_idx_load3] The index file is older than the data file: /bip7_disk/pingting114/mixed_bam/COLO829_PAO/TF1e-3_25x/TF1e-3_25x.rep1.bam.bai
[W::bam_next_basemod] MM tag refers to bases beyond sequence length
[W::hts_idx_load3] The index file is older than the data file: /bip7_disk/pingting114/mixed_bam/COLO829_PAO/TF1e-3_25x/TF1e-3_25x.rep1.bam.bai
[W::bam_next_basemod] MM tag refers to bases beyond sequence length
[W::hts_idx_load3] The index file is older than the data file: /bip7_disk/pingting114/mixed_bam/COLO829_PAO/TF1e-3_25x/TF1e-3_25x.rep1.bam.bai
[W::hts_idx_load3] The index file is older than the data file: /bip7_disk/pingting114/mixed_bam/COLO829_PAO/TF1e-3_25x/TF1e-3_25x.rep1.bam.bai
[W::bam_next_basemod] MM tag refers to bases beyond sequence length
[W::hts_idx_load3] The index file is older than the data file: /bip7_disk/pingting114/mixed_bam/COLO829_PAO/TF1e-3_25x/TF1e-3_25x.rep1.bam.bai
[W::hts_idx_load3] The index file is older than the data file: /bip7_disk/pingting114/mixed_bam/COLO829_PAO/TF1e-3_25x/TF1e-3_25x.rep1.bam.bai
[W::bam_next_basemod] MM tag refers to bases beyond sequence length
[W::hts_idx_load3] The index file is older than the data file: /bip7_disk/pingting114/mixed_bam/COLO829_PAO/TF1e-3_25x/TF1e-3_25x.rep1.bam.bai
[E::bam_parse_basemod2] 477ee87c-885e-4e93-8f10-9ab67a0b1ab0: MM tag refers to bases beyond sequence length
[W::hts_idx_load3] The index file is older than the data file: /bip7_disk/pingting114/mixed_bam/COLO829_PAO/TF1e-3_25x/TF1e-3_25x.rep1.bam.bai
[W::hts_idx_load3] The index file is older than the data file: /bip7_disk/pingting114/mixed_bam/COLO829_PAO/TF1e-3_25x/TF1e-3_25x.rep1.bam.bai
[E::bam_parse_basemod2] d39b2f58-d5d5-4110-8be5-24aa8da9ef83: MM tag refers to bases beyond sequence length
[W::hts_idx_load3] The index file is older than the data file: /bip7_disk/pingting114/mixed_bam/COLO829_PAO/TF1e-3_25x/TF1e-3_25x.rep1.bam.bai
[W::hts_idx_load3] The index file is older than the data file: /bip7_disk/pingting114/mixed_bam/COLO829_PAO/TF1e-3_25x/TF1e-3_25x.rep1.bam.bai
[W::hts_idx_load3] The index file is older than the data file: /bip7_disk/pingting114/mixed_bam/COLO829_PAO/TF1e-3_25x/TF1e-3_25x.rep1.bam.bai
[W::hts_idx_load3] The index file is older than the data file: /bip7_disk/pingting114/mixed_bam/COLO829_PAO/TF1e-3_25x/TF1e-3_25x.rep1.bam.bai
[W::hts_idx_load3] The index file is older than the data file: /bip7_disk/pingting114/mixed_bam/COLO829_PAO/TF1e-3_25x/TF1e-3_25x.rep1.bam.bai
[W::hts_idx_load3] The index file is older than the data file: /bip7_disk/pingting114/mixed_bam/COLO829_PAO/TF1e-3_25x/TF1e-3_25x.rep1.bam.bai
[W::hts_idx_load3] The index file is older than the data file: /bip7_disk/pingting114/mixed_bam/COLO829_PAO/TF1e-3_25x/TF1e-3_25x.rep1.bam.bai
[E::bam_parse_basemod2] fab21b01-8b9e-4b13-b209-77f140479972: MM tag refers to bases beyond sequence length
[W::hts_idx_load3] The index file is older than the data file: /bip7_disk/pingting114/mixed_bam/COLO829_PAO/TF1e-3_25x/TF1e-3_25x.rep1.bam.bai
[E::bam_parse_basemod2] 0b762b48-5e71-4cb0-a813-8a21fde30fd3: MM tag refers to bases beyond sequence length
[W::hts_idx_load3] The index file is older than the data file: /bip7_disk/pingting114/mixed_bam/COLO829_PAO/TF1e-3_25x/TF1e-3_25x.rep1.bam.bai
[W::hts_idx_load3] The index file is older than the data file: /bip7_disk/pingting114/mixed_bam/COLO829_PAO/TF1e-3_25x/TF1e-3_25x.rep1.bam.bai
[W::hts_idx_load3] The index file is older than the data file: /bip7_disk/pingting114/mixed_bam/COLO829_PAO/TF1e-3_25x/TF1e-3_25x.rep1.bam.bai
[W::hts_idx_load3] The index file is older than the data file: /bip7_disk/pingting114/mixed_bam/COLO829_PAO/TF1e-3_25x/TF1e-3_25x.rep1.bam.bai
[W::bam_next_basemod] MM tag refers to bases beyond sequence length
[W::bam_next_basemod] MM tag refers to bases beyond sequence length
[W::hts_idx_load3] The index file is older than the data file: /bip7_disk/pingting114/mixed_bam/COLO829_PAO/TF1e-3_25x/TF1e-3_25x.rep1.bam.bai
[W::hts_idx_load3] The index file is older than the data file: /bip7_disk/pingting114/mixed_bam/COLO829_PAO/TF1e-3_25x/TF1e-3_25x.rep1.bam.bai
[W::bam_next_basemod] MM tag refers to bases beyond sequence length
[W::hts_idx_load3] The index file is older than the data file: /bip7_disk/pingting114/mixed_bam/COLO829_PAO/TF1e-3_25x/TF1e-3_25x.rep1.bam.bai
[W::hts_idx_load3] The index file is older than the data file: /bip7_disk/pingting114/mixed_bam/COLO829_PAO/TF1e-3_25x/TF1e-3_25x.rep1.bam.bai
[W::hts_idx_load3] The index file is older than the data file: /bip7_disk/pingting114/mixed_bam/COLO829_PAO/TF1e-3_25x/TF1e-3_25x.rep1.bam.bai
[W::bam_next_basemod] MM tag refers to bases beyond sequence length
  TF1e-3_25x.rep1.bam cand 1000/4000
[W::hts_idx_load3] The index file is older than the data file: /bip7_disk/pingting114/mixed_bam/COLO829_PAO/TF1e-3_25x/TF1e-3_25x.rep1.bam.bai
[W::bam_next_basemod] MM tag refers to bases beyond sequence length
[W::hts_idx_load3] The index file is older than the data file: /bip7_disk/pingting114/mixed_bam/COLO829_PAO/TF1e-3_25x/TF1e-3_25x.rep1.bam.bai
[W::hts_idx_load3] The index file is older than the data file: /bip7_disk/pingting114/mixed_bam/COLO829_PAO/TF1e-3_25x/TF1e-3_25x.rep1.bam.bai
[W::hts_idx_load3] The index file is older than the data file: /bip7_disk/pingting114/mixed_bam/COLO829_PAO/TF1e-3_25x/TF1e-3_25x.rep1.bam.bai
[W::bam_next_basemod] MM tag refers to bases beyond sequence length
[W::hts_idx_load3] The index file is older than the data file: /bip7_disk/pingting114/mixed_bam/COLO829_PAO/TF1e-3_25x/TF1e-3_25x.rep1.bam.bai
[W::hts_idx_load3] The index file is older than the data file: /bip7_disk/pingting114/mixed_bam/COLO829_PAO/TF1e-3_25x/TF1e-3_25x.rep1.bam.bai
[W::hts_idx_load3] The index file is older than the data file: /bip7_disk/pingting114/mixed_bam/COLO829_PAO/TF1e-3_25x/TF1e-3_25x.rep1.bam.bai
[W::hts_idx_load3] The index file is older than the data file: /bip7_disk/pingting114/mixed_bam/COLO829_PAO/TF1e-3_25x/TF1e-3_25x.rep1.bam.bai
[W::hts_idx_load3] The index file is older than the data file: /bip7_disk/pingting114/mixed_bam/COLO829_PAO/TF1e-3_25x/TF1e-3_25x.rep1.bam.bai
[W::hts_idx_load3] The index file is older than the data file: /bip7_disk/pingting114/mixed_bam/COLO829_PAO/TF1e-3_25x/TF1e-3_25x.rep1.bam.bai
[W::bam_next_basemod] MM tag refers to bases beyond sequence length
[W::hts_idx_load3] The index file is older than the data file: /bip7_disk/pingting114/mixed_bam/COLO829_PAO/TF1e-3_25x/TF1e-3_25x.rep1.bam.bai
[W::hts_idx_load3] The index file is older than the data file: /bip7_disk/pingting114/mixed_bam/COLO829_PAO/TF1e-3_25x/TF1e-3_25x.rep1.bam.bai
[W::hts_idx_load3] The index file is older than the data file: /bip7_disk/pingting114/mixed_bam/COLO829_PAO/TF1e-3_25x/TF1e-3_25x.rep1.bam.bai
[W::hts_idx_load3] The index file is older than the data file: /bip7_disk/pingting114/mixed_bam/COLO829_PAO/TF1e-3_25x/TF1e-3_25x.rep1.bam.bai
[W::bam_next_basemod] MM tag refers to bases beyond sequence length
[W::hts_idx_load3] The index file is older than the data file: /bip7_disk/pingting114/mixed_bam/COLO829_PAO/TF1e-3_25x/TF1e-3_25x.rep1.bam.bai
[W::hts_idx_load3] The index file is older than the data file: /bip7_disk/pingting114/mixed_bam/COLO829_PAO/TF1e-3_25x/TF1e-3_25x.rep1.bam.bai
[E::bam_parse_basemod2] 316ae9a4-c735-4888-b174-c9adc72c3f8b: MM tag refers to bases beyond sequence length
[W::hts_idx_load3] The index file is older than the data file: /bip7_disk/pingting114/mixed_bam/COLO829_PAO/TF1e-3_25x/TF1e-3_25x.rep1.bam.bai
[W::hts_idx_load3] The index file is older than the data file: /bip7_disk/pingting114/mixed_bam/COLO829_PAO/TF1e-3_25x/TF1e-3_25x.rep1.bam.bai
[W::hts_idx_load3] The index file is older than the data file: /bip7_disk/pingting114/mixed_bam/COLO829_PAO/TF1e-3_25x/TF1e-3_25x.rep1.bam.bai
[W::hts_idx_load3] The index file is older than the data file: /bip7_disk/pingting114/mixed_bam/COLO829_PAO/TF1e-3_25x/TF1e-3_25x.rep1.bam.bai
[W::hts_idx_load3] The index file is older than the data file: /bip7_disk/pingting114/mixed_bam/COLO829_PAO/TF1e-3_25x/TF1e-3_25x.rep1.bam.bai
[W::hts_idx_load3] The index file is older than the data file: /bip7_disk/pingting114/mixed_bam/COLO829_PAO/TF1e-3_25x/TF1e-3_25x.rep1.bam.bai
[E::bam_parse_basemod2] 20af2c87-df3f-40ef-9f39-b22d2dab96a6: MM tag refers to bases beyond sequence length
[E::bam_parse_basemod2] 552c37e8-c26c-4908-b937-6f45e28e5c84: MM tag refers to bases beyond sequence length
[W::hts_idx_load3] The index file is older than the data file: /bip7_disk/pingting114/mixed_bam/COLO829_PAO/TF1e-3_25x/TF1e-3_25x.rep1.bam.bai
[W::bam_next_basemod] MM tag refers to bases beyond sequence length
[W::hts_idx_load3] The index file is older than the data file: /bip7_disk/pingting114/mixed_bam/COLO829_PAO/TF1e-3_25x/TF1e-3_25x.rep1.bam.bai
[W::hts_idx_load3] The index file is older than the data file: /bip7_disk/pingting114/mixed_bam/COLO829_PAO/TF1e-3_25x/TF1e-3_25x.rep1.bam.bai
[W::bam_next_basemod] MM tag refers to bases beyond sequence length
[W::hts_idx_load3] The index file is older than the data file: /bip7_disk/pingting114/mixed_bam/COLO829_PAO/TF1e-3_25x/TF1e-3_25x.rep1.bam.bai
[W::hts_idx_load3] The index file is older than the data file: /bip7_disk/pingting114/mixed_bam/COLO829_PAO/TF1e-3_25x/TF1e-3_25x.rep1.bam.bai
[W::bam_next_basemod] MM tag refers to bases beyond sequence length
[W::hts_idx_load3] The index file is older than the data file: /bip7_disk/pingting114/mixed_bam/COLO829_PAO/TF1e-3_25x/TF1e-3_25x.rep1.bam.bai
[W::hts_idx_load3] The index file is older than the data file: /bip7_disk/pingting114/mixed_bam/COLO829_PAO/TF1e-3_25x/TF1e-3_25x.rep1.bam.bai
[W::hts_idx_load3] The index file is older than the data file: /bip7_disk/pingting114/mixed_bam/COLO829_PAO/TF1e-3_25x/TF1e-3_25x.rep1.bam.bai
[W::hts_idx_load3] The index file is older than the data file: /bip7_disk/pingting114/mixed_bam/COLO829_PAO/TF1e-3_25x/TF1e-3_25x.rep1.bam.bai
[W::hts_idx_load3] The index file is older than the data file: /bip7_disk/pingting114/mixed_bam/COLO829_PAO/TF1e-3_25x/TF1e-3_25x.rep1.bam.bai
[E::bam_parse_basemod2] 2fcd63b9-9802-4c37-955f-1e00b5acbd20: MM tag refers to bases beyond sequence length
[W::bam_next_basemod] MM tag refers to bases beyond sequence length
[W::hts_idx_load3] The index file is older than the data file: /bip7_disk/pingting114/mixed_bam/COLO829_PAO/TF1e-3_25x/TF1e-3_25x.rep1.bam.bai
[E::bam_parse_basemod2] afbd9145-4f3c-4698-a779-4d8267372618: MM tag refers to bases beyond sequence length
[W::hts_idx_load3] The index file is older than the data file: /bip7_disk/pingting114/mixed_bam/COLO829_PAO/TF1e-3_25x/TF1e-3_25x.rep1.bam.bai
[W::hts_idx_load3] The index file is older than the data file: /bip7_disk/pingting114/mixed_bam/COLO829_PAO/TF1e-3_25x/TF1e-3_25x.rep1.bam.bai
[W::hts_idx_load3] The index file is older than the data file: /bip7_disk/pingting114/mixed_bam/COLO829_PAO/TF1e-3_25x/TF1e-3_25x.rep1.bam.bai
[W::hts_idx_load3] The index file is older than the data file: /bip7_disk/pingting114/mixed_bam/COLO829_PAO/TF1e-3_25x/TF1e-3_25x.rep1.bam.bai
[W::hts_idx_load3] The index file is older than the data file: /bip7_disk/pingting114/mixed_bam/COLO829_PAO/TF1e-3_25x/TF1e-3_25x.rep1.bam.bai
[W::hts_idx_load3] The index file is older than the data file: /bip7_disk/pingting114/mixed_bam/COLO829_PAO/TF1e-3_25x/TF1e-3_25x.rep1.bam.bai
[W::hts_idx_load3] The index file is older than the data file: /bip7_disk/pingting114/mixed_bam/COLO829_PAO/TF1e-3_25x/TF1e-3_25x.rep1.bam.bai
[W::bam_next_basemod] MM tag refers to bases beyond sequence length
[W::hts_idx_load3] The index file is older than the data file: /bip7_disk/pingting114/mixed_bam/COLO829_PAO/TF1e-3_25x/TF1e-3_25x.rep1.bam.bai
[W::hts_idx_load3] The index file is older than the data file: /bip7_disk/pingting114/mixed_bam/COLO829_PAO/TF1e-3_25x/TF1e-3_25x.rep1.bam.bai
[W::hts_idx_load3] The index file is older than the data file: /bip7_disk/pingting114/mixed_bam/COLO829_PAO/TF1e-3_25x/TF1e-3_25x.rep1.bam.bai
[W::hts_idx_load3] The index file is older than the data file: /bip7_disk/pingting114/mixed_bam/COLO829_PAO/TF1e-3_25x/TF1e-3_25x.rep1.bam.bai
[W::bam_next_basemod] MM tag refers to bases beyond sequence length
[W::hts_idx_load3] The index file is older than the data file: /bip7_disk/pingting114/mixed_bam/COLO829_PAO/TF1e-3_25x/TF1e-3_25x.rep1.bam.bai
[W::hts_idx_load3] The index file is older than the data file: /bip7_disk/pingting114/mixed_bam/COLO829_PAO/TF1e-3_25x/TF1e-3_25x.rep1.bam.bai
[W::bam_next_basemod] MM tag refers to bases beyond sequence length
[W::hts_idx_load3] The index file is older than the data file: /bip7_disk/pingting114/mixed_bam/COLO829_PAO/TF1e-3_25x/TF1e-3_25x.rep1.bam.bai
[W::bam_next_basemod] MM tag refers to bases beyond sequence length
[W::hts_idx_load3] The index file is older than the data file: /bip7_disk/pingting114/mixed_bam/COLO829_PAO/TF1e-3_25x/TF1e-3_25x.rep1.bam.bai
[W::hts_idx_load3] The index file is older than the data file: /bip7_disk/pingting114/mixed_bam/COLO829_PAO/TF1e-3_25x/TF1e-3_25x.rep1.bam.bai
[W::hts_idx_load3] The index file is older than the data file: /bip7_disk/pingting114/mixed_bam/COLO829_PAO/TF1e-3_25x/TF1e-3_25x.rep1.bam.bai
[W::hts_idx_load3] The index file is older than the data file: /bip7_disk/pingting114/mixed_bam/COLO829_PAO/TF1e-3_25x/TF1e-3_25x.rep1.bam.bai
[W::hts_idx_load3] The index file is older than the data file: /bip7_disk/pingting114/mixed_bam/COLO829_PAO/TF1e-3_25x/TF1e-3_25x.rep1.bam.bai
[W::hts_idx_load3] The index file is older than the data file: /bip7_disk/pingting114/mixed_bam/COLO829_PAO/TF1e-3_25x/TF1e-3_25x.rep1.bam.bai
[W::hts_idx_load3] The index file is older than the data file: /bip7_disk/pingting114/mixed_bam/COLO829_PAO/TF1e-3_25x/TF1e-3_25x.rep1.bam.bai
[E::bam_parse_basemod2] 97f74ace-b3e9-4867-945d-4bc3c2126315: MM tag refers to bases beyond sequence length
[W::hts_idx_load3] The index file is older than the data file: /bip7_disk/pingting114/mixed_bam/COLO829_PAO/TF1e-3_25x/TF1e-3_25x.rep1.bam.bai
[W::bam_next_basemod] MM tag refers to bases beyond sequence length
[W::hts_idx_load3] The index file is older than the data file: /bip7_disk/pingting114/mixed_bam/COLO829_PAO/TF1e-3_25x/TF1e-3_25x.rep1.bam.bai
[W::hts_idx_load3] The index file is older than the data file: /bip7_disk/pingting114/mixed_bam/COLO829_PAO/TF1e-3_25x/TF1e-3_25x.rep1.bam.bai
[E::bam_parse_basemod2] 91c30e72-9b85-4fa8-b825-d251116d4a43: MM tag refers to bases beyond sequence length
[W::bam_next_basemod] MM tag refers to bases beyond sequence length
[W::hts_idx_load3] The index file is older than the data file: /bip7_disk/pingting114/mixed_bam/COLO829_PAO/TF1e-3_25x/TF1e-3_25x.rep1.bam.bai
[W::hts_idx_load3] The index file is older than the data file: /bip7_disk/pingting114/mixed_bam/COLO829_PAO/TF1e-3_25x/TF1e-3_25x.rep1.bam.bai
[W::hts_idx_load3] The index file is older than the data file: /bip7_disk/pingting114/mixed_bam/COLO829_PAO/TF1e-3_25x/TF1e-3_25x.rep1.bam.bai
[W::hts_idx_load3] The index file is older than the data file: /bip7_disk/pingting114/mixed_bam/COLO829_PAO/TF1e-3_25x/TF1e-3_25x.rep1.bam.bai
[W::hts_idx_load3] The index file is older than the data file: /bip7_disk/pingting114/mixed_bam/COLO829_PAO/TF1e-3_25x/TF1e-3_25x.rep1.bam.bai
[E::bam_parse_basemod2] 4455dec9-839f-4fd6-bfe6-16392be559a7: MM tag refers to bases beyond sequence length
[E::bam_parse_basemod2] 4c400a62-3fe4-41ff-9496-b96f153f7b86: MM tag refers to bases beyond sequence length
[W::hts_idx_load3] The index file is older than the data file: /bip7_disk/pingting114/mixed_bam/COLO829_PAO/TF1e-3_25x/TF1e-3_25x.rep1.bam.bai
[W::hts_idx_load3] The index file is older than the data file: /bip7_disk/pingting114/mixed_bam/COLO829_PAO/TF1e-3_25x/TF1e-3_25x.rep1.bam.bai
[W::hts_idx_load3] The index file is older than the data file: /bip7_disk/pingting114/mixed_bam/COLO829_PAO/TF1e-3_25x/TF1e-3_25x.rep1.bam.bai
[W::hts_idx_load3] The index file is older than the data file: /bip7_disk/pingting114/mixed_bam/COLO829_PAO/TF1e-3_25x/TF1e-3_25x.rep1.bam.bai
[W::bam_next_basemod] MM tag refers to bases beyond sequence length
[W::hts_idx_load3] The index file is older than the data file: /bip7_disk/pingting114/mixed_bam/COLO829_PAO/TF1e-3_25x/TF1e-3_25x.rep1.bam.bai
[W::hts_idx_load3] The index file is older than the data file: /bip7_disk/pingting114/mixed_bam/COLO829_PAO/TF1e-3_25x/TF1e-3_25x.rep1.bam.bai
[W::hts_idx_load3] The index file is older than the data file: /bip7_disk/pingting114/mixed_bam/COLO829_PAO/TF1e-3_25x/TF1e-3_25x.rep1.bam.bai
[W::hts_idx_load3] The index file is older than the data file: /bip7_disk/pingting114/mixed_bam/COLO829_PAO/TF1e-3_25x/TF1e-3_25x.rep1.bam.bai
[W::hts_idx_load3] The index file is older than the data file: /bip7_disk/pingting114/mixed_bam/COLO829_PAO/TF1e-3_25x/TF1e-3_25x.rep1.bam.bai
[W::hts_idx_load3] The index file is older than the data file: /bip7_disk/pingting114/mixed_bam/COLO829_PAO/TF1e-3_25x/TF1e-3_25x.rep1.bam.bai
[W::hts_idx_load3] The index file is older than the data file: /bip7_disk/pingting114/mixed_bam/COLO829_PAO/TF1e-3_25x/TF1e-3_25x.rep1.bam.bai
[W::bam_next_basemod] MM tag refers to bases beyond sequence length
[W::hts_idx_load3] The index file is older than the data file: /bip7_disk/pingting114/mixed_bam/COLO829_PAO/TF1e-3_25x/TF1e-3_25x.rep1.bam.bai
[W::hts_idx_load3] The index file is older than the data file: /bip7_disk/pingting114/mixed_bam/COLO829_PAO/TF1e-3_25x/TF1e-3_25x.rep1.bam.bai
[W::hts_idx_load3] The index file is older than the data file: /bip7_disk/pingting114/mixed_bam/COLO829_PAO/TF1e-3_25x/TF1e-3_25x.rep1.bam.bai
[W::hts_idx_load3] The index file is older than the data file: /bip7_disk/pingting114/mixed_bam/COLO829_PAO/TF1e-3_25x/TF1e-3_25x.rep1.bam.bai
[W::bam_next_basemod] MM tag refers to bases beyond sequence length
[W::hts_idx_load3] The index file is older than the data file: /bip7_disk/pingting114/mixed_bam/COLO829_PAO/TF1e-3_25x/TF1e-3_25x.rep1.bam.bai
[W::hts_idx_load3] The index file is older than the data file: /bip7_disk/pingting114/mixed_bam/COLO829_PAO/TF1e-3_25x/TF1e-3_25x.rep1.bam.bai
[E::bam_parse_basemod2] cacddb4c-696d-42ac-9c35-75abb5ef03dc: MM tag refers to bases beyond sequence length
[W::hts_idx_load3] The index file is older than the data file: /bip7_disk/pingting114/mixed_bam/COLO829_PAO/TF1e-3_25x/TF1e-3_25x.rep1.bam.bai
[W::hts_idx_load3] The index file is older than the data file: /bip7_disk/pingting114/mixed_bam/COLO829_PAO/TF1e-3_25x/TF1e-3_25x.rep1.bam.bai
[E::bam_parse_basemod2] 1d7c31b9-cc1d-4930-85e4-3f967e4ee097: MM tag refers to bases beyond sequence length
[W::hts_idx_load3] The index file is older than the data file: /bip7_disk/pingting114/mixed_bam/COLO829_PAO/TF1e-3_25x/TF1e-3_25x.rep1.bam.bai
[W::hts_idx_load3] The index file is older than the data file: /bip7_disk/pingting114/mixed_bam/COLO829_PAO/TF1e-3_25x/TF1e-3_25x.rep1.bam.bai
[E::bam_parse_basemod2] a35190a5-9e09-4dc4-aeec-7525ae9fdfe6: MM tag refers to bases beyond sequence length
[W::hts_idx_load3] The index file is older than the data file: /bip7_disk/pingting114/mixed_bam/COLO829_PAO/TF1e-3_25x/TF1e-3_25x.rep1.bam.bai
[W::hts_idx_load3] The index file is older than the data file: /bip7_disk/pingting114/mixed_bam/COLO829_PAO/TF1e-3_25x/TF1e-3_25x.rep1.bam.bai
[W::hts_idx_load3] The index file is older than the data file: /bip7_disk/pingting114/mixed_bam/COLO829_PAO/TF1e-3_25x/TF1e-3_25x.rep1.bam.bai
[W::hts_idx_load3] The index file is older than the data file: /bip7_disk/pingting114/mixed_bam/COLO829_PAO/TF1e-3_25x/TF1e-3_25x.rep1.bam.bai
[W::hts_idx_load3] The index file is older than the data file: /bip7_disk/pingting114/mixed_bam/COLO829_PAO/TF1e-3_25x/TF1e-3_25x.rep1.bam.bai
[W::hts_idx_load3] The index file is older than the data file: /bip7_disk/pingting114/mixed_bam/COLO829_PAO/TF1e-3_25x/TF1e-3_25x.rep1.bam.bai
[W::hts_idx_load3] The index file is older than the data file: /bip7_disk/pingting114/mixed_bam/COLO829_PAO/TF1e-3_25x/TF1e-3_25x.rep1.bam.bai
[W::hts_idx_load3] The index file is older than the data file: /bip7_disk/pingting114/mixed_bam/COLO829_PAO/TF1e-3_25x/TF1e-3_25x.rep1.bam.bai
[E::bam_parse_basemod2] 5df8df59-9aa0-42cb-bbb1-d7cdb8e3e96f: MM tag refers to bases beyond sequence length
[W::bam_next_basemod] MM tag refers to bases beyond sequence length
[W::hts_idx_load3] The index file is older than the data file: /bip7_disk/pingting114/mixed_bam/COLO829_PAO/TF1e-3_25x/TF1e-3_25x.rep1.bam.bai
[W::hts_idx_load3] The index file is older than the data file: /bip7_disk/pingting114/mixed_bam/COLO829_PAO/TF1e-3_25x/TF1e-3_25x.rep1.bam.bai
[W::hts_idx_load3] The index file is older than the data file: /bip7_disk/pingting114/mixed_bam/COLO829_PAO/TF1e-3_25x/TF1e-3_25x.rep1.bam.bai
[W::hts_idx_load3] The index file is older than the data file: /bip7_disk/pingting114/mixed_bam/COLO829_PAO/TF1e-3_25x/TF1e-3_25x.rep1.bam.bai
[W::hts_idx_load3] The index file is older than the data file: /bip7_disk/pingting114/mixed_bam/COLO829_PAO/TF1e-3_25x/TF1e-3_25x.rep1.bam.bai
[W::hts_idx_load3] The index file is older than the data file: /bip7_disk/pingting114/mixed_bam/COLO829_PAO/TF1e-3_25x/TF1e-3_25x.rep1.bam.bai
[E::bam_parse_basemod2] 1c713e83-f329-45c2-804e-9aa03487f146: MM tag refers to bases beyond sequence length
[W::hts_idx_load3] The index file is older than the data file: /bip7_disk/pingting114/mixed_bam/COLO829_PAO/TF1e-3_25x/TF1e-3_25x.rep1.bam.bai
[W::hts_idx_load3] The index file is older than the data file: /bip7_disk/pingting114/mixed_bam/COLO829_PAO/TF1e-3_25x/TF1e-3_25x.rep1.bam.bai
[W::hts_idx_load3] The index file is older than the data file: /bip7_disk/pingting114/mixed_bam/COLO829_PAO/TF1e-3_25x/TF1e-3_25x.rep1.bam.bai
[W::hts_idx_load3] The index file is older than the data file: /bip7_disk/pingting114/mixed_bam/COLO829_PAO/TF1e-3_25x/TF1e-3_25x.rep1.bam.bai
[W::hts_idx_load3] The index file is older than the data file: /bip7_disk/pingting114/mixed_bam/COLO829_PAO/TF1e-3_25x/TF1e-3_25x.rep1.bam.bai
[W::hts_idx_load3] The index file is older than the data file: /bip7_disk/pingting114/mixed_bam/COLO829_PAO/TF1e-3_25x/TF1e-3_25x.rep1.bam.bai
[W::hts_idx_load3] The index file is older than the data file: /bip7_disk/pingting114/mixed_bam/COLO829_PAO/TF1e-3_25x/TF1e-3_25x.rep1.bam.bai
[W::hts_idx_load3] The index file is older than the data file: /bip7_disk/pingting114/mixed_bam/COLO829_PAO/TF1e-3_25x/TF1e-3_25x.rep1.bam.bai
[W::bam_next_basemod] MM tag refers to bases beyond sequence length
[W::hts_idx_load3] The index file is older than the data file: /bip7_disk/pingting114/mixed_bam/COLO829_PAO/TF1e-3_25x/TF1e-3_25x.rep1.bam.bai
[W::bam_next_basemod] MM tag refers to bases beyond sequence length
[W::hts_idx_load3] The index file is older than the data file: /bip7_disk/pingting114/mixed_bam/COLO829_PAO/TF1e-3_25x/TF1e-3_25x.rep1.bam.bai
[E::bam_parse_basemod2] 32c82674-9d5f-4dda-94dc-e3e5e73e2a7c: MM tag refers to bases beyond sequence length
[W::hts_idx_load3] The index file is older than the data file: /bip7_disk/pingting114/mixed_bam/COLO829_PAO/TF1e-3_25x/TF1e-3_25x.rep1.bam.bai
[W::hts_idx_load3] The index file is older than the data file: /bip7_disk/pingting114/mixed_bam/COLO829_PAO/TF1e-3_25x/TF1e-3_25x.rep1.bam.bai
[W::bam_next_basemod] MM tag refers to bases beyond sequence length
[W::hts_idx_load3] The index file is older than the data file: /bip7_disk/pingting114/mixed_bam/COLO829_PAO/TF1e-3_25x/TF1e-3_25x.rep1.bam.bai
[W::hts_idx_load3] The index file is older than the data file: /bip7_disk/pingting114/mixed_bam/COLO829_PAO/TF1e-3_25x/TF1e-3_25x.rep1.bam.bai
[W::hts_idx_load3] The index file is older than the data file: /bip7_disk/pingting114/mixed_bam/COLO829_PAO/TF1e-3_25x/TF1e-3_25x.rep1.bam.bai
[W::hts_idx_load3] The index file is older than the data file: /bip7_disk/pingting114/mixed_bam/COLO829_PAO/TF1e-3_25x/TF1e-3_25x.rep1.bam.bai
[W::bam_next_basemod] MM tag refers to bases beyond sequence length
[W::hts_idx_load3] The index file is older than the data file: /bip7_disk/pingting114/mixed_bam/COLO829_PAO/TF1e-3_25x/TF1e-3_25x.rep1.bam.bai
[W::hts_idx_load3] The index file is older than the data file: /bip7_disk/pingting114/mixed_bam/COLO829_PAO/TF1e-3_25x/TF1e-3_25x.rep1.bam.bai
[W::hts_idx_load3] The index file is older than the data file: /bip7_disk/pingting114/mixed_bam/COLO829_PAO/TF1e-3_25x/TF1e-3_25x.rep1.bam.bai
[W::hts_idx_load3] The index file is older than the data file: /bip7_disk/pingting114/mixed_bam/COLO829_PAO/TF1e-3_25x/TF1e-3_25x.rep1.bam.bai
[W::hts_idx_load3] The index file is older than the data file: /bip7_disk/pingting114/mixed_bam/COLO829_PAO/TF1e-3_25x/TF1e-3_25x.rep1.bam.bai
[W::hts_idx_load3] The index file is older than the data file: /bip7_disk/pingting114/mixed_bam/COLO829_PAO/TF1e-3_25x/TF1e-3_25x.rep1.bam.bai
[W::hts_idx_load3] The index file is older than the data file: /bip7_disk/pingting114/mixed_bam/COLO829_PAO/TF1e-3_25x/TF1e-3_25x.rep1.bam.bai
[E::bam_parse_basemod2] 515f1733-df12-4335-997b-055dabe657ac: MM tag refers to bases beyond sequence length
[W::hts_idx_load3] The index file is older than the data file: /bip7_disk/pingting114/mixed_bam/COLO829_PAO/TF1e-3_25x/TF1e-3_25x.rep1.bam.bai
[W::hts_idx_load3] The index file is older than the data file: /bip7_disk/pingting114/mixed_bam/COLO829_PAO/TF1e-3_25x/TF1e-3_25x.rep1.bam.bai
[W::hts_idx_load3] The index file is older than the data file: /bip7_disk/pingting114/mixed_bam/COLO829_PAO/TF1e-3_25x/TF1e-3_25x.rep1.bam.bai
[W::hts_idx_load3] The index file is older than the data file: /bip7_disk/pingting114/mixed_bam/COLO829_PAO/TF1e-3_25x/TF1e-3_25x.rep1.bam.bai
[W::hts_idx_load3] The index file is older than the data file: /bip7_disk/pingting114/mixed_bam/COLO829_PAO/TF1e-3_25x/TF1e-3_25x.rep1.bam.bai
[W::bam_next_basemod] MM tag refers to bases beyond sequence length
[W::hts_idx_load3] The index file is older than the data file: /bip7_disk/pingting114/mixed_bam/COLO829_PAO/TF1e-3_25x/TF1e-3_25x.rep1.bam.bai
[W::hts_idx_load3] The index file is older than the data file: /bip7_disk/pingting114/mixed_bam/COLO829_PAO/TF1e-3_25x/TF1e-3_25x.rep1.bam.bai
[W::hts_idx_load3] The index file is older than the data file: /bip7_disk/pingting114/mixed_bam/COLO829_PAO/TF1e-3_25x/TF1e-3_25x.rep1.bam.bai
[W::bam_next_basemod] MM tag refers to bases beyond sequence length
[W::hts_idx_load3] The index file is older than the data file: /bip7_disk/pingting114/mixed_bam/COLO829_PAO/TF1e-3_25x/TF1e-3_25x.rep1.bam.bai
[E::bam_parse_basemod2] 0619c9f2-9996-44f5-813a-6e688145ad06: MM tag refers to bases beyond sequence length
[W::hts_idx_load3] The index file is older than the data file: /bip7_disk/pingting114/mixed_bam/COLO829_PAO/TF1e-3_25x/TF1e-3_25x.rep1.bam.bai
[W::hts_idx_load3] The index file is older than the data file: /bip7_disk/pingting114/mixed_bam/COLO829_PAO/TF1e-3_25x/TF1e-3_25x.rep1.bam.bai
[W::hts_idx_load3] The index file is older than the data file: /bip7_disk/pingting114/mixed_bam/COLO829_PAO/TF1e-3_25x/TF1e-3_25x.rep1.bam.bai
[W::bam_next_basemod] MM tag refers to bases beyond sequence length
[W::hts_idx_load3] The index file is older than the data file: /bip7_disk/pingting114/mixed_bam/COLO829_PAO/TF1e-3_25x/TF1e-3_25x.rep1.bam.bai
[E::bam_parse_basemod2] dcda5833-3fe5-416f-97af-031cacbe93b7: MM tag refers to bases beyond sequence length
[W::hts_idx_load3] The index file is older than the data file: /bip7_disk/pingting114/mixed_bam/COLO829_PAO/TF1e-3_25x/TF1e-3_25x.rep1.bam.bai
[W::hts_idx_load3] The index file is older than the data file: /bip7_disk/pingting114/mixed_bam/COLO829_PAO/TF1e-3_25x/TF1e-3_25x.rep1.bam.bai
[W::hts_idx_load3] The index file is older than the data file: /bip7_disk/pingting114/mixed_bam/COLO829_PAO/TF1e-3_25x/TF1e-3_25x.rep1.bam.bai
[W::hts_idx_load3] The index file is older than the data file: /bip7_disk/pingting114/mixed_bam/COLO829_PAO/TF1e-3_25x/TF1e-3_25x.rep1.bam.bai
[W::hts_idx_load3] The index file is older than the data file: /bip7_disk/pingting114/mixed_bam/COLO829_PAO/TF1e-3_25x/TF1e-3_25x.rep1.bam.bai
[E::bam_parse_basemod2] 46f280e8-60eb-4954-8a72-72eb4a7e52b9: MM tag refers to bases beyond sequence length
[W::hts_idx_load3] The index file is older than the data file: /bip7_disk/pingting114/mixed_bam/COLO829_PAO/TF1e-3_25x/TF1e-3_25x.rep1.bam.bai
[W::bam_next_basemod] MM tag refers to bases beyond sequence length
[W::hts_idx_load3] The index file is older than the data file: /bip7_disk/pingting114/mixed_bam/COLO829_PAO/TF1e-3_25x/TF1e-3_25x.rep1.bam.bai
[W::hts_idx_load3] The index file is older than the data file: /bip7_disk/pingting114/mixed_bam/COLO829_PAO/TF1e-3_25x/TF1e-3_25x.rep1.bam.bai
[W::hts_idx_load3] The index file is older than the data file: /bip7_disk/pingting114/mixed_bam/COLO829_PAO/TF1e-3_25x/TF1e-3_25x.rep1.bam.bai
[W::hts_idx_load3] The index file is older than the data file: /bip7_disk/pingting114/mixed_bam/COLO829_PAO/TF1e-3_25x/TF1e-3_25x.rep1.bam.bai
[W::bam_next_basemod] MM tag refers to bases beyond sequence length
[W::hts_idx_load3] The index file is older than the data file: /bip7_disk/pingting114/mixed_bam/COLO829_PAO/TF1e-3_25x/TF1e-3_25x.rep1.bam.bai
[E::bam_parse_basemod2] 64ba3d2d-3dbe-42e8-9ebe-db84e222025e: MM tag refers to bases beyond sequence length
[W::hts_idx_load3] The index file is older than the data file: /bip7_disk/pingting114/mixed_bam/COLO829_PAO/TF1e-3_25x/TF1e-3_25x.rep1.bam.bai
[W::bam_next_basemod] MM tag refers to bases beyond sequence length
[W::hts_idx_load3] The index file is older than the data file: /bip7_disk/pingting114/mixed_bam/COLO829_PAO/TF1e-3_25x/TF1e-3_25x.rep1.bam.bai
[E::bam_parse_basemod2] 2875cc3f-9a1b-4318-a748-79e2299f3aa6: MM tag refers to bases beyond sequence length
[E::bam_parse_basemod2] 8123bc51-0bf0-471f-a4c1-bd2c812a1698: MM tag refers to bases beyond sequence length
[W::hts_idx_load3] The index file is older than the data file: /bip7_disk/pingting114/mixed_bam/COLO829_PAO/TF1e-3_25x/TF1e-3_25x.rep1.bam.bai
[W::hts_idx_load3] The index file is older than the data file: /bip7_disk/pingting114/mixed_bam/COLO829_PAO/TF1e-3_25x/TF1e-3_25x.rep1.bam.bai
[W::bam_next_basemod] MM tag refers to bases beyond sequence length
[W::hts_idx_load3] The index file is older than the data file: /bip7_disk/pingting114/mixed_bam/COLO829_PAO/TF1e-3_25x/TF1e-3_25x.rep1.bam.bai
[E::bam_parse_basemod2] 99bae30b-23c0-428d-9e05-3baacbe66c2a: MM tag refers to bases beyond sequence length
[W::hts_idx_load3] The index file is older than the data file: /bip7_disk/pingting114/mixed_bam/COLO829_PAO/TF1e-3_25x/TF1e-3_25x.rep1.bam.bai
[W::hts_idx_load3] The index file is older than the data file: /bip7_disk/pingting114/mixed_bam/COLO829_PAO/TF1e-3_25x/TF1e-3_25x.rep1.bam.bai
[W::bam_next_basemod] MM tag refers to bases beyond sequence length
[W::hts_idx_load3] The index file is older than the data file: /bip7_disk/pingting114/mixed_bam/COLO829_PAO/TF1e-3_25x/TF1e-3_25x.rep1.bam.bai
[E::bam_parse_basemod2] 9839b4ae-242b-45e0-ade5-4a2406f35e07: MM tag refers to bases beyond sequence length
[W::hts_idx_load3] The index file is older than the data file: /bip7_disk/pingting114/mixed_bam/COLO829_PAO/TF1e-3_25x/TF1e-3_25x.rep1.bam.bai
[W::hts_idx_load3] The index file is older than the data file: /bip7_disk/pingting114/mixed_bam/COLO829_PAO/TF1e-3_25x/TF1e-3_25x.rep1.bam.bai
[W::bam_next_basemod] MM tag refers to bases beyond sequence length
[W::hts_idx_load3] The index file is older than the data file: /bip7_disk/pingting114/mixed_bam/COLO829_PAO/TF1e-3_25x/TF1e-3_25x.rep1.bam.bai
[W::hts_idx_load3] The index file is older than the data file: /bip7_disk/pingting114/mixed_bam/COLO829_PAO/TF1e-3_25x/TF1e-3_25x.rep1.bam.bai
[W::bam_next_basemod] MM tag refers to bases beyond sequence length
[W::bam_next_basemod] MM tag refers to bases beyond sequence length
[W::hts_idx_load3] The index file is older than the data file: /bip7_disk/pingting114/mixed_bam/COLO829_PAO/TF1e-3_25x/TF1e-3_25x.rep1.bam.bai
[W::hts_idx_load3] The index file is older than the data file: /bip7_disk/pingting114/mixed_bam/COLO829_PAO/TF1e-3_25x/TF1e-3_25x.rep1.bam.bai
[W::hts_idx_load3] The index file is older than the data file: /bip7_disk/pingting114/mixed_bam/COLO829_PAO/TF1e-3_25x/TF1e-3_25x.rep1.bam.bai
[W::hts_idx_load3] The index file is older than the data file: /bip7_disk/pingting114/mixed_bam/COLO829_PAO/TF1e-3_25x/TF1e-3_25x.rep1.bam.bai
[E::bam_parse_basemod2] f2fc4530-336a-4fde-aef9-a4a3ffc31eda: MM tag refers to bases beyond sequence length
[W::bam_next_basemod] MM tag refers to bases beyond sequence length
[W::hts_idx_load3] The index file is older than the data file: /bip7_disk/pingting114/mixed_bam/COLO829_PAO/TF1e-3_25x/TF1e-3_25x.rep1.bam.bai
[W::hts_idx_load3] The index file is older than the data file: /bip7_disk/pingting114/mixed_bam/COLO829_PAO/TF1e-3_25x/TF1e-3_25x.rep1.bam.bai
[W::hts_idx_load3] The index file is older than the data file: /bip7_disk/pingting114/mixed_bam/COLO829_PAO/TF1e-3_25x/TF1e-3_25x.rep1.bam.bai
[W::hts_idx_load3] The index file is older than the data file: /bip7_disk/pingting114/mixed_bam/COLO829_PAO/TF1e-3_25x/TF1e-3_25x.rep1.bam.bai
[W::hts_idx_load3] The index file is older than the data file: /bip7_disk/pingting114/mixed_bam/COLO829_PAO/TF1e-3_25x/TF1e-3_25x.rep1.bam.bai
[W::hts_idx_load3] The index file is older than the data file: /bip7_disk/pingting114/mixed_bam/COLO829_PAO/TF1e-3_25x/TF1e-3_25x.rep1.bam.bai
[W::hts_idx_load3] The index file is older than the data file: /bip7_disk/pingting114/mixed_bam/COLO829_PAO/TF1e-3_25x/TF1e-3_25x.rep1.bam.bai
[W::hts_idx_load3] The index file is older than the data file: /bip7_disk/pingting114/mixed_bam/COLO829_PAO/TF1e-3_25x/TF1e-3_25x.rep1.bam.bai
[W::hts_idx_load3] The index file is older than the data file: /bip7_disk/pingting114/mixed_bam/COLO829_PAO/TF1e-3_25x/TF1e-3_25x.rep1.bam.bai
[W::hts_idx_load3] The index file is older than the data file: /bip7_disk/pingting114/mixed_bam/COLO829_PAO/TF1e-3_25x/TF1e-3_25x.rep1.bam.bai
[E::bam_parse_basemod2] e20bcb14-e782-40c2-998e-24822a8982b8: MM tag refers to bases beyond sequence length
[W::hts_idx_load3] The index file is older than the data file: /bip7_disk/pingting114/mixed_bam/COLO829_PAO/TF1e-3_25x/TF1e-3_25x.rep1.bam.bai
[W::hts_idx_load3] The index file is older than the data file: /bip7_disk/pingting114/mixed_bam/COLO829_PAO/TF1e-3_25x/TF1e-3_25x.rep1.bam.bai
[W::hts_idx_load3] The index file is older than the data file: /bip7_disk/pingting114/mixed_bam/COLO829_PAO/TF1e-3_25x/TF1e-3_25x.rep1.bam.bai
[W::hts_idx_load3] The index file is older than the data file: /bip7_disk/pingting114/mixed_bam/COLO829_PAO/TF1e-3_25x/TF1e-3_25x.rep1.bam.bai
[W::hts_idx_load3] The index file is older than the data file: /bip7_disk/pingting114/mixed_bam/COLO829_PAO/TF1e-3_25x/TF1e-3_25x.rep1.bam.bai
[W::hts_idx_load3] The index file is older than the data file: /bip7_disk/pingting114/mixed_bam/COLO829_PAO/TF1e-3_25x/TF1e-3_25x.rep1.bam.bai
[W::hts_idx_load3] The index file is older than the data file: /bip7_disk/pingting114/mixed_bam/COLO829_PAO/TF1e-3_25x/TF1e-3_25x.rep1.bam.bai
[W::hts_idx_load3] The index file is older than the data file: /bip7_disk/pingting114/mixed_bam/COLO829_PAO/TF1e-3_25x/TF1e-3_25x.rep1.bam.bai
[W::hts_idx_load3] The index file is older than the data file: /bip7_disk/pingting114/mixed_bam/COLO829_PAO/TF1e-3_25x/TF1e-3_25x.rep1.bam.bai
[W::hts_idx_load3] The index file is older than the data file: /bip7_disk/pingting114/mixed_bam/COLO829_PAO/TF1e-3_25x/TF1e-3_25x.rep1.bam.bai
[W::hts_idx_load3] The index file is older than the data file: /bip7_disk/pingting114/mixed_bam/COLO829_PAO/TF1e-3_25x/TF1e-3_25x.rep1.bam.bai
[W::bam_next_basemod] MM tag refers to bases beyond sequence length
[W::bam_next_basemod] MM tag refers to bases beyond sequence length
[W::bam_next_basemod] MM tag refers to bases beyond sequence length
[W::bam_next_basemod] MM tag refers to bases beyond sequence length
[W::bam_next_basemod] MM tag refers to bases beyond sequence length
[E::bam_parse_basemod2] 36f73c23-0dd9-4bc7-ad68-e117055c8876: MM tag refers to bases beyond sequence length
[E::bam_parse_basemod2] 6debdf2e-aa30-44a3-912e-30f420f63ca1: MM tag refers to bases beyond sequence length
[W::bam_next_basemod] MM tag refers to bases beyond sequence length
[W::hts_idx_load3] The index file is older than the data file: /bip7_disk/pingting114/mixed_bam/COLO829_PAO/TF1e-3_25x/TF1e-3_25x.rep1.bam.bai
[W::hts_idx_load3] The index file is older than the data file: /bip7_disk/pingting114/mixed_bam/COLO829_PAO/TF1e-3_25x/TF1e-3_25x.rep1.bam.bai
[W::bam_next_basemod] MM tag refers to bases beyond sequence length
[W::bam_next_basemod] MM tag refers to bases beyond sequence length
[W::hts_idx_load3] The index file is older than the data file: /bip7_disk/pingting114/mixed_bam/COLO829_PAO/TF1e-3_25x/TF1e-3_25x.rep1.bam.bai
[E::bam_parse_basemod2] 7bd3fcc1-9509-4a25-a22e-cdd235bddcc6: MM tag refers to bases beyond sequence length
[W::hts_idx_load3] The index file is older than the data file: /bip7_disk/pingting114/mixed_bam/COLO829_PAO/TF1e-3_25x/TF1e-3_25x.rep1.bam.bai
[W::hts_idx_load3] The index file is older than the data file: /bip7_disk/pingting114/mixed_bam/COLO829_PAO/TF1e-3_25x/TF1e-3_25x.rep1.bam.bai
[W::hts_idx_load3] The index file is older than the data file: /bip7_disk/pingting114/mixed_bam/COLO829_PAO/TF1e-3_25x/TF1e-3_25x.rep1.bam.bai
[W::hts_idx_load3] The index file is older than the data file: /bip7_disk/pingting114/mixed_bam/COLO829_PAO/TF1e-3_25x/TF1e-3_25x.rep1.bam.bai
[W::hts_idx_load3] The index file is older than the data file: /bip7_disk/pingting114/mixed_bam/COLO829_PAO/TF1e-3_25x/TF1e-3_25x.rep1.bam.bai
[W::hts_idx_load3] The index file is older than the data file: /bip7_disk/pingting114/mixed_bam/COLO829_PAO/TF1e-3_25x/TF1e-3_25x.rep1.bam.bai
[W::hts_idx_load3] The index file is older than the data file: /bip7_disk/pingting114/mixed_bam/COLO829_PAO/TF1e-3_25x/TF1e-3_25x.rep1.bam.bai
[W::hts_idx_load3] The index file is older than the data file: /bip7_disk/pingting114/mixed_bam/COLO829_PAO/TF1e-3_25x/TF1e-3_25x.rep1.bam.bai
[W::hts_idx_load3] The index file is older than the data file: /bip7_disk/pingting114/mixed_bam/COLO829_PAO/TF1e-3_25x/TF1e-3_25x.rep1.bam.bai
[W::bam_next_basemod] MM tag refers to bases beyond sequence length
[W::bam_next_basemod] MM tag refers to bases beyond sequence length
[W::hts_idx_load3] The index file is older than the data file: /bip7_disk/pingting114/mixed_bam/COLO829_PAO/TF1e-3_25x/TF1e-3_25x.rep1.bam.bai
[W::hts_idx_load3] The index file is older than the data file: /bip7_disk/pingting114/mixed_bam/COLO829_PAO/TF1e-3_25x/TF1e-3_25x.rep1.bam.bai
[W::hts_idx_load3] The index file is older than the data file: /bip7_disk/pingting114/mixed_bam/COLO829_PAO/TF1e-3_25x/TF1e-3_25x.rep1.bam.bai
[W::hts_idx_load3] The index file is older than the data file: /bip7_disk/pingting114/mixed_bam/COLO829_PAO/TF1e-3_25x/TF1e-3_25x.rep1.bam.bai
[W::hts_idx_load3] The index file is older than the data file: /bip7_disk/pingting114/mixed_bam/COLO829_PAO/TF1e-3_25x/TF1e-3_25x.rep1.bam.bai
[W::hts_idx_load3] The index file is older than the data file: /bip7_disk/pingting114/mixed_bam/COLO829_PAO/TF1e-3_25x/TF1e-3_25x.rep1.bam.bai
[W::hts_idx_load3] The index file is older than the data file: /bip7_disk/pingting114/mixed_bam/COLO829_PAO/TF1e-3_25x/TF1e-3_25x.rep1.bam.bai
[W::hts_idx_load3] The index file is older than the data file: /bip7_disk/pingting114/mixed_bam/COLO829_PAO/TF1e-3_25x/TF1e-3_25x.rep1.bam.bai
[W::hts_idx_load3] The index file is older than the data file: /bip7_disk/pingting114/mixed_bam/COLO829_PAO/TF1e-3_25x/TF1e-3_25x.rep1.bam.bai
[W::hts_idx_load3] The index file is older than the data file: /bip7_disk/pingting114/mixed_bam/COLO829_PAO/TF1e-3_25x/TF1e-3_25x.rep1.bam.bai
[W::bam_next_basemod] MM tag refers to bases beyond sequence length
[W::hts_idx_load3] The index file is older than the data file: /bip7_disk/pingting114/mixed_bam/COLO829_PAO/TF1e-3_25x/TF1e-3_25x.rep1.bam.bai
[W::bam_next_basemod] MM tag refers to bases beyond sequence length
[W::hts_idx_load3] The index file is older than the data file: /bip7_disk/pingting114/mixed_bam/COLO829_PAO/TF1e-3_25x/TF1e-3_25x.rep1.bam.bai
[W::hts_idx_load3] The index file is older than the data file: /bip7_disk/pingting114/mixed_bam/COLO829_PAO/TF1e-3_25x/TF1e-3_25x.rep1.bam.bai
[W::hts_idx_load3] The index file is older than the data file: /bip7_disk/pingting114/mixed_bam/COLO829_PAO/TF1e-3_25x/TF1e-3_25x.rep1.bam.bai
[W::hts_idx_load3] The index file is older than the data file: /bip7_disk/pingting114/mixed_bam/COLO829_PAO/TF1e-3_25x/TF1e-3_25x.rep1.bam.bai
[W::bam_next_basemod] MM tag refers to bases beyond sequence length
[W::bam_next_basemod] MM tag refers to bases beyond sequence length
[E::bam_parse_basemod2] bcf13403-7e92-4e75-a233-87eb9883eeb1: MM tag refers to bases beyond sequence length
[W::hts_idx_load3] The index file is older than the data file: /bip7_disk/pingting114/mixed_bam/COLO829_PAO/TF1e-3_25x/TF1e-3_25x.rep1.bam.bai
[E::bam_parse_basemod2] 601e800e-1750-43c0-aec4-d2666453ea0c: MM tag refers to bases beyond sequence length
[E::bam_parse_basemod2] 6b665509-6abf-4600-b8e5-80e839817f7a: MM tag refers to bases beyond sequence length
[W::hts_idx_load3] The index file is older than the data file: /bip7_disk/pingting114/mixed_bam/COLO829_PAO/TF1e-3_25x/TF1e-3_25x.rep1.bam.bai
[W::bam_next_basemod] MM tag refers to bases beyond sequence length
[W::hts_idx_load3] The index file is older than the data file: /bip7_disk/pingting114/mixed_bam/COLO829_PAO/TF1e-3_25x/TF1e-3_25x.rep1.bam.bai
[W::hts_idx_load3] The index file is older than the data file: /bip7_disk/pingting114/mixed_bam/COLO829_PAO/TF1e-3_25x/TF1e-3_25x.rep1.bam.bai
[W::hts_idx_load3] The index file is older than the data file: /bip7_disk/pingting114/mixed_bam/COLO829_PAO/TF1e-3_25x/TF1e-3_25x.rep1.bam.bai
[W::bam_next_basemod] MM tag refers to bases beyond sequence length
[W::hts_idx_load3] The index file is older than the data file: /bip7_disk/pingting114/mixed_bam/COLO829_PAO/TF1e-3_25x/TF1e-3_25x.rep1.bam.bai
[E::bam_parse_basemod2] c3ada249-4931-49c9-8baa-aee48a450310: MM tag refers to bases beyond sequence length
[W::hts_idx_load3] The index file is older than the data file: /bip7_disk/pingting114/mixed_bam/COLO829_PAO/TF1e-3_25x/TF1e-3_25x.rep1.bam.bai
[W::hts_idx_load3] The index file is older than the data file: /bip7_disk/pingting114/mixed_bam/COLO829_PAO/TF1e-3_25x/TF1e-3_25x.rep1.bam.bai
[W::hts_idx_load3] The index file is older than the data file: /bip7_disk/pingting114/mixed_bam/COLO829_PAO/TF1e-3_25x/TF1e-3_25x.rep1.bam.bai
[W::hts_idx_load3] The index file is older than the data file: /bip7_disk/pingting114/mixed_bam/COLO829_PAO/TF1e-3_25x/TF1e-3_25x.rep1.bam.bai
[W::hts_idx_load3] The index file is older than the data file: /bip7_disk/pingting114/mixed_bam/COLO829_PAO/TF1e-3_25x/TF1e-3_25x.rep1.bam.bai
[W::hts_idx_load3] The index file is older than the data file: /bip7_disk/pingting114/mixed_bam/COLO829_PAO/TF1e-3_25x/TF1e-3_25x.rep1.bam.bai
[W::hts_idx_load3] The index file is older than the data file: /bip7_disk/pingting114/mixed_bam/COLO829_PAO/TF1e-3_25x/TF1e-3_25x.rep1.bam.bai
[E::bam_parse_basemod2] dc773ccd-0f5c-45cc-8b59-529bd5386897: MM tag refers to bases beyond sequence length
[W::hts_idx_load3] The index file is older than the data file: /bip7_disk/pingting114/mixed_bam/COLO829_PAO/TF1e-3_25x/TF1e-3_25x.rep1.bam.bai
[W::hts_idx_load3] The index file is older than the data file: /bip7_disk/pingting114/mixed_bam/COLO829_PAO/TF1e-3_25x/TF1e-3_25x.rep1.bam.bai
[W::hts_idx_load3] The index file is older than the data file: /bip7_disk/pingting114/mixed_bam/COLO829_PAO/TF1e-3_25x/TF1e-3_25x.rep1.bam.bai
[W::hts_idx_load3] The index file is older than the data file: /bip7_disk/pingting114/mixed_bam/COLO829_PAO/TF1e-3_25x/TF1e-3_25x.rep1.bam.bai
[W::hts_idx_load3] The index file is older than the data file: /bip7_disk/pingting114/mixed_bam/COLO829_PAO/TF1e-3_25x/TF1e-3_25x.rep1.bam.bai
[W::hts_idx_load3] The index file is older than the data file: /bip7_disk/pingting114/mixed_bam/COLO829_PAO/TF1e-3_25x/TF1e-3_25x.rep1.bam.bai
[E::bam_parse_basemod2] b236f8b4-9d41-4ec1-8a65-ffd01c9d89c8: MM tag refers to bases beyond sequence length
[W::bam_next_basemod] MM tag refers to bases beyond sequence length
[W::bam_next_basemod] MM tag refers to bases beyond sequence length
[E::bam_parse_basemod2] 3d478fdf-cf07-4c49-b244-b43efe9f7a0d: MM tag refers to bases beyond sequence length
[E::bam_parse_basemod2] 6da34720-1d65-4c5d-af2e-30a8b2cea13f: MM tag refers to bases beyond sequence length
[E::bam_parse_basemod2] 52031c5f-5d61-4ef3-b2f7-2c0c2b36cc3e: MM tag refers to bases beyond sequence length
[W::hts_idx_load3] The index file is older than the data file: /bip7_disk/pingting114/mixed_bam/COLO829_PAO/TF1e-3_25x/TF1e-3_25x.rep1.bam.bai
[W::hts_idx_load3] The index file is older than the data file: /bip7_disk/pingting114/mixed_bam/COLO829_PAO/TF1e-3_25x/TF1e-3_25x.rep1.bam.bai
[W::hts_idx_load3] The index file is older than the data file: /bip7_disk/pingting114/mixed_bam/COLO829_PAO/TF1e-3_25x/TF1e-3_25x.rep1.bam.bai
[W::hts_idx_load3] The index file is older than the data file: /bip7_disk/pingting114/mixed_bam/COLO829_PAO/TF1e-3_25x/TF1e-3_25x.rep1.bam.bai
[W::bam_next_basemod] MM tag refers to bases beyond sequence length
[W::hts_idx_load3] The index file is older than the data file: /bip7_disk/pingting114/mixed_bam/COLO829_PAO/TF1e-3_25x/TF1e-3_25x.rep1.bam.bai
[W::hts_idx_load3] The index file is older than the data file: /bip7_disk/pingting114/mixed_bam/COLO829_PAO/TF1e-3_25x/TF1e-3_25x.rep1.bam.bai
[E::bam_parse_basemod2] 883e85ac-dc80-4bdf-81d0-9e1c9fee5cf2: MM tag refers to bases beyond sequence length
[W::bam_next_basemod] MM tag refers to bases beyond sequence length
[W::hts_idx_load3] The index file is older than the data file: /bip7_disk/pingting114/mixed_bam/COLO829_PAO/TF1e-3_25x/TF1e-3_25x.rep1.bam.bai
[E::bam_parse_basemod2] 910cbce1-43d6-4fd5-a677-fea87c02449a: MM tag refers to bases beyond sequence length
[W::hts_idx_load3] The index file is older than the data file: /bip7_disk/pingting114/mixed_bam/COLO829_PAO/TF1e-3_25x/TF1e-3_25x.rep1.bam.bai
[E::bam_parse_basemod2] c46e784a-f452-439f-9e99-076c79e9c1c2: MM tag refers to bases beyond sequence length
[W::hts_idx_load3] The index file is older than the data file: /bip7_disk/pingting114/mixed_bam/COLO829_PAO/TF1e-3_25x/TF1e-3_25x.rep1.bam.bai
[W::hts_idx_load3] The index file is older than the data file: /bip7_disk/pingting114/mixed_bam/COLO829_PAO/TF1e-3_25x/TF1e-3_25x.rep1.bam.bai
[W::hts_idx_load3] The index file is older than the data file: /bip7_disk/pingting114/mixed_bam/COLO829_PAO/TF1e-3_25x/TF1e-3_25x.rep1.bam.bai
[E::bam_parse_basemod2] 8c9ef797-f82b-4edc-a795-185a7cdc36a5: MM tag refers to bases beyond sequence length
[W::hts_idx_load3] The index file is older than the data file: /bip7_disk/pingting114/mixed_bam/COLO829_PAO/TF1e-3_25x/TF1e-3_25x.rep1.bam.bai
[W::hts_idx_load3] The index file is older than the data file: /bip7_disk/pingting114/mixed_bam/COLO829_PAO/TF1e-3_25x/TF1e-3_25x.rep1.bam.bai
[E::bam_parse_basemod2] 013ff340-4ef5-4403-a405-224a83dbec72: MM tag refers to bases beyond sequence length
[W::hts_idx_load3] The index file is older than the data file: /bip7_disk/pingting114/mixed_bam/COLO829_PAO/TF1e-3_25x/TF1e-3_25x.rep1.bam.bai
[W::hts_idx_load3] The index file is older than the data file: /bip7_disk/pingting114/mixed_bam/COLO829_PAO/TF1e-3_25x/TF1e-3_25x.rep1.bam.bai
[W::hts_idx_load3] The index file is older than the data file: /bip7_disk/pingting114/mixed_bam/COLO829_PAO/TF1e-3_25x/TF1e-3_25x.rep1.bam.bai
[W::hts_idx_load3] The index file is older than the data file: /bip7_disk/pingting114/mixed_bam/COLO829_PAO/TF1e-3_25x/TF1e-3_25x.rep1.bam.bai
[W::hts_idx_load3] The index file is older than the data file: /bip7_disk/pingting114/mixed_bam/COLO829_PAO/TF1e-3_25x/TF1e-3_25x.rep1.bam.bai
[W::hts_idx_load3] The index file is older than the data file: /bip7_disk/pingting114/mixed_bam/COLO829_PAO/TF1e-3_25x/TF1e-3_25x.rep1.bam.bai
[W::hts_idx_load3] The index file is older than the data file: /bip7_disk/pingting114/mixed_bam/COLO829_PAO/TF1e-3_25x/TF1e-3_25x.rep1.bam.bai
[W::hts_idx_load3] The index file is older than the data file: /bip7_disk/pingting114/mixed_bam/COLO829_PAO/TF1e-3_25x/TF1e-3_25x.rep1.bam.bai
[W::hts_idx_load3] The index file is older than the data file: /bip7_disk/pingting114/mixed_bam/COLO829_PAO/TF1e-3_25x/TF1e-3_25x.rep1.bam.bai
[W::hts_idx_load3] The index file is older than the data file: /bip7_disk/pingting114/mixed_bam/COLO829_PAO/TF1e-3_25x/TF1e-3_25x.rep1.bam.bai
[E::bam_parse_basemod2] 737c039e-a20f-45ac-9f88-83622a10ed1c: MM tag refers to bases beyond sequence length
[W::hts_idx_load3] The index file is older than the data file: /bip7_disk/pingting114/mixed_bam/COLO829_PAO/TF1e-3_25x/TF1e-3_25x.rep1.bam.bai
[E::bam_parse_basemod2] 9493a478-7cf4-4688-b03e-37f572cf5ab4: MM tag refers to bases beyond sequence length
[W::hts_idx_load3] The index file is older than the data file: /bip7_disk/pingting114/mixed_bam/COLO829_PAO/TF1e-3_25x/TF1e-3_25x.rep1.bam.bai
[W::hts_idx_load3] The index file is older than the data file: /bip7_disk/pingting114/mixed_bam/COLO829_PAO/TF1e-3_25x/TF1e-3_25x.rep1.bam.bai
[W::hts_idx_load3] The index file is older than the data file: /bip7_disk/pingting114/mixed_bam/COLO829_PAO/TF1e-3_25x/TF1e-3_25x.rep1.bam.bai
[E::bam_parse_basemod2] 9519a8cb-ebe0-422e-878e-1fab4da97af1: MM tag refers to bases beyond sequence length
[W::hts_idx_load3] The index file is older than the data file: /bip7_disk/pingting114/mixed_bam/COLO829_PAO/TF1e-3_25x/TF1e-3_25x.rep1.bam.bai
[W::hts_idx_load3] The index file is older than the data file: /bip7_disk/pingting114/mixed_bam/COLO829_PAO/TF1e-3_25x/TF1e-3_25x.rep1.bam.bai
[W::hts_idx_load3] The index file is older than the data file: /bip7_disk/pingting114/mixed_bam/COLO829_PAO/TF1e-3_25x/TF1e-3_25x.rep1.bam.bai
[W::hts_idx_load3] The index file is older than the data file: /bip7_disk/pingting114/mixed_bam/COLO829_PAO/TF1e-3_25x/TF1e-3_25x.rep1.bam.bai
[W::hts_idx_load3] The index file is older than the data file: /bip7_disk/pingting114/mixed_bam/COLO829_PAO/TF1e-3_25x/TF1e-3_25x.rep1.bam.bai
[W::hts_idx_load3] The index file is older than the data file: /bip7_disk/pingting114/mixed_bam/COLO829_PAO/TF1e-3_25x/TF1e-3_25x.rep1.bam.bai
[W::hts_idx_load3] The index file is older than the data file: /bip7_disk/pingting114/mixed_bam/COLO829_PAO/TF1e-3_25x/TF1e-3_25x.rep1.bam.bai
[W::hts_idx_load3] The index file is older than the data file: /bip7_disk/pingting114/mixed_bam/COLO829_PAO/TF1e-3_25x/TF1e-3_25x.rep1.bam.bai
[W::hts_idx_load3] The index file is older than the data file: /bip7_disk/pingting114/mixed_bam/COLO829_PAO/TF1e-3_25x/TF1e-3_25x.rep1.bam.bai
[W::hts_idx_load3] The index file is older than the data file: /bip7_disk/pingting114/mixed_bam/COLO829_PAO/TF1e-3_25x/TF1e-3_25x.rep1.bam.bai
[W::hts_idx_load3] The index file is older than the data file: /bip7_disk/pingting114/mixed_bam/COLO829_PAO/TF1e-3_25x/TF1e-3_25x.rep1.bam.bai
[W::bam_next_basemod] MM tag refers to bases beyond sequence length
[W::hts_idx_load3] The index file is older than the data file: /bip7_disk/pingting114/mixed_bam/COLO829_PAO/TF1e-3_25x/TF1e-3_25x.rep1.bam.bai
[E::bam_parse_basemod2] 66453bc1-3af0-417f-b976-69d16b753b8a: MM tag refers to bases beyond sequence length
[W::hts_idx_load3] The index file is older than the data file: /bip7_disk/pingting114/mixed_bam/COLO829_PAO/TF1e-3_25x/TF1e-3_25x.rep1.bam.bai
[E::bam_parse_basemod2] 808b5b90-296f-482c-b3a6-406854efa961: MM tag refers to bases beyond sequence length
[W::hts_idx_load3] The index file is older than the data file: /bip7_disk/pingting114/mixed_bam/COLO829_PAO/TF1e-3_25x/TF1e-3_25x.rep1.bam.bai
[W::hts_idx_load3] The index file is older than the data file: /bip7_disk/pingting114/mixed_bam/COLO829_PAO/TF1e-3_25x/TF1e-3_25x.rep1.bam.bai
[W::hts_idx_load3] The index file is older than the data file: /bip7_disk/pingting114/mixed_bam/COLO829_PAO/TF1e-3_25x/TF1e-3_25x.rep1.bam.bai
[W::bam_next_basemod] MM tag refers to bases beyond sequence length
[W::hts_idx_load3] The index file is older than the data file: /bip7_disk/pingting114/mixed_bam/COLO829_PAO/TF1e-3_25x/TF1e-3_25x.rep1.bam.bai
[W::hts_idx_load3] The index file is older than the data file: /bip7_disk/pingting114/mixed_bam/COLO829_PAO/TF1e-3_25x/TF1e-3_25x.rep1.bam.bai
[E::bam_parse_basemod2] 2ee5dbfc-4a38-4e7e-9927-3199d47b9e5c: MM tag refers to bases beyond sequence length
[W::hts_idx_load3] The index file is older than the data file: /bip7_disk/pingting114/mixed_bam/COLO829_PAO/TF1e-3_25x/TF1e-3_25x.rep1.bam.bai
[W::bam_next_basemod] MM tag refers to bases beyond sequence length
[W::hts_idx_load3] The index file is older than the data file: /bip7_disk/pingting114/mixed_bam/COLO829_PAO/TF1e-3_25x/TF1e-3_25x.rep1.bam.bai
[W::hts_idx_load3] The index file is older than the data file: /bip7_disk/pingting114/mixed_bam/COLO829_PAO/TF1e-3_25x/TF1e-3_25x.rep1.bam.bai
[W::hts_idx_load3] The index file is older than the data file: /bip7_disk/pingting114/mixed_bam/COLO829_PAO/TF1e-3_25x/TF1e-3_25x.rep1.bam.bai
[E::bam_parse_basemod2] 9e832c13-3903-4ed8-8e8c-d18d2abc1044: MM tag refers to bases beyond sequence length
[W::hts_idx_load3] The index file is older than the data file: /bip7_disk/pingting114/mixed_bam/COLO829_PAO/TF1e-3_25x/TF1e-3_25x.rep1.bam.bai
[W::hts_idx_load3] The index file is older than the data file: /bip7_disk/pingting114/mixed_bam/COLO829_PAO/TF1e-3_25x/TF1e-3_25x.rep1.bam.bai
[W::hts_idx_load3] The index file is older than the data file: /bip7_disk/pingting114/mixed_bam/COLO829_PAO/TF1e-3_25x/TF1e-3_25x.rep1.bam.bai
[W::bam_next_basemod] MM tag refers to bases beyond sequence length
[W::hts_idx_load3] The index file is older than the data file: /bip7_disk/pingting114/mixed_bam/COLO829_PAO/TF1e-3_25x/TF1e-3_25x.rep1.bam.bai
[E::bam_parse_basemod2] c88d5b2b-5373-4a3e-b102-77b40c3e6527: MM tag refers to bases beyond sequence length
[W::hts_idx_load3] The index file is older than the data file: /bip7_disk/pingting114/mixed_bam/COLO829_PAO/TF1e-3_25x/TF1e-3_25x.rep1.bam.bai
[W::bam_next_basemod] MM tag refers to bases beyond sequence length
[W::hts_idx_load3] The index file is older than the data file: /bip7_disk/pingting114/mixed_bam/COLO829_PAO/TF1e-3_25x/TF1e-3_25x.rep1.bam.bai
[W::hts_idx_load3] The index file is older than the data file: /bip7_disk/pingting114/mixed_bam/COLO829_PAO/TF1e-3_25x/TF1e-3_25x.rep1.bam.bai
[W::hts_idx_load3] The index file is older than the data file: /bip7_disk/pingting114/mixed_bam/COLO829_PAO/TF1e-3_25x/TF1e-3_25x.rep1.bam.bai
[W::hts_idx_load3] The index file is older than the data file: /bip7_disk/pingting114/mixed_bam/COLO829_PAO/TF1e-3_25x/TF1e-3_25x.rep1.bam.bai
[W::bam_next_basemod] MM tag refers to bases beyond sequence length
[W::hts_idx_load3] The index file is older than the data file: /bip7_disk/pingting114/mixed_bam/COLO829_PAO/TF1e-3_25x/TF1e-3_25x.rep1.bam.bai
[W::hts_idx_load3] The index file is older than the data file: /bip7_disk/pingting114/mixed_bam/COLO829_PAO/TF1e-3_25x/TF1e-3_25x.rep1.bam.bai
[W::hts_idx_load3] The index file is older than the data file: /bip7_disk/pingting114/mixed_bam/COLO829_PAO/TF1e-3_25x/TF1e-3_25x.rep1.bam.bai
[W::hts_idx_load3] The index file is older than the data file: /bip7_disk/pingting114/mixed_bam/COLO829_PAO/TF1e-3_25x/TF1e-3_25x.rep1.bam.bai
[W::hts_idx_load3] The index file is older than the data file: /bip7_disk/pingting114/mixed_bam/COLO829_PAO/TF1e-3_25x/TF1e-3_25x.rep1.bam.bai
[W::bam_next_basemod] MM tag refers to bases beyond sequence length
[E::bam_parse_basemod2] a0031db8-2143-4ab9-a13c-dd646791b05a: MM tag refers to bases beyond sequence length
[W::hts_idx_load3] The index file is older than the data file: /bip7_disk/pingting114/mixed_bam/COLO829_PAO/TF1e-3_25x/TF1e-3_25x.rep1.bam.bai
[E::bam_parse_basemod2] f32908ee-e470-42f3-9e44-4204f52b59e6: MM tag refers to bases beyond sequence length
[W::hts_idx_load3] The index file is older than the data file: /bip7_disk/pingting114/mixed_bam/COLO829_PAO/TF1e-3_25x/TF1e-3_25x.rep1.bam.bai
[W::hts_idx_load3] The index file is older than the data file: /bip7_disk/pingting114/mixed_bam/COLO829_PAO/TF1e-3_25x/TF1e-3_25x.rep1.bam.bai
[W::hts_idx_load3] The index file is older than the data file: /bip7_disk/pingting114/mixed_bam/COLO829_PAO/TF1e-3_25x/TF1e-3_25x.rep1.bam.bai
[W::hts_idx_load3] The index file is older than the data file: /bip7_disk/pingting114/mixed_bam/COLO829_PAO/TF1e-3_25x/TF1e-3_25x.rep1.bam.bai
[W::hts_idx_load3] The index file is older than the data file: /bip7_disk/pingting114/mixed_bam/COLO829_PAO/TF1e-3_25x/TF1e-3_25x.rep1.bam.bai
[W::hts_idx_load3] The index file is older than the data file: /bip7_disk/pingting114/mixed_bam/COLO829_PAO/TF1e-3_25x/TF1e-3_25x.rep1.bam.bai
[W::bam_next_basemod] MM tag refers to bases beyond sequence length
[W::hts_idx_load3] The index file is older than the data file: /bip7_disk/pingting114/mixed_bam/COLO829_PAO/TF1e-3_25x/TF1e-3_25x.rep1.bam.bai
[W::hts_idx_load3] The index file is older than the data file: /bip7_disk/pingting114/mixed_bam/COLO829_PAO/TF1e-3_25x/TF1e-3_25x.rep1.bam.bai
[W::hts_idx_load3] The index file is older than the data file: /bip7_disk/pingting114/mixed_bam/COLO829_PAO/TF1e-3_25x/TF1e-3_25x.rep1.bam.bai
[W::hts_idx_load3] The index file is older than the data file: /bip7_disk/pingting114/mixed_bam/COLO829_PAO/TF1e-3_25x/TF1e-3_25x.rep1.bam.bai
[W::hts_idx_load3] The index file is older than the data file: /bip7_disk/pingting114/mixed_bam/COLO829_PAO/TF1e-3_25x/TF1e-3_25x.rep1.bam.bai
[W::bam_next_basemod] MM tag refers to bases beyond sequence length
[W::hts_idx_load3] The index file is older than the data file: /bip7_disk/pingting114/mixed_bam/COLO829_PAO/TF1e-3_25x/TF1e-3_25x.rep1.bam.bai
[W::hts_idx_load3] The index file is older than the data file: /bip7_disk/pingting114/mixed_bam/COLO829_PAO/TF1e-3_25x/TF1e-3_25x.rep1.bam.bai
[W::hts_idx_load3] The index file is older than the data file: /bip7_disk/pingting114/mixed_bam/COLO829_PAO/TF1e-3_25x/TF1e-3_25x.rep1.bam.bai
[E::bam_parse_basemod2] b2d15abb-4a87-4a80-9630-a82a8abc654c: MM tag refers to bases beyond sequence length
[W::hts_idx_load3] The index file is older than the data file: /bip7_disk/pingting114/mixed_bam/COLO829_PAO/TF1e-3_25x/TF1e-3_25x.rep1.bam.bai
[W::hts_idx_load3] The index file is older than the data file: /bip7_disk/pingting114/mixed_bam/COLO829_PAO/TF1e-3_25x/TF1e-3_25x.rep1.bam.bai
[W::hts_idx_load3] The index file is older than the data file: /bip7_disk/pingting114/mixed_bam/COLO829_PAO/TF1e-3_25x/TF1e-3_25x.rep1.bam.bai
[E::bam_parse_basemod2] d9809eac-a301-4fb6-94b6-3c05522d8bc1: MM tag refers to bases beyond sequence length
[W::hts_idx_load3] The index file is older than the data file: /bip7_disk/pingting114/mixed_bam/COLO829_PAO/TF1e-3_25x/TF1e-3_25x.rep1.bam.bai
[W::hts_idx_load3] The index file is older than the data file: /bip7_disk/pingting114/mixed_bam/COLO829_PAO/TF1e-3_25x/TF1e-3_25x.rep1.bam.bai
[W::hts_idx_load3] The index file is older than the data file: /bip7_disk/pingting114/mixed_bam/COLO829_PAO/TF1e-3_25x/TF1e-3_25x.rep1.bam.bai
[W::bam_next_basemod] MM tag refers to bases beyond sequence length
[W::hts_idx_load3] The index file is older than the data file: /bip7_disk/pingting114/mixed_bam/COLO829_PAO/TF1e-3_25x/TF1e-3_25x.rep1.bam.bai
[W::hts_idx_load3] The index file is older than the data file: /bip7_disk/pingting114/mixed_bam/COLO829_PAO/TF1e-3_25x/TF1e-3_25x.rep1.bam.bai
[W::hts_idx_load3] The index file is older than the data file: /bip7_disk/pingting114/mixed_bam/COLO829_PAO/TF1e-3_25x/TF1e-3_25x.rep1.bam.bai
[W::hts_idx_load3] The index file is older than the data file: /bip7_disk/pingting114/mixed_bam/COLO829_PAO/TF1e-3_25x/TF1e-3_25x.rep1.bam.bai
[E::bam_parse_basemod2] 83d8dd13-5db7-4f32-8860-847e97c59b4c: MM tag refers to bases beyond sequence length
[W::hts_idx_load3] The index file is older than the data file: /bip7_disk/pingting114/mixed_bam/COLO829_PAO/TF1e-3_25x/TF1e-3_25x.rep1.bam.bai
[W::hts_idx_load3] The index file is older than the data file: /bip7_disk/pingting114/mixed_bam/COLO829_PAO/TF1e-3_25x/TF1e-3_25x.rep1.bam.bai
[W::hts_idx_load3] The index file is older than the data file: /bip7_disk/pingting114/mixed_bam/COLO829_PAO/TF1e-3_25x/TF1e-3_25x.rep1.bam.bai
[W::hts_idx_load3] The index file is older than the data file: /bip7_disk/pingting114/mixed_bam/COLO829_PAO/TF1e-3_25x/TF1e-3_25x.rep1.bam.bai
[E::bam_parse_basemod2] db9d691b-23bf-43b3-a67c-dafd8137f9e6: MM tag refers to bases beyond sequence length
[W::hts_idx_load3] The index file is older than the data file: /bip7_disk/pingting114/mixed_bam/COLO829_PAO/TF1e-3_25x/TF1e-3_25x.rep1.bam.bai
[W::hts_idx_load3] The index file is older than the data file: /bip7_disk/pingting114/mixed_bam/COLO829_PAO/TF1e-3_25x/TF1e-3_25x.rep1.bam.bai
[W::bam_next_basemod] MM tag refers to bases beyond sequence length
[W::bam_next_basemod] MM tag refers to bases beyond sequence length
[E::bam_parse_basemod2] 36cbf6e1-e95d-4a97-b72a-e158922b7492: MM tag refers to bases beyond sequence length
[W::hts_idx_load3] The index file is older than the data file: /bip7_disk/pingting114/mixed_bam/COLO829_PAO/TF1e-3_25x/TF1e-3_25x.rep1.bam.bai
[W::hts_idx_load3] The index file is older than the data file: /bip7_disk/pingting114/mixed_bam/COLO829_PAO/TF1e-3_25x/TF1e-3_25x.rep1.bam.bai
[W::hts_idx_load3] The index file is older than the data file: /bip7_disk/pingting114/mixed_bam/COLO829_PAO/TF1e-3_25x/TF1e-3_25x.rep1.bam.bai
[E::bam_parse_basemod2] c26a88e6-2e37-4b39-af34-9f6f76c50708: MM tag refers to bases beyond sequence length
[W::hts_idx_load3] The index file is older than the data file: /bip7_disk/pingting114/mixed_bam/COLO829_PAO/TF1e-3_25x/TF1e-3_25x.rep1.bam.bai
[W::hts_idx_load3] The index file is older than the data file: /bip7_disk/pingting114/mixed_bam/COLO829_PAO/TF1e-3_25x/TF1e-3_25x.rep1.bam.bai
[W::hts_idx_load3] The index file is older than the data file: /bip7_disk/pingting114/mixed_bam/COLO829_PAO/TF1e-3_25x/TF1e-3_25x.rep1.bam.bai
[E::bam_parse_basemod2] fde4db8d-356f-4646-853c-03d92f698111: MM tag refers to bases beyond sequence length
[W::hts_idx_load3] The index file is older than the data file: /bip7_disk/pingting114/mixed_bam/COLO829_PAO/TF1e-3_25x/TF1e-3_25x.rep1.bam.bai
[W::hts_idx_load3] The index file is older than the data file: /bip7_disk/pingting114/mixed_bam/COLO829_PAO/TF1e-3_25x/TF1e-3_25x.rep1.bam.bai
[W::hts_idx_load3] The index file is older than the data file: /bip7_disk/pingting114/mixed_bam/COLO829_PAO/TF1e-3_25x/TF1e-3_25x.rep1.bam.bai
[W::hts_idx_load3] The index file is older than the data file: /bip7_disk/pingting114/mixed_bam/COLO829_PAO/TF1e-3_25x/TF1e-3_25x.rep1.bam.bai
[W::bam_next_basemod] MM tag refers to bases beyond sequence length
[W::hts_idx_load3] The index file is older than the data file: /bip7_disk/pingting114/mixed_bam/COLO829_PAO/TF1e-3_25x/TF1e-3_25x.rep1.bam.bai
[W::bam_next_basemod] MM tag refers to bases beyond sequence length
[W::hts_idx_load3] The index file is older than the data file: /bip7_disk/pingting114/mixed_bam/COLO829_PAO/TF1e-3_25x/TF1e-3_25x.rep1.bam.bai
[W::hts_idx_load3] The index file is older than the data file: /bip7_disk/pingting114/mixed_bam/COLO829_PAO/TF1e-3_25x/TF1e-3_25x.rep1.bam.bai
[W::hts_idx_load3] The index file is older than the data file: /bip7_disk/pingting114/mixed_bam/COLO829_PAO/TF1e-3_25x/TF1e-3_25x.rep1.bam.bai
[W::hts_idx_load3] The index file is older than the data file: /bip7_disk/pingting114/mixed_bam/COLO829_PAO/TF1e-3_25x/TF1e-3_25x.rep1.bam.bai
[E::bam_parse_basemod2] a7cdc46e-ba4f-4a46-9a72-4316cf831d1b: MM tag refers to bases beyond sequence length
[W::hts_idx_load3] The index file is older than the data file: /bip7_disk/pingting114/mixed_bam/COLO829_PAO/TF1e-3_25x/TF1e-3_25x.rep1.bam.bai
[W::hts_idx_load3] The index file is older than the data file: /bip7_disk/pingting114/mixed_bam/COLO829_PAO/TF1e-3_25x/TF1e-3_25x.rep1.bam.bai
[W::hts_idx_load3] The index file is older than the data file: /bip7_disk/pingting114/mixed_bam/COLO829_PAO/TF1e-3_25x/TF1e-3_25x.rep1.bam.bai
[W::hts_idx_load3] The index file is older than the data file: /bip7_disk/pingting114/mixed_bam/COLO829_PAO/TF1e-3_25x/TF1e-3_25x.rep1.bam.bai
[W::hts_idx_load3] The index file is older than the data file: /bip7_disk/pingting114/mixed_bam/COLO829_PAO/TF1e-3_25x/TF1e-3_25x.rep1.bam.bai
[E::bam_parse_basemod2] 77720e39-558b-4f8f-bfa0-14ef32258c23: MM tag refers to bases beyond sequence length
[W::hts_idx_load3] The index file is older than the data file: /bip7_disk/pingting114/mixed_bam/COLO829_PAO/TF1e-3_25x/TF1e-3_25x.rep1.bam.bai
[W::hts_idx_load3] The index file is older than the data file: /bip7_disk/pingting114/mixed_bam/COLO829_PAO/TF1e-3_25x/TF1e-3_25x.rep1.bam.bai
[W::bam_next_basemod] MM tag refers to bases beyond sequence length
[W::hts_idx_load3] The index file is older than the data file: /bip7_disk/pingting114/mixed_bam/COLO829_PAO/TF1e-3_25x/TF1e-3_25x.rep1.bam.bai
[W::hts_idx_load3] The index file is older than the data file: /bip7_disk/pingting114/mixed_bam/COLO829_PAO/TF1e-3_25x/TF1e-3_25x.rep1.bam.bai
[E::bam_parse_basemod2] 6ab47172-5cf7-47cb-973f-8ec4d0afdfdb: MM tag refers to bases beyond sequence length
[W::hts_idx_load3] The index file is older than the data file: /bip7_disk/pingting114/mixed_bam/COLO829_PAO/TF1e-3_25x/TF1e-3_25x.rep1.bam.bai
[W::bam_next_basemod] MM tag refers to bases beyond sequence length
[W::hts_idx_load3] The index file is older than the data file: /bip7_disk/pingting114/mixed_bam/COLO829_PAO/TF1e-3_25x/TF1e-3_25x.rep1.bam.bai
[W::hts_idx_load3] The index file is older than the data file: /bip7_disk/pingting114/mixed_bam/COLO829_PAO/TF1e-3_25x/TF1e-3_25x.rep1.bam.bai
[W::hts_idx_load3] The index file is older than the data file: /bip7_disk/pingting114/mixed_bam/COLO829_PAO/TF1e-3_25x/TF1e-3_25x.rep1.bam.bai
[E::bam_parse_basemod2] 8c66dc57-26a3-4b3b-86e6-756617fd6f2a: MM tag refers to bases beyond sequence length
[W::hts_idx_load3] The index file is older than the data file: /bip7_disk/pingting114/mixed_bam/COLO829_PAO/TF1e-3_25x/TF1e-3_25x.rep1.bam.bai
[W::hts_idx_load3] The index file is older than the data file: /bip7_disk/pingting114/mixed_bam/COLO829_PAO/TF1e-3_25x/TF1e-3_25x.rep1.bam.bai
[W::hts_idx_load3] The index file is older than the data file: /bip7_disk/pingting114/mixed_bam/COLO829_PAO/TF1e-3_25x/TF1e-3_25x.rep1.bam.bai
[W::hts_idx_load3] The index file is older than the data file: /bip7_disk/pingting114/mixed_bam/COLO829_PAO/TF1e-3_25x/TF1e-3_25x.rep1.bam.bai
[W::hts_idx_load3] The index file is older than the data file: /bip7_disk/pingting114/mixed_bam/COLO829_PAO/TF1e-3_25x/TF1e-3_25x.rep1.bam.bai
[W::bam_next_basemod] MM tag refers to bases beyond sequence length
[W::hts_idx_load3] The index file is older than the data file: /bip7_disk/pingting114/mixed_bam/COLO829_PAO/TF1e-3_25x/TF1e-3_25x.rep1.bam.bai
[W::hts_idx_load3] The index file is older than the data file: /bip7_disk/pingting114/mixed_bam/COLO829_PAO/TF1e-3_25x/TF1e-3_25x.rep1.bam.bai
[W::hts_idx_load3] The index file is older than the data file: /bip7_disk/pingting114/mixed_bam/COLO829_PAO/TF1e-3_25x/TF1e-3_25x.rep1.bam.bai
[W::hts_idx_load3] The index file is older than the data file: /bip7_disk/pingting114/mixed_bam/COLO829_PAO/TF1e-3_25x/TF1e-3_25x.rep1.bam.bai
[W::hts_idx_load3] The index file is older than the data file: /bip7_disk/pingting114/mixed_bam/COLO829_PAO/TF1e-3_25x/TF1e-3_25x.rep1.bam.bai
[W::hts_idx_load3] The index file is older than the data file: /bip7_disk/pingting114/mixed_bam/COLO829_PAO/TF1e-3_25x/TF1e-3_25x.rep1.bam.bai
[E::bam_parse_basemod2] 3a6773a4-2afa-4599-978d-6c29ca5b2edb: MM tag refers to bases beyond sequence length
[W::bam_next_basemod] MM tag refers to bases beyond sequence length
[W::hts_idx_load3] The index file is older than the data file: /bip7_disk/pingting114/mixed_bam/COLO829_PAO/TF1e-3_25x/TF1e-3_25x.rep1.bam.bai
[W::bam_next_basemod] MM tag refers to bases beyond sequence length
[W::hts_idx_load3] The index file is older than the data file: /bip7_disk/pingting114/mixed_bam/COLO829_PAO/TF1e-3_25x/TF1e-3_25x.rep1.bam.bai
[W::hts_idx_load3] The index file is older than the data file: /bip7_disk/pingting114/mixed_bam/COLO829_PAO/TF1e-3_25x/TF1e-3_25x.rep1.bam.bai
[W::hts_idx_load3] The index file is older than the data file: /bip7_disk/pingting114/mixed_bam/COLO829_PAO/TF1e-3_25x/TF1e-3_25x.rep1.bam.bai
[E::bam_parse_basemod2] 3e5dcf61-b683-4c05-80f7-0ad146fec8df: MM tag refers to bases beyond sequence length
[W::hts_idx_load3] The index file is older than the data file: /bip7_disk/pingting114/mixed_bam/COLO829_PAO/TF1e-3_25x/TF1e-3_25x.rep1.bam.bai
[W::bam_next_basemod] MM tag refers to bases beyond sequence length
[W::bam_next_basemod] MM tag refers to bases beyond sequence length
[E::bam_parse_basemod2] bcc2177f-c41c-45f3-be53-f892884c1bf2: MM tag refers to bases beyond sequence length
[W::hts_idx_load3] The index file is older than the data file: /bip7_disk/pingting114/mixed_bam/COLO829_PAO/TF1e-3_25x/TF1e-3_25x.rep1.bam.bai
[W::hts_idx_load3] The index file is older than the data file: /bip7_disk/pingting114/mixed_bam/COLO829_PAO/TF1e-3_25x/TF1e-3_25x.rep1.bam.bai
[E::bam_parse_basemod2] 94882d7f-200e-4c18-bdd6-808a3b83678d: MM tag refers to bases beyond sequence length
[W::hts_idx_load3] The index file is older than the data file: /bip7_disk/pingting114/mixed_bam/COLO829_PAO/TF1e-3_25x/TF1e-3_25x.rep1.bam.bai
[W::bam_next_basemod] MM tag refers to bases beyond sequence length
[E::bam_parse_basemod2] 16b35c11-f0bd-43a8-a6fb-4f4850aef308: MM tag refers to bases beyond sequence length
[W::hts_idx_load3] The index file is older than the data file: /bip7_disk/pingting114/mixed_bam/COLO829_PAO/TF1e-3_25x/TF1e-3_25x.rep1.bam.bai
[W::hts_idx_load3] The index file is older than the data file: /bip7_disk/pingting114/mixed_bam/COLO829_PAO/TF1e-3_25x/TF1e-3_25x.rep1.bam.bai
[W::hts_idx_load3] The index file is older than the data file: /bip7_disk/pingting114/mixed_bam/COLO829_PAO/TF1e-3_25x/TF1e-3_25x.rep1.bam.bai
[W::hts_idx_load3] The index file is older than the data file: /bip7_disk/pingting114/mixed_bam/COLO829_PAO/TF1e-3_25x/TF1e-3_25x.rep1.bam.bai
[E::bam_parse_basemod2] 32a1f65b-a92e-47fb-9d5d-49d5cede42ce: MM tag refers to bases beyond sequence length
[W::hts_idx_load3] The index file is older than the data file: /bip7_disk/pingting114/mixed_bam/COLO829_PAO/TF1e-3_25x/TF1e-3_25x.rep1.bam.bai
[E::bam_parse_basemod2] 93858b44-527b-43c9-b2d3-66930b2424a8: MM tag refers to bases beyond sequence length
[W::hts_idx_load3] The index file is older than the data file: /bip7_disk/pingting114/mixed_bam/COLO829_PAO/TF1e-3_25x/TF1e-3_25x.rep1.bam.bai
[W::bam_next_basemod] MM tag refers to bases beyond sequence length
[W::hts_idx_load3] The index file is older than the data file: /bip7_disk/pingting114/mixed_bam/COLO829_PAO/TF1e-3_25x/TF1e-3_25x.rep1.bam.bai
[W::hts_idx_load3] The index file is older than the data file: /bip7_disk/pingting114/mixed_bam/COLO829_PAO/TF1e-3_25x/TF1e-3_25x.rep1.bam.bai
[W::bam_next_basemod] MM tag refers to bases beyond sequence length
[W::hts_idx_load3] The index file is older than the data file: /bip7_disk/pingting114/mixed_bam/COLO829_PAO/TF1e-3_25x/TF1e-3_25x.rep1.bam.bai
[W::hts_idx_load3] The index file is older than the data file: /bip7_disk/pingting114/mixed_bam/COLO829_PAO/TF1e-3_25x/TF1e-3_25x.rep1.bam.bai
[W::hts_idx_load3] The index file is older than the data file: /bip7_disk/pingting114/mixed_bam/COLO829_PAO/TF1e-3_25x/TF1e-3_25x.rep1.bam.bai
[W::hts_idx_load3] The index file is older than the data file: /bip7_disk/pingting114/mixed_bam/COLO829_PAO/TF1e-3_25x/TF1e-3_25x.rep1.bam.bai
[W::hts_idx_load3] The index file is older than the data file: /bip7_disk/pingting114/mixed_bam/COLO829_PAO/TF1e-3_25x/TF1e-3_25x.rep1.bam.bai
[W::hts_idx_load3] The index file is older than the data file: /bip7_disk/pingting114/mixed_bam/COLO829_PAO/TF1e-3_25x/TF1e-3_25x.rep1.bam.bai
[W::bam_next_basemod] MM tag refers to bases beyond sequence length
[W::hts_idx_load3] The index file is older than the data file: /bip7_disk/pingting114/mixed_bam/COLO829_PAO/TF1e-3_25x/TF1e-3_25x.rep1.bam.bai
[W::hts_idx_load3] The index file is older than the data file: /bip7_disk/pingting114/mixed_bam/COLO829_PAO/TF1e-3_25x/TF1e-3_25x.rep1.bam.bai
[E::bam_parse_basemod2] 5873aa4b-f99d-4d83-911a-b3a219e5084d: MM tag refers to bases beyond sequence length
[W::hts_idx_load3] The index file is older than the data file: /bip7_disk/pingting114/mixed_bam/COLO829_PAO/TF1e-3_25x/TF1e-3_25x.rep1.bam.bai
[W::hts_idx_load3] The index file is older than the data file: /bip7_disk/pingting114/mixed_bam/COLO829_PAO/TF1e-3_25x/TF1e-3_25x.rep1.bam.bai
[W::hts_idx_load3] The index file is older than the data file: /bip7_disk/pingting114/mixed_bam/COLO829_PAO/TF1e-3_25x/TF1e-3_25x.rep1.bam.bai
[W::hts_idx_load3] The index file is older than the data file: /bip7_disk/pingting114/mixed_bam/COLO829_PAO/TF1e-3_25x/TF1e-3_25x.rep1.bam.bai
[E::bam_parse_basemod2] 711fc338-c96c-4cb1-bff0-2484f4f1c1fe: MM tag refers to bases beyond sequence length
[W::hts_idx_load3] The index file is older than the data file: /bip7_disk/pingting114/mixed_bam/COLO829_PAO/TF1e-3_25x/TF1e-3_25x.rep1.bam.bai
[E::bam_parse_basemod2] 11a34f19-3d1d-45c9-a8e6-39d02bad80a7: MM tag refers to bases beyond sequence length
[E::bam_parse_basemod2] 4e960914-9113-4e37-af8e-dcd758e08b8c: MM tag refers to bases beyond sequence length
[W::hts_idx_load3] The index file is older than the data file: /bip7_disk/pingting114/mixed_bam/COLO829_PAO/TF1e-3_25x/TF1e-3_25x.rep1.bam.bai
[W::hts_idx_load3] The index file is older than the data file: /bip7_disk/pingting114/mixed_bam/COLO829_PAO/TF1e-3_25x/TF1e-3_25x.rep1.bam.bai
[E::bam_parse_basemod2] ffeb72c2-cf55-4c72-aa67-fec61580fb74: MM tag refers to bases beyond sequence length
[W::hts_idx_load3] The index file is older than the data file: /bip7_disk/pingting114/mixed_bam/COLO829_PAO/TF1e-3_25x/TF1e-3_25x.rep1.bam.bai
[W::bam_next_basemod] MM tag refers to bases beyond sequence length
[W::hts_idx_load3] The index file is older than the data file: /bip7_disk/pingting114/mixed_bam/COLO829_PAO/TF1e-3_25x/TF1e-3_25x.rep1.bam.bai
[W::hts_idx_load3] The index file is older than the data file: /bip7_disk/pingting114/mixed_bam/COLO829_PAO/TF1e-3_25x/TF1e-3_25x.rep1.bam.bai
[W::hts_idx_load3] The index file is older than the data file: /bip7_disk/pingting114/mixed_bam/COLO829_PAO/TF1e-3_25x/TF1e-3_25x.rep1.bam.bai
[W::hts_idx_load3] The index file is older than the data file: /bip7_disk/pingting114/mixed_bam/COLO829_PAO/TF1e-3_25x/TF1e-3_25x.rep1.bam.bai
[W::hts_idx_load3] The index file is older than the data file: /bip7_disk/pingting114/mixed_bam/COLO829_PAO/TF1e-3_25x/TF1e-3_25x.rep1.bam.bai
[W::hts_idx_load3] The index file is older than the data file: /bip7_disk/pingting114/mixed_bam/COLO829_PAO/TF1e-3_25x/TF1e-3_25x.rep1.bam.bai
[W::hts_idx_load3] The index file is older than the data file: /bip7_disk/pingting114/mixed_bam/COLO829_PAO/TF1e-3_25x/TF1e-3_25x.rep1.bam.bai
[W::hts_idx_load3] The index file is older than the data file: /bip7_disk/pingting114/mixed_bam/COLO829_PAO/TF1e-3_25x/TF1e-3_25x.rep1.bam.bai
[W::bam_next_basemod] MM tag refers to bases beyond sequence length
[W::hts_idx_load3] The index file is older than the data file: /bip7_disk/pingting114/mixed_bam/COLO829_PAO/TF1e-3_25x/TF1e-3_25x.rep1.bam.bai
[E::bam_parse_basemod2] 6cd59ddf-a5de-47fb-ae67-cb7343204d43: MM tag refers to bases beyond sequence length
[W::hts_idx_load3] The index file is older than the data file: /bip7_disk/pingting114/mixed_bam/COLO829_PAO/TF1e-3_25x/TF1e-3_25x.rep1.bam.bai
[E::bam_parse_basemod2] 3435eda3-d61d-41c6-867a-4ab56f2477ab: MM tag refers to bases beyond sequence length
[W::hts_idx_load3] The index file is older than the data file: /bip7_disk/pingting114/mixed_bam/COLO829_PAO/TF1e-3_25x/TF1e-3_25x.rep1.bam.bai
[W::hts_idx_load3] The index file is older than the data file: /bip7_disk/pingting114/mixed_bam/COLO829_PAO/TF1e-3_25x/TF1e-3_25x.rep1.bam.bai
[W::hts_idx_load3] The index file is older than the data file: /bip7_disk/pingting114/mixed_bam/COLO829_PAO/TF1e-3_25x/TF1e-3_25x.rep1.bam.bai
[W::bam_next_basemod] MM tag refers to bases beyond sequence length
[E::bam_parse_basemod2] 6e29579a-7c20-4cad-8b2f-215782a1b13d: MM tag refers to bases beyond sequence length
[E::bam_parse_basemod2] e17483a0-c95b-4c30-a56e-64fc29dbe9cf: MM tag refers to bases beyond sequence length
[W::hts_idx_load3] The index file is older than the data file: /bip7_disk/pingting114/mixed_bam/COLO829_PAO/TF1e-3_25x/TF1e-3_25x.rep1.bam.bai
[W::hts_idx_load3] The index file is older than the data file: /bip7_disk/pingting114/mixed_bam/COLO829_PAO/TF1e-3_25x/TF1e-3_25x.rep1.bam.bai
[W::hts_idx_load3] The index file is older than the data file: /bip7_disk/pingting114/mixed_bam/COLO829_PAO/TF1e-3_25x/TF1e-3_25x.rep1.bam.bai
[E::bam_parse_basemod2] 0a2c5c66-066a-4aff-a2db-3dd94e386f88: MM tag refers to bases beyond sequence length
[W::hts_idx_load3] The index file is older than the data file: /bip7_disk/pingting114/mixed_bam/COLO829_PAO/TF1e-3_25x/TF1e-3_25x.rep1.bam.bai
[W::hts_idx_load3] The index file is older than the data file: /bip7_disk/pingting114/mixed_bam/COLO829_PAO/TF1e-3_25x/TF1e-3_25x.rep1.bam.bai
[E::bam_parse_basemod2] 8773d0cd-a722-4529-92f4-69c76b3b8713: MM tag refers to bases beyond sequence length
[W::hts_idx_load3] The index file is older than the data file: /bip7_disk/pingting114/mixed_bam/COLO829_PAO/TF1e-3_25x/TF1e-3_25x.rep1.bam.bai
[W::hts_idx_load3] The index file is older than the data file: /bip7_disk/pingting114/mixed_bam/COLO829_PAO/TF1e-3_25x/TF1e-3_25x.rep1.bam.bai
[W::hts_idx_load3] The index file is older than the data file: /bip7_disk/pingting114/mixed_bam/COLO829_PAO/TF1e-3_25x/TF1e-3_25x.rep1.bam.bai
[E::bam_parse_basemod2] 36568260-a39d-4263-81ca-e3a975b23358: MM tag refers to bases beyond sequence length
[W::hts_idx_load3] The index file is older than the data file: /bip7_disk/pingting114/mixed_bam/COLO829_PAO/TF1e-3_25x/TF1e-3_25x.rep1.bam.bai
[W::hts_idx_load3] The index file is older than the data file: /bip7_disk/pingting114/mixed_bam/COLO829_PAO/TF1e-3_25x/TF1e-3_25x.rep1.bam.bai
[W::hts_idx_load3] The index file is older than the data file: /bip7_disk/pingting114/mixed_bam/COLO829_PAO/TF1e-3_25x/TF1e-3_25x.rep1.bam.bai
[W::hts_idx_load3] The index file is older than the data file: /bip7_disk/pingting114/mixed_bam/COLO829_PAO/TF1e-3_25x/TF1e-3_25x.rep1.bam.bai
[W::bam_next_basemod] MM tag refers to bases beyond sequence length
[W::hts_idx_load3] The index file is older than the data file: /bip7_disk/pingting114/mixed_bam/COLO829_PAO/TF1e-3_25x/TF1e-3_25x.rep1.bam.bai
[W::hts_idx_load3] The index file is older than the data file: /bip7_disk/pingting114/mixed_bam/COLO829_PAO/TF1e-3_25x/TF1e-3_25x.rep1.bam.bai
[W::hts_idx_load3] The index file is older than the data file: /bip7_disk/pingting114/mixed_bam/COLO829_PAO/TF1e-3_25x/TF1e-3_25x.rep1.bam.bai
[E::bam_parse_basemod2] 1c873c7b-7b5e-47a5-97a8-19c37293bd45: MM tag refers to bases beyond sequence length
[W::bam_next_basemod] MM tag refers to bases beyond sequence length
[W::hts_idx_load3] The index file is older than the data file: /bip7_disk/pingting114/mixed_bam/COLO829_PAO/TF1e-3_25x/TF1e-3_25x.rep1.bam.bai
[W::hts_idx_load3] The index file is older than the data file: /bip7_disk/pingting114/mixed_bam/COLO829_PAO/TF1e-3_25x/TF1e-3_25x.rep1.bam.bai
[W::hts_idx_load3] The index file is older than the data file: /bip7_disk/pingting114/mixed_bam/COLO829_PAO/TF1e-3_25x/TF1e-3_25x.rep1.bam.bai
[W::bam_next_basemod] MM tag refers to bases beyond sequence length
[W::hts_idx_load3] The index file is older than the data file: /bip7_disk/pingting114/mixed_bam/COLO829_PAO/TF1e-3_25x/TF1e-3_25x.rep1.bam.bai
[W::hts_idx_load3] The index file is older than the data file: /bip7_disk/pingting114/mixed_bam/COLO829_PAO/TF1e-3_25x/TF1e-3_25x.rep1.bam.bai
[W::hts_idx_load3] The index file is older than the data file: /bip7_disk/pingting114/mixed_bam/COLO829_PAO/TF1e-3_25x/TF1e-3_25x.rep1.bam.bai
[W::hts_idx_load3] The index file is older than the data file: /bip7_disk/pingting114/mixed_bam/COLO829_PAO/TF1e-3_25x/TF1e-3_25x.rep1.bam.bai
[W::bam_next_basemod] MM tag refers to bases beyond sequence length
[W::hts_idx_load3] The index file is older than the data file: /bip7_disk/pingting114/mixed_bam/COLO829_PAO/TF1e-3_25x/TF1e-3_25x.rep1.bam.bai
[W::hts_idx_load3] The index file is older than the data file: /bip7_disk/pingting114/mixed_bam/COLO829_PAO/TF1e-3_25x/TF1e-3_25x.rep1.bam.bai
[W::hts_idx_load3] The index file is older than the data file: /bip7_disk/pingting114/mixed_bam/COLO829_PAO/TF1e-3_25x/TF1e-3_25x.rep1.bam.bai
[W::hts_idx_load3] The index file is older than the data file: /bip7_disk/pingting114/mixed_bam/COLO829_PAO/TF1e-3_25x/TF1e-3_25x.rep1.bam.bai
[E::bam_parse_basemod2] 9803b3ad-8cb5-43c4-aaa3-e00817edf607: MM tag refers to bases beyond sequence length
[W::hts_idx_load3] The index file is older than the data file: /bip7_disk/pingting114/mixed_bam/COLO829_PAO/TF1e-3_25x/TF1e-3_25x.rep1.bam.bai
[E::bam_parse_basemod2] f8cbf0bb-db9a-48f7-8d52-39a83556d314: MM tag refers to bases beyond sequence length
[W::hts_idx_load3] The index file is older than the data file: /bip7_disk/pingting114/mixed_bam/COLO829_PAO/TF1e-3_25x/TF1e-3_25x.rep1.bam.bai
[W::hts_idx_load3] The index file is older than the data file: /bip7_disk/pingting114/mixed_bam/COLO829_PAO/TF1e-3_25x/TF1e-3_25x.rep1.bam.bai
[W::hts_idx_load3] The index file is older than the data file: /bip7_disk/pingting114/mixed_bam/COLO829_PAO/TF1e-3_25x/TF1e-3_25x.rep1.bam.bai
[W::hts_idx_load3] The index file is older than the data file: /bip7_disk/pingting114/mixed_bam/COLO829_PAO/TF1e-3_25x/TF1e-3_25x.rep1.bam.bai
[W::hts_idx_load3] The index file is older than the data file: /bip7_disk/pingting114/mixed_bam/COLO829_PAO/TF1e-3_25x/TF1e-3_25x.rep1.bam.bai
[W::bam_next_basemod] MM tag refers to bases beyond sequence length
[W::hts_idx_load3] The index file is older than the data file: /bip7_disk/pingting114/mixed_bam/COLO829_PAO/TF1e-3_25x/TF1e-3_25x.rep1.bam.bai
[E::bam_parse_basemod2] 0a0d639c-bc5e-4ac9-9f51-dab033494433: MM tag refers to bases beyond sequence length
[W::hts_idx_load3] The index file is older than the data file: /bip7_disk/pingting114/mixed_bam/COLO829_PAO/TF1e-3_25x/TF1e-3_25x.rep1.bam.bai
[W::hts_idx_load3] The index file is older than the data file: /bip7_disk/pingting114/mixed_bam/COLO829_PAO/TF1e-3_25x/TF1e-3_25x.rep1.bam.bai
[W::bam_next_basemod] MM tag refers to bases beyond sequence length
[W::hts_idx_load3] The index file is older than the data file: /bip7_disk/pingting114/mixed_bam/COLO829_PAO/TF1e-3_25x/TF1e-3_25x.rep1.bam.bai
[W::hts_idx_load3] The index file is older than the data file: /bip7_disk/pingting114/mixed_bam/COLO829_PAO/TF1e-3_25x/TF1e-3_25x.rep1.bam.bai
[E::bam_parse_basemod2] 55d79a8b-c7ee-4a2f-9276-d61c3cf9edd9: MM tag refers to bases beyond sequence length
[W::hts_idx_load3] The index file is older than the data file: /bip7_disk/pingting114/mixed_bam/COLO829_PAO/TF1e-3_25x/TF1e-3_25x.rep1.bam.bai
[W::hts_idx_load3] The index file is older than the data file: /bip7_disk/pingting114/mixed_bam/COLO829_PAO/TF1e-3_25x/TF1e-3_25x.rep1.bam.bai
[W::bam_next_basemod] MM tag refers to bases beyond sequence length
[W::bam_next_basemod] MM tag refers to bases beyond sequence length
[W::hts_idx_load3] The index file is older than the data file: /bip7_disk/pingting114/mixed_bam/COLO829_PAO/TF1e-3_25x/TF1e-3_25x.rep1.bam.bai
[W::hts_idx_load3] The index file is older than the data file: /bip7_disk/pingting114/mixed_bam/COLO829_PAO/TF1e-3_25x/TF1e-3_25x.rep1.bam.bai
[W::hts_idx_load3] The index file is older than the data file: /bip7_disk/pingting114/mixed_bam/COLO829_PAO/TF1e-3_25x/TF1e-3_25x.rep1.bam.bai
[W::hts_idx_load3] The index file is older than the data file: /bip7_disk/pingting114/mixed_bam/COLO829_PAO/TF1e-3_25x/TF1e-3_25x.rep1.bam.bai
[E::bam_parse_basemod2] 83ac636f-9531-4bec-a3d1-3de91879c3ca: MM tag refers to bases beyond sequence length
[W::hts_idx_load3] The index file is older than the data file: /bip7_disk/pingting114/mixed_bam/COLO829_PAO/TF1e-3_25x/TF1e-3_25x.rep1.bam.bai
[W::hts_idx_load3] The index file is older than the data file: /bip7_disk/pingting114/mixed_bam/COLO829_PAO/TF1e-3_25x/TF1e-3_25x.rep1.bam.bai
[W::bam_next_basemod] MM tag refers to bases beyond sequence length
[W::bam_next_basemod] MM tag refers to bases beyond sequence length
[W::hts_idx_load3] The index file is older than the data file: /bip7_disk/pingting114/mixed_bam/COLO829_PAO/TF1e-3_25x/TF1e-3_25x.rep1.bam.bai
[W::hts_idx_load3] The index file is older than the data file: /bip7_disk/pingting114/mixed_bam/COLO829_PAO/TF1e-3_25x/TF1e-3_25x.rep1.bam.bai
[W::hts_idx_load3] The index file is older than the data file: /bip7_disk/pingting114/mixed_bam/COLO829_PAO/TF1e-3_25x/TF1e-3_25x.rep1.bam.bai
[W::bam_next_basemod] MM tag refers to bases beyond sequence length
[W::hts_idx_load3] The index file is older than the data file: /bip7_disk/pingting114/mixed_bam/COLO829_PAO/TF1e-3_25x/TF1e-3_25x.rep1.bam.bai
[W::hts_idx_load3] The index file is older than the data file: /bip7_disk/pingting114/mixed_bam/COLO829_PAO/TF1e-3_25x/TF1e-3_25x.rep1.bam.bai
[W::hts_idx_load3] The index file is older than the data file: /bip7_disk/pingting114/mixed_bam/COLO829_PAO/TF1e-3_25x/TF1e-3_25x.rep1.bam.bai
[W::hts_idx_load3] The index file is older than the data file: /bip7_disk/pingting114/mixed_bam/COLO829_PAO/TF1e-3_25x/TF1e-3_25x.rep1.bam.bai
[W::hts_idx_load3] The index file is older than the data file: /bip7_disk/pingting114/mixed_bam/COLO829_PAO/TF1e-3_25x/TF1e-3_25x.rep1.bam.bai
[E::bam_parse_basemod2] 5d009f98-6b72-4277-bfe8-d160c0358ca8: MM tag refers to bases beyond sequence length
[W::hts_idx_load3] The index file is older than the data file: /bip7_disk/pingting114/mixed_bam/COLO829_PAO/TF1e-3_25x/TF1e-3_25x.rep1.bam.bai
[W::hts_idx_load3] The index file is older than the data file: /bip7_disk/pingting114/mixed_bam/COLO829_PAO/TF1e-3_25x/TF1e-3_25x.rep1.bam.bai
[W::hts_idx_load3] The index file is older than the data file: /bip7_disk/pingting114/mixed_bam/COLO829_PAO/TF1e-3_25x/TF1e-3_25x.rep1.bam.bai
[W::bam_next_basemod] MM tag refers to bases beyond sequence length
[W::hts_idx_load3] The index file is older than the data file: /bip7_disk/pingting114/mixed_bam/COLO829_PAO/TF1e-3_25x/TF1e-3_25x.rep1.bam.bai
[E::bam_parse_basemod2] 6e2453ed-2389-4223-b65f-9981d8c79631: MM tag refers to bases beyond sequence length
[W::hts_idx_load3] The index file is older than the data file: /bip7_disk/pingting114/mixed_bam/COLO829_PAO/TF1e-3_25x/TF1e-3_25x.rep1.bam.bai
[W::hts_idx_load3] The index file is older than the data file: /bip7_disk/pingting114/mixed_bam/COLO829_PAO/TF1e-3_25x/TF1e-3_25x.rep1.bam.bai
[W::hts_idx_load3] The index file is older than the data file: /bip7_disk/pingting114/mixed_bam/COLO829_PAO/TF1e-3_25x/TF1e-3_25x.rep1.bam.bai
[W::hts_idx_load3] The index file is older than the data file: /bip7_disk/pingting114/mixed_bam/COLO829_PAO/TF1e-3_25x/TF1e-3_25x.rep1.bam.bai
[E::bam_parse_basemod2] 9a2301cb-830e-44da-ab43-8a4941af70c1: MM tag refers to bases beyond sequence length
[W::hts_idx_load3] The index file is older than the data file: /bip7_disk/pingting114/mixed_bam/COLO829_PAO/TF1e-3_25x/TF1e-3_25x.rep1.bam.bai
[E::bam_parse_basemod2] 24c98139-9267-4982-a42d-1444e01a0cc5: MM tag refers to bases beyond sequence length
[W::bam_next_basemod] MM tag refers to bases beyond sequence length
[W::hts_idx_load3] The index file is older than the data file: /bip7_disk/pingting114/mixed_bam/COLO829_PAO/TF1e-3_25x/TF1e-3_25x.rep1.bam.bai
[W::bam_next_basemod] MM tag refers to bases beyond sequence length
[E::bam_parse_basemod2] 8a028f19-08b8-4787-be78-c80e3799907d: MM tag refers to bases beyond sequence length
[W::hts_idx_load3] The index file is older than the data file: /bip7_disk/pingting114/mixed_bam/COLO829_PAO/TF1e-3_25x/TF1e-3_25x.rep1.bam.bai
[W::hts_idx_load3] The index file is older than the data file: /bip7_disk/pingting114/mixed_bam/COLO829_PAO/TF1e-3_25x/TF1e-3_25x.rep1.bam.bai
[W::hts_idx_load3] The index file is older than the data file: /bip7_disk/pingting114/mixed_bam/COLO829_PAO/TF1e-3_25x/TF1e-3_25x.rep1.bam.bai
[W::hts_idx_load3] The index file is older than the data file: /bip7_disk/pingting114/mixed_bam/COLO829_PAO/TF1e-3_25x/TF1e-3_25x.rep1.bam.bai
[W::bam_next_basemod] MM tag refers to bases beyond sequence length
[W::hts_idx_load3] The index file is older than the data file: /bip7_disk/pingting114/mixed_bam/COLO829_PAO/TF1e-3_25x/TF1e-3_25x.rep1.bam.bai
[W::bam_next_basemod] MM tag refers to bases beyond sequence length
[W::bam_next_basemod] MM tag refers to bases beyond sequence length
[W::hts_idx_load3] The index file is older than the data file: /bip7_disk/pingting114/mixed_bam/COLO829_PAO/TF1e-3_25x/TF1e-3_25x.rep1.bam.bai
[W::hts_idx_load3] The index file is older than the data file: /bip7_disk/pingting114/mixed_bam/COLO829_PAO/TF1e-3_25x/TF1e-3_25x.rep1.bam.bai
[W::hts_idx_load3] The index file is older than the data file: /bip7_disk/pingting114/mixed_bam/COLO829_PAO/TF1e-3_25x/TF1e-3_25x.rep1.bam.bai
[W::bam_next_basemod] MM tag refers to bases beyond sequence length
[W::hts_idx_load3] The index file is older than the data file: /bip7_disk/pingting114/mixed_bam/COLO829_PAO/TF1e-3_25x/TF1e-3_25x.rep1.bam.bai
[W::bam_next_basemod] MM tag refers to bases beyond sequence length
[W::hts_idx_load3] The index file is older than the data file: /bip7_disk/pingting114/mixed_bam/COLO829_PAO/TF1e-3_25x/TF1e-3_25x.rep1.bam.bai
[W::hts_idx_load3] The index file is older than the data file: /bip7_disk/pingting114/mixed_bam/COLO829_PAO/TF1e-3_25x/TF1e-3_25x.rep1.bam.bai
[W::bam_next_basemod] MM tag refers to bases beyond sequence length
[W::hts_idx_load3] The index file is older than the data file: /bip7_disk/pingting114/mixed_bam/COLO829_PAO/TF1e-3_25x/TF1e-3_25x.rep1.bam.bai
[W::hts_idx_load3] The index file is older than the data file: /bip7_disk/pingting114/mixed_bam/COLO829_PAO/TF1e-3_25x/TF1e-3_25x.rep1.bam.bai
[W::bam_next_basemod] MM tag refers to bases beyond sequence length
[W::hts_idx_load3] The index file is older than the data file: /bip7_disk/pingting114/mixed_bam/COLO829_PAO/TF1e-3_25x/TF1e-3_25x.rep1.bam.bai
[W::hts_idx_load3] The index file is older than the data file: /bip7_disk/pingting114/mixed_bam/COLO829_PAO/TF1e-3_25x/TF1e-3_25x.rep1.bam.bai
[W::hts_idx_load3] The index file is older than the data file: /bip7_disk/pingting114/mixed_bam/COLO829_PAO/TF1e-3_25x/TF1e-3_25x.rep1.bam.bai
[W::hts_idx_load3] The index file is older than the data file: /bip7_disk/pingting114/mixed_bam/COLO829_PAO/TF1e-3_25x/TF1e-3_25x.rep1.bam.bai
[W::bam_next_basemod] MM tag refers to bases beyond sequence length
[W::hts_idx_load3] The index file is older than the data file: /bip7_disk/pingting114/mixed_bam/COLO829_PAO/TF1e-3_25x/TF1e-3_25x.rep1.bam.bai
[W::hts_idx_load3] The index file is older than the data file: /bip7_disk/pingting114/mixed_bam/COLO829_PAO/TF1e-3_25x/TF1e-3_25x.rep1.bam.bai
[W::hts_idx_load3] The index file is older than the data file: /bip7_disk/pingting114/mixed_bam/COLO829_PAO/TF1e-3_25x/TF1e-3_25x.rep1.bam.bai
[W::hts_idx_load3] The index file is older than the data file: /bip7_disk/pingting114/mixed_bam/COLO829_PAO/TF1e-3_25x/TF1e-3_25x.rep1.bam.bai
[W::hts_idx_load3] The index file is older than the data file: /bip7_disk/pingting114/mixed_bam/COLO829_PAO/TF1e-3_25x/TF1e-3_25x.rep1.bam.bai
[W::hts_idx_load3] The index file is older than the data file: /bip7_disk/pingting114/mixed_bam/COLO829_PAO/TF1e-3_25x/TF1e-3_25x.rep1.bam.bai
[W::hts_idx_load3] The index file is older than the data file: /bip7_disk/pingting114/mixed_bam/COLO829_PAO/TF1e-3_25x/TF1e-3_25x.rep1.bam.bai
[W::hts_idx_load3] The index file is older than the data file: /bip7_disk/pingting114/mixed_bam/COLO829_PAO/TF1e-3_25x/TF1e-3_25x.rep1.bam.bai
[E::bam_parse_basemod2] cee65866-9ecb-4790-975d-54ad8562dc9b: MM tag refers to bases beyond sequence length
[W::hts_idx_load3] The index file is older than the data file: /bip7_disk/pingting114/mixed_bam/COLO829_PAO/TF1e-3_25x/TF1e-3_25x.rep1.bam.bai
[W::hts_idx_load3] The index file is older than the data file: /bip7_disk/pingting114/mixed_bam/COLO829_PAO/TF1e-3_25x/TF1e-3_25x.rep1.bam.bai
[W::hts_idx_load3] The index file is older than the data file: /bip7_disk/pingting114/mixed_bam/COLO829_PAO/TF1e-3_25x/TF1e-3_25x.rep1.bam.bai
[E::bam_parse_basemod2] 55336b7f-7b47-4081-9ce9-3428ad33401a: MM tag refers to bases beyond sequence length
[W::hts_idx_load3] The index file is older than the data file: /bip7_disk/pingting114/mixed_bam/COLO829_PAO/TF1e-3_25x/TF1e-3_25x.rep1.bam.bai
[W::bam_next_basemod] MM tag refers to bases beyond sequence length
[W::hts_idx_load3] The index file is older than the data file: /bip7_disk/pingting114/mixed_bam/COLO829_PAO/TF1e-3_25x/TF1e-3_25x.rep1.bam.bai
[W::hts_idx_load3] The index file is older than the data file: /bip7_disk/pingting114/mixed_bam/COLO829_PAO/TF1e-3_25x/TF1e-3_25x.rep1.bam.bai
[W::hts_idx_load3] The index file is older than the data file: /bip7_disk/pingting114/mixed_bam/COLO829_PAO/TF1e-3_25x/TF1e-3_25x.rep1.bam.bai
  TF1e-3_25x.rep1.bam cand 1500/4000
[W::hts_idx_load3] The index file is older than the data file: /bip7_disk/pingting114/mixed_bam/COLO829_PAO/TF1e-3_25x/TF1e-3_25x.rep1.bam.bai
[W::bam_next_basemod] MM tag refers to bases beyond sequence length
[W::hts_idx_load3] The index file is older than the data file: /bip7_disk/pingting114/mixed_bam/COLO829_PAO/TF1e-3_25x/TF1e-3_25x.rep1.bam.bai
[W::hts_idx_load3] The index file is older than the data file: /bip7_disk/pingting114/mixed_bam/COLO829_PAO/TF1e-3_25x/TF1e-3_25x.rep1.bam.bai
[W::hts_idx_load3] The index file is older than the data file: /bip7_disk/pingting114/mixed_bam/COLO829_PAO/TF1e-3_25x/TF1e-3_25x.rep1.bam.bai
[W::hts_idx_load3] The index file is older than the data file: /bip7_disk/pingting114/mixed_bam/COLO829_PAO/TF1e-3_25x/TF1e-3_25x.rep1.bam.bai
[W::hts_idx_load3] The index file is older than the data file: /bip7_disk/pingting114/mixed_bam/COLO829_PAO/TF1e-3_25x/TF1e-3_25x.rep1.bam.bai
[W::hts_idx_load3] The index file is older than the data file: /bip7_disk/pingting114/mixed_bam/COLO829_PAO/TF1e-3_25x/TF1e-3_25x.rep1.bam.bai
[W::hts_idx_load3] The index file is older than the data file: /bip7_disk/pingting114/mixed_bam/COLO829_PAO/TF1e-3_25x/TF1e-3_25x.rep1.bam.bai
[W::hts_idx_load3] The index file is older than the data file: /bip7_disk/pingting114/mixed_bam/COLO829_PAO/TF1e-3_25x/TF1e-3_25x.rep1.bam.bai
[W::hts_idx_load3] The index file is older than the data file: /bip7_disk/pingting114/mixed_bam/COLO829_PAO/TF1e-3_25x/TF1e-3_25x.rep1.bam.bai
[W::hts_idx_load3] The index file is older than the data file: /bip7_disk/pingting114/mixed_bam/COLO829_PAO/TF1e-3_25x/TF1e-3_25x.rep1.bam.bai
[W::hts_idx_load3] The index file is older than the data file: /bip7_disk/pingting114/mixed_bam/COLO829_PAO/TF1e-3_25x/TF1e-3_25x.rep1.bam.bai
[W::bam_next_basemod] MM tag refers to bases beyond sequence length
[W::hts_idx_load3] The index file is older than the data file: /bip7_disk/pingting114/mixed_bam/COLO829_PAO/TF1e-3_25x/TF1e-3_25x.rep1.bam.bai
[W::hts_idx_load3] The index file is older than the data file: /bip7_disk/pingting114/mixed_bam/COLO829_PAO/TF1e-3_25x/TF1e-3_25x.rep1.bam.bai
[W::hts_idx_load3] The index file is older than the data file: /bip7_disk/pingting114/mixed_bam/COLO829_PAO/TF1e-3_25x/TF1e-3_25x.rep1.bam.bai
[W::hts_idx_load3] The index file is older than the data file: /bip7_disk/pingting114/mixed_bam/COLO829_PAO/TF1e-3_25x/TF1e-3_25x.rep1.bam.bai
[W::hts_idx_load3] The index file is older than the data file: /bip7_disk/pingting114/mixed_bam/COLO829_PAO/TF1e-3_25x/TF1e-3_25x.rep1.bam.bai
[W::hts_idx_load3] The index file is older than the data file: /bip7_disk/pingting114/mixed_bam/COLO829_PAO/TF1e-3_25x/TF1e-3_25x.rep1.bam.bai
[W::hts_idx_load3] The index file is older than the data file: /bip7_disk/pingting114/mixed_bam/COLO829_PAO/TF1e-3_25x/TF1e-3_25x.rep1.bam.bai
[W::bam_next_basemod] MM tag refers to bases beyond sequence length
[W::bam_next_basemod] MM tag refers to bases beyond sequence length
[W::hts_idx_load3] The index file is older than the data file: /bip7_disk/pingting114/mixed_bam/COLO829_PAO/TF1e-3_25x/TF1e-3_25x.rep1.bam.bai
[W::hts_idx_load3] The index file is older than the data file: /bip7_disk/pingting114/mixed_bam/COLO829_PAO/TF1e-3_25x/TF1e-3_25x.rep1.bam.bai
[W::hts_idx_load3] The index file is older than the data file: /bip7_disk/pingting114/mixed_bam/COLO829_PAO/TF1e-3_25x/TF1e-3_25x.rep1.bam.bai
[W::hts_idx_load3] The index file is older than the data file: /bip7_disk/pingting114/mixed_bam/COLO829_PAO/TF1e-3_25x/TF1e-3_25x.rep1.bam.bai
[E::bam_parse_basemod2] 2a498464-9fb3-4c3c-ad28-31dab191e9c8: MM tag refers to bases beyond sequence length
[W::hts_idx_load3] The index file is older than the data file: /bip7_disk/pingting114/mixed_bam/COLO829_PAO/TF1e-3_25x/TF1e-3_25x.rep1.bam.bai
[W::hts_idx_load3] The index file is older than the data file: /bip7_disk/pingting114/mixed_bam/COLO829_PAO/TF1e-3_25x/TF1e-3_25x.rep1.bam.bai
[W::hts_idx_load3] The index file is older than the data file: /bip7_disk/pingting114/mixed_bam/COLO829_PAO/TF1e-3_25x/TF1e-3_25x.rep1.bam.bai
[W::bam_next_basemod] MM tag refers to bases beyond sequence length
[W::hts_idx_load3] The index file is older than the data file: /bip7_disk/pingting114/mixed_bam/COLO829_PAO/TF1e-3_25x/TF1e-3_25x.rep1.bam.bai
[W::hts_idx_load3] The index file is older than the data file: /bip7_disk/pingting114/mixed_bam/COLO829_PAO/TF1e-3_25x/TF1e-3_25x.rep1.bam.bai
[E::bam_parse_basemod2] b268c1d6-17cc-476e-b666-41736084c25e: MM tag refers to bases beyond sequence length
[W::hts_idx_load3] The index file is older than the data file: /bip7_disk/pingting114/mixed_bam/COLO829_PAO/TF1e-3_25x/TF1e-3_25x.rep1.bam.bai
[W::hts_idx_load3] The index file is older than the data file: /bip7_disk/pingting114/mixed_bam/COLO829_PAO/TF1e-3_25x/TF1e-3_25x.rep1.bam.bai
[W::hts_idx_load3] The index file is older than the data file: /bip7_disk/pingting114/mixed_bam/COLO829_PAO/TF1e-3_25x/TF1e-3_25x.rep1.bam.bai
[W::hts_idx_load3] The index file is older than the data file: /bip7_disk/pingting114/mixed_bam/COLO829_PAO/TF1e-3_25x/TF1e-3_25x.rep1.bam.bai
[E::bam_parse_basemod2] 17d97c8e-c325-40f0-9832-3ee675b090c6: MM tag refers to bases beyond sequence length
[W::hts_idx_load3] The index file is older than the data file: /bip7_disk/pingting114/mixed_bam/COLO829_PAO/TF1e-3_25x/TF1e-3_25x.rep1.bam.bai
[W::hts_idx_load3] The index file is older than the data file: /bip7_disk/pingting114/mixed_bam/COLO829_PAO/TF1e-3_25x/TF1e-3_25x.rep1.bam.bai
[W::bam_next_basemod] MM tag refers to bases beyond sequence length
[W::hts_idx_load3] The index file is older than the data file: /bip7_disk/pingting114/mixed_bam/COLO829_PAO/TF1e-3_25x/TF1e-3_25x.rep1.bam.bai
[W::hts_idx_load3] The index file is older than the data file: /bip7_disk/pingting114/mixed_bam/COLO829_PAO/TF1e-3_25x/TF1e-3_25x.rep1.bam.bai
[W::bam_next_basemod] MM tag refers to bases beyond sequence length
[W::hts_idx_load3] The index file is older than the data file: /bip7_disk/pingting114/mixed_bam/COLO829_PAO/TF1e-3_25x/TF1e-3_25x.rep1.bam.bai
[E::bam_parse_basemod2] 8f6c15d0-453e-4624-bbf0-455953a22fd1: MM tag refers to bases beyond sequence length
[W::bam_next_basemod] MM tag refers to bases beyond sequence length
[W::hts_idx_load3] The index file is older than the data file: /bip7_disk/pingting114/mixed_bam/COLO829_PAO/TF1e-3_25x/TF1e-3_25x.rep1.bam.bai
[W::hts_idx_load3] The index file is older than the data file: /bip7_disk/pingting114/mixed_bam/COLO829_PAO/TF1e-3_25x/TF1e-3_25x.rep1.bam.bai
[W::bam_next_basemod] MM tag refers to bases beyond sequence length
[W::hts_idx_load3] The index file is older than the data file: /bip7_disk/pingting114/mixed_bam/COLO829_PAO/TF1e-3_25x/TF1e-3_25x.rep1.bam.bai
[W::hts_idx_load3] The index file is older than the data file: /bip7_disk/pingting114/mixed_bam/COLO829_PAO/TF1e-3_25x/TF1e-3_25x.rep1.bam.bai
[W::hts_idx_load3] The index file is older than the data file: /bip7_disk/pingting114/mixed_bam/COLO829_PAO/TF1e-3_25x/TF1e-3_25x.rep1.bam.bai
[W::hts_idx_load3] The index file is older than the data file: /bip7_disk/pingting114/mixed_bam/COLO829_PAO/TF1e-3_25x/TF1e-3_25x.rep1.bam.bai
[W::bam_next_basemod] MM tag refers to bases beyond sequence length
[E::bam_parse_basemod2] f2c9b93d-f518-45b2-8db3-f0851adf6507: MM tag refers to bases beyond sequence length
[W::hts_idx_load3] The index file is older than the data file: /bip7_disk/pingting114/mixed_bam/COLO829_PAO/TF1e-3_25x/TF1e-3_25x.rep1.bam.bai
[E::bam_parse_basemod2] 4ef7773a-01ff-4662-b10a-4ad2f1f3cb3e: MM tag refers to bases beyond sequence length
[W::hts_idx_load3] The index file is older than the data file: /bip7_disk/pingting114/mixed_bam/COLO829_PAO/TF1e-3_25x/TF1e-3_25x.rep1.bam.bai
[W::hts_idx_load3] The index file is older than the data file: /bip7_disk/pingting114/mixed_bam/COLO829_PAO/TF1e-3_25x/TF1e-3_25x.rep1.bam.bai
[W::hts_idx_load3] The index file is older than the data file: /bip7_disk/pingting114/mixed_bam/COLO829_PAO/TF1e-3_25x/TF1e-3_25x.rep1.bam.bai
[W::bam_next_basemod] MM tag refers to bases beyond sequence length
[W::hts_idx_load3] The index file is older than the data file: /bip7_disk/pingting114/mixed_bam/COLO829_PAO/TF1e-3_25x/TF1e-3_25x.rep1.bam.bai
[W::hts_idx_load3] The index file is older than the data file: /bip7_disk/pingting114/mixed_bam/COLO829_PAO/TF1e-3_25x/TF1e-3_25x.rep1.bam.bai
[W::hts_idx_load3] The index file is older than the data file: /bip7_disk/pingting114/mixed_bam/COLO829_PAO/TF1e-3_25x/TF1e-3_25x.rep1.bam.bai
[W::hts_idx_load3] The index file is older than the data file: /bip7_disk/pingting114/mixed_bam/COLO829_PAO/TF1e-3_25x/TF1e-3_25x.rep1.bam.bai
[E::bam_parse_basemod2] bd1abc37-8cb8-4785-abbd-9e764454a057: MM tag refers to bases beyond sequence length
[W::hts_idx_load3] The index file is older than the data file: /bip7_disk/pingting114/mixed_bam/COLO829_PAO/TF1e-3_25x/TF1e-3_25x.rep1.bam.bai
[W::hts_idx_load3] The index file is older than the data file: /bip7_disk/pingting114/mixed_bam/COLO829_PAO/TF1e-3_25x/TF1e-3_25x.rep1.bam.bai
[W::bam_next_basemod] MM tag refers to bases beyond sequence length
[W::hts_idx_load3] The index file is older than the data file: /bip7_disk/pingting114/mixed_bam/COLO829_PAO/TF1e-3_25x/TF1e-3_25x.rep1.bam.bai
[W::hts_idx_load3] The index file is older than the data file: /bip7_disk/pingting114/mixed_bam/COLO829_PAO/TF1e-3_25x/TF1e-3_25x.rep1.bam.bai
[W::hts_idx_load3] The index file is older than the data file: /bip7_disk/pingting114/mixed_bam/COLO829_PAO/TF1e-3_25x/TF1e-3_25x.rep1.bam.bai
[W::hts_idx_load3] The index file is older than the data file: /bip7_disk/pingting114/mixed_bam/COLO829_PAO/TF1e-3_25x/TF1e-3_25x.rep1.bam.bai
[W::hts_idx_load3] The index file is older than the data file: /bip7_disk/pingting114/mixed_bam/COLO829_PAO/TF1e-3_25x/TF1e-3_25x.rep1.bam.bai
[W::hts_idx_load3] The index file is older than the data file: /bip7_disk/pingting114/mixed_bam/COLO829_PAO/TF1e-3_25x/TF1e-3_25x.rep1.bam.bai
[W::hts_idx_load3] The index file is older than the data file: /bip7_disk/pingting114/mixed_bam/COLO829_PAO/TF1e-3_25x/TF1e-3_25x.rep1.bam.bai
[W::bam_next_basemod] MM tag refers to bases beyond sequence length
[E::bam_parse_basemod2] eaf6e8a7-a0bf-45e8-a755-1771f5ac823d: MM tag refers to bases beyond sequence length
[W::hts_idx_load3] The index file is older than the data file: /bip7_disk/pingting114/mixed_bam/COLO829_PAO/TF1e-3_25x/TF1e-3_25x.rep1.bam.bai
[W::hts_idx_load3] The index file is older than the data file: /bip7_disk/pingting114/mixed_bam/COLO829_PAO/TF1e-3_25x/TF1e-3_25x.rep1.bam.bai
[W::hts_idx_load3] The index file is older than the data file: /bip7_disk/pingting114/mixed_bam/COLO829_PAO/TF1e-3_25x/TF1e-3_25x.rep1.bam.bai
[W::bam_next_basemod] MM tag refers to bases beyond sequence length
[W::hts_idx_load3] The index file is older than the data file: /bip7_disk/pingting114/mixed_bam/COLO829_PAO/TF1e-3_25x/TF1e-3_25x.rep1.bam.bai
[W::bam_next_basemod] MM tag refers to bases beyond sequence length
[W::hts_idx_load3] The index file is older than the data file: /bip7_disk/pingting114/mixed_bam/COLO829_PAO/TF1e-3_25x/TF1e-3_25x.rep1.bam.bai
[W::hts_idx_load3] The index file is older than the data file: /bip7_disk/pingting114/mixed_bam/COLO829_PAO/TF1e-3_25x/TF1e-3_25x.rep1.bam.bai
[W::hts_idx_load3] The index file is older than the data file: /bip7_disk/pingting114/mixed_bam/COLO829_PAO/TF1e-3_25x/TF1e-3_25x.rep1.bam.bai
[W::hts_idx_load3] The index file is older than the data file: /bip7_disk/pingting114/mixed_bam/COLO829_PAO/TF1e-3_25x/TF1e-3_25x.rep1.bam.bai
[W::hts_idx_load3] The index file is older than the data file: /bip7_disk/pingting114/mixed_bam/COLO829_PAO/TF1e-3_25x/TF1e-3_25x.rep1.bam.bai
[W::hts_idx_load3] The index file is older than the data file: /bip7_disk/pingting114/mixed_bam/COLO829_PAO/TF1e-3_25x/TF1e-3_25x.rep1.bam.bai
[W::hts_idx_load3] The index file is older than the data file: /bip7_disk/pingting114/mixed_bam/COLO829_PAO/TF1e-3_25x/TF1e-3_25x.rep1.bam.bai
[E::bam_parse_basemod2] b39c41e9-cb10-41b1-91ff-15aff926a98d: MM tag refers to bases beyond sequence length
[W::hts_idx_load3] The index file is older than the data file: /bip7_disk/pingting114/mixed_bam/COLO829_PAO/TF1e-3_25x/TF1e-3_25x.rep1.bam.bai
[W::hts_idx_load3] The index file is older than the data file: /bip7_disk/pingting114/mixed_bam/COLO829_PAO/TF1e-3_25x/TF1e-3_25x.rep1.bam.bai
[W::hts_idx_load3] The index file is older than the data file: /bip7_disk/pingting114/mixed_bam/COLO829_PAO/TF1e-3_25x/TF1e-3_25x.rep1.bam.bai
[W::hts_idx_load3] The index file is older than the data file: /bip7_disk/pingting114/mixed_bam/COLO829_PAO/TF1e-3_25x/TF1e-3_25x.rep1.bam.bai
[W::bam_next_basemod] MM tag refers to bases beyond sequence length
[W::hts_idx_load3] The index file is older than the data file: /bip7_disk/pingting114/mixed_bam/COLO829_PAO/TF1e-3_25x/TF1e-3_25x.rep1.bam.bai
[W::hts_idx_load3] The index file is older than the data file: /bip7_disk/pingting114/mixed_bam/COLO829_PAO/TF1e-3_25x/TF1e-3_25x.rep1.bam.bai
[E::bam_parse_basemod2] e406401e-3bbc-48f0-9066-2297254251e0: MM tag refers to bases beyond sequence length
[W::hts_idx_load3] The index file is older than the data file: /bip7_disk/pingting114/mixed_bam/COLO829_PAO/TF1e-3_25x/TF1e-3_25x.rep1.bam.bai
[E::bam_parse_basemod2] 5cf71d42-4a2b-4c3b-a9e7-dd8db0a79827: MM tag refers to bases beyond sequence length
[W::hts_idx_load3] The index file is older than the data file: /bip7_disk/pingting114/mixed_bam/COLO829_PAO/TF1e-3_25x/TF1e-3_25x.rep1.bam.bai
[W::hts_idx_load3] The index file is older than the data file: /bip7_disk/pingting114/mixed_bam/COLO829_PAO/TF1e-3_25x/TF1e-3_25x.rep1.bam.bai
[W::hts_idx_load3] The index file is older than the data file: /bip7_disk/pingting114/mixed_bam/COLO829_PAO/TF1e-3_25x/TF1e-3_25x.rep1.bam.bai
[W::bam_next_basemod] MM tag refers to bases beyond sequence length
[W::hts_idx_load3] The index file is older than the data file: /bip7_disk/pingting114/mixed_bam/COLO829_PAO/TF1e-3_25x/TF1e-3_25x.rep1.bam.bai
[W::bam_next_basemod] MM tag refers to bases beyond sequence length
[W::hts_idx_load3] The index file is older than the data file: /bip7_disk/pingting114/mixed_bam/COLO829_PAO/TF1e-3_25x/TF1e-3_25x.rep1.bam.bai
[W::bam_next_basemod] MM tag refers to bases beyond sequence length
[W::bam_next_basemod] MM tag refers to bases beyond sequence length
[W::hts_idx_load3] The index file is older than the data file: /bip7_disk/pingting114/mixed_bam/COLO829_PAO/TF1e-3_25x/TF1e-3_25x.rep1.bam.bai
[W::hts_idx_load3] The index file is older than the data file: /bip7_disk/pingting114/mixed_bam/COLO829_PAO/TF1e-3_25x/TF1e-3_25x.rep1.bam.bai
[E::bam_parse_basemod2] 37145981-5410-4e20-85bd-4a3fb4b80ee5: MM tag refers to bases beyond sequence length
[W::hts_idx_load3] The index file is older than the data file: /bip7_disk/pingting114/mixed_bam/COLO829_PAO/TF1e-3_25x/TF1e-3_25x.rep1.bam.bai
[W::hts_idx_load3] The index file is older than the data file: /bip7_disk/pingting114/mixed_bam/COLO829_PAO/TF1e-3_25x/TF1e-3_25x.rep1.bam.bai
[W::hts_idx_load3] The index file is older than the data file: /bip7_disk/pingting114/mixed_bam/COLO829_PAO/TF1e-3_25x/TF1e-3_25x.rep1.bam.bai
[W::hts_idx_load3] The index file is older than the data file: /bip7_disk/pingting114/mixed_bam/COLO829_PAO/TF1e-3_25x/TF1e-3_25x.rep1.bam.bai
[W::hts_idx_load3] The index file is older than the data file: /bip7_disk/pingting114/mixed_bam/COLO829_PAO/TF1e-3_25x/TF1e-3_25x.rep1.bam.bai
[W::hts_idx_load3] The index file is older than the data file: /bip7_disk/pingting114/mixed_bam/COLO829_PAO/TF1e-3_25x/TF1e-3_25x.rep1.bam.bai
[W::bam_next_basemod] MM tag refers to bases beyond sequence length
[W::hts_idx_load3] The index file is older than the data file: /bip7_disk/pingting114/mixed_bam/COLO829_PAO/TF1e-3_25x/TF1e-3_25x.rep1.bam.bai
[W::hts_idx_load3] The index file is older than the data file: /bip7_disk/pingting114/mixed_bam/COLO829_PAO/TF1e-3_25x/TF1e-3_25x.rep1.bam.bai
[W::hts_idx_load3] The index file is older than the data file: /bip7_disk/pingting114/mixed_bam/COLO829_PAO/TF1e-3_25x/TF1e-3_25x.rep1.bam.bai
[W::hts_idx_load3] The index file is older than the data file: /bip7_disk/pingting114/mixed_bam/COLO829_PAO/TF1e-3_25x/TF1e-3_25x.rep1.bam.bai
[W::hts_idx_load3] The index file is older than the data file: /bip7_disk/pingting114/mixed_bam/COLO829_PAO/TF1e-3_25x/TF1e-3_25x.rep1.bam.bai
[W::bam_next_basemod] MM tag refers to bases beyond sequence length
[W::hts_idx_load3] The index file is older than the data file: /bip7_disk/pingting114/mixed_bam/COLO829_PAO/TF1e-3_25x/TF1e-3_25x.rep1.bam.bai
[W::hts_idx_load3] The index file is older than the data file: /bip7_disk/pingting114/mixed_bam/COLO829_PAO/TF1e-3_25x/TF1e-3_25x.rep1.bam.bai
[W::hts_idx_load3] The index file is older than the data file: /bip7_disk/pingting114/mixed_bam/COLO829_PAO/TF1e-3_25x/TF1e-3_25x.rep1.bam.bai
[W::hts_idx_load3] The index file is older than the data file: /bip7_disk/pingting114/mixed_bam/COLO829_PAO/TF1e-3_25x/TF1e-3_25x.rep1.bam.bai
[W::hts_idx_load3] The index file is older than the data file: /bip7_disk/pingting114/mixed_bam/COLO829_PAO/TF1e-3_25x/TF1e-3_25x.rep1.bam.bai
[W::hts_idx_load3] The index file is older than the data file: /bip7_disk/pingting114/mixed_bam/COLO829_PAO/TF1e-3_25x/TF1e-3_25x.rep1.bam.bai
[W::hts_idx_load3] The index file is older than the data file: /bip7_disk/pingting114/mixed_bam/COLO829_PAO/TF1e-3_25x/TF1e-3_25x.rep1.bam.bai
[W::hts_idx_load3] The index file is older than the data file: /bip7_disk/pingting114/mixed_bam/COLO829_PAO/TF1e-3_25x/TF1e-3_25x.rep1.bam.bai
[W::hts_idx_load3] The index file is older than the data file: /bip7_disk/pingting114/mixed_bam/COLO829_PAO/TF1e-3_25x/TF1e-3_25x.rep1.bam.bai
[W::hts_idx_load3] The index file is older than the data file: /bip7_disk/pingting114/mixed_bam/COLO829_PAO/TF1e-3_25x/TF1e-3_25x.rep1.bam.bai
[W::hts_idx_load3] The index file is older than the data file: /bip7_disk/pingting114/mixed_bam/COLO829_PAO/TF1e-3_25x/TF1e-3_25x.rep1.bam.bai
[W::hts_idx_load3] The index file is older than the data file: /bip7_disk/pingting114/mixed_bam/COLO829_PAO/TF1e-3_25x/TF1e-3_25x.rep1.bam.bai
[E::bam_parse_basemod2] 0f0ca8f7-15be-4d1f-853c-96ad983f717c: MM tag refers to bases beyond sequence length
[W::hts_idx_load3] The index file is older than the data file: /bip7_disk/pingting114/mixed_bam/COLO829_PAO/TF1e-3_25x/TF1e-3_25x.rep1.bam.bai
[W::hts_idx_load3] The index file is older than the data file: /bip7_disk/pingting114/mixed_bam/COLO829_PAO/TF1e-3_25x/TF1e-3_25x.rep1.bam.bai
[W::hts_idx_load3] The index file is older than the data file: /bip7_disk/pingting114/mixed_bam/COLO829_PAO/TF1e-3_25x/TF1e-3_25x.rep1.bam.bai
[W::hts_idx_load3] The index file is older than the data file: /bip7_disk/pingting114/mixed_bam/COLO829_PAO/TF1e-3_25x/TF1e-3_25x.rep1.bam.bai
[W::bam_next_basemod] MM tag refers to bases beyond sequence length
[W::hts_idx_load3] The index file is older than the data file: /bip7_disk/pingting114/mixed_bam/COLO829_PAO/TF1e-3_25x/TF1e-3_25x.rep1.bam.bai
[W::hts_idx_load3] The index file is older than the data file: /bip7_disk/pingting114/mixed_bam/COLO829_PAO/TF1e-3_25x/TF1e-3_25x.rep1.bam.bai
[W::bam_next_basemod] MM tag refers to bases beyond sequence length
[E::bam_parse_basemod2] 234e3e82-4c65-4202-904c-4d7aea6e5239: MM tag refers to bases beyond sequence length
[W::hts_idx_load3] The index file is older than the data file: /bip7_disk/pingting114/mixed_bam/COLO829_PAO/TF1e-3_25x/TF1e-3_25x.rep1.bam.bai
[W::bam_next_basemod] MM tag refers to bases beyond sequence length
[W::hts_idx_load3] The index file is older than the data file: /bip7_disk/pingting114/mixed_bam/COLO829_PAO/TF1e-3_25x/TF1e-3_25x.rep1.bam.bai
[E::bam_parse_basemod2] f89bf230-6dbd-47b0-8865-c1fea9d67774: MM tag refers to bases beyond sequence length
[W::bam_next_basemod] MM tag refers to bases beyond sequence length
[W::hts_idx_load3] The index file is older than the data file: /bip7_disk/pingting114/mixed_bam/COLO829_PAO/TF1e-3_25x/TF1e-3_25x.rep1.bam.bai
[W::hts_idx_load3] The index file is older than the data file: /bip7_disk/pingting114/mixed_bam/COLO829_PAO/TF1e-3_25x/TF1e-3_25x.rep1.bam.bai
[E::bam_parse_basemod2] 572607b4-77d8-4aa2-a516-d72dca436057: MM tag refers to bases beyond sequence length
[E::bam_parse_basemod2] e162655b-4369-48f5-9eb4-5d0e355a8662: MM tag refers to bases beyond sequence length
[E::bam_parse_basemod2] 4dbe450f-73d3-44af-aeed-46df54142379: MM tag refers to bases beyond sequence length
[W::hts_idx_load3] The index file is older than the data file: /bip7_disk/pingting114/mixed_bam/COLO829_PAO/TF1e-3_25x/TF1e-3_25x.rep1.bam.bai
[W::hts_idx_load3] The index file is older than the data file: /bip7_disk/pingting114/mixed_bam/COLO829_PAO/TF1e-3_25x/TF1e-3_25x.rep1.bam.bai
[W::hts_idx_load3] The index file is older than the data file: /bip7_disk/pingting114/mixed_bam/COLO829_PAO/TF1e-3_25x/TF1e-3_25x.rep1.bam.bai
[W::hts_idx_load3] The index file is older than the data file: /bip7_disk/pingting114/mixed_bam/COLO829_PAO/TF1e-3_25x/TF1e-3_25x.rep1.bam.bai
[W::hts_idx_load3] The index file is older than the data file: /bip7_disk/pingting114/mixed_bam/COLO829_PAO/TF1e-3_25x/TF1e-3_25x.rep1.bam.bai
[E::bam_parse_basemod2] ed9a1d9a-cc9b-4166-b720-200b27883c45: MM tag refers to bases beyond sequence length
[W::hts_idx_load3] The index file is older than the data file: /bip7_disk/pingting114/mixed_bam/COLO829_PAO/TF1e-3_25x/TF1e-3_25x.rep1.bam.bai
[W::hts_idx_load3] The index file is older than the data file: /bip7_disk/pingting114/mixed_bam/COLO829_PAO/TF1e-3_25x/TF1e-3_25x.rep1.bam.bai
[W::hts_idx_load3] The index file is older than the data file: /bip7_disk/pingting114/mixed_bam/COLO829_PAO/TF1e-3_25x/TF1e-3_25x.rep1.bam.bai
[W::bam_next_basemod] MM tag refers to bases beyond sequence length
[W::hts_idx_load3] The index file is older than the data file: /bip7_disk/pingting114/mixed_bam/COLO829_PAO/TF1e-3_25x/TF1e-3_25x.rep1.bam.bai
[W::bam_next_basemod] MM tag refers to bases beyond sequence length
[W::hts_idx_load3] The index file is older than the data file: /bip7_disk/pingting114/mixed_bam/COLO829_PAO/TF1e-3_25x/TF1e-3_25x.rep1.bam.bai
[W::hts_idx_load3] The index file is older than the data file: /bip7_disk/pingting114/mixed_bam/COLO829_PAO/TF1e-3_25x/TF1e-3_25x.rep1.bam.bai
[W::hts_idx_load3] The index file is older than the data file: /bip7_disk/pingting114/mixed_bam/COLO829_PAO/TF1e-3_25x/TF1e-3_25x.rep1.bam.bai
[W::bam_next_basemod] MM tag refers to bases beyond sequence length
[W::hts_idx_load3] The index file is older than the data file: /bip7_disk/pingting114/mixed_bam/COLO829_PAO/TF1e-3_25x/TF1e-3_25x.rep1.bam.bai
[W::hts_idx_load3] The index file is older than the data file: /bip7_disk/pingting114/mixed_bam/COLO829_PAO/TF1e-3_25x/TF1e-3_25x.rep1.bam.bai
[W::hts_idx_load3] The index file is older than the data file: /bip7_disk/pingting114/mixed_bam/COLO829_PAO/TF1e-3_25x/TF1e-3_25x.rep1.bam.bai
[W::hts_idx_load3] The index file is older than the data file: /bip7_disk/pingting114/mixed_bam/COLO829_PAO/TF1e-3_25x/TF1e-3_25x.rep1.bam.bai
[E::bam_parse_basemod2] c0bef277-9114-484c-939e-12442eccf767: MM tag refers to bases beyond sequence length
[W::bam_next_basemod] MM tag refers to bases beyond sequence length
[W::hts_idx_load3] The index file is older than the data file: /bip7_disk/pingting114/mixed_bam/COLO829_PAO/TF1e-3_25x/TF1e-3_25x.rep1.bam.bai
[W::bam_next_basemod] MM tag refers to bases beyond sequence length
[W::bam_next_basemod] MM tag refers to bases beyond sequence length
[W::hts_idx_load3] The index file is older than the data file: /bip7_disk/pingting114/mixed_bam/COLO829_PAO/TF1e-3_25x/TF1e-3_25x.rep1.bam.bai
[W::bam_next_basemod] MM tag refers to bases beyond sequence length
[W::hts_idx_load3] The index file is older than the data file: /bip7_disk/pingting114/mixed_bam/COLO829_PAO/TF1e-3_25x/TF1e-3_25x.rep1.bam.bai
[W::hts_idx_load3] The index file is older than the data file: /bip7_disk/pingting114/mixed_bam/COLO829_PAO/TF1e-3_25x/TF1e-3_25x.rep1.bam.bai
[E::bam_parse_basemod2] d40f613f-39c1-4d26-94ac-dea48218ec75: MM tag refers to bases beyond sequence length
[W::hts_idx_load3] The index file is older than the data file: /bip7_disk/pingting114/mixed_bam/COLO829_PAO/TF1e-3_25x/TF1e-3_25x.rep1.bam.bai
[W::hts_idx_load3] The index file is older than the data file: /bip7_disk/pingting114/mixed_bam/COLO829_PAO/TF1e-3_25x/TF1e-3_25x.rep1.bam.bai
[E::bam_parse_basemod2] ae9b2d67-b0c0-4a2b-833e-593303d49e71: MM tag refers to bases beyond sequence length
[W::hts_idx_load3] The index file is older than the data file: /bip7_disk/pingting114/mixed_bam/COLO829_PAO/TF1e-3_25x/TF1e-3_25x.rep1.bam.bai
[W::hts_idx_load3] The index file is older than the data file: /bip7_disk/pingting114/mixed_bam/COLO829_PAO/TF1e-3_25x/TF1e-3_25x.rep1.bam.bai
[W::hts_idx_load3] The index file is older than the data file: /bip7_disk/pingting114/mixed_bam/COLO829_PAO/TF1e-3_25x/TF1e-3_25x.rep1.bam.bai
[W::bam_next_basemod] MM tag refers to bases beyond sequence length
[W::hts_idx_load3] The index file is older than the data file: /bip7_disk/pingting114/mixed_bam/COLO829_PAO/TF1e-3_25x/TF1e-3_25x.rep1.bam.bai
[W::hts_idx_load3] The index file is older than the data file: /bip7_disk/pingting114/mixed_bam/COLO829_PAO/TF1e-3_25x/TF1e-3_25x.rep1.bam.bai
[W::hts_idx_load3] The index file is older than the data file: /bip7_disk/pingting114/mixed_bam/COLO829_PAO/TF1e-3_25x/TF1e-3_25x.rep1.bam.bai
[W::hts_idx_load3] The index file is older than the data file: /bip7_disk/pingting114/mixed_bam/COLO829_PAO/TF1e-3_25x/TF1e-3_25x.rep1.bam.bai
[W::hts_idx_load3] The index file is older than the data file: /bip7_disk/pingting114/mixed_bam/COLO829_PAO/TF1e-3_25x/TF1e-3_25x.rep1.bam.bai
[W::hts_idx_load3] The index file is older than the data file: /bip7_disk/pingting114/mixed_bam/COLO829_PAO/TF1e-3_25x/TF1e-3_25x.rep1.bam.bai
[E::bam_parse_basemod2] a4245755-a2f3-41a3-b2fd-b2da73feaf59: MM tag refers to bases beyond sequence length
[W::hts_idx_load3] The index file is older than the data file: /bip7_disk/pingting114/mixed_bam/COLO829_PAO/TF1e-3_25x/TF1e-3_25x.rep1.bam.bai
[W::hts_idx_load3] The index file is older than the data file: /bip7_disk/pingting114/mixed_bam/COLO829_PAO/TF1e-3_25x/TF1e-3_25x.rep1.bam.bai
[W::hts_idx_load3] The index file is older than the data file: /bip7_disk/pingting114/mixed_bam/COLO829_PAO/TF1e-3_25x/TF1e-3_25x.rep1.bam.bai
[W::hts_idx_load3] The index file is older than the data file: /bip7_disk/pingting114/mixed_bam/COLO829_PAO/TF1e-3_25x/TF1e-3_25x.rep1.bam.bai
[W::hts_idx_load3] The index file is older than the data file: /bip7_disk/pingting114/mixed_bam/COLO829_PAO/TF1e-3_25x/TF1e-3_25x.rep1.bam.bai
[W::bam_next_basemod] MM tag refers to bases beyond sequence length
[W::hts_idx_load3] The index file is older than the data file: /bip7_disk/pingting114/mixed_bam/COLO829_PAO/TF1e-3_25x/TF1e-3_25x.rep1.bam.bai
[W::hts_idx_load3] The index file is older than the data file: /bip7_disk/pingting114/mixed_bam/COLO829_PAO/TF1e-3_25x/TF1e-3_25x.rep1.bam.bai
[W::hts_idx_load3] The index file is older than the data file: /bip7_disk/pingting114/mixed_bam/COLO829_PAO/TF1e-3_25x/TF1e-3_25x.rep1.bam.bai
[W::bam_next_basemod] MM tag refers to bases beyond sequence length
[W::hts_idx_load3] The index file is older than the data file: /bip7_disk/pingting114/mixed_bam/COLO829_PAO/TF1e-3_25x/TF1e-3_25x.rep1.bam.bai
[W::hts_idx_load3] The index file is older than the data file: /bip7_disk/pingting114/mixed_bam/COLO829_PAO/TF1e-3_25x/TF1e-3_25x.rep1.bam.bai
[W::bam_next_basemod] MM tag refers to bases beyond sequence length
[E::bam_parse_basemod2] c99057a2-3467-4d68-b16d-eaa839073e07: MM tag refers to bases beyond sequence length
[W::hts_idx_load3] The index file is older than the data file: /bip7_disk/pingting114/mixed_bam/COLO829_PAO/TF1e-3_25x/TF1e-3_25x.rep1.bam.bai
[W::bam_next_basemod] MM tag refers to bases beyond sequence length
[W::hts_idx_load3] The index file is older than the data file: /bip7_disk/pingting114/mixed_bam/COLO829_PAO/TF1e-3_25x/TF1e-3_25x.rep1.bam.bai
[W::hts_idx_load3] The index file is older than the data file: /bip7_disk/pingting114/mixed_bam/COLO829_PAO/TF1e-3_25x/TF1e-3_25x.rep1.bam.bai
[W::hts_idx_load3] The index file is older than the data file: /bip7_disk/pingting114/mixed_bam/COLO829_PAO/TF1e-3_25x/TF1e-3_25x.rep1.bam.bai
[W::hts_idx_load3] The index file is older than the data file: /bip7_disk/pingting114/mixed_bam/COLO829_PAO/TF1e-3_25x/TF1e-3_25x.rep1.bam.bai
[W::hts_idx_load3] The index file is older than the data file: /bip7_disk/pingting114/mixed_bam/COLO829_PAO/TF1e-3_25x/TF1e-3_25x.rep1.bam.bai
[W::hts_idx_load3] The index file is older than the data file: /bip7_disk/pingting114/mixed_bam/COLO829_PAO/TF1e-3_25x/TF1e-3_25x.rep1.bam.bai
[W::hts_idx_load3] The index file is older than the data file: /bip7_disk/pingting114/mixed_bam/COLO829_PAO/TF1e-3_25x/TF1e-3_25x.rep1.bam.bai
[W::hts_idx_load3] The index file is older than the data file: /bip7_disk/pingting114/mixed_bam/COLO829_PAO/TF1e-3_25x/TF1e-3_25x.rep1.bam.bai
[W::hts_idx_load3] The index file is older than the data file: /bip7_disk/pingting114/mixed_bam/COLO829_PAO/TF1e-3_25x/TF1e-3_25x.rep1.bam.bai
[W::bam_next_basemod] MM tag refers to bases beyond sequence length
[W::hts_idx_load3] The index file is older than the data file: /bip7_disk/pingting114/mixed_bam/COLO829_PAO/TF1e-3_25x/TF1e-3_25x.rep1.bam.bai
[E::bam_parse_basemod2] 1dc7ddff-3c4f-4077-bccd-aef7948ab22a: MM tag refers to bases beyond sequence length
[W::hts_idx_load3] The index file is older than the data file: /bip7_disk/pingting114/mixed_bam/COLO829_PAO/TF1e-3_25x/TF1e-3_25x.rep1.bam.bai
[W::bam_next_basemod] MM tag refers to bases beyond sequence length
[W::hts_idx_load3] The index file is older than the data file: /bip7_disk/pingting114/mixed_bam/COLO829_PAO/TF1e-3_25x/TF1e-3_25x.rep1.bam.bai
[W::bam_next_basemod] MM tag refers to bases beyond sequence length
[W::hts_idx_load3] The index file is older than the data file: /bip7_disk/pingting114/mixed_bam/COLO829_PAO/TF1e-3_25x/TF1e-3_25x.rep1.bam.bai
[W::bam_next_basemod] MM tag refers to bases beyond sequence length
[W::hts_idx_load3] The index file is older than the data file: /bip7_disk/pingting114/mixed_bam/COLO829_PAO/TF1e-3_25x/TF1e-3_25x.rep1.bam.bai
[E::bam_parse_basemod2] b37f52fc-9ae4-49f3-aa0a-828761ef28dc: MM tag refers to bases beyond sequence length
[W::hts_idx_load3] The index file is older than the data file: /bip7_disk/pingting114/mixed_bam/COLO829_PAO/TF1e-3_25x/TF1e-3_25x.rep1.bam.bai
[W::hts_idx_load3] The index file is older than the data file: /bip7_disk/pingting114/mixed_bam/COLO829_PAO/TF1e-3_25x/TF1e-3_25x.rep1.bam.bai
[W::hts_idx_load3] The index file is older than the data file: /bip7_disk/pingting114/mixed_bam/COLO829_PAO/TF1e-3_25x/TF1e-3_25x.rep1.bam.bai
[W::hts_idx_load3] The index file is older than the data file: /bip7_disk/pingting114/mixed_bam/COLO829_PAO/TF1e-3_25x/TF1e-3_25x.rep1.bam.bai
[W::hts_idx_load3] The index file is older than the data file: /bip7_disk/pingting114/mixed_bam/COLO829_PAO/TF1e-3_25x/TF1e-3_25x.rep1.bam.bai
[E::bam_parse_basemod2] ec1090d2-0d35-49fc-9292-bfe0873379fb: MM tag refers to bases beyond sequence length
[W::hts_idx_load3] The index file is older than the data file: /bip7_disk/pingting114/mixed_bam/COLO829_PAO/TF1e-3_25x/TF1e-3_25x.rep1.bam.bai
[E::bam_parse_basemod2] 56f995cf-c383-43d9-98c9-bf7e740dd3b7: MM tag refers to bases beyond sequence length
[W::hts_idx_load3] The index file is older than the data file: /bip7_disk/pingting114/mixed_bam/COLO829_PAO/TF1e-3_25x/TF1e-3_25x.rep1.bam.bai
[W::hts_idx_load3] The index file is older than the data file: /bip7_disk/pingting114/mixed_bam/COLO829_PAO/TF1e-3_25x/TF1e-3_25x.rep1.bam.bai
[W::hts_idx_load3] The index file is older than the data file: /bip7_disk/pingting114/mixed_bam/COLO829_PAO/TF1e-3_25x/TF1e-3_25x.rep1.bam.bai
[W::bam_next_basemod] MM tag refers to bases beyond sequence length
[W::bam_next_basemod] MM tag refers to bases beyond sequence length
[W::hts_idx_load3] The index file is older than the data file: /bip7_disk/pingting114/mixed_bam/COLO829_PAO/TF1e-3_25x/TF1e-3_25x.rep1.bam.bai
[W::hts_idx_load3] The index file is older than the data file: /bip7_disk/pingting114/mixed_bam/COLO829_PAO/TF1e-3_25x/TF1e-3_25x.rep1.bam.bai
[W::hts_idx_load3] The index file is older than the data file: /bip7_disk/pingting114/mixed_bam/COLO829_PAO/TF1e-3_25x/TF1e-3_25x.rep1.bam.bai
[W::hts_idx_load3] The index file is older than the data file: /bip7_disk/pingting114/mixed_bam/COLO829_PAO/TF1e-3_25x/TF1e-3_25x.rep1.bam.bai
[W::hts_idx_load3] The index file is older than the data file: /bip7_disk/pingting114/mixed_bam/COLO829_PAO/TF1e-3_25x/TF1e-3_25x.rep1.bam.bai
[W::hts_idx_load3] The index file is older than the data file: /bip7_disk/pingting114/mixed_bam/COLO829_PAO/TF1e-3_25x/TF1e-3_25x.rep1.bam.bai
[W::hts_idx_load3] The index file is older than the data file: /bip7_disk/pingting114/mixed_bam/COLO829_PAO/TF1e-3_25x/TF1e-3_25x.rep1.bam.bai
[W::hts_idx_load3] The index file is older than the data file: /bip7_disk/pingting114/mixed_bam/COLO829_PAO/TF1e-3_25x/TF1e-3_25x.rep1.bam.bai
[W::hts_idx_load3] The index file is older than the data file: /bip7_disk/pingting114/mixed_bam/COLO829_PAO/TF1e-3_25x/TF1e-3_25x.rep1.bam.bai
[E::bam_parse_basemod2] 1989e5be-9b7a-44e7-8dcd-94555ae115cc: MM tag refers to bases beyond sequence length
[W::hts_idx_load3] The index file is older than the data file: /bip7_disk/pingting114/mixed_bam/COLO829_PAO/TF1e-3_25x/TF1e-3_25x.rep1.bam.bai
[W::bam_next_basemod] MM tag refers to bases beyond sequence length
[W::hts_idx_load3] The index file is older than the data file: /bip7_disk/pingting114/mixed_bam/COLO829_PAO/TF1e-3_25x/TF1e-3_25x.rep1.bam.bai
[W::bam_next_basemod] MM tag refers to bases beyond sequence length
[W::hts_idx_load3] The index file is older than the data file: /bip7_disk/pingting114/mixed_bam/COLO829_PAO/TF1e-3_25x/TF1e-3_25x.rep1.bam.bai
[W::hts_idx_load3] The index file is older than the data file: /bip7_disk/pingting114/mixed_bam/COLO829_PAO/TF1e-3_25x/TF1e-3_25x.rep1.bam.bai
[W::hts_idx_load3] The index file is older than the data file: /bip7_disk/pingting114/mixed_bam/COLO829_PAO/TF1e-3_25x/TF1e-3_25x.rep1.bam.bai
[W::hts_idx_load3] The index file is older than the data file: /bip7_disk/pingting114/mixed_bam/COLO829_PAO/TF1e-3_25x/TF1e-3_25x.rep1.bam.bai
[W::hts_idx_load3] The index file is older than the data file: /bip7_disk/pingting114/mixed_bam/COLO829_PAO/TF1e-3_25x/TF1e-3_25x.rep1.bam.bai
[W::hts_idx_load3] The index file is older than the data file: /bip7_disk/pingting114/mixed_bam/COLO829_PAO/TF1e-3_25x/TF1e-3_25x.rep1.bam.bai
[W::hts_idx_load3] The index file is older than the data file: /bip7_disk/pingting114/mixed_bam/COLO829_PAO/TF1e-3_25x/TF1e-3_25x.rep1.bam.bai
[W::hts_idx_load3] The index file is older than the data file: /bip7_disk/pingting114/mixed_bam/COLO829_PAO/TF1e-3_25x/TF1e-3_25x.rep1.bam.bai
[W::hts_idx_load3] The index file is older than the data file: /bip7_disk/pingting114/mixed_bam/COLO829_PAO/TF1e-3_25x/TF1e-3_25x.rep1.bam.bai
[W::hts_idx_load3] The index file is older than the data file: /bip7_disk/pingting114/mixed_bam/COLO829_PAO/TF1e-3_25x/TF1e-3_25x.rep1.bam.bai
[W::hts_idx_load3] The index file is older than the data file: /bip7_disk/pingting114/mixed_bam/COLO829_PAO/TF1e-3_25x/TF1e-3_25x.rep1.bam.bai
[W::hts_idx_load3] The index file is older than the data file: /bip7_disk/pingting114/mixed_bam/COLO829_PAO/TF1e-3_25x/TF1e-3_25x.rep1.bam.bai
[W::hts_idx_load3] The index file is older than the data file: /bip7_disk/pingting114/mixed_bam/COLO829_PAO/TF1e-3_25x/TF1e-3_25x.rep1.bam.bai
[W::hts_idx_load3] The index file is older than the data file: /bip7_disk/pingting114/mixed_bam/COLO829_PAO/TF1e-3_25x/TF1e-3_25x.rep1.bam.bai
[E::bam_parse_basemod2] f86df891-ab12-4033-854c-167b24c6e4da: MM tag refers to bases beyond sequence length
[W::hts_idx_load3] The index file is older than the data file: /bip7_disk/pingting114/mixed_bam/COLO829_PAO/TF1e-3_25x/TF1e-3_25x.rep1.bam.bai
[W::hts_idx_load3] The index file is older than the data file: /bip7_disk/pingting114/mixed_bam/COLO829_PAO/TF1e-3_25x/TF1e-3_25x.rep1.bam.bai
[E::bam_parse_basemod2] 9d9a0775-6192-4f7e-93a9-59b032935ab2: MM tag refers to bases beyond sequence length
[W::hts_idx_load3] The index file is older than the data file: /bip7_disk/pingting114/mixed_bam/COLO829_PAO/TF1e-3_25x/TF1e-3_25x.rep1.bam.bai
[W::hts_idx_load3] The index file is older than the data file: /bip7_disk/pingting114/mixed_bam/COLO829_PAO/TF1e-3_25x/TF1e-3_25x.rep1.bam.bai
[W::hts_idx_load3] The index file is older than the data file: /bip7_disk/pingting114/mixed_bam/COLO829_PAO/TF1e-3_25x/TF1e-3_25x.rep1.bam.bai
[W::hts_idx_load3] The index file is older than the data file: /bip7_disk/pingting114/mixed_bam/COLO829_PAO/TF1e-3_25x/TF1e-3_25x.rep1.bam.bai
[W::bam_next_basemod] MM tag refers to bases beyond sequence length
[W::hts_idx_load3] The index file is older than the data file: /bip7_disk/pingting114/mixed_bam/COLO829_PAO/TF1e-3_25x/TF1e-3_25x.rep1.bam.bai
[W::hts_idx_load3] The index file is older than the data file: /bip7_disk/pingting114/mixed_bam/COLO829_PAO/TF1e-3_25x/TF1e-3_25x.rep1.bam.bai
[W::hts_idx_load3] The index file is older than the data file: /bip7_disk/pingting114/mixed_bam/COLO829_PAO/TF1e-3_25x/TF1e-3_25x.rep1.bam.bai
[W::bam_next_basemod] MM tag refers to bases beyond sequence length
[W::hts_idx_load3] The index file is older than the data file: /bip7_disk/pingting114/mixed_bam/COLO829_PAO/TF1e-3_25x/TF1e-3_25x.rep1.bam.bai
[W::hts_idx_load3] The index file is older than the data file: /bip7_disk/pingting114/mixed_bam/COLO829_PAO/TF1e-3_25x/TF1e-3_25x.rep1.bam.bai
[W::bam_next_basemod] MM tag refers to bases beyond sequence length
[E::bam_parse_basemod2] 3661f004-7c5c-437d-bfbb-ccea27789f9d: MM tag refers to bases beyond sequence length
[W::hts_idx_load3] The index file is older than the data file: /bip7_disk/pingting114/mixed_bam/COLO829_PAO/TF1e-3_25x/TF1e-3_25x.rep1.bam.bai
[E::bam_parse_basemod2] 0b650e18-c010-4626-9b44-f05340a0c768: MM tag refers to bases beyond sequence length
[W::hts_idx_load3] The index file is older than the data file: /bip7_disk/pingting114/mixed_bam/COLO829_PAO/TF1e-3_25x/TF1e-3_25x.rep1.bam.bai
[W::hts_idx_load3] The index file is older than the data file: /bip7_disk/pingting114/mixed_bam/COLO829_PAO/TF1e-3_25x/TF1e-3_25x.rep1.bam.bai
[W::bam_next_basemod] MM tag refers to bases beyond sequence length
[W::hts_idx_load3] The index file is older than the data file: /bip7_disk/pingting114/mixed_bam/COLO829_PAO/TF1e-3_25x/TF1e-3_25x.rep1.bam.bai
[W::hts_idx_load3] The index file is older than the data file: /bip7_disk/pingting114/mixed_bam/COLO829_PAO/TF1e-3_25x/TF1e-3_25x.rep1.bam.bai
[W::hts_idx_load3] The index file is older than the data file: /bip7_disk/pingting114/mixed_bam/COLO829_PAO/TF1e-3_25x/TF1e-3_25x.rep1.bam.bai
[W::hts_idx_load3] The index file is older than the data file: /bip7_disk/pingting114/mixed_bam/COLO829_PAO/TF1e-3_25x/TF1e-3_25x.rep1.bam.bai
[W::hts_idx_load3] The index file is older than the data file: /bip7_disk/pingting114/mixed_bam/COLO829_PAO/TF1e-3_25x/TF1e-3_25x.rep1.bam.bai
[W::bam_next_basemod] MM tag refers to bases beyond sequence length
[W::hts_idx_load3] The index file is older than the data file: /bip7_disk/pingting114/mixed_bam/COLO829_PAO/TF1e-3_25x/TF1e-3_25x.rep1.bam.bai
[W::hts_idx_load3] The index file is older than the data file: /bip7_disk/pingting114/mixed_bam/COLO829_PAO/TF1e-3_25x/TF1e-3_25x.rep1.bam.bai
[W::hts_idx_load3] The index file is older than the data file: /bip7_disk/pingting114/mixed_bam/COLO829_PAO/TF1e-3_25x/TF1e-3_25x.rep1.bam.bai
[W::bam_next_basemod] MM tag refers to bases beyond sequence length
[W::hts_idx_load3] The index file is older than the data file: /bip7_disk/pingting114/mixed_bam/COLO829_PAO/TF1e-3_25x/TF1e-3_25x.rep1.bam.bai
[W::hts_idx_load3] The index file is older than the data file: /bip7_disk/pingting114/mixed_bam/COLO829_PAO/TF1e-3_25x/TF1e-3_25x.rep1.bam.bai
[W::bam_next_basemod] MM tag refers to bases beyond sequence length
[W::hts_idx_load3] The index file is older than the data file: /bip7_disk/pingting114/mixed_bam/COLO829_PAO/TF1e-3_25x/TF1e-3_25x.rep1.bam.bai
[W::hts_idx_load3] The index file is older than the data file: /bip7_disk/pingting114/mixed_bam/COLO829_PAO/TF1e-3_25x/TF1e-3_25x.rep1.bam.bai
[W::hts_idx_load3] The index file is older than the data file: /bip7_disk/pingting114/mixed_bam/COLO829_PAO/TF1e-3_25x/TF1e-3_25x.rep1.bam.bai
[W::hts_idx_load3] The index file is older than the data file: /bip7_disk/pingting114/mixed_bam/COLO829_PAO/TF1e-3_25x/TF1e-3_25x.rep1.bam.bai
[W::hts_idx_load3] The index file is older than the data file: /bip7_disk/pingting114/mixed_bam/COLO829_PAO/TF1e-3_25x/TF1e-3_25x.rep1.bam.bai
[W::hts_idx_load3] The index file is older than the data file: /bip7_disk/pingting114/mixed_bam/COLO829_PAO/TF1e-3_25x/TF1e-3_25x.rep1.bam.bai
[W::hts_idx_load3] The index file is older than the data file: /bip7_disk/pingting114/mixed_bam/COLO829_PAO/TF1e-3_25x/TF1e-3_25x.rep1.bam.bai
[W::hts_idx_load3] The index file is older than the data file: /bip7_disk/pingting114/mixed_bam/COLO829_PAO/TF1e-3_25x/TF1e-3_25x.rep1.bam.bai
[W::hts_idx_load3] The index file is older than the data file: /bip7_disk/pingting114/mixed_bam/COLO829_PAO/TF1e-3_25x/TF1e-3_25x.rep1.bam.bai
[W::bam_next_basemod] MM tag refers to bases beyond sequence length
[W::hts_idx_load3] The index file is older than the data file: /bip7_disk/pingting114/mixed_bam/COLO829_PAO/TF1e-3_25x/TF1e-3_25x.rep1.bam.bai
[E::bam_parse_basemod2] 7e4bd7a4-3044-4120-abfd-6e14f563863d: MM tag refers to bases beyond sequence length
[W::hts_idx_load3] The index file is older than the data file: /bip7_disk/pingting114/mixed_bam/COLO829_PAO/TF1e-3_25x/TF1e-3_25x.rep1.bam.bai
[W::hts_idx_load3] The index file is older than the data file: /bip7_disk/pingting114/mixed_bam/COLO829_PAO/TF1e-3_25x/TF1e-3_25x.rep1.bam.bai
[W::hts_idx_load3] The index file is older than the data file: /bip7_disk/pingting114/mixed_bam/COLO829_PAO/TF1e-3_25x/TF1e-3_25x.rep1.bam.bai
[W::hts_idx_load3] The index file is older than the data file: /bip7_disk/pingting114/mixed_bam/COLO829_PAO/TF1e-3_25x/TF1e-3_25x.rep1.bam.bai
[W::hts_idx_load3] The index file is older than the data file: /bip7_disk/pingting114/mixed_bam/COLO829_PAO/TF1e-3_25x/TF1e-3_25x.rep1.bam.bai
[W::hts_idx_load3] The index file is older than the data file: /bip7_disk/pingting114/mixed_bam/COLO829_PAO/TF1e-3_25x/TF1e-3_25x.rep1.bam.bai
[W::hts_idx_load3] The index file is older than the data file: /bip7_disk/pingting114/mixed_bam/COLO829_PAO/TF1e-3_25x/TF1e-3_25x.rep1.bam.bai
[W::hts_idx_load3] The index file is older than the data file: /bip7_disk/pingting114/mixed_bam/COLO829_PAO/TF1e-3_25x/TF1e-3_25x.rep1.bam.bai
[E::bam_parse_basemod2] f604ae5e-50b9-4a04-bf6d-f69decaa00a6: MM tag refers to bases beyond sequence length
[W::hts_idx_load3] The index file is older than the data file: /bip7_disk/pingting114/mixed_bam/COLO829_PAO/TF1e-3_25x/TF1e-3_25x.rep1.bam.bai
[E::bam_parse_basemod2] 421e128e-2fbf-4e34-8546-27511d97a6cb: MM tag refers to bases beyond sequence length
[W::hts_idx_load3] The index file is older than the data file: /bip7_disk/pingting114/mixed_bam/COLO829_PAO/TF1e-3_25x/TF1e-3_25x.rep1.bam.bai
[E::bam_parse_basemod2] 1e435e67-9c1d-4df6-8255-4b71936a22ba: MM tag refers to bases beyond sequence length
[W::hts_idx_load3] The index file is older than the data file: /bip7_disk/pingting114/mixed_bam/COLO829_PAO/TF1e-3_25x/TF1e-3_25x.rep1.bam.bai
[W::hts_idx_load3] The index file is older than the data file: /bip7_disk/pingting114/mixed_bam/COLO829_PAO/TF1e-3_25x/TF1e-3_25x.rep1.bam.bai
[W::hts_idx_load3] The index file is older than the data file: /bip7_disk/pingting114/mixed_bam/COLO829_PAO/TF1e-3_25x/TF1e-3_25x.rep1.bam.bai
[W::hts_idx_load3] The index file is older than the data file: /bip7_disk/pingting114/mixed_bam/COLO829_PAO/TF1e-3_25x/TF1e-3_25x.rep1.bam.bai
[W::hts_idx_load3] The index file is older than the data file: /bip7_disk/pingting114/mixed_bam/COLO829_PAO/TF1e-3_25x/TF1e-3_25x.rep1.bam.bai
[W::hts_idx_load3] The index file is older than the data file: /bip7_disk/pingting114/mixed_bam/COLO829_PAO/TF1e-3_25x/TF1e-3_25x.rep1.bam.bai
[W::hts_idx_load3] The index file is older than the data file: /bip7_disk/pingting114/mixed_bam/COLO829_PAO/TF1e-3_25x/TF1e-3_25x.rep1.bam.bai
[W::hts_idx_load3] The index file is older than the data file: /bip7_disk/pingting114/mixed_bam/COLO829_PAO/TF1e-3_25x/TF1e-3_25x.rep1.bam.bai
[W::hts_idx_load3] The index file is older than the data file: /bip7_disk/pingting114/mixed_bam/COLO829_PAO/TF1e-3_25x/TF1e-3_25x.rep1.bam.bai
[W::hts_idx_load3] The index file is older than the data file: /bip7_disk/pingting114/mixed_bam/COLO829_PAO/TF1e-3_25x/TF1e-3_25x.rep1.bam.bai
[W::hts_idx_load3] The index file is older than the data file: /bip7_disk/pingting114/mixed_bam/COLO829_PAO/TF1e-3_25x/TF1e-3_25x.rep1.bam.bai
[W::hts_idx_load3] The index file is older than the data file: /bip7_disk/pingting114/mixed_bam/COLO829_PAO/TF1e-3_25x/TF1e-3_25x.rep1.bam.bai
[W::hts_idx_load3] The index file is older than the data file: /bip7_disk/pingting114/mixed_bam/COLO829_PAO/TF1e-3_25x/TF1e-3_25x.rep1.bam.bai
[W::hts_idx_load3] The index file is older than the data file: /bip7_disk/pingting114/mixed_bam/COLO829_PAO/TF1e-3_25x/TF1e-3_25x.rep1.bam.bai
[E::bam_parse_basemod2] 9a46a1eb-b220-4b93-94b9-63270e606658: MM tag refers to bases beyond sequence length
[W::hts_idx_load3] The index file is older than the data file: /bip7_disk/pingting114/mixed_bam/COLO829_PAO/TF1e-3_25x/TF1e-3_25x.rep1.bam.bai
[W::hts_idx_load3] The index file is older than the data file: /bip7_disk/pingting114/mixed_bam/COLO829_PAO/TF1e-3_25x/TF1e-3_25x.rep1.bam.bai
[W::hts_idx_load3] The index file is older than the data file: /bip7_disk/pingting114/mixed_bam/COLO829_PAO/TF1e-3_25x/TF1e-3_25x.rep1.bam.bai
[W::hts_idx_load3] The index file is older than the data file: /bip7_disk/pingting114/mixed_bam/COLO829_PAO/TF1e-3_25x/TF1e-3_25x.rep1.bam.bai
[W::hts_idx_load3] The index file is older than the data file: /bip7_disk/pingting114/mixed_bam/COLO829_PAO/TF1e-3_25x/TF1e-3_25x.rep1.bam.bai
[W::bam_next_basemod] MM tag refers to bases beyond sequence length
[W::hts_idx_load3] The index file is older than the data file: /bip7_disk/pingting114/mixed_bam/COLO829_PAO/TF1e-3_25x/TF1e-3_25x.rep1.bam.bai
[W::hts_idx_load3] The index file is older than the data file: /bip7_disk/pingting114/mixed_bam/COLO829_PAO/TF1e-3_25x/TF1e-3_25x.rep1.bam.bai
[W::bam_next_basemod] MM tag refers to bases beyond sequence length
[W::hts_idx_load3] The index file is older than the data file: /bip7_disk/pingting114/mixed_bam/COLO829_PAO/TF1e-3_25x/TF1e-3_25x.rep1.bam.bai
[W::hts_idx_load3] The index file is older than the data file: /bip7_disk/pingting114/mixed_bam/COLO829_PAO/TF1e-3_25x/TF1e-3_25x.rep1.bam.bai
[W::hts_idx_load3] The index file is older than the data file: /bip7_disk/pingting114/mixed_bam/COLO829_PAO/TF1e-3_25x/TF1e-3_25x.rep1.bam.bai
[W::hts_idx_load3] The index file is older than the data file: /bip7_disk/pingting114/mixed_bam/COLO829_PAO/TF1e-3_25x/TF1e-3_25x.rep1.bam.bai
[W::hts_idx_load3] The index file is older than the data file: /bip7_disk/pingting114/mixed_bam/COLO829_PAO/TF1e-3_25x/TF1e-3_25x.rep1.bam.bai
[W::hts_idx_load3] The index file is older than the data file: /bip7_disk/pingting114/mixed_bam/COLO829_PAO/TF1e-3_25x/TF1e-3_25x.rep1.bam.bai
[W::hts_idx_load3] The index file is older than the data file: /bip7_disk/pingting114/mixed_bam/COLO829_PAO/TF1e-3_25x/TF1e-3_25x.rep1.bam.bai
[E::bam_parse_basemod2] 18e91a2c-b9a6-4820-9047-0fc42df26a4b: MM tag refers to bases beyond sequence length
[W::hts_idx_load3] The index file is older than the data file: /bip7_disk/pingting114/mixed_bam/COLO829_PAO/TF1e-3_25x/TF1e-3_25x.rep1.bam.bai
[W::hts_idx_load3] The index file is older than the data file: /bip7_disk/pingting114/mixed_bam/COLO829_PAO/TF1e-3_25x/TF1e-3_25x.rep1.bam.bai
[W::hts_idx_load3] The index file is older than the data file: /bip7_disk/pingting114/mixed_bam/COLO829_PAO/TF1e-3_25x/TF1e-3_25x.rep1.bam.bai
[W::bam_next_basemod] MM tag refers to bases beyond sequence length
[W::bam_next_basemod] MM tag refers to bases beyond sequence length
[W::hts_idx_load3] The index file is older than the data file: /bip7_disk/pingting114/mixed_bam/COLO829_PAO/TF1e-3_25x/TF1e-3_25x.rep1.bam.bai
[W::hts_idx_load3] The index file is older than the data file: /bip7_disk/pingting114/mixed_bam/COLO829_PAO/TF1e-3_25x/TF1e-3_25x.rep1.bam.bai
[W::hts_idx_load3] The index file is older than the data file: /bip7_disk/pingting114/mixed_bam/COLO829_PAO/TF1e-3_25x/TF1e-3_25x.rep1.bam.bai
[W::hts_idx_load3] The index file is older than the data file: /bip7_disk/pingting114/mixed_bam/COLO829_PAO/TF1e-3_25x/TF1e-3_25x.rep1.bam.bai
[W::hts_idx_load3] The index file is older than the data file: /bip7_disk/pingting114/mixed_bam/COLO829_PAO/TF1e-3_25x/TF1e-3_25x.rep1.bam.bai
[W::hts_idx_load3] The index file is older than the data file: /bip7_disk/pingting114/mixed_bam/COLO829_PAO/TF1e-3_25x/TF1e-3_25x.rep1.bam.bai
[W::hts_idx_load3] The index file is older than the data file: /bip7_disk/pingting114/mixed_bam/COLO829_PAO/TF1e-3_25x/TF1e-3_25x.rep1.bam.bai
[W::bam_next_basemod] MM tag refers to bases beyond sequence length
[W::bam_next_basemod] MM tag refers to bases beyond sequence length
[W::hts_idx_load3] The index file is older than the data file: /bip7_disk/pingting114/mixed_bam/COLO829_PAO/TF1e-3_25x/TF1e-3_25x.rep1.bam.bai
[W::hts_idx_load3] The index file is older than the data file: /bip7_disk/pingting114/mixed_bam/COLO829_PAO/TF1e-3_25x/TF1e-3_25x.rep1.bam.bai
[W::hts_idx_load3] The index file is older than the data file: /bip7_disk/pingting114/mixed_bam/COLO829_PAO/TF1e-3_25x/TF1e-3_25x.rep1.bam.bai
[W::hts_idx_load3] The index file is older than the data file: /bip7_disk/pingting114/mixed_bam/COLO829_PAO/TF1e-3_25x/TF1e-3_25x.rep1.bam.bai
[W::hts_idx_load3] The index file is older than the data file: /bip7_disk/pingting114/mixed_bam/COLO829_PAO/TF1e-3_25x/TF1e-3_25x.rep1.bam.bai
[E::bam_parse_basemod2] 89da88c1-0e1f-482e-b0cc-b045149673f6: MM tag refers to bases beyond sequence length
[W::hts_idx_load3] The index file is older than the data file: /bip7_disk/pingting114/mixed_bam/COLO829_PAO/TF1e-3_25x/TF1e-3_25x.rep1.bam.bai
[E::bam_parse_basemod2] 4ec85a99-dd08-468e-a34a-80a571353461: MM tag refers to bases beyond sequence length
[W::hts_idx_load3] The index file is older than the data file: /bip7_disk/pingting114/mixed_bam/COLO829_PAO/TF1e-3_25x/TF1e-3_25x.rep1.bam.bai
[W::hts_idx_load3] The index file is older than the data file: /bip7_disk/pingting114/mixed_bam/COLO829_PAO/TF1e-3_25x/TF1e-3_25x.rep1.bam.bai
[W::hts_idx_load3] The index file is older than the data file: /bip7_disk/pingting114/mixed_bam/COLO829_PAO/TF1e-3_25x/TF1e-3_25x.rep1.bam.bai
[E::bam_parse_basemod2] 7cce853c-9f87-4018-ad5a-b4f03cab68dc: MM tag refers to bases beyond sequence length
[W::hts_idx_load3] The index file is older than the data file: /bip7_disk/pingting114/mixed_bam/COLO829_PAO/TF1e-3_25x/TF1e-3_25x.rep1.bam.bai
[W::hts_idx_load3] The index file is older than the data file: /bip7_disk/pingting114/mixed_bam/COLO829_PAO/TF1e-3_25x/TF1e-3_25x.rep1.bam.bai
[W::hts_idx_load3] The index file is older than the data file: /bip7_disk/pingting114/mixed_bam/COLO829_PAO/TF1e-3_25x/TF1e-3_25x.rep1.bam.bai
[W::hts_idx_load3] The index file is older than the data file: /bip7_disk/pingting114/mixed_bam/COLO829_PAO/TF1e-3_25x/TF1e-3_25x.rep1.bam.bai
[W::hts_idx_load3] The index file is older than the data file: /bip7_disk/pingting114/mixed_bam/COLO829_PAO/TF1e-3_25x/TF1e-3_25x.rep1.bam.bai
[W::hts_idx_load3] The index file is older than the data file: /bip7_disk/pingting114/mixed_bam/COLO829_PAO/TF1e-3_25x/TF1e-3_25x.rep1.bam.bai
[E::bam_parse_basemod2] b284223e-d426-4d25-b9a9-038564ee303a: MM tag refers to bases beyond sequence length
[W::hts_idx_load3] The index file is older than the data file: /bip7_disk/pingting114/mixed_bam/COLO829_PAO/TF1e-3_25x/TF1e-3_25x.rep1.bam.bai
[W::bam_next_basemod] MM tag refers to bases beyond sequence length
[W::hts_idx_load3] The index file is older than the data file: /bip7_disk/pingting114/mixed_bam/COLO829_PAO/TF1e-3_25x/TF1e-3_25x.rep1.bam.bai
[W::bam_next_basemod] MM tag refers to bases beyond sequence length
[W::hts_idx_load3] The index file is older than the data file: /bip7_disk/pingting114/mixed_bam/COLO829_PAO/TF1e-3_25x/TF1e-3_25x.rep1.bam.bai
[W::hts_idx_load3] The index file is older than the data file: /bip7_disk/pingting114/mixed_bam/COLO829_PAO/TF1e-3_25x/TF1e-3_25x.rep1.bam.bai
[E::bam_parse_basemod2] cb14eef7-46b9-4feb-a504-1582c467beef: MM tag refers to bases beyond sequence length
[E::bam_parse_basemod2] b3365964-10d5-481c-95d0-63eb0d3750aa: MM tag refers to bases beyond sequence length
[W::hts_idx_load3] The index file is older than the data file: /bip7_disk/pingting114/mixed_bam/COLO829_PAO/TF1e-3_25x/TF1e-3_25x.rep1.bam.bai
[W::hts_idx_load3] The index file is older than the data file: /bip7_disk/pingting114/mixed_bam/COLO829_PAO/TF1e-3_25x/TF1e-3_25x.rep1.bam.bai
[W::hts_idx_load3] The index file is older than the data file: /bip7_disk/pingting114/mixed_bam/COLO829_PAO/TF1e-3_25x/TF1e-3_25x.rep1.bam.bai
[W::bam_next_basemod] MM tag refers to bases beyond sequence length
[E::bam_parse_basemod2] a2373f6c-015a-4fec-b3a6-079fb97d3d83: MM tag refers to bases beyond sequence length
[W::hts_idx_load3] The index file is older than the data file: /bip7_disk/pingting114/mixed_bam/COLO829_PAO/TF1e-3_25x/TF1e-3_25x.rep1.bam.bai
[E::bam_parse_basemod2] 4e55a3bc-498e-443a-a624-5cfe21307b53: MM tag refers to bases beyond sequence length
[W::hts_idx_load3] The index file is older than the data file: /bip7_disk/pingting114/mixed_bam/COLO829_PAO/TF1e-3_25x/TF1e-3_25x.rep1.bam.bai
[W::hts_idx_load3] The index file is older than the data file: /bip7_disk/pingting114/mixed_bam/COLO829_PAO/TF1e-3_25x/TF1e-3_25x.rep1.bam.bai
[W::hts_idx_load3] The index file is older than the data file: /bip7_disk/pingting114/mixed_bam/COLO829_PAO/TF1e-3_25x/TF1e-3_25x.rep1.bam.bai
[E::bam_parse_basemod2] a83b5a4f-b7a7-4afa-b57e-cb6c27456e66: MM tag refers to bases beyond sequence length
[W::hts_idx_load3] The index file is older than the data file: /bip7_disk/pingting114/mixed_bam/COLO829_PAO/TF1e-3_25x/TF1e-3_25x.rep1.bam.bai
[W::bam_next_basemod] MM tag refers to bases beyond sequence length
[W::hts_idx_load3] The index file is older than the data file: /bip7_disk/pingting114/mixed_bam/COLO829_PAO/TF1e-3_25x/TF1e-3_25x.rep1.bam.bai
[W::hts_idx_load3] The index file is older than the data file: /bip7_disk/pingting114/mixed_bam/COLO829_PAO/TF1e-3_25x/TF1e-3_25x.rep1.bam.bai
[W::hts_idx_load3] The index file is older than the data file: /bip7_disk/pingting114/mixed_bam/COLO829_PAO/TF1e-3_25x/TF1e-3_25x.rep1.bam.bai
[W::hts_idx_load3] The index file is older than the data file: /bip7_disk/pingting114/mixed_bam/COLO829_PAO/TF1e-3_25x/TF1e-3_25x.rep1.bam.bai
[W::hts_idx_load3] The index file is older than the data file: /bip7_disk/pingting114/mixed_bam/COLO829_PAO/TF1e-3_25x/TF1e-3_25x.rep1.bam.bai
[E::bam_parse_basemod2] 00150528-d7ea-4254-aa45-8951edde0257: MM tag refers to bases beyond sequence length
[W::hts_idx_load3] The index file is older than the data file: /bip7_disk/pingting114/mixed_bam/COLO829_PAO/TF1e-3_25x/TF1e-3_25x.rep1.bam.bai
[W::hts_idx_load3] The index file is older than the data file: /bip7_disk/pingting114/mixed_bam/COLO829_PAO/TF1e-3_25x/TF1e-3_25x.rep1.bam.bai
[E::bam_parse_basemod2] 07f68e97-61f8-41b7-8d6f-ab5cbb205e6f: MM tag refers to bases beyond sequence length
[W::hts_idx_load3] The index file is older than the data file: /bip7_disk/pingting114/mixed_bam/COLO829_PAO/TF1e-3_25x/TF1e-3_25x.rep1.bam.bai
[W::hts_idx_load3] The index file is older than the data file: /bip7_disk/pingting114/mixed_bam/COLO829_PAO/TF1e-3_25x/TF1e-3_25x.rep1.bam.bai
[W::bam_next_basemod] MM tag refers to bases beyond sequence length
[E::bam_parse_basemod2] 2d4bfdf4-4688-4564-9d5d-54c6223018dc: MM tag refers to bases beyond sequence length
[W::hts_idx_load3] The index file is older than the data file: /bip7_disk/pingting114/mixed_bam/COLO829_PAO/TF1e-3_25x/TF1e-3_25x.rep1.bam.bai
[W::hts_idx_load3] The index file is older than the data file: /bip7_disk/pingting114/mixed_bam/COLO829_PAO/TF1e-3_25x/TF1e-3_25x.rep1.bam.bai
[W::bam_next_basemod] MM tag refers to bases beyond sequence length
[W::hts_idx_load3] The index file is older than the data file: /bip7_disk/pingting114/mixed_bam/COLO829_PAO/TF1e-3_25x/TF1e-3_25x.rep1.bam.bai
[W::hts_idx_load3] The index file is older than the data file: /bip7_disk/pingting114/mixed_bam/COLO829_PAO/TF1e-3_25x/TF1e-3_25x.rep1.bam.bai
[W::bam_next_basemod] MM tag refers to bases beyond sequence length
[W::hts_idx_load3] The index file is older than the data file: /bip7_disk/pingting114/mixed_bam/COLO829_PAO/TF1e-3_25x/TF1e-3_25x.rep1.bam.bai
[W::hts_idx_load3] The index file is older than the data file: /bip7_disk/pingting114/mixed_bam/COLO829_PAO/TF1e-3_25x/TF1e-3_25x.rep1.bam.bai
[E::bam_parse_basemod2] 11d5d0e7-611d-4f78-a6c5-07d996bbf3d8: MM tag refers to bases beyond sequence length
[W::hts_idx_load3] The index file is older than the data file: /bip7_disk/pingting114/mixed_bam/COLO829_PAO/TF1e-3_25x/TF1e-3_25x.rep1.bam.bai
[W::hts_idx_load3] The index file is older than the data file: /bip7_disk/pingting114/mixed_bam/COLO829_PAO/TF1e-3_25x/TF1e-3_25x.rep1.bam.bai
[W::bam_next_basemod] MM tag refers to bases beyond sequence length
[W::hts_idx_load3] The index file is older than the data file: /bip7_disk/pingting114/mixed_bam/COLO829_PAO/TF1e-3_25x/TF1e-3_25x.rep1.bam.bai
[W::hts_idx_load3] The index file is older than the data file: /bip7_disk/pingting114/mixed_bam/COLO829_PAO/TF1e-3_25x/TF1e-3_25x.rep1.bam.bai
[W::hts_idx_load3] The index file is older than the data file: /bip7_disk/pingting114/mixed_bam/COLO829_PAO/TF1e-3_25x/TF1e-3_25x.rep1.bam.bai
[W::hts_idx_load3] The index file is older than the data file: /bip7_disk/pingting114/mixed_bam/COLO829_PAO/TF1e-3_25x/TF1e-3_25x.rep1.bam.bai
[W::bam_next_basemod] MM tag refers to bases beyond sequence length
[W::hts_idx_load3] The index file is older than the data file: /bip7_disk/pingting114/mixed_bam/COLO829_PAO/TF1e-3_25x/TF1e-3_25x.rep1.bam.bai
[W::bam_next_basemod] MM tag refers to bases beyond sequence length
[E::bam_parse_basemod2] 01465676-a2f9-46b8-bd18-5779951b8ba3: MM tag refers to bases beyond sequence length
[W::hts_idx_load3] The index file is older than the data file: /bip7_disk/pingting114/mixed_bam/COLO829_PAO/TF1e-3_25x/TF1e-3_25x.rep1.bam.bai
[W::bam_next_basemod] MM tag refers to bases beyond sequence length
[W::bam_next_basemod] MM tag refers to bases beyond sequence length
[W::bam_next_basemod] MM tag refers to bases beyond sequence length
[W::hts_idx_load3] The index file is older than the data file: /bip7_disk/pingting114/mixed_bam/COLO829_PAO/TF1e-3_25x/TF1e-3_25x.rep1.bam.bai
[E::bam_parse_basemod2] c1588dde-1ce0-498f-aae5-797a6374ed50: MM tag refers to bases beyond sequence length
[W::hts_idx_load3] The index file is older than the data file: /bip7_disk/pingting114/mixed_bam/COLO829_PAO/TF1e-3_25x/TF1e-3_25x.rep1.bam.bai
[W::hts_idx_load3] The index file is older than the data file: /bip7_disk/pingting114/mixed_bam/COLO829_PAO/TF1e-3_25x/TF1e-3_25x.rep1.bam.bai
[W::hts_idx_load3] The index file is older than the data file: /bip7_disk/pingting114/mixed_bam/COLO829_PAO/TF1e-3_25x/TF1e-3_25x.rep1.bam.bai
[W::hts_idx_load3] The index file is older than the data file: /bip7_disk/pingting114/mixed_bam/COLO829_PAO/TF1e-3_25x/TF1e-3_25x.rep1.bam.bai
[W::hts_idx_load3] The index file is older than the data file: /bip7_disk/pingting114/mixed_bam/COLO829_PAO/TF1e-3_25x/TF1e-3_25x.rep1.bam.bai
[W::hts_idx_load3] The index file is older than the data file: /bip7_disk/pingting114/mixed_bam/COLO829_PAO/TF1e-3_25x/TF1e-3_25x.rep1.bam.bai
[W::hts_idx_load3] The index file is older than the data file: /bip7_disk/pingting114/mixed_bam/COLO829_PAO/TF1e-3_25x/TF1e-3_25x.rep1.bam.bai
[W::bam_next_basemod] MM tag refers to bases beyond sequence length
[W::hts_idx_load3] The index file is older than the data file: /bip7_disk/pingting114/mixed_bam/COLO829_PAO/TF1e-3_25x/TF1e-3_25x.rep1.bam.bai
[W::hts_idx_load3] The index file is older than the data file: /bip7_disk/pingting114/mixed_bam/COLO829_PAO/TF1e-3_25x/TF1e-3_25x.rep1.bam.bai
[W::hts_idx_load3] The index file is older than the data file: /bip7_disk/pingting114/mixed_bam/COLO829_PAO/TF1e-3_25x/TF1e-3_25x.rep1.bam.bai
[E::bam_parse_basemod2] 98f20593-4854-4062-8ca9-e12283ce039f: MM tag refers to bases beyond sequence length
[W::hts_idx_load3] The index file is older than the data file: /bip7_disk/pingting114/mixed_bam/COLO829_PAO/TF1e-3_25x/TF1e-3_25x.rep1.bam.bai
[W::hts_idx_load3] The index file is older than the data file: /bip7_disk/pingting114/mixed_bam/COLO829_PAO/TF1e-3_25x/TF1e-3_25x.rep1.bam.bai
[W::hts_idx_load3] The index file is older than the data file: /bip7_disk/pingting114/mixed_bam/COLO829_PAO/TF1e-3_25x/TF1e-3_25x.rep1.bam.bai
[W::hts_idx_load3] The index file is older than the data file: /bip7_disk/pingting114/mixed_bam/COLO829_PAO/TF1e-3_25x/TF1e-3_25x.rep1.bam.bai
[W::hts_idx_load3] The index file is older than the data file: /bip7_disk/pingting114/mixed_bam/COLO829_PAO/TF1e-3_25x/TF1e-3_25x.rep1.bam.bai
[E::bam_parse_basemod2] 0568c47b-a035-4cbb-bf39-dfa58f1a71e3: MM tag refers to bases beyond sequence length
[W::hts_idx_load3] The index file is older than the data file: /bip7_disk/pingting114/mixed_bam/COLO829_PAO/TF1e-3_25x/TF1e-3_25x.rep1.bam.bai
[W::hts_idx_load3] The index file is older than the data file: /bip7_disk/pingting114/mixed_bam/COLO829_PAO/TF1e-3_25x/TF1e-3_25x.rep1.bam.bai
[W::hts_idx_load3] The index file is older than the data file: /bip7_disk/pingting114/mixed_bam/COLO829_PAO/TF1e-3_25x/TF1e-3_25x.rep1.bam.bai
[W::hts_idx_load3] The index file is older than the data file: /bip7_disk/pingting114/mixed_bam/COLO829_PAO/TF1e-3_25x/TF1e-3_25x.rep1.bam.bai
[W::hts_idx_load3] The index file is older than the data file: /bip7_disk/pingting114/mixed_bam/COLO829_PAO/TF1e-3_25x/TF1e-3_25x.rep1.bam.bai
[W::bam_next_basemod] MM tag refers to bases beyond sequence length
[W::hts_idx_load3] The index file is older than the data file: /bip7_disk/pingting114/mixed_bam/COLO829_PAO/TF1e-3_25x/TF1e-3_25x.rep1.bam.bai
[W::bam_next_basemod] MM tag refers to bases beyond sequence length
[W::hts_idx_load3] The index file is older than the data file: /bip7_disk/pingting114/mixed_bam/COLO829_PAO/TF1e-3_25x/TF1e-3_25x.rep1.bam.bai
[W::hts_idx_load3] The index file is older than the data file: /bip7_disk/pingting114/mixed_bam/COLO829_PAO/TF1e-3_25x/TF1e-3_25x.rep1.bam.bai
[E::bam_parse_basemod2] 0cc87411-1ee8-4579-8be8-9ef469f33d75: MM tag refers to bases beyond sequence length
[W::hts_idx_load3] The index file is older than the data file: /bip7_disk/pingting114/mixed_bam/COLO829_PAO/TF1e-3_25x/TF1e-3_25x.rep1.bam.bai
[W::bam_next_basemod] MM tag refers to bases beyond sequence length
[E::bam_parse_basemod2] 813e2aaf-1024-41b4-a962-466b9bd6895a: MM tag refers to bases beyond sequence length
[W::hts_idx_load3] The index file is older than the data file: /bip7_disk/pingting114/mixed_bam/COLO829_PAO/TF1e-3_25x/TF1e-3_25x.rep1.bam.bai
[W::bam_next_basemod] MM tag refers to bases beyond sequence length
[W::hts_idx_load3] The index file is older than the data file: /bip7_disk/pingting114/mixed_bam/COLO829_PAO/TF1e-3_25x/TF1e-3_25x.rep1.bam.bai
[W::hts_idx_load3] The index file is older than the data file: /bip7_disk/pingting114/mixed_bam/COLO829_PAO/TF1e-3_25x/TF1e-3_25x.rep1.bam.bai
[W::hts_idx_load3] The index file is older than the data file: /bip7_disk/pingting114/mixed_bam/COLO829_PAO/TF1e-3_25x/TF1e-3_25x.rep1.bam.bai
[W::hts_idx_load3] The index file is older than the data file: /bip7_disk/pingting114/mixed_bam/COLO829_PAO/TF1e-3_25x/TF1e-3_25x.rep1.bam.bai
[W::bam_next_basemod] MM tag refers to bases beyond sequence length
[E::bam_parse_basemod2] c636d24f-d892-4c7d-82fd-accad7245d37: MM tag refers to bases beyond sequence length
[W::hts_idx_load3] The index file is older than the data file: /bip7_disk/pingting114/mixed_bam/COLO829_PAO/TF1e-3_25x/TF1e-3_25x.rep1.bam.bai
[E::bam_parse_basemod2] e1095272-26f7-4e57-a002-409c22818230: MM tag refers to bases beyond sequence length
[W::hts_idx_load3] The index file is older than the data file: /bip7_disk/pingting114/mixed_bam/COLO829_PAO/TF1e-3_25x/TF1e-3_25x.rep1.bam.bai
[W::hts_idx_load3] The index file is older than the data file: /bip7_disk/pingting114/mixed_bam/COLO829_PAO/TF1e-3_25x/TF1e-3_25x.rep1.bam.bai
[E::bam_parse_basemod2] 30739de8-f9cf-4246-ae24-5d5a24550571: MM tag refers to bases beyond sequence length
[W::hts_idx_load3] The index file is older than the data file: /bip7_disk/pingting114/mixed_bam/COLO829_PAO/TF1e-3_25x/TF1e-3_25x.rep1.bam.bai
[W::hts_idx_load3] The index file is older than the data file: /bip7_disk/pingting114/mixed_bam/COLO829_PAO/TF1e-3_25x/TF1e-3_25x.rep1.bam.bai
[W::hts_idx_load3] The index file is older than the data file: /bip7_disk/pingting114/mixed_bam/COLO829_PAO/TF1e-3_25x/TF1e-3_25x.rep1.bam.bai
[W::hts_idx_load3] The index file is older than the data file: /bip7_disk/pingting114/mixed_bam/COLO829_PAO/TF1e-3_25x/TF1e-3_25x.rep1.bam.bai
[W::bam_next_basemod] MM tag refers to bases beyond sequence length
[W::hts_idx_load3] The index file is older than the data file: /bip7_disk/pingting114/mixed_bam/COLO829_PAO/TF1e-3_25x/TF1e-3_25x.rep1.bam.bai
[W::hts_idx_load3] The index file is older than the data file: /bip7_disk/pingting114/mixed_bam/COLO829_PAO/TF1e-3_25x/TF1e-3_25x.rep1.bam.bai
[E::bam_parse_basemod2] 3bcda047-1b4e-4ebc-8fe9-ced21275228d: MM tag refers to bases beyond sequence length
[W::hts_idx_load3] The index file is older than the data file: /bip7_disk/pingting114/mixed_bam/COLO829_PAO/TF1e-3_25x/TF1e-3_25x.rep1.bam.bai
[W::hts_idx_load3] The index file is older than the data file: /bip7_disk/pingting114/mixed_bam/COLO829_PAO/TF1e-3_25x/TF1e-3_25x.rep1.bam.bai
[W::hts_idx_load3] The index file is older than the data file: /bip7_disk/pingting114/mixed_bam/COLO829_PAO/TF1e-3_25x/TF1e-3_25x.rep1.bam.bai
[W::hts_idx_load3] The index file is older than the data file: /bip7_disk/pingting114/mixed_bam/COLO829_PAO/TF1e-3_25x/TF1e-3_25x.rep1.bam.bai
[W::hts_idx_load3] The index file is older than the data file: /bip7_disk/pingting114/mixed_bam/COLO829_PAO/TF1e-3_25x/TF1e-3_25x.rep1.bam.bai
[W::hts_idx_load3] The index file is older than the data file: /bip7_disk/pingting114/mixed_bam/COLO829_PAO/TF1e-3_25x/TF1e-3_25x.rep1.bam.bai
[W::bam_next_basemod] MM tag refers to bases beyond sequence length
[W::hts_idx_load3] The index file is older than the data file: /bip7_disk/pingting114/mixed_bam/COLO829_PAO/TF1e-3_25x/TF1e-3_25x.rep1.bam.bai
[W::hts_idx_load3] The index file is older than the data file: /bip7_disk/pingting114/mixed_bam/COLO829_PAO/TF1e-3_25x/TF1e-3_25x.rep1.bam.bai
[W::hts_idx_load3] The index file is older than the data file: /bip7_disk/pingting114/mixed_bam/COLO829_PAO/TF1e-3_25x/TF1e-3_25x.rep1.bam.bai
[W::hts_idx_load3] The index file is older than the data file: /bip7_disk/pingting114/mixed_bam/COLO829_PAO/TF1e-3_25x/TF1e-3_25x.rep1.bam.bai
[W::hts_idx_load3] The index file is older than the data file: /bip7_disk/pingting114/mixed_bam/COLO829_PAO/TF1e-3_25x/TF1e-3_25x.rep1.bam.bai
[E::bam_parse_basemod2] c91948d5-0db9-4dd8-8b58-3aeed1e5e790: MM tag refers to bases beyond sequence length
[W::bam_next_basemod] MM tag refers to bases beyond sequence length
[W::hts_idx_load3] The index file is older than the data file: /bip7_disk/pingting114/mixed_bam/COLO829_PAO/TF1e-3_25x/TF1e-3_25x.rep1.bam.bai
[W::hts_idx_load3] The index file is older than the data file: /bip7_disk/pingting114/mixed_bam/COLO829_PAO/TF1e-3_25x/TF1e-3_25x.rep1.bam.bai
[W::hts_idx_load3] The index file is older than the data file: /bip7_disk/pingting114/mixed_bam/COLO829_PAO/TF1e-3_25x/TF1e-3_25x.rep1.bam.bai
[W::hts_idx_load3] The index file is older than the data file: /bip7_disk/pingting114/mixed_bam/COLO829_PAO/TF1e-3_25x/TF1e-3_25x.rep1.bam.bai
[W::bam_next_basemod] MM tag refers to bases beyond sequence length
[W::hts_idx_load3] The index file is older than the data file: /bip7_disk/pingting114/mixed_bam/COLO829_PAO/TF1e-3_25x/TF1e-3_25x.rep1.bam.bai
[W::bam_next_basemod] MM tag refers to bases beyond sequence length
[W::hts_idx_load3] The index file is older than the data file: /bip7_disk/pingting114/mixed_bam/COLO829_PAO/TF1e-3_25x/TF1e-3_25x.rep1.bam.bai
[W::bam_next_basemod] MM tag refers to bases beyond sequence length
[W::hts_idx_load3] The index file is older than the data file: /bip7_disk/pingting114/mixed_bam/COLO829_PAO/TF1e-3_25x/TF1e-3_25x.rep1.bam.bai
[W::hts_idx_load3] The index file is older than the data file: /bip7_disk/pingting114/mixed_bam/COLO829_PAO/TF1e-3_25x/TF1e-3_25x.rep1.bam.bai
[E::bam_parse_basemod2] 88c34303-bf7a-42fd-ae90-4bc4c90632e8: MM tag refers to bases beyond sequence length
[W::hts_idx_load3] The index file is older than the data file: /bip7_disk/pingting114/mixed_bam/COLO829_PAO/TF1e-3_25x/TF1e-3_25x.rep1.bam.bai
[W::bam_next_basemod] MM tag refers to bases beyond sequence length
[W::hts_idx_load3] The index file is older than the data file: /bip7_disk/pingting114/mixed_bam/COLO829_PAO/TF1e-3_25x/TF1e-3_25x.rep1.bam.bai
[W::hts_idx_load3] The index file is older than the data file: /bip7_disk/pingting114/mixed_bam/COLO829_PAO/TF1e-3_25x/TF1e-3_25x.rep1.bam.bai
[W::hts_idx_load3] The index file is older than the data file: /bip7_disk/pingting114/mixed_bam/COLO829_PAO/TF1e-3_25x/TF1e-3_25x.rep1.bam.bai
[E::bam_parse_basemod2] 77c7eba3-4ca2-46b4-937b-fddb90d60558: MM tag refers to bases beyond sequence length
[W::hts_idx_load3] The index file is older than the data file: /bip7_disk/pingting114/mixed_bam/COLO829_PAO/TF1e-3_25x/TF1e-3_25x.rep1.bam.bai
[W::hts_idx_load3] The index file is older than the data file: /bip7_disk/pingting114/mixed_bam/COLO829_PAO/TF1e-3_25x/TF1e-3_25x.rep1.bam.bai
[W::hts_idx_load3] The index file is older than the data file: /bip7_disk/pingting114/mixed_bam/COLO829_PAO/TF1e-3_25x/TF1e-3_25x.rep1.bam.bai
[W::bam_next_basemod] MM tag refers to bases beyond sequence length
[W::hts_idx_load3] The index file is older than the data file: /bip7_disk/pingting114/mixed_bam/COLO829_PAO/TF1e-3_25x/TF1e-3_25x.rep1.bam.bai
[W::hts_idx_load3] The index file is older than the data file: /bip7_disk/pingting114/mixed_bam/COLO829_PAO/TF1e-3_25x/TF1e-3_25x.rep1.bam.bai
[W::hts_idx_load3] The index file is older than the data file: /bip7_disk/pingting114/mixed_bam/COLO829_PAO/TF1e-3_25x/TF1e-3_25x.rep1.bam.bai
[E::bam_parse_basemod2] 1000bb8e-edc3-4302-93c6-cb57893d3267: MM tag refers to bases beyond sequence length
[W::hts_idx_load3] The index file is older than the data file: /bip7_disk/pingting114/mixed_bam/COLO829_PAO/TF1e-3_25x/TF1e-3_25x.rep1.bam.bai
[E::bam_parse_basemod2] 7777f34a-c3f5-4a2f-9680-545a41e3ea2b: MM tag refers to bases beyond sequence length
[W::hts_idx_load3] The index file is older than the data file: /bip7_disk/pingting114/mixed_bam/COLO829_PAO/TF1e-3_25x/TF1e-3_25x.rep1.bam.bai
[W::hts_idx_load3] The index file is older than the data file: /bip7_disk/pingting114/mixed_bam/COLO829_PAO/TF1e-3_25x/TF1e-3_25x.rep1.bam.bai
[W::hts_idx_load3] The index file is older than the data file: /bip7_disk/pingting114/mixed_bam/COLO829_PAO/TF1e-3_25x/TF1e-3_25x.rep1.bam.bai
[E::bam_parse_basemod2] b98b136e-113e-4e00-b21f-553af45a6030: MM tag refers to bases beyond sequence length
[W::hts_idx_load3] The index file is older than the data file: /bip7_disk/pingting114/mixed_bam/COLO829_PAO/TF1e-3_25x/TF1e-3_25x.rep1.bam.bai
[W::bam_next_basemod] MM tag refers to bases beyond sequence length
[W::hts_idx_load3] The index file is older than the data file: /bip7_disk/pingting114/mixed_bam/COLO829_PAO/TF1e-3_25x/TF1e-3_25x.rep1.bam.bai
[W::bam_next_basemod] MM tag refers to bases beyond sequence length
[W::hts_idx_load3] The index file is older than the data file: /bip7_disk/pingting114/mixed_bam/COLO829_PAO/TF1e-3_25x/TF1e-3_25x.rep1.bam.bai
[W::hts_idx_load3] The index file is older than the data file: /bip7_disk/pingting114/mixed_bam/COLO829_PAO/TF1e-3_25x/TF1e-3_25x.rep1.bam.bai
[W::bam_next_basemod] MM tag refers to bases beyond sequence length
[W::hts_idx_load3] The index file is older than the data file: /bip7_disk/pingting114/mixed_bam/COLO829_PAO/TF1e-3_25x/TF1e-3_25x.rep1.bam.bai
[E::bam_parse_basemod2] 53bc166e-2a1d-4fb0-afdd-4e929c114bde: MM tag refers to bases beyond sequence length
[W::hts_idx_load3] The index file is older than the data file: /bip7_disk/pingting114/mixed_bam/COLO829_PAO/TF1e-3_25x/TF1e-3_25x.rep1.bam.bai
[W::bam_next_basemod] MM tag refers to bases beyond sequence length
[W::hts_idx_load3] The index file is older than the data file: /bip7_disk/pingting114/mixed_bam/COLO829_PAO/TF1e-3_25x/TF1e-3_25x.rep1.bam.bai
[W::hts_idx_load3] The index file is older than the data file: /bip7_disk/pingting114/mixed_bam/COLO829_PAO/TF1e-3_25x/TF1e-3_25x.rep1.bam.bai
[W::hts_idx_load3] The index file is older than the data file: /bip7_disk/pingting114/mixed_bam/COLO829_PAO/TF1e-3_25x/TF1e-3_25x.rep1.bam.bai
[W::hts_idx_load3] The index file is older than the data file: /bip7_disk/pingting114/mixed_bam/COLO829_PAO/TF1e-3_25x/TF1e-3_25x.rep1.bam.bai
[W::hts_idx_load3] The index file is older than the data file: /bip7_disk/pingting114/mixed_bam/COLO829_PAO/TF1e-3_25x/TF1e-3_25x.rep1.bam.bai
[W::hts_idx_load3] The index file is older than the data file: /bip7_disk/pingting114/mixed_bam/COLO829_PAO/TF1e-3_25x/TF1e-3_25x.rep1.bam.bai
[W::hts_idx_load3] The index file is older than the data file: /bip7_disk/pingting114/mixed_bam/COLO829_PAO/TF1e-3_25x/TF1e-3_25x.rep1.bam.bai
[E::bam_parse_basemod2] cbfcf7f7-9960-417a-bf1c-b0ec785d7447: MM tag refers to bases beyond sequence length
[W::hts_idx_load3] The index file is older than the data file: /bip7_disk/pingting114/mixed_bam/COLO829_PAO/TF1e-3_25x/TF1e-3_25x.rep1.bam.bai
[W::hts_idx_load3] The index file is older than the data file: /bip7_disk/pingting114/mixed_bam/COLO829_PAO/TF1e-3_25x/TF1e-3_25x.rep1.bam.bai
[E::bam_parse_basemod2] 8ae92c12-0238-4571-87df-3626dd78c963: MM tag refers to bases beyond sequence length
[W::hts_idx_load3] The index file is older than the data file: /bip7_disk/pingting114/mixed_bam/COLO829_PAO/TF1e-3_25x/TF1e-3_25x.rep1.bam.bai
[E::bam_parse_basemod2] 4f0d50ac-6e26-4853-a214-4852d8e37abb: MM tag refers to bases beyond sequence length
[W::bam_next_basemod] MM tag refers to bases beyond sequence length
[W::hts_idx_load3] The index file is older than the data file: /bip7_disk/pingting114/mixed_bam/COLO829_PAO/TF1e-3_25x/TF1e-3_25x.rep1.bam.bai
[W::hts_idx_load3] The index file is older than the data file: /bip7_disk/pingting114/mixed_bam/COLO829_PAO/TF1e-3_25x/TF1e-3_25x.rep1.bam.bai
[W::hts_idx_load3] The index file is older than the data file: /bip7_disk/pingting114/mixed_bam/COLO829_PAO/TF1e-3_25x/TF1e-3_25x.rep1.bam.bai
[E::bam_parse_basemod2] 20bc9124-a8dc-48f5-8e88-6480675e8f59: MM tag refers to bases beyond sequence length
[W::hts_idx_load3] The index file is older than the data file: /bip7_disk/pingting114/mixed_bam/COLO829_PAO/TF1e-3_25x/TF1e-3_25x.rep1.bam.bai
[W::hts_idx_load3] The index file is older than the data file: /bip7_disk/pingting114/mixed_bam/COLO829_PAO/TF1e-3_25x/TF1e-3_25x.rep1.bam.bai
[W::hts_idx_load3] The index file is older than the data file: /bip7_disk/pingting114/mixed_bam/COLO829_PAO/TF1e-3_25x/TF1e-3_25x.rep1.bam.bai
[W::hts_idx_load3] The index file is older than the data file: /bip7_disk/pingting114/mixed_bam/COLO829_PAO/TF1e-3_25x/TF1e-3_25x.rep1.bam.bai
[W::hts_idx_load3] The index file is older than the data file: /bip7_disk/pingting114/mixed_bam/COLO829_PAO/TF1e-3_25x/TF1e-3_25x.rep1.bam.bai
[W::hts_idx_load3] The index file is older than the data file: /bip7_disk/pingting114/mixed_bam/COLO829_PAO/TF1e-3_25x/TF1e-3_25x.rep1.bam.bai
[W::hts_idx_load3] The index file is older than the data file: /bip7_disk/pingting114/mixed_bam/COLO829_PAO/TF1e-3_25x/TF1e-3_25x.rep1.bam.bai
[W::bam_next_basemod] MM tag refers to bases beyond sequence length
[W::hts_idx_load3] The index file is older than the data file: /bip7_disk/pingting114/mixed_bam/COLO829_PAO/TF1e-3_25x/TF1e-3_25x.rep1.bam.bai
[W::bam_next_basemod] MM tag refers to bases beyond sequence length
[W::hts_idx_load3] The index file is older than the data file: /bip7_disk/pingting114/mixed_bam/COLO829_PAO/TF1e-3_25x/TF1e-3_25x.rep1.bam.bai
[E::bam_parse_basemod2] d010717e-6a52-4699-9de4-dc71367215db: MM tag refers to bases beyond sequence length
[W::hts_idx_load3] The index file is older than the data file: /bip7_disk/pingting114/mixed_bam/COLO829_PAO/TF1e-3_25x/TF1e-3_25x.rep1.bam.bai
[W::hts_idx_load3] The index file is older than the data file: /bip7_disk/pingting114/mixed_bam/COLO829_PAO/TF1e-3_25x/TF1e-3_25x.rep1.bam.bai
[W::hts_idx_load3] The index file is older than the data file: /bip7_disk/pingting114/mixed_bam/COLO829_PAO/TF1e-3_25x/TF1e-3_25x.rep1.bam.bai
[W::hts_idx_load3] The index file is older than the data file: /bip7_disk/pingting114/mixed_bam/COLO829_PAO/TF1e-3_25x/TF1e-3_25x.rep1.bam.bai
[E::bam_parse_basemod2] d598ac80-5d6a-4c2b-b520-8abe6c1df3d9: MM tag refers to bases beyond sequence length
[W::hts_idx_load3] The index file is older than the data file: /bip7_disk/pingting114/mixed_bam/COLO829_PAO/TF1e-3_25x/TF1e-3_25x.rep1.bam.bai
[W::hts_idx_load3] The index file is older than the data file: /bip7_disk/pingting114/mixed_bam/COLO829_PAO/TF1e-3_25x/TF1e-3_25x.rep1.bam.bai
[W::hts_idx_load3] The index file is older than the data file: /bip7_disk/pingting114/mixed_bam/COLO829_PAO/TF1e-3_25x/TF1e-3_25x.rep1.bam.bai
[W::hts_idx_load3] The index file is older than the data file: /bip7_disk/pingting114/mixed_bam/COLO829_PAO/TF1e-3_25x/TF1e-3_25x.rep1.bam.bai
[W::hts_idx_load3] The index file is older than the data file: /bip7_disk/pingting114/mixed_bam/COLO829_PAO/TF1e-3_25x/TF1e-3_25x.rep1.bam.bai
[W::hts_idx_load3] The index file is older than the data file: /bip7_disk/pingting114/mixed_bam/COLO829_PAO/TF1e-3_25x/TF1e-3_25x.rep1.bam.bai
[W::hts_idx_load3] The index file is older than the data file: /bip7_disk/pingting114/mixed_bam/COLO829_PAO/TF1e-3_25x/TF1e-3_25x.rep1.bam.bai
[W::bam_next_basemod] MM tag refers to bases beyond sequence length
[W::hts_idx_load3] The index file is older than the data file: /bip7_disk/pingting114/mixed_bam/COLO829_PAO/TF1e-3_25x/TF1e-3_25x.rep1.bam.bai
[W::hts_idx_load3] The index file is older than the data file: /bip7_disk/pingting114/mixed_bam/COLO829_PAO/TF1e-3_25x/TF1e-3_25x.rep1.bam.bai
[W::bam_next_basemod] MM tag refers to bases beyond sequence length
[W::hts_idx_load3] The index file is older than the data file: /bip7_disk/pingting114/mixed_bam/COLO829_PAO/TF1e-3_25x/TF1e-3_25x.rep1.bam.bai
[W::hts_idx_load3] The index file is older than the data file: /bip7_disk/pingting114/mixed_bam/COLO829_PAO/TF1e-3_25x/TF1e-3_25x.rep1.bam.bai
[W::hts_idx_load3] The index file is older than the data file: /bip7_disk/pingting114/mixed_bam/COLO829_PAO/TF1e-3_25x/TF1e-3_25x.rep1.bam.bai
[W::hts_idx_load3] The index file is older than the data file: /bip7_disk/pingting114/mixed_bam/COLO829_PAO/TF1e-3_25x/TF1e-3_25x.rep1.bam.bai
[W::hts_idx_load3] The index file is older than the data file: /bip7_disk/pingting114/mixed_bam/COLO829_PAO/TF1e-3_25x/TF1e-3_25x.rep1.bam.bai
[W::hts_idx_load3] The index file is older than the data file: /bip7_disk/pingting114/mixed_bam/COLO829_PAO/TF1e-3_25x/TF1e-3_25x.rep1.bam.bai
[W::hts_idx_load3] The index file is older than the data file: /bip7_disk/pingting114/mixed_bam/COLO829_PAO/TF1e-3_25x/TF1e-3_25x.rep1.bam.bai
[W::hts_idx_load3] The index file is older than the data file: /bip7_disk/pingting114/mixed_bam/COLO829_PAO/TF1e-3_25x/TF1e-3_25x.rep1.bam.bai
[E::bam_parse_basemod2] d09272c0-09ea-41bd-bea5-d1b2e00f9f89: MM tag refers to bases beyond sequence length
[W::hts_idx_load3] The index file is older than the data file: /bip7_disk/pingting114/mixed_bam/COLO829_PAO/TF1e-3_25x/TF1e-3_25x.rep1.bam.bai
[W::bam_next_basemod] MM tag refers to bases beyond sequence length
[W::hts_idx_load3] The index file is older than the data file: /bip7_disk/pingting114/mixed_bam/COLO829_PAO/TF1e-3_25x/TF1e-3_25x.rep1.bam.bai
[W::hts_idx_load3] The index file is older than the data file: /bip7_disk/pingting114/mixed_bam/COLO829_PAO/TF1e-3_25x/TF1e-3_25x.rep1.bam.bai
[W::hts_idx_load3] The index file is older than the data file: /bip7_disk/pingting114/mixed_bam/COLO829_PAO/TF1e-3_25x/TF1e-3_25x.rep1.bam.bai
[W::hts_idx_load3] The index file is older than the data file: /bip7_disk/pingting114/mixed_bam/COLO829_PAO/TF1e-3_25x/TF1e-3_25x.rep1.bam.bai
[W::hts_idx_load3] The index file is older than the data file: /bip7_disk/pingting114/mixed_bam/COLO829_PAO/TF1e-3_25x/TF1e-3_25x.rep1.bam.bai
[W::hts_idx_load3] The index file is older than the data file: /bip7_disk/pingting114/mixed_bam/COLO829_PAO/TF1e-3_25x/TF1e-3_25x.rep1.bam.bai
[W::bam_next_basemod] MM tag refers to bases beyond sequence length
[E::bam_parse_basemod2] fb25b7d4-43d4-42b1-b500-3b03fa248623: MM tag refers to bases beyond sequence length
[W::hts_idx_load3] The index file is older than the data file: /bip7_disk/pingting114/mixed_bam/COLO829_PAO/TF1e-3_25x/TF1e-3_25x.rep1.bam.bai
[W::hts_idx_load3] The index file is older than the data file: /bip7_disk/pingting114/mixed_bam/COLO829_PAO/TF1e-3_25x/TF1e-3_25x.rep1.bam.bai
[W::hts_idx_load3] The index file is older than the data file: /bip7_disk/pingting114/mixed_bam/COLO829_PAO/TF1e-3_25x/TF1e-3_25x.rep1.bam.bai
[E::bam_parse_basemod2] 6a7aba99-35fe-47e3-bc3f-a4826410f1fe: MM tag refers to bases beyond sequence length
[W::bam_next_basemod] MM tag refers to bases beyond sequence length
[W::hts_idx_load3] The index file is older than the data file: /bip7_disk/pingting114/mixed_bam/COLO829_PAO/TF1e-3_25x/TF1e-3_25x.rep1.bam.bai
[W::hts_idx_load3] The index file is older than the data file: /bip7_disk/pingting114/mixed_bam/COLO829_PAO/TF1e-3_25x/TF1e-3_25x.rep1.bam.bai
[W::hts_idx_load3] The index file is older than the data file: /bip7_disk/pingting114/mixed_bam/COLO829_PAO/TF1e-3_25x/TF1e-3_25x.rep1.bam.bai
[W::hts_idx_load3] The index file is older than the data file: /bip7_disk/pingting114/mixed_bam/COLO829_PAO/TF1e-3_25x/TF1e-3_25x.rep1.bam.bai
[W::hts_idx_load3] The index file is older than the data file: /bip7_disk/pingting114/mixed_bam/COLO829_PAO/TF1e-3_25x/TF1e-3_25x.rep1.bam.bai
[W::bam_next_basemod] MM tag refers to bases beyond sequence length
[W::hts_idx_load3] The index file is older than the data file: /bip7_disk/pingting114/mixed_bam/COLO829_PAO/TF1e-3_25x/TF1e-3_25x.rep1.bam.bai
[W::hts_idx_load3] The index file is older than the data file: /bip7_disk/pingting114/mixed_bam/COLO829_PAO/TF1e-3_25x/TF1e-3_25x.rep1.bam.bai
[W::hts_idx_load3] The index file is older than the data file: /bip7_disk/pingting114/mixed_bam/COLO829_PAO/TF1e-3_25x/TF1e-3_25x.rep1.bam.bai
[W::hts_idx_load3] The index file is older than the data file: /bip7_disk/pingting114/mixed_bam/COLO829_PAO/TF1e-3_25x/TF1e-3_25x.rep1.bam.bai
[W::hts_idx_load3] The index file is older than the data file: /bip7_disk/pingting114/mixed_bam/COLO829_PAO/TF1e-3_25x/TF1e-3_25x.rep1.bam.bai
[W::hts_idx_load3] The index file is older than the data file: /bip7_disk/pingting114/mixed_bam/COLO829_PAO/TF1e-3_25x/TF1e-3_25x.rep1.bam.bai
[W::hts_idx_load3] The index file is older than the data file: /bip7_disk/pingting114/mixed_bam/COLO829_PAO/TF1e-3_25x/TF1e-3_25x.rep1.bam.bai
[W::hts_idx_load3] The index file is older than the data file: /bip7_disk/pingting114/mixed_bam/COLO829_PAO/TF1e-3_25x/TF1e-3_25x.rep1.bam.bai
[E::bam_parse_basemod2] 1192f36b-7ae4-41de-a251-1816884228ba: MM tag refers to bases beyond sequence length
[W::bam_next_basemod] MM tag refers to bases beyond sequence length
[W::hts_idx_load3] The index file is older than the data file: /bip7_disk/pingting114/mixed_bam/COLO829_PAO/TF1e-3_25x/TF1e-3_25x.rep1.bam.bai
[W::hts_idx_load3] The index file is older than the data file: /bip7_disk/pingting114/mixed_bam/COLO829_PAO/TF1e-3_25x/TF1e-3_25x.rep1.bam.bai
[E::bam_parse_basemod2] ec5647b8-0be6-4482-96fe-b8cfacd61b71: MM tag refers to bases beyond sequence length
[E::bam_parse_basemod2] e4c87744-6948-4ad8-bf27-bf433151fc20: MM tag refers to bases beyond sequence length
[W::hts_idx_load3] The index file is older than the data file: /bip7_disk/pingting114/mixed_bam/COLO829_PAO/TF1e-3_25x/TF1e-3_25x.rep1.bam.bai
[E::bam_parse_basemod2] d3a07b38-990f-4028-9d0f-b639c57438cb: MM tag refers to bases beyond sequence length
[E::bam_parse_basemod2] 91ac75aa-2066-4f87-9e86-c95ff861da34: MM tag refers to bases beyond sequence length
[W::bam_next_basemod] MM tag refers to bases beyond sequence length
[W::hts_idx_load3] The index file is older than the data file: /bip7_disk/pingting114/mixed_bam/COLO829_PAO/TF1e-3_25x/TF1e-3_25x.rep1.bam.bai
[W::bam_next_basemod] MM tag refers to bases beyond sequence length
[W::bam_next_basemod] MM tag refers to bases beyond sequence length
[W::hts_idx_load3] The index file is older than the data file: /bip7_disk/pingting114/mixed_bam/COLO829_PAO/TF1e-3_25x/TF1e-3_25x.rep1.bam.bai
[W::hts_idx_load3] The index file is older than the data file: /bip7_disk/pingting114/mixed_bam/COLO829_PAO/TF1e-3_25x/TF1e-3_25x.rep1.bam.bai
[W::hts_idx_load3] The index file is older than the data file: /bip7_disk/pingting114/mixed_bam/COLO829_PAO/TF1e-3_25x/TF1e-3_25x.rep1.bam.bai
[W::hts_idx_load3] The index file is older than the data file: /bip7_disk/pingting114/mixed_bam/COLO829_PAO/TF1e-3_25x/TF1e-3_25x.rep1.bam.bai
[W::bam_next_basemod] MM tag refers to bases beyond sequence length
[W::hts_idx_load3] The index file is older than the data file: /bip7_disk/pingting114/mixed_bam/COLO829_PAO/TF1e-3_25x/TF1e-3_25x.rep1.bam.bai
[E::bam_parse_basemod2] 36d51159-66ca-411c-b2ec-317e1b5bab7e: MM tag refers to bases beyond sequence length
[E::bam_parse_basemod2] 4be8a0b1-6766-46e8-b01c-debac039a6c2: MM tag refers to bases beyond sequence length
[W::hts_idx_load3] The index file is older than the data file: /bip7_disk/pingting114/mixed_bam/COLO829_PAO/TF1e-3_25x/TF1e-3_25x.rep1.bam.bai
[E::bam_parse_basemod2] e72f7a37-90c7-4e36-9e7c-6e2afed80c5c: MM tag refers to bases beyond sequence length
[W::hts_idx_load3] The index file is older than the data file: /bip7_disk/pingting114/mixed_bam/COLO829_PAO/TF1e-3_25x/TF1e-3_25x.rep1.bam.bai
[E::bam_parse_basemod2] b591a885-5919-45e7-b8d4-eb395bcb0e08: MM tag refers to bases beyond sequence length
[W::hts_idx_load3] The index file is older than the data file: /bip7_disk/pingting114/mixed_bam/COLO829_PAO/TF1e-3_25x/TF1e-3_25x.rep1.bam.bai
[E::bam_parse_basemod2] 81e1e587-5cd3-4955-b532-81e369da8191: MM tag refers to bases beyond sequence length
[W::hts_idx_load3] The index file is older than the data file: /bip7_disk/pingting114/mixed_bam/COLO829_PAO/TF1e-3_25x/TF1e-3_25x.rep1.bam.bai
[W::bam_next_basemod] MM tag refers to bases beyond sequence length
[W::hts_idx_load3] The index file is older than the data file: /bip7_disk/pingting114/mixed_bam/COLO829_PAO/TF1e-3_25x/TF1e-3_25x.rep1.bam.bai
[W::hts_idx_load3] The index file is older than the data file: /bip7_disk/pingting114/mixed_bam/COLO829_PAO/TF1e-3_25x/TF1e-3_25x.rep1.bam.bai
[W::hts_idx_load3] The index file is older than the data file: /bip7_disk/pingting114/mixed_bam/COLO829_PAO/TF1e-3_25x/TF1e-3_25x.rep1.bam.bai
  TF1e-3_25x.rep1.bam cand 2000/4000
[W::hts_idx_load3] The index file is older than the data file: /bip7_disk/pingting114/mixed_bam/COLO829_PAO/TF1e-3_25x/TF1e-3_25x.rep1.bam.bai
[W::hts_idx_load3] The index file is older than the data file: /bip7_disk/pingting114/mixed_bam/COLO829_PAO/TF1e-3_25x/TF1e-3_25x.rep1.bam.bai
[E::bam_parse_basemod2] 4fc39a5e-9d4e-4901-b491-4695b0d751a6: MM tag refers to bases beyond sequence length
[W::hts_idx_load3] The index file is older than the data file: /bip7_disk/pingting114/mixed_bam/COLO829_PAO/TF1e-3_25x/TF1e-3_25x.rep1.bam.bai
[W::hts_idx_load3] The index file is older than the data file: /bip7_disk/pingting114/mixed_bam/COLO829_PAO/TF1e-3_25x/TF1e-3_25x.rep1.bam.bai
[W::bam_next_basemod] MM tag refers to bases beyond sequence length
[W::bam_next_basemod] MM tag refers to bases beyond sequence length
[W::hts_idx_load3] The index file is older than the data file: /bip7_disk/pingting114/mixed_bam/COLO829_PAO/TF1e-3_25x/TF1e-3_25x.rep1.bam.bai
[W::hts_idx_load3] The index file is older than the data file: /bip7_disk/pingting114/mixed_bam/COLO829_PAO/TF1e-3_25x/TF1e-3_25x.rep1.bam.bai
[W::hts_idx_load3] The index file is older than the data file: /bip7_disk/pingting114/mixed_bam/COLO829_PAO/TF1e-3_25x/TF1e-3_25x.rep1.bam.bai
[W::hts_idx_load3] The index file is older than the data file: /bip7_disk/pingting114/mixed_bam/COLO829_PAO/TF1e-3_25x/TF1e-3_25x.rep1.bam.bai
[W::hts_idx_load3] The index file is older than the data file: /bip7_disk/pingting114/mixed_bam/COLO829_PAO/TF1e-3_25x/TF1e-3_25x.rep1.bam.bai
[W::hts_idx_load3] The index file is older than the data file: /bip7_disk/pingting114/mixed_bam/COLO829_PAO/TF1e-3_25x/TF1e-3_25x.rep1.bam.bai
[W::hts_idx_load3] The index file is older than the data file: /bip7_disk/pingting114/mixed_bam/COLO829_PAO/TF1e-3_25x/TF1e-3_25x.rep1.bam.bai
[W::hts_idx_load3] The index file is older than the data file: /bip7_disk/pingting114/mixed_bam/COLO829_PAO/TF1e-3_25x/TF1e-3_25x.rep1.bam.bai
[W::hts_idx_load3] The index file is older than the data file: /bip7_disk/pingting114/mixed_bam/COLO829_PAO/TF1e-3_25x/TF1e-3_25x.rep1.bam.bai
[W::hts_idx_load3] The index file is older than the data file: /bip7_disk/pingting114/mixed_bam/COLO829_PAO/TF1e-3_25x/TF1e-3_25x.rep1.bam.bai
[W::hts_idx_load3] The index file is older than the data file: /bip7_disk/pingting114/mixed_bam/COLO829_PAO/TF1e-3_25x/TF1e-3_25x.rep1.bam.bai
[W::hts_idx_load3] The index file is older than the data file: /bip7_disk/pingting114/mixed_bam/COLO829_PAO/TF1e-3_25x/TF1e-3_25x.rep1.bam.bai
[W::hts_idx_load3] The index file is older than the data file: /bip7_disk/pingting114/mixed_bam/COLO829_PAO/TF1e-3_25x/TF1e-3_25x.rep1.bam.bai
[W::hts_idx_load3] The index file is older than the data file: /bip7_disk/pingting114/mixed_bam/COLO829_PAO/TF1e-3_25x/TF1e-3_25x.rep1.bam.bai
[W::bam_next_basemod] MM tag refers to bases beyond sequence length
[W::hts_idx_load3] The index file is older than the data file: /bip7_disk/pingting114/mixed_bam/COLO829_PAO/TF1e-3_25x/TF1e-3_25x.rep1.bam.bai
[W::hts_idx_load3] The index file is older than the data file: /bip7_disk/pingting114/mixed_bam/COLO829_PAO/TF1e-3_25x/TF1e-3_25x.rep1.bam.bai
[W::hts_idx_load3] The index file is older than the data file: /bip7_disk/pingting114/mixed_bam/COLO829_PAO/TF1e-3_25x/TF1e-3_25x.rep1.bam.bai
[W::hts_idx_load3] The index file is older than the data file: /bip7_disk/pingting114/mixed_bam/COLO829_PAO/TF1e-3_25x/TF1e-3_25x.rep1.bam.bai
[W::bam_next_basemod] MM tag refers to bases beyond sequence length
[W::hts_idx_load3] The index file is older than the data file: /bip7_disk/pingting114/mixed_bam/COLO829_PAO/TF1e-3_25x/TF1e-3_25x.rep1.bam.bai
[W::hts_idx_load3] The index file is older than the data file: /bip7_disk/pingting114/mixed_bam/COLO829_PAO/TF1e-3_25x/TF1e-3_25x.rep1.bam.bai
[W::hts_idx_load3] The index file is older than the data file: /bip7_disk/pingting114/mixed_bam/COLO829_PAO/TF1e-3_25x/TF1e-3_25x.rep1.bam.bai
[W::hts_idx_load3] The index file is older than the data file: /bip7_disk/pingting114/mixed_bam/COLO829_PAO/TF1e-3_25x/TF1e-3_25x.rep1.bam.bai
[W::hts_idx_load3] The index file is older than the data file: /bip7_disk/pingting114/mixed_bam/COLO829_PAO/TF1e-3_25x/TF1e-3_25x.rep1.bam.bai
[W::hts_idx_load3] The index file is older than the data file: /bip7_disk/pingting114/mixed_bam/COLO829_PAO/TF1e-3_25x/TF1e-3_25x.rep1.bam.bai
[W::hts_idx_load3] The index file is older than the data file: /bip7_disk/pingting114/mixed_bam/COLO829_PAO/TF1e-3_25x/TF1e-3_25x.rep1.bam.bai
[W::hts_idx_load3] The index file is older than the data file: /bip7_disk/pingting114/mixed_bam/COLO829_PAO/TF1e-3_25x/TF1e-3_25x.rep1.bam.bai
[E::bam_parse_basemod2] 97e491e5-b063-4706-8e7b-f080a4dcc758: MM tag refers to bases beyond sequence length
[W::hts_idx_load3] The index file is older than the data file: /bip7_disk/pingting114/mixed_bam/COLO829_PAO/TF1e-3_25x/TF1e-3_25x.rep1.bam.bai
[W::hts_idx_load3] The index file is older than the data file: /bip7_disk/pingting114/mixed_bam/COLO829_PAO/TF1e-3_25x/TF1e-3_25x.rep1.bam.bai
[W::bam_next_basemod] MM tag refers to bases beyond sequence length
[W::hts_idx_load3] The index file is older than the data file: /bip7_disk/pingting114/mixed_bam/COLO829_PAO/TF1e-3_25x/TF1e-3_25x.rep1.bam.bai
[W::bam_next_basemod] MM tag refers to bases beyond sequence length
[W::bam_next_basemod] MM tag refers to bases beyond sequence length
[W::hts_idx_load3] The index file is older than the data file: /bip7_disk/pingting114/mixed_bam/COLO829_PAO/TF1e-3_25x/TF1e-3_25x.rep1.bam.bai
[W::hts_idx_load3] The index file is older than the data file: /bip7_disk/pingting114/mixed_bam/COLO829_PAO/TF1e-3_25x/TF1e-3_25x.rep1.bam.bai
[W::hts_idx_load3] The index file is older than the data file: /bip7_disk/pingting114/mixed_bam/COLO829_PAO/TF1e-3_25x/TF1e-3_25x.rep1.bam.bai
[W::hts_idx_load3] The index file is older than the data file: /bip7_disk/pingting114/mixed_bam/COLO829_PAO/TF1e-3_25x/TF1e-3_25x.rep1.bam.bai
[W::bam_next_basemod] MM tag refers to bases beyond sequence length
[W::hts_idx_load3] The index file is older than the data file: /bip7_disk/pingting114/mixed_bam/COLO829_PAO/TF1e-3_25x/TF1e-3_25x.rep1.bam.bai
[W::hts_idx_load3] The index file is older than the data file: /bip7_disk/pingting114/mixed_bam/COLO829_PAO/TF1e-3_25x/TF1e-3_25x.rep1.bam.bai
[W::hts_idx_load3] The index file is older than the data file: /bip7_disk/pingting114/mixed_bam/COLO829_PAO/TF1e-3_25x/TF1e-3_25x.rep1.bam.bai
[W::hts_idx_load3] The index file is older than the data file: /bip7_disk/pingting114/mixed_bam/COLO829_PAO/TF1e-3_25x/TF1e-3_25x.rep1.bam.bai
[W::bam_next_basemod] MM tag refers to bases beyond sequence length
[W::hts_idx_load3] The index file is older than the data file: /bip7_disk/pingting114/mixed_bam/COLO829_PAO/TF1e-3_25x/TF1e-3_25x.rep1.bam.bai
[W::hts_idx_load3] The index file is older than the data file: /bip7_disk/pingting114/mixed_bam/COLO829_PAO/TF1e-3_25x/TF1e-3_25x.rep1.bam.bai
[W::bam_next_basemod] MM tag refers to bases beyond sequence length
[W::hts_idx_load3] The index file is older than the data file: /bip7_disk/pingting114/mixed_bam/COLO829_PAO/TF1e-3_25x/TF1e-3_25x.rep1.bam.bai
[W::bam_next_basemod] MM tag refers to bases beyond sequence length
[W::hts_idx_load3] The index file is older than the data file: /bip7_disk/pingting114/mixed_bam/COLO829_PAO/TF1e-3_25x/TF1e-3_25x.rep1.bam.bai
[W::hts_idx_load3] The index file is older than the data file: /bip7_disk/pingting114/mixed_bam/COLO829_PAO/TF1e-3_25x/TF1e-3_25x.rep1.bam.bai
[E::bam_parse_basemod2] e2e527ae-38dc-458e-a73f-0badf2b4adf6: MM tag refers to bases beyond sequence length
[W::hts_idx_load3] The index file is older than the data file: /bip7_disk/pingting114/mixed_bam/COLO829_PAO/TF1e-3_25x/TF1e-3_25x.rep1.bam.bai
[W::hts_idx_load3] The index file is older than the data file: /bip7_disk/pingting114/mixed_bam/COLO829_PAO/TF1e-3_25x/TF1e-3_25x.rep1.bam.bai
[W::hts_idx_load3] The index file is older than the data file: /bip7_disk/pingting114/mixed_bam/COLO829_PAO/TF1e-3_25x/TF1e-3_25x.rep1.bam.bai
[W::hts_idx_load3] The index file is older than the data file: /bip7_disk/pingting114/mixed_bam/COLO829_PAO/TF1e-3_25x/TF1e-3_25x.rep1.bam.bai
[W::bam_next_basemod] MM tag refers to bases beyond sequence length
[W::hts_idx_load3] The index file is older than the data file: /bip7_disk/pingting114/mixed_bam/COLO829_PAO/TF1e-3_25x/TF1e-3_25x.rep1.bam.bai
[E::bam_parse_basemod2] 06d51629-f181-4d75-b43a-0cf13aed5499: MM tag refers to bases beyond sequence length
[W::hts_idx_load3] The index file is older than the data file: /bip7_disk/pingting114/mixed_bam/COLO829_PAO/TF1e-3_25x/TF1e-3_25x.rep1.bam.bai
[W::hts_idx_load3] The index file is older than the data file: /bip7_disk/pingting114/mixed_bam/COLO829_PAO/TF1e-3_25x/TF1e-3_25x.rep1.bam.bai
[W::hts_idx_load3] The index file is older than the data file: /bip7_disk/pingting114/mixed_bam/COLO829_PAO/TF1e-3_25x/TF1e-3_25x.rep1.bam.bai
[W::bam_next_basemod] MM tag refers to bases beyond sequence length
[W::hts_idx_load3] The index file is older than the data file: /bip7_disk/pingting114/mixed_bam/COLO829_PAO/TF1e-3_25x/TF1e-3_25x.rep1.bam.bai
[W::bam_next_basemod] MM tag refers to bases beyond sequence length
[W::hts_idx_load3] The index file is older than the data file: /bip7_disk/pingting114/mixed_bam/COLO829_PAO/TF1e-3_25x/TF1e-3_25x.rep1.bam.bai
[W::hts_idx_load3] The index file is older than the data file: /bip7_disk/pingting114/mixed_bam/COLO829_PAO/TF1e-3_25x/TF1e-3_25x.rep1.bam.bai
[W::hts_idx_load3] The index file is older than the data file: /bip7_disk/pingting114/mixed_bam/COLO829_PAO/TF1e-3_25x/TF1e-3_25x.rep1.bam.bai
[E::bam_parse_basemod2] 75c9ec61-d4e6-4c61-b24b-0875e9530a57: MM tag refers to bases beyond sequence length
[W::hts_idx_load3] The index file is older than the data file: /bip7_disk/pingting114/mixed_bam/COLO829_PAO/TF1e-3_25x/TF1e-3_25x.rep1.bam.bai
[W::bam_next_basemod] MM tag refers to bases beyond sequence length
[W::hts_idx_load3] The index file is older than the data file: /bip7_disk/pingting114/mixed_bam/COLO829_PAO/TF1e-3_25x/TF1e-3_25x.rep1.bam.bai
[W::hts_idx_load3] The index file is older than the data file: /bip7_disk/pingting114/mixed_bam/COLO829_PAO/TF1e-3_25x/TF1e-3_25x.rep1.bam.bai
[W::bam_next_basemod] MM tag refers to bases beyond sequence length
[W::hts_idx_load3] The index file is older than the data file: /bip7_disk/pingting114/mixed_bam/COLO829_PAO/TF1e-3_25x/TF1e-3_25x.rep1.bam.bai
[W::hts_idx_load3] The index file is older than the data file: /bip7_disk/pingting114/mixed_bam/COLO829_PAO/TF1e-3_25x/TF1e-3_25x.rep1.bam.bai
[W::hts_idx_load3] The index file is older than the data file: /bip7_disk/pingting114/mixed_bam/COLO829_PAO/TF1e-3_25x/TF1e-3_25x.rep1.bam.bai
[W::hts_idx_load3] The index file is older than the data file: /bip7_disk/pingting114/mixed_bam/COLO829_PAO/TF1e-3_25x/TF1e-3_25x.rep1.bam.bai
[W::hts_idx_load3] The index file is older than the data file: /bip7_disk/pingting114/mixed_bam/COLO829_PAO/TF1e-3_25x/TF1e-3_25x.rep1.bam.bai
[W::hts_idx_load3] The index file is older than the data file: /bip7_disk/pingting114/mixed_bam/COLO829_PAO/TF1e-3_25x/TF1e-3_25x.rep1.bam.bai
[W::bam_next_basemod] MM tag refers to bases beyond sequence length
[W::bam_next_basemod] MM tag refers to bases beyond sequence length
[W::hts_idx_load3] The index file is older than the data file: /bip7_disk/pingting114/mixed_bam/COLO829_PAO/TF1e-3_25x/TF1e-3_25x.rep1.bam.bai
[W::bam_next_basemod] MM tag refers to bases beyond sequence length
[W::hts_idx_load3] The index file is older than the data file: /bip7_disk/pingting114/mixed_bam/COLO829_PAO/TF1e-3_25x/TF1e-3_25x.rep1.bam.bai
[W::hts_idx_load3] The index file is older than the data file: /bip7_disk/pingting114/mixed_bam/COLO829_PAO/TF1e-3_25x/TF1e-3_25x.rep1.bam.bai
[W::hts_idx_load3] The index file is older than the data file: /bip7_disk/pingting114/mixed_bam/COLO829_PAO/TF1e-3_25x/TF1e-3_25x.rep1.bam.bai
[W::hts_idx_load3] The index file is older than the data file: /bip7_disk/pingting114/mixed_bam/COLO829_PAO/TF1e-3_25x/TF1e-3_25x.rep1.bam.bai
[W::hts_idx_load3] The index file is older than the data file: /bip7_disk/pingting114/mixed_bam/COLO829_PAO/TF1e-3_25x/TF1e-3_25x.rep1.bam.bai
[W::hts_idx_load3] The index file is older than the data file: /bip7_disk/pingting114/mixed_bam/COLO829_PAO/TF1e-3_25x/TF1e-3_25x.rep1.bam.bai
[W::hts_idx_load3] The index file is older than the data file: /bip7_disk/pingting114/mixed_bam/COLO829_PAO/TF1e-3_25x/TF1e-3_25x.rep1.bam.bai
[W::hts_idx_load3] The index file is older than the data file: /bip7_disk/pingting114/mixed_bam/COLO829_PAO/TF1e-3_25x/TF1e-3_25x.rep1.bam.bai
[W::hts_idx_load3] The index file is older than the data file: /bip7_disk/pingting114/mixed_bam/COLO829_PAO/TF1e-3_25x/TF1e-3_25x.rep1.bam.bai
[W::hts_idx_load3] The index file is older than the data file: /bip7_disk/pingting114/mixed_bam/COLO829_PAO/TF1e-3_25x/TF1e-3_25x.rep1.bam.bai
[W::bam_next_basemod] MM tag refers to bases beyond sequence length
[W::hts_idx_load3] The index file is older than the data file: /bip7_disk/pingting114/mixed_bam/COLO829_PAO/TF1e-3_25x/TF1e-3_25x.rep1.bam.bai
[W::hts_idx_load3] The index file is older than the data file: /bip7_disk/pingting114/mixed_bam/COLO829_PAO/TF1e-3_25x/TF1e-3_25x.rep1.bam.bai
[W::hts_idx_load3] The index file is older than the data file: /bip7_disk/pingting114/mixed_bam/COLO829_PAO/TF1e-3_25x/TF1e-3_25x.rep1.bam.bai
[W::hts_idx_load3] The index file is older than the data file: /bip7_disk/pingting114/mixed_bam/COLO829_PAO/TF1e-3_25x/TF1e-3_25x.rep1.bam.bai
[W::hts_idx_load3] The index file is older than the data file: /bip7_disk/pingting114/mixed_bam/COLO829_PAO/TF1e-3_25x/TF1e-3_25x.rep1.bam.bai
[E::bam_parse_basemod2] db0bd311-2c38-4f8a-bdb1-ae8d1c671c33: MM tag refers to bases beyond sequence length
[W::hts_idx_load3] The index file is older than the data file: /bip7_disk/pingting114/mixed_bam/COLO829_PAO/TF1e-3_25x/TF1e-3_25x.rep1.bam.bai
[W::bam_next_basemod] MM tag refers to bases beyond sequence length
[W::hts_idx_load3] The index file is older than the data file: /bip7_disk/pingting114/mixed_bam/COLO829_PAO/TF1e-3_25x/TF1e-3_25x.rep1.bam.bai
[W::bam_next_basemod] MM tag refers to bases beyond sequence length
[W::hts_idx_load3] The index file is older than the data file: /bip7_disk/pingting114/mixed_bam/COLO829_PAO/TF1e-3_25x/TF1e-3_25x.rep1.bam.bai
[W::hts_idx_load3] The index file is older than the data file: /bip7_disk/pingting114/mixed_bam/COLO829_PAO/TF1e-3_25x/TF1e-3_25x.rep1.bam.bai
[W::hts_idx_load3] The index file is older than the data file: /bip7_disk/pingting114/mixed_bam/COLO829_PAO/TF1e-3_25x/TF1e-3_25x.rep1.bam.bai
[W::bam_next_basemod] MM tag refers to bases beyond sequence length
[W::hts_idx_load3] The index file is older than the data file: /bip7_disk/pingting114/mixed_bam/COLO829_PAO/TF1e-3_25x/TF1e-3_25x.rep1.bam.bai
[W::hts_idx_load3] The index file is older than the data file: /bip7_disk/pingting114/mixed_bam/COLO829_PAO/TF1e-3_25x/TF1e-3_25x.rep1.bam.bai
[W::hts_idx_load3] The index file is older than the data file: /bip7_disk/pingting114/mixed_bam/COLO829_PAO/TF1e-3_25x/TF1e-3_25x.rep1.bam.bai
[E::bam_parse_basemod2] 66b80af6-8fac-4550-b83b-6e843bc9225b: MM tag refers to bases beyond sequence length
[W::hts_idx_load3] The index file is older than the data file: /bip7_disk/pingting114/mixed_bam/COLO829_PAO/TF1e-3_25x/TF1e-3_25x.rep1.bam.bai
[E::bam_parse_basemod2] 8a739347-9af6-4217-9b83-ba2d7f4ec79f: MM tag refers to bases beyond sequence length
[W::hts_idx_load3] The index file is older than the data file: /bip7_disk/pingting114/mixed_bam/COLO829_PAO/TF1e-3_25x/TF1e-3_25x.rep1.bam.bai
[W::hts_idx_load3] The index file is older than the data file: /bip7_disk/pingting114/mixed_bam/COLO829_PAO/TF1e-3_25x/TF1e-3_25x.rep1.bam.bai
[W::hts_idx_load3] The index file is older than the data file: /bip7_disk/pingting114/mixed_bam/COLO829_PAO/TF1e-3_25x/TF1e-3_25x.rep1.bam.bai
[W::hts_idx_load3] The index file is older than the data file: /bip7_disk/pingting114/mixed_bam/COLO829_PAO/TF1e-3_25x/TF1e-3_25x.rep1.bam.bai
[W::bam_next_basemod] MM tag refers to bases beyond sequence length
[W::bam_next_basemod] MM tag refers to bases beyond sequence length
[E::bam_parse_basemod2] 203ffe4b-af4a-4db1-9b46-0f5206249d87: MM tag refers to bases beyond sequence length
[W::hts_idx_load3] The index file is older than the data file: /bip7_disk/pingting114/mixed_bam/COLO829_PAO/TF1e-3_25x/TF1e-3_25x.rep1.bam.bai
[W::hts_idx_load3] The index file is older than the data file: /bip7_disk/pingting114/mixed_bam/COLO829_PAO/TF1e-3_25x/TF1e-3_25x.rep1.bam.bai
[W::bam_next_basemod] MM tag refers to bases beyond sequence length
[W::hts_idx_load3] The index file is older than the data file: /bip7_disk/pingting114/mixed_bam/COLO829_PAO/TF1e-3_25x/TF1e-3_25x.rep1.bam.bai
[E::bam_parse_basemod2] f2acfde0-86e5-4e31-85d9-a6109d18b109: MM tag refers to bases beyond sequence length
[W::hts_idx_load3] The index file is older than the data file: /bip7_disk/pingting114/mixed_bam/COLO829_PAO/TF1e-3_25x/TF1e-3_25x.rep1.bam.bai
[W::hts_idx_load3] The index file is older than the data file: /bip7_disk/pingting114/mixed_bam/COLO829_PAO/TF1e-3_25x/TF1e-3_25x.rep1.bam.bai
[E::bam_parse_basemod2] 1c09165e-01c4-4e15-b7e7-5b99df05675a: MM tag refers to bases beyond sequence length
[W::hts_idx_load3] The index file is older than the data file: /bip7_disk/pingting114/mixed_bam/COLO829_PAO/TF1e-3_25x/TF1e-3_25x.rep1.bam.bai
[W::hts_idx_load3] The index file is older than the data file: /bip7_disk/pingting114/mixed_bam/COLO829_PAO/TF1e-3_25x/TF1e-3_25x.rep1.bam.bai
[E::bam_parse_basemod2] e435da26-cee0-4ba5-a3c9-d20b090d40a0: MM tag refers to bases beyond sequence length
[W::hts_idx_load3] The index file is older than the data file: /bip7_disk/pingting114/mixed_bam/COLO829_PAO/TF1e-3_25x/TF1e-3_25x.rep1.bam.bai
[W::hts_idx_load3] The index file is older than the data file: /bip7_disk/pingting114/mixed_bam/COLO829_PAO/TF1e-3_25x/TF1e-3_25x.rep1.bam.bai
[W::bam_next_basemod] MM tag refers to bases beyond sequence length
[W::hts_idx_load3] The index file is older than the data file: /bip7_disk/pingting114/mixed_bam/COLO829_PAO/TF1e-3_25x/TF1e-3_25x.rep1.bam.bai
[W::hts_idx_load3] The index file is older than the data file: /bip7_disk/pingting114/mixed_bam/COLO829_PAO/TF1e-3_25x/TF1e-3_25x.rep1.bam.bai
[W::bam_next_basemod] MM tag refers to bases beyond sequence length
[W::hts_idx_load3] The index file is older than the data file: /bip7_disk/pingting114/mixed_bam/COLO829_PAO/TF1e-3_25x/TF1e-3_25x.rep1.bam.bai
[W::bam_next_basemod] MM tag refers to bases beyond sequence length
[W::hts_idx_load3] The index file is older than the data file: /bip7_disk/pingting114/mixed_bam/COLO829_PAO/TF1e-3_25x/TF1e-3_25x.rep1.bam.bai
[W::bam_next_basemod] MM tag refers to bases beyond sequence length
[E::bam_parse_basemod2] 837b17f7-baba-45e3-9afe-b88e80ed6930: MM tag refers to bases beyond sequence length
[E::bam_parse_basemod2] 26982a14-8e75-47a8-91b1-c578798625db: MM tag refers to bases beyond sequence length
[W::hts_idx_load3] The index file is older than the data file: /bip7_disk/pingting114/mixed_bam/COLO829_PAO/TF1e-3_25x/TF1e-3_25x.rep1.bam.bai
[E::bam_parse_basemod2] 01b75000-b1b5-4b3d-970a-3a1383ba34f7: MM tag refers to bases beyond sequence length
[W::hts_idx_load3] The index file is older than the data file: /bip7_disk/pingting114/mixed_bam/COLO829_PAO/TF1e-3_25x/TF1e-3_25x.rep1.bam.bai
[W::hts_idx_load3] The index file is older than the data file: /bip7_disk/pingting114/mixed_bam/COLO829_PAO/TF1e-3_25x/TF1e-3_25x.rep1.bam.bai
[W::hts_idx_load3] The index file is older than the data file: /bip7_disk/pingting114/mixed_bam/COLO829_PAO/TF1e-3_25x/TF1e-3_25x.rep1.bam.bai
[W::hts_idx_load3] The index file is older than the data file: /bip7_disk/pingting114/mixed_bam/COLO829_PAO/TF1e-3_25x/TF1e-3_25x.rep1.bam.bai
[E::bam_parse_basemod2] bfc1fbf2-365d-4635-a461-e6260cd6a9f4: MM tag refers to bases beyond sequence length
[W::hts_idx_load3] The index file is older than the data file: /bip7_disk/pingting114/mixed_bam/COLO829_PAO/TF1e-3_25x/TF1e-3_25x.rep1.bam.bai
[W::bam_next_basemod] MM tag refers to bases beyond sequence length
[W::hts_idx_load3] The index file is older than the data file: /bip7_disk/pingting114/mixed_bam/COLO829_PAO/TF1e-3_25x/TF1e-3_25x.rep1.bam.bai
[W::hts_idx_load3] The index file is older than the data file: /bip7_disk/pingting114/mixed_bam/COLO829_PAO/TF1e-3_25x/TF1e-3_25x.rep1.bam.bai
[W::hts_idx_load3] The index file is older than the data file: /bip7_disk/pingting114/mixed_bam/COLO829_PAO/TF1e-3_25x/TF1e-3_25x.rep1.bam.bai
[W::hts_idx_load3] The index file is older than the data file: /bip7_disk/pingting114/mixed_bam/COLO829_PAO/TF1e-3_25x/TF1e-3_25x.rep1.bam.bai
[W::bam_next_basemod] MM tag refers to bases beyond sequence length
[E::bam_parse_basemod2] 57850534-097e-4b8b-a60f-f2ff1754d31e: MM tag refers to bases beyond sequence length
[W::hts_idx_load3] The index file is older than the data file: /bip7_disk/pingting114/mixed_bam/COLO829_PAO/TF1e-3_25x/TF1e-3_25x.rep1.bam.bai
[W::hts_idx_load3] The index file is older than the data file: /bip7_disk/pingting114/mixed_bam/COLO829_PAO/TF1e-3_25x/TF1e-3_25x.rep1.bam.bai
[W::hts_idx_load3] The index file is older than the data file: /bip7_disk/pingting114/mixed_bam/COLO829_PAO/TF1e-3_25x/TF1e-3_25x.rep1.bam.bai
[E::bam_parse_basemod2] 269daaf7-3b8c-4c67-bebb-46221a914def: MM tag refers to bases beyond sequence length
[E::bam_parse_basemod2] 2e0b7353-0d5b-498f-8614-26c5247eb450: MM tag refers to bases beyond sequence length
[W::hts_idx_load3] The index file is older than the data file: /bip7_disk/pingting114/mixed_bam/COLO829_PAO/TF1e-3_25x/TF1e-3_25x.rep1.bam.bai
[E::bam_parse_basemod2] d965e5ec-9332-4ff0-bd2c-fb7fca39d963: MM tag refers to bases beyond sequence length
[W::hts_idx_load3] The index file is older than the data file: /bip7_disk/pingting114/mixed_bam/COLO829_PAO/TF1e-3_25x/TF1e-3_25x.rep1.bam.bai
[W::hts_idx_load3] The index file is older than the data file: /bip7_disk/pingting114/mixed_bam/COLO829_PAO/TF1e-3_25x/TF1e-3_25x.rep1.bam.bai
[E::bam_parse_basemod2] 545c7f3b-a607-475b-b453-494806d17ae6: MM tag refers to bases beyond sequence length
[W::hts_idx_load3] The index file is older than the data file: /bip7_disk/pingting114/mixed_bam/COLO829_PAO/TF1e-3_25x/TF1e-3_25x.rep1.bam.bai
[W::hts_idx_load3] The index file is older than the data file: /bip7_disk/pingting114/mixed_bam/COLO829_PAO/TF1e-3_25x/TF1e-3_25x.rep1.bam.bai
[W::hts_idx_load3] The index file is older than the data file: /bip7_disk/pingting114/mixed_bam/COLO829_PAO/TF1e-3_25x/TF1e-3_25x.rep1.bam.bai
[W::hts_idx_load3] The index file is older than the data file: /bip7_disk/pingting114/mixed_bam/COLO829_PAO/TF1e-3_25x/TF1e-3_25x.rep1.bam.bai
[W::hts_idx_load3] The index file is older than the data file: /bip7_disk/pingting114/mixed_bam/COLO829_PAO/TF1e-3_25x/TF1e-3_25x.rep1.bam.bai
[W::hts_idx_load3] The index file is older than the data file: /bip7_disk/pingting114/mixed_bam/COLO829_PAO/TF1e-3_25x/TF1e-3_25x.rep1.bam.bai
[W::bam_next_basemod] MM tag refers to bases beyond sequence length
[W::hts_idx_load3] The index file is older than the data file: /bip7_disk/pingting114/mixed_bam/COLO829_PAO/TF1e-3_25x/TF1e-3_25x.rep1.bam.bai
[W::hts_idx_load3] The index file is older than the data file: /bip7_disk/pingting114/mixed_bam/COLO829_PAO/TF1e-3_25x/TF1e-3_25x.rep1.bam.bai
[W::hts_idx_load3] The index file is older than the data file: /bip7_disk/pingting114/mixed_bam/COLO829_PAO/TF1e-3_25x/TF1e-3_25x.rep1.bam.bai
[W::hts_idx_load3] The index file is older than the data file: /bip7_disk/pingting114/mixed_bam/COLO829_PAO/TF1e-3_25x/TF1e-3_25x.rep1.bam.bai
[W::hts_idx_load3] The index file is older than the data file: /bip7_disk/pingting114/mixed_bam/COLO829_PAO/TF1e-3_25x/TF1e-3_25x.rep1.bam.bai
[W::hts_idx_load3] The index file is older than the data file: /bip7_disk/pingting114/mixed_bam/COLO829_PAO/TF1e-3_25x/TF1e-3_25x.rep1.bam.bai
[W::hts_idx_load3] The index file is older than the data file: /bip7_disk/pingting114/mixed_bam/COLO829_PAO/TF1e-3_25x/TF1e-3_25x.rep1.bam.bai
[W::hts_idx_load3] The index file is older than the data file: /bip7_disk/pingting114/mixed_bam/COLO829_PAO/TF1e-3_25x/TF1e-3_25x.rep1.bam.bai
[W::hts_idx_load3] The index file is older than the data file: /bip7_disk/pingting114/mixed_bam/COLO829_PAO/TF1e-3_25x/TF1e-3_25x.rep1.bam.bai
[W::hts_idx_load3] The index file is older than the data file: /bip7_disk/pingting114/mixed_bam/COLO829_PAO/TF1e-3_25x/TF1e-3_25x.rep1.bam.bai
[W::hts_idx_load3] The index file is older than the data file: /bip7_disk/pingting114/mixed_bam/COLO829_PAO/TF1e-3_25x/TF1e-3_25x.rep1.bam.bai
[W::hts_idx_load3] The index file is older than the data file: /bip7_disk/pingting114/mixed_bam/COLO829_PAO/TF1e-3_25x/TF1e-3_25x.rep1.bam.bai
[W::hts_idx_load3] The index file is older than the data file: /bip7_disk/pingting114/mixed_bam/COLO829_PAO/TF1e-3_25x/TF1e-3_25x.rep1.bam.bai
[W::bam_next_basemod] MM tag refers to bases beyond sequence length
[W::hts_idx_load3] The index file is older than the data file: /bip7_disk/pingting114/mixed_bam/COLO829_PAO/TF1e-3_25x/TF1e-3_25x.rep1.bam.bai
[W::hts_idx_load3] The index file is older than the data file: /bip7_disk/pingting114/mixed_bam/COLO829_PAO/TF1e-3_25x/TF1e-3_25x.rep1.bam.bai
[W::hts_idx_load3] The index file is older than the data file: /bip7_disk/pingting114/mixed_bam/COLO829_PAO/TF1e-3_25x/TF1e-3_25x.rep1.bam.bai
[W::hts_idx_load3] The index file is older than the data file: /bip7_disk/pingting114/mixed_bam/COLO829_PAO/TF1e-3_25x/TF1e-3_25x.rep1.bam.bai
[W::hts_idx_load3] The index file is older than the data file: /bip7_disk/pingting114/mixed_bam/COLO829_PAO/TF1e-3_25x/TF1e-3_25x.rep1.bam.bai
[W::hts_idx_load3] The index file is older than the data file: /bip7_disk/pingting114/mixed_bam/COLO829_PAO/TF1e-3_25x/TF1e-3_25x.rep1.bam.bai
[W::hts_idx_load3] The index file is older than the data file: /bip7_disk/pingting114/mixed_bam/COLO829_PAO/TF1e-3_25x/TF1e-3_25x.rep1.bam.bai
[W::hts_idx_load3] The index file is older than the data file: /bip7_disk/pingting114/mixed_bam/COLO829_PAO/TF1e-3_25x/TF1e-3_25x.rep1.bam.bai
[E::bam_parse_basemod2] cb15d8cf-330a-4902-987a-2033302b1519: MM tag refers to bases beyond sequence length
[W::hts_idx_load3] The index file is older than the data file: /bip7_disk/pingting114/mixed_bam/COLO829_PAO/TF1e-3_25x/TF1e-3_25x.rep1.bam.bai
[W::hts_idx_load3] The index file is older than the data file: /bip7_disk/pingting114/mixed_bam/COLO829_PAO/TF1e-3_25x/TF1e-3_25x.rep1.bam.bai
[W::hts_idx_load3] The index file is older than the data file: /bip7_disk/pingting114/mixed_bam/COLO829_PAO/TF1e-3_25x/TF1e-3_25x.rep1.bam.bai
[W::hts_idx_load3] The index file is older than the data file: /bip7_disk/pingting114/mixed_bam/COLO829_PAO/TF1e-3_25x/TF1e-3_25x.rep1.bam.bai
[W::hts_idx_load3] The index file is older than the data file: /bip7_disk/pingting114/mixed_bam/COLO829_PAO/TF1e-3_25x/TF1e-3_25x.rep1.bam.bai
[W::hts_idx_load3] The index file is older than the data file: /bip7_disk/pingting114/mixed_bam/COLO829_PAO/TF1e-3_25x/TF1e-3_25x.rep1.bam.bai
[W::hts_idx_load3] The index file is older than the data file: /bip7_disk/pingting114/mixed_bam/COLO829_PAO/TF1e-3_25x/TF1e-3_25x.rep1.bam.bai
[E::bam_parse_basemod2] 186a4407-1cc9-43b8-8b26-00885524389c: MM tag refers to bases beyond sequence length
[W::hts_idx_load3] The index file is older than the data file: /bip7_disk/pingting114/mixed_bam/COLO829_PAO/TF1e-3_25x/TF1e-3_25x.rep1.bam.bai
[W::hts_idx_load3] The index file is older than the data file: /bip7_disk/pingting114/mixed_bam/COLO829_PAO/TF1e-3_25x/TF1e-3_25x.rep1.bam.bai
[E::bam_parse_basemod2] fe80db3b-5521-4c84-b897-6ff97dbfe135: MM tag refers to bases beyond sequence length
[W::bam_next_basemod] MM tag refers to bases beyond sequence length
[W::hts_idx_load3] The index file is older than the data file: /bip7_disk/pingting114/mixed_bam/COLO829_PAO/TF1e-3_25x/TF1e-3_25x.rep1.bam.bai
[W::hts_idx_load3] The index file is older than the data file: /bip7_disk/pingting114/mixed_bam/COLO829_PAO/TF1e-3_25x/TF1e-3_25x.rep1.bam.bai
[E::bam_parse_basemod2] 213d4ce7-9b14-4bf1-a546-6f2bdd627e5f: MM tag refers to bases beyond sequence length
[W::hts_idx_load3] The index file is older than the data file: /bip7_disk/pingting114/mixed_bam/COLO829_PAO/TF1e-3_25x/TF1e-3_25x.rep1.bam.bai
[W::bam_next_basemod] MM tag refers to bases beyond sequence length
[W::bam_next_basemod] MM tag refers to bases beyond sequence length
[W::hts_idx_load3] The index file is older than the data file: /bip7_disk/pingting114/mixed_bam/COLO829_PAO/TF1e-3_25x/TF1e-3_25x.rep1.bam.bai
[W::hts_idx_load3] The index file is older than the data file: /bip7_disk/pingting114/mixed_bam/COLO829_PAO/TF1e-3_25x/TF1e-3_25x.rep1.bam.bai
[W::hts_idx_load3] The index file is older than the data file: /bip7_disk/pingting114/mixed_bam/COLO829_PAO/TF1e-3_25x/TF1e-3_25x.rep1.bam.bai
[W::hts_idx_load3] The index file is older than the data file: /bip7_disk/pingting114/mixed_bam/COLO829_PAO/TF1e-3_25x/TF1e-3_25x.rep1.bam.bai
[W::hts_idx_load3] The index file is older than the data file: /bip7_disk/pingting114/mixed_bam/COLO829_PAO/TF1e-3_25x/TF1e-3_25x.rep1.bam.bai
[W::hts_idx_load3] The index file is older than the data file: /bip7_disk/pingting114/mixed_bam/COLO829_PAO/TF1e-3_25x/TF1e-3_25x.rep1.bam.bai
[W::bam_next_basemod] MM tag refers to bases beyond sequence length
[W::hts_idx_load3] The index file is older than the data file: /bip7_disk/pingting114/mixed_bam/COLO829_PAO/TF1e-3_25x/TF1e-3_25x.rep1.bam.bai
[E::bam_parse_basemod2] 3af2e249-1def-4db6-87ac-b0422ffaff6e: MM tag refers to bases beyond sequence length
[E::bam_parse_basemod2] d844b37a-67fa-4cb8-bbcd-7cbfb17ac62c: MM tag refers to bases beyond sequence length
[W::hts_idx_load3] The index file is older than the data file: /bip7_disk/pingting114/mixed_bam/COLO829_PAO/TF1e-3_25x/TF1e-3_25x.rep1.bam.bai
[W::hts_idx_load3] The index file is older than the data file: /bip7_disk/pingting114/mixed_bam/COLO829_PAO/TF1e-3_25x/TF1e-3_25x.rep1.bam.bai
[W::hts_idx_load3] The index file is older than the data file: /bip7_disk/pingting114/mixed_bam/COLO829_PAO/TF1e-3_25x/TF1e-3_25x.rep1.bam.bai
[W::hts_idx_load3] The index file is older than the data file: /bip7_disk/pingting114/mixed_bam/COLO829_PAO/TF1e-3_25x/TF1e-3_25x.rep1.bam.bai
[E::bam_parse_basemod2] 5c62f679-5495-47a7-a969-36541e84e9df: MM tag refers to bases beyond sequence length
[W::bam_next_basemod] MM tag refers to bases beyond sequence length
[E::bam_parse_basemod2] 85f9e1ba-cfb8-47f4-86f2-f2ac7286d447: MM tag refers to bases beyond sequence length
[W::hts_idx_load3] The index file is older than the data file: /bip7_disk/pingting114/mixed_bam/COLO829_PAO/TF1e-3_25x/TF1e-3_25x.rep1.bam.bai
[W::bam_next_basemod] MM tag refers to bases beyond sequence length
[E::bam_parse_basemod2] 6b44408d-54d3-4ec9-bcf7-6a839e612205: MM tag refers to bases beyond sequence length
[W::hts_idx_load3] The index file is older than the data file: /bip7_disk/pingting114/mixed_bam/COLO829_PAO/TF1e-3_25x/TF1e-3_25x.rep1.bam.bai
[W::bam_next_basemod] MM tag refers to bases beyond sequence length
[W::hts_idx_load3] The index file is older than the data file: /bip7_disk/pingting114/mixed_bam/COLO829_PAO/TF1e-3_25x/TF1e-3_25x.rep1.bam.bai
[W::bam_next_basemod] MM tag refers to bases beyond sequence length
[W::hts_idx_load3] The index file is older than the data file: /bip7_disk/pingting114/mixed_bam/COLO829_PAO/TF1e-3_25x/TF1e-3_25x.rep1.bam.bai
[W::hts_idx_load3] The index file is older than the data file: /bip7_disk/pingting114/mixed_bam/COLO829_PAO/TF1e-3_25x/TF1e-3_25x.rep1.bam.bai
[W::hts_idx_load3] The index file is older than the data file: /bip7_disk/pingting114/mixed_bam/COLO829_PAO/TF1e-3_25x/TF1e-3_25x.rep1.bam.bai
[W::bam_next_basemod] MM tag refers to bases beyond sequence length
[E::bam_parse_basemod2] b975f8fa-86fc-46f6-b37a-cc7038fc02c1: MM tag refers to bases beyond sequence length
[W::hts_idx_load3] The index file is older than the data file: /bip7_disk/pingting114/mixed_bam/COLO829_PAO/TF1e-3_25x/TF1e-3_25x.rep1.bam.bai
[W::bam_next_basemod] MM tag refers to bases beyond sequence length
[W::hts_idx_load3] The index file is older than the data file: /bip7_disk/pingting114/mixed_bam/COLO829_PAO/TF1e-3_25x/TF1e-3_25x.rep1.bam.bai
[W::hts_idx_load3] The index file is older than the data file: /bip7_disk/pingting114/mixed_bam/COLO829_PAO/TF1e-3_25x/TF1e-3_25x.rep1.bam.bai
[W::hts_idx_load3] The index file is older than the data file: /bip7_disk/pingting114/mixed_bam/COLO829_PAO/TF1e-3_25x/TF1e-3_25x.rep1.bam.bai
[W::bam_next_basemod] MM tag refers to bases beyond sequence length
[E::bam_parse_basemod2] c3360532-ca56-4e72-b425-d20de6a07244: MM tag refers to bases beyond sequence length
[W::hts_idx_load3] The index file is older than the data file: /bip7_disk/pingting114/mixed_bam/COLO829_PAO/TF1e-3_25x/TF1e-3_25x.rep1.bam.bai
[W::hts_idx_load3] The index file is older than the data file: /bip7_disk/pingting114/mixed_bam/COLO829_PAO/TF1e-3_25x/TF1e-3_25x.rep1.bam.bai
[W::hts_idx_load3] The index file is older than the data file: /bip7_disk/pingting114/mixed_bam/COLO829_PAO/TF1e-3_25x/TF1e-3_25x.rep1.bam.bai
[W::hts_idx_load3] The index file is older than the data file: /bip7_disk/pingting114/mixed_bam/COLO829_PAO/TF1e-3_25x/TF1e-3_25x.rep1.bam.bai
[W::hts_idx_load3] The index file is older than the data file: /bip7_disk/pingting114/mixed_bam/COLO829_PAO/TF1e-3_25x/TF1e-3_25x.rep1.bam.bai
[W::hts_idx_load3] The index file is older than the data file: /bip7_disk/pingting114/mixed_bam/COLO829_PAO/TF1e-3_25x/TF1e-3_25x.rep1.bam.bai
[W::hts_idx_load3] The index file is older than the data file: /bip7_disk/pingting114/mixed_bam/COLO829_PAO/TF1e-3_25x/TF1e-3_25x.rep1.bam.bai
[W::hts_idx_load3] The index file is older than the data file: /bip7_disk/pingting114/mixed_bam/COLO829_PAO/TF1e-3_25x/TF1e-3_25x.rep1.bam.bai
[W::hts_idx_load3] The index file is older than the data file: /bip7_disk/pingting114/mixed_bam/COLO829_PAO/TF1e-3_25x/TF1e-3_25x.rep1.bam.bai
[W::hts_idx_load3] The index file is older than the data file: /bip7_disk/pingting114/mixed_bam/COLO829_PAO/TF1e-3_25x/TF1e-3_25x.rep1.bam.bai
[E::bam_parse_basemod2] 33fe8a14-65aa-4071-8f0a-9fb7e6b3e7ec: MM tag refers to bases beyond sequence length
[E::bam_parse_basemod2] bb66b114-38d8-4e8a-8e31-ae23c983fc07: MM tag refers to bases beyond sequence length
[W::hts_idx_load3] The index file is older than the data file: /bip7_disk/pingting114/mixed_bam/COLO829_PAO/TF1e-3_25x/TF1e-3_25x.rep1.bam.bai
[W::hts_idx_load3] The index file is older than the data file: /bip7_disk/pingting114/mixed_bam/COLO829_PAO/TF1e-3_25x/TF1e-3_25x.rep1.bam.bai
[E::bam_parse_basemod2] e72cc74f-654e-4d92-ba7d-7cc1ea724707: MM tag refers to bases beyond sequence length
[W::hts_idx_load3] The index file is older than the data file: /bip7_disk/pingting114/mixed_bam/COLO829_PAO/TF1e-3_25x/TF1e-3_25x.rep1.bam.bai
[E::bam_parse_basemod2] fea11396-79a6-4b5a-8104-5a50a32f0e48: MM tag refers to bases beyond sequence length
[W::hts_idx_load3] The index file is older than the data file: /bip7_disk/pingting114/mixed_bam/COLO829_PAO/TF1e-3_25x/TF1e-3_25x.rep1.bam.bai
[W::hts_idx_load3] The index file is older than the data file: /bip7_disk/pingting114/mixed_bam/COLO829_PAO/TF1e-3_25x/TF1e-3_25x.rep1.bam.bai
[W::bam_next_basemod] MM tag refers to bases beyond sequence length
[W::hts_idx_load3] The index file is older than the data file: /bip7_disk/pingting114/mixed_bam/COLO829_PAO/TF1e-3_25x/TF1e-3_25x.rep1.bam.bai
[W::bam_next_basemod] MM tag refers to bases beyond sequence length
[W::bam_next_basemod] MM tag refers to bases beyond sequence length
[W::hts_idx_load3] The index file is older than the data file: /bip7_disk/pingting114/mixed_bam/COLO829_PAO/TF1e-3_25x/TF1e-3_25x.rep1.bam.bai
[W::bam_next_basemod] MM tag refers to bases beyond sequence length
[W::hts_idx_load3] The index file is older than the data file: /bip7_disk/pingting114/mixed_bam/COLO829_PAO/TF1e-3_25x/TF1e-3_25x.rep1.bam.bai
[W::hts_idx_load3] The index file is older than the data file: /bip7_disk/pingting114/mixed_bam/COLO829_PAO/TF1e-3_25x/TF1e-3_25x.rep1.bam.bai
[W::bam_next_basemod] MM tag refers to bases beyond sequence length
[W::hts_idx_load3] The index file is older than the data file: /bip7_disk/pingting114/mixed_bam/COLO829_PAO/TF1e-3_25x/TF1e-3_25x.rep1.bam.bai
[W::hts_idx_load3] The index file is older than the data file: /bip7_disk/pingting114/mixed_bam/COLO829_PAO/TF1e-3_25x/TF1e-3_25x.rep1.bam.bai
[E::bam_parse_basemod2] c7f0dd8c-43b3-4a8c-a23d-32cb2cfb1e43: MM tag refers to bases beyond sequence length
[W::bam_next_basemod] MM tag refers to bases beyond sequence length
[W::hts_idx_load3] The index file is older than the data file: /bip7_disk/pingting114/mixed_bam/COLO829_PAO/TF1e-3_25x/TF1e-3_25x.rep1.bam.bai
[W::hts_idx_load3] The index file is older than the data file: /bip7_disk/pingting114/mixed_bam/COLO829_PAO/TF1e-3_25x/TF1e-3_25x.rep1.bam.bai
[W::hts_idx_load3] The index file is older than the data file: /bip7_disk/pingting114/mixed_bam/COLO829_PAO/TF1e-3_25x/TF1e-3_25x.rep1.bam.bai
[W::hts_idx_load3] The index file is older than the data file: /bip7_disk/pingting114/mixed_bam/COLO829_PAO/TF1e-3_25x/TF1e-3_25x.rep1.bam.bai
[W::hts_idx_load3] The index file is older than the data file: /bip7_disk/pingting114/mixed_bam/COLO829_PAO/TF1e-3_25x/TF1e-3_25x.rep1.bam.bai
[W::bam_next_basemod] MM tag refers to bases beyond sequence length
[E::bam_parse_basemod2] 1f8034ff-dde0-4e4c-874c-5747988f2596: MM tag refers to bases beyond sequence length
[W::hts_idx_load3] The index file is older than the data file: /bip7_disk/pingting114/mixed_bam/COLO829_PAO/TF1e-3_25x/TF1e-3_25x.rep1.bam.bai
[W::bam_next_basemod] MM tag refers to bases beyond sequence length
[W::hts_idx_load3] The index file is older than the data file: /bip7_disk/pingting114/mixed_bam/COLO829_PAO/TF1e-3_25x/TF1e-3_25x.rep1.bam.bai
[W::hts_idx_load3] The index file is older than the data file: /bip7_disk/pingting114/mixed_bam/COLO829_PAO/TF1e-3_25x/TF1e-3_25x.rep1.bam.bai
[W::bam_next_basemod] MM tag refers to bases beyond sequence length
[W::hts_idx_load3] The index file is older than the data file: /bip7_disk/pingting114/mixed_bam/COLO829_PAO/TF1e-3_25x/TF1e-3_25x.rep1.bam.bai
[W::hts_idx_load3] The index file is older than the data file: /bip7_disk/pingting114/mixed_bam/COLO829_PAO/TF1e-3_25x/TF1e-3_25x.rep1.bam.bai
[W::hts_idx_load3] The index file is older than the data file: /bip7_disk/pingting114/mixed_bam/COLO829_PAO/TF1e-3_25x/TF1e-3_25x.rep1.bam.bai
[W::hts_idx_load3] The index file is older than the data file: /bip7_disk/pingting114/mixed_bam/COLO829_PAO/TF1e-3_25x/TF1e-3_25x.rep1.bam.bai
[W::hts_idx_load3] The index file is older than the data file: /bip7_disk/pingting114/mixed_bam/COLO829_PAO/TF1e-3_25x/TF1e-3_25x.rep1.bam.bai
[W::hts_idx_load3] The index file is older than the data file: /bip7_disk/pingting114/mixed_bam/COLO829_PAO/TF1e-3_25x/TF1e-3_25x.rep1.bam.bai
[W::hts_idx_load3] The index file is older than the data file: /bip7_disk/pingting114/mixed_bam/COLO829_PAO/TF1e-3_25x/TF1e-3_25x.rep1.bam.bai
[W::hts_idx_load3] The index file is older than the data file: /bip7_disk/pingting114/mixed_bam/COLO829_PAO/TF1e-3_25x/TF1e-3_25x.rep1.bam.bai
[W::bam_next_basemod] MM tag refers to bases beyond sequence length
[W::hts_idx_load3] The index file is older than the data file: /bip7_disk/pingting114/mixed_bam/COLO829_PAO/TF1e-3_25x/TF1e-3_25x.rep1.bam.bai
[W::hts_idx_load3] The index file is older than the data file: /bip7_disk/pingting114/mixed_bam/COLO829_PAO/TF1e-3_25x/TF1e-3_25x.rep1.bam.bai
[W::hts_idx_load3] The index file is older than the data file: /bip7_disk/pingting114/mixed_bam/COLO829_PAO/TF1e-3_25x/TF1e-3_25x.rep1.bam.bai
[W::hts_idx_load3] The index file is older than the data file: /bip7_disk/pingting114/mixed_bam/COLO829_PAO/TF1e-3_25x/TF1e-3_25x.rep1.bam.bai
[W::bam_next_basemod] MM tag refers to bases beyond sequence length
[W::hts_idx_load3] The index file is older than the data file: /bip7_disk/pingting114/mixed_bam/COLO829_PAO/TF1e-3_25x/TF1e-3_25x.rep1.bam.bai
[W::hts_idx_load3] The index file is older than the data file: /bip7_disk/pingting114/mixed_bam/COLO829_PAO/TF1e-3_25x/TF1e-3_25x.rep1.bam.bai
[W::hts_idx_load3] The index file is older than the data file: /bip7_disk/pingting114/mixed_bam/COLO829_PAO/TF1e-3_25x/TF1e-3_25x.rep1.bam.bai
[W::bam_next_basemod] MM tag refers to bases beyond sequence length
[E::bam_parse_basemod2] 4735aa1a-eea4-4485-a4b1-6ed06ddab75b: MM tag refers to bases beyond sequence length
[W::hts_idx_load3] The index file is older than the data file: /bip7_disk/pingting114/mixed_bam/COLO829_PAO/TF1e-3_25x/TF1e-3_25x.rep1.bam.bai
[W::bam_next_basemod] MM tag refers to bases beyond sequence length
[W::hts_idx_load3] The index file is older than the data file: /bip7_disk/pingting114/mixed_bam/COLO829_PAO/TF1e-3_25x/TF1e-3_25x.rep1.bam.bai
[W::bam_next_basemod] MM tag refers to bases beyond sequence length
[W::hts_idx_load3] The index file is older than the data file: /bip7_disk/pingting114/mixed_bam/COLO829_PAO/TF1e-3_25x/TF1e-3_25x.rep1.bam.bai
[W::bam_next_basemod] MM tag refers to bases beyond sequence length
[W::hts_idx_load3] The index file is older than the data file: /bip7_disk/pingting114/mixed_bam/COLO829_PAO/TF1e-3_25x/TF1e-3_25x.rep1.bam.bai
[W::hts_idx_load3] The index file is older than the data file: /bip7_disk/pingting114/mixed_bam/COLO829_PAO/TF1e-3_25x/TF1e-3_25x.rep1.bam.bai
[E::bam_parse_basemod2] b8016827-9ed9-432e-ac17-25d6274885e9: MM tag refers to bases beyond sequence length
[W::hts_idx_load3] The index file is older than the data file: /bip7_disk/pingting114/mixed_bam/COLO829_PAO/TF1e-3_25x/TF1e-3_25x.rep1.bam.bai
[W::bam_next_basemod] MM tag refers to bases beyond sequence length
[W::bam_next_basemod] MM tag refers to bases beyond sequence length
[E::bam_parse_basemod2] f81be32a-8896-4faf-bf4f-745f7c4aa283: MM tag refers to bases beyond sequence length
[W::hts_idx_load3] The index file is older than the data file: /bip7_disk/pingting114/mixed_bam/COLO829_PAO/TF1e-3_25x/TF1e-3_25x.rep1.bam.bai
[W::bam_next_basemod] MM tag refers to bases beyond sequence length
[W::hts_idx_load3] The index file is older than the data file: /bip7_disk/pingting114/mixed_bam/COLO829_PAO/TF1e-3_25x/TF1e-3_25x.rep1.bam.bai
[W::hts_idx_load3] The index file is older than the data file: /bip7_disk/pingting114/mixed_bam/COLO829_PAO/TF1e-3_25x/TF1e-3_25x.rep1.bam.bai
[W::hts_idx_load3] The index file is older than the data file: /bip7_disk/pingting114/mixed_bam/COLO829_PAO/TF1e-3_25x/TF1e-3_25x.rep1.bam.bai
[W::bam_next_basemod] MM tag refers to bases beyond sequence length
[W::hts_idx_load3] The index file is older than the data file: /bip7_disk/pingting114/mixed_bam/COLO829_PAO/TF1e-3_25x/TF1e-3_25x.rep1.bam.bai
[W::hts_idx_load3] The index file is older than the data file: /bip7_disk/pingting114/mixed_bam/COLO829_PAO/TF1e-3_25x/TF1e-3_25x.rep1.bam.bai
[W::hts_idx_load3] The index file is older than the data file: /bip7_disk/pingting114/mixed_bam/COLO829_PAO/TF1e-3_25x/TF1e-3_25x.rep1.bam.bai
[E::bam_parse_basemod2] 19b3f77f-01f7-47c2-9358-824e2dc7ddc8: MM tag refers to bases beyond sequence length
[W::hts_idx_load3] The index file is older than the data file: /bip7_disk/pingting114/mixed_bam/COLO829_PAO/TF1e-3_25x/TF1e-3_25x.rep1.bam.bai
[W::hts_idx_load3] The index file is older than the data file: /bip7_disk/pingting114/mixed_bam/COLO829_PAO/TF1e-3_25x/TF1e-3_25x.rep1.bam.bai
[E::bam_parse_basemod2] e1080b46-de45-4e15-a124-93000d57d685: MM tag refers to bases beyond sequence length
[W::hts_idx_load3] The index file is older than the data file: /bip7_disk/pingting114/mixed_bam/COLO829_PAO/TF1e-3_25x/TF1e-3_25x.rep1.bam.bai
[E::bam_parse_basemod2] a869660b-3fdf-4036-a2c3-aa9068240d77: MM tag refers to bases beyond sequence length
[W::hts_idx_load3] The index file is older than the data file: /bip7_disk/pingting114/mixed_bam/COLO829_PAO/TF1e-3_25x/TF1e-3_25x.rep1.bam.bai
[W::hts_idx_load3] The index file is older than the data file: /bip7_disk/pingting114/mixed_bam/COLO829_PAO/TF1e-3_25x/TF1e-3_25x.rep1.bam.bai
[W::bam_next_basemod] MM tag refers to bases beyond sequence length
[W::hts_idx_load3] The index file is older than the data file: /bip7_disk/pingting114/mixed_bam/COLO829_PAO/TF1e-3_25x/TF1e-3_25x.rep1.bam.bai
[W::hts_idx_load3] The index file is older than the data file: /bip7_disk/pingting114/mixed_bam/COLO829_PAO/TF1e-3_25x/TF1e-3_25x.rep1.bam.bai
[W::hts_idx_load3] The index file is older than the data file: /bip7_disk/pingting114/mixed_bam/COLO829_PAO/TF1e-3_25x/TF1e-3_25x.rep1.bam.bai
[W::hts_idx_load3] The index file is older than the data file: /bip7_disk/pingting114/mixed_bam/COLO829_PAO/TF1e-3_25x/TF1e-3_25x.rep1.bam.bai
[W::hts_idx_load3] The index file is older than the data file: /bip7_disk/pingting114/mixed_bam/COLO829_PAO/TF1e-3_25x/TF1e-3_25x.rep1.bam.bai
[W::hts_idx_load3] The index file is older than the data file: /bip7_disk/pingting114/mixed_bam/COLO829_PAO/TF1e-3_25x/TF1e-3_25x.rep1.bam.bai
[W::hts_idx_load3] The index file is older than the data file: /bip7_disk/pingting114/mixed_bam/COLO829_PAO/TF1e-3_25x/TF1e-3_25x.rep1.bam.bai
[W::bam_next_basemod] MM tag refers to bases beyond sequence length
[W::hts_idx_load3] The index file is older than the data file: /bip7_disk/pingting114/mixed_bam/COLO829_PAO/TF1e-3_25x/TF1e-3_25x.rep1.bam.bai
[W::hts_idx_load3] The index file is older than the data file: /bip7_disk/pingting114/mixed_bam/COLO829_PAO/TF1e-3_25x/TF1e-3_25x.rep1.bam.bai
[W::hts_idx_load3] The index file is older than the data file: /bip7_disk/pingting114/mixed_bam/COLO829_PAO/TF1e-3_25x/TF1e-3_25x.rep1.bam.bai
[W::hts_idx_load3] The index file is older than the data file: /bip7_disk/pingting114/mixed_bam/COLO829_PAO/TF1e-3_25x/TF1e-3_25x.rep1.bam.bai
[E::bam_parse_basemod2] b0a857a5-6677-4a50-b7f8-d5b6f0c1dafe: MM tag refers to bases beyond sequence length
[W::hts_idx_load3] The index file is older than the data file: /bip7_disk/pingting114/mixed_bam/COLO829_PAO/TF1e-3_25x/TF1e-3_25x.rep1.bam.bai
[W::hts_idx_load3] The index file is older than the data file: /bip7_disk/pingting114/mixed_bam/COLO829_PAO/TF1e-3_25x/TF1e-3_25x.rep1.bam.bai
[W::hts_idx_load3] The index file is older than the data file: /bip7_disk/pingting114/mixed_bam/COLO829_PAO/TF1e-3_25x/TF1e-3_25x.rep1.bam.bai
[W::bam_next_basemod] MM tag refers to bases beyond sequence length
[W::hts_idx_load3] The index file is older than the data file: /bip7_disk/pingting114/mixed_bam/COLO829_PAO/TF1e-3_25x/TF1e-3_25x.rep1.bam.bai
[E::bam_parse_basemod2] 14c0e0e1-779a-4e03-8e90-e11063adbdc5: MM tag refers to bases beyond sequence length
[W::hts_idx_load3] The index file is older than the data file: /bip7_disk/pingting114/mixed_bam/COLO829_PAO/TF1e-3_25x/TF1e-3_25x.rep1.bam.bai
[W::bam_next_basemod] MM tag refers to bases beyond sequence length
[W::hts_idx_load3] The index file is older than the data file: /bip7_disk/pingting114/mixed_bam/COLO829_PAO/TF1e-3_25x/TF1e-3_25x.rep1.bam.bai
[W::hts_idx_load3] The index file is older than the data file: /bip7_disk/pingting114/mixed_bam/COLO829_PAO/TF1e-3_25x/TF1e-3_25x.rep1.bam.bai
[W::hts_idx_load3] The index file is older than the data file: /bip7_disk/pingting114/mixed_bam/COLO829_PAO/TF1e-3_25x/TF1e-3_25x.rep1.bam.bai
[W::hts_idx_load3] The index file is older than the data file: /bip7_disk/pingting114/mixed_bam/COLO829_PAO/TF1e-3_25x/TF1e-3_25x.rep1.bam.bai
[W::hts_idx_load3] The index file is older than the data file: /bip7_disk/pingting114/mixed_bam/COLO829_PAO/TF1e-3_25x/TF1e-3_25x.rep1.bam.bai
[W::hts_idx_load3] The index file is older than the data file: /bip7_disk/pingting114/mixed_bam/COLO829_PAO/TF1e-3_25x/TF1e-3_25x.rep1.bam.bai
[W::hts_idx_load3] The index file is older than the data file: /bip7_disk/pingting114/mixed_bam/COLO829_PAO/TF1e-3_25x/TF1e-3_25x.rep1.bam.bai
[W::bam_next_basemod] MM tag refers to bases beyond sequence length
[W::hts_idx_load3] The index file is older than the data file: /bip7_disk/pingting114/mixed_bam/COLO829_PAO/TF1e-3_25x/TF1e-3_25x.rep1.bam.bai
[W::hts_idx_load3] The index file is older than the data file: /bip7_disk/pingting114/mixed_bam/COLO829_PAO/TF1e-3_25x/TF1e-3_25x.rep1.bam.bai
[W::hts_idx_load3] The index file is older than the data file: /bip7_disk/pingting114/mixed_bam/COLO829_PAO/TF1e-3_25x/TF1e-3_25x.rep1.bam.bai
[W::hts_idx_load3] The index file is older than the data file: /bip7_disk/pingting114/mixed_bam/COLO829_PAO/TF1e-3_25x/TF1e-3_25x.rep1.bam.bai
[W::hts_idx_load3] The index file is older than the data file: /bip7_disk/pingting114/mixed_bam/COLO829_PAO/TF1e-3_25x/TF1e-3_25x.rep1.bam.bai
[W::bam_next_basemod] MM tag refers to bases beyond sequence length
[E::bam_parse_basemod2] 101cc0e0-9d48-4d67-a932-19f6ab1fd67c: MM tag refers to bases beyond sequence length
[W::hts_idx_load3] The index file is older than the data file: /bip7_disk/pingting114/mixed_bam/COLO829_PAO/TF1e-3_25x/TF1e-3_25x.rep1.bam.bai
[W::hts_idx_load3] The index file is older than the data file: /bip7_disk/pingting114/mixed_bam/COLO829_PAO/TF1e-3_25x/TF1e-3_25x.rep1.bam.bai
[W::bam_next_basemod] MM tag refers to bases beyond sequence length
[W::hts_idx_load3] The index file is older than the data file: /bip7_disk/pingting114/mixed_bam/COLO829_PAO/TF1e-3_25x/TF1e-3_25x.rep1.bam.bai
[W::hts_idx_load3] The index file is older than the data file: /bip7_disk/pingting114/mixed_bam/COLO829_PAO/TF1e-3_25x/TF1e-3_25x.rep1.bam.bai
[W::hts_idx_load3] The index file is older than the data file: /bip7_disk/pingting114/mixed_bam/COLO829_PAO/TF1e-3_25x/TF1e-3_25x.rep1.bam.bai
[W::hts_idx_load3] The index file is older than the data file: /bip7_disk/pingting114/mixed_bam/COLO829_PAO/TF1e-3_25x/TF1e-3_25x.rep1.bam.bai
[W::hts_idx_load3] The index file is older than the data file: /bip7_disk/pingting114/mixed_bam/COLO829_PAO/TF1e-3_25x/TF1e-3_25x.rep1.bam.bai
[W::hts_idx_load3] The index file is older than the data file: /bip7_disk/pingting114/mixed_bam/COLO829_PAO/TF1e-3_25x/TF1e-3_25x.rep1.bam.bai
[W::hts_idx_load3] The index file is older than the data file: /bip7_disk/pingting114/mixed_bam/COLO829_PAO/TF1e-3_25x/TF1e-3_25x.rep1.bam.bai
[W::hts_idx_load3] The index file is older than the data file: /bip7_disk/pingting114/mixed_bam/COLO829_PAO/TF1e-3_25x/TF1e-3_25x.rep1.bam.bai
[E::bam_parse_basemod2] 5a494c2c-73b6-4c2e-9650-dab6f657ee54: MM tag refers to bases beyond sequence length
[W::hts_idx_load3] The index file is older than the data file: /bip7_disk/pingting114/mixed_bam/COLO829_PAO/TF1e-3_25x/TF1e-3_25x.rep1.bam.bai
[W::hts_idx_load3] The index file is older than the data file: /bip7_disk/pingting114/mixed_bam/COLO829_PAO/TF1e-3_25x/TF1e-3_25x.rep1.bam.bai
[W::hts_idx_load3] The index file is older than the data file: /bip7_disk/pingting114/mixed_bam/COLO829_PAO/TF1e-3_25x/TF1e-3_25x.rep1.bam.bai
[W::hts_idx_load3] The index file is older than the data file: /bip7_disk/pingting114/mixed_bam/COLO829_PAO/TF1e-3_25x/TF1e-3_25x.rep1.bam.bai
[W::hts_idx_load3] The index file is older than the data file: /bip7_disk/pingting114/mixed_bam/COLO829_PAO/TF1e-3_25x/TF1e-3_25x.rep1.bam.bai
[W::bam_next_basemod] MM tag refers to bases beyond sequence length
[E::bam_parse_basemod2] 0383dcb3-208f-4c85-8673-e349598d3660: MM tag refers to bases beyond sequence length
[W::hts_idx_load3] The index file is older than the data file: /bip7_disk/pingting114/mixed_bam/COLO829_PAO/TF1e-3_25x/TF1e-3_25x.rep1.bam.bai
[W::hts_idx_load3] The index file is older than the data file: /bip7_disk/pingting114/mixed_bam/COLO829_PAO/TF1e-3_25x/TF1e-3_25x.rep1.bam.bai
[W::bam_next_basemod] MM tag refers to bases beyond sequence length
[W::hts_idx_load3] The index file is older than the data file: /bip7_disk/pingting114/mixed_bam/COLO829_PAO/TF1e-3_25x/TF1e-3_25x.rep1.bam.bai
[W::bam_next_basemod] MM tag refers to bases beyond sequence length
[E::bam_parse_basemod2] 9c216773-4a39-47a5-a1b6-638afa4b1524: MM tag refers to bases beyond sequence length
[W::hts_idx_load3] The index file is older than the data file: /bip7_disk/pingting114/mixed_bam/COLO829_PAO/TF1e-3_25x/TF1e-3_25x.rep1.bam.bai
[W::hts_idx_load3] The index file is older than the data file: /bip7_disk/pingting114/mixed_bam/COLO829_PAO/TF1e-3_25x/TF1e-3_25x.rep1.bam.bai
[W::hts_idx_load3] The index file is older than the data file: /bip7_disk/pingting114/mixed_bam/COLO829_PAO/TF1e-3_25x/TF1e-3_25x.rep1.bam.bai
[W::hts_idx_load3] The index file is older than the data file: /bip7_disk/pingting114/mixed_bam/COLO829_PAO/TF1e-3_25x/TF1e-3_25x.rep1.bam.bai
[E::bam_parse_basemod2] 5da127d9-7116-4801-984d-c3ac3387f145: MM tag refers to bases beyond sequence length
[W::hts_idx_load3] The index file is older than the data file: /bip7_disk/pingting114/mixed_bam/COLO829_PAO/TF1e-3_25x/TF1e-3_25x.rep1.bam.bai
[W::hts_idx_load3] The index file is older than the data file: /bip7_disk/pingting114/mixed_bam/COLO829_PAO/TF1e-3_25x/TF1e-3_25x.rep1.bam.bai
[W::hts_idx_load3] The index file is older than the data file: /bip7_disk/pingting114/mixed_bam/COLO829_PAO/TF1e-3_25x/TF1e-3_25x.rep1.bam.bai
[W::bam_next_basemod] MM tag refers to bases beyond sequence length
[E::bam_parse_basemod2] e89742cd-614f-4ddc-9462-38e8352f2d47: MM tag refers to bases beyond sequence length
[W::hts_idx_load3] The index file is older than the data file: /bip7_disk/pingting114/mixed_bam/COLO829_PAO/TF1e-3_25x/TF1e-3_25x.rep1.bam.bai
[W::bam_next_basemod] MM tag refers to bases beyond sequence length
[W::hts_idx_load3] The index file is older than the data file: /bip7_disk/pingting114/mixed_bam/COLO829_PAO/TF1e-3_25x/TF1e-3_25x.rep1.bam.bai
[W::bam_next_basemod] MM tag refers to bases beyond sequence length
[W::hts_idx_load3] The index file is older than the data file: /bip7_disk/pingting114/mixed_bam/COLO829_PAO/TF1e-3_25x/TF1e-3_25x.rep1.bam.bai
[W::bam_next_basemod] MM tag refers to bases beyond sequence length
[W::hts_idx_load3] The index file is older than the data file: /bip7_disk/pingting114/mixed_bam/COLO829_PAO/TF1e-3_25x/TF1e-3_25x.rep1.bam.bai
[W::hts_idx_load3] The index file is older than the data file: /bip7_disk/pingting114/mixed_bam/COLO829_PAO/TF1e-3_25x/TF1e-3_25x.rep1.bam.bai
[E::bam_parse_basemod2] c2752e99-0c25-4c16-bb45-c66ee308b138: MM tag refers to bases beyond sequence length
[W::hts_idx_load3] The index file is older than the data file: /bip7_disk/pingting114/mixed_bam/COLO829_PAO/TF1e-3_25x/TF1e-3_25x.rep1.bam.bai
[W::hts_idx_load3] The index file is older than the data file: /bip7_disk/pingting114/mixed_bam/COLO829_PAO/TF1e-3_25x/TF1e-3_25x.rep1.bam.bai
[W::hts_idx_load3] The index file is older than the data file: /bip7_disk/pingting114/mixed_bam/COLO829_PAO/TF1e-3_25x/TF1e-3_25x.rep1.bam.bai
[E::bam_parse_basemod2] 874aae0c-ba56-47cc-ba79-8668e665db3e: MM tag refers to bases beyond sequence length
[W::hts_idx_load3] The index file is older than the data file: /bip7_disk/pingting114/mixed_bam/COLO829_PAO/TF1e-3_25x/TF1e-3_25x.rep1.bam.bai
[W::hts_idx_load3] The index file is older than the data file: /bip7_disk/pingting114/mixed_bam/COLO829_PAO/TF1e-3_25x/TF1e-3_25x.rep1.bam.bai
[W::hts_idx_load3] The index file is older than the data file: /bip7_disk/pingting114/mixed_bam/COLO829_PAO/TF1e-3_25x/TF1e-3_25x.rep1.bam.bai
[W::hts_idx_load3] The index file is older than the data file: /bip7_disk/pingting114/mixed_bam/COLO829_PAO/TF1e-3_25x/TF1e-3_25x.rep1.bam.bai
[E::bam_parse_basemod2] 124723de-c801-4766-980f-73163ef42dd0: MM tag refers to bases beyond sequence length
[W::hts_idx_load3] The index file is older than the data file: /bip7_disk/pingting114/mixed_bam/COLO829_PAO/TF1e-3_25x/TF1e-3_25x.rep1.bam.bai
[W::hts_idx_load3] The index file is older than the data file: /bip7_disk/pingting114/mixed_bam/COLO829_PAO/TF1e-3_25x/TF1e-3_25x.rep1.bam.bai
[W::hts_idx_load3] The index file is older than the data file: /bip7_disk/pingting114/mixed_bam/COLO829_PAO/TF1e-3_25x/TF1e-3_25x.rep1.bam.bai
[W::hts_idx_load3] The index file is older than the data file: /bip7_disk/pingting114/mixed_bam/COLO829_PAO/TF1e-3_25x/TF1e-3_25x.rep1.bam.bai
[W::hts_idx_load3] The index file is older than the data file: /bip7_disk/pingting114/mixed_bam/COLO829_PAO/TF1e-3_25x/TF1e-3_25x.rep1.bam.bai
[W::hts_idx_load3] The index file is older than the data file: /bip7_disk/pingting114/mixed_bam/COLO829_PAO/TF1e-3_25x/TF1e-3_25x.rep1.bam.bai
[W::hts_idx_load3] The index file is older than the data file: /bip7_disk/pingting114/mixed_bam/COLO829_PAO/TF1e-3_25x/TF1e-3_25x.rep1.bam.bai
[E::bam_parse_basemod2] c7b90cde-c226-4d76-a7a1-7d5a1cda4b5b: MM tag refers to bases beyond sequence length
[W::hts_idx_load3] The index file is older than the data file: /bip7_disk/pingting114/mixed_bam/COLO829_PAO/TF1e-3_25x/TF1e-3_25x.rep1.bam.bai
[W::hts_idx_load3] The index file is older than the data file: /bip7_disk/pingting114/mixed_bam/COLO829_PAO/TF1e-3_25x/TF1e-3_25x.rep1.bam.bai
[W::hts_idx_load3] The index file is older than the data file: /bip7_disk/pingting114/mixed_bam/COLO829_PAO/TF1e-3_25x/TF1e-3_25x.rep1.bam.bai
[W::hts_idx_load3] The index file is older than the data file: /bip7_disk/pingting114/mixed_bam/COLO829_PAO/TF1e-3_25x/TF1e-3_25x.rep1.bam.bai
[W::hts_idx_load3] The index file is older than the data file: /bip7_disk/pingting114/mixed_bam/COLO829_PAO/TF1e-3_25x/TF1e-3_25x.rep1.bam.bai
[W::bam_next_basemod] MM tag refers to bases beyond sequence length
[E::bam_parse_basemod2] 1aad74db-0b80-417c-89fc-18e939298f5b: MM tag refers to bases beyond sequence length
[W::hts_idx_load3] The index file is older than the data file: /bip7_disk/pingting114/mixed_bam/COLO829_PAO/TF1e-3_25x/TF1e-3_25x.rep1.bam.bai
[W::bam_next_basemod] MM tag refers to bases beyond sequence length
[W::hts_idx_load3] The index file is older than the data file: /bip7_disk/pingting114/mixed_bam/COLO829_PAO/TF1e-3_25x/TF1e-3_25x.rep1.bam.bai
[E::bam_parse_basemod2] ebc2f5ec-59e5-4e1f-8cbb-42950636dc14: MM tag refers to bases beyond sequence length
[W::hts_idx_load3] The index file is older than the data file: /bip7_disk/pingting114/mixed_bam/COLO829_PAO/TF1e-3_25x/TF1e-3_25x.rep1.bam.bai
[W::bam_next_basemod] MM tag refers to bases beyond sequence length
[W::hts_idx_load3] The index file is older than the data file: /bip7_disk/pingting114/mixed_bam/COLO829_PAO/TF1e-3_25x/TF1e-3_25x.rep1.bam.bai
[W::hts_idx_load3] The index file is older than the data file: /bip7_disk/pingting114/mixed_bam/COLO829_PAO/TF1e-3_25x/TF1e-3_25x.rep1.bam.bai
[W::hts_idx_load3] The index file is older than the data file: /bip7_disk/pingting114/mixed_bam/COLO829_PAO/TF1e-3_25x/TF1e-3_25x.rep1.bam.bai
[W::bam_next_basemod] MM tag refers to bases beyond sequence length
[W::hts_idx_load3] The index file is older than the data file: /bip7_disk/pingting114/mixed_bam/COLO829_PAO/TF1e-3_25x/TF1e-3_25x.rep1.bam.bai
[W::hts_idx_load3] The index file is older than the data file: /bip7_disk/pingting114/mixed_bam/COLO829_PAO/TF1e-3_25x/TF1e-3_25x.rep1.bam.bai
[W::hts_idx_load3] The index file is older than the data file: /bip7_disk/pingting114/mixed_bam/COLO829_PAO/TF1e-3_25x/TF1e-3_25x.rep1.bam.bai
[W::bam_next_basemod] MM tag refers to bases beyond sequence length
[E::bam_parse_basemod2] 16594383-6371-4765-9c45-31ead369aa76: MM tag refers to bases beyond sequence length
[E::bam_parse_basemod2] 3d2e82b1-81f0-4185-8b5f-849066cbbdc9: MM tag refers to bases beyond sequence length
[W::bam_next_basemod] MM tag refers to bases beyond sequence length
[E::bam_parse_basemod2] ebc0aee9-26c9-48a4-b500-4beb7b058a02: MM tag refers to bases beyond sequence length
[E::bam_parse_basemod2] 18e25511-6af0-47d5-bac7-7e8bee8cc08a: MM tag refers to bases beyond sequence length
[W::hts_idx_load3] The index file is older than the data file: /bip7_disk/pingting114/mixed_bam/COLO829_PAO/TF1e-3_25x/TF1e-3_25x.rep1.bam.bai
[W::hts_idx_load3] The index file is older than the data file: /bip7_disk/pingting114/mixed_bam/COLO829_PAO/TF1e-3_25x/TF1e-3_25x.rep1.bam.bai
[W::hts_idx_load3] The index file is older than the data file: /bip7_disk/pingting114/mixed_bam/COLO829_PAO/TF1e-3_25x/TF1e-3_25x.rep1.bam.bai
[W::hts_idx_load3] The index file is older than the data file: /bip7_disk/pingting114/mixed_bam/COLO829_PAO/TF1e-3_25x/TF1e-3_25x.rep1.bam.bai
[W::hts_idx_load3] The index file is older than the data file: /bip7_disk/pingting114/mixed_bam/COLO829_PAO/TF1e-3_25x/TF1e-3_25x.rep1.bam.bai
[W::hts_idx_load3] The index file is older than the data file: /bip7_disk/pingting114/mixed_bam/COLO829_PAO/TF1e-3_25x/TF1e-3_25x.rep1.bam.bai
[W::hts_idx_load3] The index file is older than the data file: /bip7_disk/pingting114/mixed_bam/COLO829_PAO/TF1e-3_25x/TF1e-3_25x.rep1.bam.bai
[W::hts_idx_load3] The index file is older than the data file: /bip7_disk/pingting114/mixed_bam/COLO829_PAO/TF1e-3_25x/TF1e-3_25x.rep1.bam.bai
[E::bam_parse_basemod2] 4a5201a8-414d-4eb1-a80e-c41cd32d44d7: MM tag refers to bases beyond sequence length
[W::hts_idx_load3] The index file is older than the data file: /bip7_disk/pingting114/mixed_bam/COLO829_PAO/TF1e-3_25x/TF1e-3_25x.rep1.bam.bai
[W::hts_idx_load3] The index file is older than the data file: /bip7_disk/pingting114/mixed_bam/COLO829_PAO/TF1e-3_25x/TF1e-3_25x.rep1.bam.bai
[W::hts_idx_load3] The index file is older than the data file: /bip7_disk/pingting114/mixed_bam/COLO829_PAO/TF1e-3_25x/TF1e-3_25x.rep1.bam.bai
[E::bam_parse_basemod2] 5f784b2e-6d01-44f6-b0c7-8f996dc467d5: MM tag refers to bases beyond sequence length
[W::hts_idx_load3] The index file is older than the data file: /bip7_disk/pingting114/mixed_bam/COLO829_PAO/TF1e-3_25x/TF1e-3_25x.rep1.bam.bai
[W::hts_idx_load3] The index file is older than the data file: /bip7_disk/pingting114/mixed_bam/COLO829_PAO/TF1e-3_25x/TF1e-3_25x.rep1.bam.bai
[W::hts_idx_load3] The index file is older than the data file: /bip7_disk/pingting114/mixed_bam/COLO829_PAO/TF1e-3_25x/TF1e-3_25x.rep1.bam.bai
[W::hts_idx_load3] The index file is older than the data file: /bip7_disk/pingting114/mixed_bam/COLO829_PAO/TF1e-3_25x/TF1e-3_25x.rep1.bam.bai
[E::bam_parse_basemod2] ea6a0c19-ce49-4cd6-9b59-cad5f18872dd: MM tag refers to bases beyond sequence length
[W::hts_idx_load3] The index file is older than the data file: /bip7_disk/pingting114/mixed_bam/COLO829_PAO/TF1e-3_25x/TF1e-3_25x.rep1.bam.bai
[W::bam_next_basemod] MM tag refers to bases beyond sequence length
[W::hts_idx_load3] The index file is older than the data file: /bip7_disk/pingting114/mixed_bam/COLO829_PAO/TF1e-3_25x/TF1e-3_25x.rep1.bam.bai
[W::bam_next_basemod] MM tag refers to bases beyond sequence length
[W::hts_idx_load3] The index file is older than the data file: /bip7_disk/pingting114/mixed_bam/COLO829_PAO/TF1e-3_25x/TF1e-3_25x.rep1.bam.bai
[W::hts_idx_load3] The index file is older than the data file: /bip7_disk/pingting114/mixed_bam/COLO829_PAO/TF1e-3_25x/TF1e-3_25x.rep1.bam.bai
[W::hts_idx_load3] The index file is older than the data file: /bip7_disk/pingting114/mixed_bam/COLO829_PAO/TF1e-3_25x/TF1e-3_25x.rep1.bam.bai
[W::hts_idx_load3] The index file is older than the data file: /bip7_disk/pingting114/mixed_bam/COLO829_PAO/TF1e-3_25x/TF1e-3_25x.rep1.bam.bai
[W::hts_idx_load3] The index file is older than the data file: /bip7_disk/pingting114/mixed_bam/COLO829_PAO/TF1e-3_25x/TF1e-3_25x.rep1.bam.bai
[W::hts_idx_load3] The index file is older than the data file: /bip7_disk/pingting114/mixed_bam/COLO829_PAO/TF1e-3_25x/TF1e-3_25x.rep1.bam.bai
[E::bam_parse_basemod2] deca90eb-e859-4503-bcf8-c3eeaaa7908c: MM tag refers to bases beyond sequence length
[W::bam_next_basemod] MM tag refers to bases beyond sequence length
[W::bam_next_basemod] MM tag refers to bases beyond sequence length
[W::bam_next_basemod] MM tag refers to bases beyond sequence length
[E::bam_parse_basemod2] 3979d0a4-374a-4a46-b811-44abc3f6c85c: MM tag refers to bases beyond sequence length
[W::bam_next_basemod] MM tag refers to bases beyond sequence length
[W::bam_next_basemod] MM tag refers to bases beyond sequence length
[E::bam_parse_basemod2] 80cf101d-5a89-47ba-83c5-11d24f32adde: MM tag refers to bases beyond sequence length
[W::bam_next_basemod] MM tag refers to bases beyond sequence length
[W::bam_next_basemod] MM tag refers to bases beyond sequence length
[E::bam_parse_basemod2] 9b2de71c-c95a-4826-988b-748a90c0e89e: MM tag refers to bases beyond sequence length
[W::hts_idx_load3] The index file is older than the data file: /bip7_disk/pingting114/mixed_bam/COLO829_PAO/TF1e-3_25x/TF1e-3_25x.rep1.bam.bai
[W::bam_next_basemod] MM tag refers to bases beyond sequence length
[W::hts_idx_load3] The index file is older than the data file: /bip7_disk/pingting114/mixed_bam/COLO829_PAO/TF1e-3_25x/TF1e-3_25x.rep1.bam.bai
[W::hts_idx_load3] The index file is older than the data file: /bip7_disk/pingting114/mixed_bam/COLO829_PAO/TF1e-3_25x/TF1e-3_25x.rep1.bam.bai
[W::hts_idx_load3] The index file is older than the data file: /bip7_disk/pingting114/mixed_bam/COLO829_PAO/TF1e-3_25x/TF1e-3_25x.rep1.bam.bai
[W::hts_idx_load3] The index file is older than the data file: /bip7_disk/pingting114/mixed_bam/COLO829_PAO/TF1e-3_25x/TF1e-3_25x.rep1.bam.bai
[W::hts_idx_load3] The index file is older than the data file: /bip7_disk/pingting114/mixed_bam/COLO829_PAO/TF1e-3_25x/TF1e-3_25x.rep1.bam.bai
[W::bam_next_basemod] MM tag refers to bases beyond sequence length
[W::hts_idx_load3] The index file is older than the data file: /bip7_disk/pingting114/mixed_bam/COLO829_PAO/TF1e-3_25x/TF1e-3_25x.rep1.bam.bai
[W::hts_idx_load3] The index file is older than the data file: /bip7_disk/pingting114/mixed_bam/COLO829_PAO/TF1e-3_25x/TF1e-3_25x.rep1.bam.bai
[W::hts_idx_load3] The index file is older than the data file: /bip7_disk/pingting114/mixed_bam/COLO829_PAO/TF1e-3_25x/TF1e-3_25x.rep1.bam.bai
[W::bam_next_basemod] MM tag refers to bases beyond sequence length
[W::hts_idx_load3] The index file is older than the data file: /bip7_disk/pingting114/mixed_bam/COLO829_PAO/TF1e-3_25x/TF1e-3_25x.rep1.bam.bai
[W::hts_idx_load3] The index file is older than the data file: /bip7_disk/pingting114/mixed_bam/COLO829_PAO/TF1e-3_25x/TF1e-3_25x.rep1.bam.bai
[W::hts_idx_load3] The index file is older than the data file: /bip7_disk/pingting114/mixed_bam/COLO829_PAO/TF1e-3_25x/TF1e-3_25x.rep1.bam.bai
[W::hts_idx_load3] The index file is older than the data file: /bip7_disk/pingting114/mixed_bam/COLO829_PAO/TF1e-3_25x/TF1e-3_25x.rep1.bam.bai
[W::hts_idx_load3] The index file is older than the data file: /bip7_disk/pingting114/mixed_bam/COLO829_PAO/TF1e-3_25x/TF1e-3_25x.rep1.bam.bai
[W::hts_idx_load3] The index file is older than the data file: /bip7_disk/pingting114/mixed_bam/COLO829_PAO/TF1e-3_25x/TF1e-3_25x.rep1.bam.bai
[W::hts_idx_load3] The index file is older than the data file: /bip7_disk/pingting114/mixed_bam/COLO829_PAO/TF1e-3_25x/TF1e-3_25x.rep1.bam.bai
[W::hts_idx_load3] The index file is older than the data file: /bip7_disk/pingting114/mixed_bam/COLO829_PAO/TF1e-3_25x/TF1e-3_25x.rep1.bam.bai
[W::bam_next_basemod] MM tag refers to bases beyond sequence length
[W::hts_idx_load3] The index file is older than the data file: /bip7_disk/pingting114/mixed_bam/COLO829_PAO/TF1e-3_25x/TF1e-3_25x.rep1.bam.bai
[W::hts_idx_load3] The index file is older than the data file: /bip7_disk/pingting114/mixed_bam/COLO829_PAO/TF1e-3_25x/TF1e-3_25x.rep1.bam.bai
[W::hts_idx_load3] The index file is older than the data file: /bip7_disk/pingting114/mixed_bam/COLO829_PAO/TF1e-3_25x/TF1e-3_25x.rep1.bam.bai
[W::hts_idx_load3] The index file is older than the data file: /bip7_disk/pingting114/mixed_bam/COLO829_PAO/TF1e-3_25x/TF1e-3_25x.rep1.bam.bai
[W::bam_next_basemod] MM tag refers to bases beyond sequence length
[W::hts_idx_load3] The index file is older than the data file: /bip7_disk/pingting114/mixed_bam/COLO829_PAO/TF1e-3_25x/TF1e-3_25x.rep1.bam.bai
[W::hts_idx_load3] The index file is older than the data file: /bip7_disk/pingting114/mixed_bam/COLO829_PAO/TF1e-3_25x/TF1e-3_25x.rep1.bam.bai
[W::hts_idx_load3] The index file is older than the data file: /bip7_disk/pingting114/mixed_bam/COLO829_PAO/TF1e-3_25x/TF1e-3_25x.rep1.bam.bai
[W::hts_idx_load3] The index file is older than the data file: /bip7_disk/pingting114/mixed_bam/COLO829_PAO/TF1e-3_25x/TF1e-3_25x.rep1.bam.bai
[E::bam_parse_basemod2] 4e2315b9-3415-49f3-8cd9-d05023077247: MM tag refers to bases beyond sequence length
[W::hts_idx_load3] The index file is older than the data file: /bip7_disk/pingting114/mixed_bam/COLO829_PAO/TF1e-3_25x/TF1e-3_25x.rep1.bam.bai
[E::bam_parse_basemod2] e056c040-311f-4d58-957b-cc0255a86d65: MM tag refers to bases beyond sequence length
[W::hts_idx_load3] The index file is older than the data file: /bip7_disk/pingting114/mixed_bam/COLO829_PAO/TF1e-3_25x/TF1e-3_25x.rep1.bam.bai
[W::bam_next_basemod] MM tag refers to bases beyond sequence length
[W::bam_next_basemod] MM tag refers to bases beyond sequence length
[W::hts_idx_load3] The index file is older than the data file: /bip7_disk/pingting114/mixed_bam/COLO829_PAO/TF1e-3_25x/TF1e-3_25x.rep1.bam.bai
[W::hts_idx_load3] The index file is older than the data file: /bip7_disk/pingting114/mixed_bam/COLO829_PAO/TF1e-3_25x/TF1e-3_25x.rep1.bam.bai
[E::bam_parse_basemod2] 953ad85a-49ff-4a1d-a114-36f522fca24c: MM tag refers to bases beyond sequence length
[E::bam_parse_basemod2] 2e04a8df-64f9-4709-a9b0-e85916ee14ec: MM tag refers to bases beyond sequence length
[W::bam_next_basemod] MM tag refers to bases beyond sequence length
[W::hts_idx_load3] The index file is older than the data file: /bip7_disk/pingting114/mixed_bam/COLO829_PAO/TF1e-3_25x/TF1e-3_25x.rep1.bam.bai
[W::bam_next_basemod] MM tag refers to bases beyond sequence length
[W::bam_next_basemod] MM tag refers to bases beyond sequence length
[W::hts_idx_load3] The index file is older than the data file: /bip7_disk/pingting114/mixed_bam/COLO829_PAO/TF1e-3_25x/TF1e-3_25x.rep1.bam.bai
[W::hts_idx_load3] The index file is older than the data file: /bip7_disk/pingting114/mixed_bam/COLO829_PAO/TF1e-3_25x/TF1e-3_25x.rep1.bam.bai
[E::bam_parse_basemod2] 5c6a31e6-6010-4935-8712-e522599f80d0: MM tag refers to bases beyond sequence length
[W::hts_idx_load3] The index file is older than the data file: /bip7_disk/pingting114/mixed_bam/COLO829_PAO/TF1e-3_25x/TF1e-3_25x.rep1.bam.bai
[W::bam_next_basemod] MM tag refers to bases beyond sequence length
[W::hts_idx_load3] The index file is older than the data file: /bip7_disk/pingting114/mixed_bam/COLO829_PAO/TF1e-3_25x/TF1e-3_25x.rep1.bam.bai
[W::bam_next_basemod] MM tag refers to bases beyond sequence length
[W::hts_idx_load3] The index file is older than the data file: /bip7_disk/pingting114/mixed_bam/COLO829_PAO/TF1e-3_25x/TF1e-3_25x.rep1.bam.bai
[W::hts_idx_load3] The index file is older than the data file: /bip7_disk/pingting114/mixed_bam/COLO829_PAO/TF1e-3_25x/TF1e-3_25x.rep1.bam.bai
[W::hts_idx_load3] The index file is older than the data file: /bip7_disk/pingting114/mixed_bam/COLO829_PAO/TF1e-3_25x/TF1e-3_25x.rep1.bam.bai
[W::hts_idx_load3] The index file is older than the data file: /bip7_disk/pingting114/mixed_bam/COLO829_PAO/TF1e-3_25x/TF1e-3_25x.rep1.bam.bai
[W::hts_idx_load3] The index file is older than the data file: /bip7_disk/pingting114/mixed_bam/COLO829_PAO/TF1e-3_25x/TF1e-3_25x.rep1.bam.bai
[W::hts_idx_load3] The index file is older than the data file: /bip7_disk/pingting114/mixed_bam/COLO829_PAO/TF1e-3_25x/TF1e-3_25x.rep1.bam.bai
[W::hts_idx_load3] The index file is older than the data file: /bip7_disk/pingting114/mixed_bam/COLO829_PAO/TF1e-3_25x/TF1e-3_25x.rep1.bam.bai
[W::hts_idx_load3] The index file is older than the data file: /bip7_disk/pingting114/mixed_bam/COLO829_PAO/TF1e-3_25x/TF1e-3_25x.rep1.bam.bai
[W::hts_idx_load3] The index file is older than the data file: /bip7_disk/pingting114/mixed_bam/COLO829_PAO/TF1e-3_25x/TF1e-3_25x.rep1.bam.bai
[W::hts_idx_load3] The index file is older than the data file: /bip7_disk/pingting114/mixed_bam/COLO829_PAO/TF1e-3_25x/TF1e-3_25x.rep1.bam.bai
[W::hts_idx_load3] The index file is older than the data file: /bip7_disk/pingting114/mixed_bam/COLO829_PAO/TF1e-3_25x/TF1e-3_25x.rep1.bam.bai
[E::bam_parse_basemod2] 2c71a2a1-a868-4b6d-acc5-190355555519: MM tag refers to bases beyond sequence length
[W::bam_next_basemod] MM tag refers to bases beyond sequence length
[W::hts_idx_load3] The index file is older than the data file: /bip7_disk/pingting114/mixed_bam/COLO829_PAO/TF1e-3_25x/TF1e-3_25x.rep1.bam.bai
[W::hts_idx_load3] The index file is older than the data file: /bip7_disk/pingting114/mixed_bam/COLO829_PAO/TF1e-3_25x/TF1e-3_25x.rep1.bam.bai
[W::hts_idx_load3] The index file is older than the data file: /bip7_disk/pingting114/mixed_bam/COLO829_PAO/TF1e-3_25x/TF1e-3_25x.rep1.bam.bai
[E::bam_parse_basemod2] 7986ce64-8017-46d3-bc94-98df44226ddd: MM tag refers to bases beyond sequence length
[W::hts_idx_load3] The index file is older than the data file: /bip7_disk/pingting114/mixed_bam/COLO829_PAO/TF1e-3_25x/TF1e-3_25x.rep1.bam.bai
[W::hts_idx_load3] The index file is older than the data file: /bip7_disk/pingting114/mixed_bam/COLO829_PAO/TF1e-3_25x/TF1e-3_25x.rep1.bam.bai
[W::hts_idx_load3] The index file is older than the data file: /bip7_disk/pingting114/mixed_bam/COLO829_PAO/TF1e-3_25x/TF1e-3_25x.rep1.bam.bai
[W::hts_idx_load3] The index file is older than the data file: /bip7_disk/pingting114/mixed_bam/COLO829_PAO/TF1e-3_25x/TF1e-3_25x.rep1.bam.bai
[W::hts_idx_load3] The index file is older than the data file: /bip7_disk/pingting114/mixed_bam/COLO829_PAO/TF1e-3_25x/TF1e-3_25x.rep1.bam.bai
[W::hts_idx_load3] The index file is older than the data file: /bip7_disk/pingting114/mixed_bam/COLO829_PAO/TF1e-3_25x/TF1e-3_25x.rep1.bam.bai
[E::bam_parse_basemod2] aff7927a-a28c-4fd1-9672-222339ad7114: MM tag refers to bases beyond sequence length
[W::hts_idx_load3] The index file is older than the data file: /bip7_disk/pingting114/mixed_bam/COLO829_PAO/TF1e-3_25x/TF1e-3_25x.rep1.bam.bai
[W::hts_idx_load3] The index file is older than the data file: /bip7_disk/pingting114/mixed_bam/COLO829_PAO/TF1e-3_25x/TF1e-3_25x.rep1.bam.bai
[W::bam_next_basemod] MM tag refers to bases beyond sequence length
[W::hts_idx_load3] The index file is older than the data file: /bip7_disk/pingting114/mixed_bam/COLO829_PAO/TF1e-3_25x/TF1e-3_25x.rep1.bam.bai
[W::hts_idx_load3] The index file is older than the data file: /bip7_disk/pingting114/mixed_bam/COLO829_PAO/TF1e-3_25x/TF1e-3_25x.rep1.bam.bai
[W::hts_idx_load3] The index file is older than the data file: /bip7_disk/pingting114/mixed_bam/COLO829_PAO/TF1e-3_25x/TF1e-3_25x.rep1.bam.bai
[W::hts_idx_load3] The index file is older than the data file: /bip7_disk/pingting114/mixed_bam/COLO829_PAO/TF1e-3_25x/TF1e-3_25x.rep1.bam.bai
[E::bam_parse_basemod2] 73c6b6b0-ed45-483e-8119-4f826e39ecf0: MM tag refers to bases beyond sequence length
[W::hts_idx_load3] The index file is older than the data file: /bip7_disk/pingting114/mixed_bam/COLO829_PAO/TF1e-3_25x/TF1e-3_25x.rep1.bam.bai
[W::hts_idx_load3] The index file is older than the data file: /bip7_disk/pingting114/mixed_bam/COLO829_PAO/TF1e-3_25x/TF1e-3_25x.rep1.bam.bai
[E::bam_parse_basemod2] 65e26db9-0c16-41a6-9322-9698ebfe4927: MM tag refers to bases beyond sequence length
[W::hts_idx_load3] The index file is older than the data file: /bip7_disk/pingting114/mixed_bam/COLO829_PAO/TF1e-3_25x/TF1e-3_25x.rep1.bam.bai
[W::hts_idx_load3] The index file is older than the data file: /bip7_disk/pingting114/mixed_bam/COLO829_PAO/TF1e-3_25x/TF1e-3_25x.rep1.bam.bai
[W::hts_idx_load3] The index file is older than the data file: /bip7_disk/pingting114/mixed_bam/COLO829_PAO/TF1e-3_25x/TF1e-3_25x.rep1.bam.bai
[E::bam_parse_basemod2] 15e8950e-9b40-425f-9752-5d96e0d3aa52: MM tag refers to bases beyond sequence length
[W::hts_idx_load3] The index file is older than the data file: /bip7_disk/pingting114/mixed_bam/COLO829_PAO/TF1e-3_25x/TF1e-3_25x.rep1.bam.bai
[W::hts_idx_load3] The index file is older than the data file: /bip7_disk/pingting114/mixed_bam/COLO829_PAO/TF1e-3_25x/TF1e-3_25x.rep1.bam.bai
[W::bam_next_basemod] MM tag refers to bases beyond sequence length
[W::hts_idx_load3] The index file is older than the data file: /bip7_disk/pingting114/mixed_bam/COLO829_PAO/TF1e-3_25x/TF1e-3_25x.rep1.bam.bai
[W::hts_idx_load3] The index file is older than the data file: /bip7_disk/pingting114/mixed_bam/COLO829_PAO/TF1e-3_25x/TF1e-3_25x.rep1.bam.bai
[W::hts_idx_load3] The index file is older than the data file: /bip7_disk/pingting114/mixed_bam/COLO829_PAO/TF1e-3_25x/TF1e-3_25x.rep1.bam.bai
[W::hts_idx_load3] The index file is older than the data file: /bip7_disk/pingting114/mixed_bam/COLO829_PAO/TF1e-3_25x/TF1e-3_25x.rep1.bam.bai
[W::hts_idx_load3] The index file is older than the data file: /bip7_disk/pingting114/mixed_bam/COLO829_PAO/TF1e-3_25x/TF1e-3_25x.rep1.bam.bai
[W::hts_idx_load3] The index file is older than the data file: /bip7_disk/pingting114/mixed_bam/COLO829_PAO/TF1e-3_25x/TF1e-3_25x.rep1.bam.bai
[W::hts_idx_load3] The index file is older than the data file: /bip7_disk/pingting114/mixed_bam/COLO829_PAO/TF1e-3_25x/TF1e-3_25x.rep1.bam.bai
[W::bam_next_basemod] MM tag refers to bases beyond sequence length
[W::bam_next_basemod] MM tag refers to bases beyond sequence length
[W::hts_idx_load3] The index file is older than the data file: /bip7_disk/pingting114/mixed_bam/COLO829_PAO/TF1e-3_25x/TF1e-3_25x.rep1.bam.bai
[W::hts_idx_load3] The index file is older than the data file: /bip7_disk/pingting114/mixed_bam/COLO829_PAO/TF1e-3_25x/TF1e-3_25x.rep1.bam.bai
[W::hts_idx_load3] The index file is older than the data file: /bip7_disk/pingting114/mixed_bam/COLO829_PAO/TF1e-3_25x/TF1e-3_25x.rep1.bam.bai
[W::hts_idx_load3] The index file is older than the data file: /bip7_disk/pingting114/mixed_bam/COLO829_PAO/TF1e-3_25x/TF1e-3_25x.rep1.bam.bai
[W::hts_idx_load3] The index file is older than the data file: /bip7_disk/pingting114/mixed_bam/COLO829_PAO/TF1e-3_25x/TF1e-3_25x.rep1.bam.bai
[W::hts_idx_load3] The index file is older than the data file: /bip7_disk/pingting114/mixed_bam/COLO829_PAO/TF1e-3_25x/TF1e-3_25x.rep1.bam.bai
[W::hts_idx_load3] The index file is older than the data file: /bip7_disk/pingting114/mixed_bam/COLO829_PAO/TF1e-3_25x/TF1e-3_25x.rep1.bam.bai
[W::hts_idx_load3] The index file is older than the data file: /bip7_disk/pingting114/mixed_bam/COLO829_PAO/TF1e-3_25x/TF1e-3_25x.rep1.bam.bai
[W::hts_idx_load3] The index file is older than the data file: /bip7_disk/pingting114/mixed_bam/COLO829_PAO/TF1e-3_25x/TF1e-3_25x.rep1.bam.bai
[W::hts_idx_load3] The index file is older than the data file: /bip7_disk/pingting114/mixed_bam/COLO829_PAO/TF1e-3_25x/TF1e-3_25x.rep1.bam.bai
[E::bam_parse_basemod2] d0589774-99c5-4910-9144-fe70d348f14d: MM tag refers to bases beyond sequence length
[W::hts_idx_load3] The index file is older than the data file: /bip7_disk/pingting114/mixed_bam/COLO829_PAO/TF1e-3_25x/TF1e-3_25x.rep1.bam.bai
[W::bam_next_basemod] MM tag refers to bases beyond sequence length
[W::hts_idx_load3] The index file is older than the data file: /bip7_disk/pingting114/mixed_bam/COLO829_PAO/TF1e-3_25x/TF1e-3_25x.rep1.bam.bai
[W::hts_idx_load3] The index file is older than the data file: /bip7_disk/pingting114/mixed_bam/COLO829_PAO/TF1e-3_25x/TF1e-3_25x.rep1.bam.bai
[W::hts_idx_load3] The index file is older than the data file: /bip7_disk/pingting114/mixed_bam/COLO829_PAO/TF1e-3_25x/TF1e-3_25x.rep1.bam.bai
[W::hts_idx_load3] The index file is older than the data file: /bip7_disk/pingting114/mixed_bam/COLO829_PAO/TF1e-3_25x/TF1e-3_25x.rep1.bam.bai
[W::hts_idx_load3] The index file is older than the data file: /bip7_disk/pingting114/mixed_bam/COLO829_PAO/TF1e-3_25x/TF1e-3_25x.rep1.bam.bai
[W::hts_idx_load3] The index file is older than the data file: /bip7_disk/pingting114/mixed_bam/COLO829_PAO/TF1e-3_25x/TF1e-3_25x.rep1.bam.bai
[W::hts_idx_load3] The index file is older than the data file: /bip7_disk/pingting114/mixed_bam/COLO829_PAO/TF1e-3_25x/TF1e-3_25x.rep1.bam.bai
[W::hts_idx_load3] The index file is older than the data file: /bip7_disk/pingting114/mixed_bam/COLO829_PAO/TF1e-3_25x/TF1e-3_25x.rep1.bam.bai
[W::bam_next_basemod] MM tag refers to bases beyond sequence length
[W::bam_next_basemod] MM tag refers to bases beyond sequence length
[W::hts_idx_load3] The index file is older than the data file: /bip7_disk/pingting114/mixed_bam/COLO829_PAO/TF1e-3_25x/TF1e-3_25x.rep1.bam.bai
[E::bam_parse_basemod2] d0b48f66-335a-4fba-81ef-8740e9f2f507: MM tag refers to bases beyond sequence length
[W::hts_idx_load3] The index file is older than the data file: /bip7_disk/pingting114/mixed_bam/COLO829_PAO/TF1e-3_25x/TF1e-3_25x.rep1.bam.bai
[W::bam_next_basemod] MM tag refers to bases beyond sequence length
[W::bam_next_basemod] MM tag refers to bases beyond sequence length
[E::bam_parse_basemod2] b0e82921-f222-485c-bc74-1bee8fa75410: MM tag refers to bases beyond sequence length
[W::hts_idx_load3] The index file is older than the data file: /bip7_disk/pingting114/mixed_bam/COLO829_PAO/TF1e-3_25x/TF1e-3_25x.rep1.bam.bai
[W::hts_idx_load3] The index file is older than the data file: /bip7_disk/pingting114/mixed_bam/COLO829_PAO/TF1e-3_25x/TF1e-3_25x.rep1.bam.bai
[W::hts_idx_load3] The index file is older than the data file: /bip7_disk/pingting114/mixed_bam/COLO829_PAO/TF1e-3_25x/TF1e-3_25x.rep1.bam.bai
[W::hts_idx_load3] The index file is older than the data file: /bip7_disk/pingting114/mixed_bam/COLO829_PAO/TF1e-3_25x/TF1e-3_25x.rep1.bam.bai
[W::hts_idx_load3] The index file is older than the data file: /bip7_disk/pingting114/mixed_bam/COLO829_PAO/TF1e-3_25x/TF1e-3_25x.rep1.bam.bai
[W::hts_idx_load3] The index file is older than the data file: /bip7_disk/pingting114/mixed_bam/COLO829_PAO/TF1e-3_25x/TF1e-3_25x.rep1.bam.bai
[W::bam_next_basemod] MM tag refers to bases beyond sequence length
[W::hts_idx_load3] The index file is older than the data file: /bip7_disk/pingting114/mixed_bam/COLO829_PAO/TF1e-3_25x/TF1e-3_25x.rep1.bam.bai
[W::hts_idx_load3] The index file is older than the data file: /bip7_disk/pingting114/mixed_bam/COLO829_PAO/TF1e-3_25x/TF1e-3_25x.rep1.bam.bai
[W::bam_next_basemod] MM tag refers to bases beyond sequence length
[W::hts_idx_load3] The index file is older than the data file: /bip7_disk/pingting114/mixed_bam/COLO829_PAO/TF1e-3_25x/TF1e-3_25x.rep1.bam.bai
[W::hts_idx_load3] The index file is older than the data file: /bip7_disk/pingting114/mixed_bam/COLO829_PAO/TF1e-3_25x/TF1e-3_25x.rep1.bam.bai
[W::hts_idx_load3] The index file is older than the data file: /bip7_disk/pingting114/mixed_bam/COLO829_PAO/TF1e-3_25x/TF1e-3_25x.rep1.bam.bai
[W::hts_idx_load3] The index file is older than the data file: /bip7_disk/pingting114/mixed_bam/COLO829_PAO/TF1e-3_25x/TF1e-3_25x.rep1.bam.bai
[W::hts_idx_load3] The index file is older than the data file: /bip7_disk/pingting114/mixed_bam/COLO829_PAO/TF1e-3_25x/TF1e-3_25x.rep1.bam.bai
[E::bam_parse_basemod2] 6e56b1b5-f83c-4f89-a73f-b724bafd0815: MM tag refers to bases beyond sequence length
[W::bam_next_basemod] MM tag refers to bases beyond sequence length
[W::hts_idx_load3] The index file is older than the data file: /bip7_disk/pingting114/mixed_bam/COLO829_PAO/TF1e-3_25x/TF1e-3_25x.rep1.bam.bai
[W::bam_next_basemod] MM tag refers to bases beyond sequence length
[W::hts_idx_load3] The index file is older than the data file: /bip7_disk/pingting114/mixed_bam/COLO829_PAO/TF1e-3_25x/TF1e-3_25x.rep1.bam.bai
[W::hts_idx_load3] The index file is older than the data file: /bip7_disk/pingting114/mixed_bam/COLO829_PAO/TF1e-3_25x/TF1e-3_25x.rep1.bam.bai
[W::hts_idx_load3] The index file is older than the data file: /bip7_disk/pingting114/mixed_bam/COLO829_PAO/TF1e-3_25x/TF1e-3_25x.rep1.bam.bai
[W::hts_idx_load3] The index file is older than the data file: /bip7_disk/pingting114/mixed_bam/COLO829_PAO/TF1e-3_25x/TF1e-3_25x.rep1.bam.bai
[W::hts_idx_load3] The index file is older than the data file: /bip7_disk/pingting114/mixed_bam/COLO829_PAO/TF1e-3_25x/TF1e-3_25x.rep1.bam.bai
[E::bam_parse_basemod2] 72b244b3-056c-46cb-a12b-9f638aadbb73: MM tag refers to bases beyond sequence length
[E::bam_parse_basemod2] 97dd9ba4-ab25-4d46-af9c-5b77d36a42cc: MM tag refers to bases beyond sequence length
[W::hts_idx_load3] The index file is older than the data file: /bip7_disk/pingting114/mixed_bam/COLO829_PAO/TF1e-3_25x/TF1e-3_25x.rep1.bam.bai
[E::bam_parse_basemod2] 00a3ddca-96d0-40e1-8b33-fb303d82e26d: MM tag refers to bases beyond sequence length
[W::hts_idx_load3] The index file is older than the data file: /bip7_disk/pingting114/mixed_bam/COLO829_PAO/TF1e-3_25x/TF1e-3_25x.rep1.bam.bai
[E::bam_parse_basemod2] 473da472-816c-4ddf-afe7-12ba51296218: MM tag refers to bases beyond sequence length
[W::hts_idx_load3] The index file is older than the data file: /bip7_disk/pingting114/mixed_bam/COLO829_PAO/TF1e-3_25x/TF1e-3_25x.rep1.bam.bai
[W::hts_idx_load3] The index file is older than the data file: /bip7_disk/pingting114/mixed_bam/COLO829_PAO/TF1e-3_25x/TF1e-3_25x.rep1.bam.bai
[W::hts_idx_load3] The index file is older than the data file: /bip7_disk/pingting114/mixed_bam/COLO829_PAO/TF1e-3_25x/TF1e-3_25x.rep1.bam.bai
[W::bam_next_basemod] MM tag refers to bases beyond sequence length
[W::hts_idx_load3] The index file is older than the data file: /bip7_disk/pingting114/mixed_bam/COLO829_PAO/TF1e-3_25x/TF1e-3_25x.rep1.bam.bai
[W::hts_idx_load3] The index file is older than the data file: /bip7_disk/pingting114/mixed_bam/COLO829_PAO/TF1e-3_25x/TF1e-3_25x.rep1.bam.bai
[W::hts_idx_load3] The index file is older than the data file: /bip7_disk/pingting114/mixed_bam/COLO829_PAO/TF1e-3_25x/TF1e-3_25x.rep1.bam.bai
[W::hts_idx_load3] The index file is older than the data file: /bip7_disk/pingting114/mixed_bam/COLO829_PAO/TF1e-3_25x/TF1e-3_25x.rep1.bam.bai
[W::hts_idx_load3] The index file is older than the data file: /bip7_disk/pingting114/mixed_bam/COLO829_PAO/TF1e-3_25x/TF1e-3_25x.rep1.bam.bai
[W::hts_idx_load3] The index file is older than the data file: /bip7_disk/pingting114/mixed_bam/COLO829_PAO/TF1e-3_25x/TF1e-3_25x.rep1.bam.bai
[W::hts_idx_load3] The index file is older than the data file: /bip7_disk/pingting114/mixed_bam/COLO829_PAO/TF1e-3_25x/TF1e-3_25x.rep1.bam.bai
[W::hts_idx_load3] The index file is older than the data file: /bip7_disk/pingting114/mixed_bam/COLO829_PAO/TF1e-3_25x/TF1e-3_25x.rep1.bam.bai
[E::bam_parse_basemod2] 5ba10a6d-a6c9-4df9-a157-a894b3d26efd: MM tag refers to bases beyond sequence length
[W::hts_idx_load3] The index file is older than the data file: /bip7_disk/pingting114/mixed_bam/COLO829_PAO/TF1e-3_25x/TF1e-3_25x.rep1.bam.bai
[W::hts_idx_load3] The index file is older than the data file: /bip7_disk/pingting114/mixed_bam/COLO829_PAO/TF1e-3_25x/TF1e-3_25x.rep1.bam.bai
[W::hts_idx_load3] The index file is older than the data file: /bip7_disk/pingting114/mixed_bam/COLO829_PAO/TF1e-3_25x/TF1e-3_25x.rep1.bam.bai
[W::hts_idx_load3] The index file is older than the data file: /bip7_disk/pingting114/mixed_bam/COLO829_PAO/TF1e-3_25x/TF1e-3_25x.rep1.bam.bai
[W::hts_idx_load3] The index file is older than the data file: /bip7_disk/pingting114/mixed_bam/COLO829_PAO/TF1e-3_25x/TF1e-3_25x.rep1.bam.bai
[W::hts_idx_load3] The index file is older than the data file: /bip7_disk/pingting114/mixed_bam/COLO829_PAO/TF1e-3_25x/TF1e-3_25x.rep1.bam.bai
[W::hts_idx_load3] The index file is older than the data file: /bip7_disk/pingting114/mixed_bam/COLO829_PAO/TF1e-3_25x/TF1e-3_25x.rep1.bam.bai
[W::hts_idx_load3] The index file is older than the data file: /bip7_disk/pingting114/mixed_bam/COLO829_PAO/TF1e-3_25x/TF1e-3_25x.rep1.bam.bai
[W::bam_next_basemod] MM tag refers to bases beyond sequence length
[W::bam_next_basemod] MM tag refers to bases beyond sequence length
[W::bam_next_basemod] MM tag refers to bases beyond sequence length
[E::bam_parse_basemod2] c3fddab9-ad87-42c8-8f8e-696720b01278: MM tag refers to bases beyond sequence length
[W::bam_next_basemod] MM tag refers to bases beyond sequence length
[W::bam_next_basemod] MM tag refers to bases beyond sequence length
[E::bam_parse_basemod2] c747078c-e42e-4a76-9ce0-615c573a9df1: MM tag refers to bases beyond sequence length
[W::bam_next_basemod] MM tag refers to bases beyond sequence length
[W::hts_idx_load3] The index file is older than the data file: /bip7_disk/pingting114/mixed_bam/COLO829_PAO/TF1e-3_25x/TF1e-3_25x.rep1.bam.bai
[W::hts_idx_load3] The index file is older than the data file: /bip7_disk/pingting114/mixed_bam/COLO829_PAO/TF1e-3_25x/TF1e-3_25x.rep1.bam.bai
[W::hts_idx_load3] The index file is older than the data file: /bip7_disk/pingting114/mixed_bam/COLO829_PAO/TF1e-3_25x/TF1e-3_25x.rep1.bam.bai
[W::hts_idx_load3] The index file is older than the data file: /bip7_disk/pingting114/mixed_bam/COLO829_PAO/TF1e-3_25x/TF1e-3_25x.rep1.bam.bai
[W::hts_idx_load3] The index file is older than the data file: /bip7_disk/pingting114/mixed_bam/COLO829_PAO/TF1e-3_25x/TF1e-3_25x.rep1.bam.bai
[W::hts_idx_load3] The index file is older than the data file: /bip7_disk/pingting114/mixed_bam/COLO829_PAO/TF1e-3_25x/TF1e-3_25x.rep1.bam.bai
[W::hts_idx_load3] The index file is older than the data file: /bip7_disk/pingting114/mixed_bam/COLO829_PAO/TF1e-3_25x/TF1e-3_25x.rep1.bam.bai
[W::hts_idx_load3] The index file is older than the data file: /bip7_disk/pingting114/mixed_bam/COLO829_PAO/TF1e-3_25x/TF1e-3_25x.rep1.bam.bai
[W::bam_next_basemod] MM tag refers to bases beyond sequence length
[W::hts_idx_load3] The index file is older than the data file: /bip7_disk/pingting114/mixed_bam/COLO829_PAO/TF1e-3_25x/TF1e-3_25x.rep1.bam.bai
[E::bam_parse_basemod2] 6819d0cb-6c3e-4049-8ca2-d7f01eb5acf7: MM tag refers to bases beyond sequence length
  TF1e-3_25x.rep1.bam cand 2500/4000
[W::hts_idx_load3] The index file is older than the data file: /bip7_disk/pingting114/mixed_bam/COLO829_PAO/TF1e-3_25x/TF1e-3_25x.rep1.bam.bai
[W::hts_idx_load3] The index file is older than the data file: /bip7_disk/pingting114/mixed_bam/COLO829_PAO/TF1e-3_25x/TF1e-3_25x.rep1.bam.bai
[W::bam_next_basemod] MM tag refers to bases beyond sequence length
[W::hts_idx_load3] The index file is older than the data file: /bip7_disk/pingting114/mixed_bam/COLO829_PAO/TF1e-3_25x/TF1e-3_25x.rep1.bam.bai
[E::bam_parse_basemod2] 8267193b-7359-4f38-93e4-fe3f5914b52e: MM tag refers to bases beyond sequence length
[W::hts_idx_load3] The index file is older than the data file: /bip7_disk/pingting114/mixed_bam/COLO829_PAO/TF1e-3_25x/TF1e-3_25x.rep1.bam.bai
[W::hts_idx_load3] The index file is older than the data file: /bip7_disk/pingting114/mixed_bam/COLO829_PAO/TF1e-3_25x/TF1e-3_25x.rep1.bam.bai
[W::hts_idx_load3] The index file is older than the data file: /bip7_disk/pingting114/mixed_bam/COLO829_PAO/TF1e-3_25x/TF1e-3_25x.rep1.bam.bai
[W::bam_next_basemod] MM tag refers to bases beyond sequence length
[W::hts_idx_load3] The index file is older than the data file: /bip7_disk/pingting114/mixed_bam/COLO829_PAO/TF1e-3_25x/TF1e-3_25x.rep1.bam.bai
[W::bam_next_basemod] MM tag refers to bases beyond sequence length
[W::hts_idx_load3] The index file is older than the data file: /bip7_disk/pingting114/mixed_bam/COLO829_PAO/TF1e-3_25x/TF1e-3_25x.rep1.bam.bai
[W::hts_idx_load3] The index file is older than the data file: /bip7_disk/pingting114/mixed_bam/COLO829_PAO/TF1e-3_25x/TF1e-3_25x.rep1.bam.bai
[W::hts_idx_load3] The index file is older than the data file: /bip7_disk/pingting114/mixed_bam/COLO829_PAO/TF1e-3_25x/TF1e-3_25x.rep1.bam.bai
[W::hts_idx_load3] The index file is older than the data file: /bip7_disk/pingting114/mixed_bam/COLO829_PAO/TF1e-3_25x/TF1e-3_25x.rep1.bam.bai
[W::hts_idx_load3] The index file is older than the data file: /bip7_disk/pingting114/mixed_bam/COLO829_PAO/TF1e-3_25x/TF1e-3_25x.rep1.bam.bai
[W::hts_idx_load3] The index file is older than the data file: /bip7_disk/pingting114/mixed_bam/COLO829_PAO/TF1e-3_25x/TF1e-3_25x.rep1.bam.bai
[W::hts_idx_load3] The index file is older than the data file: /bip7_disk/pingting114/mixed_bam/COLO829_PAO/TF1e-3_25x/TF1e-3_25x.rep1.bam.bai
[W::bam_next_basemod] MM tag refers to bases beyond sequence length
[W::hts_idx_load3] The index file is older than the data file: /bip7_disk/pingting114/mixed_bam/COLO829_PAO/TF1e-3_25x/TF1e-3_25x.rep1.bam.bai
[W::hts_idx_load3] The index file is older than the data file: /bip7_disk/pingting114/mixed_bam/COLO829_PAO/TF1e-3_25x/TF1e-3_25x.rep1.bam.bai
[W::hts_idx_load3] The index file is older than the data file: /bip7_disk/pingting114/mixed_bam/COLO829_PAO/TF1e-3_25x/TF1e-3_25x.rep1.bam.bai
[W::hts_idx_load3] The index file is older than the data file: /bip7_disk/pingting114/mixed_bam/COLO829_PAO/TF1e-3_25x/TF1e-3_25x.rep1.bam.bai
[W::hts_idx_load3] The index file is older than the data file: /bip7_disk/pingting114/mixed_bam/COLO829_PAO/TF1e-3_25x/TF1e-3_25x.rep1.bam.bai
[W::hts_idx_load3] The index file is older than the data file: /bip7_disk/pingting114/mixed_bam/COLO829_PAO/TF1e-3_25x/TF1e-3_25x.rep1.bam.bai
[W::hts_idx_load3] The index file is older than the data file: /bip7_disk/pingting114/mixed_bam/COLO829_PAO/TF1e-3_25x/TF1e-3_25x.rep1.bam.bai
[W::bam_next_basemod] MM tag refers to bases beyond sequence length
[W::bam_next_basemod] MM tag refers to bases beyond sequence length
[W::hts_idx_load3] The index file is older than the data file: /bip7_disk/pingting114/mixed_bam/COLO829_PAO/TF1e-3_25x/TF1e-3_25x.rep1.bam.bai
[W::hts_idx_load3] The index file is older than the data file: /bip7_disk/pingting114/mixed_bam/COLO829_PAO/TF1e-3_25x/TF1e-3_25x.rep1.bam.bai
[W::hts_idx_load3] The index file is older than the data file: /bip7_disk/pingting114/mixed_bam/COLO829_PAO/TF1e-3_25x/TF1e-3_25x.rep1.bam.bai
[W::bam_next_basemod] MM tag refers to bases beyond sequence length
[W::hts_idx_load3] The index file is older than the data file: /bip7_disk/pingting114/mixed_bam/COLO829_PAO/TF1e-3_25x/TF1e-3_25x.rep1.bam.bai
[W::hts_idx_load3] The index file is older than the data file: /bip7_disk/pingting114/mixed_bam/COLO829_PAO/TF1e-3_25x/TF1e-3_25x.rep1.bam.bai
[W::hts_idx_load3] The index file is older than the data file: /bip7_disk/pingting114/mixed_bam/COLO829_PAO/TF1e-3_25x/TF1e-3_25x.rep1.bam.bai
[W::hts_idx_load3] The index file is older than the data file: /bip7_disk/pingting114/mixed_bam/COLO829_PAO/TF1e-3_25x/TF1e-3_25x.rep1.bam.bai
[W::hts_idx_load3] The index file is older than the data file: /bip7_disk/pingting114/mixed_bam/COLO829_PAO/TF1e-3_25x/TF1e-3_25x.rep1.bam.bai
[W::hts_idx_load3] The index file is older than the data file: /bip7_disk/pingting114/mixed_bam/COLO829_PAO/TF1e-3_25x/TF1e-3_25x.rep1.bam.bai
[W::hts_idx_load3] The index file is older than the data file: /bip7_disk/pingting114/mixed_bam/COLO829_PAO/TF1e-3_25x/TF1e-3_25x.rep1.bam.bai
[W::bam_next_basemod] MM tag refers to bases beyond sequence length
[E::bam_parse_basemod2] f4e3064a-e8e7-4bbe-b2ee-a2308e29dbd9: MM tag refers to bases beyond sequence length
[W::hts_idx_load3] The index file is older than the data file: /bip7_disk/pingting114/mixed_bam/COLO829_PAO/TF1e-3_25x/TF1e-3_25x.rep1.bam.bai
[W::bam_next_basemod] MM tag refers to bases beyond sequence length
[W::hts_idx_load3] The index file is older than the data file: /bip7_disk/pingting114/mixed_bam/COLO829_PAO/TF1e-3_25x/TF1e-3_25x.rep1.bam.bai
[W::bam_next_basemod] MM tag refers to bases beyond sequence length
[W::hts_idx_load3] The index file is older than the data file: /bip7_disk/pingting114/mixed_bam/COLO829_PAO/TF1e-3_25x/TF1e-3_25x.rep1.bam.bai
[W::hts_idx_load3] The index file is older than the data file: /bip7_disk/pingting114/mixed_bam/COLO829_PAO/TF1e-3_25x/TF1e-3_25x.rep1.bam.bai
[W::hts_idx_load3] The index file is older than the data file: /bip7_disk/pingting114/mixed_bam/COLO829_PAO/TF1e-3_25x/TF1e-3_25x.rep1.bam.bai
[W::hts_idx_load3] The index file is older than the data file: /bip7_disk/pingting114/mixed_bam/COLO829_PAO/TF1e-3_25x/TF1e-3_25x.rep1.bam.bai
[W::hts_idx_load3] The index file is older than the data file: /bip7_disk/pingting114/mixed_bam/COLO829_PAO/TF1e-3_25x/TF1e-3_25x.rep1.bam.bai
[W::hts_idx_load3] The index file is older than the data file: /bip7_disk/pingting114/mixed_bam/COLO829_PAO/TF1e-3_25x/TF1e-3_25x.rep1.bam.bai
[W::hts_idx_load3] The index file is older than the data file: /bip7_disk/pingting114/mixed_bam/COLO829_PAO/TF1e-3_25x/TF1e-3_25x.rep1.bam.bai
[W::hts_idx_load3] The index file is older than the data file: /bip7_disk/pingting114/mixed_bam/COLO829_PAO/TF1e-3_25x/TF1e-3_25x.rep1.bam.bai
[W::bam_next_basemod] MM tag refers to bases beyond sequence length
[W::hts_idx_load3] The index file is older than the data file: /bip7_disk/pingting114/mixed_bam/COLO829_PAO/TF1e-3_25x/TF1e-3_25x.rep1.bam.bai
[W::hts_idx_load3] The index file is older than the data file: /bip7_disk/pingting114/mixed_bam/COLO829_PAO/TF1e-3_25x/TF1e-3_25x.rep1.bam.bai
[W::hts_idx_load3] The index file is older than the data file: /bip7_disk/pingting114/mixed_bam/COLO829_PAO/TF1e-3_25x/TF1e-3_25x.rep1.bam.bai
[W::hts_idx_load3] The index file is older than the data file: /bip7_disk/pingting114/mixed_bam/COLO829_PAO/TF1e-3_25x/TF1e-3_25x.rep1.bam.bai
[W::hts_idx_load3] The index file is older than the data file: /bip7_disk/pingting114/mixed_bam/COLO829_PAO/TF1e-3_25x/TF1e-3_25x.rep1.bam.bai
[E::bam_parse_basemod2] c4571965-16df-4c2f-8a8d-bc2b7326cec0: MM tag refers to bases beyond sequence length
[W::hts_idx_load3] The index file is older than the data file: /bip7_disk/pingting114/mixed_bam/COLO829_PAO/TF1e-3_25x/TF1e-3_25x.rep1.bam.bai
[W::hts_idx_load3] The index file is older than the data file: /bip7_disk/pingting114/mixed_bam/COLO829_PAO/TF1e-3_25x/TF1e-3_25x.rep1.bam.bai
[W::hts_idx_load3] The index file is older than the data file: /bip7_disk/pingting114/mixed_bam/COLO829_PAO/TF1e-3_25x/TF1e-3_25x.rep1.bam.bai
[E::bam_parse_basemod2] 7b41a466-6446-4ac1-8745-11c9530b9096: MM tag refers to bases beyond sequence length
[W::hts_idx_load3] The index file is older than the data file: /bip7_disk/pingting114/mixed_bam/COLO829_PAO/TF1e-3_25x/TF1e-3_25x.rep1.bam.bai
[W::hts_idx_load3] The index file is older than the data file: /bip7_disk/pingting114/mixed_bam/COLO829_PAO/TF1e-3_25x/TF1e-3_25x.rep1.bam.bai
[W::hts_idx_load3] The index file is older than the data file: /bip7_disk/pingting114/mixed_bam/COLO829_PAO/TF1e-3_25x/TF1e-3_25x.rep1.bam.bai
[W::hts_idx_load3] The index file is older than the data file: /bip7_disk/pingting114/mixed_bam/COLO829_PAO/TF1e-3_25x/TF1e-3_25x.rep1.bam.bai
[W::hts_idx_load3] The index file is older than the data file: /bip7_disk/pingting114/mixed_bam/COLO829_PAO/TF1e-3_25x/TF1e-3_25x.rep1.bam.bai
[E::bam_parse_basemod2] 396bc494-2f96-4bc9-b398-c42474f83ad9: MM tag refers to bases beyond sequence length
[W::hts_idx_load3] The index file is older than the data file: /bip7_disk/pingting114/mixed_bam/COLO829_PAO/TF1e-3_25x/TF1e-3_25x.rep1.bam.bai
[W::bam_next_basemod] MM tag refers to bases beyond sequence length
[W::bam_next_basemod] MM tag refers to bases beyond sequence length
[W::hts_idx_load3] The index file is older than the data file: /bip7_disk/pingting114/mixed_bam/COLO829_PAO/TF1e-3_25x/TF1e-3_25x.rep1.bam.bai
[W::hts_idx_load3] The index file is older than the data file: /bip7_disk/pingting114/mixed_bam/COLO829_PAO/TF1e-3_25x/TF1e-3_25x.rep1.bam.bai
[W::hts_idx_load3] The index file is older than the data file: /bip7_disk/pingting114/mixed_bam/COLO829_PAO/TF1e-3_25x/TF1e-3_25x.rep1.bam.bai
[W::bam_next_basemod] MM tag refers to bases beyond sequence length
[W::hts_idx_load3] The index file is older than the data file: /bip7_disk/pingting114/mixed_bam/COLO829_PAO/TF1e-3_25x/TF1e-3_25x.rep1.bam.bai
[W::hts_idx_load3] The index file is older than the data file: /bip7_disk/pingting114/mixed_bam/COLO829_PAO/TF1e-3_25x/TF1e-3_25x.rep1.bam.bai
[W::bam_next_basemod] MM tag refers to bases beyond sequence length
[W::hts_idx_load3] The index file is older than the data file: /bip7_disk/pingting114/mixed_bam/COLO829_PAO/TF1e-3_25x/TF1e-3_25x.rep1.bam.bai
[W::hts_idx_load3] The index file is older than the data file: /bip7_disk/pingting114/mixed_bam/COLO829_PAO/TF1e-3_25x/TF1e-3_25x.rep1.bam.bai
[W::hts_idx_load3] The index file is older than the data file: /bip7_disk/pingting114/mixed_bam/COLO829_PAO/TF1e-3_25x/TF1e-3_25x.rep1.bam.bai
[W::hts_idx_load3] The index file is older than the data file: /bip7_disk/pingting114/mixed_bam/COLO829_PAO/TF1e-3_25x/TF1e-3_25x.rep1.bam.bai
[W::bam_next_basemod] MM tag refers to bases beyond sequence length
[W::hts_idx_load3] The index file is older than the data file: /bip7_disk/pingting114/mixed_bam/COLO829_PAO/TF1e-3_25x/TF1e-3_25x.rep1.bam.bai
[W::hts_idx_load3] The index file is older than the data file: /bip7_disk/pingting114/mixed_bam/COLO829_PAO/TF1e-3_25x/TF1e-3_25x.rep1.bam.bai
[W::hts_idx_load3] The index file is older than the data file: /bip7_disk/pingting114/mixed_bam/COLO829_PAO/TF1e-3_25x/TF1e-3_25x.rep1.bam.bai
[W::hts_idx_load3] The index file is older than the data file: /bip7_disk/pingting114/mixed_bam/COLO829_PAO/TF1e-3_25x/TF1e-3_25x.rep1.bam.bai
[W::hts_idx_load3] The index file is older than the data file: /bip7_disk/pingting114/mixed_bam/COLO829_PAO/TF1e-3_25x/TF1e-3_25x.rep1.bam.bai
[W::hts_idx_load3] The index file is older than the data file: /bip7_disk/pingting114/mixed_bam/COLO829_PAO/TF1e-3_25x/TF1e-3_25x.rep1.bam.bai
[W::hts_idx_load3] The index file is older than the data file: /bip7_disk/pingting114/mixed_bam/COLO829_PAO/TF1e-3_25x/TF1e-3_25x.rep1.bam.bai
[W::hts_idx_load3] The index file is older than the data file: /bip7_disk/pingting114/mixed_bam/COLO829_PAO/TF1e-3_25x/TF1e-3_25x.rep1.bam.bai
[W::hts_idx_load3] The index file is older than the data file: /bip7_disk/pingting114/mixed_bam/COLO829_PAO/TF1e-3_25x/TF1e-3_25x.rep1.bam.bai
[W::bam_next_basemod] MM tag refers to bases beyond sequence length
[W::hts_idx_load3] The index file is older than the data file: /bip7_disk/pingting114/mixed_bam/COLO829_PAO/TF1e-3_25x/TF1e-3_25x.rep1.bam.bai
[W::hts_idx_load3] The index file is older than the data file: /bip7_disk/pingting114/mixed_bam/COLO829_PAO/TF1e-3_25x/TF1e-3_25x.rep1.bam.bai
[E::bam_parse_basemod2] 9cc46c4c-f2e5-4c97-9f35-b2a77aaffa8c: MM tag refers to bases beyond sequence length
[W::hts_idx_load3] The index file is older than the data file: /bip7_disk/pingting114/mixed_bam/COLO829_PAO/TF1e-3_25x/TF1e-3_25x.rep1.bam.bai
[W::hts_idx_load3] The index file is older than the data file: /bip7_disk/pingting114/mixed_bam/COLO829_PAO/TF1e-3_25x/TF1e-3_25x.rep1.bam.bai
[W::hts_idx_load3] The index file is older than the data file: /bip7_disk/pingting114/mixed_bam/COLO829_PAO/TF1e-3_25x/TF1e-3_25x.rep1.bam.bai
[E::bam_parse_basemod2] 8217c24a-ccf1-4a5d-9ecf-2b3212c83f44: MM tag refers to bases beyond sequence length
[W::hts_idx_load3] The index file is older than the data file: /bip7_disk/pingting114/mixed_bam/COLO829_PAO/TF1e-3_25x/TF1e-3_25x.rep1.bam.bai
[W::hts_idx_load3] The index file is older than the data file: /bip7_disk/pingting114/mixed_bam/COLO829_PAO/TF1e-3_25x/TF1e-3_25x.rep1.bam.bai
[W::bam_next_basemod] MM tag refers to bases beyond sequence length
[W::hts_idx_load3] The index file is older than the data file: /bip7_disk/pingting114/mixed_bam/COLO829_PAO/TF1e-3_25x/TF1e-3_25x.rep1.bam.bai
[W::hts_idx_load3] The index file is older than the data file: /bip7_disk/pingting114/mixed_bam/COLO829_PAO/TF1e-3_25x/TF1e-3_25x.rep1.bam.bai
[W::bam_next_basemod] MM tag refers to bases beyond sequence length
[W::hts_idx_load3] The index file is older than the data file: /bip7_disk/pingting114/mixed_bam/COLO829_PAO/TF1e-3_25x/TF1e-3_25x.rep1.bam.bai
[W::hts_idx_load3] The index file is older than the data file: /bip7_disk/pingting114/mixed_bam/COLO829_PAO/TF1e-3_25x/TF1e-3_25x.rep1.bam.bai
[W::hts_idx_load3] The index file is older than the data file: /bip7_disk/pingting114/mixed_bam/COLO829_PAO/TF1e-3_25x/TF1e-3_25x.rep1.bam.bai
[W::hts_idx_load3] The index file is older than the data file: /bip7_disk/pingting114/mixed_bam/COLO829_PAO/TF1e-3_25x/TF1e-3_25x.rep1.bam.bai
[W::hts_idx_load3] The index file is older than the data file: /bip7_disk/pingting114/mixed_bam/COLO829_PAO/TF1e-3_25x/TF1e-3_25x.rep1.bam.bai
[W::bam_next_basemod] MM tag refers to bases beyond sequence length
[E::bam_parse_basemod2] ab1c1de3-265a-46e9-bfe0-525248f85704: MM tag refers to bases beyond sequence length
[W::hts_idx_load3] The index file is older than the data file: /bip7_disk/pingting114/mixed_bam/COLO829_PAO/TF1e-3_25x/TF1e-3_25x.rep1.bam.bai
[W::hts_idx_load3] The index file is older than the data file: /bip7_disk/pingting114/mixed_bam/COLO829_PAO/TF1e-3_25x/TF1e-3_25x.rep1.bam.bai
[W::hts_idx_load3] The index file is older than the data file: /bip7_disk/pingting114/mixed_bam/COLO829_PAO/TF1e-3_25x/TF1e-3_25x.rep1.bam.bai
[W::hts_idx_load3] The index file is older than the data file: /bip7_disk/pingting114/mixed_bam/COLO829_PAO/TF1e-3_25x/TF1e-3_25x.rep1.bam.bai
[W::hts_idx_load3] The index file is older than the data file: /bip7_disk/pingting114/mixed_bam/COLO829_PAO/TF1e-3_25x/TF1e-3_25x.rep1.bam.bai
[W::bam_next_basemod] MM tag refers to bases beyond sequence length
[W::bam_next_basemod] MM tag refers to bases beyond sequence length
[W::hts_idx_load3] The index file is older than the data file: /bip7_disk/pingting114/mixed_bam/COLO829_PAO/TF1e-3_25x/TF1e-3_25x.rep1.bam.bai
[W::hts_idx_load3] The index file is older than the data file: /bip7_disk/pingting114/mixed_bam/COLO829_PAO/TF1e-3_25x/TF1e-3_25x.rep1.bam.bai
[W::bam_next_basemod] MM tag refers to bases beyond sequence length
[W::hts_idx_load3] The index file is older than the data file: /bip7_disk/pingting114/mixed_bam/COLO829_PAO/TF1e-3_25x/TF1e-3_25x.rep1.bam.bai
[W::bam_next_basemod] MM tag refers to bases beyond sequence length
[W::hts_idx_load3] The index file is older than the data file: /bip7_disk/pingting114/mixed_bam/COLO829_PAO/TF1e-3_25x/TF1e-3_25x.rep1.bam.bai
[W::hts_idx_load3] The index file is older than the data file: /bip7_disk/pingting114/mixed_bam/COLO829_PAO/TF1e-3_25x/TF1e-3_25x.rep1.bam.bai
[W::hts_idx_load3] The index file is older than the data file: /bip7_disk/pingting114/mixed_bam/COLO829_PAO/TF1e-3_25x/TF1e-3_25x.rep1.bam.bai
[W::hts_idx_load3] The index file is older than the data file: /bip7_disk/pingting114/mixed_bam/COLO829_PAO/TF1e-3_25x/TF1e-3_25x.rep1.bam.bai
[W::hts_idx_load3] The index file is older than the data file: /bip7_disk/pingting114/mixed_bam/COLO829_PAO/TF1e-3_25x/TF1e-3_25x.rep1.bam.bai
[W::bam_next_basemod] MM tag refers to bases beyond sequence length
[E::bam_parse_basemod2] 723b6783-89ae-4504-ba0b-086999362221: MM tag refers to bases beyond sequence length
[W::hts_idx_load3] The index file is older than the data file: /bip7_disk/pingting114/mixed_bam/COLO829_PAO/TF1e-3_25x/TF1e-3_25x.rep1.bam.bai
[E::bam_parse_basemod2] bb34068b-652f-4d03-8e2c-2978cae9ddcd: MM tag refers to bases beyond sequence length
[W::hts_idx_load3] The index file is older than the data file: /bip7_disk/pingting114/mixed_bam/COLO829_PAO/TF1e-3_25x/TF1e-3_25x.rep1.bam.bai
[W::bam_next_basemod] MM tag refers to bases beyond sequence length
[W::hts_idx_load3] The index file is older than the data file: /bip7_disk/pingting114/mixed_bam/COLO829_PAO/TF1e-3_25x/TF1e-3_25x.rep1.bam.bai
[W::hts_idx_load3] The index file is older than the data file: /bip7_disk/pingting114/mixed_bam/COLO829_PAO/TF1e-3_25x/TF1e-3_25x.rep1.bam.bai
[E::bam_parse_basemod2] 023d9bec-e8fd-4746-a5b1-29f0f03c92cb: MM tag refers to bases beyond sequence length
[W::hts_idx_load3] The index file is older than the data file: /bip7_disk/pingting114/mixed_bam/COLO829_PAO/TF1e-3_25x/TF1e-3_25x.rep1.bam.bai
[W::hts_idx_load3] The index file is older than the data file: /bip7_disk/pingting114/mixed_bam/COLO829_PAO/TF1e-3_25x/TF1e-3_25x.rep1.bam.bai
[W::bam_next_basemod] MM tag refers to bases beyond sequence length
[W::hts_idx_load3] The index file is older than the data file: /bip7_disk/pingting114/mixed_bam/COLO829_PAO/TF1e-3_25x/TF1e-3_25x.rep1.bam.bai
[W::hts_idx_load3] The index file is older than the data file: /bip7_disk/pingting114/mixed_bam/COLO829_PAO/TF1e-3_25x/TF1e-3_25x.rep1.bam.bai
[W::hts_idx_load3] The index file is older than the data file: /bip7_disk/pingting114/mixed_bam/COLO829_PAO/TF1e-3_25x/TF1e-3_25x.rep1.bam.bai
[W::hts_idx_load3] The index file is older than the data file: /bip7_disk/pingting114/mixed_bam/COLO829_PAO/TF1e-3_25x/TF1e-3_25x.rep1.bam.bai
[W::hts_idx_load3] The index file is older than the data file: /bip7_disk/pingting114/mixed_bam/COLO829_PAO/TF1e-3_25x/TF1e-3_25x.rep1.bam.bai
[W::hts_idx_load3] The index file is older than the data file: /bip7_disk/pingting114/mixed_bam/COLO829_PAO/TF1e-3_25x/TF1e-3_25x.rep1.bam.bai
[W::hts_idx_load3] The index file is older than the data file: /bip7_disk/pingting114/mixed_bam/COLO829_PAO/TF1e-3_25x/TF1e-3_25x.rep1.bam.bai
[W::hts_idx_load3] The index file is older than the data file: /bip7_disk/pingting114/mixed_bam/COLO829_PAO/TF1e-3_25x/TF1e-3_25x.rep1.bam.bai
[W::hts_idx_load3] The index file is older than the data file: /bip7_disk/pingting114/mixed_bam/COLO829_PAO/TF1e-3_25x/TF1e-3_25x.rep1.bam.bai
[W::hts_idx_load3] The index file is older than the data file: /bip7_disk/pingting114/mixed_bam/COLO829_PAO/TF1e-3_25x/TF1e-3_25x.rep1.bam.bai
[W::hts_idx_load3] The index file is older than the data file: /bip7_disk/pingting114/mixed_bam/COLO829_PAO/TF1e-3_25x/TF1e-3_25x.rep1.bam.bai
[W::hts_idx_load3] The index file is older than the data file: /bip7_disk/pingting114/mixed_bam/COLO829_PAO/TF1e-3_25x/TF1e-3_25x.rep1.bam.bai
[E::bam_parse_basemod2] dc3a0d4b-a9e5-45ed-a65a-f386d598424e: MM tag refers to bases beyond sequence length
[W::hts_idx_load3] The index file is older than the data file: /bip7_disk/pingting114/mixed_bam/COLO829_PAO/TF1e-3_25x/TF1e-3_25x.rep1.bam.bai
[W::hts_idx_load3] The index file is older than the data file: /bip7_disk/pingting114/mixed_bam/COLO829_PAO/TF1e-3_25x/TF1e-3_25x.rep1.bam.bai
[W::hts_idx_load3] The index file is older than the data file: /bip7_disk/pingting114/mixed_bam/COLO829_PAO/TF1e-3_25x/TF1e-3_25x.rep1.bam.bai
[W::hts_idx_load3] The index file is older than the data file: /bip7_disk/pingting114/mixed_bam/COLO829_PAO/TF1e-3_25x/TF1e-3_25x.rep1.bam.bai
[E::bam_parse_basemod2] 37d8d966-324e-4f35-b397-8b43b9ff8a42: MM tag refers to bases beyond sequence length
[W::hts_idx_load3] The index file is older than the data file: /bip7_disk/pingting114/mixed_bam/COLO829_PAO/TF1e-3_25x/TF1e-3_25x.rep1.bam.bai
[W::hts_idx_load3] The index file is older than the data file: /bip7_disk/pingting114/mixed_bam/COLO829_PAO/TF1e-3_25x/TF1e-3_25x.rep1.bam.bai
[W::hts_idx_load3] The index file is older than the data file: /bip7_disk/pingting114/mixed_bam/COLO829_PAO/TF1e-3_25x/TF1e-3_25x.rep1.bam.bai
[W::hts_idx_load3] The index file is older than the data file: /bip7_disk/pingting114/mixed_bam/COLO829_PAO/TF1e-3_25x/TF1e-3_25x.rep1.bam.bai
[W::bam_next_basemod] MM tag refers to bases beyond sequence length
[W::hts_idx_load3] The index file is older than the data file: /bip7_disk/pingting114/mixed_bam/COLO829_PAO/TF1e-3_25x/TF1e-3_25x.rep1.bam.bai
[W::bam_next_basemod] MM tag refers to bases beyond sequence length
[W::hts_idx_load3] The index file is older than the data file: /bip7_disk/pingting114/mixed_bam/COLO829_PAO/TF1e-3_25x/TF1e-3_25x.rep1.bam.bai
[W::hts_idx_load3] The index file is older than the data file: /bip7_disk/pingting114/mixed_bam/COLO829_PAO/TF1e-3_25x/TF1e-3_25x.rep1.bam.bai
[W::bam_next_basemod] MM tag refers to bases beyond sequence length
[W::hts_idx_load3] The index file is older than the data file: /bip7_disk/pingting114/mixed_bam/COLO829_PAO/TF1e-3_25x/TF1e-3_25x.rep1.bam.bai
[W::hts_idx_load3] The index file is older than the data file: /bip7_disk/pingting114/mixed_bam/COLO829_PAO/TF1e-3_25x/TF1e-3_25x.rep1.bam.bai
[W::hts_idx_load3] The index file is older than the data file: /bip7_disk/pingting114/mixed_bam/COLO829_PAO/TF1e-3_25x/TF1e-3_25x.rep1.bam.bai
[W::hts_idx_load3] The index file is older than the data file: /bip7_disk/pingting114/mixed_bam/COLO829_PAO/TF1e-3_25x/TF1e-3_25x.rep1.bam.bai
[W::bam_next_basemod] MM tag refers to bases beyond sequence length
[W::hts_idx_load3] The index file is older than the data file: /bip7_disk/pingting114/mixed_bam/COLO829_PAO/TF1e-3_25x/TF1e-3_25x.rep1.bam.bai
[W::bam_next_basemod] MM tag refers to bases beyond sequence length
[W::hts_idx_load3] The index file is older than the data file: /bip7_disk/pingting114/mixed_bam/COLO829_PAO/TF1e-3_25x/TF1e-3_25x.rep1.bam.bai
[W::hts_idx_load3] The index file is older than the data file: /bip7_disk/pingting114/mixed_bam/COLO829_PAO/TF1e-3_25x/TF1e-3_25x.rep1.bam.bai
[W::hts_idx_load3] The index file is older than the data file: /bip7_disk/pingting114/mixed_bam/COLO829_PAO/TF1e-3_25x/TF1e-3_25x.rep1.bam.bai
[W::hts_idx_load3] The index file is older than the data file: /bip7_disk/pingting114/mixed_bam/COLO829_PAO/TF1e-3_25x/TF1e-3_25x.rep1.bam.bai
[W::bam_next_basemod] MM tag refers to bases beyond sequence length
[W::hts_idx_load3] The index file is older than the data file: /bip7_disk/pingting114/mixed_bam/COLO829_PAO/TF1e-3_25x/TF1e-3_25x.rep1.bam.bai
[E::bam_parse_basemod2] 42a752ca-369e-407e-94c1-0af4491ad92e: MM tag refers to bases beyond sequence length
[W::hts_idx_load3] The index file is older than the data file: /bip7_disk/pingting114/mixed_bam/COLO829_PAO/TF1e-3_25x/TF1e-3_25x.rep1.bam.bai
[W::bam_next_basemod] MM tag refers to bases beyond sequence length
[W::bam_next_basemod] MM tag refers to bases beyond sequence length
[W::hts_idx_load3] The index file is older than the data file: /bip7_disk/pingting114/mixed_bam/COLO829_PAO/TF1e-3_25x/TF1e-3_25x.rep1.bam.bai
[W::hts_idx_load3] The index file is older than the data file: /bip7_disk/pingting114/mixed_bam/COLO829_PAO/TF1e-3_25x/TF1e-3_25x.rep1.bam.bai
[W::bam_next_basemod] MM tag refers to bases beyond sequence length
[W::hts_idx_load3] The index file is older than the data file: /bip7_disk/pingting114/mixed_bam/COLO829_PAO/TF1e-3_25x/TF1e-3_25x.rep1.bam.bai
[W::hts_idx_load3] The index file is older than the data file: /bip7_disk/pingting114/mixed_bam/COLO829_PAO/TF1e-3_25x/TF1e-3_25x.rep1.bam.bai
[W::bam_next_basemod] MM tag refers to bases beyond sequence length
[E::bam_parse_basemod2] 13def9c1-c2aa-496c-a4fc-5f2c304b21bf: MM tag refers to bases beyond sequence length
[W::bam_next_basemod] MM tag refers to bases beyond sequence length
[W::hts_idx_load3] The index file is older than the data file: /bip7_disk/pingting114/mixed_bam/COLO829_PAO/TF1e-3_25x/TF1e-3_25x.rep1.bam.bai
[W::bam_next_basemod] MM tag refers to bases beyond sequence length
[W::bam_next_basemod] MM tag refers to bases beyond sequence length
[W::hts_idx_load3] The index file is older than the data file: /bip7_disk/pingting114/mixed_bam/COLO829_PAO/TF1e-3_25x/TF1e-3_25x.rep1.bam.bai
[W::hts_idx_load3] The index file is older than the data file: /bip7_disk/pingting114/mixed_bam/COLO829_PAO/TF1e-3_25x/TF1e-3_25x.rep1.bam.bai
[E::bam_parse_basemod2] f1e4bee4-d628-46d3-8427-6225537e0776: MM tag refers to bases beyond sequence length
[W::hts_idx_load3] The index file is older than the data file: /bip7_disk/pingting114/mixed_bam/COLO829_PAO/TF1e-3_25x/TF1e-3_25x.rep1.bam.bai
[W::bam_next_basemod] MM tag refers to bases beyond sequence length
[W::bam_next_basemod] MM tag refers to bases beyond sequence length
[W::hts_idx_load3] The index file is older than the data file: /bip7_disk/pingting114/mixed_bam/COLO829_PAO/TF1e-3_25x/TF1e-3_25x.rep1.bam.bai
[W::hts_idx_load3] The index file is older than the data file: /bip7_disk/pingting114/mixed_bam/COLO829_PAO/TF1e-3_25x/TF1e-3_25x.rep1.bam.bai
[W::hts_idx_load3] The index file is older than the data file: /bip7_disk/pingting114/mixed_bam/COLO829_PAO/TF1e-3_25x/TF1e-3_25x.rep1.bam.bai
[W::bam_next_basemod] MM tag refers to bases beyond sequence length
[W::bam_next_basemod] MM tag refers to bases beyond sequence length
[W::hts_idx_load3] The index file is older than the data file: /bip7_disk/pingting114/mixed_bam/COLO829_PAO/TF1e-3_25x/TF1e-3_25x.rep1.bam.bai
[E::bam_parse_basemod2] da52163e-66b4-460a-9352-00133d8d505f: MM tag refers to bases beyond sequence length
[W::hts_idx_load3] The index file is older than the data file: /bip7_disk/pingting114/mixed_bam/COLO829_PAO/TF1e-3_25x/TF1e-3_25x.rep1.bam.bai
[W::hts_idx_load3] The index file is older than the data file: /bip7_disk/pingting114/mixed_bam/COLO829_PAO/TF1e-3_25x/TF1e-3_25x.rep1.bam.bai
[W::hts_idx_load3] The index file is older than the data file: /bip7_disk/pingting114/mixed_bam/COLO829_PAO/TF1e-3_25x/TF1e-3_25x.rep1.bam.bai
[W::bam_next_basemod] MM tag refers to bases beyond sequence length
[W::hts_idx_load3] The index file is older than the data file: /bip7_disk/pingting114/mixed_bam/COLO829_PAO/TF1e-3_25x/TF1e-3_25x.rep1.bam.bai
[W::hts_idx_load3] The index file is older than the data file: /bip7_disk/pingting114/mixed_bam/COLO829_PAO/TF1e-3_25x/TF1e-3_25x.rep1.bam.bai
[W::hts_idx_load3] The index file is older than the data file: /bip7_disk/pingting114/mixed_bam/COLO829_PAO/TF1e-3_25x/TF1e-3_25x.rep1.bam.bai
[W::hts_idx_load3] The index file is older than the data file: /bip7_disk/pingting114/mixed_bam/COLO829_PAO/TF1e-3_25x/TF1e-3_25x.rep1.bam.bai
[W::hts_idx_load3] The index file is older than the data file: /bip7_disk/pingting114/mixed_bam/COLO829_PAO/TF1e-3_25x/TF1e-3_25x.rep1.bam.bai
[W::hts_idx_load3] The index file is older than the data file: /bip7_disk/pingting114/mixed_bam/COLO829_PAO/TF1e-3_25x/TF1e-3_25x.rep1.bam.bai
[W::hts_idx_load3] The index file is older than the data file: /bip7_disk/pingting114/mixed_bam/COLO829_PAO/TF1e-3_25x/TF1e-3_25x.rep1.bam.bai
[W::hts_idx_load3] The index file is older than the data file: /bip7_disk/pingting114/mixed_bam/COLO829_PAO/TF1e-3_25x/TF1e-3_25x.rep1.bam.bai
[W::hts_idx_load3] The index file is older than the data file: /bip7_disk/pingting114/mixed_bam/COLO829_PAO/TF1e-3_25x/TF1e-3_25x.rep1.bam.bai
[W::hts_idx_load3] The index file is older than the data file: /bip7_disk/pingting114/mixed_bam/COLO829_PAO/TF1e-3_25x/TF1e-3_25x.rep1.bam.bai
[E::bam_parse_basemod2] eeba65a7-b8e8-41e7-9a3e-cd02252321a7: MM tag refers to bases beyond sequence length
[W::hts_idx_load3] The index file is older than the data file: /bip7_disk/pingting114/mixed_bam/COLO829_PAO/TF1e-3_25x/TF1e-3_25x.rep1.bam.bai
[W::hts_idx_load3] The index file is older than the data file: /bip7_disk/pingting114/mixed_bam/COLO829_PAO/TF1e-3_25x/TF1e-3_25x.rep1.bam.bai
[W::hts_idx_load3] The index file is older than the data file: /bip7_disk/pingting114/mixed_bam/COLO829_PAO/TF1e-3_25x/TF1e-3_25x.rep1.bam.bai
[E::bam_parse_basemod2] e0c75c29-8fe1-49fa-bde1-c13ea84264e2: MM tag refers to bases beyond sequence length
[W::hts_idx_load3] The index file is older than the data file: /bip7_disk/pingting114/mixed_bam/COLO829_PAO/TF1e-3_25x/TF1e-3_25x.rep1.bam.bai
[W::hts_idx_load3] The index file is older than the data file: /bip7_disk/pingting114/mixed_bam/COLO829_PAO/TF1e-3_25x/TF1e-3_25x.rep1.bam.bai
[W::bam_next_basemod] MM tag refers to bases beyond sequence length
[W::hts_idx_load3] The index file is older than the data file: /bip7_disk/pingting114/mixed_bam/COLO829_PAO/TF1e-3_25x/TF1e-3_25x.rep1.bam.bai
[W::hts_idx_load3] The index file is older than the data file: /bip7_disk/pingting114/mixed_bam/COLO829_PAO/TF1e-3_25x/TF1e-3_25x.rep1.bam.bai
[W::hts_idx_load3] The index file is older than the data file: /bip7_disk/pingting114/mixed_bam/COLO829_PAO/TF1e-3_25x/TF1e-3_25x.rep1.bam.bai
[W::hts_idx_load3] The index file is older than the data file: /bip7_disk/pingting114/mixed_bam/COLO829_PAO/TF1e-3_25x/TF1e-3_25x.rep1.bam.bai
[W::hts_idx_load3] The index file is older than the data file: /bip7_disk/pingting114/mixed_bam/COLO829_PAO/TF1e-3_25x/TF1e-3_25x.rep1.bam.bai
[E::bam_parse_basemod2] 3a91e141-c761-4a9e-ae8a-245e80a6e25b: MM tag refers to bases beyond sequence length
[W::hts_idx_load3] The index file is older than the data file: /bip7_disk/pingting114/mixed_bam/COLO829_PAO/TF1e-3_25x/TF1e-3_25x.rep1.bam.bai
[E::bam_parse_basemod2] 478e7022-a43d-43e1-b935-7d0bfeac9bfb: MM tag refers to bases beyond sequence length
[W::hts_idx_load3] The index file is older than the data file: /bip7_disk/pingting114/mixed_bam/COLO829_PAO/TF1e-3_25x/TF1e-3_25x.rep1.bam.bai
[W::bam_next_basemod] MM tag refers to bases beyond sequence length
[W::hts_idx_load3] The index file is older than the data file: /bip7_disk/pingting114/mixed_bam/COLO829_PAO/TF1e-3_25x/TF1e-3_25x.rep1.bam.bai
[W::hts_idx_load3] The index file is older than the data file: /bip7_disk/pingting114/mixed_bam/COLO829_PAO/TF1e-3_25x/TF1e-3_25x.rep1.bam.bai
[W::bam_next_basemod] MM tag refers to bases beyond sequence length
[W::hts_idx_load3] The index file is older than the data file: /bip7_disk/pingting114/mixed_bam/COLO829_PAO/TF1e-3_25x/TF1e-3_25x.rep1.bam.bai
[W::bam_next_basemod] MM tag refers to bases beyond sequence length
[W::hts_idx_load3] The index file is older than the data file: /bip7_disk/pingting114/mixed_bam/COLO829_PAO/TF1e-3_25x/TF1e-3_25x.rep1.bam.bai
[W::bam_next_basemod] MM tag refers to bases beyond sequence length
[W::hts_idx_load3] The index file is older than the data file: /bip7_disk/pingting114/mixed_bam/COLO829_PAO/TF1e-3_25x/TF1e-3_25x.rep1.bam.bai
[W::hts_idx_load3] The index file is older than the data file: /bip7_disk/pingting114/mixed_bam/COLO829_PAO/TF1e-3_25x/TF1e-3_25x.rep1.bam.bai
[W::hts_idx_load3] The index file is older than the data file: /bip7_disk/pingting114/mixed_bam/COLO829_PAO/TF1e-3_25x/TF1e-3_25x.rep1.bam.bai
[W::hts_idx_load3] The index file is older than the data file: /bip7_disk/pingting114/mixed_bam/COLO829_PAO/TF1e-3_25x/TF1e-3_25x.rep1.bam.bai
[W::hts_idx_load3] The index file is older than the data file: /bip7_disk/pingting114/mixed_bam/COLO829_PAO/TF1e-3_25x/TF1e-3_25x.rep1.bam.bai
[W::hts_idx_load3] The index file is older than the data file: /bip7_disk/pingting114/mixed_bam/COLO829_PAO/TF1e-3_25x/TF1e-3_25x.rep1.bam.bai
[W::hts_idx_load3] The index file is older than the data file: /bip7_disk/pingting114/mixed_bam/COLO829_PAO/TF1e-3_25x/TF1e-3_25x.rep1.bam.bai
[W::hts_idx_load3] The index file is older than the data file: /bip7_disk/pingting114/mixed_bam/COLO829_PAO/TF1e-3_25x/TF1e-3_25x.rep1.bam.bai
[W::hts_idx_load3] The index file is older than the data file: /bip7_disk/pingting114/mixed_bam/COLO829_PAO/TF1e-3_25x/TF1e-3_25x.rep1.bam.bai
[W::hts_idx_load3] The index file is older than the data file: /bip7_disk/pingting114/mixed_bam/COLO829_PAO/TF1e-3_25x/TF1e-3_25x.rep1.bam.bai
[W::hts_idx_load3] The index file is older than the data file: /bip7_disk/pingting114/mixed_bam/COLO829_PAO/TF1e-3_25x/TF1e-3_25x.rep1.bam.bai
[W::hts_idx_load3] The index file is older than the data file: /bip7_disk/pingting114/mixed_bam/COLO829_PAO/TF1e-3_25x/TF1e-3_25x.rep1.bam.bai
[E::bam_parse_basemod2] 97a0e4b8-774a-4afb-89a8-e491fc7a01b7: MM tag refers to bases beyond sequence length
[W::hts_idx_load3] The index file is older than the data file: /bip7_disk/pingting114/mixed_bam/COLO829_PAO/TF1e-3_25x/TF1e-3_25x.rep1.bam.bai
[W::hts_idx_load3] The index file is older than the data file: /bip7_disk/pingting114/mixed_bam/COLO829_PAO/TF1e-3_25x/TF1e-3_25x.rep1.bam.bai
[W::hts_idx_load3] The index file is older than the data file: /bip7_disk/pingting114/mixed_bam/COLO829_PAO/TF1e-3_25x/TF1e-3_25x.rep1.bam.bai
[W::hts_idx_load3] The index file is older than the data file: /bip7_disk/pingting114/mixed_bam/COLO829_PAO/TF1e-3_25x/TF1e-3_25x.rep1.bam.bai
[W::bam_next_basemod] MM tag refers to bases beyond sequence length
[E::bam_parse_basemod2] 6311de66-e2dc-4cd5-b26c-c3d6ee163314: MM tag refers to bases beyond sequence length
[W::hts_idx_load3] The index file is older than the data file: /bip7_disk/pingting114/mixed_bam/COLO829_PAO/TF1e-3_25x/TF1e-3_25x.rep1.bam.bai
[W::hts_idx_load3] The index file is older than the data file: /bip7_disk/pingting114/mixed_bam/COLO829_PAO/TF1e-3_25x/TF1e-3_25x.rep1.bam.bai
[W::hts_idx_load3] The index file is older than the data file: /bip7_disk/pingting114/mixed_bam/COLO829_PAO/TF1e-3_25x/TF1e-3_25x.rep1.bam.bai
[W::bam_next_basemod] MM tag refers to bases beyond sequence length
[W::hts_idx_load3] The index file is older than the data file: /bip7_disk/pingting114/mixed_bam/COLO829_PAO/TF1e-3_25x/TF1e-3_25x.rep1.bam.bai
[W::hts_idx_load3] The index file is older than the data file: /bip7_disk/pingting114/mixed_bam/COLO829_PAO/TF1e-3_25x/TF1e-3_25x.rep1.bam.bai
[W::hts_idx_load3] The index file is older than the data file: /bip7_disk/pingting114/mixed_bam/COLO829_PAO/TF1e-3_25x/TF1e-3_25x.rep1.bam.bai
[W::hts_idx_load3] The index file is older than the data file: /bip7_disk/pingting114/mixed_bam/COLO829_PAO/TF1e-3_25x/TF1e-3_25x.rep1.bam.bai
[E::bam_parse_basemod2] a88212be-58bb-41a7-a518-6395a4dd78aa: MM tag refers to bases beyond sequence length
[W::hts_idx_load3] The index file is older than the data file: /bip7_disk/pingting114/mixed_bam/COLO829_PAO/TF1e-3_25x/TF1e-3_25x.rep1.bam.bai
[W::bam_next_basemod] MM tag refers to bases beyond sequence length
[W::hts_idx_load3] The index file is older than the data file: /bip7_disk/pingting114/mixed_bam/COLO829_PAO/TF1e-3_25x/TF1e-3_25x.rep1.bam.bai
[W::hts_idx_load3] The index file is older than the data file: /bip7_disk/pingting114/mixed_bam/COLO829_PAO/TF1e-3_25x/TF1e-3_25x.rep1.bam.bai
[W::hts_idx_load3] The index file is older than the data file: /bip7_disk/pingting114/mixed_bam/COLO829_PAO/TF1e-3_25x/TF1e-3_25x.rep1.bam.bai
[W::hts_idx_load3] The index file is older than the data file: /bip7_disk/pingting114/mixed_bam/COLO829_PAO/TF1e-3_25x/TF1e-3_25x.rep1.bam.bai
[E::bam_parse_basemod2] 0fdd6e69-b3b8-4a1d-8d11-a329d9ee40f4: MM tag refers to bases beyond sequence length
[W::hts_idx_load3] The index file is older than the data file: /bip7_disk/pingting114/mixed_bam/COLO829_PAO/TF1e-3_25x/TF1e-3_25x.rep1.bam.bai
[W::hts_idx_load3] The index file is older than the data file: /bip7_disk/pingting114/mixed_bam/COLO829_PAO/TF1e-3_25x/TF1e-3_25x.rep1.bam.bai
[W::hts_idx_load3] The index file is older than the data file: /bip7_disk/pingting114/mixed_bam/COLO829_PAO/TF1e-3_25x/TF1e-3_25x.rep1.bam.bai
[W::hts_idx_load3] The index file is older than the data file: /bip7_disk/pingting114/mixed_bam/COLO829_PAO/TF1e-3_25x/TF1e-3_25x.rep1.bam.bai
[E::bam_parse_basemod2] 4b5f54cb-e176-4767-9abf-91bd3306037b: MM tag refers to bases beyond sequence length
[W::hts_idx_load3] The index file is older than the data file: /bip7_disk/pingting114/mixed_bam/COLO829_PAO/TF1e-3_25x/TF1e-3_25x.rep1.bam.bai
[W::hts_idx_load3] The index file is older than the data file: /bip7_disk/pingting114/mixed_bam/COLO829_PAO/TF1e-3_25x/TF1e-3_25x.rep1.bam.bai
[W::bam_next_basemod] MM tag refers to bases beyond sequence length
[W::hts_idx_load3] The index file is older than the data file: /bip7_disk/pingting114/mixed_bam/COLO829_PAO/TF1e-3_25x/TF1e-3_25x.rep1.bam.bai
[W::hts_idx_load3] The index file is older than the data file: /bip7_disk/pingting114/mixed_bam/COLO829_PAO/TF1e-3_25x/TF1e-3_25x.rep1.bam.bai
[W::hts_idx_load3] The index file is older than the data file: /bip7_disk/pingting114/mixed_bam/COLO829_PAO/TF1e-3_25x/TF1e-3_25x.rep1.bam.bai
[W::hts_idx_load3] The index file is older than the data file: /bip7_disk/pingting114/mixed_bam/COLO829_PAO/TF1e-3_25x/TF1e-3_25x.rep1.bam.bai
[W::hts_idx_load3] The index file is older than the data file: /bip7_disk/pingting114/mixed_bam/COLO829_PAO/TF1e-3_25x/TF1e-3_25x.rep1.bam.bai
[W::hts_idx_load3] The index file is older than the data file: /bip7_disk/pingting114/mixed_bam/COLO829_PAO/TF1e-3_25x/TF1e-3_25x.rep1.bam.bai
[W::hts_idx_load3] The index file is older than the data file: /bip7_disk/pingting114/mixed_bam/COLO829_PAO/TF1e-3_25x/TF1e-3_25x.rep1.bam.bai
[E::bam_parse_basemod2] 8bc2ab47-e2eb-48e5-89af-c1cffbd53b08: MM tag refers to bases beyond sequence length
[W::hts_idx_load3] The index file is older than the data file: /bip7_disk/pingting114/mixed_bam/COLO829_PAO/TF1e-3_25x/TF1e-3_25x.rep1.bam.bai
[E::bam_parse_basemod2] e07a397d-0770-42e8-acd2-dd174a439a55: MM tag refers to bases beyond sequence length
[W::hts_idx_load3] The index file is older than the data file: /bip7_disk/pingting114/mixed_bam/COLO829_PAO/TF1e-3_25x/TF1e-3_25x.rep1.bam.bai
[W::hts_idx_load3] The index file is older than the data file: /bip7_disk/pingting114/mixed_bam/COLO829_PAO/TF1e-3_25x/TF1e-3_25x.rep1.bam.bai
[W::hts_idx_load3] The index file is older than the data file: /bip7_disk/pingting114/mixed_bam/COLO829_PAO/TF1e-3_25x/TF1e-3_25x.rep1.bam.bai
[W::hts_idx_load3] The index file is older than the data file: /bip7_disk/pingting114/mixed_bam/COLO829_PAO/TF1e-3_25x/TF1e-3_25x.rep1.bam.bai
[W::bam_next_basemod] MM tag refers to bases beyond sequence length
[W::hts_idx_load3] The index file is older than the data file: /bip7_disk/pingting114/mixed_bam/COLO829_PAO/TF1e-3_25x/TF1e-3_25x.rep1.bam.bai
[E::bam_parse_basemod2] 82ef3966-adc0-4716-8cb9-90159281e1c5: MM tag refers to bases beyond sequence length
[W::hts_idx_load3] The index file is older than the data file: /bip7_disk/pingting114/mixed_bam/COLO829_PAO/TF1e-3_25x/TF1e-3_25x.rep1.bam.bai
[W::hts_idx_load3] The index file is older than the data file: /bip7_disk/pingting114/mixed_bam/COLO829_PAO/TF1e-3_25x/TF1e-3_25x.rep1.bam.bai
[W::bam_next_basemod] MM tag refers to bases beyond sequence length
[W::hts_idx_load3] The index file is older than the data file: /bip7_disk/pingting114/mixed_bam/COLO829_PAO/TF1e-3_25x/TF1e-3_25x.rep1.bam.bai
[W::hts_idx_load3] The index file is older than the data file: /bip7_disk/pingting114/mixed_bam/COLO829_PAO/TF1e-3_25x/TF1e-3_25x.rep1.bam.bai
[W::hts_idx_load3] The index file is older than the data file: /bip7_disk/pingting114/mixed_bam/COLO829_PAO/TF1e-3_25x/TF1e-3_25x.rep1.bam.bai
[E::bam_parse_basemod2] ac4a3948-59e2-4c70-b22c-6d4f9020f2a8: MM tag refers to bases beyond sequence length
[W::hts_idx_load3] The index file is older than the data file: /bip7_disk/pingting114/mixed_bam/COLO829_PAO/TF1e-3_25x/TF1e-3_25x.rep1.bam.bai
[W::hts_idx_load3] The index file is older than the data file: /bip7_disk/pingting114/mixed_bam/COLO829_PAO/TF1e-3_25x/TF1e-3_25x.rep1.bam.bai
[E::bam_parse_basemod2] d54f2ef3-0ddb-44bb-8e19-60fa77818806: MM tag refers to bases beyond sequence length
[W::bam_next_basemod] MM tag refers to bases beyond sequence length
[W::bam_next_basemod] MM tag refers to bases beyond sequence length
[E::bam_parse_basemod2] f1e0635e-c22b-4d7d-b7c6-0c2614cac343: MM tag refers to bases beyond sequence length
[W::hts_idx_load3] The index file is older than the data file: /bip7_disk/pingting114/mixed_bam/COLO829_PAO/TF1e-3_25x/TF1e-3_25x.rep1.bam.bai
[W::hts_idx_load3] The index file is older than the data file: /bip7_disk/pingting114/mixed_bam/COLO829_PAO/TF1e-3_25x/TF1e-3_25x.rep1.bam.bai
[W::hts_idx_load3] The index file is older than the data file: /bip7_disk/pingting114/mixed_bam/COLO829_PAO/TF1e-3_25x/TF1e-3_25x.rep1.bam.bai
[W::hts_idx_load3] The index file is older than the data file: /bip7_disk/pingting114/mixed_bam/COLO829_PAO/TF1e-3_25x/TF1e-3_25x.rep1.bam.bai
[W::bam_next_basemod] MM tag refers to bases beyond sequence length
[W::bam_next_basemod] MM tag refers to bases beyond sequence length
[W::hts_idx_load3] The index file is older than the data file: /bip7_disk/pingting114/mixed_bam/COLO829_PAO/TF1e-3_25x/TF1e-3_25x.rep1.bam.bai
[W::hts_idx_load3] The index file is older than the data file: /bip7_disk/pingting114/mixed_bam/COLO829_PAO/TF1e-3_25x/TF1e-3_25x.rep1.bam.bai
[E::bam_parse_basemod2] 6f0e928f-78e4-4b49-9337-7bd6f7d97f76: MM tag refers to bases beyond sequence length
[W::hts_idx_load3] The index file is older than the data file: /bip7_disk/pingting114/mixed_bam/COLO829_PAO/TF1e-3_25x/TF1e-3_25x.rep1.bam.bai
[W::hts_idx_load3] The index file is older than the data file: /bip7_disk/pingting114/mixed_bam/COLO829_PAO/TF1e-3_25x/TF1e-3_25x.rep1.bam.bai
[W::bam_next_basemod] MM tag refers to bases beyond sequence length
[W::hts_idx_load3] The index file is older than the data file: /bip7_disk/pingting114/mixed_bam/COLO829_PAO/TF1e-3_25x/TF1e-3_25x.rep1.bam.bai
[W::hts_idx_load3] The index file is older than the data file: /bip7_disk/pingting114/mixed_bam/COLO829_PAO/TF1e-3_25x/TF1e-3_25x.rep1.bam.bai
[W::bam_next_basemod] MM tag refers to bases beyond sequence length
[W::hts_idx_load3] The index file is older than the data file: /bip7_disk/pingting114/mixed_bam/COLO829_PAO/TF1e-3_25x/TF1e-3_25x.rep1.bam.bai
[W::bam_next_basemod] MM tag refers to bases beyond sequence length
[E::bam_parse_basemod2] ea45e4e5-1d39-4f1e-877d-3169da6ecd37: MM tag refers to bases beyond sequence length
[W::hts_idx_load3] The index file is older than the data file: /bip7_disk/pingting114/mixed_bam/COLO829_PAO/TF1e-3_25x/TF1e-3_25x.rep1.bam.bai
[W::hts_idx_load3] The index file is older than the data file: /bip7_disk/pingting114/mixed_bam/COLO829_PAO/TF1e-3_25x/TF1e-3_25x.rep1.bam.bai
[E::bam_parse_basemod2] c858188f-6966-4f28-9815-3fff2f1cca2e: MM tag refers to bases beyond sequence length
[W::hts_idx_load3] The index file is older than the data file: /bip7_disk/pingting114/mixed_bam/COLO829_PAO/TF1e-3_25x/TF1e-3_25x.rep1.bam.bai
[W::bam_next_basemod] MM tag refers to bases beyond sequence length
[W::hts_idx_load3] The index file is older than the data file: /bip7_disk/pingting114/mixed_bam/COLO829_PAO/TF1e-3_25x/TF1e-3_25x.rep1.bam.bai
[W::hts_idx_load3] The index file is older than the data file: /bip7_disk/pingting114/mixed_bam/COLO829_PAO/TF1e-3_25x/TF1e-3_25x.rep1.bam.bai
[W::hts_idx_load3] The index file is older than the data file: /bip7_disk/pingting114/mixed_bam/COLO829_PAO/TF1e-3_25x/TF1e-3_25x.rep1.bam.bai
[W::bam_next_basemod] MM tag refers to bases beyond sequence length
[E::bam_parse_basemod2] a58e9189-c936-448e-9b84-da7954193894: MM tag refers to bases beyond sequence length
[W::hts_idx_load3] The index file is older than the data file: /bip7_disk/pingting114/mixed_bam/COLO829_PAO/TF1e-3_25x/TF1e-3_25x.rep1.bam.bai
[W::hts_idx_load3] The index file is older than the data file: /bip7_disk/pingting114/mixed_bam/COLO829_PAO/TF1e-3_25x/TF1e-3_25x.rep1.bam.bai
[E::bam_parse_basemod2] 3201bc50-47bc-478b-baa5-fb1736255d37: MM tag refers to bases beyond sequence length
[W::hts_idx_load3] The index file is older than the data file: /bip7_disk/pingting114/mixed_bam/COLO829_PAO/TF1e-3_25x/TF1e-3_25x.rep1.bam.bai
[W::hts_idx_load3] The index file is older than the data file: /bip7_disk/pingting114/mixed_bam/COLO829_PAO/TF1e-3_25x/TF1e-3_25x.rep1.bam.bai
[W::hts_idx_load3] The index file is older than the data file: /bip7_disk/pingting114/mixed_bam/COLO829_PAO/TF1e-3_25x/TF1e-3_25x.rep1.bam.bai
[W::hts_idx_load3] The index file is older than the data file: /bip7_disk/pingting114/mixed_bam/COLO829_PAO/TF1e-3_25x/TF1e-3_25x.rep1.bam.bai
[E::bam_parse_basemod2] 29fc6954-2235-4b99-ab2e-3163ff1e9ad1: MM tag refers to bases beyond sequence length
[W::hts_idx_load3] The index file is older than the data file: /bip7_disk/pingting114/mixed_bam/COLO829_PAO/TF1e-3_25x/TF1e-3_25x.rep1.bam.bai
[E::bam_parse_basemod2] 41cc76e1-29e3-420f-b305-dafdcd60277e: MM tag refers to bases beyond sequence length
[W::hts_idx_load3] The index file is older than the data file: /bip7_disk/pingting114/mixed_bam/COLO829_PAO/TF1e-3_25x/TF1e-3_25x.rep1.bam.bai
[W::bam_next_basemod] MM tag refers to bases beyond sequence length
[W::hts_idx_load3] The index file is older than the data file: /bip7_disk/pingting114/mixed_bam/COLO829_PAO/TF1e-3_25x/TF1e-3_25x.rep1.bam.bai
[W::hts_idx_load3] The index file is older than the data file: /bip7_disk/pingting114/mixed_bam/COLO829_PAO/TF1e-3_25x/TF1e-3_25x.rep1.bam.bai
[W::hts_idx_load3] The index file is older than the data file: /bip7_disk/pingting114/mixed_bam/COLO829_PAO/TF1e-3_25x/TF1e-3_25x.rep1.bam.bai
[W::hts_idx_load3] The index file is older than the data file: /bip7_disk/pingting114/mixed_bam/COLO829_PAO/TF1e-3_25x/TF1e-3_25x.rep1.bam.bai
[W::hts_idx_load3] The index file is older than the data file: /bip7_disk/pingting114/mixed_bam/COLO829_PAO/TF1e-3_25x/TF1e-3_25x.rep1.bam.bai
[W::bam_next_basemod] MM tag refers to bases beyond sequence length
[W::hts_idx_load3] The index file is older than the data file: /bip7_disk/pingting114/mixed_bam/COLO829_PAO/TF1e-3_25x/TF1e-3_25x.rep1.bam.bai
[W::bam_next_basemod] MM tag refers to bases beyond sequence length
[W::bam_next_basemod] MM tag refers to bases beyond sequence length
[W::bam_next_basemod] MM tag refers to bases beyond sequence length
[W::bam_next_basemod] MM tag refers to bases beyond sequence length
[E::bam_parse_basemod2] a39805bb-d8a0-4e3a-8022-f79040e7062a: MM tag refers to bases beyond sequence length
[E::bam_parse_basemod2] 18620641-6f5b-43d9-ae1d-9e995090b23d: MM tag refers to bases beyond sequence length
[E::bam_parse_basemod2] 1eb468de-b026-4c78-835b-e5409cf88d88: MM tag refers to bases beyond sequence length
[E::bam_parse_basemod2] b96f547e-754f-46e8-84b3-37f02894f23b: MM tag refers to bases beyond sequence length
[E::bam_parse_basemod2] 9a0f7bbe-fcca-4f05-866b-dd9d305f028f: MM tag refers to bases beyond sequence length
[W::bam_next_basemod] MM tag refers to bases beyond sequence length
[W::hts_idx_load3] The index file is older than the data file: /bip7_disk/pingting114/mixed_bam/COLO829_PAO/TF1e-3_25x/TF1e-3_25x.rep1.bam.bai
[E::bam_parse_basemod2] 2d2d9c69-4066-4dff-a577-6a3cb0eb2ec1: MM tag refers to bases beyond sequence length
[W::hts_idx_load3] The index file is older than the data file: /bip7_disk/pingting114/mixed_bam/COLO829_PAO/TF1e-3_25x/TF1e-3_25x.rep1.bam.bai
[W::bam_next_basemod] MM tag refers to bases beyond sequence length
[W::hts_idx_load3] The index file is older than the data file: /bip7_disk/pingting114/mixed_bam/COLO829_PAO/TF1e-3_25x/TF1e-3_25x.rep1.bam.bai
[W::bam_next_basemod] MM tag refers to bases beyond sequence length
[W::hts_idx_load3] The index file is older than the data file: /bip7_disk/pingting114/mixed_bam/COLO829_PAO/TF1e-3_25x/TF1e-3_25x.rep1.bam.bai
[W::hts_idx_load3] The index file is older than the data file: /bip7_disk/pingting114/mixed_bam/COLO829_PAO/TF1e-3_25x/TF1e-3_25x.rep1.bam.bai
[W::hts_idx_load3] The index file is older than the data file: /bip7_disk/pingting114/mixed_bam/COLO829_PAO/TF1e-3_25x/TF1e-3_25x.rep1.bam.bai
[W::hts_idx_load3] The index file is older than the data file: /bip7_disk/pingting114/mixed_bam/COLO829_PAO/TF1e-3_25x/TF1e-3_25x.rep1.bam.bai
[W::hts_idx_load3] The index file is older than the data file: /bip7_disk/pingting114/mixed_bam/COLO829_PAO/TF1e-3_25x/TF1e-3_25x.rep1.bam.bai
[W::hts_idx_load3] The index file is older than the data file: /bip7_disk/pingting114/mixed_bam/COLO829_PAO/TF1e-3_25x/TF1e-3_25x.rep1.bam.bai
[W::hts_idx_load3] The index file is older than the data file: /bip7_disk/pingting114/mixed_bam/COLO829_PAO/TF1e-3_25x/TF1e-3_25x.rep1.bam.bai
[W::bam_next_basemod] MM tag refers to bases beyond sequence length
[W::hts_idx_load3] The index file is older than the data file: /bip7_disk/pingting114/mixed_bam/COLO829_PAO/TF1e-3_25x/TF1e-3_25x.rep1.bam.bai
[W::hts_idx_load3] The index file is older than the data file: /bip7_disk/pingting114/mixed_bam/COLO829_PAO/TF1e-3_25x/TF1e-3_25x.rep1.bam.bai
[W::hts_idx_load3] The index file is older than the data file: /bip7_disk/pingting114/mixed_bam/COLO829_PAO/TF1e-3_25x/TF1e-3_25x.rep1.bam.bai
[W::hts_idx_load3] The index file is older than the data file: /bip7_disk/pingting114/mixed_bam/COLO829_PAO/TF1e-3_25x/TF1e-3_25x.rep1.bam.bai
[W::hts_idx_load3] The index file is older than the data file: /bip7_disk/pingting114/mixed_bam/COLO829_PAO/TF1e-3_25x/TF1e-3_25x.rep1.bam.bai
[W::bam_next_basemod] MM tag refers to bases beyond sequence length
[W::hts_idx_load3] The index file is older than the data file: /bip7_disk/pingting114/mixed_bam/COLO829_PAO/TF1e-3_25x/TF1e-3_25x.rep1.bam.bai
[W::hts_idx_load3] The index file is older than the data file: /bip7_disk/pingting114/mixed_bam/COLO829_PAO/TF1e-3_25x/TF1e-3_25x.rep1.bam.bai
[E::bam_parse_basemod2] 50748771-6bf6-4e99-82d5-35627f779005: MM tag refers to bases beyond sequence length
[W::hts_idx_load3] The index file is older than the data file: /bip7_disk/pingting114/mixed_bam/COLO829_PAO/TF1e-3_25x/TF1e-3_25x.rep1.bam.bai
[W::hts_idx_load3] The index file is older than the data file: /bip7_disk/pingting114/mixed_bam/COLO829_PAO/TF1e-3_25x/TF1e-3_25x.rep1.bam.bai
[W::hts_idx_load3] The index file is older than the data file: /bip7_disk/pingting114/mixed_bam/COLO829_PAO/TF1e-3_25x/TF1e-3_25x.rep1.bam.bai
[E::bam_parse_basemod2] 4d71a620-2fe2-4712-ac1e-08e3bb31dd33: MM tag refers to bases beyond sequence length
[W::hts_idx_load3] The index file is older than the data file: /bip7_disk/pingting114/mixed_bam/COLO829_PAO/TF1e-3_25x/TF1e-3_25x.rep1.bam.bai
[W::hts_idx_load3] The index file is older than the data file: /bip7_disk/pingting114/mixed_bam/COLO829_PAO/TF1e-3_25x/TF1e-3_25x.rep1.bam.bai
[W::bam_next_basemod] MM tag refers to bases beyond sequence length
[E::bam_parse_basemod2] ffeb6e65-f3a0-48b0-94f7-84dd22925545: MM tag refers to bases beyond sequence length
[W::hts_idx_load3] The index file is older than the data file: /bip7_disk/pingting114/mixed_bam/COLO829_PAO/TF1e-3_25x/TF1e-3_25x.rep1.bam.bai
[W::hts_idx_load3] The index file is older than the data file: /bip7_disk/pingting114/mixed_bam/COLO829_PAO/TF1e-3_25x/TF1e-3_25x.rep1.bam.bai
[W::hts_idx_load3] The index file is older than the data file: /bip7_disk/pingting114/mixed_bam/COLO829_PAO/TF1e-3_25x/TF1e-3_25x.rep1.bam.bai
[W::hts_idx_load3] The index file is older than the data file: /bip7_disk/pingting114/mixed_bam/COLO829_PAO/TF1e-3_25x/TF1e-3_25x.rep1.bam.bai
[W::hts_idx_load3] The index file is older than the data file: /bip7_disk/pingting114/mixed_bam/COLO829_PAO/TF1e-3_25x/TF1e-3_25x.rep1.bam.bai
[W::hts_idx_load3] The index file is older than the data file: /bip7_disk/pingting114/mixed_bam/COLO829_PAO/TF1e-3_25x/TF1e-3_25x.rep1.bam.bai
[W::hts_idx_load3] The index file is older than the data file: /bip7_disk/pingting114/mixed_bam/COLO829_PAO/TF1e-3_25x/TF1e-3_25x.rep1.bam.bai
[W::hts_idx_load3] The index file is older than the data file: /bip7_disk/pingting114/mixed_bam/COLO829_PAO/TF1e-3_25x/TF1e-3_25x.rep1.bam.bai
[W::hts_idx_load3] The index file is older than the data file: /bip7_disk/pingting114/mixed_bam/COLO829_PAO/TF1e-3_25x/TF1e-3_25x.rep1.bam.bai
[W::bam_next_basemod] MM tag refers to bases beyond sequence length
[W::bam_next_basemod] MM tag refers to bases beyond sequence length
[W::hts_idx_load3] The index file is older than the data file: /bip7_disk/pingting114/mixed_bam/COLO829_PAO/TF1e-3_25x/TF1e-3_25x.rep1.bam.bai
[W::hts_idx_load3] The index file is older than the data file: /bip7_disk/pingting114/mixed_bam/COLO829_PAO/TF1e-3_25x/TF1e-3_25x.rep1.bam.bai
[W::hts_idx_load3] The index file is older than the data file: /bip7_disk/pingting114/mixed_bam/COLO829_PAO/TF1e-3_25x/TF1e-3_25x.rep1.bam.bai
[W::bam_next_basemod] MM tag refers to bases beyond sequence length
[W::hts_idx_load3] The index file is older than the data file: /bip7_disk/pingting114/mixed_bam/COLO829_PAO/TF1e-3_25x/TF1e-3_25x.rep1.bam.bai
[W::hts_idx_load3] The index file is older than the data file: /bip7_disk/pingting114/mixed_bam/COLO829_PAO/TF1e-3_25x/TF1e-3_25x.rep1.bam.bai
[E::bam_parse_basemod2] 3251a5c8-da85-434e-9bfa-774d3550de43: MM tag refers to bases beyond sequence length
[W::hts_idx_load3] The index file is older than the data file: /bip7_disk/pingting114/mixed_bam/COLO829_PAO/TF1e-3_25x/TF1e-3_25x.rep1.bam.bai
[W::hts_idx_load3] The index file is older than the data file: /bip7_disk/pingting114/mixed_bam/COLO829_PAO/TF1e-3_25x/TF1e-3_25x.rep1.bam.bai
[W::hts_idx_load3] The index file is older than the data file: /bip7_disk/pingting114/mixed_bam/COLO829_PAO/TF1e-3_25x/TF1e-3_25x.rep1.bam.bai
[W::hts_idx_load3] The index file is older than the data file: /bip7_disk/pingting114/mixed_bam/COLO829_PAO/TF1e-3_25x/TF1e-3_25x.rep1.bam.bai
[E::bam_parse_basemod2] cabc2ef2-1ec0-4924-862f-1bbfda0ecb79: MM tag refers to bases beyond sequence length
[W::hts_idx_load3] The index file is older than the data file: /bip7_disk/pingting114/mixed_bam/COLO829_PAO/TF1e-3_25x/TF1e-3_25x.rep1.bam.bai
[W::bam_next_basemod] MM tag refers to bases beyond sequence length
[W::hts_idx_load3] The index file is older than the data file: /bip7_disk/pingting114/mixed_bam/COLO829_PAO/TF1e-3_25x/TF1e-3_25x.rep1.bam.bai
[W::hts_idx_load3] The index file is older than the data file: /bip7_disk/pingting114/mixed_bam/COLO829_PAO/TF1e-3_25x/TF1e-3_25x.rep1.bam.bai
[W::hts_idx_load3] The index file is older than the data file: /bip7_disk/pingting114/mixed_bam/COLO829_PAO/TF1e-3_25x/TF1e-3_25x.rep1.bam.bai
[W::hts_idx_load3] The index file is older than the data file: /bip7_disk/pingting114/mixed_bam/COLO829_PAO/TF1e-3_25x/TF1e-3_25x.rep1.bam.bai
[W::bam_next_basemod] MM tag refers to bases beyond sequence length
[W::bam_next_basemod] MM tag refers to bases beyond sequence length
[W::hts_idx_load3] The index file is older than the data file: /bip7_disk/pingting114/mixed_bam/COLO829_PAO/TF1e-3_25x/TF1e-3_25x.rep1.bam.bai
[E::bam_parse_basemod2] ee025df7-e9ba-4567-afce-1ccf66130ea1: MM tag refers to bases beyond sequence length
[W::hts_idx_load3] The index file is older than the data file: /bip7_disk/pingting114/mixed_bam/COLO829_PAO/TF1e-3_25x/TF1e-3_25x.rep1.bam.bai
[W::hts_idx_load3] The index file is older than the data file: /bip7_disk/pingting114/mixed_bam/COLO829_PAO/TF1e-3_25x/TF1e-3_25x.rep1.bam.bai
[W::bam_next_basemod] MM tag refers to bases beyond sequence length
[E::bam_parse_basemod2] c1a1c65e-b2a0-42e0-b707-d0511149be2e: MM tag refers to bases beyond sequence length
[W::hts_idx_load3] The index file is older than the data file: /bip7_disk/pingting114/mixed_bam/COLO829_PAO/TF1e-3_25x/TF1e-3_25x.rep1.bam.bai
[W::hts_idx_load3] The index file is older than the data file: /bip7_disk/pingting114/mixed_bam/COLO829_PAO/TF1e-3_25x/TF1e-3_25x.rep1.bam.bai
[W::hts_idx_load3] The index file is older than the data file: /bip7_disk/pingting114/mixed_bam/COLO829_PAO/TF1e-3_25x/TF1e-3_25x.rep1.bam.bai
[E::bam_parse_basemod2] 540f4242-2bf2-43e2-97a2-666b9c56c4f5: MM tag refers to bases beyond sequence length
[W::hts_idx_load3] The index file is older than the data file: /bip7_disk/pingting114/mixed_bam/COLO829_PAO/TF1e-3_25x/TF1e-3_25x.rep1.bam.bai
[W::hts_idx_load3] The index file is older than the data file: /bip7_disk/pingting114/mixed_bam/COLO829_PAO/TF1e-3_25x/TF1e-3_25x.rep1.bam.bai
[E::bam_parse_basemod2] 057024c5-5fef-423f-a1ff-0ffbda7cb626: MM tag refers to bases beyond sequence length
[W::bam_next_basemod] MM tag refers to bases beyond sequence length
[W::hts_idx_load3] The index file is older than the data file: /bip7_disk/pingting114/mixed_bam/COLO829_PAO/TF1e-3_25x/TF1e-3_25x.rep1.bam.bai
[W::hts_idx_load3] The index file is older than the data file: /bip7_disk/pingting114/mixed_bam/COLO829_PAO/TF1e-3_25x/TF1e-3_25x.rep1.bam.bai
[W::hts_idx_load3] The index file is older than the data file: /bip7_disk/pingting114/mixed_bam/COLO829_PAO/TF1e-3_25x/TF1e-3_25x.rep1.bam.bai
[E::bam_parse_basemod2] 98931f87-325e-4987-97dc-f6bb9af7628d: MM tag refers to bases beyond sequence length
[W::hts_idx_load3] The index file is older than the data file: /bip7_disk/pingting114/mixed_bam/COLO829_PAO/TF1e-3_25x/TF1e-3_25x.rep1.bam.bai
[W::bam_next_basemod] MM tag refers to bases beyond sequence length
[W::hts_idx_load3] The index file is older than the data file: /bip7_disk/pingting114/mixed_bam/COLO829_PAO/TF1e-3_25x/TF1e-3_25x.rep1.bam.bai
[W::hts_idx_load3] The index file is older than the data file: /bip7_disk/pingting114/mixed_bam/COLO829_PAO/TF1e-3_25x/TF1e-3_25x.rep1.bam.bai
[W::hts_idx_load3] The index file is older than the data file: /bip7_disk/pingting114/mixed_bam/COLO829_PAO/TF1e-3_25x/TF1e-3_25x.rep1.bam.bai
[W::bam_next_basemod] MM tag refers to bases beyond sequence length
[W::hts_idx_load3] The index file is older than the data file: /bip7_disk/pingting114/mixed_bam/COLO829_PAO/TF1e-3_25x/TF1e-3_25x.rep1.bam.bai
[W::bam_next_basemod] MM tag refers to bases beyond sequence length
[E::bam_parse_basemod2] 4ac9164b-d727-47d5-874f-d29abbfc88b8: MM tag refers to bases beyond sequence length
[W::hts_idx_load3] The index file is older than the data file: /bip7_disk/pingting114/mixed_bam/COLO829_PAO/TF1e-3_25x/TF1e-3_25x.rep1.bam.bai
[W::hts_idx_load3] The index file is older than the data file: /bip7_disk/pingting114/mixed_bam/COLO829_PAO/TF1e-3_25x/TF1e-3_25x.rep1.bam.bai
[W::hts_idx_load3] The index file is older than the data file: /bip7_disk/pingting114/mixed_bam/COLO829_PAO/TF1e-3_25x/TF1e-3_25x.rep1.bam.bai
[W::hts_idx_load3] The index file is older than the data file: /bip7_disk/pingting114/mixed_bam/COLO829_PAO/TF1e-3_25x/TF1e-3_25x.rep1.bam.bai
[E::bam_parse_basemod2] 7a6e4fe6-d2b4-47ce-a4d4-c0d5438aaf9f: MM tag refers to bases beyond sequence length
[W::hts_idx_load3] The index file is older than the data file: /bip7_disk/pingting114/mixed_bam/COLO829_PAO/TF1e-3_25x/TF1e-3_25x.rep1.bam.bai
[W::hts_idx_load3] The index file is older than the data file: /bip7_disk/pingting114/mixed_bam/COLO829_PAO/TF1e-3_25x/TF1e-3_25x.rep1.bam.bai
[W::hts_idx_load3] The index file is older than the data file: /bip7_disk/pingting114/mixed_bam/COLO829_PAO/TF1e-3_25x/TF1e-3_25x.rep1.bam.bai
[W::hts_idx_load3] The index file is older than the data file: /bip7_disk/pingting114/mixed_bam/COLO829_PAO/TF1e-3_25x/TF1e-3_25x.rep1.bam.bai
[W::hts_idx_load3] The index file is older than the data file: /bip7_disk/pingting114/mixed_bam/COLO829_PAO/TF1e-3_25x/TF1e-3_25x.rep1.bam.bai
[E::bam_parse_basemod2] aa2ba0fc-74b2-4c45-ad28-1aff6ba961e5: MM tag refers to bases beyond sequence length
[W::hts_idx_load3] The index file is older than the data file: /bip7_disk/pingting114/mixed_bam/COLO829_PAO/TF1e-3_25x/TF1e-3_25x.rep1.bam.bai
[W::bam_next_basemod] MM tag refers to bases beyond sequence length
[W::hts_idx_load3] The index file is older than the data file: /bip7_disk/pingting114/mixed_bam/COLO829_PAO/TF1e-3_25x/TF1e-3_25x.rep1.bam.bai
[W::hts_idx_load3] The index file is older than the data file: /bip7_disk/pingting114/mixed_bam/COLO829_PAO/TF1e-3_25x/TF1e-3_25x.rep1.bam.bai
[W::hts_idx_load3] The index file is older than the data file: /bip7_disk/pingting114/mixed_bam/COLO829_PAO/TF1e-3_25x/TF1e-3_25x.rep1.bam.bai
[W::hts_idx_load3] The index file is older than the data file: /bip7_disk/pingting114/mixed_bam/COLO829_PAO/TF1e-3_25x/TF1e-3_25x.rep1.bam.bai
[W::hts_idx_load3] The index file is older than the data file: /bip7_disk/pingting114/mixed_bam/COLO829_PAO/TF1e-3_25x/TF1e-3_25x.rep1.bam.bai
[W::hts_idx_load3] The index file is older than the data file: /bip7_disk/pingting114/mixed_bam/COLO829_PAO/TF1e-3_25x/TF1e-3_25x.rep1.bam.bai
[W::hts_idx_load3] The index file is older than the data file: /bip7_disk/pingting114/mixed_bam/COLO829_PAO/TF1e-3_25x/TF1e-3_25x.rep1.bam.bai
[W::hts_idx_load3] The index file is older than the data file: /bip7_disk/pingting114/mixed_bam/COLO829_PAO/TF1e-3_25x/TF1e-3_25x.rep1.bam.bai
[W::bam_next_basemod] MM tag refers to bases beyond sequence length
[E::bam_parse_basemod2] bb4c765e-635b-4c4b-9918-e9d2e08f1a79: MM tag refers to bases beyond sequence length
[W::hts_idx_load3] The index file is older than the data file: /bip7_disk/pingting114/mixed_bam/COLO829_PAO/TF1e-3_25x/TF1e-3_25x.rep1.bam.bai
[W::hts_idx_load3] The index file is older than the data file: /bip7_disk/pingting114/mixed_bam/COLO829_PAO/TF1e-3_25x/TF1e-3_25x.rep1.bam.bai
[E::bam_parse_basemod2] 028bcd53-3b2e-48e1-8097-b1e48ff48057: MM tag refers to bases beyond sequence length
[W::hts_idx_load3] The index file is older than the data file: /bip7_disk/pingting114/mixed_bam/COLO829_PAO/TF1e-3_25x/TF1e-3_25x.rep1.bam.bai
[W::bam_next_basemod] MM tag refers to bases beyond sequence length
[W::hts_idx_load3] The index file is older than the data file: /bip7_disk/pingting114/mixed_bam/COLO829_PAO/TF1e-3_25x/TF1e-3_25x.rep1.bam.bai
[W::hts_idx_load3] The index file is older than the data file: /bip7_disk/pingting114/mixed_bam/COLO829_PAO/TF1e-3_25x/TF1e-3_25x.rep1.bam.bai
[W::hts_idx_load3] The index file is older than the data file: /bip7_disk/pingting114/mixed_bam/COLO829_PAO/TF1e-3_25x/TF1e-3_25x.rep1.bam.bai
[W::hts_idx_load3] The index file is older than the data file: /bip7_disk/pingting114/mixed_bam/COLO829_PAO/TF1e-3_25x/TF1e-3_25x.rep1.bam.bai
[E::bam_parse_basemod2] 33d3c31c-bbb1-4a58-9d3c-b8de28e28174: MM tag refers to bases beyond sequence length
[W::hts_idx_load3] The index file is older than the data file: /bip7_disk/pingting114/mixed_bam/COLO829_PAO/TF1e-3_25x/TF1e-3_25x.rep1.bam.bai
[W::bam_next_basemod] MM tag refers to bases beyond sequence length
[E::bam_parse_basemod2] d5e4962a-1ab4-460c-8116-be1c46feaade: MM tag refers to bases beyond sequence length
[W::bam_next_basemod] MM tag refers to bases beyond sequence length
[W::hts_idx_load3] The index file is older than the data file: /bip7_disk/pingting114/mixed_bam/COLO829_PAO/TF1e-3_25x/TF1e-3_25x.rep1.bam.bai
[W::hts_idx_load3] The index file is older than the data file: /bip7_disk/pingting114/mixed_bam/COLO829_PAO/TF1e-3_25x/TF1e-3_25x.rep1.bam.bai
[W::hts_idx_load3] The index file is older than the data file: /bip7_disk/pingting114/mixed_bam/COLO829_PAO/TF1e-3_25x/TF1e-3_25x.rep1.bam.bai
[W::hts_idx_load3] The index file is older than the data file: /bip7_disk/pingting114/mixed_bam/COLO829_PAO/TF1e-3_25x/TF1e-3_25x.rep1.bam.bai
[W::hts_idx_load3] The index file is older than the data file: /bip7_disk/pingting114/mixed_bam/COLO829_PAO/TF1e-3_25x/TF1e-3_25x.rep1.bam.bai
[W::bam_next_basemod] MM tag refers to bases beyond sequence length
[W::hts_idx_load3] The index file is older than the data file: /bip7_disk/pingting114/mixed_bam/COLO829_PAO/TF1e-3_25x/TF1e-3_25x.rep1.bam.bai
[W::hts_idx_load3] The index file is older than the data file: /bip7_disk/pingting114/mixed_bam/COLO829_PAO/TF1e-3_25x/TF1e-3_25x.rep1.bam.bai
[E::bam_parse_basemod2] fd95b0bd-c16b-40a2-83d2-54e8951c2976: MM tag refers to bases beyond sequence length
[W::hts_idx_load3] The index file is older than the data file: /bip7_disk/pingting114/mixed_bam/COLO829_PAO/TF1e-3_25x/TF1e-3_25x.rep1.bam.bai
[W::hts_idx_load3] The index file is older than the data file: /bip7_disk/pingting114/mixed_bam/COLO829_PAO/TF1e-3_25x/TF1e-3_25x.rep1.bam.bai
[W::bam_next_basemod] MM tag refers to bases beyond sequence length
[W::hts_idx_load3] The index file is older than the data file: /bip7_disk/pingting114/mixed_bam/COLO829_PAO/TF1e-3_25x/TF1e-3_25x.rep1.bam.bai
[E::bam_parse_basemod2] c6d32791-79f1-4e82-90ed-967cc94d9976: MM tag refers to bases beyond sequence length
[W::hts_idx_load3] The index file is older than the data file: /bip7_disk/pingting114/mixed_bam/COLO829_PAO/TF1e-3_25x/TF1e-3_25x.rep1.bam.bai
[W::bam_next_basemod] MM tag refers to bases beyond sequence length
[W::hts_idx_load3] The index file is older than the data file: /bip7_disk/pingting114/mixed_bam/COLO829_PAO/TF1e-3_25x/TF1e-3_25x.rep1.bam.bai
[W::bam_next_basemod] MM tag refers to bases beyond sequence length
[W::hts_idx_load3] The index file is older than the data file: /bip7_disk/pingting114/mixed_bam/COLO829_PAO/TF1e-3_25x/TF1e-3_25x.rep1.bam.bai
[W::hts_idx_load3] The index file is older than the data file: /bip7_disk/pingting114/mixed_bam/COLO829_PAO/TF1e-3_25x/TF1e-3_25x.rep1.bam.bai
[W::hts_idx_load3] The index file is older than the data file: /bip7_disk/pingting114/mixed_bam/COLO829_PAO/TF1e-3_25x/TF1e-3_25x.rep1.bam.bai
[W::hts_idx_load3] The index file is older than the data file: /bip7_disk/pingting114/mixed_bam/COLO829_PAO/TF1e-3_25x/TF1e-3_25x.rep1.bam.bai
[W::hts_idx_load3] The index file is older than the data file: /bip7_disk/pingting114/mixed_bam/COLO829_PAO/TF1e-3_25x/TF1e-3_25x.rep1.bam.bai
[W::hts_idx_load3] The index file is older than the data file: /bip7_disk/pingting114/mixed_bam/COLO829_PAO/TF1e-3_25x/TF1e-3_25x.rep1.bam.bai
[W::bam_next_basemod] MM tag refers to bases beyond sequence length
[W::hts_idx_load3] The index file is older than the data file: /bip7_disk/pingting114/mixed_bam/COLO829_PAO/TF1e-3_25x/TF1e-3_25x.rep1.bam.bai
[E::bam_parse_basemod2] 7eeb76b4-e428-4d7a-8804-241bb1dff5df: MM tag refers to bases beyond sequence length
[W::bam_next_basemod] MM tag refers to bases beyond sequence length
[W::hts_idx_load3] The index file is older than the data file: /bip7_disk/pingting114/mixed_bam/COLO829_PAO/TF1e-3_25x/TF1e-3_25x.rep1.bam.bai
[W::hts_idx_load3] The index file is older than the data file: /bip7_disk/pingting114/mixed_bam/COLO829_PAO/TF1e-3_25x/TF1e-3_25x.rep1.bam.bai
[W::hts_idx_load3] The index file is older than the data file: /bip7_disk/pingting114/mixed_bam/COLO829_PAO/TF1e-3_25x/TF1e-3_25x.rep1.bam.bai
[W::hts_idx_load3] The index file is older than the data file: /bip7_disk/pingting114/mixed_bam/COLO829_PAO/TF1e-3_25x/TF1e-3_25x.rep1.bam.bai
[W::hts_idx_load3] The index file is older than the data file: /bip7_disk/pingting114/mixed_bam/COLO829_PAO/TF1e-3_25x/TF1e-3_25x.rep1.bam.bai
[W::hts_idx_load3] The index file is older than the data file: /bip7_disk/pingting114/mixed_bam/COLO829_PAO/TF1e-3_25x/TF1e-3_25x.rep1.bam.bai
[W::hts_idx_load3] The index file is older than the data file: /bip7_disk/pingting114/mixed_bam/COLO829_PAO/TF1e-3_25x/TF1e-3_25x.rep1.bam.bai
[W::hts_idx_load3] The index file is older than the data file: /bip7_disk/pingting114/mixed_bam/COLO829_PAO/TF1e-3_25x/TF1e-3_25x.rep1.bam.bai
[W::hts_idx_load3] The index file is older than the data file: /bip7_disk/pingting114/mixed_bam/COLO829_PAO/TF1e-3_25x/TF1e-3_25x.rep1.bam.bai
[W::bam_next_basemod] MM tag refers to bases beyond sequence length
[E::bam_parse_basemod2] 8e1c2f9a-8188-4359-8177-7b50b8ffa75d: MM tag refers to bases beyond sequence length
[W::hts_idx_load3] The index file is older than the data file: /bip7_disk/pingting114/mixed_bam/COLO829_PAO/TF1e-3_25x/TF1e-3_25x.rep1.bam.bai
[E::bam_parse_basemod2] 2f6bd022-5760-4946-a3e2-fe68cbdf61f5: MM tag refers to bases beyond sequence length
[W::hts_idx_load3] The index file is older than the data file: /bip7_disk/pingting114/mixed_bam/COLO829_PAO/TF1e-3_25x/TF1e-3_25x.rep1.bam.bai
[W::bam_next_basemod] MM tag refers to bases beyond sequence length
[W::hts_idx_load3] The index file is older than the data file: /bip7_disk/pingting114/mixed_bam/COLO829_PAO/TF1e-3_25x/TF1e-3_25x.rep1.bam.bai
[W::hts_idx_load3] The index file is older than the data file: /bip7_disk/pingting114/mixed_bam/COLO829_PAO/TF1e-3_25x/TF1e-3_25x.rep1.bam.bai
[W::hts_idx_load3] The index file is older than the data file: /bip7_disk/pingting114/mixed_bam/COLO829_PAO/TF1e-3_25x/TF1e-3_25x.rep1.bam.bai
[W::hts_idx_load3] The index file is older than the data file: /bip7_disk/pingting114/mixed_bam/COLO829_PAO/TF1e-3_25x/TF1e-3_25x.rep1.bam.bai
[W::hts_idx_load3] The index file is older than the data file: /bip7_disk/pingting114/mixed_bam/COLO829_PAO/TF1e-3_25x/TF1e-3_25x.rep1.bam.bai
[W::hts_idx_load3] The index file is older than the data file: /bip7_disk/pingting114/mixed_bam/COLO829_PAO/TF1e-3_25x/TF1e-3_25x.rep1.bam.bai
[E::bam_parse_basemod2] aafa3734-1400-44ee-9ec7-f9670c17938c: MM tag refers to bases beyond sequence length
[W::bam_next_basemod] MM tag refers to bases beyond sequence length
[W::bam_next_basemod] MM tag refers to bases beyond sequence length
[W::hts_idx_load3] The index file is older than the data file: /bip7_disk/pingting114/mixed_bam/COLO829_PAO/TF1e-3_25x/TF1e-3_25x.rep1.bam.bai
[E::bam_parse_basemod2] cc030635-3aee-4a9c-a087-32fa76c46fd8: MM tag refers to bases beyond sequence length
[W::hts_idx_load3] The index file is older than the data file: /bip7_disk/pingting114/mixed_bam/COLO829_PAO/TF1e-3_25x/TF1e-3_25x.rep1.bam.bai
[W::hts_idx_load3] The index file is older than the data file: /bip7_disk/pingting114/mixed_bam/COLO829_PAO/TF1e-3_25x/TF1e-3_25x.rep1.bam.bai
[W::hts_idx_load3] The index file is older than the data file: /bip7_disk/pingting114/mixed_bam/COLO829_PAO/TF1e-3_25x/TF1e-3_25x.rep1.bam.bai
[E::bam_parse_basemod2] 3a6dcecc-2bf8-4ebc-aafa-03df84f93057: MM tag refers to bases beyond sequence length
[W::hts_idx_load3] The index file is older than the data file: /bip7_disk/pingting114/mixed_bam/COLO829_PAO/TF1e-3_25x/TF1e-3_25x.rep1.bam.bai
[W::hts_idx_load3] The index file is older than the data file: /bip7_disk/pingting114/mixed_bam/COLO829_PAO/TF1e-3_25x/TF1e-3_25x.rep1.bam.bai
[W::bam_next_basemod] MM tag refers to bases beyond sequence length
[W::hts_idx_load3] The index file is older than the data file: /bip7_disk/pingting114/mixed_bam/COLO829_PAO/TF1e-3_25x/TF1e-3_25x.rep1.bam.bai
[W::hts_idx_load3] The index file is older than the data file: /bip7_disk/pingting114/mixed_bam/COLO829_PAO/TF1e-3_25x/TF1e-3_25x.rep1.bam.bai
[W::bam_next_basemod] MM tag refers to bases beyond sequence length
[W::hts_idx_load3] The index file is older than the data file: /bip7_disk/pingting114/mixed_bam/COLO829_PAO/TF1e-3_25x/TF1e-3_25x.rep1.bam.bai
[W::hts_idx_load3] The index file is older than the data file: /bip7_disk/pingting114/mixed_bam/COLO829_PAO/TF1e-3_25x/TF1e-3_25x.rep1.bam.bai
[E::bam_parse_basemod2] a712f1d9-7712-43c3-b40e-67c0837bad28: MM tag refers to bases beyond sequence length
[W::bam_next_basemod] MM tag refers to bases beyond sequence length
[E::bam_parse_basemod2] efcae92b-509e-4fa9-b3a4-a581ca338e72: MM tag refers to bases beyond sequence length
[W::bam_next_basemod] MM tag refers to bases beyond sequence length
[E::bam_parse_basemod2] 662f1627-5d2e-43fc-856f-44678369c088: MM tag refers to bases beyond sequence length
[W::bam_next_basemod] MM tag refers to bases beyond sequence length
[W::bam_next_basemod] MM tag refers to bases beyond sequence length
[W::bam_next_basemod] MM tag refers to bases beyond sequence length
[W::bam_next_basemod] MM tag refers to bases beyond sequence length
[W::bam_next_basemod] MM tag refers to bases beyond sequence length
[W::hts_idx_load3] The index file is older than the data file: /bip7_disk/pingting114/mixed_bam/COLO829_PAO/TF1e-3_25x/TF1e-3_25x.rep1.bam.bai
[W::hts_idx_load3] The index file is older than the data file: /bip7_disk/pingting114/mixed_bam/COLO829_PAO/TF1e-3_25x/TF1e-3_25x.rep1.bam.bai
[W::hts_idx_load3] The index file is older than the data file: /bip7_disk/pingting114/mixed_bam/COLO829_PAO/TF1e-3_25x/TF1e-3_25x.rep1.bam.bai
[W::hts_idx_load3] The index file is older than the data file: /bip7_disk/pingting114/mixed_bam/COLO829_PAO/TF1e-3_25x/TF1e-3_25x.rep1.bam.bai
[W::bam_next_basemod] MM tag refers to bases beyond sequence length
[W::hts_idx_load3] The index file is older than the data file: /bip7_disk/pingting114/mixed_bam/COLO829_PAO/TF1e-3_25x/TF1e-3_25x.rep1.bam.bai
[W::hts_idx_load3] The index file is older than the data file: /bip7_disk/pingting114/mixed_bam/COLO829_PAO/TF1e-3_25x/TF1e-3_25x.rep1.bam.bai
[W::hts_idx_load3] The index file is older than the data file: /bip7_disk/pingting114/mixed_bam/COLO829_PAO/TF1e-3_25x/TF1e-3_25x.rep1.bam.bai
[W::bam_next_basemod] MM tag refers to bases beyond sequence length
[W::bam_next_basemod] MM tag refers to bases beyond sequence length
[W::bam_next_basemod] MM tag refers to bases beyond sequence length
[W::hts_idx_load3] The index file is older than the data file: /bip7_disk/pingting114/mixed_bam/COLO829_PAO/TF1e-3_25x/TF1e-3_25x.rep1.bam.bai
[W::hts_idx_load3] The index file is older than the data file: /bip7_disk/pingting114/mixed_bam/COLO829_PAO/TF1e-3_25x/TF1e-3_25x.rep1.bam.bai
[W::bam_next_basemod] MM tag refers to bases beyond sequence length
[W::hts_idx_load3] The index file is older than the data file: /bip7_disk/pingting114/mixed_bam/COLO829_PAO/TF1e-3_25x/TF1e-3_25x.rep1.bam.bai
[W::hts_idx_load3] The index file is older than the data file: /bip7_disk/pingting114/mixed_bam/COLO829_PAO/TF1e-3_25x/TF1e-3_25x.rep1.bam.bai
[W::bam_next_basemod] MM tag refers to bases beyond sequence length
[W::bam_next_basemod] MM tag refers to bases beyond sequence length
[W::hts_idx_load3] The index file is older than the data file: /bip7_disk/pingting114/mixed_bam/COLO829_PAO/TF1e-3_25x/TF1e-3_25x.rep1.bam.bai
[W::hts_idx_load3] The index file is older than the data file: /bip7_disk/pingting114/mixed_bam/COLO829_PAO/TF1e-3_25x/TF1e-3_25x.rep1.bam.bai
[W::hts_idx_load3] The index file is older than the data file: /bip7_disk/pingting114/mixed_bam/COLO829_PAO/TF1e-3_25x/TF1e-3_25x.rep1.bam.bai
[W::hts_idx_load3] The index file is older than the data file: /bip7_disk/pingting114/mixed_bam/COLO829_PAO/TF1e-3_25x/TF1e-3_25x.rep1.bam.bai
[E::bam_parse_basemod2] 7fb7f728-b4f4-4367-adbf-9fd02370dc9d: MM tag refers to bases beyond sequence length
[W::hts_idx_load3] The index file is older than the data file: /bip7_disk/pingting114/mixed_bam/COLO829_PAO/TF1e-3_25x/TF1e-3_25x.rep1.bam.bai
[W::bam_next_basemod] MM tag refers to bases beyond sequence length
[W::hts_idx_load3] The index file is older than the data file: /bip7_disk/pingting114/mixed_bam/COLO829_PAO/TF1e-3_25x/TF1e-3_25x.rep1.bam.bai
[W::hts_idx_load3] The index file is older than the data file: /bip7_disk/pingting114/mixed_bam/COLO829_PAO/TF1e-3_25x/TF1e-3_25x.rep1.bam.bai
[W::hts_idx_load3] The index file is older than the data file: /bip7_disk/pingting114/mixed_bam/COLO829_PAO/TF1e-3_25x/TF1e-3_25x.rep1.bam.bai
[W::hts_idx_load3] The index file is older than the data file: /bip7_disk/pingting114/mixed_bam/COLO829_PAO/TF1e-3_25x/TF1e-3_25x.rep1.bam.bai
[E::bam_parse_basemod2] 432dc2b3-3b83-46d0-a669-40f3a3c45caa: MM tag refers to bases beyond sequence length
[W::hts_idx_load3] The index file is older than the data file: /bip7_disk/pingting114/mixed_bam/COLO829_PAO/TF1e-3_25x/TF1e-3_25x.rep1.bam.bai
[E::bam_parse_basemod2] a6cbdb9b-f4b9-4556-b015-905c3d5df29c: MM tag refers to bases beyond sequence length
[W::hts_idx_load3] The index file is older than the data file: /bip7_disk/pingting114/mixed_bam/COLO829_PAO/TF1e-3_25x/TF1e-3_25x.rep1.bam.bai
[W::bam_next_basemod] MM tag refers to bases beyond sequence length
[W::hts_idx_load3] The index file is older than the data file: /bip7_disk/pingting114/mixed_bam/COLO829_PAO/TF1e-3_25x/TF1e-3_25x.rep1.bam.bai
[W::hts_idx_load3] The index file is older than the data file: /bip7_disk/pingting114/mixed_bam/COLO829_PAO/TF1e-3_25x/TF1e-3_25x.rep1.bam.bai
[W::bam_next_basemod] MM tag refers to bases beyond sequence length
[W::bam_next_basemod] MM tag refers to bases beyond sequence length
[W::hts_idx_load3] The index file is older than the data file: /bip7_disk/pingting114/mixed_bam/COLO829_PAO/TF1e-3_25x/TF1e-3_25x.rep1.bam.bai
[W::hts_idx_load3] The index file is older than the data file: /bip7_disk/pingting114/mixed_bam/COLO829_PAO/TF1e-3_25x/TF1e-3_25x.rep1.bam.bai
[W::hts_idx_load3] The index file is older than the data file: /bip7_disk/pingting114/mixed_bam/COLO829_PAO/TF1e-3_25x/TF1e-3_25x.rep1.bam.bai
[W::hts_idx_load3] The index file is older than the data file: /bip7_disk/pingting114/mixed_bam/COLO829_PAO/TF1e-3_25x/TF1e-3_25x.rep1.bam.bai
[W::hts_idx_load3] The index file is older than the data file: /bip7_disk/pingting114/mixed_bam/COLO829_PAO/TF1e-3_25x/TF1e-3_25x.rep1.bam.bai
[W::hts_idx_load3] The index file is older than the data file: /bip7_disk/pingting114/mixed_bam/COLO829_PAO/TF1e-3_25x/TF1e-3_25x.rep1.bam.bai
[W::bam_next_basemod] MM tag refers to bases beyond sequence length
[W::hts_idx_load3] The index file is older than the data file: /bip7_disk/pingting114/mixed_bam/COLO829_PAO/TF1e-3_25x/TF1e-3_25x.rep1.bam.bai
[W::hts_idx_load3] The index file is older than the data file: /bip7_disk/pingting114/mixed_bam/COLO829_PAO/TF1e-3_25x/TF1e-3_25x.rep1.bam.bai
[W::hts_idx_load3] The index file is older than the data file: /bip7_disk/pingting114/mixed_bam/COLO829_PAO/TF1e-3_25x/TF1e-3_25x.rep1.bam.bai
[W::hts_idx_load3] The index file is older than the data file: /bip7_disk/pingting114/mixed_bam/COLO829_PAO/TF1e-3_25x/TF1e-3_25x.rep1.bam.bai
[W::hts_idx_load3] The index file is older than the data file: /bip7_disk/pingting114/mixed_bam/COLO829_PAO/TF1e-3_25x/TF1e-3_25x.rep1.bam.bai
[W::bam_next_basemod] MM tag refers to bases beyond sequence length
[W::hts_idx_load3] The index file is older than the data file: /bip7_disk/pingting114/mixed_bam/COLO829_PAO/TF1e-3_25x/TF1e-3_25x.rep1.bam.bai
[W::hts_idx_load3] The index file is older than the data file: /bip7_disk/pingting114/mixed_bam/COLO829_PAO/TF1e-3_25x/TF1e-3_25x.rep1.bam.bai
[W::hts_idx_load3] The index file is older than the data file: /bip7_disk/pingting114/mixed_bam/COLO829_PAO/TF1e-3_25x/TF1e-3_25x.rep1.bam.bai
[W::hts_idx_load3] The index file is older than the data file: /bip7_disk/pingting114/mixed_bam/COLO829_PAO/TF1e-3_25x/TF1e-3_25x.rep1.bam.bai
[W::hts_idx_load3] The index file is older than the data file: /bip7_disk/pingting114/mixed_bam/COLO829_PAO/TF1e-3_25x/TF1e-3_25x.rep1.bam.bai
[W::hts_idx_load3] The index file is older than the data file: /bip7_disk/pingting114/mixed_bam/COLO829_PAO/TF1e-3_25x/TF1e-3_25x.rep1.bam.bai
[W::hts_idx_load3] The index file is older than the data file: /bip7_disk/pingting114/mixed_bam/COLO829_PAO/TF1e-3_25x/TF1e-3_25x.rep1.bam.bai
[W::hts_idx_load3] The index file is older than the data file: /bip7_disk/pingting114/mixed_bam/COLO829_PAO/TF1e-3_25x/TF1e-3_25x.rep1.bam.bai
[W::hts_idx_load3] The index file is older than the data file: /bip7_disk/pingting114/mixed_bam/COLO829_PAO/TF1e-3_25x/TF1e-3_25x.rep1.bam.bai
[W::bam_next_basemod] MM tag refers to bases beyond sequence length
[W::hts_idx_load3] The index file is older than the data file: /bip7_disk/pingting114/mixed_bam/COLO829_PAO/TF1e-3_25x/TF1e-3_25x.rep1.bam.bai
[W::hts_idx_load3] The index file is older than the data file: /bip7_disk/pingting114/mixed_bam/COLO829_PAO/TF1e-3_25x/TF1e-3_25x.rep1.bam.bai
[W::hts_idx_load3] The index file is older than the data file: /bip7_disk/pingting114/mixed_bam/COLO829_PAO/TF1e-3_25x/TF1e-3_25x.rep1.bam.bai
[W::hts_idx_load3] The index file is older than the data file: /bip7_disk/pingting114/mixed_bam/COLO829_PAO/TF1e-3_25x/TF1e-3_25x.rep1.bam.bai
[W::hts_idx_load3] The index file is older than the data file: /bip7_disk/pingting114/mixed_bam/COLO829_PAO/TF1e-3_25x/TF1e-3_25x.rep1.bam.bai
[W::hts_idx_load3] The index file is older than the data file: /bip7_disk/pingting114/mixed_bam/COLO829_PAO/TF1e-3_25x/TF1e-3_25x.rep1.bam.bai
[W::hts_idx_load3] The index file is older than the data file: /bip7_disk/pingting114/mixed_bam/COLO829_PAO/TF1e-3_25x/TF1e-3_25x.rep1.bam.bai
[W::hts_idx_load3] The index file is older than the data file: /bip7_disk/pingting114/mixed_bam/COLO829_PAO/TF1e-3_25x/TF1e-3_25x.rep1.bam.bai
[W::hts_idx_load3] The index file is older than the data file: /bip7_disk/pingting114/mixed_bam/COLO829_PAO/TF1e-3_25x/TF1e-3_25x.rep1.bam.bai
[W::hts_idx_load3] The index file is older than the data file: /bip7_disk/pingting114/mixed_bam/COLO829_PAO/TF1e-3_25x/TF1e-3_25x.rep1.bam.bai
[W::hts_idx_load3] The index file is older than the data file: /bip7_disk/pingting114/mixed_bam/COLO829_PAO/TF1e-3_25x/TF1e-3_25x.rep1.bam.bai
[W::hts_idx_load3] The index file is older than the data file: /bip7_disk/pingting114/mixed_bam/COLO829_PAO/TF1e-3_25x/TF1e-3_25x.rep1.bam.bai
[W::hts_idx_load3] The index file is older than the data file: /bip7_disk/pingting114/mixed_bam/COLO829_PAO/TF1e-3_25x/TF1e-3_25x.rep1.bam.bai
[W::hts_idx_load3] The index file is older than the data file: /bip7_disk/pingting114/mixed_bam/COLO829_PAO/TF1e-3_25x/TF1e-3_25x.rep1.bam.bai
[W::hts_idx_load3] The index file is older than the data file: /bip7_disk/pingting114/mixed_bam/COLO829_PAO/TF1e-3_25x/TF1e-3_25x.rep1.bam.bai
[E::bam_parse_basemod2] 4d1982b9-411e-4529-9292-203bf4bf386b: MM tag refers to bases beyond sequence length
[W::hts_idx_load3] The index file is older than the data file: /bip7_disk/pingting114/mixed_bam/COLO829_PAO/TF1e-3_25x/TF1e-3_25x.rep1.bam.bai
[E::bam_parse_basemod2] 88f7b042-fc1f-4155-92fe-d6877c08aea7: MM tag refers to bases beyond sequence length
[W::hts_idx_load3] The index file is older than the data file: /bip7_disk/pingting114/mixed_bam/COLO829_PAO/TF1e-3_25x/TF1e-3_25x.rep1.bam.bai
[W::hts_idx_load3] The index file is older than the data file: /bip7_disk/pingting114/mixed_bam/COLO829_PAO/TF1e-3_25x/TF1e-3_25x.rep1.bam.bai
[W::hts_idx_load3] The index file is older than the data file: /bip7_disk/pingting114/mixed_bam/COLO829_PAO/TF1e-3_25x/TF1e-3_25x.rep1.bam.bai
[W::hts_idx_load3] The index file is older than the data file: /bip7_disk/pingting114/mixed_bam/COLO829_PAO/TF1e-3_25x/TF1e-3_25x.rep1.bam.bai
[W::bam_next_basemod] MM tag refers to bases beyond sequence length
[W::hts_idx_load3] The index file is older than the data file: /bip7_disk/pingting114/mixed_bam/COLO829_PAO/TF1e-3_25x/TF1e-3_25x.rep1.bam.bai
[W::hts_idx_load3] The index file is older than the data file: /bip7_disk/pingting114/mixed_bam/COLO829_PAO/TF1e-3_25x/TF1e-3_25x.rep1.bam.bai
[W::hts_idx_load3] The index file is older than the data file: /bip7_disk/pingting114/mixed_bam/COLO829_PAO/TF1e-3_25x/TF1e-3_25x.rep1.bam.bai
[W::hts_idx_load3] The index file is older than the data file: /bip7_disk/pingting114/mixed_bam/COLO829_PAO/TF1e-3_25x/TF1e-3_25x.rep1.bam.bai
[E::bam_parse_basemod2] 618f6e9b-baa7-4864-ab3a-d4aa1c293364: MM tag refers to bases beyond sequence length
[W::hts_idx_load3] The index file is older than the data file: /bip7_disk/pingting114/mixed_bam/COLO829_PAO/TF1e-3_25x/TF1e-3_25x.rep1.bam.bai
[W::hts_idx_load3] The index file is older than the data file: /bip7_disk/pingting114/mixed_bam/COLO829_PAO/TF1e-3_25x/TF1e-3_25x.rep1.bam.bai
[W::bam_next_basemod] MM tag refers to bases beyond sequence length
[W::hts_idx_load3] The index file is older than the data file: /bip7_disk/pingting114/mixed_bam/COLO829_PAO/TF1e-3_25x/TF1e-3_25x.rep1.bam.bai
[W::hts_idx_load3] The index file is older than the data file: /bip7_disk/pingting114/mixed_bam/COLO829_PAO/TF1e-3_25x/TF1e-3_25x.rep1.bam.bai
[W::hts_idx_load3] The index file is older than the data file: /bip7_disk/pingting114/mixed_bam/COLO829_PAO/TF1e-3_25x/TF1e-3_25x.rep1.bam.bai
[W::hts_idx_load3] The index file is older than the data file: /bip7_disk/pingting114/mixed_bam/COLO829_PAO/TF1e-3_25x/TF1e-3_25x.rep1.bam.bai
[W::hts_idx_load3] The index file is older than the data file: /bip7_disk/pingting114/mixed_bam/COLO829_PAO/TF1e-3_25x/TF1e-3_25x.rep1.bam.bai
[E::bam_parse_basemod2] 74087e9f-f627-4b2b-9121-58206e969831: MM tag refers to bases beyond sequence length
[W::hts_idx_load3] The index file is older than the data file: /bip7_disk/pingting114/mixed_bam/COLO829_PAO/TF1e-3_25x/TF1e-3_25x.rep1.bam.bai
[W::hts_idx_load3] The index file is older than the data file: /bip7_disk/pingting114/mixed_bam/COLO829_PAO/TF1e-3_25x/TF1e-3_25x.rep1.bam.bai
[W::bam_next_basemod] MM tag refers to bases beyond sequence length
[W::hts_idx_load3] The index file is older than the data file: /bip7_disk/pingting114/mixed_bam/COLO829_PAO/TF1e-3_25x/TF1e-3_25x.rep1.bam.bai
[W::bam_next_basemod] MM tag refers to bases beyond sequence length
[W::hts_idx_load3] The index file is older than the data file: /bip7_disk/pingting114/mixed_bam/COLO829_PAO/TF1e-3_25x/TF1e-3_25x.rep1.bam.bai
[W::hts_idx_load3] The index file is older than the data file: /bip7_disk/pingting114/mixed_bam/COLO829_PAO/TF1e-3_25x/TF1e-3_25x.rep1.bam.bai
[W::hts_idx_load3] The index file is older than the data file: /bip7_disk/pingting114/mixed_bam/COLO829_PAO/TF1e-3_25x/TF1e-3_25x.rep1.bam.bai
[W::bam_next_basemod] MM tag refers to bases beyond sequence length
[W::hts_idx_load3] The index file is older than the data file: /bip7_disk/pingting114/mixed_bam/COLO829_PAO/TF1e-3_25x/TF1e-3_25x.rep1.bam.bai
[W::hts_idx_load3] The index file is older than the data file: /bip7_disk/pingting114/mixed_bam/COLO829_PAO/TF1e-3_25x/TF1e-3_25x.rep1.bam.bai
[W::bam_next_basemod] MM tag refers to bases beyond sequence length
[E::bam_parse_basemod2] 71029cd3-0176-483f-9501-a53c883813b6: MM tag refers to bases beyond sequence length
[W::hts_idx_load3] The index file is older than the data file: /bip7_disk/pingting114/mixed_bam/COLO829_PAO/TF1e-3_25x/TF1e-3_25x.rep1.bam.bai
[W::hts_idx_load3] The index file is older than the data file: /bip7_disk/pingting114/mixed_bam/COLO829_PAO/TF1e-3_25x/TF1e-3_25x.rep1.bam.bai
[W::hts_idx_load3] The index file is older than the data file: /bip7_disk/pingting114/mixed_bam/COLO829_PAO/TF1e-3_25x/TF1e-3_25x.rep1.bam.bai
[W::bam_next_basemod] MM tag refers to bases beyond sequence length
[W::hts_idx_load3] The index file is older than the data file: /bip7_disk/pingting114/mixed_bam/COLO829_PAO/TF1e-3_25x/TF1e-3_25x.rep1.bam.bai
[E::bam_parse_basemod2] 6fd296f0-80ef-40e4-8805-b320dbebac2c: MM tag refers to bases beyond sequence length
[W::hts_idx_load3] The index file is older than the data file: /bip7_disk/pingting114/mixed_bam/COLO829_PAO/TF1e-3_25x/TF1e-3_25x.rep1.bam.bai
[W::hts_idx_load3] The index file is older than the data file: /bip7_disk/pingting114/mixed_bam/COLO829_PAO/TF1e-3_25x/TF1e-3_25x.rep1.bam.bai
[W::hts_idx_load3] The index file is older than the data file: /bip7_disk/pingting114/mixed_bam/COLO829_PAO/TF1e-3_25x/TF1e-3_25x.rep1.bam.bai
[W::hts_idx_load3] The index file is older than the data file: /bip7_disk/pingting114/mixed_bam/COLO829_PAO/TF1e-3_25x/TF1e-3_25x.rep1.bam.bai
[W::bam_next_basemod] MM tag refers to bases beyond sequence length
[W::hts_idx_load3] The index file is older than the data file: /bip7_disk/pingting114/mixed_bam/COLO829_PAO/TF1e-3_25x/TF1e-3_25x.rep1.bam.bai
[W::bam_next_basemod] MM tag refers to bases beyond sequence length
[W::hts_idx_load3] The index file is older than the data file: /bip7_disk/pingting114/mixed_bam/COLO829_PAO/TF1e-3_25x/TF1e-3_25x.rep1.bam.bai
[W::hts_idx_load3] The index file is older than the data file: /bip7_disk/pingting114/mixed_bam/COLO829_PAO/TF1e-3_25x/TF1e-3_25x.rep1.bam.bai
[W::hts_idx_load3] The index file is older than the data file: /bip7_disk/pingting114/mixed_bam/COLO829_PAO/TF1e-3_25x/TF1e-3_25x.rep1.bam.bai
[W::hts_idx_load3] The index file is older than the data file: /bip7_disk/pingting114/mixed_bam/COLO829_PAO/TF1e-3_25x/TF1e-3_25x.rep1.bam.bai
[W::hts_idx_load3] The index file is older than the data file: /bip7_disk/pingting114/mixed_bam/COLO829_PAO/TF1e-3_25x/TF1e-3_25x.rep1.bam.bai
[W::bam_next_basemod] MM tag refers to bases beyond sequence length
[W::bam_next_basemod] MM tag refers to bases beyond sequence length
[W::hts_idx_load3] The index file is older than the data file: /bip7_disk/pingting114/mixed_bam/COLO829_PAO/TF1e-3_25x/TF1e-3_25x.rep1.bam.bai
[W::hts_idx_load3] The index file is older than the data file: /bip7_disk/pingting114/mixed_bam/COLO829_PAO/TF1e-3_25x/TF1e-3_25x.rep1.bam.bai
[W::hts_idx_load3] The index file is older than the data file: /bip7_disk/pingting114/mixed_bam/COLO829_PAO/TF1e-3_25x/TF1e-3_25x.rep1.bam.bai
[W::hts_idx_load3] The index file is older than the data file: /bip7_disk/pingting114/mixed_bam/COLO829_PAO/TF1e-3_25x/TF1e-3_25x.rep1.bam.bai
  TF1e-3_25x.rep1.bam cand 3000/4000
[W::hts_idx_load3] The index file is older than the data file: /bip7_disk/pingting114/mixed_bam/COLO829_PAO/TF1e-3_25x/TF1e-3_25x.rep1.bam.bai
[W::hts_idx_load3] The index file is older than the data file: /bip7_disk/pingting114/mixed_bam/COLO829_PAO/TF1e-3_25x/TF1e-3_25x.rep1.bam.bai
[W::hts_idx_load3] The index file is older than the data file: /bip7_disk/pingting114/mixed_bam/COLO829_PAO/TF1e-3_25x/TF1e-3_25x.rep1.bam.bai
[W::hts_idx_load3] The index file is older than the data file: /bip7_disk/pingting114/mixed_bam/COLO829_PAO/TF1e-3_25x/TF1e-3_25x.rep1.bam.bai
[W::hts_idx_load3] The index file is older than the data file: /bip7_disk/pingting114/mixed_bam/COLO829_PAO/TF1e-3_25x/TF1e-3_25x.rep1.bam.bai
[W::hts_idx_load3] The index file is older than the data file: /bip7_disk/pingting114/mixed_bam/COLO829_PAO/TF1e-3_25x/TF1e-3_25x.rep1.bam.bai
[W::hts_idx_load3] The index file is older than the data file: /bip7_disk/pingting114/mixed_bam/COLO829_PAO/TF1e-3_25x/TF1e-3_25x.rep1.bam.bai
[W::hts_idx_load3] The index file is older than the data file: /bip7_disk/pingting114/mixed_bam/COLO829_PAO/TF1e-3_25x/TF1e-3_25x.rep1.bam.bai
[W::bam_next_basemod] MM tag refers to bases beyond sequence length
[W::bam_next_basemod] MM tag refers to bases beyond sequence length
[W::hts_idx_load3] The index file is older than the data file: /bip7_disk/pingting114/mixed_bam/COLO829_PAO/TF1e-3_25x/TF1e-3_25x.rep1.bam.bai
[W::bam_next_basemod] MM tag refers to bases beyond sequence length
[W::hts_idx_load3] The index file is older than the data file: /bip7_disk/pingting114/mixed_bam/COLO829_PAO/TF1e-3_25x/TF1e-3_25x.rep1.bam.bai
[W::hts_idx_load3] The index file is older than the data file: /bip7_disk/pingting114/mixed_bam/COLO829_PAO/TF1e-3_25x/TF1e-3_25x.rep1.bam.bai
[W::hts_idx_load3] The index file is older than the data file: /bip7_disk/pingting114/mixed_bam/COLO829_PAO/TF1e-3_25x/TF1e-3_25x.rep1.bam.bai
[E::bam_parse_basemod2] fa22ae57-2561-44e0-b68d-7158a1607a37: MM tag refers to bases beyond sequence length
[W::bam_next_basemod] MM tag refers to bases beyond sequence length
[W::hts_idx_load3] The index file is older than the data file: /bip7_disk/pingting114/mixed_bam/COLO829_PAO/TF1e-3_25x/TF1e-3_25x.rep1.bam.bai
[W::hts_idx_load3] The index file is older than the data file: /bip7_disk/pingting114/mixed_bam/COLO829_PAO/TF1e-3_25x/TF1e-3_25x.rep1.bam.bai
[W::hts_idx_load3] The index file is older than the data file: /bip7_disk/pingting114/mixed_bam/COLO829_PAO/TF1e-3_25x/TF1e-3_25x.rep1.bam.bai
[W::hts_idx_load3] The index file is older than the data file: /bip7_disk/pingting114/mixed_bam/COLO829_PAO/TF1e-3_25x/TF1e-3_25x.rep1.bam.bai
[W::hts_idx_load3] The index file is older than the data file: /bip7_disk/pingting114/mixed_bam/COLO829_PAO/TF1e-3_25x/TF1e-3_25x.rep1.bam.bai
[W::bam_next_basemod] MM tag refers to bases beyond sequence length
[W::hts_idx_load3] The index file is older than the data file: /bip7_disk/pingting114/mixed_bam/COLO829_PAO/TF1e-3_25x/TF1e-3_25x.rep1.bam.bai
[W::hts_idx_load3] The index file is older than the data file: /bip7_disk/pingting114/mixed_bam/COLO829_PAO/TF1e-3_25x/TF1e-3_25x.rep1.bam.bai
[E::bam_parse_basemod2] 2683d3c0-291f-4e58-acd8-7a131ac2a5fc: MM tag refers to bases beyond sequence length
[W::bam_next_basemod] MM tag refers to bases beyond sequence length
[E::bam_parse_basemod2] 83bd2a81-02a8-4e26-bdb7-dbf0ebc9ae83: MM tag refers to bases beyond sequence length
[W::bam_next_basemod] MM tag refers to bases beyond sequence length
[W::hts_idx_load3] The index file is older than the data file: /bip7_disk/pingting114/mixed_bam/COLO829_PAO/TF1e-3_25x/TF1e-3_25x.rep1.bam.bai
[W::hts_idx_load3] The index file is older than the data file: /bip7_disk/pingting114/mixed_bam/COLO829_PAO/TF1e-3_25x/TF1e-3_25x.rep1.bam.bai
[W::hts_idx_load3] The index file is older than the data file: /bip7_disk/pingting114/mixed_bam/COLO829_PAO/TF1e-3_25x/TF1e-3_25x.rep1.bam.bai
[E::bam_parse_basemod2] 408fa288-1472-40f7-9831-cfb77c243d3b: MM tag refers to bases beyond sequence length
[W::hts_idx_load3] The index file is older than the data file: /bip7_disk/pingting114/mixed_bam/COLO829_PAO/TF1e-3_25x/TF1e-3_25x.rep1.bam.bai
[W::hts_idx_load3] The index file is older than the data file: /bip7_disk/pingting114/mixed_bam/COLO829_PAO/TF1e-3_25x/TF1e-3_25x.rep1.bam.bai
[W::hts_idx_load3] The index file is older than the data file: /bip7_disk/pingting114/mixed_bam/COLO829_PAO/TF1e-3_25x/TF1e-3_25x.rep1.bam.bai
[W::hts_idx_load3] The index file is older than the data file: /bip7_disk/pingting114/mixed_bam/COLO829_PAO/TF1e-3_25x/TF1e-3_25x.rep1.bam.bai
[W::hts_idx_load3] The index file is older than the data file: /bip7_disk/pingting114/mixed_bam/COLO829_PAO/TF1e-3_25x/TF1e-3_25x.rep1.bam.bai
[W::hts_idx_load3] The index file is older than the data file: /bip7_disk/pingting114/mixed_bam/COLO829_PAO/TF1e-3_25x/TF1e-3_25x.rep1.bam.bai
[W::bam_next_basemod] MM tag refers to bases beyond sequence length
[W::hts_idx_load3] The index file is older than the data file: /bip7_disk/pingting114/mixed_bam/COLO829_PAO/TF1e-3_25x/TF1e-3_25x.rep1.bam.bai
[W::hts_idx_load3] The index file is older than the data file: /bip7_disk/pingting114/mixed_bam/COLO829_PAO/TF1e-3_25x/TF1e-3_25x.rep1.bam.bai
[E::bam_parse_basemod2] 2cf65c33-4cd3-4645-9346-1e23b9537148: MM tag refers to bases beyond sequence length
[W::hts_idx_load3] The index file is older than the data file: /bip7_disk/pingting114/mixed_bam/COLO829_PAO/TF1e-3_25x/TF1e-3_25x.rep1.bam.bai
[W::hts_idx_load3] The index file is older than the data file: /bip7_disk/pingting114/mixed_bam/COLO829_PAO/TF1e-3_25x/TF1e-3_25x.rep1.bam.bai
[W::bam_next_basemod] MM tag refers to bases beyond sequence length
[W::hts_idx_load3] The index file is older than the data file: /bip7_disk/pingting114/mixed_bam/COLO829_PAO/TF1e-3_25x/TF1e-3_25x.rep1.bam.bai
[W::hts_idx_load3] The index file is older than the data file: /bip7_disk/pingting114/mixed_bam/COLO829_PAO/TF1e-3_25x/TF1e-3_25x.rep1.bam.bai
[W::hts_idx_load3] The index file is older than the data file: /bip7_disk/pingting114/mixed_bam/COLO829_PAO/TF1e-3_25x/TF1e-3_25x.rep1.bam.bai
[E::bam_parse_basemod2] ea39eebf-c485-441d-94e8-5563bc718bac: MM tag refers to bases beyond sequence length
[W::hts_idx_load3] The index file is older than the data file: /bip7_disk/pingting114/mixed_bam/COLO829_PAO/TF1e-3_25x/TF1e-3_25x.rep1.bam.bai
[W::hts_idx_load3] The index file is older than the data file: /bip7_disk/pingting114/mixed_bam/COLO829_PAO/TF1e-3_25x/TF1e-3_25x.rep1.bam.bai
[W::bam_next_basemod] MM tag refers to bases beyond sequence length
[W::bam_next_basemod] MM tag refers to bases beyond sequence length
[W::hts_idx_load3] The index file is older than the data file: /bip7_disk/pingting114/mixed_bam/COLO829_PAO/TF1e-3_25x/TF1e-3_25x.rep1.bam.bai
[W::hts_idx_load3] The index file is older than the data file: /bip7_disk/pingting114/mixed_bam/COLO829_PAO/TF1e-3_25x/TF1e-3_25x.rep1.bam.bai
[W::bam_next_basemod] MM tag refers to bases beyond sequence length
[W::hts_idx_load3] The index file is older than the data file: /bip7_disk/pingting114/mixed_bam/COLO829_PAO/TF1e-3_25x/TF1e-3_25x.rep1.bam.bai
[W::bam_next_basemod] MM tag refers to bases beyond sequence length
[W::hts_idx_load3] The index file is older than the data file: /bip7_disk/pingting114/mixed_bam/COLO829_PAO/TF1e-3_25x/TF1e-3_25x.rep1.bam.bai
[W::hts_idx_load3] The index file is older than the data file: /bip7_disk/pingting114/mixed_bam/COLO829_PAO/TF1e-3_25x/TF1e-3_25x.rep1.bam.bai
[W::hts_idx_load3] The index file is older than the data file: /bip7_disk/pingting114/mixed_bam/COLO829_PAO/TF1e-3_25x/TF1e-3_25x.rep1.bam.bai
[W::hts_idx_load3] The index file is older than the data file: /bip7_disk/pingting114/mixed_bam/COLO829_PAO/TF1e-3_25x/TF1e-3_25x.rep1.bam.bai
[W::hts_idx_load3] The index file is older than the data file: /bip7_disk/pingting114/mixed_bam/COLO829_PAO/TF1e-3_25x/TF1e-3_25x.rep1.bam.bai
[W::hts_idx_load3] The index file is older than the data file: /bip7_disk/pingting114/mixed_bam/COLO829_PAO/TF1e-3_25x/TF1e-3_25x.rep1.bam.bai
[W::hts_idx_load3] The index file is older than the data file: /bip7_disk/pingting114/mixed_bam/COLO829_PAO/TF1e-3_25x/TF1e-3_25x.rep1.bam.bai
[W::hts_idx_load3] The index file is older than the data file: /bip7_disk/pingting114/mixed_bam/COLO829_PAO/TF1e-3_25x/TF1e-3_25x.rep1.bam.bai
[W::hts_idx_load3] The index file is older than the data file: /bip7_disk/pingting114/mixed_bam/COLO829_PAO/TF1e-3_25x/TF1e-3_25x.rep1.bam.bai
[W::hts_idx_load3] The index file is older than the data file: /bip7_disk/pingting114/mixed_bam/COLO829_PAO/TF1e-3_25x/TF1e-3_25x.rep1.bam.bai
[W::hts_idx_load3] The index file is older than the data file: /bip7_disk/pingting114/mixed_bam/COLO829_PAO/TF1e-3_25x/TF1e-3_25x.rep1.bam.bai
[W::hts_idx_load3] The index file is older than the data file: /bip7_disk/pingting114/mixed_bam/COLO829_PAO/TF1e-3_25x/TF1e-3_25x.rep1.bam.bai
[W::hts_idx_load3] The index file is older than the data file: /bip7_disk/pingting114/mixed_bam/COLO829_PAO/TF1e-3_25x/TF1e-3_25x.rep1.bam.bai
[W::hts_idx_load3] The index file is older than the data file: /bip7_disk/pingting114/mixed_bam/COLO829_PAO/TF1e-3_25x/TF1e-3_25x.rep1.bam.bai
[W::hts_idx_load3] The index file is older than the data file: /bip7_disk/pingting114/mixed_bam/COLO829_PAO/TF1e-3_25x/TF1e-3_25x.rep1.bam.bai
[W::bam_next_basemod] MM tag refers to bases beyond sequence length
[E::bam_parse_basemod2] d69a9e40-fd01-4982-aa0a-ffc39cbff3f8: MM tag refers to bases beyond sequence length
[W::hts_idx_load3] The index file is older than the data file: /bip7_disk/pingting114/mixed_bam/COLO829_PAO/TF1e-3_25x/TF1e-3_25x.rep1.bam.bai
[E::bam_parse_basemod2] 91149859-8f73-470e-b500-e902acba5123: MM tag refers to bases beyond sequence length
[W::hts_idx_load3] The index file is older than the data file: /bip7_disk/pingting114/mixed_bam/COLO829_PAO/TF1e-3_25x/TF1e-3_25x.rep1.bam.bai
[W::hts_idx_load3] The index file is older than the data file: /bip7_disk/pingting114/mixed_bam/COLO829_PAO/TF1e-3_25x/TF1e-3_25x.rep1.bam.bai
[W::bam_next_basemod] MM tag refers to bases beyond sequence length
[W::hts_idx_load3] The index file is older than the data file: /bip7_disk/pingting114/mixed_bam/COLO829_PAO/TF1e-3_25x/TF1e-3_25x.rep1.bam.bai
[W::hts_idx_load3] The index file is older than the data file: /bip7_disk/pingting114/mixed_bam/COLO829_PAO/TF1e-3_25x/TF1e-3_25x.rep1.bam.bai
[W::hts_idx_load3] The index file is older than the data file: /bip7_disk/pingting114/mixed_bam/COLO829_PAO/TF1e-3_25x/TF1e-3_25x.rep1.bam.bai
[W::bam_next_basemod] MM tag refers to bases beyond sequence length
[W::bam_next_basemod] MM tag refers to bases beyond sequence length
[E::bam_parse_basemod2] 70891429-3a59-41c7-8f9a-168d9ca6f9c3: MM tag refers to bases beyond sequence length
[W::hts_idx_load3] The index file is older than the data file: /bip7_disk/pingting114/mixed_bam/COLO829_PAO/TF1e-3_25x/TF1e-3_25x.rep1.bam.bai
[W::hts_idx_load3] The index file is older than the data file: /bip7_disk/pingting114/mixed_bam/COLO829_PAO/TF1e-3_25x/TF1e-3_25x.rep1.bam.bai
[W::hts_idx_load3] The index file is older than the data file: /bip7_disk/pingting114/mixed_bam/COLO829_PAO/TF1e-3_25x/TF1e-3_25x.rep1.bam.bai
[W::hts_idx_load3] The index file is older than the data file: /bip7_disk/pingting114/mixed_bam/COLO829_PAO/TF1e-3_25x/TF1e-3_25x.rep1.bam.bai
[W::hts_idx_load3] The index file is older than the data file: /bip7_disk/pingting114/mixed_bam/COLO829_PAO/TF1e-3_25x/TF1e-3_25x.rep1.bam.bai
[W::hts_idx_load3] The index file is older than the data file: /bip7_disk/pingting114/mixed_bam/COLO829_PAO/TF1e-3_25x/TF1e-3_25x.rep1.bam.bai
[W::hts_idx_load3] The index file is older than the data file: /bip7_disk/pingting114/mixed_bam/COLO829_PAO/TF1e-3_25x/TF1e-3_25x.rep1.bam.bai
[W::hts_idx_load3] The index file is older than the data file: /bip7_disk/pingting114/mixed_bam/COLO829_PAO/TF1e-3_25x/TF1e-3_25x.rep1.bam.bai
[W::hts_idx_load3] The index file is older than the data file: /bip7_disk/pingting114/mixed_bam/COLO829_PAO/TF1e-3_25x/TF1e-3_25x.rep1.bam.bai
[W::hts_idx_load3] The index file is older than the data file: /bip7_disk/pingting114/mixed_bam/COLO829_PAO/TF1e-3_25x/TF1e-3_25x.rep1.bam.bai
[W::hts_idx_load3] The index file is older than the data file: /bip7_disk/pingting114/mixed_bam/COLO829_PAO/TF1e-3_25x/TF1e-3_25x.rep1.bam.bai
[W::bam_next_basemod] MM tag refers to bases beyond sequence length
[W::hts_idx_load3] The index file is older than the data file: /bip7_disk/pingting114/mixed_bam/COLO829_PAO/TF1e-3_25x/TF1e-3_25x.rep1.bam.bai
[E::bam_parse_basemod2] a65b4b42-5ae3-4d31-9dca-0e12781bffa7: MM tag refers to bases beyond sequence length
[W::hts_idx_load3] The index file is older than the data file: /bip7_disk/pingting114/mixed_bam/COLO829_PAO/TF1e-3_25x/TF1e-3_25x.rep1.bam.bai
[W::bam_next_basemod] MM tag refers to bases beyond sequence length
[W::hts_idx_load3] The index file is older than the data file: /bip7_disk/pingting114/mixed_bam/COLO829_PAO/TF1e-3_25x/TF1e-3_25x.rep1.bam.bai
[W::hts_idx_load3] The index file is older than the data file: /bip7_disk/pingting114/mixed_bam/COLO829_PAO/TF1e-3_25x/TF1e-3_25x.rep1.bam.bai
[W::hts_idx_load3] The index file is older than the data file: /bip7_disk/pingting114/mixed_bam/COLO829_PAO/TF1e-3_25x/TF1e-3_25x.rep1.bam.bai
[W::hts_idx_load3] The index file is older than the data file: /bip7_disk/pingting114/mixed_bam/COLO829_PAO/TF1e-3_25x/TF1e-3_25x.rep1.bam.bai
[W::bam_next_basemod] MM tag refers to bases beyond sequence length
[W::hts_idx_load3] The index file is older than the data file: /bip7_disk/pingting114/mixed_bam/COLO829_PAO/TF1e-3_25x/TF1e-3_25x.rep1.bam.bai
[W::bam_next_basemod] MM tag refers to bases beyond sequence length
[W::hts_idx_load3] The index file is older than the data file: /bip7_disk/pingting114/mixed_bam/COLO829_PAO/TF1e-3_25x/TF1e-3_25x.rep1.bam.bai
[W::hts_idx_load3] The index file is older than the data file: /bip7_disk/pingting114/mixed_bam/COLO829_PAO/TF1e-3_25x/TF1e-3_25x.rep1.bam.bai
[W::hts_idx_load3] The index file is older than the data file: /bip7_disk/pingting114/mixed_bam/COLO829_PAO/TF1e-3_25x/TF1e-3_25x.rep1.bam.bai
[W::hts_idx_load3] The index file is older than the data file: /bip7_disk/pingting114/mixed_bam/COLO829_PAO/TF1e-3_25x/TF1e-3_25x.rep1.bam.bai
[W::hts_idx_load3] The index file is older than the data file: /bip7_disk/pingting114/mixed_bam/COLO829_PAO/TF1e-3_25x/TF1e-3_25x.rep1.bam.bai
[W::hts_idx_load3] The index file is older than the data file: /bip7_disk/pingting114/mixed_bam/COLO829_PAO/TF1e-3_25x/TF1e-3_25x.rep1.bam.bai
[W::bam_next_basemod] MM tag refers to bases beyond sequence length
[W::hts_idx_load3] The index file is older than the data file: /bip7_disk/pingting114/mixed_bam/COLO829_PAO/TF1e-3_25x/TF1e-3_25x.rep1.bam.bai
[W::hts_idx_load3] The index file is older than the data file: /bip7_disk/pingting114/mixed_bam/COLO829_PAO/TF1e-3_25x/TF1e-3_25x.rep1.bam.bai
[W::bam_next_basemod] MM tag refers to bases beyond sequence length
[W::bam_next_basemod] MM tag refers to bases beyond sequence length
[W::hts_idx_load3] The index file is older than the data file: /bip7_disk/pingting114/mixed_bam/COLO829_PAO/TF1e-3_25x/TF1e-3_25x.rep1.bam.bai
[W::hts_idx_load3] The index file is older than the data file: /bip7_disk/pingting114/mixed_bam/COLO829_PAO/TF1e-3_25x/TF1e-3_25x.rep1.bam.bai
[E::bam_parse_basemod2] d9eebb5e-a5cd-4c8f-b232-e4b2fc22b555: MM tag refers to bases beyond sequence length
[W::hts_idx_load3] The index file is older than the data file: /bip7_disk/pingting114/mixed_bam/COLO829_PAO/TF1e-3_25x/TF1e-3_25x.rep1.bam.bai
[W::hts_idx_load3] The index file is older than the data file: /bip7_disk/pingting114/mixed_bam/COLO829_PAO/TF1e-3_25x/TF1e-3_25x.rep1.bam.bai
[W::hts_idx_load3] The index file is older than the data file: /bip7_disk/pingting114/mixed_bam/COLO829_PAO/TF1e-3_25x/TF1e-3_25x.rep1.bam.bai
[W::bam_next_basemod] MM tag refers to bases beyond sequence length
[W::hts_idx_load3] The index file is older than the data file: /bip7_disk/pingting114/mixed_bam/COLO829_PAO/TF1e-3_25x/TF1e-3_25x.rep1.bam.bai
[E::bam_parse_basemod2] 855dc0c8-e6d2-4019-ba46-af469d22862b: MM tag refers to bases beyond sequence length
[W::hts_idx_load3] The index file is older than the data file: /bip7_disk/pingting114/mixed_bam/COLO829_PAO/TF1e-3_25x/TF1e-3_25x.rep1.bam.bai
[W::hts_idx_load3] The index file is older than the data file: /bip7_disk/pingting114/mixed_bam/COLO829_PAO/TF1e-3_25x/TF1e-3_25x.rep1.bam.bai
[W::bam_next_basemod] MM tag refers to bases beyond sequence length
[W::hts_idx_load3] The index file is older than the data file: /bip7_disk/pingting114/mixed_bam/COLO829_PAO/TF1e-3_25x/TF1e-3_25x.rep1.bam.bai
[W::hts_idx_load3] The index file is older than the data file: /bip7_disk/pingting114/mixed_bam/COLO829_PAO/TF1e-3_25x/TF1e-3_25x.rep1.bam.bai
[W::bam_next_basemod] MM tag refers to bases beyond sequence length
[W::hts_idx_load3] The index file is older than the data file: /bip7_disk/pingting114/mixed_bam/COLO829_PAO/TF1e-3_25x/TF1e-3_25x.rep1.bam.bai
[W::hts_idx_load3] The index file is older than the data file: /bip7_disk/pingting114/mixed_bam/COLO829_PAO/TF1e-3_25x/TF1e-3_25x.rep1.bam.bai
[W::bam_next_basemod] MM tag refers to bases beyond sequence length
[W::hts_idx_load3] The index file is older than the data file: /bip7_disk/pingting114/mixed_bam/COLO829_PAO/TF1e-3_25x/TF1e-3_25x.rep1.bam.bai
[W::hts_idx_load3] The index file is older than the data file: /bip7_disk/pingting114/mixed_bam/COLO829_PAO/TF1e-3_25x/TF1e-3_25x.rep1.bam.bai
[W::hts_idx_load3] The index file is older than the data file: /bip7_disk/pingting114/mixed_bam/COLO829_PAO/TF1e-3_25x/TF1e-3_25x.rep1.bam.bai
[W::bam_next_basemod] MM tag refers to bases beyond sequence length
[W::hts_idx_load3] The index file is older than the data file: /bip7_disk/pingting114/mixed_bam/COLO829_PAO/TF1e-3_25x/TF1e-3_25x.rep1.bam.bai
[W::hts_idx_load3] The index file is older than the data file: /bip7_disk/pingting114/mixed_bam/COLO829_PAO/TF1e-3_25x/TF1e-3_25x.rep1.bam.bai
[W::hts_idx_load3] The index file is older than the data file: /bip7_disk/pingting114/mixed_bam/COLO829_PAO/TF1e-3_25x/TF1e-3_25x.rep1.bam.bai
[W::bam_next_basemod] MM tag refers to bases beyond sequence length
[W::bam_next_basemod] MM tag refers to bases beyond sequence length
[E::bam_parse_basemod2] e864b2eb-02f1-458e-88e0-4e12dabdfbbc: MM tag refers to bases beyond sequence length
[W::hts_idx_load3] The index file is older than the data file: /bip7_disk/pingting114/mixed_bam/COLO829_PAO/TF1e-3_25x/TF1e-3_25x.rep1.bam.bai
[W::hts_idx_load3] The index file is older than the data file: /bip7_disk/pingting114/mixed_bam/COLO829_PAO/TF1e-3_25x/TF1e-3_25x.rep1.bam.bai
[E::bam_parse_basemod2] 99f18c4d-cb96-4b50-b020-32c3ef97b1df: MM tag refers to bases beyond sequence length
[W::hts_idx_load3] The index file is older than the data file: /bip7_disk/pingting114/mixed_bam/COLO829_PAO/TF1e-3_25x/TF1e-3_25x.rep1.bam.bai
[W::hts_idx_load3] The index file is older than the data file: /bip7_disk/pingting114/mixed_bam/COLO829_PAO/TF1e-3_25x/TF1e-3_25x.rep1.bam.bai
[W::bam_next_basemod] MM tag refers to bases beyond sequence length
[W::hts_idx_load3] The index file is older than the data file: /bip7_disk/pingting114/mixed_bam/COLO829_PAO/TF1e-3_25x/TF1e-3_25x.rep1.bam.bai
[W::hts_idx_load3] The index file is older than the data file: /bip7_disk/pingting114/mixed_bam/COLO829_PAO/TF1e-3_25x/TF1e-3_25x.rep1.bam.bai
[E::bam_parse_basemod2] b2a08182-c0c0-47e7-8e0a-dec38fe1f2db: MM tag refers to bases beyond sequence length
[W::bam_next_basemod] MM tag refers to bases beyond sequence length
[W::hts_idx_load3] The index file is older than the data file: /bip7_disk/pingting114/mixed_bam/COLO829_PAO/TF1e-3_25x/TF1e-3_25x.rep1.bam.bai
[E::bam_parse_basemod2] 739e926c-ef78-4d1d-bb76-4c2df81294e9: MM tag refers to bases beyond sequence length
[W::hts_idx_load3] The index file is older than the data file: /bip7_disk/pingting114/mixed_bam/COLO829_PAO/TF1e-3_25x/TF1e-3_25x.rep1.bam.bai
[W::hts_idx_load3] The index file is older than the data file: /bip7_disk/pingting114/mixed_bam/COLO829_PAO/TF1e-3_25x/TF1e-3_25x.rep1.bam.bai
[W::hts_idx_load3] The index file is older than the data file: /bip7_disk/pingting114/mixed_bam/COLO829_PAO/TF1e-3_25x/TF1e-3_25x.rep1.bam.bai
[W::hts_idx_load3] The index file is older than the data file: /bip7_disk/pingting114/mixed_bam/COLO829_PAO/TF1e-3_25x/TF1e-3_25x.rep1.bam.bai
[W::hts_idx_load3] The index file is older than the data file: /bip7_disk/pingting114/mixed_bam/COLO829_PAO/TF1e-3_25x/TF1e-3_25x.rep1.bam.bai
[W::hts_idx_load3] The index file is older than the data file: /bip7_disk/pingting114/mixed_bam/COLO829_PAO/TF1e-3_25x/TF1e-3_25x.rep1.bam.bai
[W::bam_next_basemod] MM tag refers to bases beyond sequence length
[W::hts_idx_load3] The index file is older than the data file: /bip7_disk/pingting114/mixed_bam/COLO829_PAO/TF1e-3_25x/TF1e-3_25x.rep1.bam.bai
[W::hts_idx_load3] The index file is older than the data file: /bip7_disk/pingting114/mixed_bam/COLO829_PAO/TF1e-3_25x/TF1e-3_25x.rep1.bam.bai
[W::hts_idx_load3] The index file is older than the data file: /bip7_disk/pingting114/mixed_bam/COLO829_PAO/TF1e-3_25x/TF1e-3_25x.rep1.bam.bai
[E::bam_parse_basemod2] 88276e4d-f10d-4d40-84a4-fb3fe4d84118: MM tag refers to bases beyond sequence length
[W::bam_next_basemod] MM tag refers to bases beyond sequence length
[W::hts_idx_load3] The index file is older than the data file: /bip7_disk/pingting114/mixed_bam/COLO829_PAO/TF1e-3_25x/TF1e-3_25x.rep1.bam.bai
[W::hts_idx_load3] The index file is older than the data file: /bip7_disk/pingting114/mixed_bam/COLO829_PAO/TF1e-3_25x/TF1e-3_25x.rep1.bam.bai
[W::hts_idx_load3] The index file is older than the data file: /bip7_disk/pingting114/mixed_bam/COLO829_PAO/TF1e-3_25x/TF1e-3_25x.rep1.bam.bai
[W::hts_idx_load3] The index file is older than the data file: /bip7_disk/pingting114/mixed_bam/COLO829_PAO/TF1e-3_25x/TF1e-3_25x.rep1.bam.bai
[W::hts_idx_load3] The index file is older than the data file: /bip7_disk/pingting114/mixed_bam/COLO829_PAO/TF1e-3_25x/TF1e-3_25x.rep1.bam.bai
[W::hts_idx_load3] The index file is older than the data file: /bip7_disk/pingting114/mixed_bam/COLO829_PAO/TF1e-3_25x/TF1e-3_25x.rep1.bam.bai
[W::hts_idx_load3] The index file is older than the data file: /bip7_disk/pingting114/mixed_bam/COLO829_PAO/TF1e-3_25x/TF1e-3_25x.rep1.bam.bai
[W::hts_idx_load3] The index file is older than the data file: /bip7_disk/pingting114/mixed_bam/COLO829_PAO/TF1e-3_25x/TF1e-3_25x.rep1.bam.bai
[W::bam_next_basemod] MM tag refers to bases beyond sequence length
[W::hts_idx_load3] The index file is older than the data file: /bip7_disk/pingting114/mixed_bam/COLO829_PAO/TF1e-3_25x/TF1e-3_25x.rep1.bam.bai
[W::bam_next_basemod] MM tag refers to bases beyond sequence length
[W::hts_idx_load3] The index file is older than the data file: /bip7_disk/pingting114/mixed_bam/COLO829_PAO/TF1e-3_25x/TF1e-3_25x.rep1.bam.bai
[E::bam_parse_basemod2] 58e3ddd3-0130-4c35-90c4-2a9f9f73be76: MM tag refers to bases beyond sequence length
[W::hts_idx_load3] The index file is older than the data file: /bip7_disk/pingting114/mixed_bam/COLO829_PAO/TF1e-3_25x/TF1e-3_25x.rep1.bam.bai
[W::hts_idx_load3] The index file is older than the data file: /bip7_disk/pingting114/mixed_bam/COLO829_PAO/TF1e-3_25x/TF1e-3_25x.rep1.bam.bai
[W::hts_idx_load3] The index file is older than the data file: /bip7_disk/pingting114/mixed_bam/COLO829_PAO/TF1e-3_25x/TF1e-3_25x.rep1.bam.bai
[W::hts_idx_load3] The index file is older than the data file: /bip7_disk/pingting114/mixed_bam/COLO829_PAO/TF1e-3_25x/TF1e-3_25x.rep1.bam.bai
[W::hts_idx_load3] The index file is older than the data file: /bip7_disk/pingting114/mixed_bam/COLO829_PAO/TF1e-3_25x/TF1e-3_25x.rep1.bam.bai
[E::bam_parse_basemod2] 23b1fb29-c438-4f6b-b8d5-9696907eec11: MM tag refers to bases beyond sequence length
[W::hts_idx_load3] The index file is older than the data file: /bip7_disk/pingting114/mixed_bam/COLO829_PAO/TF1e-3_25x/TF1e-3_25x.rep1.bam.bai
[W::bam_next_basemod] MM tag refers to bases beyond sequence length
[W::hts_idx_load3] The index file is older than the data file: /bip7_disk/pingting114/mixed_bam/COLO829_PAO/TF1e-3_25x/TF1e-3_25x.rep1.bam.bai
[W::hts_idx_load3] The index file is older than the data file: /bip7_disk/pingting114/mixed_bam/COLO829_PAO/TF1e-3_25x/TF1e-3_25x.rep1.bam.bai
[W::hts_idx_load3] The index file is older than the data file: /bip7_disk/pingting114/mixed_bam/COLO829_PAO/TF1e-3_25x/TF1e-3_25x.rep1.bam.bai
[W::bam_next_basemod] MM tag refers to bases beyond sequence length
[W::hts_idx_load3] The index file is older than the data file: /bip7_disk/pingting114/mixed_bam/COLO829_PAO/TF1e-3_25x/TF1e-3_25x.rep1.bam.bai
[W::hts_idx_load3] The index file is older than the data file: /bip7_disk/pingting114/mixed_bam/COLO829_PAO/TF1e-3_25x/TF1e-3_25x.rep1.bam.bai
[W::hts_idx_load3] The index file is older than the data file: /bip7_disk/pingting114/mixed_bam/COLO829_PAO/TF1e-3_25x/TF1e-3_25x.rep1.bam.bai
[W::hts_idx_load3] The index file is older than the data file: /bip7_disk/pingting114/mixed_bam/COLO829_PAO/TF1e-3_25x/TF1e-3_25x.rep1.bam.bai
[W::bam_next_basemod] MM tag refers to bases beyond sequence length
[E::bam_parse_basemod2] a64d9eb1-5b41-4adc-90f3-ac27846e9858: MM tag refers to bases beyond sequence length
[W::hts_idx_load3] The index file is older than the data file: /bip7_disk/pingting114/mixed_bam/COLO829_PAO/TF1e-3_25x/TF1e-3_25x.rep1.bam.bai
[W::bam_next_basemod] MM tag refers to bases beyond sequence length
[W::hts_idx_load3] The index file is older than the data file: /bip7_disk/pingting114/mixed_bam/COLO829_PAO/TF1e-3_25x/TF1e-3_25x.rep1.bam.bai
[W::hts_idx_load3] The index file is older than the data file: /bip7_disk/pingting114/mixed_bam/COLO829_PAO/TF1e-3_25x/TF1e-3_25x.rep1.bam.bai
[W::hts_idx_load3] The index file is older than the data file: /bip7_disk/pingting114/mixed_bam/COLO829_PAO/TF1e-3_25x/TF1e-3_25x.rep1.bam.bai
[W::hts_idx_load3] The index file is older than the data file: /bip7_disk/pingting114/mixed_bam/COLO829_PAO/TF1e-3_25x/TF1e-3_25x.rep1.bam.bai
[E::bam_parse_basemod2] ce4d17bc-fe89-4f7b-8cf1-faac90fdd111: MM tag refers to bases beyond sequence length
[W::hts_idx_load3] The index file is older than the data file: /bip7_disk/pingting114/mixed_bam/COLO829_PAO/TF1e-3_25x/TF1e-3_25x.rep1.bam.bai
[W::hts_idx_load3] The index file is older than the data file: /bip7_disk/pingting114/mixed_bam/COLO829_PAO/TF1e-3_25x/TF1e-3_25x.rep1.bam.bai
[W::hts_idx_load3] The index file is older than the data file: /bip7_disk/pingting114/mixed_bam/COLO829_PAO/TF1e-3_25x/TF1e-3_25x.rep1.bam.bai
[W::hts_idx_load3] The index file is older than the data file: /bip7_disk/pingting114/mixed_bam/COLO829_PAO/TF1e-3_25x/TF1e-3_25x.rep1.bam.bai
[W::hts_idx_load3] The index file is older than the data file: /bip7_disk/pingting114/mixed_bam/COLO829_PAO/TF1e-3_25x/TF1e-3_25x.rep1.bam.bai
[E::bam_parse_basemod2] a89ce9db-22f3-4962-82d6-686f326d559e: MM tag refers to bases beyond sequence length
[W::hts_idx_load3] The index file is older than the data file: /bip7_disk/pingting114/mixed_bam/COLO829_PAO/TF1e-3_25x/TF1e-3_25x.rep1.bam.bai
[W::hts_idx_load3] The index file is older than the data file: /bip7_disk/pingting114/mixed_bam/COLO829_PAO/TF1e-3_25x/TF1e-3_25x.rep1.bam.bai
[W::hts_idx_load3] The index file is older than the data file: /bip7_disk/pingting114/mixed_bam/COLO829_PAO/TF1e-3_25x/TF1e-3_25x.rep1.bam.bai
[W::bam_next_basemod] MM tag refers to bases beyond sequence length
[W::bam_next_basemod] MM tag refers to bases beyond sequence length
[W::hts_idx_load3] The index file is older than the data file: /bip7_disk/pingting114/mixed_bam/COLO829_PAO/TF1e-3_25x/TF1e-3_25x.rep1.bam.bai
[W::hts_idx_load3] The index file is older than the data file: /bip7_disk/pingting114/mixed_bam/COLO829_PAO/TF1e-3_25x/TF1e-3_25x.rep1.bam.bai
[W::hts_idx_load3] The index file is older than the data file: /bip7_disk/pingting114/mixed_bam/COLO829_PAO/TF1e-3_25x/TF1e-3_25x.rep1.bam.bai
[W::bam_next_basemod] MM tag refers to bases beyond sequence length
[W::hts_idx_load3] The index file is older than the data file: /bip7_disk/pingting114/mixed_bam/COLO829_PAO/TF1e-3_25x/TF1e-3_25x.rep1.bam.bai
[W::hts_idx_load3] The index file is older than the data file: /bip7_disk/pingting114/mixed_bam/COLO829_PAO/TF1e-3_25x/TF1e-3_25x.rep1.bam.bai
[W::bam_next_basemod] MM tag refers to bases beyond sequence length
[E::bam_parse_basemod2] 64d9e6f4-f455-4f82-b0bf-e7ed6000f476: MM tag refers to bases beyond sequence length
[W::hts_idx_load3] The index file is older than the data file: /bip7_disk/pingting114/mixed_bam/COLO829_PAO/TF1e-3_25x/TF1e-3_25x.rep1.bam.bai
[E::bam_parse_basemod2] 1c640181-8b55-4866-8efe-210ef3865dc6: MM tag refers to bases beyond sequence length
[W::hts_idx_load3] The index file is older than the data file: /bip7_disk/pingting114/mixed_bam/COLO829_PAO/TF1e-3_25x/TF1e-3_25x.rep1.bam.bai
[W::hts_idx_load3] The index file is older than the data file: /bip7_disk/pingting114/mixed_bam/COLO829_PAO/TF1e-3_25x/TF1e-3_25x.rep1.bam.bai
[W::hts_idx_load3] The index file is older than the data file: /bip7_disk/pingting114/mixed_bam/COLO829_PAO/TF1e-3_25x/TF1e-3_25x.rep1.bam.bai
[W::hts_idx_load3] The index file is older than the data file: /bip7_disk/pingting114/mixed_bam/COLO829_PAO/TF1e-3_25x/TF1e-3_25x.rep1.bam.bai
[W::hts_idx_load3] The index file is older than the data file: /bip7_disk/pingting114/mixed_bam/COLO829_PAO/TF1e-3_25x/TF1e-3_25x.rep1.bam.bai
[W::hts_idx_load3] The index file is older than the data file: /bip7_disk/pingting114/mixed_bam/COLO829_PAO/TF1e-3_25x/TF1e-3_25x.rep1.bam.bai
[E::bam_parse_basemod2] 4646c00a-c3c0-47e0-8434-f3c9eb469573: MM tag refers to bases beyond sequence length
[W::hts_idx_load3] The index file is older than the data file: /bip7_disk/pingting114/mixed_bam/COLO829_PAO/TF1e-3_25x/TF1e-3_25x.rep1.bam.bai
[W::hts_idx_load3] The index file is older than the data file: /bip7_disk/pingting114/mixed_bam/COLO829_PAO/TF1e-3_25x/TF1e-3_25x.rep1.bam.bai
[W::bam_next_basemod] MM tag refers to bases beyond sequence length
[W::hts_idx_load3] The index file is older than the data file: /bip7_disk/pingting114/mixed_bam/COLO829_PAO/TF1e-3_25x/TF1e-3_25x.rep1.bam.bai
[W::bam_next_basemod] MM tag refers to bases beyond sequence length
[W::hts_idx_load3] The index file is older than the data file: /bip7_disk/pingting114/mixed_bam/COLO829_PAO/TF1e-3_25x/TF1e-3_25x.rep1.bam.bai
[W::hts_idx_load3] The index file is older than the data file: /bip7_disk/pingting114/mixed_bam/COLO829_PAO/TF1e-3_25x/TF1e-3_25x.rep1.bam.bai
[W::hts_idx_load3] The index file is older than the data file: /bip7_disk/pingting114/mixed_bam/COLO829_PAO/TF1e-3_25x/TF1e-3_25x.rep1.bam.bai
[W::bam_next_basemod] MM tag refers to bases beyond sequence length
[W::bam_next_basemod] MM tag refers to bases beyond sequence length
[W::hts_idx_load3] The index file is older than the data file: /bip7_disk/pingting114/mixed_bam/COLO829_PAO/TF1e-3_25x/TF1e-3_25x.rep1.bam.bai
[W::bam_next_basemod] MM tag refers to bases beyond sequence length
[W::hts_idx_load3] The index file is older than the data file: /bip7_disk/pingting114/mixed_bam/COLO829_PAO/TF1e-3_25x/TF1e-3_25x.rep1.bam.bai
[W::bam_next_basemod] MM tag refers to bases beyond sequence length
[W::hts_idx_load3] The index file is older than the data file: /bip7_disk/pingting114/mixed_bam/COLO829_PAO/TF1e-3_25x/TF1e-3_25x.rep1.bam.bai
[E::bam_parse_basemod2] 82baced5-cf5c-4f80-838c-2ff71c700dba: MM tag refers to bases beyond sequence length
[W::hts_idx_load3] The index file is older than the data file: /bip7_disk/pingting114/mixed_bam/COLO829_PAO/TF1e-3_25x/TF1e-3_25x.rep1.bam.bai
[W::hts_idx_load3] The index file is older than the data file: /bip7_disk/pingting114/mixed_bam/COLO829_PAO/TF1e-3_25x/TF1e-3_25x.rep1.bam.bai
[W::hts_idx_load3] The index file is older than the data file: /bip7_disk/pingting114/mixed_bam/COLO829_PAO/TF1e-3_25x/TF1e-3_25x.rep1.bam.bai
[W::hts_idx_load3] The index file is older than the data file: /bip7_disk/pingting114/mixed_bam/COLO829_PAO/TF1e-3_25x/TF1e-3_25x.rep1.bam.bai
[W::hts_idx_load3] The index file is older than the data file: /bip7_disk/pingting114/mixed_bam/COLO829_PAO/TF1e-3_25x/TF1e-3_25x.rep1.bam.bai
[W::hts_idx_load3] The index file is older than the data file: /bip7_disk/pingting114/mixed_bam/COLO829_PAO/TF1e-3_25x/TF1e-3_25x.rep1.bam.bai
[W::bam_next_basemod] MM tag refers to bases beyond sequence length
[W::hts_idx_load3] The index file is older than the data file: /bip7_disk/pingting114/mixed_bam/COLO829_PAO/TF1e-3_25x/TF1e-3_25x.rep1.bam.bai
[W::bam_next_basemod] MM tag refers to bases beyond sequence length
[W::hts_idx_load3] The index file is older than the data file: /bip7_disk/pingting114/mixed_bam/COLO829_PAO/TF1e-3_25x/TF1e-3_25x.rep1.bam.bai
[W::hts_idx_load3] The index file is older than the data file: /bip7_disk/pingting114/mixed_bam/COLO829_PAO/TF1e-3_25x/TF1e-3_25x.rep1.bam.bai
[W::hts_idx_load3] The index file is older than the data file: /bip7_disk/pingting114/mixed_bam/COLO829_PAO/TF1e-3_25x/TF1e-3_25x.rep1.bam.bai
[W::hts_idx_load3] The index file is older than the data file: /bip7_disk/pingting114/mixed_bam/COLO829_PAO/TF1e-3_25x/TF1e-3_25x.rep1.bam.bai
[W::hts_idx_load3] The index file is older than the data file: /bip7_disk/pingting114/mixed_bam/COLO829_PAO/TF1e-3_25x/TF1e-3_25x.rep1.bam.bai
[W::hts_idx_load3] The index file is older than the data file: /bip7_disk/pingting114/mixed_bam/COLO829_PAO/TF1e-3_25x/TF1e-3_25x.rep1.bam.bai
[W::bam_next_basemod] MM tag refers to bases beyond sequence length
[W::hts_idx_load3] The index file is older than the data file: /bip7_disk/pingting114/mixed_bam/COLO829_PAO/TF1e-3_25x/TF1e-3_25x.rep1.bam.bai
[W::hts_idx_load3] The index file is older than the data file: /bip7_disk/pingting114/mixed_bam/COLO829_PAO/TF1e-3_25x/TF1e-3_25x.rep1.bam.bai
[W::hts_idx_load3] The index file is older than the data file: /bip7_disk/pingting114/mixed_bam/COLO829_PAO/TF1e-3_25x/TF1e-3_25x.rep1.bam.bai
[W::hts_idx_load3] The index file is older than the data file: /bip7_disk/pingting114/mixed_bam/COLO829_PAO/TF1e-3_25x/TF1e-3_25x.rep1.bam.bai
[W::hts_idx_load3] The index file is older than the data file: /bip7_disk/pingting114/mixed_bam/COLO829_PAO/TF1e-3_25x/TF1e-3_25x.rep1.bam.bai
[W::bam_next_basemod] MM tag refers to bases beyond sequence length
[W::hts_idx_load3] The index file is older than the data file: /bip7_disk/pingting114/mixed_bam/COLO829_PAO/TF1e-3_25x/TF1e-3_25x.rep1.bam.bai
[W::hts_idx_load3] The index file is older than the data file: /bip7_disk/pingting114/mixed_bam/COLO829_PAO/TF1e-3_25x/TF1e-3_25x.rep1.bam.bai
[W::hts_idx_load3] The index file is older than the data file: /bip7_disk/pingting114/mixed_bam/COLO829_PAO/TF1e-3_25x/TF1e-3_25x.rep1.bam.bai
[W::hts_idx_load3] The index file is older than the data file: /bip7_disk/pingting114/mixed_bam/COLO829_PAO/TF1e-3_25x/TF1e-3_25x.rep1.bam.bai
[W::hts_idx_load3] The index file is older than the data file: /bip7_disk/pingting114/mixed_bam/COLO829_PAO/TF1e-3_25x/TF1e-3_25x.rep1.bam.bai
[W::bam_next_basemod] MM tag refers to bases beyond sequence length
[E::bam_parse_basemod2] 88aede5d-71c8-45f4-a1c1-7d7aaae307f5: MM tag refers to bases beyond sequence length
[W::hts_idx_load3] The index file is older than the data file: /bip7_disk/pingting114/mixed_bam/COLO829_PAO/TF1e-3_25x/TF1e-3_25x.rep1.bam.bai
[E::bam_parse_basemod2] aac47c97-e79e-437e-ac4b-03f242892aea: MM tag refers to bases beyond sequence length
[W::hts_idx_load3] The index file is older than the data file: /bip7_disk/pingting114/mixed_bam/COLO829_PAO/TF1e-3_25x/TF1e-3_25x.rep1.bam.bai
[W::hts_idx_load3] The index file is older than the data file: /bip7_disk/pingting114/mixed_bam/COLO829_PAO/TF1e-3_25x/TF1e-3_25x.rep1.bam.bai
[W::hts_idx_load3] The index file is older than the data file: /bip7_disk/pingting114/mixed_bam/COLO829_PAO/TF1e-3_25x/TF1e-3_25x.rep1.bam.bai
[E::bam_parse_basemod2] 8260a22c-323f-43b5-967c-94497af7c9ee: MM tag refers to bases beyond sequence length
[W::hts_idx_load3] The index file is older than the data file: /bip7_disk/pingting114/mixed_bam/COLO829_PAO/TF1e-3_25x/TF1e-3_25x.rep1.bam.bai
[W::bam_next_basemod] MM tag refers to bases beyond sequence length
[E::bam_parse_basemod2] 369f1c42-8a88-4f10-9ede-9252de4ddd54: MM tag refers to bases beyond sequence length
[W::bam_next_basemod] MM tag refers to bases beyond sequence length
[W::hts_idx_load3] The index file is older than the data file: /bip7_disk/pingting114/mixed_bam/COLO829_PAO/TF1e-3_25x/TF1e-3_25x.rep1.bam.bai
[W::hts_idx_load3] The index file is older than the data file: /bip7_disk/pingting114/mixed_bam/COLO829_PAO/TF1e-3_25x/TF1e-3_25x.rep1.bam.bai
[W::hts_idx_load3] The index file is older than the data file: /bip7_disk/pingting114/mixed_bam/COLO829_PAO/TF1e-3_25x/TF1e-3_25x.rep1.bam.bai
[W::hts_idx_load3] The index file is older than the data file: /bip7_disk/pingting114/mixed_bam/COLO829_PAO/TF1e-3_25x/TF1e-3_25x.rep1.bam.bai
[W::hts_idx_load3] The index file is older than the data file: /bip7_disk/pingting114/mixed_bam/COLO829_PAO/TF1e-3_25x/TF1e-3_25x.rep1.bam.bai
[W::hts_idx_load3] The index file is older than the data file: /bip7_disk/pingting114/mixed_bam/COLO829_PAO/TF1e-3_25x/TF1e-3_25x.rep1.bam.bai
[W::hts_idx_load3] The index file is older than the data file: /bip7_disk/pingting114/mixed_bam/COLO829_PAO/TF1e-3_25x/TF1e-3_25x.rep1.bam.bai
[W::bam_next_basemod] MM tag refers to bases beyond sequence length
[W::bam_next_basemod] MM tag refers to bases beyond sequence length
[E::bam_parse_basemod2] 7e104331-0c06-4282-9c44-9d99aba5170c: MM tag refers to bases beyond sequence length
[E::bam_parse_basemod2] 9007822e-1b82-41c6-9850-2e4bca751970: MM tag refers to bases beyond sequence length
[W::hts_idx_load3] The index file is older than the data file: /bip7_disk/pingting114/mixed_bam/COLO829_PAO/TF1e-3_25x/TF1e-3_25x.rep1.bam.bai
[E::bam_parse_basemod2] 54bd7723-f3c3-40bd-8796-b67732617199: MM tag refers to bases beyond sequence length
[E::bam_parse_basemod2] c3fee7ad-387e-4f52-bad4-8cab3700e0b4: MM tag refers to bases beyond sequence length
[W::hts_idx_load3] The index file is older than the data file: /bip7_disk/pingting114/mixed_bam/COLO829_PAO/TF1e-3_25x/TF1e-3_25x.rep1.bam.bai
[W::hts_idx_load3] The index file is older than the data file: /bip7_disk/pingting114/mixed_bam/COLO829_PAO/TF1e-3_25x/TF1e-3_25x.rep1.bam.bai
[W::hts_idx_load3] The index file is older than the data file: /bip7_disk/pingting114/mixed_bam/COLO829_PAO/TF1e-3_25x/TF1e-3_25x.rep1.bam.bai
[W::hts_idx_load3] The index file is older than the data file: /bip7_disk/pingting114/mixed_bam/COLO829_PAO/TF1e-3_25x/TF1e-3_25x.rep1.bam.bai
[W::hts_idx_load3] The index file is older than the data file: /bip7_disk/pingting114/mixed_bam/COLO829_PAO/TF1e-3_25x/TF1e-3_25x.rep1.bam.bai
[W::hts_idx_load3] The index file is older than the data file: /bip7_disk/pingting114/mixed_bam/COLO829_PAO/TF1e-3_25x/TF1e-3_25x.rep1.bam.bai
[E::bam_parse_basemod2] 0260906c-79d7-4a7e-b923-065ffc0235f5: MM tag refers to bases beyond sequence length
[W::hts_idx_load3] The index file is older than the data file: /bip7_disk/pingting114/mixed_bam/COLO829_PAO/TF1e-3_25x/TF1e-3_25x.rep1.bam.bai
[W::hts_idx_load3] The index file is older than the data file: /bip7_disk/pingting114/mixed_bam/COLO829_PAO/TF1e-3_25x/TF1e-3_25x.rep1.bam.bai
[W::hts_idx_load3] The index file is older than the data file: /bip7_disk/pingting114/mixed_bam/COLO829_PAO/TF1e-3_25x/TF1e-3_25x.rep1.bam.bai
[W::hts_idx_load3] The index file is older than the data file: /bip7_disk/pingting114/mixed_bam/COLO829_PAO/TF1e-3_25x/TF1e-3_25x.rep1.bam.bai
[W::hts_idx_load3] The index file is older than the data file: /bip7_disk/pingting114/mixed_bam/COLO829_PAO/TF1e-3_25x/TF1e-3_25x.rep1.bam.bai
[W::hts_idx_load3] The index file is older than the data file: /bip7_disk/pingting114/mixed_bam/COLO829_PAO/TF1e-3_25x/TF1e-3_25x.rep1.bam.bai
[W::hts_idx_load3] The index file is older than the data file: /bip7_disk/pingting114/mixed_bam/COLO829_PAO/TF1e-3_25x/TF1e-3_25x.rep1.bam.bai
[W::hts_idx_load3] The index file is older than the data file: /bip7_disk/pingting114/mixed_bam/COLO829_PAO/TF1e-3_25x/TF1e-3_25x.rep1.bam.bai
[W::hts_idx_load3] The index file is older than the data file: /bip7_disk/pingting114/mixed_bam/COLO829_PAO/TF1e-3_25x/TF1e-3_25x.rep1.bam.bai
[W::hts_idx_load3] The index file is older than the data file: /bip7_disk/pingting114/mixed_bam/COLO829_PAO/TF1e-3_25x/TF1e-3_25x.rep1.bam.bai
[W::bam_next_basemod] MM tag refers to bases beyond sequence length
[W::hts_idx_load3] The index file is older than the data file: /bip7_disk/pingting114/mixed_bam/COLO829_PAO/TF1e-3_25x/TF1e-3_25x.rep1.bam.bai
[W::hts_idx_load3] The index file is older than the data file: /bip7_disk/pingting114/mixed_bam/COLO829_PAO/TF1e-3_25x/TF1e-3_25x.rep1.bam.bai
[W::hts_idx_load3] The index file is older than the data file: /bip7_disk/pingting114/mixed_bam/COLO829_PAO/TF1e-3_25x/TF1e-3_25x.rep1.bam.bai
[W::bam_next_basemod] MM tag refers to bases beyond sequence length
[W::hts_idx_load3] The index file is older than the data file: /bip7_disk/pingting114/mixed_bam/COLO829_PAO/TF1e-3_25x/TF1e-3_25x.rep1.bam.bai
[W::hts_idx_load3] The index file is older than the data file: /bip7_disk/pingting114/mixed_bam/COLO829_PAO/TF1e-3_25x/TF1e-3_25x.rep1.bam.bai
[W::hts_idx_load3] The index file is older than the data file: /bip7_disk/pingting114/mixed_bam/COLO829_PAO/TF1e-3_25x/TF1e-3_25x.rep1.bam.bai
[W::bam_next_basemod] MM tag refers to bases beyond sequence length
[W::hts_idx_load3] The index file is older than the data file: /bip7_disk/pingting114/mixed_bam/COLO829_PAO/TF1e-3_25x/TF1e-3_25x.rep1.bam.bai
[W::hts_idx_load3] The index file is older than the data file: /bip7_disk/pingting114/mixed_bam/COLO829_PAO/TF1e-3_25x/TF1e-3_25x.rep1.bam.bai
[W::hts_idx_load3] The index file is older than the data file: /bip7_disk/pingting114/mixed_bam/COLO829_PAO/TF1e-3_25x/TF1e-3_25x.rep1.bam.bai
[W::hts_idx_load3] The index file is older than the data file: /bip7_disk/pingting114/mixed_bam/COLO829_PAO/TF1e-3_25x/TF1e-3_25x.rep1.bam.bai
[E::bam_parse_basemod2] a60ad38d-f7ac-4526-b75b-06417259b07b: MM tag refers to bases beyond sequence length
[W::hts_idx_load3] The index file is older than the data file: /bip7_disk/pingting114/mixed_bam/COLO829_PAO/TF1e-3_25x/TF1e-3_25x.rep1.bam.bai
[W::hts_idx_load3] The index file is older than the data file: /bip7_disk/pingting114/mixed_bam/COLO829_PAO/TF1e-3_25x/TF1e-3_25x.rep1.bam.bai
[W::hts_idx_load3] The index file is older than the data file: /bip7_disk/pingting114/mixed_bam/COLO829_PAO/TF1e-3_25x/TF1e-3_25x.rep1.bam.bai
[W::hts_idx_load3] The index file is older than the data file: /bip7_disk/pingting114/mixed_bam/COLO829_PAO/TF1e-3_25x/TF1e-3_25x.rep1.bam.bai
[W::hts_idx_load3] The index file is older than the data file: /bip7_disk/pingting114/mixed_bam/COLO829_PAO/TF1e-3_25x/TF1e-3_25x.rep1.bam.bai
[W::hts_idx_load3] The index file is older than the data file: /bip7_disk/pingting114/mixed_bam/COLO829_PAO/TF1e-3_25x/TF1e-3_25x.rep1.bam.bai
[W::hts_idx_load3] The index file is older than the data file: /bip7_disk/pingting114/mixed_bam/COLO829_PAO/TF1e-3_25x/TF1e-3_25x.rep1.bam.bai
[W::hts_idx_load3] The index file is older than the data file: /bip7_disk/pingting114/mixed_bam/COLO829_PAO/TF1e-3_25x/TF1e-3_25x.rep1.bam.bai
[W::hts_idx_load3] The index file is older than the data file: /bip7_disk/pingting114/mixed_bam/COLO829_PAO/TF1e-3_25x/TF1e-3_25x.rep1.bam.bai
[W::hts_idx_load3] The index file is older than the data file: /bip7_disk/pingting114/mixed_bam/COLO829_PAO/TF1e-3_25x/TF1e-3_25x.rep1.bam.bai
[W::hts_idx_load3] The index file is older than the data file: /bip7_disk/pingting114/mixed_bam/COLO829_PAO/TF1e-3_25x/TF1e-3_25x.rep1.bam.bai
[W::hts_idx_load3] The index file is older than the data file: /bip7_disk/pingting114/mixed_bam/COLO829_PAO/TF1e-3_25x/TF1e-3_25x.rep1.bam.bai
[W::hts_idx_load3] The index file is older than the data file: /bip7_disk/pingting114/mixed_bam/COLO829_PAO/TF1e-3_25x/TF1e-3_25x.rep1.bam.bai
[W::hts_idx_load3] The index file is older than the data file: /bip7_disk/pingting114/mixed_bam/COLO829_PAO/TF1e-3_25x/TF1e-3_25x.rep1.bam.bai
[W::hts_idx_load3] The index file is older than the data file: /bip7_disk/pingting114/mixed_bam/COLO829_PAO/TF1e-3_25x/TF1e-3_25x.rep1.bam.bai
[E::bam_parse_basemod2] d98c185b-b31a-4b7f-a6e8-d91ecb178574: MM tag refers to bases beyond sequence length
[W::hts_idx_load3] The index file is older than the data file: /bip7_disk/pingting114/mixed_bam/COLO829_PAO/TF1e-3_25x/TF1e-3_25x.rep1.bam.bai
[W::hts_idx_load3] The index file is older than the data file: /bip7_disk/pingting114/mixed_bam/COLO829_PAO/TF1e-3_25x/TF1e-3_25x.rep1.bam.bai
[W::hts_idx_load3] The index file is older than the data file: /bip7_disk/pingting114/mixed_bam/COLO829_PAO/TF1e-3_25x/TF1e-3_25x.rep1.bam.bai
[W::hts_idx_load3] The index file is older than the data file: /bip7_disk/pingting114/mixed_bam/COLO829_PAO/TF1e-3_25x/TF1e-3_25x.rep1.bam.bai
[W::hts_idx_load3] The index file is older than the data file: /bip7_disk/pingting114/mixed_bam/COLO829_PAO/TF1e-3_25x/TF1e-3_25x.rep1.bam.bai
[W::hts_idx_load3] The index file is older than the data file: /bip7_disk/pingting114/mixed_bam/COLO829_PAO/TF1e-3_25x/TF1e-3_25x.rep1.bam.bai
[W::hts_idx_load3] The index file is older than the data file: /bip7_disk/pingting114/mixed_bam/COLO829_PAO/TF1e-3_25x/TF1e-3_25x.rep1.bam.bai
[W::hts_idx_load3] The index file is older than the data file: /bip7_disk/pingting114/mixed_bam/COLO829_PAO/TF1e-3_25x/TF1e-3_25x.rep1.bam.bai
[W::hts_idx_load3] The index file is older than the data file: /bip7_disk/pingting114/mixed_bam/COLO829_PAO/TF1e-3_25x/TF1e-3_25x.rep1.bam.bai
[W::hts_idx_load3] The index file is older than the data file: /bip7_disk/pingting114/mixed_bam/COLO829_PAO/TF1e-3_25x/TF1e-3_25x.rep1.bam.bai
[W::hts_idx_load3] The index file is older than the data file: /bip7_disk/pingting114/mixed_bam/COLO829_PAO/TF1e-3_25x/TF1e-3_25x.rep1.bam.bai
[W::bam_next_basemod] MM tag refers to bases beyond sequence length
[W::bam_next_basemod] MM tag refers to bases beyond sequence length
[W::hts_idx_load3] The index file is older than the data file: /bip7_disk/pingting114/mixed_bam/COLO829_PAO/TF1e-3_25x/TF1e-3_25x.rep1.bam.bai
[W::hts_idx_load3] The index file is older than the data file: /bip7_disk/pingting114/mixed_bam/COLO829_PAO/TF1e-3_25x/TF1e-3_25x.rep1.bam.bai
[E::bam_parse_basemod2] 69b71c4d-edcb-4207-9c60-121e892120a2: MM tag refers to bases beyond sequence length
[W::hts_idx_load3] The index file is older than the data file: /bip7_disk/pingting114/mixed_bam/COLO829_PAO/TF1e-3_25x/TF1e-3_25x.rep1.bam.bai
[W::hts_idx_load3] The index file is older than the data file: /bip7_disk/pingting114/mixed_bam/COLO829_PAO/TF1e-3_25x/TF1e-3_25x.rep1.bam.bai
[W::bam_next_basemod] MM tag refers to bases beyond sequence length
[W::hts_idx_load3] The index file is older than the data file: /bip7_disk/pingting114/mixed_bam/COLO829_PAO/TF1e-3_25x/TF1e-3_25x.rep1.bam.bai
[W::bam_next_basemod] MM tag refers to bases beyond sequence length
[W::hts_idx_load3] The index file is older than the data file: /bip7_disk/pingting114/mixed_bam/COLO829_PAO/TF1e-3_25x/TF1e-3_25x.rep1.bam.bai
[W::hts_idx_load3] The index file is older than the data file: /bip7_disk/pingting114/mixed_bam/COLO829_PAO/TF1e-3_25x/TF1e-3_25x.rep1.bam.bai
[W::hts_idx_load3] The index file is older than the data file: /bip7_disk/pingting114/mixed_bam/COLO829_PAO/TF1e-3_25x/TF1e-3_25x.rep1.bam.bai
[W::hts_idx_load3] The index file is older than the data file: /bip7_disk/pingting114/mixed_bam/COLO829_PAO/TF1e-3_25x/TF1e-3_25x.rep1.bam.bai
[E::bam_parse_basemod2] 0e292d4d-89da-47c0-bf97-fe0122c81469: MM tag refers to bases beyond sequence length
[W::hts_idx_load3] The index file is older than the data file: /bip7_disk/pingting114/mixed_bam/COLO829_PAO/TF1e-3_25x/TF1e-3_25x.rep1.bam.bai
[W::hts_idx_load3] The index file is older than the data file: /bip7_disk/pingting114/mixed_bam/COLO829_PAO/TF1e-3_25x/TF1e-3_25x.rep1.bam.bai
[W::hts_idx_load3] The index file is older than the data file: /bip7_disk/pingting114/mixed_bam/COLO829_PAO/TF1e-3_25x/TF1e-3_25x.rep1.bam.bai
[W::hts_idx_load3] The index file is older than the data file: /bip7_disk/pingting114/mixed_bam/COLO829_PAO/TF1e-3_25x/TF1e-3_25x.rep1.bam.bai
[W::bam_next_basemod] MM tag refers to bases beyond sequence length
[W::hts_idx_load3] The index file is older than the data file: /bip7_disk/pingting114/mixed_bam/COLO829_PAO/TF1e-3_25x/TF1e-3_25x.rep1.bam.bai
[W::bam_next_basemod] MM tag refers to bases beyond sequence length
[W::hts_idx_load3] The index file is older than the data file: /bip7_disk/pingting114/mixed_bam/COLO829_PAO/TF1e-3_25x/TF1e-3_25x.rep1.bam.bai
[W::hts_idx_load3] The index file is older than the data file: /bip7_disk/pingting114/mixed_bam/COLO829_PAO/TF1e-3_25x/TF1e-3_25x.rep1.bam.bai
[E::bam_parse_basemod2] 30fc2126-ebab-446d-800f-f19decf53ed2: MM tag refers to bases beyond sequence length
[W::hts_idx_load3] The index file is older than the data file: /bip7_disk/pingting114/mixed_bam/COLO829_PAO/TF1e-3_25x/TF1e-3_25x.rep1.bam.bai
[W::hts_idx_load3] The index file is older than the data file: /bip7_disk/pingting114/mixed_bam/COLO829_PAO/TF1e-3_25x/TF1e-3_25x.rep1.bam.bai
[W::hts_idx_load3] The index file is older than the data file: /bip7_disk/pingting114/mixed_bam/COLO829_PAO/TF1e-3_25x/TF1e-3_25x.rep1.bam.bai
[W::hts_idx_load3] The index file is older than the data file: /bip7_disk/pingting114/mixed_bam/COLO829_PAO/TF1e-3_25x/TF1e-3_25x.rep1.bam.bai
[E::bam_parse_basemod2] a5ecc47b-2351-4c3f-8827-8a978a911f7f: MM tag refers to bases beyond sequence length
[W::bam_next_basemod] MM tag refers to bases beyond sequence length
[W::hts_idx_load3] The index file is older than the data file: /bip7_disk/pingting114/mixed_bam/COLO829_PAO/TF1e-3_25x/TF1e-3_25x.rep1.bam.bai
[W::hts_idx_load3] The index file is older than the data file: /bip7_disk/pingting114/mixed_bam/COLO829_PAO/TF1e-3_25x/TF1e-3_25x.rep1.bam.bai
[W::hts_idx_load3] The index file is older than the data file: /bip7_disk/pingting114/mixed_bam/COLO829_PAO/TF1e-3_25x/TF1e-3_25x.rep1.bam.bai
[W::bam_next_basemod] MM tag refers to bases beyond sequence length
[W::bam_next_basemod] MM tag refers to bases beyond sequence length
[W::hts_idx_load3] The index file is older than the data file: /bip7_disk/pingting114/mixed_bam/COLO829_PAO/TF1e-3_25x/TF1e-3_25x.rep1.bam.bai
[W::hts_idx_load3] The index file is older than the data file: /bip7_disk/pingting114/mixed_bam/COLO829_PAO/TF1e-3_25x/TF1e-3_25x.rep1.bam.bai
[W::hts_idx_load3] The index file is older than the data file: /bip7_disk/pingting114/mixed_bam/COLO829_PAO/TF1e-3_25x/TF1e-3_25x.rep1.bam.bai
[W::bam_next_basemod] MM tag refers to bases beyond sequence length
[W::hts_idx_load3] The index file is older than the data file: /bip7_disk/pingting114/mixed_bam/COLO829_PAO/TF1e-3_25x/TF1e-3_25x.rep1.bam.bai
[W::hts_idx_load3] The index file is older than the data file: /bip7_disk/pingting114/mixed_bam/COLO829_PAO/TF1e-3_25x/TF1e-3_25x.rep1.bam.bai
[W::hts_idx_load3] The index file is older than the data file: /bip7_disk/pingting114/mixed_bam/COLO829_PAO/TF1e-3_25x/TF1e-3_25x.rep1.bam.bai
[W::bam_next_basemod] MM tag refers to bases beyond sequence length
[W::hts_idx_load3] The index file is older than the data file: /bip7_disk/pingting114/mixed_bam/COLO829_PAO/TF1e-3_25x/TF1e-3_25x.rep1.bam.bai
[E::bam_parse_basemod2] f59d52ee-e676-4412-bf93-b54be5f71c98: MM tag refers to bases beyond sequence length
[W::hts_idx_load3] The index file is older than the data file: /bip7_disk/pingting114/mixed_bam/COLO829_PAO/TF1e-3_25x/TF1e-3_25x.rep1.bam.bai
[W::hts_idx_load3] The index file is older than the data file: /bip7_disk/pingting114/mixed_bam/COLO829_PAO/TF1e-3_25x/TF1e-3_25x.rep1.bam.bai
[W::hts_idx_load3] The index file is older than the data file: /bip7_disk/pingting114/mixed_bam/COLO829_PAO/TF1e-3_25x/TF1e-3_25x.rep1.bam.bai
[W::hts_idx_load3] The index file is older than the data file: /bip7_disk/pingting114/mixed_bam/COLO829_PAO/TF1e-3_25x/TF1e-3_25x.rep1.bam.bai
[W::hts_idx_load3] The index file is older than the data file: /bip7_disk/pingting114/mixed_bam/COLO829_PAO/TF1e-3_25x/TF1e-3_25x.rep1.bam.bai
[W::hts_idx_load3] The index file is older than the data file: /bip7_disk/pingting114/mixed_bam/COLO829_PAO/TF1e-3_25x/TF1e-3_25x.rep1.bam.bai
[E::bam_parse_basemod2] 5ad72067-58e1-46ec-88c6-eb8f1b5c0dee: MM tag refers to bases beyond sequence length
[W::hts_idx_load3] The index file is older than the data file: /bip7_disk/pingting114/mixed_bam/COLO829_PAO/TF1e-3_25x/TF1e-3_25x.rep1.bam.bai
[W::hts_idx_load3] The index file is older than the data file: /bip7_disk/pingting114/mixed_bam/COLO829_PAO/TF1e-3_25x/TF1e-3_25x.rep1.bam.bai
[W::hts_idx_load3] The index file is older than the data file: /bip7_disk/pingting114/mixed_bam/COLO829_PAO/TF1e-3_25x/TF1e-3_25x.rep1.bam.bai
[W::hts_idx_load3] The index file is older than the data file: /bip7_disk/pingting114/mixed_bam/COLO829_PAO/TF1e-3_25x/TF1e-3_25x.rep1.bam.bai
[W::hts_idx_load3] The index file is older than the data file: /bip7_disk/pingting114/mixed_bam/COLO829_PAO/TF1e-3_25x/TF1e-3_25x.rep1.bam.bai
[W::bam_next_basemod] MM tag refers to bases beyond sequence length
[W::hts_idx_load3] The index file is older than the data file: /bip7_disk/pingting114/mixed_bam/COLO829_PAO/TF1e-3_25x/TF1e-3_25x.rep1.bam.bai
[W::hts_idx_load3] The index file is older than the data file: /bip7_disk/pingting114/mixed_bam/COLO829_PAO/TF1e-3_25x/TF1e-3_25x.rep1.bam.bai
[W::hts_idx_load3] The index file is older than the data file: /bip7_disk/pingting114/mixed_bam/COLO829_PAO/TF1e-3_25x/TF1e-3_25x.rep1.bam.bai
[E::bam_parse_basemod2] e25ec332-b955-4a23-a3f2-e7285796771a: MM tag refers to bases beyond sequence length
[W::hts_idx_load3] The index file is older than the data file: /bip7_disk/pingting114/mixed_bam/COLO829_PAO/TF1e-3_25x/TF1e-3_25x.rep1.bam.bai
[E::bam_parse_basemod2] 3c3c5b39-01c1-495d-8476-7b809f45660d: MM tag refers to bases beyond sequence length
[W::hts_idx_load3] The index file is older than the data file: /bip7_disk/pingting114/mixed_bam/COLO829_PAO/TF1e-3_25x/TF1e-3_25x.rep1.bam.bai
[W::hts_idx_load3] The index file is older than the data file: /bip7_disk/pingting114/mixed_bam/COLO829_PAO/TF1e-3_25x/TF1e-3_25x.rep1.bam.bai
[W::hts_idx_load3] The index file is older than the data file: /bip7_disk/pingting114/mixed_bam/COLO829_PAO/TF1e-3_25x/TF1e-3_25x.rep1.bam.bai
[W::bam_next_basemod] MM tag refers to bases beyond sequence length
[W::hts_idx_load3] The index file is older than the data file: /bip7_disk/pingting114/mixed_bam/COLO829_PAO/TF1e-3_25x/TF1e-3_25x.rep1.bam.bai
[W::bam_next_basemod] MM tag refers to bases beyond sequence length
[W::bam_next_basemod] MM tag refers to bases beyond sequence length
[W::hts_idx_load3] The index file is older than the data file: /bip7_disk/pingting114/mixed_bam/COLO829_PAO/TF1e-3_25x/TF1e-3_25x.rep1.bam.bai
[W::bam_next_basemod] MM tag refers to bases beyond sequence length
[W::hts_idx_load3] The index file is older than the data file: /bip7_disk/pingting114/mixed_bam/COLO829_PAO/TF1e-3_25x/TF1e-3_25x.rep1.bam.bai
[W::hts_idx_load3] The index file is older than the data file: /bip7_disk/pingting114/mixed_bam/COLO829_PAO/TF1e-3_25x/TF1e-3_25x.rep1.bam.bai
[W::bam_next_basemod] MM tag refers to bases beyond sequence length
[W::hts_idx_load3] The index file is older than the data file: /bip7_disk/pingting114/mixed_bam/COLO829_PAO/TF1e-3_25x/TF1e-3_25x.rep1.bam.bai
[W::hts_idx_load3] The index file is older than the data file: /bip7_disk/pingting114/mixed_bam/COLO829_PAO/TF1e-3_25x/TF1e-3_25x.rep1.bam.bai
[W::bam_next_basemod] MM tag refers to bases beyond sequence length
[W::hts_idx_load3] The index file is older than the data file: /bip7_disk/pingting114/mixed_bam/COLO829_PAO/TF1e-3_25x/TF1e-3_25x.rep1.bam.bai
[E::bam_parse_basemod2] 9e274ddd-f42a-42d1-8dfc-b59440324db1: MM tag refers to bases beyond sequence length
[W::hts_idx_load3] The index file is older than the data file: /bip7_disk/pingting114/mixed_bam/COLO829_PAO/TF1e-3_25x/TF1e-3_25x.rep1.bam.bai
[W::hts_idx_load3] The index file is older than the data file: /bip7_disk/pingting114/mixed_bam/COLO829_PAO/TF1e-3_25x/TF1e-3_25x.rep1.bam.bai
[W::bam_next_basemod] MM tag refers to bases beyond sequence length
[W::bam_next_basemod] MM tag refers to bases beyond sequence length
[W::hts_idx_load3] The index file is older than the data file: /bip7_disk/pingting114/mixed_bam/COLO829_PAO/TF1e-3_25x/TF1e-3_25x.rep1.bam.bai
[W::bam_next_basemod] MM tag refers to bases beyond sequence length
[W::hts_idx_load3] The index file is older than the data file: /bip7_disk/pingting114/mixed_bam/COLO829_PAO/TF1e-3_25x/TF1e-3_25x.rep1.bam.bai
[E::bam_parse_basemod2] 4fe30cd2-9903-411b-9887-57fc62ee75d7: MM tag refers to bases beyond sequence length
[W::hts_idx_load3] The index file is older than the data file: /bip7_disk/pingting114/mixed_bam/COLO829_PAO/TF1e-3_25x/TF1e-3_25x.rep1.bam.bai
[W::hts_idx_load3] The index file is older than the data file: /bip7_disk/pingting114/mixed_bam/COLO829_PAO/TF1e-3_25x/TF1e-3_25x.rep1.bam.bai
[E::bam_parse_basemod2] c2c12675-814a-4a48-a99b-77032da5cacc: MM tag refers to bases beyond sequence length
[W::hts_idx_load3] The index file is older than the data file: /bip7_disk/pingting114/mixed_bam/COLO829_PAO/TF1e-3_25x/TF1e-3_25x.rep1.bam.bai
[W::hts_idx_load3] The index file is older than the data file: /bip7_disk/pingting114/mixed_bam/COLO829_PAO/TF1e-3_25x/TF1e-3_25x.rep1.bam.bai
[W::hts_idx_load3] The index file is older than the data file: /bip7_disk/pingting114/mixed_bam/COLO829_PAO/TF1e-3_25x/TF1e-3_25x.rep1.bam.bai
[W::hts_idx_load3] The index file is older than the data file: /bip7_disk/pingting114/mixed_bam/COLO829_PAO/TF1e-3_25x/TF1e-3_25x.rep1.bam.bai
[W::hts_idx_load3] The index file is older than the data file: /bip7_disk/pingting114/mixed_bam/COLO829_PAO/TF1e-3_25x/TF1e-3_25x.rep1.bam.bai
[E::bam_parse_basemod2] 1837c983-e3d1-4dc8-8513-96c07a8cde53: MM tag refers to bases beyond sequence length
[W::hts_idx_load3] The index file is older than the data file: /bip7_disk/pingting114/mixed_bam/COLO829_PAO/TF1e-3_25x/TF1e-3_25x.rep1.bam.bai
[W::bam_next_basemod] MM tag refers to bases beyond sequence length
[W::hts_idx_load3] The index file is older than the data file: /bip7_disk/pingting114/mixed_bam/COLO829_PAO/TF1e-3_25x/TF1e-3_25x.rep1.bam.bai
[W::hts_idx_load3] The index file is older than the data file: /bip7_disk/pingting114/mixed_bam/COLO829_PAO/TF1e-3_25x/TF1e-3_25x.rep1.bam.bai
[W::hts_idx_load3] The index file is older than the data file: /bip7_disk/pingting114/mixed_bam/COLO829_PAO/TF1e-3_25x/TF1e-3_25x.rep1.bam.bai
[W::bam_next_basemod] MM tag refers to bases beyond sequence length
[W::hts_idx_load3] The index file is older than the data file: /bip7_disk/pingting114/mixed_bam/COLO829_PAO/TF1e-3_25x/TF1e-3_25x.rep1.bam.bai
[W::bam_next_basemod] MM tag refers to bases beyond sequence length
[W::hts_idx_load3] The index file is older than the data file: /bip7_disk/pingting114/mixed_bam/COLO829_PAO/TF1e-3_25x/TF1e-3_25x.rep1.bam.bai
[W::hts_idx_load3] The index file is older than the data file: /bip7_disk/pingting114/mixed_bam/COLO829_PAO/TF1e-3_25x/TF1e-3_25x.rep1.bam.bai
[W::hts_idx_load3] The index file is older than the data file: /bip7_disk/pingting114/mixed_bam/COLO829_PAO/TF1e-3_25x/TF1e-3_25x.rep1.bam.bai
[W::hts_idx_load3] The index file is older than the data file: /bip7_disk/pingting114/mixed_bam/COLO829_PAO/TF1e-3_25x/TF1e-3_25x.rep1.bam.bai
[W::hts_idx_load3] The index file is older than the data file: /bip7_disk/pingting114/mixed_bam/COLO829_PAO/TF1e-3_25x/TF1e-3_25x.rep1.bam.bai
[W::hts_idx_load3] The index file is older than the data file: /bip7_disk/pingting114/mixed_bam/COLO829_PAO/TF1e-3_25x/TF1e-3_25x.rep1.bam.bai
[W::bam_next_basemod] MM tag refers to bases beyond sequence length
[W::hts_idx_load3] The index file is older than the data file: /bip7_disk/pingting114/mixed_bam/COLO829_PAO/TF1e-3_25x/TF1e-3_25x.rep1.bam.bai
[W::hts_idx_load3] The index file is older than the data file: /bip7_disk/pingting114/mixed_bam/COLO829_PAO/TF1e-3_25x/TF1e-3_25x.rep1.bam.bai
[W::hts_idx_load3] The index file is older than the data file: /bip7_disk/pingting114/mixed_bam/COLO829_PAO/TF1e-3_25x/TF1e-3_25x.rep1.bam.bai
[E::bam_parse_basemod2] 80f1a205-b7ef-4149-acc9-276b48b81f62: MM tag refers to bases beyond sequence length
[W::hts_idx_load3] The index file is older than the data file: /bip7_disk/pingting114/mixed_bam/COLO829_PAO/TF1e-3_25x/TF1e-3_25x.rep1.bam.bai
[W::hts_idx_load3] The index file is older than the data file: /bip7_disk/pingting114/mixed_bam/COLO829_PAO/TF1e-3_25x/TF1e-3_25x.rep1.bam.bai
[W::hts_idx_load3] The index file is older than the data file: /bip7_disk/pingting114/mixed_bam/COLO829_PAO/TF1e-3_25x/TF1e-3_25x.rep1.bam.bai
[W::bam_next_basemod] MM tag refers to bases beyond sequence length
[W::hts_idx_load3] The index file is older than the data file: /bip7_disk/pingting114/mixed_bam/COLO829_PAO/TF1e-3_25x/TF1e-3_25x.rep1.bam.bai
[W::hts_idx_load3] The index file is older than the data file: /bip7_disk/pingting114/mixed_bam/COLO829_PAO/TF1e-3_25x/TF1e-3_25x.rep1.bam.bai
[W::hts_idx_load3] The index file is older than the data file: /bip7_disk/pingting114/mixed_bam/COLO829_PAO/TF1e-3_25x/TF1e-3_25x.rep1.bam.bai
[W::hts_idx_load3] The index file is older than the data file: /bip7_disk/pingting114/mixed_bam/COLO829_PAO/TF1e-3_25x/TF1e-3_25x.rep1.bam.bai
[W::hts_idx_load3] The index file is older than the data file: /bip7_disk/pingting114/mixed_bam/COLO829_PAO/TF1e-3_25x/TF1e-3_25x.rep1.bam.bai
[W::hts_idx_load3] The index file is older than the data file: /bip7_disk/pingting114/mixed_bam/COLO829_PAO/TF1e-3_25x/TF1e-3_25x.rep1.bam.bai
[W::hts_idx_load3] The index file is older than the data file: /bip7_disk/pingting114/mixed_bam/COLO829_PAO/TF1e-3_25x/TF1e-3_25x.rep1.bam.bai
[W::hts_idx_load3] The index file is older than the data file: /bip7_disk/pingting114/mixed_bam/COLO829_PAO/TF1e-3_25x/TF1e-3_25x.rep1.bam.bai
[W::hts_idx_load3] The index file is older than the data file: /bip7_disk/pingting114/mixed_bam/COLO829_PAO/TF1e-3_25x/TF1e-3_25x.rep1.bam.bai
[W::hts_idx_load3] The index file is older than the data file: /bip7_disk/pingting114/mixed_bam/COLO829_PAO/TF1e-3_25x/TF1e-3_25x.rep1.bam.bai
[W::hts_idx_load3] The index file is older than the data file: /bip7_disk/pingting114/mixed_bam/COLO829_PAO/TF1e-3_25x/TF1e-3_25x.rep1.bam.bai
[W::hts_idx_load3] The index file is older than the data file: /bip7_disk/pingting114/mixed_bam/COLO829_PAO/TF1e-3_25x/TF1e-3_25x.rep1.bam.bai
[W::hts_idx_load3] The index file is older than the data file: /bip7_disk/pingting114/mixed_bam/COLO829_PAO/TF1e-3_25x/TF1e-3_25x.rep1.bam.bai
[W::hts_idx_load3] The index file is older than the data file: /bip7_disk/pingting114/mixed_bam/COLO829_PAO/TF1e-3_25x/TF1e-3_25x.rep1.bam.bai
[W::hts_idx_load3] The index file is older than the data file: /bip7_disk/pingting114/mixed_bam/COLO829_PAO/TF1e-3_25x/TF1e-3_25x.rep1.bam.bai
[W::hts_idx_load3] The index file is older than the data file: /bip7_disk/pingting114/mixed_bam/COLO829_PAO/TF1e-3_25x/TF1e-3_25x.rep1.bam.bai
[W::bam_next_basemod] MM tag refers to bases beyond sequence length
[W::hts_idx_load3] The index file is older than the data file: /bip7_disk/pingting114/mixed_bam/COLO829_PAO/TF1e-3_25x/TF1e-3_25x.rep1.bam.bai
[W::hts_idx_load3] The index file is older than the data file: /bip7_disk/pingting114/mixed_bam/COLO829_PAO/TF1e-3_25x/TF1e-3_25x.rep1.bam.bai
[W::hts_idx_load3] The index file is older than the data file: /bip7_disk/pingting114/mixed_bam/COLO829_PAO/TF1e-3_25x/TF1e-3_25x.rep1.bam.bai
[W::hts_idx_load3] The index file is older than the data file: /bip7_disk/pingting114/mixed_bam/COLO829_PAO/TF1e-3_25x/TF1e-3_25x.rep1.bam.bai
[W::hts_idx_load3] The index file is older than the data file: /bip7_disk/pingting114/mixed_bam/COLO829_PAO/TF1e-3_25x/TF1e-3_25x.rep1.bam.bai
[W::hts_idx_load3] The index file is older than the data file: /bip7_disk/pingting114/mixed_bam/COLO829_PAO/TF1e-3_25x/TF1e-3_25x.rep1.bam.bai
[E::bam_parse_basemod2] 3dabad48-56c8-4432-b335-589c0214b49e: MM tag refers to bases beyond sequence length
[W::hts_idx_load3] The index file is older than the data file: /bip7_disk/pingting114/mixed_bam/COLO829_PAO/TF1e-3_25x/TF1e-3_25x.rep1.bam.bai
[W::hts_idx_load3] The index file is older than the data file: /bip7_disk/pingting114/mixed_bam/COLO829_PAO/TF1e-3_25x/TF1e-3_25x.rep1.bam.bai
[W::hts_idx_load3] The index file is older than the data file: /bip7_disk/pingting114/mixed_bam/COLO829_PAO/TF1e-3_25x/TF1e-3_25x.rep1.bam.bai
[W::hts_idx_load3] The index file is older than the data file: /bip7_disk/pingting114/mixed_bam/COLO829_PAO/TF1e-3_25x/TF1e-3_25x.rep1.bam.bai
[E::bam_parse_basemod2] a828b427-f269-4a18-88a0-f4e0d711bf7c: MM tag refers to bases beyond sequence length
[E::bam_parse_basemod2] 5b7db061-f73a-4eac-b9d1-616d938b8f2b: MM tag refers to bases beyond sequence length
[W::hts_idx_load3] The index file is older than the data file: /bip7_disk/pingting114/mixed_bam/COLO829_PAO/TF1e-3_25x/TF1e-3_25x.rep1.bam.bai
[W::hts_idx_load3] The index file is older than the data file: /bip7_disk/pingting114/mixed_bam/COLO829_PAO/TF1e-3_25x/TF1e-3_25x.rep1.bam.bai
[W::hts_idx_load3] The index file is older than the data file: /bip7_disk/pingting114/mixed_bam/COLO829_PAO/TF1e-3_25x/TF1e-3_25x.rep1.bam.bai
[W::hts_idx_load3] The index file is older than the data file: /bip7_disk/pingting114/mixed_bam/COLO829_PAO/TF1e-3_25x/TF1e-3_25x.rep1.bam.bai
[W::hts_idx_load3] The index file is older than the data file: /bip7_disk/pingting114/mixed_bam/COLO829_PAO/TF1e-3_25x/TF1e-3_25x.rep1.bam.bai
[W::hts_idx_load3] The index file is older than the data file: /bip7_disk/pingting114/mixed_bam/COLO829_PAO/TF1e-3_25x/TF1e-3_25x.rep1.bam.bai
[W::hts_idx_load3] The index file is older than the data file: /bip7_disk/pingting114/mixed_bam/COLO829_PAO/TF1e-3_25x/TF1e-3_25x.rep1.bam.bai
[W::hts_idx_load3] The index file is older than the data file: /bip7_disk/pingting114/mixed_bam/COLO829_PAO/TF1e-3_25x/TF1e-3_25x.rep1.bam.bai
[W::hts_idx_load3] The index file is older than the data file: /bip7_disk/pingting114/mixed_bam/COLO829_PAO/TF1e-3_25x/TF1e-3_25x.rep1.bam.bai
[E::bam_parse_basemod2] 12fa8d26-1575-479a-a89f-31c43e349d08: MM tag refers to bases beyond sequence length
[W::hts_idx_load3] The index file is older than the data file: /bip7_disk/pingting114/mixed_bam/COLO829_PAO/TF1e-3_25x/TF1e-3_25x.rep1.bam.bai
[W::hts_idx_load3] The index file is older than the data file: /bip7_disk/pingting114/mixed_bam/COLO829_PAO/TF1e-3_25x/TF1e-3_25x.rep1.bam.bai
[W::hts_idx_load3] The index file is older than the data file: /bip7_disk/pingting114/mixed_bam/COLO829_PAO/TF1e-3_25x/TF1e-3_25x.rep1.bam.bai
[W::hts_idx_load3] The index file is older than the data file: /bip7_disk/pingting114/mixed_bam/COLO829_PAO/TF1e-3_25x/TF1e-3_25x.rep1.bam.bai
[W::bam_next_basemod] MM tag refers to bases beyond sequence length
[W::hts_idx_load3] The index file is older than the data file: /bip7_disk/pingting114/mixed_bam/COLO829_PAO/TF1e-3_25x/TF1e-3_25x.rep1.bam.bai
[W::bam_next_basemod] MM tag refers to bases beyond sequence length
[W::hts_idx_load3] The index file is older than the data file: /bip7_disk/pingting114/mixed_bam/COLO829_PAO/TF1e-3_25x/TF1e-3_25x.rep1.bam.bai
[W::hts_idx_load3] The index file is older than the data file: /bip7_disk/pingting114/mixed_bam/COLO829_PAO/TF1e-3_25x/TF1e-3_25x.rep1.bam.bai
[W::hts_idx_load3] The index file is older than the data file: /bip7_disk/pingting114/mixed_bam/COLO829_PAO/TF1e-3_25x/TF1e-3_25x.rep1.bam.bai
[W::hts_idx_load3] The index file is older than the data file: /bip7_disk/pingting114/mixed_bam/COLO829_PAO/TF1e-3_25x/TF1e-3_25x.rep1.bam.bai
[W::hts_idx_load3] The index file is older than the data file: /bip7_disk/pingting114/mixed_bam/COLO829_PAO/TF1e-3_25x/TF1e-3_25x.rep1.bam.bai
[W::hts_idx_load3] The index file is older than the data file: /bip7_disk/pingting114/mixed_bam/COLO829_PAO/TF1e-3_25x/TF1e-3_25x.rep1.bam.bai
[E::bam_parse_basemod2] 58d3f98d-68e2-468e-8eb8-427e2ab7fa09: MM tag refers to bases beyond sequence length
[W::hts_idx_load3] The index file is older than the data file: /bip7_disk/pingting114/mixed_bam/COLO829_PAO/TF1e-3_25x/TF1e-3_25x.rep1.bam.bai
[W::hts_idx_load3] The index file is older than the data file: /bip7_disk/pingting114/mixed_bam/COLO829_PAO/TF1e-3_25x/TF1e-3_25x.rep1.bam.bai
[W::hts_idx_load3] The index file is older than the data file: /bip7_disk/pingting114/mixed_bam/COLO829_PAO/TF1e-3_25x/TF1e-3_25x.rep1.bam.bai
[W::hts_idx_load3] The index file is older than the data file: /bip7_disk/pingting114/mixed_bam/COLO829_PAO/TF1e-3_25x/TF1e-3_25x.rep1.bam.bai
[W::hts_idx_load3] The index file is older than the data file: /bip7_disk/pingting114/mixed_bam/COLO829_PAO/TF1e-3_25x/TF1e-3_25x.rep1.bam.bai
[E::bam_parse_basemod2] b00cd966-181d-471b-b662-e3f4a229e6a3: MM tag refers to bases beyond sequence length
[W::hts_idx_load3] The index file is older than the data file: /bip7_disk/pingting114/mixed_bam/COLO829_PAO/TF1e-3_25x/TF1e-3_25x.rep1.bam.bai
[W::bam_next_basemod] MM tag refers to bases beyond sequence length
[W::hts_idx_load3] The index file is older than the data file: /bip7_disk/pingting114/mixed_bam/COLO829_PAO/TF1e-3_25x/TF1e-3_25x.rep1.bam.bai
[W::hts_idx_load3] The index file is older than the data file: /bip7_disk/pingting114/mixed_bam/COLO829_PAO/TF1e-3_25x/TF1e-3_25x.rep1.bam.bai
[W::hts_idx_load3] The index file is older than the data file: /bip7_disk/pingting114/mixed_bam/COLO829_PAO/TF1e-3_25x/TF1e-3_25x.rep1.bam.bai
[W::hts_idx_load3] The index file is older than the data file: /bip7_disk/pingting114/mixed_bam/COLO829_PAO/TF1e-3_25x/TF1e-3_25x.rep1.bam.bai
[W::hts_idx_load3] The index file is older than the data file: /bip7_disk/pingting114/mixed_bam/COLO829_PAO/TF1e-3_25x/TF1e-3_25x.rep1.bam.bai
[W::bam_next_basemod] MM tag refers to bases beyond sequence length
[E::bam_parse_basemod2] 965d7f33-a49d-46cb-8641-e1f5f23f1325: MM tag refers to bases beyond sequence length
[W::hts_idx_load3] The index file is older than the data file: /bip7_disk/pingting114/mixed_bam/COLO829_PAO/TF1e-3_25x/TF1e-3_25x.rep1.bam.bai
[W::hts_idx_load3] The index file is older than the data file: /bip7_disk/pingting114/mixed_bam/COLO829_PAO/TF1e-3_25x/TF1e-3_25x.rep1.bam.bai
[W::hts_idx_load3] The index file is older than the data file: /bip7_disk/pingting114/mixed_bam/COLO829_PAO/TF1e-3_25x/TF1e-3_25x.rep1.bam.bai
[E::bam_parse_basemod2] a59b78a3-ef80-471d-8622-47eb826746ed: MM tag refers to bases beyond sequence length
[E::bam_parse_basemod2] ddf4ef12-062c-4a19-a9c1-2234e6f26339: MM tag refers to bases beyond sequence length
[W::hts_idx_load3] The index file is older than the data file: /bip7_disk/pingting114/mixed_bam/COLO829_PAO/TF1e-3_25x/TF1e-3_25x.rep1.bam.bai
[W::hts_idx_load3] The index file is older than the data file: /bip7_disk/pingting114/mixed_bam/COLO829_PAO/TF1e-3_25x/TF1e-3_25x.rep1.bam.bai
[W::hts_idx_load3] The index file is older than the data file: /bip7_disk/pingting114/mixed_bam/COLO829_PAO/TF1e-3_25x/TF1e-3_25x.rep1.bam.bai
[W::hts_idx_load3] The index file is older than the data file: /bip7_disk/pingting114/mixed_bam/COLO829_PAO/TF1e-3_25x/TF1e-3_25x.rep1.bam.bai
[W::hts_idx_load3] The index file is older than the data file: /bip7_disk/pingting114/mixed_bam/COLO829_PAO/TF1e-3_25x/TF1e-3_25x.rep1.bam.bai
[W::hts_idx_load3] The index file is older than the data file: /bip7_disk/pingting114/mixed_bam/COLO829_PAO/TF1e-3_25x/TF1e-3_25x.rep1.bam.bai
[W::hts_idx_load3] The index file is older than the data file: /bip7_disk/pingting114/mixed_bam/COLO829_PAO/TF1e-3_25x/TF1e-3_25x.rep1.bam.bai
[W::bam_next_basemod] MM tag refers to bases beyond sequence length
[W::hts_idx_load3] The index file is older than the data file: /bip7_disk/pingting114/mixed_bam/COLO829_PAO/TF1e-3_25x/TF1e-3_25x.rep1.bam.bai
[W::hts_idx_load3] The index file is older than the data file: /bip7_disk/pingting114/mixed_bam/COLO829_PAO/TF1e-3_25x/TF1e-3_25x.rep1.bam.bai
[W::hts_idx_load3] The index file is older than the data file: /bip7_disk/pingting114/mixed_bam/COLO829_PAO/TF1e-3_25x/TF1e-3_25x.rep1.bam.bai
[W::hts_idx_load3] The index file is older than the data file: /bip7_disk/pingting114/mixed_bam/COLO829_PAO/TF1e-3_25x/TF1e-3_25x.rep1.bam.bai
[W::hts_idx_load3] The index file is older than the data file: /bip7_disk/pingting114/mixed_bam/COLO829_PAO/TF1e-3_25x/TF1e-3_25x.rep1.bam.bai
[E::bam_parse_basemod2] cdb6dd50-3c7f-44f8-8ed7-269180d30b98: MM tag refers to bases beyond sequence length
[W::hts_idx_load3] The index file is older than the data file: /bip7_disk/pingting114/mixed_bam/COLO829_PAO/TF1e-3_25x/TF1e-3_25x.rep1.bam.bai
[W::hts_idx_load3] The index file is older than the data file: /bip7_disk/pingting114/mixed_bam/COLO829_PAO/TF1e-3_25x/TF1e-3_25x.rep1.bam.bai
[W::hts_idx_load3] The index file is older than the data file: /bip7_disk/pingting114/mixed_bam/COLO829_PAO/TF1e-3_25x/TF1e-3_25x.rep1.bam.bai
[W::hts_idx_load3] The index file is older than the data file: /bip7_disk/pingting114/mixed_bam/COLO829_PAO/TF1e-3_25x/TF1e-3_25x.rep1.bam.bai
[W::hts_idx_load3] The index file is older than the data file: /bip7_disk/pingting114/mixed_bam/COLO829_PAO/TF1e-3_25x/TF1e-3_25x.rep1.bam.bai
[W::hts_idx_load3] The index file is older than the data file: /bip7_disk/pingting114/mixed_bam/COLO829_PAO/TF1e-3_25x/TF1e-3_25x.rep1.bam.bai
[W::hts_idx_load3] The index file is older than the data file: /bip7_disk/pingting114/mixed_bam/COLO829_PAO/TF1e-3_25x/TF1e-3_25x.rep1.bam.bai
[W::hts_idx_load3] The index file is older than the data file: /bip7_disk/pingting114/mixed_bam/COLO829_PAO/TF1e-3_25x/TF1e-3_25x.rep1.bam.bai
[W::hts_idx_load3] The index file is older than the data file: /bip7_disk/pingting114/mixed_bam/COLO829_PAO/TF1e-3_25x/TF1e-3_25x.rep1.bam.bai
[W::hts_idx_load3] The index file is older than the data file: /bip7_disk/pingting114/mixed_bam/COLO829_PAO/TF1e-3_25x/TF1e-3_25x.rep1.bam.bai
[W::hts_idx_load3] The index file is older than the data file: /bip7_disk/pingting114/mixed_bam/COLO829_PAO/TF1e-3_25x/TF1e-3_25x.rep1.bam.bai
[W::hts_idx_load3] The index file is older than the data file: /bip7_disk/pingting114/mixed_bam/COLO829_PAO/TF1e-3_25x/TF1e-3_25x.rep1.bam.bai
[W::hts_idx_load3] The index file is older than the data file: /bip7_disk/pingting114/mixed_bam/COLO829_PAO/TF1e-3_25x/TF1e-3_25x.rep1.bam.bai
[W::hts_idx_load3] The index file is older than the data file: /bip7_disk/pingting114/mixed_bam/COLO829_PAO/TF1e-3_25x/TF1e-3_25x.rep1.bam.bai
[E::bam_parse_basemod2] 6f1084c1-077a-45cb-84da-f003dc92581e: MM tag refers to bases beyond sequence length
[W::hts_idx_load3] The index file is older than the data file: /bip7_disk/pingting114/mixed_bam/COLO829_PAO/TF1e-3_25x/TF1e-3_25x.rep1.bam.bai
[W::hts_idx_load3] The index file is older than the data file: /bip7_disk/pingting114/mixed_bam/COLO829_PAO/TF1e-3_25x/TF1e-3_25x.rep1.bam.bai
[W::hts_idx_load3] The index file is older than the data file: /bip7_disk/pingting114/mixed_bam/COLO829_PAO/TF1e-3_25x/TF1e-3_25x.rep1.bam.bai
[W::hts_idx_load3] The index file is older than the data file: /bip7_disk/pingting114/mixed_bam/COLO829_PAO/TF1e-3_25x/TF1e-3_25x.rep1.bam.bai
[W::hts_idx_load3] The index file is older than the data file: /bip7_disk/pingting114/mixed_bam/COLO829_PAO/TF1e-3_25x/TF1e-3_25x.rep1.bam.bai
[W::hts_idx_load3] The index file is older than the data file: /bip7_disk/pingting114/mixed_bam/COLO829_PAO/TF1e-3_25x/TF1e-3_25x.rep1.bam.bai
[W::hts_idx_load3] The index file is older than the data file: /bip7_disk/pingting114/mixed_bam/COLO829_PAO/TF1e-3_25x/TF1e-3_25x.rep1.bam.bai
[W::hts_idx_load3] The index file is older than the data file: /bip7_disk/pingting114/mixed_bam/COLO829_PAO/TF1e-3_25x/TF1e-3_25x.rep1.bam.bai
[W::hts_idx_load3] The index file is older than the data file: /bip7_disk/pingting114/mixed_bam/COLO829_PAO/TF1e-3_25x/TF1e-3_25x.rep1.bam.bai
[W::hts_idx_load3] The index file is older than the data file: /bip7_disk/pingting114/mixed_bam/COLO829_PAO/TF1e-3_25x/TF1e-3_25x.rep1.bam.bai
[W::hts_idx_load3] The index file is older than the data file: /bip7_disk/pingting114/mixed_bam/COLO829_PAO/TF1e-3_25x/TF1e-3_25x.rep1.bam.bai
[W::hts_idx_load3] The index file is older than the data file: /bip7_disk/pingting114/mixed_bam/COLO829_PAO/TF1e-3_25x/TF1e-3_25x.rep1.bam.bai
[W::hts_idx_load3] The index file is older than the data file: /bip7_disk/pingting114/mixed_bam/COLO829_PAO/TF1e-3_25x/TF1e-3_25x.rep1.bam.bai
[W::hts_idx_load3] The index file is older than the data file: /bip7_disk/pingting114/mixed_bam/COLO829_PAO/TF1e-3_25x/TF1e-3_25x.rep1.bam.bai
[E::bam_parse_basemod2] 18ee00b5-196b-457d-9c6b-5b1098db2a03: MM tag refers to bases beyond sequence length
[W::hts_idx_load3] The index file is older than the data file: /bip7_disk/pingting114/mixed_bam/COLO829_PAO/TF1e-3_25x/TF1e-3_25x.rep1.bam.bai
[E::bam_parse_basemod2] 3e7f96de-788e-46ec-963a-31125669cd14: MM tag refers to bases beyond sequence length
[W::hts_idx_load3] The index file is older than the data file: /bip7_disk/pingting114/mixed_bam/COLO829_PAO/TF1e-3_25x/TF1e-3_25x.rep1.bam.bai
[W::hts_idx_load3] The index file is older than the data file: /bip7_disk/pingting114/mixed_bam/COLO829_PAO/TF1e-3_25x/TF1e-3_25x.rep1.bam.bai
[W::hts_idx_load3] The index file is older than the data file: /bip7_disk/pingting114/mixed_bam/COLO829_PAO/TF1e-3_25x/TF1e-3_25x.rep1.bam.bai
[W::hts_idx_load3] The index file is older than the data file: /bip7_disk/pingting114/mixed_bam/COLO829_PAO/TF1e-3_25x/TF1e-3_25x.rep1.bam.bai
[W::bam_next_basemod] MM tag refers to bases beyond sequence length
[W::hts_idx_load3] The index file is older than the data file: /bip7_disk/pingting114/mixed_bam/COLO829_PAO/TF1e-3_25x/TF1e-3_25x.rep1.bam.bai
[W::bam_next_basemod] MM tag refers to bases beyond sequence length
[W::bam_next_basemod] MM tag refers to bases beyond sequence length
[W::hts_idx_load3] The index file is older than the data file: /bip7_disk/pingting114/mixed_bam/COLO829_PAO/TF1e-3_25x/TF1e-3_25x.rep1.bam.bai
[W::hts_idx_load3] The index file is older than the data file: /bip7_disk/pingting114/mixed_bam/COLO829_PAO/TF1e-3_25x/TF1e-3_25x.rep1.bam.bai
[E::bam_parse_basemod2] 20dad495-f338-4347-8952-c459d6da4f28: MM tag refers to bases beyond sequence length
[W::hts_idx_load3] The index file is older than the data file: /bip7_disk/pingting114/mixed_bam/COLO829_PAO/TF1e-3_25x/TF1e-3_25x.rep1.bam.bai
[W::hts_idx_load3] The index file is older than the data file: /bip7_disk/pingting114/mixed_bam/COLO829_PAO/TF1e-3_25x/TF1e-3_25x.rep1.bam.bai
[W::hts_idx_load3] The index file is older than the data file: /bip7_disk/pingting114/mixed_bam/COLO829_PAO/TF1e-3_25x/TF1e-3_25x.rep1.bam.bai
[W::hts_idx_load3] The index file is older than the data file: /bip7_disk/pingting114/mixed_bam/COLO829_PAO/TF1e-3_25x/TF1e-3_25x.rep1.bam.bai
[W::hts_idx_load3] The index file is older than the data file: /bip7_disk/pingting114/mixed_bam/COLO829_PAO/TF1e-3_25x/TF1e-3_25x.rep1.bam.bai
[W::hts_idx_load3] The index file is older than the data file: /bip7_disk/pingting114/mixed_bam/COLO829_PAO/TF1e-3_25x/TF1e-3_25x.rep1.bam.bai
[E::bam_parse_basemod2] 315da0eb-211d-4dea-9ed3-43e76908120c: MM tag refers to bases beyond sequence length
[W::hts_idx_load3] The index file is older than the data file: /bip7_disk/pingting114/mixed_bam/COLO829_PAO/TF1e-3_25x/TF1e-3_25x.rep1.bam.bai
[W::hts_idx_load3] The index file is older than the data file: /bip7_disk/pingting114/mixed_bam/COLO829_PAO/TF1e-3_25x/TF1e-3_25x.rep1.bam.bai
[W::hts_idx_load3] The index file is older than the data file: /bip7_disk/pingting114/mixed_bam/COLO829_PAO/TF1e-3_25x/TF1e-3_25x.rep1.bam.bai
[W::hts_idx_load3] The index file is older than the data file: /bip7_disk/pingting114/mixed_bam/COLO829_PAO/TF1e-3_25x/TF1e-3_25x.rep1.bam.bai
[W::hts_idx_load3] The index file is older than the data file: /bip7_disk/pingting114/mixed_bam/COLO829_PAO/TF1e-3_25x/TF1e-3_25x.rep1.bam.bai
[W::hts_idx_load3] The index file is older than the data file: /bip7_disk/pingting114/mixed_bam/COLO829_PAO/TF1e-3_25x/TF1e-3_25x.rep1.bam.bai
[W::hts_idx_load3] The index file is older than the data file: /bip7_disk/pingting114/mixed_bam/COLO829_PAO/TF1e-3_25x/TF1e-3_25x.rep1.bam.bai
[W::hts_idx_load3] The index file is older than the data file: /bip7_disk/pingting114/mixed_bam/COLO829_PAO/TF1e-3_25x/TF1e-3_25x.rep1.bam.bai
[W::hts_idx_load3] The index file is older than the data file: /bip7_disk/pingting114/mixed_bam/COLO829_PAO/TF1e-3_25x/TF1e-3_25x.rep1.bam.bai
[W::hts_idx_load3] The index file is older than the data file: /bip7_disk/pingting114/mixed_bam/COLO829_PAO/TF1e-3_25x/TF1e-3_25x.rep1.bam.bai
[W::hts_idx_load3] The index file is older than the data file: /bip7_disk/pingting114/mixed_bam/COLO829_PAO/TF1e-3_25x/TF1e-3_25x.rep1.bam.bai
[E::bam_parse_basemod2] 62d125a3-a1c7-4946-808c-e4b912c60e41: MM tag refers to bases beyond sequence length
[W::hts_idx_load3] The index file is older than the data file: /bip7_disk/pingting114/mixed_bam/COLO829_PAO/TF1e-3_25x/TF1e-3_25x.rep1.bam.bai
[W::hts_idx_load3] The index file is older than the data file: /bip7_disk/pingting114/mixed_bam/COLO829_PAO/TF1e-3_25x/TF1e-3_25x.rep1.bam.bai
[E::bam_parse_basemod2] 580d281e-d360-47b8-9eb6-4dc9584c7dd8: MM tag refers to bases beyond sequence length
[W::hts_idx_load3] The index file is older than the data file: /bip7_disk/pingting114/mixed_bam/COLO829_PAO/TF1e-3_25x/TF1e-3_25x.rep1.bam.bai
[W::hts_idx_load3] The index file is older than the data file: /bip7_disk/pingting114/mixed_bam/COLO829_PAO/TF1e-3_25x/TF1e-3_25x.rep1.bam.bai
[W::hts_idx_load3] The index file is older than the data file: /bip7_disk/pingting114/mixed_bam/COLO829_PAO/TF1e-3_25x/TF1e-3_25x.rep1.bam.bai
[W::hts_idx_load3] The index file is older than the data file: /bip7_disk/pingting114/mixed_bam/COLO829_PAO/TF1e-3_25x/TF1e-3_25x.rep1.bam.bai
[W::hts_idx_load3] The index file is older than the data file: /bip7_disk/pingting114/mixed_bam/COLO829_PAO/TF1e-3_25x/TF1e-3_25x.rep1.bam.bai
[W::hts_idx_load3] The index file is older than the data file: /bip7_disk/pingting114/mixed_bam/COLO829_PAO/TF1e-3_25x/TF1e-3_25x.rep1.bam.bai
[W::hts_idx_load3] The index file is older than the data file: /bip7_disk/pingting114/mixed_bam/COLO829_PAO/TF1e-3_25x/TF1e-3_25x.rep1.bam.bai
[W::bam_next_basemod] MM tag refers to bases beyond sequence length
[W::hts_idx_load3] The index file is older than the data file: /bip7_disk/pingting114/mixed_bam/COLO829_PAO/TF1e-3_25x/TF1e-3_25x.rep1.bam.bai
[W::hts_idx_load3] The index file is older than the data file: /bip7_disk/pingting114/mixed_bam/COLO829_PAO/TF1e-3_25x/TF1e-3_25x.rep1.bam.bai
[W::hts_idx_load3] The index file is older than the data file: /bip7_disk/pingting114/mixed_bam/COLO829_PAO/TF1e-3_25x/TF1e-3_25x.rep1.bam.bai
[W::hts_idx_load3] The index file is older than the data file: /bip7_disk/pingting114/mixed_bam/COLO829_PAO/TF1e-3_25x/TF1e-3_25x.rep1.bam.bai
[E::bam_parse_basemod2] 5d002276-82b9-4398-8fde-6baf228f23ac: MM tag refers to bases beyond sequence length
[W::bam_next_basemod] MM tag refers to bases beyond sequence length
[W::hts_idx_load3] The index file is older than the data file: /bip7_disk/pingting114/mixed_bam/COLO829_PAO/TF1e-3_25x/TF1e-3_25x.rep1.bam.bai
[W::hts_idx_load3] The index file is older than the data file: /bip7_disk/pingting114/mixed_bam/COLO829_PAO/TF1e-3_25x/TF1e-3_25x.rep1.bam.bai
[W::bam_next_basemod] MM tag refers to bases beyond sequence length
[W::hts_idx_load3] The index file is older than the data file: /bip7_disk/pingting114/mixed_bam/COLO829_PAO/TF1e-3_25x/TF1e-3_25x.rep1.bam.bai
[W::hts_idx_load3] The index file is older than the data file: /bip7_disk/pingting114/mixed_bam/COLO829_PAO/TF1e-3_25x/TF1e-3_25x.rep1.bam.bai
[W::hts_idx_load3] The index file is older than the data file: /bip7_disk/pingting114/mixed_bam/COLO829_PAO/TF1e-3_25x/TF1e-3_25x.rep1.bam.bai
[W::hts_idx_load3] The index file is older than the data file: /bip7_disk/pingting114/mixed_bam/COLO829_PAO/TF1e-3_25x/TF1e-3_25x.rep1.bam.bai
[W::bam_next_basemod] MM tag refers to bases beyond sequence length
[W::hts_idx_load3] The index file is older than the data file: /bip7_disk/pingting114/mixed_bam/COLO829_PAO/TF1e-3_25x/TF1e-3_25x.rep1.bam.bai
[W::hts_idx_load3] The index file is older than the data file: /bip7_disk/pingting114/mixed_bam/COLO829_PAO/TF1e-3_25x/TF1e-3_25x.rep1.bam.bai
[W::hts_idx_load3] The index file is older than the data file: /bip7_disk/pingting114/mixed_bam/COLO829_PAO/TF1e-3_25x/TF1e-3_25x.rep1.bam.bai
[W::hts_idx_load3] The index file is older than the data file: /bip7_disk/pingting114/mixed_bam/COLO829_PAO/TF1e-3_25x/TF1e-3_25x.rep1.bam.bai
[W::hts_idx_load3] The index file is older than the data file: /bip7_disk/pingting114/mixed_bam/COLO829_PAO/TF1e-3_25x/TF1e-3_25x.rep1.bam.bai
[W::bam_next_basemod] MM tag refers to bases beyond sequence length
[W::hts_idx_load3] The index file is older than the data file: /bip7_disk/pingting114/mixed_bam/COLO829_PAO/TF1e-3_25x/TF1e-3_25x.rep1.bam.bai
[W::hts_idx_load3] The index file is older than the data file: /bip7_disk/pingting114/mixed_bam/COLO829_PAO/TF1e-3_25x/TF1e-3_25x.rep1.bam.bai
  TF1e-3_25x.rep1.bam cand 3500/4000
[W::hts_idx_load3] The index file is older than the data file: /bip7_disk/pingting114/mixed_bam/COLO829_PAO/TF1e-3_25x/TF1e-3_25x.rep1.bam.bai
[W::hts_idx_load3] The index file is older than the data file: /bip7_disk/pingting114/mixed_bam/COLO829_PAO/TF1e-3_25x/TF1e-3_25x.rep1.bam.bai
[W::hts_idx_load3] The index file is older than the data file: /bip7_disk/pingting114/mixed_bam/COLO829_PAO/TF1e-3_25x/TF1e-3_25x.rep1.bam.bai
[E::bam_parse_basemod2] be57fb51-d7d9-4576-89d4-63b46a790ce8: MM tag refers to bases beyond sequence length
[W::hts_idx_load3] The index file is older than the data file: /bip7_disk/pingting114/mixed_bam/COLO829_PAO/TF1e-3_25x/TF1e-3_25x.rep1.bam.bai
[W::hts_idx_load3] The index file is older than the data file: /bip7_disk/pingting114/mixed_bam/COLO829_PAO/TF1e-3_25x/TF1e-3_25x.rep1.bam.bai
[W::bam_next_basemod] MM tag refers to bases beyond sequence length
[W::hts_idx_load3] The index file is older than the data file: /bip7_disk/pingting114/mixed_bam/COLO829_PAO/TF1e-3_25x/TF1e-3_25x.rep1.bam.bai
[W::hts_idx_load3] The index file is older than the data file: /bip7_disk/pingting114/mixed_bam/COLO829_PAO/TF1e-3_25x/TF1e-3_25x.rep1.bam.bai
[W::hts_idx_load3] The index file is older than the data file: /bip7_disk/pingting114/mixed_bam/COLO829_PAO/TF1e-3_25x/TF1e-3_25x.rep1.bam.bai
[W::hts_idx_load3] The index file is older than the data file: /bip7_disk/pingting114/mixed_bam/COLO829_PAO/TF1e-3_25x/TF1e-3_25x.rep1.bam.bai
[W::hts_idx_load3] The index file is older than the data file: /bip7_disk/pingting114/mixed_bam/COLO829_PAO/TF1e-3_25x/TF1e-3_25x.rep1.bam.bai
[W::hts_idx_load3] The index file is older than the data file: /bip7_disk/pingting114/mixed_bam/COLO829_PAO/TF1e-3_25x/TF1e-3_25x.rep1.bam.bai
[W::hts_idx_load3] The index file is older than the data file: /bip7_disk/pingting114/mixed_bam/COLO829_PAO/TF1e-3_25x/TF1e-3_25x.rep1.bam.bai
[W::hts_idx_load3] The index file is older than the data file: /bip7_disk/pingting114/mixed_bam/COLO829_PAO/TF1e-3_25x/TF1e-3_25x.rep1.bam.bai
[W::hts_idx_load3] The index file is older than the data file: /bip7_disk/pingting114/mixed_bam/COLO829_PAO/TF1e-3_25x/TF1e-3_25x.rep1.bam.bai
[W::hts_idx_load3] The index file is older than the data file: /bip7_disk/pingting114/mixed_bam/COLO829_PAO/TF1e-3_25x/TF1e-3_25x.rep1.bam.bai
[W::hts_idx_load3] The index file is older than the data file: /bip7_disk/pingting114/mixed_bam/COLO829_PAO/TF1e-3_25x/TF1e-3_25x.rep1.bam.bai
[W::hts_idx_load3] The index file is older than the data file: /bip7_disk/pingting114/mixed_bam/COLO829_PAO/TF1e-3_25x/TF1e-3_25x.rep1.bam.bai
[W::bam_next_basemod] MM tag refers to bases beyond sequence length
[W::hts_idx_load3] The index file is older than the data file: /bip7_disk/pingting114/mixed_bam/COLO829_PAO/TF1e-3_25x/TF1e-3_25x.rep1.bam.bai
[W::hts_idx_load3] The index file is older than the data file: /bip7_disk/pingting114/mixed_bam/COLO829_PAO/TF1e-3_25x/TF1e-3_25x.rep1.bam.bai
[W::hts_idx_load3] The index file is older than the data file: /bip7_disk/pingting114/mixed_bam/COLO829_PAO/TF1e-3_25x/TF1e-3_25x.rep1.bam.bai
[W::hts_idx_load3] The index file is older than the data file: /bip7_disk/pingting114/mixed_bam/COLO829_PAO/TF1e-3_25x/TF1e-3_25x.rep1.bam.bai
[W::hts_idx_load3] The index file is older than the data file: /bip7_disk/pingting114/mixed_bam/COLO829_PAO/TF1e-3_25x/TF1e-3_25x.rep1.bam.bai
[W::bam_next_basemod] MM tag refers to bases beyond sequence length
[W::hts_idx_load3] The index file is older than the data file: /bip7_disk/pingting114/mixed_bam/COLO829_PAO/TF1e-3_25x/TF1e-3_25x.rep1.bam.bai
[E::bam_parse_basemod2] f55358f0-c558-4f8f-afed-b34c69d79ade: MM tag refers to bases beyond sequence length
[W::hts_idx_load3] The index file is older than the data file: /bip7_disk/pingting114/mixed_bam/COLO829_PAO/TF1e-3_25x/TF1e-3_25x.rep1.bam.bai
[W::hts_idx_load3] The index file is older than the data file: /bip7_disk/pingting114/mixed_bam/COLO829_PAO/TF1e-3_25x/TF1e-3_25x.rep1.bam.bai
[W::hts_idx_load3] The index file is older than the data file: /bip7_disk/pingting114/mixed_bam/COLO829_PAO/TF1e-3_25x/TF1e-3_25x.rep1.bam.bai
[W::hts_idx_load3] The index file is older than the data file: /bip7_disk/pingting114/mixed_bam/COLO829_PAO/TF1e-3_25x/TF1e-3_25x.rep1.bam.bai
[W::hts_idx_load3] The index file is older than the data file: /bip7_disk/pingting114/mixed_bam/COLO829_PAO/TF1e-3_25x/TF1e-3_25x.rep1.bam.bai
[W::hts_idx_load3] The index file is older than the data file: /bip7_disk/pingting114/mixed_bam/COLO829_PAO/TF1e-3_25x/TF1e-3_25x.rep1.bam.bai
[W::hts_idx_load3] The index file is older than the data file: /bip7_disk/pingting114/mixed_bam/COLO829_PAO/TF1e-3_25x/TF1e-3_25x.rep1.bam.bai
[W::hts_idx_load3] The index file is older than the data file: /bip7_disk/pingting114/mixed_bam/COLO829_PAO/TF1e-3_25x/TF1e-3_25x.rep1.bam.bai
[W::hts_idx_load3] The index file is older than the data file: /bip7_disk/pingting114/mixed_bam/COLO829_PAO/TF1e-3_25x/TF1e-3_25x.rep1.bam.bai
[W::bam_next_basemod] MM tag refers to bases beyond sequence length
[W::bam_next_basemod] MM tag refers to bases beyond sequence length
[W::hts_idx_load3] The index file is older than the data file: /bip7_disk/pingting114/mixed_bam/COLO829_PAO/TF1e-3_25x/TF1e-3_25x.rep1.bam.bai
[W::hts_idx_load3] The index file is older than the data file: /bip7_disk/pingting114/mixed_bam/COLO829_PAO/TF1e-3_25x/TF1e-3_25x.rep1.bam.bai
[W::hts_idx_load3] The index file is older than the data file: /bip7_disk/pingting114/mixed_bam/COLO829_PAO/TF1e-3_25x/TF1e-3_25x.rep1.bam.bai
[W::bam_next_basemod] MM tag refers to bases beyond sequence length
[W::hts_idx_load3] The index file is older than the data file: /bip7_disk/pingting114/mixed_bam/COLO829_PAO/TF1e-3_25x/TF1e-3_25x.rep1.bam.bai
[W::hts_idx_load3] The index file is older than the data file: /bip7_disk/pingting114/mixed_bam/COLO829_PAO/TF1e-3_25x/TF1e-3_25x.rep1.bam.bai
[W::hts_idx_load3] The index file is older than the data file: /bip7_disk/pingting114/mixed_bam/COLO829_PAO/TF1e-3_25x/TF1e-3_25x.rep1.bam.bai
[W::hts_idx_load3] The index file is older than the data file: /bip7_disk/pingting114/mixed_bam/COLO829_PAO/TF1e-3_25x/TF1e-3_25x.rep1.bam.bai
[E::bam_parse_basemod2] f02bc5e4-900b-446d-a36c-6867f7b12a2b: MM tag refers to bases beyond sequence length
[W::bam_next_basemod] MM tag refers to bases beyond sequence length
[W::hts_idx_load3] The index file is older than the data file: /bip7_disk/pingting114/mixed_bam/COLO829_PAO/TF1e-3_25x/TF1e-3_25x.rep1.bam.bai
[E::bam_parse_basemod2] afb509e5-9dba-4eae-9c87-061e7f4f580b: MM tag refers to bases beyond sequence length
[W::hts_idx_load3] The index file is older than the data file: /bip7_disk/pingting114/mixed_bam/COLO829_PAO/TF1e-3_25x/TF1e-3_25x.rep1.bam.bai
[W::hts_idx_load3] The index file is older than the data file: /bip7_disk/pingting114/mixed_bam/COLO829_PAO/TF1e-3_25x/TF1e-3_25x.rep1.bam.bai
[W::hts_idx_load3] The index file is older than the data file: /bip7_disk/pingting114/mixed_bam/COLO829_PAO/TF1e-3_25x/TF1e-3_25x.rep1.bam.bai
[E::bam_parse_basemod2] b5abcd7a-943e-4811-9a4e-981319919fc1: MM tag refers to bases beyond sequence length
[W::hts_idx_load3] The index file is older than the data file: /bip7_disk/pingting114/mixed_bam/COLO829_PAO/TF1e-3_25x/TF1e-3_25x.rep1.bam.bai
[W::hts_idx_load3] The index file is older than the data file: /bip7_disk/pingting114/mixed_bam/COLO829_PAO/TF1e-3_25x/TF1e-3_25x.rep1.bam.bai
[W::hts_idx_load3] The index file is older than the data file: /bip7_disk/pingting114/mixed_bam/COLO829_PAO/TF1e-3_25x/TF1e-3_25x.rep1.bam.bai
[W::bam_next_basemod] MM tag refers to bases beyond sequence length
[E::bam_parse_basemod2] 5080cbfe-2b69-4b5b-bd29-27c77db84432: MM tag refers to bases beyond sequence length
[W::hts_idx_load3] The index file is older than the data file: /bip7_disk/pingting114/mixed_bam/COLO829_PAO/TF1e-3_25x/TF1e-3_25x.rep1.bam.bai
[W::bam_next_basemod] MM tag refers to bases beyond sequence length
[W::hts_idx_load3] The index file is older than the data file: /bip7_disk/pingting114/mixed_bam/COLO829_PAO/TF1e-3_25x/TF1e-3_25x.rep1.bam.bai
[W::hts_idx_load3] The index file is older than the data file: /bip7_disk/pingting114/mixed_bam/COLO829_PAO/TF1e-3_25x/TF1e-3_25x.rep1.bam.bai
[W::hts_idx_load3] The index file is older than the data file: /bip7_disk/pingting114/mixed_bam/COLO829_PAO/TF1e-3_25x/TF1e-3_25x.rep1.bam.bai
[W::hts_idx_load3] The index file is older than the data file: /bip7_disk/pingting114/mixed_bam/COLO829_PAO/TF1e-3_25x/TF1e-3_25x.rep1.bam.bai
[W::hts_idx_load3] The index file is older than the data file: /bip7_disk/pingting114/mixed_bam/COLO829_PAO/TF1e-3_25x/TF1e-3_25x.rep1.bam.bai
[W::hts_idx_load3] The index file is older than the data file: /bip7_disk/pingting114/mixed_bam/COLO829_PAO/TF1e-3_25x/TF1e-3_25x.rep1.bam.bai
[W::hts_idx_load3] The index file is older than the data file: /bip7_disk/pingting114/mixed_bam/COLO829_PAO/TF1e-3_25x/TF1e-3_25x.rep1.bam.bai
[W::hts_idx_load3] The index file is older than the data file: /bip7_disk/pingting114/mixed_bam/COLO829_PAO/TF1e-3_25x/TF1e-3_25x.rep1.bam.bai
[W::hts_idx_load3] The index file is older than the data file: /bip7_disk/pingting114/mixed_bam/COLO829_PAO/TF1e-3_25x/TF1e-3_25x.rep1.bam.bai
[W::hts_idx_load3] The index file is older than the data file: /bip7_disk/pingting114/mixed_bam/COLO829_PAO/TF1e-3_25x/TF1e-3_25x.rep1.bam.bai
[W::hts_idx_load3] The index file is older than the data file: /bip7_disk/pingting114/mixed_bam/COLO829_PAO/TF1e-3_25x/TF1e-3_25x.rep1.bam.bai
[W::hts_idx_load3] The index file is older than the data file: /bip7_disk/pingting114/mixed_bam/COLO829_PAO/TF1e-3_25x/TF1e-3_25x.rep1.bam.bai
[W::hts_idx_load3] The index file is older than the data file: /bip7_disk/pingting114/mixed_bam/COLO829_PAO/TF1e-3_25x/TF1e-3_25x.rep1.bam.bai
[W::hts_idx_load3] The index file is older than the data file: /bip7_disk/pingting114/mixed_bam/COLO829_PAO/TF1e-3_25x/TF1e-3_25x.rep1.bam.bai
[W::hts_idx_load3] The index file is older than the data file: /bip7_disk/pingting114/mixed_bam/COLO829_PAO/TF1e-3_25x/TF1e-3_25x.rep1.bam.bai
[W::hts_idx_load3] The index file is older than the data file: /bip7_disk/pingting114/mixed_bam/COLO829_PAO/TF1e-3_25x/TF1e-3_25x.rep1.bam.bai
[W::bam_next_basemod] MM tag refers to bases beyond sequence length
[W::hts_idx_load3] The index file is older than the data file: /bip7_disk/pingting114/mixed_bam/COLO829_PAO/TF1e-3_25x/TF1e-3_25x.rep1.bam.bai
[W::hts_idx_load3] The index file is older than the data file: /bip7_disk/pingting114/mixed_bam/COLO829_PAO/TF1e-3_25x/TF1e-3_25x.rep1.bam.bai
[E::bam_parse_basemod2] 2e8a631c-f2fe-461d-82ad-52cb0f56a374: MM tag refers to bases beyond sequence length
[W::hts_idx_load3] The index file is older than the data file: /bip7_disk/pingting114/mixed_bam/COLO829_PAO/TF1e-3_25x/TF1e-3_25x.rep1.bam.bai
[W::hts_idx_load3] The index file is older than the data file: /bip7_disk/pingting114/mixed_bam/COLO829_PAO/TF1e-3_25x/TF1e-3_25x.rep1.bam.bai
[W::hts_idx_load3] The index file is older than the data file: /bip7_disk/pingting114/mixed_bam/COLO829_PAO/TF1e-3_25x/TF1e-3_25x.rep1.bam.bai
[W::hts_idx_load3] The index file is older than the data file: /bip7_disk/pingting114/mixed_bam/COLO829_PAO/TF1e-3_25x/TF1e-3_25x.rep1.bam.bai
[E::bam_parse_basemod2] 38ea1153-91e7-401d-9f62-6f5203e28c83: MM tag refers to bases beyond sequence length
[W::bam_next_basemod] MM tag refers to bases beyond sequence length
[W::hts_idx_load3] The index file is older than the data file: /bip7_disk/pingting114/mixed_bam/COLO829_PAO/TF1e-3_25x/TF1e-3_25x.rep1.bam.bai
[W::hts_idx_load3] The index file is older than the data file: /bip7_disk/pingting114/mixed_bam/COLO829_PAO/TF1e-3_25x/TF1e-3_25x.rep1.bam.bai
[W::hts_idx_load3] The index file is older than the data file: /bip7_disk/pingting114/mixed_bam/COLO829_PAO/TF1e-3_25x/TF1e-3_25x.rep1.bam.bai
[W::hts_idx_load3] The index file is older than the data file: /bip7_disk/pingting114/mixed_bam/COLO829_PAO/TF1e-3_25x/TF1e-3_25x.rep1.bam.bai
[W::hts_idx_load3] The index file is older than the data file: /bip7_disk/pingting114/mixed_bam/COLO829_PAO/TF1e-3_25x/TF1e-3_25x.rep1.bam.bai
[W::hts_idx_load3] The index file is older than the data file: /bip7_disk/pingting114/mixed_bam/COLO829_PAO/TF1e-3_25x/TF1e-3_25x.rep1.bam.bai
[W::hts_idx_load3] The index file is older than the data file: /bip7_disk/pingting114/mixed_bam/COLO829_PAO/TF1e-3_25x/TF1e-3_25x.rep1.bam.bai
[W::bam_next_basemod] MM tag refers to bases beyond sequence length
[W::hts_idx_load3] The index file is older than the data file: /bip7_disk/pingting114/mixed_bam/COLO829_PAO/TF1e-3_25x/TF1e-3_25x.rep1.bam.bai
[W::bam_next_basemod] MM tag refers to bases beyond sequence length
[W::hts_idx_load3] The index file is older than the data file: /bip7_disk/pingting114/mixed_bam/COLO829_PAO/TF1e-3_25x/TF1e-3_25x.rep1.bam.bai
[W::bam_next_basemod] MM tag refers to bases beyond sequence length
[E::bam_parse_basemod2] 5d86622e-724e-4f84-8ebe-322a54320f0d: MM tag refers to bases beyond sequence length
[W::hts_idx_load3] The index file is older than the data file: /bip7_disk/pingting114/mixed_bam/COLO829_PAO/TF1e-3_25x/TF1e-3_25x.rep1.bam.bai
[W::hts_idx_load3] The index file is older than the data file: /bip7_disk/pingting114/mixed_bam/COLO829_PAO/TF1e-3_25x/TF1e-3_25x.rep1.bam.bai
[W::hts_idx_load3] The index file is older than the data file: /bip7_disk/pingting114/mixed_bam/COLO829_PAO/TF1e-3_25x/TF1e-3_25x.rep1.bam.bai
[W::bam_next_basemod] MM tag refers to bases beyond sequence length
[E::bam_parse_basemod2] 979c0979-9b41-4318-8e07-4da9c4d5f54d: MM tag refers to bases beyond sequence length
[W::hts_idx_load3] The index file is older than the data file: /bip7_disk/pingting114/mixed_bam/COLO829_PAO/TF1e-3_25x/TF1e-3_25x.rep1.bam.bai
[E::bam_parse_basemod2] 96c1ae2f-05f3-4288-b2e2-288ad2ad6853: MM tag refers to bases beyond sequence length
[W::hts_idx_load3] The index file is older than the data file: /bip7_disk/pingting114/mixed_bam/COLO829_PAO/TF1e-3_25x/TF1e-3_25x.rep1.bam.bai
[W::hts_idx_load3] The index file is older than the data file: /bip7_disk/pingting114/mixed_bam/COLO829_PAO/TF1e-3_25x/TF1e-3_25x.rep1.bam.bai
[W::hts_idx_load3] The index file is older than the data file: /bip7_disk/pingting114/mixed_bam/COLO829_PAO/TF1e-3_25x/TF1e-3_25x.rep1.bam.bai
[W::hts_idx_load3] The index file is older than the data file: /bip7_disk/pingting114/mixed_bam/COLO829_PAO/TF1e-3_25x/TF1e-3_25x.rep1.bam.bai
[W::hts_idx_load3] The index file is older than the data file: /bip7_disk/pingting114/mixed_bam/COLO829_PAO/TF1e-3_25x/TF1e-3_25x.rep1.bam.bai
[W::bam_next_basemod] MM tag refers to bases beyond sequence length
[W::hts_idx_load3] The index file is older than the data file: /bip7_disk/pingting114/mixed_bam/COLO829_PAO/TF1e-3_25x/TF1e-3_25x.rep1.bam.bai
[W::hts_idx_load3] The index file is older than the data file: /bip7_disk/pingting114/mixed_bam/COLO829_PAO/TF1e-3_25x/TF1e-3_25x.rep1.bam.bai
[W::bam_next_basemod] MM tag refers to bases beyond sequence length
[W::hts_idx_load3] The index file is older than the data file: /bip7_disk/pingting114/mixed_bam/COLO829_PAO/TF1e-3_25x/TF1e-3_25x.rep1.bam.bai
[W::hts_idx_load3] The index file is older than the data file: /bip7_disk/pingting114/mixed_bam/COLO829_PAO/TF1e-3_25x/TF1e-3_25x.rep1.bam.bai
[E::bam_parse_basemod2] 2238874c-2348-4712-abc8-f3a89ef4471b: MM tag refers to bases beyond sequence length
[W::hts_idx_load3] The index file is older than the data file: /bip7_disk/pingting114/mixed_bam/COLO829_PAO/TF1e-3_25x/TF1e-3_25x.rep1.bam.bai
[W::hts_idx_load3] The index file is older than the data file: /bip7_disk/pingting114/mixed_bam/COLO829_PAO/TF1e-3_25x/TF1e-3_25x.rep1.bam.bai
[W::bam_next_basemod] MM tag refers to bases beyond sequence length
[W::hts_idx_load3] The index file is older than the data file: /bip7_disk/pingting114/mixed_bam/COLO829_PAO/TF1e-3_25x/TF1e-3_25x.rep1.bam.bai
[W::hts_idx_load3] The index file is older than the data file: /bip7_disk/pingting114/mixed_bam/COLO829_PAO/TF1e-3_25x/TF1e-3_25x.rep1.bam.bai
[W::hts_idx_load3] The index file is older than the data file: /bip7_disk/pingting114/mixed_bam/COLO829_PAO/TF1e-3_25x/TF1e-3_25x.rep1.bam.bai
[W::hts_idx_load3] The index file is older than the data file: /bip7_disk/pingting114/mixed_bam/COLO829_PAO/TF1e-3_25x/TF1e-3_25x.rep1.bam.bai
[W::bam_next_basemod] MM tag refers to bases beyond sequence length
[W::hts_idx_load3] The index file is older than the data file: /bip7_disk/pingting114/mixed_bam/COLO829_PAO/TF1e-3_25x/TF1e-3_25x.rep1.bam.bai
[W::hts_idx_load3] The index file is older than the data file: /bip7_disk/pingting114/mixed_bam/COLO829_PAO/TF1e-3_25x/TF1e-3_25x.rep1.bam.bai
[W::hts_idx_load3] The index file is older than the data file: /bip7_disk/pingting114/mixed_bam/COLO829_PAO/TF1e-3_25x/TF1e-3_25x.rep1.bam.bai
[E::bam_parse_basemod2] 8acaac37-1ae9-4d87-aeab-9a147b17d949: MM tag refers to bases beyond sequence length
[W::hts_idx_load3] The index file is older than the data file: /bip7_disk/pingting114/mixed_bam/COLO829_PAO/TF1e-3_25x/TF1e-3_25x.rep1.bam.bai
[W::hts_idx_load3] The index file is older than the data file: /bip7_disk/pingting114/mixed_bam/COLO829_PAO/TF1e-3_25x/TF1e-3_25x.rep1.bam.bai
[W::hts_idx_load3] The index file is older than the data file: /bip7_disk/pingting114/mixed_bam/COLO829_PAO/TF1e-3_25x/TF1e-3_25x.rep1.bam.bai
[W::hts_idx_load3] The index file is older than the data file: /bip7_disk/pingting114/mixed_bam/COLO829_PAO/TF1e-3_25x/TF1e-3_25x.rep1.bam.bai
[W::hts_idx_load3] The index file is older than the data file: /bip7_disk/pingting114/mixed_bam/COLO829_PAO/TF1e-3_25x/TF1e-3_25x.rep1.bam.bai
[W::hts_idx_load3] The index file is older than the data file: /bip7_disk/pingting114/mixed_bam/COLO829_PAO/TF1e-3_25x/TF1e-3_25x.rep1.bam.bai
[W::bam_next_basemod] MM tag refers to bases beyond sequence length
[W::hts_idx_load3] The index file is older than the data file: /bip7_disk/pingting114/mixed_bam/COLO829_PAO/TF1e-3_25x/TF1e-3_25x.rep1.bam.bai
[W::hts_idx_load3] The index file is older than the data file: /bip7_disk/pingting114/mixed_bam/COLO829_PAO/TF1e-3_25x/TF1e-3_25x.rep1.bam.bai
[W::hts_idx_load3] The index file is older than the data file: /bip7_disk/pingting114/mixed_bam/COLO829_PAO/TF1e-3_25x/TF1e-3_25x.rep1.bam.bai
[W::hts_idx_load3] The index file is older than the data file: /bip7_disk/pingting114/mixed_bam/COLO829_PAO/TF1e-3_25x/TF1e-3_25x.rep1.bam.bai
[W::bam_next_basemod] MM tag refers to bases beyond sequence length
[W::hts_idx_load3] The index file is older than the data file: /bip7_disk/pingting114/mixed_bam/COLO829_PAO/TF1e-3_25x/TF1e-3_25x.rep1.bam.bai
[E::bam_parse_basemod2] 733312b0-988a-4d3f-86c7-7228aa304553: MM tag refers to bases beyond sequence length
[W::hts_idx_load3] The index file is older than the data file: /bip7_disk/pingting114/mixed_bam/COLO829_PAO/TF1e-3_25x/TF1e-3_25x.rep1.bam.bai
[W::hts_idx_load3] The index file is older than the data file: /bip7_disk/pingting114/mixed_bam/COLO829_PAO/TF1e-3_25x/TF1e-3_25x.rep1.bam.bai
[W::hts_idx_load3] The index file is older than the data file: /bip7_disk/pingting114/mixed_bam/COLO829_PAO/TF1e-3_25x/TF1e-3_25x.rep1.bam.bai
[W::hts_idx_load3] The index file is older than the data file: /bip7_disk/pingting114/mixed_bam/COLO829_PAO/TF1e-3_25x/TF1e-3_25x.rep1.bam.bai
[W::bam_next_basemod] MM tag refers to bases beyond sequence length
[W::hts_idx_load3] The index file is older than the data file: /bip7_disk/pingting114/mixed_bam/COLO829_PAO/TF1e-3_25x/TF1e-3_25x.rep1.bam.bai
[W::hts_idx_load3] The index file is older than the data file: /bip7_disk/pingting114/mixed_bam/COLO829_PAO/TF1e-3_25x/TF1e-3_25x.rep1.bam.bai
[W::hts_idx_load3] The index file is older than the data file: /bip7_disk/pingting114/mixed_bam/COLO829_PAO/TF1e-3_25x/TF1e-3_25x.rep1.bam.bai
[W::bam_next_basemod] MM tag refers to bases beyond sequence length
[E::bam_parse_basemod2] e3cffe48-7d31-487f-994d-b53bd92f24a9: MM tag refers to bases beyond sequence length
[W::bam_next_basemod] MM tag refers to bases beyond sequence length
[W::hts_idx_load3] The index file is older than the data file: /bip7_disk/pingting114/mixed_bam/COLO829_PAO/TF1e-3_25x/TF1e-3_25x.rep1.bam.bai
[E::bam_parse_basemod2] c5f9ee8a-c70a-4051-a467-614d863ada65: MM tag refers to bases beyond sequence length
[W::hts_idx_load3] The index file is older than the data file: /bip7_disk/pingting114/mixed_bam/COLO829_PAO/TF1e-3_25x/TF1e-3_25x.rep1.bam.bai
[W::hts_idx_load3] The index file is older than the data file: /bip7_disk/pingting114/mixed_bam/COLO829_PAO/TF1e-3_25x/TF1e-3_25x.rep1.bam.bai
[W::hts_idx_load3] The index file is older than the data file: /bip7_disk/pingting114/mixed_bam/COLO829_PAO/TF1e-3_25x/TF1e-3_25x.rep1.bam.bai
[E::bam_parse_basemod2] 022cb3c4-31e4-4f7a-bab5-85e7b3e2326d: MM tag refers to bases beyond sequence length
[W::hts_idx_load3] The index file is older than the data file: /bip7_disk/pingting114/mixed_bam/COLO829_PAO/TF1e-3_25x/TF1e-3_25x.rep1.bam.bai
[W::hts_idx_load3] The index file is older than the data file: /bip7_disk/pingting114/mixed_bam/COLO829_PAO/TF1e-3_25x/TF1e-3_25x.rep1.bam.bai
[W::hts_idx_load3] The index file is older than the data file: /bip7_disk/pingting114/mixed_bam/COLO829_PAO/TF1e-3_25x/TF1e-3_25x.rep1.bam.bai
[W::hts_idx_load3] The index file is older than the data file: /bip7_disk/pingting114/mixed_bam/COLO829_PAO/TF1e-3_25x/TF1e-3_25x.rep1.bam.bai
[E::bam_parse_basemod2] 8e8c615d-2d71-4423-9fb6-a91da418c675: MM tag refers to bases beyond sequence length
[W::hts_idx_load3] The index file is older than the data file: /bip7_disk/pingting114/mixed_bam/COLO829_PAO/TF1e-3_25x/TF1e-3_25x.rep1.bam.bai
[E::bam_parse_basemod2] a378a3af-1604-460a-b38e-dea1dc97110a: MM tag refers to bases beyond sequence length
[W::hts_idx_load3] The index file is older than the data file: /bip7_disk/pingting114/mixed_bam/COLO829_PAO/TF1e-3_25x/TF1e-3_25x.rep1.bam.bai
[W::hts_idx_load3] The index file is older than the data file: /bip7_disk/pingting114/mixed_bam/COLO829_PAO/TF1e-3_25x/TF1e-3_25x.rep1.bam.bai
[W::hts_idx_load3] The index file is older than the data file: /bip7_disk/pingting114/mixed_bam/COLO829_PAO/TF1e-3_25x/TF1e-3_25x.rep1.bam.bai
[W::hts_idx_load3] The index file is older than the data file: /bip7_disk/pingting114/mixed_bam/COLO829_PAO/TF1e-3_25x/TF1e-3_25x.rep1.bam.bai
[W::hts_idx_load3] The index file is older than the data file: /bip7_disk/pingting114/mixed_bam/COLO829_PAO/TF1e-3_25x/TF1e-3_25x.rep1.bam.bai
[W::hts_idx_load3] The index file is older than the data file: /bip7_disk/pingting114/mixed_bam/COLO829_PAO/TF1e-3_25x/TF1e-3_25x.rep1.bam.bai
[W::hts_idx_load3] The index file is older than the data file: /bip7_disk/pingting114/mixed_bam/COLO829_PAO/TF1e-3_25x/TF1e-3_25x.rep1.bam.bai
[W::hts_idx_load3] The index file is older than the data file: /bip7_disk/pingting114/mixed_bam/COLO829_PAO/TF1e-3_25x/TF1e-3_25x.rep1.bam.bai
[W::hts_idx_load3] The index file is older than the data file: /bip7_disk/pingting114/mixed_bam/COLO829_PAO/TF1e-3_25x/TF1e-3_25x.rep1.bam.bai
[W::bam_next_basemod] MM tag refers to bases beyond sequence length
[W::hts_idx_load3] The index file is older than the data file: /bip7_disk/pingting114/mixed_bam/COLO829_PAO/TF1e-3_25x/TF1e-3_25x.rep1.bam.bai
[W::bam_next_basemod] MM tag refers to bases beyond sequence length
[W::hts_idx_load3] The index file is older than the data file: /bip7_disk/pingting114/mixed_bam/COLO829_PAO/TF1e-3_25x/TF1e-3_25x.rep1.bam.bai
[W::bam_next_basemod] MM tag refers to bases beyond sequence length
[W::hts_idx_load3] The index file is older than the data file: /bip7_disk/pingting114/mixed_bam/COLO829_PAO/TF1e-3_25x/TF1e-3_25x.rep1.bam.bai
[W::hts_idx_load3] The index file is older than the data file: /bip7_disk/pingting114/mixed_bam/COLO829_PAO/TF1e-3_25x/TF1e-3_25x.rep1.bam.bai
[W::bam_next_basemod] MM tag refers to bases beyond sequence length
[W::hts_idx_load3] The index file is older than the data file: /bip7_disk/pingting114/mixed_bam/COLO829_PAO/TF1e-3_25x/TF1e-3_25x.rep1.bam.bai
[W::hts_idx_load3] The index file is older than the data file: /bip7_disk/pingting114/mixed_bam/COLO829_PAO/TF1e-3_25x/TF1e-3_25x.rep1.bam.bai
[W::hts_idx_load3] The index file is older than the data file: /bip7_disk/pingting114/mixed_bam/COLO829_PAO/TF1e-3_25x/TF1e-3_25x.rep1.bam.bai
[E::bam_parse_basemod2] ba8f60f0-8d7b-4f5e-846c-7b1295b4c58d: MM tag refers to bases beyond sequence length
[W::hts_idx_load3] The index file is older than the data file: /bip7_disk/pingting114/mixed_bam/COLO829_PAO/TF1e-3_25x/TF1e-3_25x.rep1.bam.bai
[W::bam_next_basemod] MM tag refers to bases beyond sequence length
[W::hts_idx_load3] The index file is older than the data file: /bip7_disk/pingting114/mixed_bam/COLO829_PAO/TF1e-3_25x/TF1e-3_25x.rep1.bam.bai
[W::hts_idx_load3] The index file is older than the data file: /bip7_disk/pingting114/mixed_bam/COLO829_PAO/TF1e-3_25x/TF1e-3_25x.rep1.bam.bai
[W::hts_idx_load3] The index file is older than the data file: /bip7_disk/pingting114/mixed_bam/COLO829_PAO/TF1e-3_25x/TF1e-3_25x.rep1.bam.bai
[E::bam_parse_basemod2] 83553df8-ea65-43b8-81d8-b66b7b2b4043: MM tag refers to bases beyond sequence length
[W::hts_idx_load3] The index file is older than the data file: /bip7_disk/pingting114/mixed_bam/COLO829_PAO/TF1e-3_25x/TF1e-3_25x.rep1.bam.bai
[W::hts_idx_load3] The index file is older than the data file: /bip7_disk/pingting114/mixed_bam/COLO829_PAO/TF1e-3_25x/TF1e-3_25x.rep1.bam.bai
[W::hts_idx_load3] The index file is older than the data file: /bip7_disk/pingting114/mixed_bam/COLO829_PAO/TF1e-3_25x/TF1e-3_25x.rep1.bam.bai
[W::hts_idx_load3] The index file is older than the data file: /bip7_disk/pingting114/mixed_bam/COLO829_PAO/TF1e-3_25x/TF1e-3_25x.rep1.bam.bai
[W::bam_next_basemod] MM tag refers to bases beyond sequence length
[E::bam_parse_basemod2] 518e235b-e3ab-417f-9204-96821f0db284: MM tag refers to bases beyond sequence length
[W::hts_idx_load3] The index file is older than the data file: /bip7_disk/pingting114/mixed_bam/COLO829_PAO/TF1e-3_25x/TF1e-3_25x.rep1.bam.bai
[W::hts_idx_load3] The index file is older than the data file: /bip7_disk/pingting114/mixed_bam/COLO829_PAO/TF1e-3_25x/TF1e-3_25x.rep1.bam.bai
[W::bam_next_basemod] MM tag refers to bases beyond sequence length
[W::bam_next_basemod] MM tag refers to bases beyond sequence length
[W::hts_idx_load3] The index file is older than the data file: /bip7_disk/pingting114/mixed_bam/COLO829_PAO/TF1e-3_25x/TF1e-3_25x.rep1.bam.bai
[W::hts_idx_load3] The index file is older than the data file: /bip7_disk/pingting114/mixed_bam/COLO829_PAO/TF1e-3_25x/TF1e-3_25x.rep1.bam.bai
[W::hts_idx_load3] The index file is older than the data file: /bip7_disk/pingting114/mixed_bam/COLO829_PAO/TF1e-3_25x/TF1e-3_25x.rep1.bam.bai
[W::hts_idx_load3] The index file is older than the data file: /bip7_disk/pingting114/mixed_bam/COLO829_PAO/TF1e-3_25x/TF1e-3_25x.rep1.bam.bai
[W::hts_idx_load3] The index file is older than the data file: /bip7_disk/pingting114/mixed_bam/COLO829_PAO/TF1e-3_25x/TF1e-3_25x.rep1.bam.bai
[W::hts_idx_load3] The index file is older than the data file: /bip7_disk/pingting114/mixed_bam/COLO829_PAO/TF1e-3_25x/TF1e-3_25x.rep1.bam.bai
[W::bam_next_basemod] MM tag refers to bases beyond sequence length
[W::hts_idx_load3] The index file is older than the data file: /bip7_disk/pingting114/mixed_bam/COLO829_PAO/TF1e-3_25x/TF1e-3_25x.rep1.bam.bai
[E::bam_parse_basemod2] abd93d87-e935-4bcb-a89c-69b7cfb5e574: MM tag refers to bases beyond sequence length
[W::hts_idx_load3] The index file is older than the data file: /bip7_disk/pingting114/mixed_bam/COLO829_PAO/TF1e-3_25x/TF1e-3_25x.rep1.bam.bai
[W::hts_idx_load3] The index file is older than the data file: /bip7_disk/pingting114/mixed_bam/COLO829_PAO/TF1e-3_25x/TF1e-3_25x.rep1.bam.bai
[W::hts_idx_load3] The index file is older than the data file: /bip7_disk/pingting114/mixed_bam/COLO829_PAO/TF1e-3_25x/TF1e-3_25x.rep1.bam.bai
[W::hts_idx_load3] The index file is older than the data file: /bip7_disk/pingting114/mixed_bam/COLO829_PAO/TF1e-3_25x/TF1e-3_25x.rep1.bam.bai
[W::hts_idx_load3] The index file is older than the data file: /bip7_disk/pingting114/mixed_bam/COLO829_PAO/TF1e-3_25x/TF1e-3_25x.rep1.bam.bai
[W::bam_next_basemod] MM tag refers to bases beyond sequence length
[W::bam_next_basemod] MM tag refers to bases beyond sequence length
[W::hts_idx_load3] The index file is older than the data file: /bip7_disk/pingting114/mixed_bam/COLO829_PAO/TF1e-3_25x/TF1e-3_25x.rep1.bam.bai
[W::hts_idx_load3] The index file is older than the data file: /bip7_disk/pingting114/mixed_bam/COLO829_PAO/TF1e-3_25x/TF1e-3_25x.rep1.bam.bai
[W::hts_idx_load3] The index file is older than the data file: /bip7_disk/pingting114/mixed_bam/COLO829_PAO/TF1e-3_25x/TF1e-3_25x.rep1.bam.bai
[W::hts_idx_load3] The index file is older than the data file: /bip7_disk/pingting114/mixed_bam/COLO829_PAO/TF1e-3_25x/TF1e-3_25x.rep1.bam.bai
[W::bam_next_basemod] MM tag refers to bases beyond sequence length
[W::hts_idx_load3] The index file is older than the data file: /bip7_disk/pingting114/mixed_bam/COLO829_PAO/TF1e-3_25x/TF1e-3_25x.rep1.bam.bai
[W::bam_next_basemod] MM tag refers to bases beyond sequence length
[W::hts_idx_load3] The index file is older than the data file: /bip7_disk/pingting114/mixed_bam/COLO829_PAO/TF1e-3_25x/TF1e-3_25x.rep1.bam.bai
[W::hts_idx_load3] The index file is older than the data file: /bip7_disk/pingting114/mixed_bam/COLO829_PAO/TF1e-3_25x/TF1e-3_25x.rep1.bam.bai
[W::hts_idx_load3] The index file is older than the data file: /bip7_disk/pingting114/mixed_bam/COLO829_PAO/TF1e-3_25x/TF1e-3_25x.rep1.bam.bai
[W::bam_next_basemod] MM tag refers to bases beyond sequence length
[W::hts_idx_load3] The index file is older than the data file: /bip7_disk/pingting114/mixed_bam/COLO829_PAO/TF1e-3_25x/TF1e-3_25x.rep1.bam.bai
[W::hts_idx_load3] The index file is older than the data file: /bip7_disk/pingting114/mixed_bam/COLO829_PAO/TF1e-3_25x/TF1e-3_25x.rep1.bam.bai
[W::hts_idx_load3] The index file is older than the data file: /bip7_disk/pingting114/mixed_bam/COLO829_PAO/TF1e-3_25x/TF1e-3_25x.rep1.bam.bai
[W::bam_next_basemod] MM tag refers to bases beyond sequence length
[W::hts_idx_load3] The index file is older than the data file: /bip7_disk/pingting114/mixed_bam/COLO829_PAO/TF1e-3_25x/TF1e-3_25x.rep1.bam.bai
[E::bam_parse_basemod2] 31201eab-5293-4a97-a347-83590eadd027: MM tag refers to bases beyond sequence length
[W::hts_idx_load3] The index file is older than the data file: /bip7_disk/pingting114/mixed_bam/COLO829_PAO/TF1e-3_25x/TF1e-3_25x.rep1.bam.bai
[E::bam_parse_basemod2] 33b5e723-1d2a-46e2-9c80-ff5b3b3ba770: MM tag refers to bases beyond sequence length
[W::bam_next_basemod] MM tag refers to bases beyond sequence length
[W::bam_next_basemod] MM tag refers to bases beyond sequence length
[W::hts_idx_load3] The index file is older than the data file: /bip7_disk/pingting114/mixed_bam/COLO829_PAO/TF1e-3_25x/TF1e-3_25x.rep1.bam.bai
[E::bam_parse_basemod2] 97d3e44d-232a-49c7-b009-c8b2ccaf6f61: MM tag refers to bases beyond sequence length
[W::bam_next_basemod] MM tag refers to bases beyond sequence length
[W::hts_idx_load3] The index file is older than the data file: /bip7_disk/pingting114/mixed_bam/COLO829_PAO/TF1e-3_25x/TF1e-3_25x.rep1.bam.bai
[W::hts_idx_load3] The index file is older than the data file: /bip7_disk/pingting114/mixed_bam/COLO829_PAO/TF1e-3_25x/TF1e-3_25x.rep1.bam.bai
[W::hts_idx_load3] The index file is older than the data file: /bip7_disk/pingting114/mixed_bam/COLO829_PAO/TF1e-3_25x/TF1e-3_25x.rep1.bam.bai
[W::hts_idx_load3] The index file is older than the data file: /bip7_disk/pingting114/mixed_bam/COLO829_PAO/TF1e-3_25x/TF1e-3_25x.rep1.bam.bai
[W::bam_next_basemod] MM tag refers to bases beyond sequence length
[W::hts_idx_load3] The index file is older than the data file: /bip7_disk/pingting114/mixed_bam/COLO829_PAO/TF1e-3_25x/TF1e-3_25x.rep1.bam.bai
[W::hts_idx_load3] The index file is older than the data file: /bip7_disk/pingting114/mixed_bam/COLO829_PAO/TF1e-3_25x/TF1e-3_25x.rep1.bam.bai
[W::bam_next_basemod] MM tag refers to bases beyond sequence length
[W::hts_idx_load3] The index file is older than the data file: /bip7_disk/pingting114/mixed_bam/COLO829_PAO/TF1e-3_25x/TF1e-3_25x.rep1.bam.bai
[E::bam_parse_basemod2] 4c0c8413-cf07-4408-bd98-a8b9345a8a90: MM tag refers to bases beyond sequence length
[W::hts_idx_load3] The index file is older than the data file: /bip7_disk/pingting114/mixed_bam/COLO829_PAO/TF1e-3_25x/TF1e-3_25x.rep1.bam.bai
[W::hts_idx_load3] The index file is older than the data file: /bip7_disk/pingting114/mixed_bam/COLO829_PAO/TF1e-3_25x/TF1e-3_25x.rep1.bam.bai
[W::hts_idx_load3] The index file is older than the data file: /bip7_disk/pingting114/mixed_bam/COLO829_PAO/TF1e-3_25x/TF1e-3_25x.rep1.bam.bai
[W::bam_next_basemod] MM tag refers to bases beyond sequence length
[E::bam_parse_basemod2] 7b1db82f-5863-46d8-a7d5-0cc69661ea29: MM tag refers to bases beyond sequence length
[W::hts_idx_load3] The index file is older than the data file: /bip7_disk/pingting114/mixed_bam/COLO829_PAO/TF1e-3_25x/TF1e-3_25x.rep1.bam.bai
[W::hts_idx_load3] The index file is older than the data file: /bip7_disk/pingting114/mixed_bam/COLO829_PAO/TF1e-3_25x/TF1e-3_25x.rep1.bam.bai
[W::hts_idx_load3] The index file is older than the data file: /bip7_disk/pingting114/mixed_bam/COLO829_PAO/TF1e-3_25x/TF1e-3_25x.rep1.bam.bai
[W::hts_idx_load3] The index file is older than the data file: /bip7_disk/pingting114/mixed_bam/COLO829_PAO/TF1e-3_25x/TF1e-3_25x.rep1.bam.bai
[E::bam_parse_basemod2] 7f6c80c2-49d7-49c5-bdc9-76ee875d718c: MM tag refers to bases beyond sequence length
[W::hts_idx_load3] The index file is older than the data file: /bip7_disk/pingting114/mixed_bam/COLO829_PAO/TF1e-3_25x/TF1e-3_25x.rep1.bam.bai
[W::bam_next_basemod] MM tag refers to bases beyond sequence length
[W::hts_idx_load3] The index file is older than the data file: /bip7_disk/pingting114/mixed_bam/COLO829_PAO/TF1e-3_25x/TF1e-3_25x.rep1.bam.bai
[W::hts_idx_load3] The index file is older than the data file: /bip7_disk/pingting114/mixed_bam/COLO829_PAO/TF1e-3_25x/TF1e-3_25x.rep1.bam.bai
[W::hts_idx_load3] The index file is older than the data file: /bip7_disk/pingting114/mixed_bam/COLO829_PAO/TF1e-3_25x/TF1e-3_25x.rep1.bam.bai
[W::hts_idx_load3] The index file is older than the data file: /bip7_disk/pingting114/mixed_bam/COLO829_PAO/TF1e-3_25x/TF1e-3_25x.rep1.bam.bai
[E::bam_parse_basemod2] 8f68aaa1-1100-45ef-8d3a-5263d8893448: MM tag refers to bases beyond sequence length
[W::hts_idx_load3] The index file is older than the data file: /bip7_disk/pingting114/mixed_bam/COLO829_PAO/TF1e-3_25x/TF1e-3_25x.rep1.bam.bai
[W::hts_idx_load3] The index file is older than the data file: /bip7_disk/pingting114/mixed_bam/COLO829_PAO/TF1e-3_25x/TF1e-3_25x.rep1.bam.bai
[W::hts_idx_load3] The index file is older than the data file: /bip7_disk/pingting114/mixed_bam/COLO829_PAO/TF1e-3_25x/TF1e-3_25x.rep1.bam.bai
[W::hts_idx_load3] The index file is older than the data file: /bip7_disk/pingting114/mixed_bam/COLO829_PAO/TF1e-3_25x/TF1e-3_25x.rep1.bam.bai
[W::hts_idx_load3] The index file is older than the data file: /bip7_disk/pingting114/mixed_bam/COLO829_PAO/TF1e-3_25x/TF1e-3_25x.rep1.bam.bai
[W::hts_idx_load3] The index file is older than the data file: /bip7_disk/pingting114/mixed_bam/COLO829_PAO/TF1e-3_25x/TF1e-3_25x.rep1.bam.bai
[W::bam_next_basemod] MM tag refers to bases beyond sequence length
[E::bam_parse_basemod2] a4c80718-2feb-48ed-a091-4ac85191c41b: MM tag refers to bases beyond sequence length
[W::hts_idx_load3] The index file is older than the data file: /bip7_disk/pingting114/mixed_bam/COLO829_PAO/TF1e-3_25x/TF1e-3_25x.rep1.bam.bai
[E::bam_parse_basemod2] 6e3e9968-bc06-4351-9ee9-bb65c4c1316d: MM tag refers to bases beyond sequence length
[W::hts_idx_load3] The index file is older than the data file: /bip7_disk/pingting114/mixed_bam/COLO829_PAO/TF1e-3_25x/TF1e-3_25x.rep1.bam.bai
[E::bam_parse_basemod2] e0a9fd9e-2cc3-43ef-a1b7-87141ed6199f: MM tag refers to bases beyond sequence length
[E::bam_parse_basemod2] 5835befa-9044-4f5f-84f1-0d899397c0fd: MM tag refers to bases beyond sequence length
[W::hts_idx_load3] The index file is older than the data file: /bip7_disk/pingting114/mixed_bam/COLO829_PAO/TF1e-3_25x/TF1e-3_25x.rep1.bam.bai
[W::hts_idx_load3] The index file is older than the data file: /bip7_disk/pingting114/mixed_bam/COLO829_PAO/TF1e-3_25x/TF1e-3_25x.rep1.bam.bai
[W::hts_idx_load3] The index file is older than the data file: /bip7_disk/pingting114/mixed_bam/COLO829_PAO/TF1e-3_25x/TF1e-3_25x.rep1.bam.bai
[E::bam_parse_basemod2] 0261ec46-8009-4972-8d83-3800dabcfc50: MM tag refers to bases beyond sequence length
[W::hts_idx_load3] The index file is older than the data file: /bip7_disk/pingting114/mixed_bam/COLO829_PAO/TF1e-3_25x/TF1e-3_25x.rep1.bam.bai
[W::bam_next_basemod] MM tag refers to bases beyond sequence length
[W::bam_next_basemod] MM tag refers to bases beyond sequence length
[W::hts_idx_load3] The index file is older than the data file: /bip7_disk/pingting114/mixed_bam/COLO829_PAO/TF1e-3_25x/TF1e-3_25x.rep1.bam.bai
[W::hts_idx_load3] The index file is older than the data file: /bip7_disk/pingting114/mixed_bam/COLO829_PAO/TF1e-3_25x/TF1e-3_25x.rep1.bam.bai
[W::bam_next_basemod] MM tag refers to bases beyond sequence length
[W::hts_idx_load3] The index file is older than the data file: /bip7_disk/pingting114/mixed_bam/COLO829_PAO/TF1e-3_25x/TF1e-3_25x.rep1.bam.bai
[W::hts_idx_load3] The index file is older than the data file: /bip7_disk/pingting114/mixed_bam/COLO829_PAO/TF1e-3_25x/TF1e-3_25x.rep1.bam.bai
[W::hts_idx_load3] The index file is older than the data file: /bip7_disk/pingting114/mixed_bam/COLO829_PAO/TF1e-3_25x/TF1e-3_25x.rep1.bam.bai
[W::hts_idx_load3] The index file is older than the data file: /bip7_disk/pingting114/mixed_bam/COLO829_PAO/TF1e-3_25x/TF1e-3_25x.rep1.bam.bai
[W::hts_idx_load3] The index file is older than the data file: /bip7_disk/pingting114/mixed_bam/COLO829_PAO/TF1e-3_25x/TF1e-3_25x.rep1.bam.bai
[W::hts_idx_load3] The index file is older than the data file: /bip7_disk/pingting114/mixed_bam/COLO829_PAO/TF1e-3_25x/TF1e-3_25x.rep1.bam.bai
[W::bam_next_basemod] MM tag refers to bases beyond sequence length
[W::hts_idx_load3] The index file is older than the data file: /bip7_disk/pingting114/mixed_bam/COLO829_PAO/TF1e-3_25x/TF1e-3_25x.rep1.bam.bai
[W::hts_idx_load3] The index file is older than the data file: /bip7_disk/pingting114/mixed_bam/COLO829_PAO/TF1e-3_25x/TF1e-3_25x.rep1.bam.bai
[W::hts_idx_load3] The index file is older than the data file: /bip7_disk/pingting114/mixed_bam/COLO829_PAO/TF1e-3_25x/TF1e-3_25x.rep1.bam.bai
[W::hts_idx_load3] The index file is older than the data file: /bip7_disk/pingting114/mixed_bam/COLO829_PAO/TF1e-3_25x/TF1e-3_25x.rep1.bam.bai
[W::hts_idx_load3] The index file is older than the data file: /bip7_disk/pingting114/mixed_bam/COLO829_PAO/TF1e-3_25x/TF1e-3_25x.rep1.bam.bai
[W::hts_idx_load3] The index file is older than the data file: /bip7_disk/pingting114/mixed_bam/COLO829_PAO/TF1e-3_25x/TF1e-3_25x.rep1.bam.bai
[W::bam_next_basemod] MM tag refers to bases beyond sequence length
[W::hts_idx_load3] The index file is older than the data file: /bip7_disk/pingting114/mixed_bam/COLO829_PAO/TF1e-3_25x/TF1e-3_25x.rep1.bam.bai
[W::hts_idx_load3] The index file is older than the data file: /bip7_disk/pingting114/mixed_bam/COLO829_PAO/TF1e-3_25x/TF1e-3_25x.rep1.bam.bai
[W::hts_idx_load3] The index file is older than the data file: /bip7_disk/pingting114/mixed_bam/COLO829_PAO/TF1e-3_25x/TF1e-3_25x.rep1.bam.bai
[E::bam_parse_basemod2] 2e893d3c-a6b8-41fb-8512-b469c4539e4b: MM tag refers to bases beyond sequence length
[W::hts_idx_load3] The index file is older than the data file: /bip7_disk/pingting114/mixed_bam/COLO829_PAO/TF1e-3_25x/TF1e-3_25x.rep1.bam.bai
[W::hts_idx_load3] The index file is older than the data file: /bip7_disk/pingting114/mixed_bam/COLO829_PAO/TF1e-3_25x/TF1e-3_25x.rep1.bam.bai
[W::hts_idx_load3] The index file is older than the data file: /bip7_disk/pingting114/mixed_bam/COLO829_PAO/TF1e-3_25x/TF1e-3_25x.rep1.bam.bai
[W::hts_idx_load3] The index file is older than the data file: /bip7_disk/pingting114/mixed_bam/COLO829_PAO/TF1e-3_25x/TF1e-3_25x.rep1.bam.bai
[W::hts_idx_load3] The index file is older than the data file: /bip7_disk/pingting114/mixed_bam/COLO829_PAO/TF1e-3_25x/TF1e-3_25x.rep1.bam.bai
[E::bam_parse_basemod2] eaac9e1d-b2b7-4e0e-98a3-02c4c2afcc9b: MM tag refers to bases beyond sequence length
[W::hts_idx_load3] The index file is older than the data file: /bip7_disk/pingting114/mixed_bam/COLO829_PAO/TF1e-3_25x/TF1e-3_25x.rep1.bam.bai
[W::hts_idx_load3] The index file is older than the data file: /bip7_disk/pingting114/mixed_bam/COLO829_PAO/TF1e-3_25x/TF1e-3_25x.rep1.bam.bai
[W::hts_idx_load3] The index file is older than the data file: /bip7_disk/pingting114/mixed_bam/COLO829_PAO/TF1e-3_25x/TF1e-3_25x.rep1.bam.bai
[W::hts_idx_load3] The index file is older than the data file: /bip7_disk/pingting114/mixed_bam/COLO829_PAO/TF1e-3_25x/TF1e-3_25x.rep1.bam.bai
[W::hts_idx_load3] The index file is older than the data file: /bip7_disk/pingting114/mixed_bam/COLO829_PAO/TF1e-3_25x/TF1e-3_25x.rep1.bam.bai
[E::bam_parse_basemod2] cc7afd30-7cd1-497a-8ca5-edec8383ed19: MM tag refers to bases beyond sequence length
[W::hts_idx_load3] The index file is older than the data file: /bip7_disk/pingting114/mixed_bam/COLO829_PAO/TF1e-3_25x/TF1e-3_25x.rep1.bam.bai
[E::bam_parse_basemod2] f74f6672-8497-4667-a123-0b9dff367434: MM tag refers to bases beyond sequence length
[W::hts_idx_load3] The index file is older than the data file: /bip7_disk/pingting114/mixed_bam/COLO829_PAO/TF1e-3_25x/TF1e-3_25x.rep1.bam.bai
[W::hts_idx_load3] The index file is older than the data file: /bip7_disk/pingting114/mixed_bam/COLO829_PAO/TF1e-3_25x/TF1e-3_25x.rep1.bam.bai
[W::bam_next_basemod] MM tag refers to bases beyond sequence length
[W::hts_idx_load3] The index file is older than the data file: /bip7_disk/pingting114/mixed_bam/COLO829_PAO/TF1e-3_25x/TF1e-3_25x.rep1.bam.bai
[W::bam_next_basemod] MM tag refers to bases beyond sequence length
[W::hts_idx_load3] The index file is older than the data file: /bip7_disk/pingting114/mixed_bam/COLO829_PAO/TF1e-3_25x/TF1e-3_25x.rep1.bam.bai
[W::hts_idx_load3] The index file is older than the data file: /bip7_disk/pingting114/mixed_bam/COLO829_PAO/TF1e-3_25x/TF1e-3_25x.rep1.bam.bai
[E::bam_parse_basemod2] 18f95651-2fbe-4d57-b742-b0e34bc06ed1: MM tag refers to bases beyond sequence length
[W::hts_idx_load3] The index file is older than the data file: /bip7_disk/pingting114/mixed_bam/COLO829_PAO/TF1e-3_25x/TF1e-3_25x.rep1.bam.bai
[E::bam_parse_basemod2] bd648a6d-fcfc-41a1-9528-18e59b55907e: MM tag refers to bases beyond sequence length
[W::bam_next_basemod] MM tag refers to bases beyond sequence length
[W::hts_idx_load3] The index file is older than the data file: /bip7_disk/pingting114/mixed_bam/COLO829_PAO/TF1e-3_25x/TF1e-3_25x.rep1.bam.bai
[W::hts_idx_load3] The index file is older than the data file: /bip7_disk/pingting114/mixed_bam/COLO829_PAO/TF1e-3_25x/TF1e-3_25x.rep1.bam.bai
[W::hts_idx_load3] The index file is older than the data file: /bip7_disk/pingting114/mixed_bam/COLO829_PAO/TF1e-3_25x/TF1e-3_25x.rep1.bam.bai
[E::bam_parse_basemod2] 41a2dc69-aa8e-4dc5-b77b-67597a62a076: MM tag refers to bases beyond sequence length
[W::bam_next_basemod] MM tag refers to bases beyond sequence length
[W::hts_idx_load3] The index file is older than the data file: /bip7_disk/pingting114/mixed_bam/COLO829_PAO/TF1e-3_25x/TF1e-3_25x.rep1.bam.bai
[W::hts_idx_load3] The index file is older than the data file: /bip7_disk/pingting114/mixed_bam/COLO829_PAO/TF1e-3_25x/TF1e-3_25x.rep1.bam.bai
[W::hts_idx_load3] The index file is older than the data file: /bip7_disk/pingting114/mixed_bam/COLO829_PAO/TF1e-3_25x/TF1e-3_25x.rep1.bam.bai
[E::bam_parse_basemod2] d769111f-e4b5-4fee-b5d4-b78402762227: MM tag refers to bases beyond sequence length
[W::bam_next_basemod] MM tag refers to bases beyond sequence length
[W::hts_idx_load3] The index file is older than the data file: /bip7_disk/pingting114/mixed_bam/COLO829_PAO/TF1e-3_25x/TF1e-3_25x.rep1.bam.bai
[W::hts_idx_load3] The index file is older than the data file: /bip7_disk/pingting114/mixed_bam/COLO829_PAO/TF1e-3_25x/TF1e-3_25x.rep1.bam.bai
[W::hts_idx_load3] The index file is older than the data file: /bip7_disk/pingting114/mixed_bam/COLO829_PAO/TF1e-3_25x/TF1e-3_25x.rep1.bam.bai
[W::bam_next_basemod] MM tag refers to bases beyond sequence length
[W::hts_idx_load3] The index file is older than the data file: /bip7_disk/pingting114/mixed_bam/COLO829_PAO/TF1e-3_25x/TF1e-3_25x.rep1.bam.bai
[W::hts_idx_load3] The index file is older than the data file: /bip7_disk/pingting114/mixed_bam/COLO829_PAO/TF1e-3_25x/TF1e-3_25x.rep1.bam.bai
[W::hts_idx_load3] The index file is older than the data file: /bip7_disk/pingting114/mixed_bam/COLO829_PAO/TF1e-3_25x/TF1e-3_25x.rep1.bam.bai
[E::bam_parse_basemod2] 7a95f17b-43c5-4c58-9e41-8d965a63bab3: MM tag refers to bases beyond sequence length
[W::hts_idx_load3] The index file is older than the data file: /bip7_disk/pingting114/mixed_bam/COLO829_PAO/TF1e-3_25x/TF1e-3_25x.rep1.bam.bai
[W::hts_idx_load3] The index file is older than the data file: /bip7_disk/pingting114/mixed_bam/COLO829_PAO/TF1e-3_25x/TF1e-3_25x.rep1.bam.bai
[W::hts_idx_load3] The index file is older than the data file: /bip7_disk/pingting114/mixed_bam/COLO829_PAO/TF1e-3_25x/TF1e-3_25x.rep1.bam.bai
[W::hts_idx_load3] The index file is older than the data file: /bip7_disk/pingting114/mixed_bam/COLO829_PAO/TF1e-3_25x/TF1e-3_25x.rep1.bam.bai
[W::bam_next_basemod] MM tag refers to bases beyond sequence length
[W::hts_idx_load3] The index file is older than the data file: /bip7_disk/pingting114/mixed_bam/COLO829_PAO/TF1e-3_25x/TF1e-3_25x.rep1.bam.bai
[W::hts_idx_load3] The index file is older than the data file: /bip7_disk/pingting114/mixed_bam/COLO829_PAO/TF1e-3_25x/TF1e-3_25x.rep1.bam.bai
[E::bam_parse_basemod2] 9e76f0c8-e2e8-478c-a1fb-8a001ea81268: MM tag refers to bases beyond sequence length
[W::hts_idx_load3] The index file is older than the data file: /bip7_disk/pingting114/mixed_bam/COLO829_PAO/TF1e-3_25x/TF1e-3_25x.rep1.bam.bai
[W::hts_idx_load3] The index file is older than the data file: /bip7_disk/pingting114/mixed_bam/COLO829_PAO/TF1e-3_25x/TF1e-3_25x.rep1.bam.bai
[W::hts_idx_load3] The index file is older than the data file: /bip7_disk/pingting114/mixed_bam/COLO829_PAO/TF1e-3_25x/TF1e-3_25x.rep1.bam.bai
[W::hts_idx_load3] The index file is older than the data file: /bip7_disk/pingting114/mixed_bam/COLO829_PAO/TF1e-3_25x/TF1e-3_25x.rep1.bam.bai
[E::bam_parse_basemod2] 88121125-e1af-4225-bdf6-bf5e55942154: MM tag refers to bases beyond sequence length
[W::hts_idx_load3] The index file is older than the data file: /bip7_disk/pingting114/mixed_bam/COLO829_PAO/TF1e-3_25x/TF1e-3_25x.rep1.bam.bai
[W::hts_idx_load3] The index file is older than the data file: /bip7_disk/pingting114/mixed_bam/COLO829_PAO/TF1e-3_25x/TF1e-3_25x.rep1.bam.bai
[W::hts_idx_load3] The index file is older than the data file: /bip7_disk/pingting114/mixed_bam/COLO829_PAO/TF1e-3_25x/TF1e-3_25x.rep1.bam.bai
[W::hts_idx_load3] The index file is older than the data file: /bip7_disk/pingting114/mixed_bam/COLO829_PAO/TF1e-3_25x/TF1e-3_25x.rep1.bam.bai
[W::bam_next_basemod] MM tag refers to bases beyond sequence length
[E::bam_parse_basemod2] 27736ab0-021c-42de-b730-e64622cc8e6e: MM tag refers to bases beyond sequence length
[W::hts_idx_load3] The index file is older than the data file: /bip7_disk/pingting114/mixed_bam/COLO829_PAO/TF1e-3_25x/TF1e-3_25x.rep1.bam.bai
[E::bam_parse_basemod2] fc60d925-eada-4157-ab9b-bb795ea4926b: MM tag refers to bases beyond sequence length
[W::hts_idx_load3] The index file is older than the data file: /bip7_disk/pingting114/mixed_bam/COLO829_PAO/TF1e-3_25x/TF1e-3_25x.rep1.bam.bai
[W::bam_next_basemod] MM tag refers to bases beyond sequence length
[W::bam_next_basemod] MM tag refers to bases beyond sequence length
[E::bam_parse_basemod2] 581d8d1a-d21f-4e87-b4b7-d0d2d3e1f690: MM tag refers to bases beyond sequence length
[W::hts_idx_load3] The index file is older than the data file: /bip7_disk/pingting114/mixed_bam/COLO829_PAO/TF1e-3_25x/TF1e-3_25x.rep1.bam.bai
[W::hts_idx_load3] The index file is older than the data file: /bip7_disk/pingting114/mixed_bam/COLO829_PAO/TF1e-3_25x/TF1e-3_25x.rep1.bam.bai
[W::hts_idx_load3] The index file is older than the data file: /bip7_disk/pingting114/mixed_bam/COLO829_PAO/TF1e-3_25x/TF1e-3_25x.rep1.bam.bai
[W::bam_next_basemod] MM tag refers to bases beyond sequence length
[W::hts_idx_load3] The index file is older than the data file: /bip7_disk/pingting114/mixed_bam/COLO829_PAO/TF1e-3_25x/TF1e-3_25x.rep1.bam.bai
[W::hts_idx_load3] The index file is older than the data file: /bip7_disk/pingting114/mixed_bam/COLO829_PAO/TF1e-3_25x/TF1e-3_25x.rep1.bam.bai
[E::bam_parse_basemod2] 2e0b7e83-977c-4bde-a957-42b1749fc6e2: MM tag refers to bases beyond sequence length
[W::hts_idx_load3] The index file is older than the data file: /bip7_disk/pingting114/mixed_bam/COLO829_PAO/TF1e-3_25x/TF1e-3_25x.rep1.bam.bai
[W::hts_idx_load3] The index file is older than the data file: /bip7_disk/pingting114/mixed_bam/COLO829_PAO/TF1e-3_25x/TF1e-3_25x.rep1.bam.bai
[W::hts_idx_load3] The index file is older than the data file: /bip7_disk/pingting114/mixed_bam/COLO829_PAO/TF1e-3_25x/TF1e-3_25x.rep1.bam.bai
[W::hts_idx_load3] The index file is older than the data file: /bip7_disk/pingting114/mixed_bam/COLO829_PAO/TF1e-3_25x/TF1e-3_25x.rep1.bam.bai
[W::hts_idx_load3] The index file is older than the data file: /bip7_disk/pingting114/mixed_bam/COLO829_PAO/TF1e-3_25x/TF1e-3_25x.rep1.bam.bai
[W::hts_idx_load3] The index file is older than the data file: /bip7_disk/pingting114/mixed_bam/COLO829_PAO/TF1e-3_25x/TF1e-3_25x.rep1.bam.bai
[W::hts_idx_load3] The index file is older than the data file: /bip7_disk/pingting114/mixed_bam/COLO829_PAO/TF1e-3_25x/TF1e-3_25x.rep1.bam.bai
[W::hts_idx_load3] The index file is older than the data file: /bip7_disk/pingting114/mixed_bam/COLO829_PAO/TF1e-3_25x/TF1e-3_25x.rep1.bam.bai
[W::hts_idx_load3] The index file is older than the data file: /bip7_disk/pingting114/mixed_bam/COLO829_PAO/TF1e-3_25x/TF1e-3_25x.rep1.bam.bai
[W::bam_next_basemod] MM tag refers to bases beyond sequence length
[W::hts_idx_load3] The index file is older than the data file: /bip7_disk/pingting114/mixed_bam/COLO829_PAO/TF1e-3_25x/TF1e-3_25x.rep1.bam.bai
[W::hts_idx_load3] The index file is older than the data file: /bip7_disk/pingting114/mixed_bam/COLO829_PAO/TF1e-3_25x/TF1e-3_25x.rep1.bam.bai
[W::hts_idx_load3] The index file is older than the data file: /bip7_disk/pingting114/mixed_bam/COLO829_PAO/TF1e-3_25x/TF1e-3_25x.rep1.bam.bai
[W::hts_idx_load3] The index file is older than the data file: /bip7_disk/pingting114/mixed_bam/COLO829_PAO/TF1e-3_25x/TF1e-3_25x.rep1.bam.bai
[W::hts_idx_load3] The index file is older than the data file: /bip7_disk/pingting114/mixed_bam/COLO829_PAO/TF1e-3_25x/TF1e-3_25x.rep1.bam.bai
[W::hts_idx_load3] The index file is older than the data file: /bip7_disk/pingting114/mixed_bam/COLO829_PAO/TF1e-3_25x/TF1e-3_25x.rep1.bam.bai
[W::hts_idx_load3] The index file is older than the data file: /bip7_disk/pingting114/mixed_bam/COLO829_PAO/TF1e-3_25x/TF1e-3_25x.rep1.bam.bai
[W::hts_idx_load3] The index file is older than the data file: /bip7_disk/pingting114/mixed_bam/COLO829_PAO/TF1e-3_25x/TF1e-3_25x.rep1.bam.bai
[W::hts_idx_load3] The index file is older than the data file: /bip7_disk/pingting114/mixed_bam/COLO829_PAO/TF1e-3_25x/TF1e-3_25x.rep1.bam.bai
[W::hts_idx_load3] The index file is older than the data file: /bip7_disk/pingting114/mixed_bam/COLO829_PAO/TF1e-3_25x/TF1e-3_25x.rep1.bam.bai
[W::hts_idx_load3] The index file is older than the data file: /bip7_disk/pingting114/mixed_bam/COLO829_PAO/TF1e-3_25x/TF1e-3_25x.rep1.bam.bai
[W::hts_idx_load3] The index file is older than the data file: /bip7_disk/pingting114/mixed_bam/COLO829_PAO/TF1e-3_25x/TF1e-3_25x.rep1.bam.bai
[W::hts_idx_load3] The index file is older than the data file: /bip7_disk/pingting114/mixed_bam/COLO829_PAO/TF1e-3_25x/TF1e-3_25x.rep1.bam.bai
[W::hts_idx_load3] The index file is older than the data file: /bip7_disk/pingting114/mixed_bam/COLO829_PAO/TF1e-3_25x/TF1e-3_25x.rep1.bam.bai
[W::hts_idx_load3] The index file is older than the data file: /bip7_disk/pingting114/mixed_bam/COLO829_PAO/TF1e-3_25x/TF1e-3_25x.rep1.bam.bai
[W::hts_idx_load3] The index file is older than the data file: /bip7_disk/pingting114/mixed_bam/COLO829_PAO/TF1e-3_25x/TF1e-3_25x.rep1.bam.bai
[W::hts_idx_load3] The index file is older than the data file: /bip7_disk/pingting114/mixed_bam/COLO829_PAO/TF1e-3_25x/TF1e-3_25x.rep1.bam.bai
[W::bam_next_basemod] MM tag refers to bases beyond sequence length
[W::hts_idx_load3] The index file is older than the data file: /bip7_disk/pingting114/mixed_bam/COLO829_PAO/TF1e-3_25x/TF1e-3_25x.rep1.bam.bai
[E::bam_parse_basemod2] 696fcfb3-49da-4ee3-8e28-2a7e10557ca8: MM tag refers to bases beyond sequence length
[W::bam_next_basemod] MM tag refers to bases beyond sequence length
[W::hts_idx_load3] The index file is older than the data file: /bip7_disk/pingting114/mixed_bam/COLO829_PAO/TF1e-3_25x/TF1e-3_25x.rep1.bam.bai
[E::bam_parse_basemod2] a5822348-541e-4b9e-bfd3-3bf8369d3aa5: MM tag refers to bases beyond sequence length
[W::hts_idx_load3] The index file is older than the data file: /bip7_disk/pingting114/mixed_bam/COLO829_PAO/TF1e-3_25x/TF1e-3_25x.rep1.bam.bai
[W::hts_idx_load3] The index file is older than the data file: /bip7_disk/pingting114/mixed_bam/COLO829_PAO/TF1e-3_25x/TF1e-3_25x.rep1.bam.bai
[W::hts_idx_load3] The index file is older than the data file: /bip7_disk/pingting114/mixed_bam/COLO829_PAO/TF1e-3_25x/TF1e-3_25x.rep1.bam.bai
[W::hts_idx_load3] The index file is older than the data file: /bip7_disk/pingting114/mixed_bam/COLO829_PAO/TF1e-3_25x/TF1e-3_25x.rep1.bam.bai
[W::hts_idx_load3] The index file is older than the data file: /bip7_disk/pingting114/mixed_bam/COLO829_PAO/TF1e-3_25x/TF1e-3_25x.rep1.bam.bai
[W::bam_next_basemod] MM tag refers to bases beyond sequence length
[W::hts_idx_load3] The index file is older than the data file: /bip7_disk/pingting114/mixed_bam/COLO829_PAO/TF1e-3_25x/TF1e-3_25x.rep1.bam.bai
[W::hts_idx_load3] The index file is older than the data file: /bip7_disk/pingting114/mixed_bam/COLO829_PAO/TF1e-3_25x/TF1e-3_25x.rep1.bam.bai
[W::bam_next_basemod] MM tag refers to bases beyond sequence length
[W::hts_idx_load3] The index file is older than the data file: /bip7_disk/pingting114/mixed_bam/COLO829_PAO/TF1e-3_25x/TF1e-3_25x.rep1.bam.bai
[W::hts_idx_load3] The index file is older than the data file: /bip7_disk/pingting114/mixed_bam/COLO829_PAO/TF1e-3_25x/TF1e-3_25x.rep1.bam.bai
[W::hts_idx_load3] The index file is older than the data file: /bip7_disk/pingting114/mixed_bam/COLO829_PAO/TF1e-3_25x/TF1e-3_25x.rep1.bam.bai
[W::hts_idx_load3] The index file is older than the data file: /bip7_disk/pingting114/mixed_bam/COLO829_PAO/TF1e-3_25x/TF1e-3_25x.rep1.bam.bai
[W::hts_idx_load3] The index file is older than the data file: /bip7_disk/pingting114/mixed_bam/COLO829_PAO/TF1e-3_25x/TF1e-3_25x.rep1.bam.bai
[E::bam_parse_basemod2] 19b6f02c-7cba-4ebf-a51e-0b146d1e5e8f: MM tag refers to bases beyond sequence length
[W::hts_idx_load3] The index file is older than the data file: /bip7_disk/pingting114/mixed_bam/COLO829_PAO/TF1e-3_25x/TF1e-3_25x.rep1.bam.bai
[E::bam_parse_basemod2] 2f33726f-79b0-4031-91e6-d9f2c71feb4b: MM tag refers to bases beyond sequence length
[W::hts_idx_load3] The index file is older than the data file: /bip7_disk/pingting114/mixed_bam/COLO829_PAO/TF1e-3_25x/TF1e-3_25x.rep1.bam.bai
[W::hts_idx_load3] The index file is older than the data file: /bip7_disk/pingting114/mixed_bam/COLO829_PAO/TF1e-3_25x/TF1e-3_25x.rep1.bam.bai
[W::hts_idx_load3] The index file is older than the data file: /bip7_disk/pingting114/mixed_bam/COLO829_PAO/TF1e-3_25x/TF1e-3_25x.rep1.bam.bai
[W::hts_idx_load3] The index file is older than the data file: /bip7_disk/pingting114/mixed_bam/COLO829_PAO/TF1e-3_25x/TF1e-3_25x.rep1.bam.bai
[E::bam_parse_basemod2] 2841e574-c1f7-499a-bdae-5fb9f172ee83: MM tag refers to bases beyond sequence length
[W::hts_idx_load3] The index file is older than the data file: /bip7_disk/pingting114/mixed_bam/COLO829_PAO/TF1e-3_25x/TF1e-3_25x.rep1.bam.bai
[W::bam_next_basemod] MM tag refers to bases beyond sequence length
[W::hts_idx_load3] The index file is older than the data file: /bip7_disk/pingting114/mixed_bam/COLO829_PAO/TF1e-3_25x/TF1e-3_25x.rep1.bam.bai
[W::hts_idx_load3] The index file is older than the data file: /bip7_disk/pingting114/mixed_bam/COLO829_PAO/TF1e-3_25x/TF1e-3_25x.rep1.bam.bai
[W::bam_next_basemod] MM tag refers to bases beyond sequence length
[W::hts_idx_load3] The index file is older than the data file: /bip7_disk/pingting114/mixed_bam/COLO829_PAO/TF1e-3_25x/TF1e-3_25x.rep1.bam.bai
[W::hts_idx_load3] The index file is older than the data file: /bip7_disk/pingting114/mixed_bam/COLO829_PAO/TF1e-3_25x/TF1e-3_25x.rep1.bam.bai
[W::hts_idx_load3] The index file is older than the data file: /bip7_disk/pingting114/mixed_bam/COLO829_PAO/TF1e-3_25x/TF1e-3_25x.rep1.bam.bai
[W::bam_next_basemod] MM tag refers to bases beyond sequence length
[W::hts_idx_load3] The index file is older than the data file: /bip7_disk/pingting114/mixed_bam/COLO829_PAO/TF1e-3_25x/TF1e-3_25x.rep1.bam.bai
[W::bam_next_basemod] MM tag refers to bases beyond sequence length
[W::hts_idx_load3] The index file is older than the data file: /bip7_disk/pingting114/mixed_bam/COLO829_PAO/TF1e-3_25x/TF1e-3_25x.rep1.bam.bai
[W::bam_next_basemod] MM tag refers to bases beyond sequence length
[W::hts_idx_load3] The index file is older than the data file: /bip7_disk/pingting114/mixed_bam/COLO829_PAO/TF1e-3_25x/TF1e-3_25x.rep1.bam.bai
[W::hts_idx_load3] The index file is older than the data file: /bip7_disk/pingting114/mixed_bam/COLO829_PAO/TF1e-3_25x/TF1e-3_25x.rep1.bam.bai
[E::bam_parse_basemod2] ec263b30-fc29-4ce5-8678-0ccfc8ead950: MM tag refers to bases beyond sequence length
[W::hts_idx_load3] The index file is older than the data file: /bip7_disk/pingting114/mixed_bam/COLO829_PAO/TF1e-3_25x/TF1e-3_25x.rep1.bam.bai
[W::hts_idx_load3] The index file is older than the data file: /bip7_disk/pingting114/mixed_bam/COLO829_PAO/TF1e-3_25x/TF1e-3_25x.rep1.bam.bai
[W::hts_idx_load3] The index file is older than the data file: /bip7_disk/pingting114/mixed_bam/COLO829_PAO/TF1e-3_25x/TF1e-3_25x.rep1.bam.bai
[W::hts_idx_load3] The index file is older than the data file: /bip7_disk/pingting114/mixed_bam/COLO829_PAO/TF1e-3_25x/TF1e-3_25x.rep1.bam.bai
[W::hts_idx_load3] The index file is older than the data file: /bip7_disk/pingting114/mixed_bam/COLO829_PAO/TF1e-3_25x/TF1e-3_25x.rep1.bam.bai
[W::bam_next_basemod] MM tag refers to bases beyond sequence length
[W::hts_idx_load3] The index file is older than the data file: /bip7_disk/pingting114/mixed_bam/COLO829_PAO/TF1e-3_25x/TF1e-3_25x.rep1.bam.bai
[W::bam_next_basemod] MM tag refers to bases beyond sequence length
[W::hts_idx_load3] The index file is older than the data file: /bip7_disk/pingting114/mixed_bam/COLO829_PAO/TF1e-3_25x/TF1e-3_25x.rep1.bam.bai
[W::hts_idx_load3] The index file is older than the data file: /bip7_disk/pingting114/mixed_bam/COLO829_PAO/TF1e-3_25x/TF1e-3_25x.rep1.bam.bai
[W::hts_idx_load3] The index file is older than the data file: /bip7_disk/pingting114/mixed_bam/COLO829_PAO/TF1e-3_25x/TF1e-3_25x.rep1.bam.bai
[W::hts_idx_load3] The index file is older than the data file: /bip7_disk/pingting114/mixed_bam/COLO829_PAO/TF1e-3_25x/TF1e-3_25x.rep1.bam.bai
[W::hts_idx_load3] The index file is older than the data file: /bip7_disk/pingting114/mixed_bam/COLO829_PAO/TF1e-3_25x/TF1e-3_25x.rep1.bam.bai
[W::hts_idx_load3] The index file is older than the data file: /bip7_disk/pingting114/mixed_bam/COLO829_PAO/TF1e-3_25x/TF1e-3_25x.rep1.bam.bai
[W::hts_idx_load3] The index file is older than the data file: /bip7_disk/pingting114/mixed_bam/COLO829_PAO/TF1e-3_25x/TF1e-3_25x.rep1.bam.bai
[E::bam_parse_basemod2] 0f091442-fffc-44d2-84a0-c54aec90d39f: MM tag refers to bases beyond sequence length
[W::hts_idx_load3] The index file is older than the data file: /bip7_disk/pingting114/mixed_bam/COLO829_PAO/TF1e-3_25x/TF1e-3_25x.rep1.bam.bai
[W::hts_idx_load3] The index file is older than the data file: /bip7_disk/pingting114/mixed_bam/COLO829_PAO/TF1e-3_25x/TF1e-3_25x.rep1.bam.bai
[W::hts_idx_load3] The index file is older than the data file: /bip7_disk/pingting114/mixed_bam/COLO829_PAO/TF1e-3_25x/TF1e-3_25x.rep1.bam.bai
[W::hts_idx_load3] The index file is older than the data file: /bip7_disk/pingting114/mixed_bam/COLO829_PAO/TF1e-3_25x/TF1e-3_25x.rep1.bam.bai
[W::hts_idx_load3] The index file is older than the data file: /bip7_disk/pingting114/mixed_bam/COLO829_PAO/TF1e-3_25x/TF1e-3_25x.rep1.bam.bai
[W::hts_idx_load3] The index file is older than the data file: /bip7_disk/pingting114/mixed_bam/COLO829_PAO/TF1e-3_25x/TF1e-3_25x.rep1.bam.bai
[W::hts_idx_load3] The index file is older than the data file: /bip7_disk/pingting114/mixed_bam/COLO829_PAO/TF1e-3_25x/TF1e-3_25x.rep1.bam.bai
[W::hts_idx_load3] The index file is older than the data file: /bip7_disk/pingting114/mixed_bam/COLO829_PAO/TF1e-3_25x/TF1e-3_25x.rep1.bam.bai
[W::hts_idx_load3] The index file is older than the data file: /bip7_disk/pingting114/mixed_bam/COLO829_PAO/TF1e-3_25x/TF1e-3_25x.rep1.bam.bai
[W::hts_idx_load3] The index file is older than the data file: /bip7_disk/pingting114/mixed_bam/COLO829_PAO/TF1e-3_25x/TF1e-3_25x.rep1.bam.bai
[W::hts_idx_load3] The index file is older than the data file: /bip7_disk/pingting114/mixed_bam/COLO829_PAO/TF1e-3_25x/TF1e-3_25x.rep1.bam.bai
[E::bam_parse_basemod2] e849b26f-b4fd-4d23-b6be-ba8e4e7968ec: MM tag refers to bases beyond sequence length
[W::hts_idx_load3] The index file is older than the data file: /bip7_disk/pingting114/mixed_bam/COLO829_PAO/TF1e-3_25x/TF1e-3_25x.rep1.bam.bai
[W::hts_idx_load3] The index file is older than the data file: /bip7_disk/pingting114/mixed_bam/COLO829_PAO/TF1e-3_25x/TF1e-3_25x.rep1.bam.bai
[W::hts_idx_load3] The index file is older than the data file: /bip7_disk/pingting114/mixed_bam/COLO829_PAO/TF1e-3_25x/TF1e-3_25x.rep1.bam.bai
[E::bam_parse_basemod2] 2f7c7424-8024-4847-97da-ec9a24c3f575: MM tag refers to bases beyond sequence length
[W::hts_idx_load3] The index file is older than the data file: /bip7_disk/pingting114/mixed_bam/COLO829_PAO/TF1e-3_25x/TF1e-3_25x.rep1.bam.bai
[W::hts_idx_load3] The index file is older than the data file: /bip7_disk/pingting114/mixed_bam/COLO829_PAO/TF1e-3_25x/TF1e-3_25x.rep1.bam.bai
[W::hts_idx_load3] The index file is older than the data file: /bip7_disk/pingting114/mixed_bam/COLO829_PAO/TF1e-3_25x/TF1e-3_25x.rep1.bam.bai
[W::hts_idx_load3] The index file is older than the data file: /bip7_disk/pingting114/mixed_bam/COLO829_PAO/TF1e-3_25x/TF1e-3_25x.rep1.bam.bai
[W::hts_idx_load3] The index file is older than the data file: /bip7_disk/pingting114/mixed_bam/COLO829_PAO/TF1e-3_25x/TF1e-3_25x.rep1.bam.bai
[W::hts_idx_load3] The index file is older than the data file: /bip7_disk/pingting114/mixed_bam/COLO829_PAO/TF1e-3_25x/TF1e-3_25x.rep1.bam.bai
[W::hts_idx_load3] The index file is older than the data file: /bip7_disk/pingting114/mixed_bam/COLO829_PAO/TF1e-3_25x/TF1e-3_25x.rep1.bam.bai
[W::hts_idx_load3] The index file is older than the data file: /bip7_disk/pingting114/mixed_bam/COLO829_PAO/TF1e-3_25x/TF1e-3_25x.rep1.bam.bai
[W::hts_idx_load3] The index file is older than the data file: /bip7_disk/pingting114/mixed_bam/COLO829_PAO/TF1e-3_25x/TF1e-3_25x.rep1.bam.bai
[W::hts_idx_load3] The index file is older than the data file: /bip7_disk/pingting114/mixed_bam/COLO829_PAO/TF1e-3_25x/TF1e-3_25x.rep1.bam.bai
[W::hts_idx_load3] The index file is older than the data file: /bip7_disk/pingting114/mixed_bam/COLO829_PAO/TF1e-3_25x/TF1e-3_25x.rep1.bam.bai
[W::hts_idx_load3] The index file is older than the data file: /bip7_disk/pingting114/mixed_bam/COLO829_PAO/TF1e-3_25x/TF1e-3_25x.rep1.bam.bai
[W::hts_idx_load3] The index file is older than the data file: /bip7_disk/pingting114/mixed_bam/COLO829_PAO/TF1e-3_25x/TF1e-3_25x.rep1.bam.bai
[W::hts_idx_load3] The index file is older than the data file: /bip7_disk/pingting114/mixed_bam/COLO829_PAO/TF1e-3_25x/TF1e-3_25x.rep1.bam.bai
[W::hts_idx_load3] The index file is older than the data file: /bip7_disk/pingting114/mixed_bam/COLO829_PAO/TF1e-3_25x/TF1e-3_25x.rep1.bam.bai
[E::bam_parse_basemod2] 364e67f2-e024-4a21-bb12-ba014d873611: MM tag refers to bases beyond sequence length
[W::hts_idx_load3] The index file is older than the data file: /bip7_disk/pingting114/mixed_bam/COLO829_PAO/TF1e-3_25x/TF1e-3_25x.rep1.bam.bai
[E::bam_parse_basemod2] 431b1afe-69b2-489d-9d7a-e64243f64b01: MM tag refers to bases beyond sequence length
[W::hts_idx_load3] The index file is older than the data file: /bip7_disk/pingting114/mixed_bam/COLO829_PAO/TF1e-3_25x/TF1e-3_25x.rep1.bam.bai
[W::hts_idx_load3] The index file is older than the data file: /bip7_disk/pingting114/mixed_bam/COLO829_PAO/TF1e-3_25x/TF1e-3_25x.rep1.bam.bai
[W::hts_idx_load3] The index file is older than the data file: /bip7_disk/pingting114/mixed_bam/COLO829_PAO/TF1e-3_25x/TF1e-3_25x.rep1.bam.bai
[W::hts_idx_load3] The index file is older than the data file: /bip7_disk/pingting114/mixed_bam/COLO829_PAO/TF1e-3_25x/TF1e-3_25x.rep1.bam.bai
[W::hts_idx_load3] The index file is older than the data file: /bip7_disk/pingting114/mixed_bam/COLO829_PAO/TF1e-3_25x/TF1e-3_25x.rep1.bam.bai
[W::bam_next_basemod] MM tag refers to bases beyond sequence length
[W::hts_idx_load3] The index file is older than the data file: /bip7_disk/pingting114/mixed_bam/COLO829_PAO/TF1e-3_25x/TF1e-3_25x.rep1.bam.bai
[W::hts_idx_load3] The index file is older than the data file: /bip7_disk/pingting114/mixed_bam/COLO829_PAO/TF1e-3_25x/TF1e-3_25x.rep1.bam.bai
[W::hts_idx_load3] The index file is older than the data file: /bip7_disk/pingting114/mixed_bam/COLO829_PAO/TF1e-3_25x/TF1e-3_25x.rep1.bam.bai
[W::hts_idx_load3] The index file is older than the data file: /bip7_disk/pingting114/mixed_bam/COLO829_PAO/TF1e-3_25x/TF1e-3_25x.rep1.bam.bai
[W::bam_next_basemod] MM tag refers to bases beyond sequence length
[W::hts_idx_load3] The index file is older than the data file: /bip7_disk/pingting114/mixed_bam/COLO829_PAO/TF1e-3_25x/TF1e-3_25x.rep1.bam.bai
[W::bam_next_basemod] MM tag refers to bases beyond sequence length
[W::bam_next_basemod] MM tag refers to bases beyond sequence length
[W::hts_idx_load3] The index file is older than the data file: /bip7_disk/pingting114/mixed_bam/COLO829_PAO/TF1e-3_25x/TF1e-3_25x.rep1.bam.bai
[W::hts_idx_load3] The index file is older than the data file: /bip7_disk/pingting114/mixed_bam/COLO829_PAO/TF1e-3_25x/TF1e-3_25x.rep1.bam.bai
[W::hts_idx_load3] The index file is older than the data file: /bip7_disk/pingting114/mixed_bam/COLO829_PAO/TF1e-3_25x/TF1e-3_25x.rep1.bam.bai
[W::hts_idx_load3] The index file is older than the data file: /bip7_disk/pingting114/mixed_bam/COLO829_PAO/TF1e-3_25x/TF1e-3_25x.rep1.bam.bai
[W::hts_idx_load3] The index file is older than the data file: /bip7_disk/pingting114/mixed_bam/COLO829_PAO/TF1e-3_25x/TF1e-3_25x.rep1.bam.bai
[W::hts_idx_load3] The index file is older than the data file: /bip7_disk/pingting114/mixed_bam/COLO829_PAO/TF1e-3_25x/TF1e-3_25x.rep1.bam.bai
[W::hts_idx_load3] The index file is older than the data file: /bip7_disk/pingting114/mixed_bam/COLO829_PAO/TF1e-3_25x/TF1e-3_25x.rep1.bam.bai
[W::hts_idx_load3] The index file is older than the data file: /bip7_disk/pingting114/mixed_bam/COLO829_PAO/TF1e-3_25x/TF1e-3_25x.rep1.bam.bai
[W::hts_idx_load3] The index file is older than the data file: /bip7_disk/pingting114/mixed_bam/COLO829_PAO/TF1e-3_25x/TF1e-3_25x.rep1.bam.bai
[W::bam_next_basemod] MM tag refers to bases beyond sequence length
[W::hts_idx_load3] The index file is older than the data file: /bip7_disk/pingting114/mixed_bam/COLO829_PAO/TF1e-3_25x/TF1e-3_25x.rep1.bam.bai
[W::hts_idx_load3] The index file is older than the data file: /bip7_disk/pingting114/mixed_bam/COLO829_PAO/TF1e-3_25x/TF1e-3_25x.rep1.bam.bai
[E::bam_parse_basemod2] 56e198b2-f4f6-4b17-b50b-589e7edcc43d: MM tag refers to bases beyond sequence length
[E::bam_parse_basemod2] 1bda2d21-229e-4c7a-b8a6-e5dfc4cf870e: MM tag refers to bases beyond sequence length
[W::hts_idx_load3] The index file is older than the data file: /bip7_disk/pingting114/mixed_bam/COLO829_PAO/TF1e-3_25x/TF1e-3_25x.rep1.bam.bai
[W::hts_idx_load3] The index file is older than the data file: /bip7_disk/pingting114/mixed_bam/COLO829_PAO/TF1e-3_25x/TF1e-3_25x.rep1.bam.bai
[W::bam_next_basemod] MM tag refers to bases beyond sequence length
[W::hts_idx_load3] The index file is older than the data file: /bip7_disk/pingting114/mixed_bam/COLO829_PAO/TF1e-3_25x/TF1e-3_25x.rep1.bam.bai
[W::hts_idx_load3] The index file is older than the data file: /bip7_disk/pingting114/mixed_bam/COLO829_PAO/TF1e-3_25x/TF1e-3_25x.rep1.bam.bai
[W::hts_idx_load3] The index file is older than the data file: /bip7_disk/pingting114/mixed_bam/COLO829_PAO/TF1e-3_25x/TF1e-3_25x.rep1.bam.bai
[W::hts_idx_load3] The index file is older than the data file: /bip7_disk/pingting114/mixed_bam/COLO829_PAO/TF1e-3_25x/TF1e-3_25x.rep1.bam.bai
[W::hts_idx_load3] The index file is older than the data file: /bip7_disk/pingting114/mixed_bam/COLO829_PAO/TF1e-3_25x/TF1e-3_25x.rep1.bam.bai
[W::hts_idx_load3] The index file is older than the data file: /bip7_disk/pingting114/mixed_bam/COLO829_PAO/TF1e-3_25x/TF1e-3_25x.rep1.bam.bai
[W::hts_idx_load3] The index file is older than the data file: /bip7_disk/pingting114/mixed_bam/COLO829_PAO/TF1e-3_25x/TF1e-3_25x.rep1.bam.bai
[W::hts_idx_load3] The index file is older than the data file: /bip7_disk/pingting114/mixed_bam/COLO829_PAO/TF1e-3_25x/TF1e-3_25x.rep1.bam.bai
[W::hts_idx_load3] The index file is older than the data file: /bip7_disk/pingting114/mixed_bam/COLO829_PAO/TF1e-3_25x/TF1e-3_25x.rep1.bam.bai
[W::hts_idx_load3] The index file is older than the data file: /bip7_disk/pingting114/mixed_bam/COLO829_PAO/TF1e-3_25x/TF1e-3_25x.rep1.bam.bai
[W::hts_idx_load3] The index file is older than the data file: /bip7_disk/pingting114/mixed_bam/COLO829_PAO/TF1e-3_25x/TF1e-3_25x.rep1.bam.bai
[W::hts_idx_load3] The index file is older than the data file: /bip7_disk/pingting114/mixed_bam/COLO829_PAO/TF1e-3_25x/TF1e-3_25x.rep1.bam.bai
[W::hts_idx_load3] The index file is older than the data file: /bip7_disk/pingting114/mixed_bam/COLO829_PAO/TF1e-3_25x/TF1e-3_25x.rep1.bam.bai
[W::bam_next_basemod] MM tag refers to bases beyond sequence length
[W::hts_idx_load3] The index file is older than the data file: /bip7_disk/pingting114/mixed_bam/COLO829_PAO/TF1e-3_25x/TF1e-3_25x.rep1.bam.bai
[W::hts_idx_load3] The index file is older than the data file: /bip7_disk/pingting114/mixed_bam/COLO829_PAO/TF1e-3_25x/TF1e-3_25x.rep1.bam.bai
[W::hts_idx_load3] The index file is older than the data file: /bip7_disk/pingting114/mixed_bam/COLO829_PAO/TF1e-3_25x/TF1e-3_25x.rep1.bam.bai
[W::hts_idx_load3] The index file is older than the data file: /bip7_disk/pingting114/mixed_bam/COLO829_PAO/TF1e-3_25x/TF1e-3_25x.rep1.bam.bai
[W::hts_idx_load3] The index file is older than the data file: /bip7_disk/pingting114/mixed_bam/COLO829_PAO/TF1e-3_25x/TF1e-3_25x.rep1.bam.bai
[W::hts_idx_load3] The index file is older than the data file: /bip7_disk/pingting114/mixed_bam/COLO829_PAO/TF1e-3_25x/TF1e-3_25x.rep1.bam.bai
[W::bam_next_basemod] MM tag refers to bases beyond sequence length
[E::bam_parse_basemod2] f3a8b218-b619-4988-8e56-0fd9d8224991: MM tag refers to bases beyond sequence length
[W::hts_idx_load3] The index file is older than the data file: /bip7_disk/pingting114/mixed_bam/COLO829_PAO/TF1e-3_25x/TF1e-3_25x.rep1.bam.bai
[W::hts_idx_load3] The index file is older than the data file: /bip7_disk/pingting114/mixed_bam/COLO829_PAO/TF1e-3_25x/TF1e-3_25x.rep1.bam.bai
[W::hts_idx_load3] The index file is older than the data file: /bip7_disk/pingting114/mixed_bam/COLO829_PAO/TF1e-3_25x/TF1e-3_25x.rep1.bam.bai
[W::hts_idx_load3] The index file is older than the data file: /bip7_disk/pingting114/mixed_bam/COLO829_PAO/TF1e-3_25x/TF1e-3_25x.rep1.bam.bai
[W::hts_idx_load3] The index file is older than the data file: /bip7_disk/pingting114/mixed_bam/COLO829_PAO/TF1e-3_25x/TF1e-3_25x.rep1.bam.bai
[W::hts_idx_load3] The index file is older than the data file: /bip7_disk/pingting114/mixed_bam/COLO829_PAO/TF1e-3_25x/TF1e-3_25x.rep1.bam.bai
[W::hts_idx_load3] The index file is older than the data file: /bip7_disk/pingting114/mixed_bam/COLO829_PAO/TF1e-3_25x/TF1e-3_25x.rep1.bam.bai
[W::hts_idx_load3] The index file is older than the data file: /bip7_disk/pingting114/mixed_bam/COLO829_PAO/TF1e-3_25x/TF1e-3_25x.rep1.bam.bai
[W::hts_idx_load3] The index file is older than the data file: /bip7_disk/pingting114/mixed_bam/COLO829_PAO/TF1e-3_25x/TF1e-3_25x.rep1.bam.bai
[W::hts_idx_load3] The index file is older than the data file: /bip7_disk/pingting114/mixed_bam/COLO829_PAO/TF1e-3_25x/TF1e-3_25x.rep1.bam.bai
[W::bam_next_basemod] MM tag refers to bases beyond sequence length
[W::hts_idx_load3] The index file is older than the data file: /bip7_disk/pingting114/mixed_bam/COLO829_PAO/TF1e-3_25x/TF1e-3_25x.rep1.bam.bai
[W::hts_idx_load3] The index file is older than the data file: /bip7_disk/pingting114/mixed_bam/COLO829_PAO/TF1e-3_25x/TF1e-3_25x.rep1.bam.bai
[W::hts_idx_load3] The index file is older than the data file: /bip7_disk/pingting114/mixed_bam/COLO829_PAO/TF1e-3_25x/TF1e-3_25x.rep1.bam.bai
[E::bam_parse_basemod2] ac420ad3-20e7-4c4c-a9fa-ad6a3b791c8a: MM tag refers to bases beyond sequence length
[W::hts_idx_load3] The index file is older than the data file: /bip7_disk/pingting114/mixed_bam/COLO829_PAO/TF1e-3_25x/TF1e-3_25x.rep1.bam.bai
[W::hts_idx_load3] The index file is older than the data file: /bip7_disk/pingting114/mixed_bam/COLO829_PAO/TF1e-3_25x/TF1e-3_25x.rep1.bam.bai
[W::hts_idx_load3] The index file is older than the data file: /bip7_disk/pingting114/mixed_bam/COLO829_PAO/TF1e-3_25x/TF1e-3_25x.rep1.bam.bai
[W::hts_idx_load3] The index file is older than the data file: /bip7_disk/pingting114/mixed_bam/COLO829_PAO/TF1e-3_25x/TF1e-3_25x.rep1.bam.bai
[W::hts_idx_load3] The index file is older than the data file: /bip7_disk/pingting114/mixed_bam/COLO829_PAO/TF1e-3_25x/TF1e-3_25x.rep1.bam.bai
[W::hts_idx_load3] The index file is older than the data file: /bip7_disk/pingting114/mixed_bam/COLO829_PAO/TF1e-3_25x/TF1e-3_25x.rep1.bam.bai
[W::hts_idx_load3] The index file is older than the data file: /bip7_disk/pingting114/mixed_bam/COLO829_PAO/TF1e-3_25x/TF1e-3_25x.rep1.bam.bai
[W::bam_next_basemod] MM tag refers to bases beyond sequence length
[W::hts_idx_load3] The index file is older than the data file: /bip7_disk/pingting114/mixed_bam/COLO829_PAO/TF1e-3_25x/TF1e-3_25x.rep1.bam.bai
[W::bam_next_basemod] MM tag refers to bases beyond sequence length
[W::hts_idx_load3] The index file is older than the data file: /bip7_disk/pingting114/mixed_bam/COLO829_PAO/TF1e-3_25x/TF1e-3_25x.rep1.bam.bai
[W::hts_idx_load3] The index file is older than the data file: /bip7_disk/pingting114/mixed_bam/COLO829_PAO/TF1e-3_25x/TF1e-3_25x.rep1.bam.bai
[W::hts_idx_load3] The index file is older than the data file: /bip7_disk/pingting114/mixed_bam/COLO829_PAO/TF1e-3_25x/TF1e-3_25x.rep1.bam.bai
[W::hts_idx_load3] The index file is older than the data file: /bip7_disk/pingting114/mixed_bam/COLO829_PAO/TF1e-3_25x/TF1e-3_25x.rep1.bam.bai
[W::hts_idx_load3] The index file is older than the data file: /bip7_disk/pingting114/mixed_bam/COLO829_PAO/TF1e-3_25x/TF1e-3_25x.rep1.bam.bai
[W::hts_idx_load3] The index file is older than the data file: /bip7_disk/pingting114/mixed_bam/COLO829_PAO/TF1e-3_25x/TF1e-3_25x.rep1.bam.bai
[W::hts_idx_load3] The index file is older than the data file: /bip7_disk/pingting114/mixed_bam/COLO829_PAO/TF1e-3_25x/TF1e-3_25x.rep1.bam.bai
[W::hts_idx_load3] The index file is older than the data file: /bip7_disk/pingting114/mixed_bam/COLO829_PAO/TF1e-3_25x/TF1e-3_25x.rep1.bam.bai
[W::bam_next_basemod] MM tag refers to bases beyond sequence length
[W::hts_idx_load3] The index file is older than the data file: /bip7_disk/pingting114/mixed_bam/COLO829_PAO/TF1e-3_25x/TF1e-3_25x.rep1.bam.bai
[W::hts_idx_load3] The index file is older than the data file: /bip7_disk/pingting114/mixed_bam/COLO829_PAO/TF1e-3_25x/TF1e-3_25x.rep1.bam.bai
[W::hts_idx_load3] The index file is older than the data file: /bip7_disk/pingting114/mixed_bam/COLO829_PAO/TF1e-3_25x/TF1e-3_25x.rep1.bam.bai
[E::bam_parse_basemod2] 7edf6a25-6b79-42ff-98fc-a505ec41e02c: MM tag refers to bases beyond sequence length
[W::hts_idx_load3] The index file is older than the data file: /bip7_disk/pingting114/mixed_bam/COLO829_PAO/TF1e-3_25x/TF1e-3_25x.rep1.bam.bai
[W::bam_next_basemod] MM tag refers to bases beyond sequence length
[W::hts_idx_load3] The index file is older than the data file: /bip7_disk/pingting114/mixed_bam/COLO829_PAO/TF1e-3_25x/TF1e-3_25x.rep1.bam.bai
[W::hts_idx_load3] The index file is older than the data file: /bip7_disk/pingting114/mixed_bam/COLO829_PAO/TF1e-3_25x/TF1e-3_25x.rep1.bam.bai
[E::bam_parse_basemod2] 9fb9762f-fa9b-4cf2-8b6e-12a5f4543a37: MM tag refers to bases beyond sequence length
[W::hts_idx_load3] The index file is older than the data file: /bip7_disk/pingting114/mixed_bam/COLO829_PAO/TF1e-3_25x/TF1e-3_25x.rep1.bam.bai
[W::hts_idx_load3] The index file is older than the data file: /bip7_disk/pingting114/mixed_bam/COLO829_PAO/TF1e-3_25x/TF1e-3_25x.rep1.bam.bai
[W::hts_idx_load3] The index file is older than the data file: /bip7_disk/pingting114/mixed_bam/COLO829_PAO/TF1e-3_25x/TF1e-3_25x.rep1.bam.bai
[W::hts_idx_load3] The index file is older than the data file: /bip7_disk/pingting114/mixed_bam/COLO829_PAO/TF1e-3_25x/TF1e-3_25x.rep1.bam.bai
[E::bam_parse_basemod2] 4bcf0b5b-938d-496d-95c5-9c6833af251f: MM tag refers to bases beyond sequence length
[W::hts_idx_load3] The index file is older than the data file: /bip7_disk/pingting114/mixed_bam/COLO829_PAO/TF1e-3_25x/TF1e-3_25x.rep1.bam.bai
[E::bam_parse_basemod2] 2d5bf261-b278-4ff9-8e04-6300441c620e: MM tag refers to bases beyond sequence length
[W::hts_idx_load3] The index file is older than the data file: /bip7_disk/pingting114/mixed_bam/COLO829_PAO/TF1e-3_25x/TF1e-3_25x.rep1.bam.bai
[E::bam_parse_basemod2] bcc85f5e-7e54-4f6d-b22a-be3b478ce355: MM tag refers to bases beyond sequence length
[W::bam_next_basemod] MM tag refers to bases beyond sequence length
[W::hts_idx_load3] The index file is older than the data file: /bip7_disk/pingting114/mixed_bam/COLO829_PAO/TF1e-3_25x/TF1e-3_25x.rep1.bam.bai
[W::hts_idx_load3] The index file is older than the data file: /bip7_disk/pingting114/mixed_bam/COLO829_PAO/TF1e-3_25x/TF1e-3_25x.rep1.bam.bai
[W::hts_idx_load3] The index file is older than the data file: /bip7_disk/pingting114/mixed_bam/COLO829_PAO/TF1e-3_25x/TF1e-3_25x.rep1.bam.bai
[W::hts_idx_load3] The index file is older than the data file: /bip7_disk/pingting114/mixed_bam/COLO829_PAO/TF1e-3_25x/TF1e-3_25x.rep1.bam.bai
[W::bam_next_basemod] MM tag refers to bases beyond sequence length
[E::bam_parse_basemod2] 3a73505a-35af-4f79-9b41-1809fc0878e6: MM tag refers to bases beyond sequence length
[W::bam_next_basemod] MM tag refers to bases beyond sequence length
[W::hts_idx_load3] The index file is older than the data file: /bip7_disk/pingting114/mixed_bam/COLO829_PAO/TF1e-3_25x/TF1e-3_25x.rep1.bam.bai
[W::hts_idx_load3] The index file is older than the data file: /bip7_disk/pingting114/mixed_bam/COLO829_PAO/TF1e-3_25x/TF1e-3_25x.rep1.bam.bai
[W::hts_idx_load3] The index file is older than the data file: /bip7_disk/pingting114/mixed_bam/COLO829_PAO/TF1e-3_25x/TF1e-3_25x.rep1.bam.bai
[W::hts_idx_load3] The index file is older than the data file: /bip7_disk/pingting114/mixed_bam/COLO829_PAO/TF1e-3_25x/TF1e-3_25x.rep1.bam.bai
[W::hts_idx_load3] The index file is older than the data file: /bip7_disk/pingting114/mixed_bam/COLO829_PAO/TF1e-3_25x/TF1e-3_25x.rep1.bam.bai
[W::hts_idx_load3] The index file is older than the data file: /bip7_disk/pingting114/mixed_bam/COLO829_PAO/TF1e-3_25x/TF1e-3_25x.rep1.bam.bai
[W::hts_idx_load3] The index file is older than the data file: /bip7_disk/pingting114/mixed_bam/COLO829_PAO/TF1e-3_25x/TF1e-3_25x.rep1.bam.bai
[W::hts_idx_load3] The index file is older than the data file: /bip7_disk/pingting114/mixed_bam/COLO829_PAO/TF1e-3_25x/TF1e-3_25x.rep1.bam.bai
[W::hts_idx_load3] The index file is older than the data file: /bip7_disk/pingting114/mixed_bam/COLO829_PAO/TF1e-3_25x/TF1e-3_25x.rep1.bam.bai
[W::hts_idx_load3] The index file is older than the data file: /bip7_disk/pingting114/mixed_bam/COLO829_PAO/TF1e-3_25x/TF1e-3_25x.rep1.bam.bai
[W::hts_idx_load3] The index file is older than the data file: /bip7_disk/pingting114/mixed_bam/COLO829_PAO/TF1e-3_25x/TF1e-3_25x.rep1.bam.bai
[E::bam_parse_basemod2] fca6a8cb-cdd1-494b-b62c-27e2bf4fb5a4: MM tag refers to bases beyond sequence length
[W::bam_next_basemod] MM tag refers to bases beyond sequence length
[W::hts_idx_load3] The index file is older than the data file: /bip7_disk/pingting114/mixed_bam/COLO829_PAO/TF1e-3_25x/TF1e-3_25x.rep1.bam.bai
[W::hts_idx_load3] The index file is older than the data file: /bip7_disk/pingting114/mixed_bam/COLO829_PAO/TF1e-3_25x/TF1e-3_25x.rep1.bam.bai
[E::bam_parse_basemod2] a5552d75-7c1c-483e-98b4-828a4531fcf8: MM tag refers to bases beyond sequence length
[W::hts_idx_load3] The index file is older than the data file: /bip7_disk/pingting114/mixed_bam/COLO829_PAO/TF1e-3_25x/TF1e-3_25x.rep1.bam.bai
[W::hts_idx_load3] The index file is older than the data file: /bip7_disk/pingting114/mixed_bam/COLO829_PAO/TF1e-3_25x/TF1e-3_25x.rep1.bam.bai
[W::hts_idx_load3] The index file is older than the data file: /bip7_disk/pingting114/mixed_bam/COLO829_PAO/TF1e-3_25x/TF1e-3_25x.rep1.bam.bai
[W::hts_idx_load3] The index file is older than the data file: /bip7_disk/pingting114/mixed_bam/COLO829_PAO/TF1e-3_25x/TF1e-3_25x.rep1.bam.bai
[W::hts_idx_load3] The index file is older than the data file: /bip7_disk/pingting114/mixed_bam/COLO829_PAO/TF1e-3_25x/TF1e-3_25x.rep1.bam.bai
[W::hts_idx_load3] The index file is older than the data file: /bip7_disk/pingting114/mixed_bam/COLO829_PAO/TF1e-3_25x/TF1e-3_25x.rep1.bam.bai
[W::hts_idx_load3] The index file is older than the data file: /bip7_disk/pingting114/mixed_bam/COLO829_PAO/TF1e-3_25x/TF1e-3_25x.rep1.bam.bai
[W::hts_idx_load3] The index file is older than the data file: /bip7_disk/pingting114/mixed_bam/COLO829_PAO/TF1e-3_25x/TF1e-3_25x.rep1.bam.bai
[W::hts_idx_load3] The index file is older than the data file: /bip7_disk/pingting114/mixed_bam/COLO829_PAO/TF1e-3_25x/TF1e-3_25x.rep1.bam.bai
[W::hts_idx_load3] The index file is older than the data file: /bip7_disk/pingting114/mixed_bam/COLO829_PAO/TF1e-3_25x/TF1e-3_25x.rep1.bam.bai
[W::hts_idx_load3] The index file is older than the data file: /bip7_disk/pingting114/mixed_bam/COLO829_PAO/TF1e-3_25x/TF1e-3_25x.rep1.bam.bai
[W::hts_idx_load3] The index file is older than the data file: /bip7_disk/pingting114/mixed_bam/COLO829_PAO/TF1e-3_25x/TF1e-3_25x.rep1.bam.bai
[W::hts_idx_load3] The index file is older than the data file: /bip7_disk/pingting114/mixed_bam/COLO829_PAO/TF1e-3_25x/TF1e-3_25x.rep1.bam.bai
[W::hts_idx_load3] The index file is older than the data file: /bip7_disk/pingting114/mixed_bam/COLO829_PAO/TF1e-3_25x/TF1e-3_25x.rep1.bam.bai
[W::hts_idx_load3] The index file is older than the data file: /bip7_disk/pingting114/mixed_bam/COLO829_PAO/TF1e-3_25x/TF1e-3_25x.rep1.bam.bai
[E::bam_parse_basemod2] 6d5a454b-1ed5-47b6-96b4-4261e664c2ad: MM tag refers to bases beyond sequence length
[W::hts_idx_load3] The index file is older than the data file: /bip7_disk/pingting114/mixed_bam/COLO829_PAO/TF1e-3_25x/TF1e-3_25x.rep1.bam.bai
[W::hts_idx_load3] The index file is older than the data file: /bip7_disk/pingting114/mixed_bam/COLO829_PAO/TF1e-3_25x/TF1e-3_25x.rep1.bam.bai
[W::hts_idx_load3] The index file is older than the data file: /bip7_disk/pingting114/mixed_bam/COLO829_PAO/TF1e-3_25x/TF1e-3_25x.rep1.bam.bai
[W::bam_next_basemod] MM tag refers to bases beyond sequence length
[E::bam_parse_basemod2] 5a463cf3-71b6-4937-8bd2-4730ee761cff: MM tag refers to bases beyond sequence length
[W::hts_idx_load3] The index file is older than the data file: /bip7_disk/pingting114/mixed_bam/COLO829_PAO/TF1e-3_25x/TF1e-3_25x.rep1.bam.bai
[W::hts_idx_load3] The index file is older than the data file: /bip7_disk/pingting114/mixed_bam/COLO829_PAO/TF1e-3_25x/TF1e-3_25x.rep1.bam.bai
[W::hts_idx_load3] The index file is older than the data file: /bip7_disk/pingting114/mixed_bam/COLO829_PAO/TF1e-3_25x/TF1e-3_25x.rep1.bam.bai
[W::hts_idx_load3] The index file is older than the data file: /bip7_disk/pingting114/mixed_bam/COLO829_PAO/TF1e-3_25x/TF1e-3_25x.rep1.bam.bai
[W::hts_idx_load3] The index file is older than the data file: /bip7_disk/pingting114/mixed_bam/COLO829_PAO/TF1e-3_25x/TF1e-3_25x.rep1.bam.bai
[W::hts_idx_load3] The index file is older than the data file: /bip7_disk/pingting114/mixed_bam/COLO829_PAO/TF1e-3_25x/TF1e-3_25x.rep1.bam.bai
DONE /bip7_disk/pingting114/mixed_bam/COLO829_PAO/TF1e-3_25x/TF1e-3_25x.rep1.bam -> execution/raw/COLO829_TF1e-3_rep1.json
