[W::hts_idx_load3] The index file is older than the data file: /bip7_disk/pingting114/mixed_bam/COLO829_PAO/TF0_25x/TF0_25x.rep5.bam.bai
[W::hts_idx_load3] The index file is older than the data file: /bip7_disk/pingting114/mixed_bam/COLO829_PAO/TF0_25x/TF0_25x.rep5.bam.bai
  TF0_25x.rep5.bam cand 0/4000
[W::hts_idx_load3] The index file is older than the data file: /bip7_disk/pingting114/mixed_bam/COLO829_PAO/TF0_25x/TF0_25x.rep5.bam.bai
[W::bam_next_basemod] MM tag refers to bases beyond sequence length
[W::hts_idx_load3] The index file is older than the data file: /bip7_disk/pingting114/mixed_bam/COLO829_PAO/TF0_25x/TF0_25x.rep5.bam.bai
[W::hts_idx_load3] The index file is older than the data file: /bip7_disk/pingting114/mixed_bam/COLO829_PAO/TF0_25x/TF0_25x.rep5.bam.bai
[W::bam_next_basemod] MM tag refers to bases beyond sequence length
[W::hts_idx_load3] The index file is older than the data file: /bip7_disk/pingting114/mixed_bam/COLO829_PAO/TF0_25x/TF0_25x.rep5.bam.bai
[W::hts_idx_load3] The index file is older than the data file: /bip7_disk/pingting114/mixed_bam/COLO829_PAO/TF0_25x/TF0_25x.rep5.bam.bai
[W::bam_next_basemod] MM tag refers to bases beyond sequence length
[W::hts_idx_load3] The index file is older than the data file: /bip7_disk/pingting114/mixed_bam/COLO829_PAO/TF0_25x/TF0_25x.rep5.bam.bai
[W::hts_idx_load3] The index file is older than the data file: /bip7_disk/pingting114/mixed_bam/COLO829_PAO/TF0_25x/TF0_25x.rep5.bam.bai
[W::hts_idx_load3] The index file is older than the data file: /bip7_disk/pingting114/mixed_bam/COLO829_PAO/TF0_25x/TF0_25x.rep5.bam.bai
[E::bam_parse_basemod2] eb96b0ca-610d-411e-8226-509de5059ff7: MM tag refers to bases beyond sequence length
[W::hts_idx_load3] The index file is older than the data file: /bip7_disk/pingting114/mixed_bam/COLO829_PAO/TF0_25x/TF0_25x.rep5.bam.bai
[W::hts_idx_load3] The index file is older than the data file: /bip7_disk/pingting114/mixed_bam/COLO829_PAO/TF0_25x/TF0_25x.rep5.bam.bai
[W::hts_idx_load3] The index file is older than the data file: /bip7_disk/pingting114/mixed_bam/COLO829_PAO/TF0_25x/TF0_25x.rep5.bam.bai
[W::hts_idx_load3] The index file is older than the data file: /bip7_disk/pingting114/mixed_bam/COLO829_PAO/TF0_25x/TF0_25x.rep5.bam.bai
[W::hts_idx_load3] The index file is older than the data file: /bip7_disk/pingting114/mixed_bam/COLO829_PAO/TF0_25x/TF0_25x.rep5.bam.bai
[W::bam_next_basemod] MM tag refers to bases beyond sequence length
[W::hts_idx_load3] The index file is older than the data file: /bip7_disk/pingting114/mixed_bam/COLO829_PAO/TF0_25x/TF0_25x.rep5.bam.bai
[E::bam_parse_basemod2] 870de712-95e5-4bf1-b81d-3b121e26457b: MM tag refers to bases beyond sequence length
[W::hts_idx_load3] The index file is older than the data file: /bip7_disk/pingting114/mixed_bam/COLO829_PAO/TF0_25x/TF0_25x.rep5.bam.bai
[W::hts_idx_load3] The index file is older than the data file: /bip7_disk/pingting114/mixed_bam/COLO829_PAO/TF0_25x/TF0_25x.rep5.bam.bai
[W::hts_idx_load3] The index file is older than the data file: /bip7_disk/pingting114/mixed_bam/COLO829_PAO/TF0_25x/TF0_25x.rep5.bam.bai
[W::hts_idx_load3] The index file is older than the data file: /bip7_disk/pingting114/mixed_bam/COLO829_PAO/TF0_25x/TF0_25x.rep5.bam.bai
[W::hts_idx_load3] The index file is older than the data file: /bip7_disk/pingting114/mixed_bam/COLO829_PAO/TF0_25x/TF0_25x.rep5.bam.bai
[W::hts_idx_load3] The index file is older than the data file: /bip7_disk/pingting114/mixed_bam/COLO829_PAO/TF0_25x/TF0_25x.rep5.bam.bai
[W::hts_idx_load3] The index file is older than the data file: /bip7_disk/pingting114/mixed_bam/COLO829_PAO/TF0_25x/TF0_25x.rep5.bam.bai
[W::hts_idx_load3] The index file is older than the data file: /bip7_disk/pingting114/mixed_bam/COLO829_PAO/TF0_25x/TF0_25x.rep5.bam.bai
[W::hts_idx_load3] The index file is older than the data file: /bip7_disk/pingting114/mixed_bam/COLO829_PAO/TF0_25x/TF0_25x.rep5.bam.bai
[W::bam_next_basemod] MM tag refers to bases beyond sequence length
[E::bam_parse_basemod2] 4e7326d3-3d92-4710-8c3e-8af5e4235dc0: MM tag refers to bases beyond sequence length
[W::hts_idx_load3] The index file is older than the data file: /bip7_disk/pingting114/mixed_bam/COLO829_PAO/TF0_25x/TF0_25x.rep5.bam.bai
[E::bam_parse_basemod2] ba984182-c666-4cdc-a992-a76e68b761f1: MM tag refers to bases beyond sequence length
[W::hts_idx_load3] The index file is older than the data file: /bip7_disk/pingting114/mixed_bam/COLO829_PAO/TF0_25x/TF0_25x.rep5.bam.bai
[W::hts_idx_load3] The index file is older than the data file: /bip7_disk/pingting114/mixed_bam/COLO829_PAO/TF0_25x/TF0_25x.rep5.bam.bai
[W::hts_idx_load3] The index file is older than the data file: /bip7_disk/pingting114/mixed_bam/COLO829_PAO/TF0_25x/TF0_25x.rep5.bam.bai
[W::hts_idx_load3] The index file is older than the data file: /bip7_disk/pingting114/mixed_bam/COLO829_PAO/TF0_25x/TF0_25x.rep5.bam.bai
[W::hts_idx_load3] The index file is older than the data file: /bip7_disk/pingting114/mixed_bam/COLO829_PAO/TF0_25x/TF0_25x.rep5.bam.bai
[W::hts_idx_load3] The index file is older than the data file: /bip7_disk/pingting114/mixed_bam/COLO829_PAO/TF0_25x/TF0_25x.rep5.bam.bai
[E::bam_parse_basemod2] 10285f68-e4dc-4e53-bf50-d0dd4a10994a: MM tag refers to bases beyond sequence length
[W::hts_idx_load3] The index file is older than the data file: /bip7_disk/pingting114/mixed_bam/COLO829_PAO/TF0_25x/TF0_25x.rep5.bam.bai
[E::bam_parse_basemod2] 761525aa-5fee-486d-a56f-733356a820dd: MM tag refers to bases beyond sequence length
[W::hts_idx_load3] The index file is older than the data file: /bip7_disk/pingting114/mixed_bam/COLO829_PAO/TF0_25x/TF0_25x.rep5.bam.bai
[W::bam_next_basemod] MM tag refers to bases beyond sequence length
[E::bam_parse_basemod2] 07f7d373-90b1-41ff-95b9-8dc7ae597a17: MM tag refers to bases beyond sequence length
[W::hts_idx_load3] The index file is older than the data file: /bip7_disk/pingting114/mixed_bam/COLO829_PAO/TF0_25x/TF0_25x.rep5.bam.bai
[W::hts_idx_load3] The index file is older than the data file: /bip7_disk/pingting114/mixed_bam/COLO829_PAO/TF0_25x/TF0_25x.rep5.bam.bai
[W::hts_idx_load3] The index file is older than the data file: /bip7_disk/pingting114/mixed_bam/COLO829_PAO/TF0_25x/TF0_25x.rep5.bam.bai
[W::hts_idx_load3] The index file is older than the data file: /bip7_disk/pingting114/mixed_bam/COLO829_PAO/TF0_25x/TF0_25x.rep5.bam.bai
[W::hts_idx_load3] The index file is older than the data file: /bip7_disk/pingting114/mixed_bam/COLO829_PAO/TF0_25x/TF0_25x.rep5.bam.bai
[W::hts_idx_load3] The index file is older than the data file: /bip7_disk/pingting114/mixed_bam/COLO829_PAO/TF0_25x/TF0_25x.rep5.bam.bai
[W::hts_idx_load3] The index file is older than the data file: /bip7_disk/pingting114/mixed_bam/COLO829_PAO/TF0_25x/TF0_25x.rep5.bam.bai
[W::hts_idx_load3] The index file is older than the data file: /bip7_disk/pingting114/mixed_bam/COLO829_PAO/TF0_25x/TF0_25x.rep5.bam.bai
[W::hts_idx_load3] The index file is older than the data file: /bip7_disk/pingting114/mixed_bam/COLO829_PAO/TF0_25x/TF0_25x.rep5.bam.bai
[W::hts_idx_load3] The index file is older than the data file: /bip7_disk/pingting114/mixed_bam/COLO829_PAO/TF0_25x/TF0_25x.rep5.bam.bai
[W::hts_idx_load3] The index file is older than the data file: /bip7_disk/pingting114/mixed_bam/COLO829_PAO/TF0_25x/TF0_25x.rep5.bam.bai
[W::hts_idx_load3] The index file is older than the data file: /bip7_disk/pingting114/mixed_bam/COLO829_PAO/TF0_25x/TF0_25x.rep5.bam.bai
[W::hts_idx_load3] The index file is older than the data file: /bip7_disk/pingting114/mixed_bam/COLO829_PAO/TF0_25x/TF0_25x.rep5.bam.bai
[W::hts_idx_load3] The index file is older than the data file: /bip7_disk/pingting114/mixed_bam/COLO829_PAO/TF0_25x/TF0_25x.rep5.bam.bai
[W::bam_next_basemod] MM tag refers to bases beyond sequence length
[E::bam_parse_basemod2] 650f2e1a-b433-4cfe-896a-8cd5d1699253: MM tag refers to bases beyond sequence length
[E::bam_parse_basemod2] 39deee86-0691-411c-bbb1-291c8a8864a9: MM tag refers to bases beyond sequence length
[W::hts_idx_load3] The index file is older than the data file: /bip7_disk/pingting114/mixed_bam/COLO829_PAO/TF0_25x/TF0_25x.rep5.bam.bai
[W::hts_idx_load3] The index file is older than the data file: /bip7_disk/pingting114/mixed_bam/COLO829_PAO/TF0_25x/TF0_25x.rep5.bam.bai
[W::hts_idx_load3] The index file is older than the data file: /bip7_disk/pingting114/mixed_bam/COLO829_PAO/TF0_25x/TF0_25x.rep5.bam.bai
[W::hts_idx_load3] The index file is older than the data file: /bip7_disk/pingting114/mixed_bam/COLO829_PAO/TF0_25x/TF0_25x.rep5.bam.bai
[E::bam_parse_basemod2] 68015e37-5c32-45cf-b8fd-068a48796959: MM tag refers to bases beyond sequence length
[W::hts_idx_load3] The index file is older than the data file: /bip7_disk/pingting114/mixed_bam/COLO829_PAO/TF0_25x/TF0_25x.rep5.bam.bai
[W::hts_idx_load3] The index file is older than the data file: /bip7_disk/pingting114/mixed_bam/COLO829_PAO/TF0_25x/TF0_25x.rep5.bam.bai
[W::hts_idx_load3] The index file is older than the data file: /bip7_disk/pingting114/mixed_bam/COLO829_PAO/TF0_25x/TF0_25x.rep5.bam.bai
[W::hts_idx_load3] The index file is older than the data file: /bip7_disk/pingting114/mixed_bam/COLO829_PAO/TF0_25x/TF0_25x.rep5.bam.bai
[W::bam_next_basemod] MM tag refers to bases beyond sequence length
[E::bam_parse_basemod2] e5738c4c-2f82-4ac4-9416-847c86e55a09: MM tag refers to bases beyond sequence length
[W::hts_idx_load3] The index file is older than the data file: /bip7_disk/pingting114/mixed_bam/COLO829_PAO/TF0_25x/TF0_25x.rep5.bam.bai
[W::hts_idx_load3] The index file is older than the data file: /bip7_disk/pingting114/mixed_bam/COLO829_PAO/TF0_25x/TF0_25x.rep5.bam.bai
[W::hts_idx_load3] The index file is older than the data file: /bip7_disk/pingting114/mixed_bam/COLO829_PAO/TF0_25x/TF0_25x.rep5.bam.bai
[W::hts_idx_load3] The index file is older than the data file: /bip7_disk/pingting114/mixed_bam/COLO829_PAO/TF0_25x/TF0_25x.rep5.bam.bai
[W::hts_idx_load3] The index file is older than the data file: /bip7_disk/pingting114/mixed_bam/COLO829_PAO/TF0_25x/TF0_25x.rep5.bam.bai
[W::bam_next_basemod] MM tag refers to bases beyond sequence length
[E::bam_parse_basemod2] a8c2d7b9-d11e-482e-8c1f-738fb75ec33a: MM tag refers to bases beyond sequence length
[W::hts_idx_load3] The index file is older than the data file: /bip7_disk/pingting114/mixed_bam/COLO829_PAO/TF0_25x/TF0_25x.rep5.bam.bai
[W::hts_idx_load3] The index file is older than the data file: /bip7_disk/pingting114/mixed_bam/COLO829_PAO/TF0_25x/TF0_25x.rep5.bam.bai
[W::hts_idx_load3] The index file is older than the data file: /bip7_disk/pingting114/mixed_bam/COLO829_PAO/TF0_25x/TF0_25x.rep5.bam.bai
[W::hts_idx_load3] The index file is older than the data file: /bip7_disk/pingting114/mixed_bam/COLO829_PAO/TF0_25x/TF0_25x.rep5.bam.bai
[W::bam_next_basemod] MM tag refers to bases beyond sequence length
[W::hts_idx_load3] The index file is older than the data file: /bip7_disk/pingting114/mixed_bam/COLO829_PAO/TF0_25x/TF0_25x.rep5.bam.bai
[E::bam_parse_basemod2] 784acf8f-8466-4496-b1be-ccee7c30a25e: MM tag refers to bases beyond sequence length
[W::hts_idx_load3] The index file is older than the data file: /bip7_disk/pingting114/mixed_bam/COLO829_PAO/TF0_25x/TF0_25x.rep5.bam.bai
[W::hts_idx_load3] The index file is older than the data file: /bip7_disk/pingting114/mixed_bam/COLO829_PAO/TF0_25x/TF0_25x.rep5.bam.bai
[W::hts_idx_load3] The index file is older than the data file: /bip7_disk/pingting114/mixed_bam/COLO829_PAO/TF0_25x/TF0_25x.rep5.bam.bai
[W::bam_next_basemod] MM tag refers to bases beyond sequence length
[E::bam_parse_basemod2] 0587af62-93c1-4a25-a703-fed5be91e3ce: MM tag refers to bases beyond sequence length
[W::hts_idx_load3] The index file is older than the data file: /bip7_disk/pingting114/mixed_bam/COLO829_PAO/TF0_25x/TF0_25x.rep5.bam.bai
[W::hts_idx_load3] The index file is older than the data file: /bip7_disk/pingting114/mixed_bam/COLO829_PAO/TF0_25x/TF0_25x.rep5.bam.bai
[W::bam_next_basemod] MM tag refers to bases beyond sequence length
[E::bam_parse_basemod2] 4bdb11c7-153b-4fd7-bc8f-5c587ec70e0e: MM tag refers to bases beyond sequence length
[W::hts_idx_load3] The index file is older than the data file: /bip7_disk/pingting114/mixed_bam/COLO829_PAO/TF0_25x/TF0_25x.rep5.bam.bai
[E::bam_parse_basemod2] 84dea587-2454-4934-bb23-4c8ed0cfeefa: MM tag refers to bases beyond sequence length
[W::hts_idx_load3] The index file is older than the data file: /bip7_disk/pingting114/mixed_bam/COLO829_PAO/TF0_25x/TF0_25x.rep5.bam.bai
[W::hts_idx_load3] The index file is older than the data file: /bip7_disk/pingting114/mixed_bam/COLO829_PAO/TF0_25x/TF0_25x.rep5.bam.bai
[W::hts_idx_load3] The index file is older than the data file: /bip7_disk/pingting114/mixed_bam/COLO829_PAO/TF0_25x/TF0_25x.rep5.bam.bai
[E::bam_parse_basemod2] a9f0da53-99b0-4be5-a763-264ba9f760d6: MM tag refers to bases beyond sequence length
[W::hts_idx_load3] The index file is older than the data file: /bip7_disk/pingting114/mixed_bam/COLO829_PAO/TF0_25x/TF0_25x.rep5.bam.bai
[W::bam_next_basemod] MM tag refers to bases beyond sequence length
[W::hts_idx_load3] The index file is older than the data file: /bip7_disk/pingting114/mixed_bam/COLO829_PAO/TF0_25x/TF0_25x.rep5.bam.bai
[W::hts_idx_load3] The index file is older than the data file: /bip7_disk/pingting114/mixed_bam/COLO829_PAO/TF0_25x/TF0_25x.rep5.bam.bai
[W::hts_idx_load3] The index file is older than the data file: /bip7_disk/pingting114/mixed_bam/COLO829_PAO/TF0_25x/TF0_25x.rep5.bam.bai
[E::bam_parse_basemod2] 3ce68c72-7af4-42fa-8106-793a2a0acf51: MM tag refers to bases beyond sequence length
[W::bam_next_basemod] MM tag refers to bases beyond sequence length
[W::hts_idx_load3] The index file is older than the data file: /bip7_disk/pingting114/mixed_bam/COLO829_PAO/TF0_25x/TF0_25x.rep5.bam.bai
[W::bam_next_basemod] MM tag refers to bases beyond sequence length
[W::hts_idx_load3] The index file is older than the data file: /bip7_disk/pingting114/mixed_bam/COLO829_PAO/TF0_25x/TF0_25x.rep5.bam.bai
[W::hts_idx_load3] The index file is older than the data file: /bip7_disk/pingting114/mixed_bam/COLO829_PAO/TF0_25x/TF0_25x.rep5.bam.bai
[W::bam_next_basemod] MM tag refers to bases beyond sequence length
[W::hts_idx_load3] The index file is older than the data file: /bip7_disk/pingting114/mixed_bam/COLO829_PAO/TF0_25x/TF0_25x.rep5.bam.bai
[W::hts_idx_load3] The index file is older than the data file: /bip7_disk/pingting114/mixed_bam/COLO829_PAO/TF0_25x/TF0_25x.rep5.bam.bai
[W::hts_idx_load3] The index file is older than the data file: /bip7_disk/pingting114/mixed_bam/COLO829_PAO/TF0_25x/TF0_25x.rep5.bam.bai
[W::hts_idx_load3] The index file is older than the data file: /bip7_disk/pingting114/mixed_bam/COLO829_PAO/TF0_25x/TF0_25x.rep5.bam.bai
[W::hts_idx_load3] The index file is older than the data file: /bip7_disk/pingting114/mixed_bam/COLO829_PAO/TF0_25x/TF0_25x.rep5.bam.bai
[W::hts_idx_load3] The index file is older than the data file: /bip7_disk/pingting114/mixed_bam/COLO829_PAO/TF0_25x/TF0_25x.rep5.bam.bai
[W::hts_idx_load3] The index file is older than the data file: /bip7_disk/pingting114/mixed_bam/COLO829_PAO/TF0_25x/TF0_25x.rep5.bam.bai
[W::hts_idx_load3] The index file is older than the data file: /bip7_disk/pingting114/mixed_bam/COLO829_PAO/TF0_25x/TF0_25x.rep5.bam.bai
[W::bam_next_basemod] MM tag refers to bases beyond sequence length
[W::hts_idx_load3] The index file is older than the data file: /bip7_disk/pingting114/mixed_bam/COLO829_PAO/TF0_25x/TF0_25x.rep5.bam.bai
[W::hts_idx_load3] The index file is older than the data file: /bip7_disk/pingting114/mixed_bam/COLO829_PAO/TF0_25x/TF0_25x.rep5.bam.bai
[W::hts_idx_load3] The index file is older than the data file: /bip7_disk/pingting114/mixed_bam/COLO829_PAO/TF0_25x/TF0_25x.rep5.bam.bai
[W::hts_idx_load3] The index file is older than the data file: /bip7_disk/pingting114/mixed_bam/COLO829_PAO/TF0_25x/TF0_25x.rep5.bam.bai
[W::hts_idx_load3] The index file is older than the data file: /bip7_disk/pingting114/mixed_bam/COLO829_PAO/TF0_25x/TF0_25x.rep5.bam.bai
[W::hts_idx_load3] The index file is older than the data file: /bip7_disk/pingting114/mixed_bam/COLO829_PAO/TF0_25x/TF0_25x.rep5.bam.bai
[W::hts_idx_load3] The index file is older than the data file: /bip7_disk/pingting114/mixed_bam/COLO829_PAO/TF0_25x/TF0_25x.rep5.bam.bai
[W::hts_idx_load3] The index file is older than the data file: /bip7_disk/pingting114/mixed_bam/COLO829_PAO/TF0_25x/TF0_25x.rep5.bam.bai
[W::hts_idx_load3] The index file is older than the data file: /bip7_disk/pingting114/mixed_bam/COLO829_PAO/TF0_25x/TF0_25x.rep5.bam.bai
[W::hts_idx_load3] The index file is older than the data file: /bip7_disk/pingting114/mixed_bam/COLO829_PAO/TF0_25x/TF0_25x.rep5.bam.bai
[W::hts_idx_load3] The index file is older than the data file: /bip7_disk/pingting114/mixed_bam/COLO829_PAO/TF0_25x/TF0_25x.rep5.bam.bai
[W::hts_idx_load3] The index file is older than the data file: /bip7_disk/pingting114/mixed_bam/COLO829_PAO/TF0_25x/TF0_25x.rep5.bam.bai
[W::hts_idx_load3] The index file is older than the data file: /bip7_disk/pingting114/mixed_bam/COLO829_PAO/TF0_25x/TF0_25x.rep5.bam.bai
[W::hts_idx_load3] The index file is older than the data file: /bip7_disk/pingting114/mixed_bam/COLO829_PAO/TF0_25x/TF0_25x.rep5.bam.bai
[W::hts_idx_load3] The index file is older than the data file: /bip7_disk/pingting114/mixed_bam/COLO829_PAO/TF0_25x/TF0_25x.rep5.bam.bai
[W::hts_idx_load3] The index file is older than the data file: /bip7_disk/pingting114/mixed_bam/COLO829_PAO/TF0_25x/TF0_25x.rep5.bam.bai
[W::hts_idx_load3] The index file is older than the data file: /bip7_disk/pingting114/mixed_bam/COLO829_PAO/TF0_25x/TF0_25x.rep5.bam.bai
[W::hts_idx_load3] The index file is older than the data file: /bip7_disk/pingting114/mixed_bam/COLO829_PAO/TF0_25x/TF0_25x.rep5.bam.bai
[W::hts_idx_load3] The index file is older than the data file: /bip7_disk/pingting114/mixed_bam/COLO829_PAO/TF0_25x/TF0_25x.rep5.bam.bai
[W::hts_idx_load3] The index file is older than the data file: /bip7_disk/pingting114/mixed_bam/COLO829_PAO/TF0_25x/TF0_25x.rep5.bam.bai
[W::hts_idx_load3] The index file is older than the data file: /bip7_disk/pingting114/mixed_bam/COLO829_PAO/TF0_25x/TF0_25x.rep5.bam.bai
[W::bam_next_basemod] MM tag refers to bases beyond sequence length
[W::hts_idx_load3] The index file is older than the data file: /bip7_disk/pingting114/mixed_bam/COLO829_PAO/TF0_25x/TF0_25x.rep5.bam.bai
[W::hts_idx_load3] The index file is older than the data file: /bip7_disk/pingting114/mixed_bam/COLO829_PAO/TF0_25x/TF0_25x.rep5.bam.bai
[E::bam_parse_basemod2] 84b31ed3-f860-46b9-9954-53514e3eb06b: MM tag refers to bases beyond sequence length
[W::hts_idx_load3] The index file is older than the data file: /bip7_disk/pingting114/mixed_bam/COLO829_PAO/TF0_25x/TF0_25x.rep5.bam.bai
[W::hts_idx_load3] The index file is older than the data file: /bip7_disk/pingting114/mixed_bam/COLO829_PAO/TF0_25x/TF0_25x.rep5.bam.bai
[W::hts_idx_load3] The index file is older than the data file: /bip7_disk/pingting114/mixed_bam/COLO829_PAO/TF0_25x/TF0_25x.rep5.bam.bai
[E::bam_parse_basemod2] be793b24-0799-4919-9ca1-0c6e1627235b: MM tag refers to bases beyond sequence length
[W::hts_idx_load3] The index file is older than the data file: /bip7_disk/pingting114/mixed_bam/COLO829_PAO/TF0_25x/TF0_25x.rep5.bam.bai
[W::hts_idx_load3] The index file is older than the data file: /bip7_disk/pingting114/mixed_bam/COLO829_PAO/TF0_25x/TF0_25x.rep5.bam.bai
[W::hts_idx_load3] The index file is older than the data file: /bip7_disk/pingting114/mixed_bam/COLO829_PAO/TF0_25x/TF0_25x.rep5.bam.bai
[W::hts_idx_load3] The index file is older than the data file: /bip7_disk/pingting114/mixed_bam/COLO829_PAO/TF0_25x/TF0_25x.rep5.bam.bai
[W::hts_idx_load3] The index file is older than the data file: /bip7_disk/pingting114/mixed_bam/COLO829_PAO/TF0_25x/TF0_25x.rep5.bam.bai
[W::hts_idx_load3] The index file is older than the data file: /bip7_disk/pingting114/mixed_bam/COLO829_PAO/TF0_25x/TF0_25x.rep5.bam.bai
[W::hts_idx_load3] The index file is older than the data file: /bip7_disk/pingting114/mixed_bam/COLO829_PAO/TF0_25x/TF0_25x.rep5.bam.bai
[W::hts_idx_load3] The index file is older than the data file: /bip7_disk/pingting114/mixed_bam/COLO829_PAO/TF0_25x/TF0_25x.rep5.bam.bai
[W::hts_idx_load3] The index file is older than the data file: /bip7_disk/pingting114/mixed_bam/COLO829_PAO/TF0_25x/TF0_25x.rep5.bam.bai
[W::hts_idx_load3] The index file is older than the data file: /bip7_disk/pingting114/mixed_bam/COLO829_PAO/TF0_25x/TF0_25x.rep5.bam.bai
[W::bam_next_basemod] MM tag refers to bases beyond sequence length
[W::hts_idx_load3] The index file is older than the data file: /bip7_disk/pingting114/mixed_bam/COLO829_PAO/TF0_25x/TF0_25x.rep5.bam.bai
[W::bam_next_basemod] MM tag refers to bases beyond sequence length
[W::hts_idx_load3] The index file is older than the data file: /bip7_disk/pingting114/mixed_bam/COLO829_PAO/TF0_25x/TF0_25x.rep5.bam.bai
[W::hts_idx_load3] The index file is older than the data file: /bip7_disk/pingting114/mixed_bam/COLO829_PAO/TF0_25x/TF0_25x.rep5.bam.bai
[E::bam_parse_basemod2] 3a0b3881-52f1-4859-bf03-87a2bb40876f: MM tag refers to bases beyond sequence length
[W::hts_idx_load3] The index file is older than the data file: /bip7_disk/pingting114/mixed_bam/COLO829_PAO/TF0_25x/TF0_25x.rep5.bam.bai
[W::bam_next_basemod] MM tag refers to bases beyond sequence length
[W::hts_idx_load3] The index file is older than the data file: /bip7_disk/pingting114/mixed_bam/COLO829_PAO/TF0_25x/TF0_25x.rep5.bam.bai
[W::hts_idx_load3] The index file is older than the data file: /bip7_disk/pingting114/mixed_bam/COLO829_PAO/TF0_25x/TF0_25x.rep5.bam.bai
[W::hts_idx_load3] The index file is older than the data file: /bip7_disk/pingting114/mixed_bam/COLO829_PAO/TF0_25x/TF0_25x.rep5.bam.bai
[W::hts_idx_load3] The index file is older than the data file: /bip7_disk/pingting114/mixed_bam/COLO829_PAO/TF0_25x/TF0_25x.rep5.bam.bai
[W::bam_next_basemod] MM tag refers to bases beyond sequence length
[E::bam_parse_basemod2] 7a9e4ecd-80a6-4228-941f-b887d8a73cd6: MM tag refers to bases beyond sequence length
[W::hts_idx_load3] The index file is older than the data file: /bip7_disk/pingting114/mixed_bam/COLO829_PAO/TF0_25x/TF0_25x.rep5.bam.bai
[W::hts_idx_load3] The index file is older than the data file: /bip7_disk/pingting114/mixed_bam/COLO829_PAO/TF0_25x/TF0_25x.rep5.bam.bai
[W::hts_idx_load3] The index file is older than the data file: /bip7_disk/pingting114/mixed_bam/COLO829_PAO/TF0_25x/TF0_25x.rep5.bam.bai
[W::bam_next_basemod] MM tag refers to bases beyond sequence length
[W::hts_idx_load3] The index file is older than the data file: /bip7_disk/pingting114/mixed_bam/COLO829_PAO/TF0_25x/TF0_25x.rep5.bam.bai
[W::hts_idx_load3] The index file is older than the data file: /bip7_disk/pingting114/mixed_bam/COLO829_PAO/TF0_25x/TF0_25x.rep5.bam.bai
[W::hts_idx_load3] The index file is older than the data file: /bip7_disk/pingting114/mixed_bam/COLO829_PAO/TF0_25x/TF0_25x.rep5.bam.bai
[W::hts_idx_load3] The index file is older than the data file: /bip7_disk/pingting114/mixed_bam/COLO829_PAO/TF0_25x/TF0_25x.rep5.bam.bai
[W::bam_next_basemod] MM tag refers to bases beyond sequence length
[W::hts_idx_load3] The index file is older than the data file: /bip7_disk/pingting114/mixed_bam/COLO829_PAO/TF0_25x/TF0_25x.rep5.bam.bai
[W::hts_idx_load3] The index file is older than the data file: /bip7_disk/pingting114/mixed_bam/COLO829_PAO/TF0_25x/TF0_25x.rep5.bam.bai
[E::bam_parse_basemod2] 81e153b5-e776-409e-a932-c8b3a8a79942: MM tag refers to bases beyond sequence length
[W::hts_idx_load3] The index file is older than the data file: /bip7_disk/pingting114/mixed_bam/COLO829_PAO/TF0_25x/TF0_25x.rep5.bam.bai
[W::bam_next_basemod] MM tag refers to bases beyond sequence length
[W::hts_idx_load3] The index file is older than the data file: /bip7_disk/pingting114/mixed_bam/COLO829_PAO/TF0_25x/TF0_25x.rep5.bam.bai
[W::hts_idx_load3] The index file is older than the data file: /bip7_disk/pingting114/mixed_bam/COLO829_PAO/TF0_25x/TF0_25x.rep5.bam.bai
[W::hts_idx_load3] The index file is older than the data file: /bip7_disk/pingting114/mixed_bam/COLO829_PAO/TF0_25x/TF0_25x.rep5.bam.bai
[W::bam_next_basemod] MM tag refers to bases beyond sequence length
[W::hts_idx_load3] The index file is older than the data file: /bip7_disk/pingting114/mixed_bam/COLO829_PAO/TF0_25x/TF0_25x.rep5.bam.bai
[W::hts_idx_load3] The index file is older than the data file: /bip7_disk/pingting114/mixed_bam/COLO829_PAO/TF0_25x/TF0_25x.rep5.bam.bai
[W::hts_idx_load3] The index file is older than the data file: /bip7_disk/pingting114/mixed_bam/COLO829_PAO/TF0_25x/TF0_25x.rep5.bam.bai
[W::hts_idx_load3] The index file is older than the data file: /bip7_disk/pingting114/mixed_bam/COLO829_PAO/TF0_25x/TF0_25x.rep5.bam.bai
[W::hts_idx_load3] The index file is older than the data file: /bip7_disk/pingting114/mixed_bam/COLO829_PAO/TF0_25x/TF0_25x.rep5.bam.bai
[W::hts_idx_load3] The index file is older than the data file: /bip7_disk/pingting114/mixed_bam/COLO829_PAO/TF0_25x/TF0_25x.rep5.bam.bai
[W::hts_idx_load3] The index file is older than the data file: /bip7_disk/pingting114/mixed_bam/COLO829_PAO/TF0_25x/TF0_25x.rep5.bam.bai
[W::hts_idx_load3] The index file is older than the data file: /bip7_disk/pingting114/mixed_bam/COLO829_PAO/TF0_25x/TF0_25x.rep5.bam.bai
[W::hts_idx_load3] The index file is older than the data file: /bip7_disk/pingting114/mixed_bam/COLO829_PAO/TF0_25x/TF0_25x.rep5.bam.bai
[W::hts_idx_load3] The index file is older than the data file: /bip7_disk/pingting114/mixed_bam/COLO829_PAO/TF0_25x/TF0_25x.rep5.bam.bai
[W::hts_idx_load3] The index file is older than the data file: /bip7_disk/pingting114/mixed_bam/COLO829_PAO/TF0_25x/TF0_25x.rep5.bam.bai
[W::hts_idx_load3] The index file is older than the data file: /bip7_disk/pingting114/mixed_bam/COLO829_PAO/TF0_25x/TF0_25x.rep5.bam.bai
[W::hts_idx_load3] The index file is older than the data file: /bip7_disk/pingting114/mixed_bam/COLO829_PAO/TF0_25x/TF0_25x.rep5.bam.bai
[W::hts_idx_load3] The index file is older than the data file: /bip7_disk/pingting114/mixed_bam/COLO829_PAO/TF0_25x/TF0_25x.rep5.bam.bai
[W::hts_idx_load3] The index file is older than the data file: /bip7_disk/pingting114/mixed_bam/COLO829_PAO/TF0_25x/TF0_25x.rep5.bam.bai
[W::bam_next_basemod] MM tag refers to bases beyond sequence length
[W::hts_idx_load3] The index file is older than the data file: /bip7_disk/pingting114/mixed_bam/COLO829_PAO/TF0_25x/TF0_25x.rep5.bam.bai
[W::hts_idx_load3] The index file is older than the data file: /bip7_disk/pingting114/mixed_bam/COLO829_PAO/TF0_25x/TF0_25x.rep5.bam.bai
[W::bam_next_basemod] MM tag refers to bases beyond sequence length
[W::hts_idx_load3] The index file is older than the data file: /bip7_disk/pingting114/mixed_bam/COLO829_PAO/TF0_25x/TF0_25x.rep5.bam.bai
[W::hts_idx_load3] The index file is older than the data file: /bip7_disk/pingting114/mixed_bam/COLO829_PAO/TF0_25x/TF0_25x.rep5.bam.bai
[W::hts_idx_load3] The index file is older than the data file: /bip7_disk/pingting114/mixed_bam/COLO829_PAO/TF0_25x/TF0_25x.rep5.bam.bai
[E::bam_parse_basemod2] 95894277-b524-4bb5-88d9-c172b4405406: MM tag refers to bases beyond sequence length
[W::hts_idx_load3] The index file is older than the data file: /bip7_disk/pingting114/mixed_bam/COLO829_PAO/TF0_25x/TF0_25x.rep5.bam.bai
[W::hts_idx_load3] The index file is older than the data file: /bip7_disk/pingting114/mixed_bam/COLO829_PAO/TF0_25x/TF0_25x.rep5.bam.bai
[W::hts_idx_load3] The index file is older than the data file: /bip7_disk/pingting114/mixed_bam/COLO829_PAO/TF0_25x/TF0_25x.rep5.bam.bai
[W::hts_idx_load3] The index file is older than the data file: /bip7_disk/pingting114/mixed_bam/COLO829_PAO/TF0_25x/TF0_25x.rep5.bam.bai
[W::hts_idx_load3] The index file is older than the data file: /bip7_disk/pingting114/mixed_bam/COLO829_PAO/TF0_25x/TF0_25x.rep5.bam.bai
[W::hts_idx_load3] The index file is older than the data file: /bip7_disk/pingting114/mixed_bam/COLO829_PAO/TF0_25x/TF0_25x.rep5.bam.bai
[W::hts_idx_load3] The index file is older than the data file: /bip7_disk/pingting114/mixed_bam/COLO829_PAO/TF0_25x/TF0_25x.rep5.bam.bai
[W::hts_idx_load3] The index file is older than the data file: /bip7_disk/pingting114/mixed_bam/COLO829_PAO/TF0_25x/TF0_25x.rep5.bam.bai
[W::hts_idx_load3] The index file is older than the data file: /bip7_disk/pingting114/mixed_bam/COLO829_PAO/TF0_25x/TF0_25x.rep5.bam.bai
[W::hts_idx_load3] The index file is older than the data file: /bip7_disk/pingting114/mixed_bam/COLO829_PAO/TF0_25x/TF0_25x.rep5.bam.bai
[W::hts_idx_load3] The index file is older than the data file: /bip7_disk/pingting114/mixed_bam/COLO829_PAO/TF0_25x/TF0_25x.rep5.bam.bai
[W::hts_idx_load3] The index file is older than the data file: /bip7_disk/pingting114/mixed_bam/COLO829_PAO/TF0_25x/TF0_25x.rep5.bam.bai
[W::hts_idx_load3] The index file is older than the data file: /bip7_disk/pingting114/mixed_bam/COLO829_PAO/TF0_25x/TF0_25x.rep5.bam.bai
[W::hts_idx_load3] The index file is older than the data file: /bip7_disk/pingting114/mixed_bam/COLO829_PAO/TF0_25x/TF0_25x.rep5.bam.bai
[W::hts_idx_load3] The index file is older than the data file: /bip7_disk/pingting114/mixed_bam/COLO829_PAO/TF0_25x/TF0_25x.rep5.bam.bai
[W::hts_idx_load3] The index file is older than the data file: /bip7_disk/pingting114/mixed_bam/COLO829_PAO/TF0_25x/TF0_25x.rep5.bam.bai
[W::bam_next_basemod] MM tag refers to bases beyond sequence length
[W::hts_idx_load3] The index file is older than the data file: /bip7_disk/pingting114/mixed_bam/COLO829_PAO/TF0_25x/TF0_25x.rep5.bam.bai
[W::bam_next_basemod] MM tag refers to bases beyond sequence length
[W::hts_idx_load3] The index file is older than the data file: /bip7_disk/pingting114/mixed_bam/COLO829_PAO/TF0_25x/TF0_25x.rep5.bam.bai
[W::hts_idx_load3] The index file is older than the data file: /bip7_disk/pingting114/mixed_bam/COLO829_PAO/TF0_25x/TF0_25x.rep5.bam.bai
[W::hts_idx_load3] The index file is older than the data file: /bip7_disk/pingting114/mixed_bam/COLO829_PAO/TF0_25x/TF0_25x.rep5.bam.bai
[W::hts_idx_load3] The index file is older than the data file: /bip7_disk/pingting114/mixed_bam/COLO829_PAO/TF0_25x/TF0_25x.rep5.bam.bai
[W::bam_next_basemod] MM tag refers to bases beyond sequence length
[W::bam_next_basemod] MM tag refers to bases beyond sequence length
[W::bam_next_basemod] MM tag refers to bases beyond sequence length
[W::hts_idx_load3] The index file is older than the data file: /bip7_disk/pingting114/mixed_bam/COLO829_PAO/TF0_25x/TF0_25x.rep5.bam.bai
[W::hts_idx_load3] The index file is older than the data file: /bip7_disk/pingting114/mixed_bam/COLO829_PAO/TF0_25x/TF0_25x.rep5.bam.bai
[W::hts_idx_load3] The index file is older than the data file: /bip7_disk/pingting114/mixed_bam/COLO829_PAO/TF0_25x/TF0_25x.rep5.bam.bai
[W::hts_idx_load3] The index file is older than the data file: /bip7_disk/pingting114/mixed_bam/COLO829_PAO/TF0_25x/TF0_25x.rep5.bam.bai
[W::hts_idx_load3] The index file is older than the data file: /bip7_disk/pingting114/mixed_bam/COLO829_PAO/TF0_25x/TF0_25x.rep5.bam.bai
[E::bam_parse_basemod2] cb0ace37-8ece-4ec2-8394-37babec94000: MM tag refers to bases beyond sequence length
[W::hts_idx_load3] The index file is older than the data file: /bip7_disk/pingting114/mixed_bam/COLO829_PAO/TF0_25x/TF0_25x.rep5.bam.bai
[W::hts_idx_load3] The index file is older than the data file: /bip7_disk/pingting114/mixed_bam/COLO829_PAO/TF0_25x/TF0_25x.rep5.bam.bai
[W::hts_idx_load3] The index file is older than the data file: /bip7_disk/pingting114/mixed_bam/COLO829_PAO/TF0_25x/TF0_25x.rep5.bam.bai
[E::bam_parse_basemod2] 912c433f-3f52-412a-89d7-2ba69c999756: MM tag refers to bases beyond sequence length
[W::hts_idx_load3] The index file is older than the data file: /bip7_disk/pingting114/mixed_bam/COLO829_PAO/TF0_25x/TF0_25x.rep5.bam.bai
[W::hts_idx_load3] The index file is older than the data file: /bip7_disk/pingting114/mixed_bam/COLO829_PAO/TF0_25x/TF0_25x.rep5.bam.bai
[W::hts_idx_load3] The index file is older than the data file: /bip7_disk/pingting114/mixed_bam/COLO829_PAO/TF0_25x/TF0_25x.rep5.bam.bai
[W::hts_idx_load3] The index file is older than the data file: /bip7_disk/pingting114/mixed_bam/COLO829_PAO/TF0_25x/TF0_25x.rep5.bam.bai
[W::hts_idx_load3] The index file is older than the data file: /bip7_disk/pingting114/mixed_bam/COLO829_PAO/TF0_25x/TF0_25x.rep5.bam.bai
[W::bam_next_basemod] MM tag refers to bases beyond sequence length
[W::hts_idx_load3] The index file is older than the data file: /bip7_disk/pingting114/mixed_bam/COLO829_PAO/TF0_25x/TF0_25x.rep5.bam.bai
[W::bam_next_basemod] MM tag refers to bases beyond sequence length
[W::hts_idx_load3] The index file is older than the data file: /bip7_disk/pingting114/mixed_bam/COLO829_PAO/TF0_25x/TF0_25x.rep5.bam.bai
[W::hts_idx_load3] The index file is older than the data file: /bip7_disk/pingting114/mixed_bam/COLO829_PAO/TF0_25x/TF0_25x.rep5.bam.bai
[W::hts_idx_load3] The index file is older than the data file: /bip7_disk/pingting114/mixed_bam/COLO829_PAO/TF0_25x/TF0_25x.rep5.bam.bai
[W::hts_idx_load3] The index file is older than the data file: /bip7_disk/pingting114/mixed_bam/COLO829_PAO/TF0_25x/TF0_25x.rep5.bam.bai
[W::hts_idx_load3] The index file is older than the data file: /bip7_disk/pingting114/mixed_bam/COLO829_PAO/TF0_25x/TF0_25x.rep5.bam.bai
[W::hts_idx_load3] The index file is older than the data file: /bip7_disk/pingting114/mixed_bam/COLO829_PAO/TF0_25x/TF0_25x.rep5.bam.bai
[W::hts_idx_load3] The index file is older than the data file: /bip7_disk/pingting114/mixed_bam/COLO829_PAO/TF0_25x/TF0_25x.rep5.bam.bai
[W::bam_next_basemod] MM tag refers to bases beyond sequence length
[W::hts_idx_load3] The index file is older than the data file: /bip7_disk/pingting114/mixed_bam/COLO829_PAO/TF0_25x/TF0_25x.rep5.bam.bai
[W::bam_next_basemod] MM tag refers to bases beyond sequence length
[W::hts_idx_load3] The index file is older than the data file: /bip7_disk/pingting114/mixed_bam/COLO829_PAO/TF0_25x/TF0_25x.rep5.bam.bai
[W::hts_idx_load3] The index file is older than the data file: /bip7_disk/pingting114/mixed_bam/COLO829_PAO/TF0_25x/TF0_25x.rep5.bam.bai
[W::hts_idx_load3] The index file is older than the data file: /bip7_disk/pingting114/mixed_bam/COLO829_PAO/TF0_25x/TF0_25x.rep5.bam.bai
[W::hts_idx_load3] The index file is older than the data file: /bip7_disk/pingting114/mixed_bam/COLO829_PAO/TF0_25x/TF0_25x.rep5.bam.bai
[W::hts_idx_load3] The index file is older than the data file: /bip7_disk/pingting114/mixed_bam/COLO829_PAO/TF0_25x/TF0_25x.rep5.bam.bai
[W::hts_idx_load3] The index file is older than the data file: /bip7_disk/pingting114/mixed_bam/COLO829_PAO/TF0_25x/TF0_25x.rep5.bam.bai
[W::hts_idx_load3] The index file is older than the data file: /bip7_disk/pingting114/mixed_bam/COLO829_PAO/TF0_25x/TF0_25x.rep5.bam.bai
[W::hts_idx_load3] The index file is older than the data file: /bip7_disk/pingting114/mixed_bam/COLO829_PAO/TF0_25x/TF0_25x.rep5.bam.bai
[W::bam_next_basemod] MM tag refers to bases beyond sequence length
[W::hts_idx_load3] The index file is older than the data file: /bip7_disk/pingting114/mixed_bam/COLO829_PAO/TF0_25x/TF0_25x.rep5.bam.bai
[E::bam_parse_basemod2] c1b5d31f-2451-4e97-93d4-bbdca7367421: MM tag refers to bases beyond sequence length
[W::hts_idx_load3] The index file is older than the data file: /bip7_disk/pingting114/mixed_bam/COLO829_PAO/TF0_25x/TF0_25x.rep5.bam.bai
[W::hts_idx_load3] The index file is older than the data file: /bip7_disk/pingting114/mixed_bam/COLO829_PAO/TF0_25x/TF0_25x.rep5.bam.bai
[W::hts_idx_load3] The index file is older than the data file: /bip7_disk/pingting114/mixed_bam/COLO829_PAO/TF0_25x/TF0_25x.rep5.bam.bai
[W::hts_idx_load3] The index file is older than the data file: /bip7_disk/pingting114/mixed_bam/COLO829_PAO/TF0_25x/TF0_25x.rep5.bam.bai
[W::hts_idx_load3] The index file is older than the data file: /bip7_disk/pingting114/mixed_bam/COLO829_PAO/TF0_25x/TF0_25x.rep5.bam.bai
[W::hts_idx_load3] The index file is older than the data file: /bip7_disk/pingting114/mixed_bam/COLO829_PAO/TF0_25x/TF0_25x.rep5.bam.bai
[E::bam_parse_basemod2] e5461a47-1a09-4db9-a9b5-f7d2bea76129: MM tag refers to bases beyond sequence length
[W::hts_idx_load3] The index file is older than the data file: /bip7_disk/pingting114/mixed_bam/COLO829_PAO/TF0_25x/TF0_25x.rep5.bam.bai
[W::hts_idx_load3] The index file is older than the data file: /bip7_disk/pingting114/mixed_bam/COLO829_PAO/TF0_25x/TF0_25x.rep5.bam.bai
[W::hts_idx_load3] The index file is older than the data file: /bip7_disk/pingting114/mixed_bam/COLO829_PAO/TF0_25x/TF0_25x.rep5.bam.bai
[W::hts_idx_load3] The index file is older than the data file: /bip7_disk/pingting114/mixed_bam/COLO829_PAO/TF0_25x/TF0_25x.rep5.bam.bai
[W::hts_idx_load3] The index file is older than the data file: /bip7_disk/pingting114/mixed_bam/COLO829_PAO/TF0_25x/TF0_25x.rep5.bam.bai
[W::hts_idx_load3] The index file is older than the data file: /bip7_disk/pingting114/mixed_bam/COLO829_PAO/TF0_25x/TF0_25x.rep5.bam.bai
[E::bam_parse_basemod2] 67edd870-9d1b-4863-bea9-a226ca68e152: MM tag refers to bases beyond sequence length
[W::bam_next_basemod] MM tag refers to bases beyond sequence length
[W::hts_idx_load3] The index file is older than the data file: /bip7_disk/pingting114/mixed_bam/COLO829_PAO/TF0_25x/TF0_25x.rep5.bam.bai
[W::hts_idx_load3] The index file is older than the data file: /bip7_disk/pingting114/mixed_bam/COLO829_PAO/TF0_25x/TF0_25x.rep5.bam.bai
[W::hts_idx_load3] The index file is older than the data file: /bip7_disk/pingting114/mixed_bam/COLO829_PAO/TF0_25x/TF0_25x.rep5.bam.bai
[W::hts_idx_load3] The index file is older than the data file: /bip7_disk/pingting114/mixed_bam/COLO829_PAO/TF0_25x/TF0_25x.rep5.bam.bai
[W::hts_idx_load3] The index file is older than the data file: /bip7_disk/pingting114/mixed_bam/COLO829_PAO/TF0_25x/TF0_25x.rep5.bam.bai
[E::bam_parse_basemod2] a03457e8-21e1-40cd-a3c6-84e3c3a6b58b: MM tag refers to bases beyond sequence length
[E::bam_parse_basemod2] 88802a78-3398-4768-9241-81843846fc2f: MM tag refers to bases beyond sequence length
[W::hts_idx_load3] The index file is older than the data file: /bip7_disk/pingting114/mixed_bam/COLO829_PAO/TF0_25x/TF0_25x.rep5.bam.bai
[W::hts_idx_load3] The index file is older than the data file: /bip7_disk/pingting114/mixed_bam/COLO829_PAO/TF0_25x/TF0_25x.rep5.bam.bai
[W::hts_idx_load3] The index file is older than the data file: /bip7_disk/pingting114/mixed_bam/COLO829_PAO/TF0_25x/TF0_25x.rep5.bam.bai
[W::hts_idx_load3] The index file is older than the data file: /bip7_disk/pingting114/mixed_bam/COLO829_PAO/TF0_25x/TF0_25x.rep5.bam.bai
[E::bam_parse_basemod2] 13e572a3-c984-470e-9621-653a6f5245ff: MM tag refers to bases beyond sequence length
[W::hts_idx_load3] The index file is older than the data file: /bip7_disk/pingting114/mixed_bam/COLO829_PAO/TF0_25x/TF0_25x.rep5.bam.bai
[W::hts_idx_load3] The index file is older than the data file: /bip7_disk/pingting114/mixed_bam/COLO829_PAO/TF0_25x/TF0_25x.rep5.bam.bai
[W::bam_next_basemod] MM tag refers to bases beyond sequence length
[W::hts_idx_load3] The index file is older than the data file: /bip7_disk/pingting114/mixed_bam/COLO829_PAO/TF0_25x/TF0_25x.rep5.bam.bai
[W::hts_idx_load3] The index file is older than the data file: /bip7_disk/pingting114/mixed_bam/COLO829_PAO/TF0_25x/TF0_25x.rep5.bam.bai
[E::bam_parse_basemod2] d5e3e800-eedd-4704-9100-7815308e743e: MM tag refers to bases beyond sequence length
[W::hts_idx_load3] The index file is older than the data file: /bip7_disk/pingting114/mixed_bam/COLO829_PAO/TF0_25x/TF0_25x.rep5.bam.bai
[E::bam_parse_basemod2] 17160d49-1b7d-4a72-a11e-814f688f3701: MM tag refers to bases beyond sequence length
[W::hts_idx_load3] The index file is older than the data file: /bip7_disk/pingting114/mixed_bam/COLO829_PAO/TF0_25x/TF0_25x.rep5.bam.bai
[W::bam_next_basemod] MM tag refers to bases beyond sequence length
[W::bam_next_basemod] MM tag refers to bases beyond sequence length
[W::hts_idx_load3] The index file is older than the data file: /bip7_disk/pingting114/mixed_bam/COLO829_PAO/TF0_25x/TF0_25x.rep5.bam.bai
[W::hts_idx_load3] The index file is older than the data file: /bip7_disk/pingting114/mixed_bam/COLO829_PAO/TF0_25x/TF0_25x.rep5.bam.bai
[E::bam_parse_basemod2] e65a0280-af63-418c-a731-98aed7727ada: MM tag refers to bases beyond sequence length
[W::hts_idx_load3] The index file is older than the data file: /bip7_disk/pingting114/mixed_bam/COLO829_PAO/TF0_25x/TF0_25x.rep5.bam.bai
[W::bam_next_basemod] MM tag refers to bases beyond sequence length
[W::hts_idx_load3] The index file is older than the data file: /bip7_disk/pingting114/mixed_bam/COLO829_PAO/TF0_25x/TF0_25x.rep5.bam.bai
[W::hts_idx_load3] The index file is older than the data file: /bip7_disk/pingting114/mixed_bam/COLO829_PAO/TF0_25x/TF0_25x.rep5.bam.bai
[W::bam_next_basemod] MM tag refers to bases beyond sequence length
[W::bam_next_basemod] MM tag refers to bases beyond sequence length
[W::bam_next_basemod] MM tag refers to bases beyond sequence length
[W::hts_idx_load3] The index file is older than the data file: /bip7_disk/pingting114/mixed_bam/COLO829_PAO/TF0_25x/TF0_25x.rep5.bam.bai
[W::hts_idx_load3] The index file is older than the data file: /bip7_disk/pingting114/mixed_bam/COLO829_PAO/TF0_25x/TF0_25x.rep5.bam.bai
[W::hts_idx_load3] The index file is older than the data file: /bip7_disk/pingting114/mixed_bam/COLO829_PAO/TF0_25x/TF0_25x.rep5.bam.bai
[W::hts_idx_load3] The index file is older than the data file: /bip7_disk/pingting114/mixed_bam/COLO829_PAO/TF0_25x/TF0_25x.rep5.bam.bai
[W::bam_next_basemod] MM tag refers to bases beyond sequence length
[W::hts_idx_load3] The index file is older than the data file: /bip7_disk/pingting114/mixed_bam/COLO829_PAO/TF0_25x/TF0_25x.rep5.bam.bai
[W::hts_idx_load3] The index file is older than the data file: /bip7_disk/pingting114/mixed_bam/COLO829_PAO/TF0_25x/TF0_25x.rep5.bam.bai
[W::hts_idx_load3] The index file is older than the data file: /bip7_disk/pingting114/mixed_bam/COLO829_PAO/TF0_25x/TF0_25x.rep5.bam.bai
[W::hts_idx_load3] The index file is older than the data file: /bip7_disk/pingting114/mixed_bam/COLO829_PAO/TF0_25x/TF0_25x.rep5.bam.bai
[W::hts_idx_load3] The index file is older than the data file: /bip7_disk/pingting114/mixed_bam/COLO829_PAO/TF0_25x/TF0_25x.rep5.bam.bai
[W::hts_idx_load3] The index file is older than the data file: /bip7_disk/pingting114/mixed_bam/COLO829_PAO/TF0_25x/TF0_25x.rep5.bam.bai
[W::hts_idx_load3] The index file is older than the data file: /bip7_disk/pingting114/mixed_bam/COLO829_PAO/TF0_25x/TF0_25x.rep5.bam.bai
[W::bam_next_basemod] MM tag refers to bases beyond sequence length
[W::hts_idx_load3] The index file is older than the data file: /bip7_disk/pingting114/mixed_bam/COLO829_PAO/TF0_25x/TF0_25x.rep5.bam.bai
[W::hts_idx_load3] The index file is older than the data file: /bip7_disk/pingting114/mixed_bam/COLO829_PAO/TF0_25x/TF0_25x.rep5.bam.bai
[W::hts_idx_load3] The index file is older than the data file: /bip7_disk/pingting114/mixed_bam/COLO829_PAO/TF0_25x/TF0_25x.rep5.bam.bai
[W::hts_idx_load3] The index file is older than the data file: /bip7_disk/pingting114/mixed_bam/COLO829_PAO/TF0_25x/TF0_25x.rep5.bam.bai
[W::hts_idx_load3] The index file is older than the data file: /bip7_disk/pingting114/mixed_bam/COLO829_PAO/TF0_25x/TF0_25x.rep5.bam.bai
[W::bam_next_basemod] MM tag refers to bases beyond sequence length
[W::hts_idx_load3] The index file is older than the data file: /bip7_disk/pingting114/mixed_bam/COLO829_PAO/TF0_25x/TF0_25x.rep5.bam.bai
[W::hts_idx_load3] The index file is older than the data file: /bip7_disk/pingting114/mixed_bam/COLO829_PAO/TF0_25x/TF0_25x.rep5.bam.bai
[W::hts_idx_load3] The index file is older than the data file: /bip7_disk/pingting114/mixed_bam/COLO829_PAO/TF0_25x/TF0_25x.rep5.bam.bai
[W::hts_idx_load3] The index file is older than the data file: /bip7_disk/pingting114/mixed_bam/COLO829_PAO/TF0_25x/TF0_25x.rep5.bam.bai
[W::hts_idx_load3] The index file is older than the data file: /bip7_disk/pingting114/mixed_bam/COLO829_PAO/TF0_25x/TF0_25x.rep5.bam.bai
[W::hts_idx_load3] The index file is older than the data file: /bip7_disk/pingting114/mixed_bam/COLO829_PAO/TF0_25x/TF0_25x.rep5.bam.bai
[W::hts_idx_load3] The index file is older than the data file: /bip7_disk/pingting114/mixed_bam/COLO829_PAO/TF0_25x/TF0_25x.rep5.bam.bai
[W::hts_idx_load3] The index file is older than the data file: /bip7_disk/pingting114/mixed_bam/COLO829_PAO/TF0_25x/TF0_25x.rep5.bam.bai
[W::hts_idx_load3] The index file is older than the data file: /bip7_disk/pingting114/mixed_bam/COLO829_PAO/TF0_25x/TF0_25x.rep5.bam.bai
[W::hts_idx_load3] The index file is older than the data file: /bip7_disk/pingting114/mixed_bam/COLO829_PAO/TF0_25x/TF0_25x.rep5.bam.bai
[W::bam_next_basemod] MM tag refers to bases beyond sequence length
[W::hts_idx_load3] The index file is older than the data file: /bip7_disk/pingting114/mixed_bam/COLO829_PAO/TF0_25x/TF0_25x.rep5.bam.bai
[W::hts_idx_load3] The index file is older than the data file: /bip7_disk/pingting114/mixed_bam/COLO829_PAO/TF0_25x/TF0_25x.rep5.bam.bai
[W::hts_idx_load3] The index file is older than the data file: /bip7_disk/pingting114/mixed_bam/COLO829_PAO/TF0_25x/TF0_25x.rep5.bam.bai
[W::bam_next_basemod] MM tag refers to bases beyond sequence length
[W::hts_idx_load3] The index file is older than the data file: /bip7_disk/pingting114/mixed_bam/COLO829_PAO/TF0_25x/TF0_25x.rep5.bam.bai
[W::hts_idx_load3] The index file is older than the data file: /bip7_disk/pingting114/mixed_bam/COLO829_PAO/TF0_25x/TF0_25x.rep5.bam.bai
[W::hts_idx_load3] The index file is older than the data file: /bip7_disk/pingting114/mixed_bam/COLO829_PAO/TF0_25x/TF0_25x.rep5.bam.bai
[W::bam_next_basemod] MM tag refers to bases beyond sequence length
[W::hts_idx_load3] The index file is older than the data file: /bip7_disk/pingting114/mixed_bam/COLO829_PAO/TF0_25x/TF0_25x.rep5.bam.bai
[W::hts_idx_load3] The index file is older than the data file: /bip7_disk/pingting114/mixed_bam/COLO829_PAO/TF0_25x/TF0_25x.rep5.bam.bai
[W::hts_idx_load3] The index file is older than the data file: /bip7_disk/pingting114/mixed_bam/COLO829_PAO/TF0_25x/TF0_25x.rep5.bam.bai
[W::hts_idx_load3] The index file is older than the data file: /bip7_disk/pingting114/mixed_bam/COLO829_PAO/TF0_25x/TF0_25x.rep5.bam.bai
[W::hts_idx_load3] The index file is older than the data file: /bip7_disk/pingting114/mixed_bam/COLO829_PAO/TF0_25x/TF0_25x.rep5.bam.bai
[W::hts_idx_load3] The index file is older than the data file: /bip7_disk/pingting114/mixed_bam/COLO829_PAO/TF0_25x/TF0_25x.rep5.bam.bai
[W::hts_idx_load3] The index file is older than the data file: /bip7_disk/pingting114/mixed_bam/COLO829_PAO/TF0_25x/TF0_25x.rep5.bam.bai
[W::hts_idx_load3] The index file is older than the data file: /bip7_disk/pingting114/mixed_bam/COLO829_PAO/TF0_25x/TF0_25x.rep5.bam.bai
[W::hts_idx_load3] The index file is older than the data file: /bip7_disk/pingting114/mixed_bam/COLO829_PAO/TF0_25x/TF0_25x.rep5.bam.bai
[E::bam_parse_basemod2] 2a8c3455-f835-4e11-992a-d4f0c0145170: MM tag refers to bases beyond sequence length
[W::hts_idx_load3] The index file is older than the data file: /bip7_disk/pingting114/mixed_bam/COLO829_PAO/TF0_25x/TF0_25x.rep5.bam.bai
[W::bam_next_basemod] MM tag refers to bases beyond sequence length
[W::hts_idx_load3] The index file is older than the data file: /bip7_disk/pingting114/mixed_bam/COLO829_PAO/TF0_25x/TF0_25x.rep5.bam.bai
[W::hts_idx_load3] The index file is older than the data file: /bip7_disk/pingting114/mixed_bam/COLO829_PAO/TF0_25x/TF0_25x.rep5.bam.bai
[W::bam_next_basemod] MM tag refers to bases beyond sequence length
[W::hts_idx_load3] The index file is older than the data file: /bip7_disk/pingting114/mixed_bam/COLO829_PAO/TF0_25x/TF0_25x.rep5.bam.bai
[W::hts_idx_load3] The index file is older than the data file: /bip7_disk/pingting114/mixed_bam/COLO829_PAO/TF0_25x/TF0_25x.rep5.bam.bai
[W::hts_idx_load3] The index file is older than the data file: /bip7_disk/pingting114/mixed_bam/COLO829_PAO/TF0_25x/TF0_25x.rep5.bam.bai
[W::hts_idx_load3] The index file is older than the data file: /bip7_disk/pingting114/mixed_bam/COLO829_PAO/TF0_25x/TF0_25x.rep5.bam.bai
[W::hts_idx_load3] The index file is older than the data file: /bip7_disk/pingting114/mixed_bam/COLO829_PAO/TF0_25x/TF0_25x.rep5.bam.bai
[W::hts_idx_load3] The index file is older than the data file: /bip7_disk/pingting114/mixed_bam/COLO829_PAO/TF0_25x/TF0_25x.rep5.bam.bai
[W::hts_idx_load3] The index file is older than the data file: /bip7_disk/pingting114/mixed_bam/COLO829_PAO/TF0_25x/TF0_25x.rep5.bam.bai
[W::hts_idx_load3] The index file is older than the data file: /bip7_disk/pingting114/mixed_bam/COLO829_PAO/TF0_25x/TF0_25x.rep5.bam.bai
[W::hts_idx_load3] The index file is older than the data file: /bip7_disk/pingting114/mixed_bam/COLO829_PAO/TF0_25x/TF0_25x.rep5.bam.bai
[W::hts_idx_load3] The index file is older than the data file: /bip7_disk/pingting114/mixed_bam/COLO829_PAO/TF0_25x/TF0_25x.rep5.bam.bai
[W::hts_idx_load3] The index file is older than the data file: /bip7_disk/pingting114/mixed_bam/COLO829_PAO/TF0_25x/TF0_25x.rep5.bam.bai
[W::hts_idx_load3] The index file is older than the data file: /bip7_disk/pingting114/mixed_bam/COLO829_PAO/TF0_25x/TF0_25x.rep5.bam.bai
[W::hts_idx_load3] The index file is older than the data file: /bip7_disk/pingting114/mixed_bam/COLO829_PAO/TF0_25x/TF0_25x.rep5.bam.bai
[W::hts_idx_load3] The index file is older than the data file: /bip7_disk/pingting114/mixed_bam/COLO829_PAO/TF0_25x/TF0_25x.rep5.bam.bai
[W::hts_idx_load3] The index file is older than the data file: /bip7_disk/pingting114/mixed_bam/COLO829_PAO/TF0_25x/TF0_25x.rep5.bam.bai
[W::hts_idx_load3] The index file is older than the data file: /bip7_disk/pingting114/mixed_bam/COLO829_PAO/TF0_25x/TF0_25x.rep5.bam.bai
[W::bam_next_basemod] MM tag refers to bases beyond sequence length
[W::hts_idx_load3] The index file is older than the data file: /bip7_disk/pingting114/mixed_bam/COLO829_PAO/TF0_25x/TF0_25x.rep5.bam.bai
[W::hts_idx_load3] The index file is older than the data file: /bip7_disk/pingting114/mixed_bam/COLO829_PAO/TF0_25x/TF0_25x.rep5.bam.bai
[W::bam_next_basemod] MM tag refers to bases beyond sequence length
[W::hts_idx_load3] The index file is older than the data file: /bip7_disk/pingting114/mixed_bam/COLO829_PAO/TF0_25x/TF0_25x.rep5.bam.bai
[W::hts_idx_load3] The index file is older than the data file: /bip7_disk/pingting114/mixed_bam/COLO829_PAO/TF0_25x/TF0_25x.rep5.bam.bai
[E::bam_parse_basemod2] f95f364c-69fa-4069-adfd-9eef42c3118c: MM tag refers to bases beyond sequence length
[W::bam_next_basemod] MM tag refers to bases beyond sequence length
[W::hts_idx_load3] The index file is older than the data file: /bip7_disk/pingting114/mixed_bam/COLO829_PAO/TF0_25x/TF0_25x.rep5.bam.bai
[W::hts_idx_load3] The index file is older than the data file: /bip7_disk/pingting114/mixed_bam/COLO829_PAO/TF0_25x/TF0_25x.rep5.bam.bai
[W::bam_next_basemod] MM tag refers to bases beyond sequence length
[W::hts_idx_load3] The index file is older than the data file: /bip7_disk/pingting114/mixed_bam/COLO829_PAO/TF0_25x/TF0_25x.rep5.bam.bai
[E::bam_parse_basemod2] 458d040b-8ec5-4472-9139-d431d04acd25: MM tag refers to bases beyond sequence length
[W::hts_idx_load3] The index file is older than the data file: /bip7_disk/pingting114/mixed_bam/COLO829_PAO/TF0_25x/TF0_25x.rep5.bam.bai
[W::bam_next_basemod] MM tag refers to bases beyond sequence length
[W::hts_idx_load3] The index file is older than the data file: /bip7_disk/pingting114/mixed_bam/COLO829_PAO/TF0_25x/TF0_25x.rep5.bam.bai
[E::bam_parse_basemod2] a79dc5f7-fd00-468f-8af5-8234e6a04239: MM tag refers to bases beyond sequence length
[W::hts_idx_load3] The index file is older than the data file: /bip7_disk/pingting114/mixed_bam/COLO829_PAO/TF0_25x/TF0_25x.rep5.bam.bai
[W::hts_idx_load3] The index file is older than the data file: /bip7_disk/pingting114/mixed_bam/COLO829_PAO/TF0_25x/TF0_25x.rep5.bam.bai
[W::hts_idx_load3] The index file is older than the data file: /bip7_disk/pingting114/mixed_bam/COLO829_PAO/TF0_25x/TF0_25x.rep5.bam.bai
[W::bam_next_basemod] MM tag refers to bases beyond sequence length
[E::bam_parse_basemod2] c1fbb30a-656b-4a15-ba55-337a1f809e56: MM tag refers to bases beyond sequence length
[W::hts_idx_load3] The index file is older than the data file: /bip7_disk/pingting114/mixed_bam/COLO829_PAO/TF0_25x/TF0_25x.rep5.bam.bai
[W::hts_idx_load3] The index file is older than the data file: /bip7_disk/pingting114/mixed_bam/COLO829_PAO/TF0_25x/TF0_25x.rep5.bam.bai
[E::bam_parse_basemod2] 67826e8d-beb4-4a3b-af48-b4d78ed16fd8: MM tag refers to bases beyond sequence length
[W::hts_idx_load3] The index file is older than the data file: /bip7_disk/pingting114/mixed_bam/COLO829_PAO/TF0_25x/TF0_25x.rep5.bam.bai
[W::bam_next_basemod] MM tag refers to bases beyond sequence length
[W::hts_idx_load3] The index file is older than the data file: /bip7_disk/pingting114/mixed_bam/COLO829_PAO/TF0_25x/TF0_25x.rep5.bam.bai
[W::hts_idx_load3] The index file is older than the data file: /bip7_disk/pingting114/mixed_bam/COLO829_PAO/TF0_25x/TF0_25x.rep5.bam.bai
[W::bam_next_basemod] MM tag refers to bases beyond sequence length
[W::hts_idx_load3] The index file is older than the data file: /bip7_disk/pingting114/mixed_bam/COLO829_PAO/TF0_25x/TF0_25x.rep5.bam.bai
[W::bam_next_basemod] MM tag refers to bases beyond sequence length
[W::hts_idx_load3] The index file is older than the data file: /bip7_disk/pingting114/mixed_bam/COLO829_PAO/TF0_25x/TF0_25x.rep5.bam.bai
[W::hts_idx_load3] The index file is older than the data file: /bip7_disk/pingting114/mixed_bam/COLO829_PAO/TF0_25x/TF0_25x.rep5.bam.bai
[E::bam_parse_basemod2] 471038c0-18a4-43af-b7c5-0f33f34c5cc0: MM tag refers to bases beyond sequence length
[W::bam_next_basemod] MM tag refers to bases beyond sequence length
[W::bam_next_basemod] MM tag refers to bases beyond sequence length
[W::hts_idx_load3] The index file is older than the data file: /bip7_disk/pingting114/mixed_bam/COLO829_PAO/TF0_25x/TF0_25x.rep5.bam.bai
[W::hts_idx_load3] The index file is older than the data file: /bip7_disk/pingting114/mixed_bam/COLO829_PAO/TF0_25x/TF0_25x.rep5.bam.bai
[W::hts_idx_load3] The index file is older than the data file: /bip7_disk/pingting114/mixed_bam/COLO829_PAO/TF0_25x/TF0_25x.rep5.bam.bai
[W::hts_idx_load3] The index file is older than the data file: /bip7_disk/pingting114/mixed_bam/COLO829_PAO/TF0_25x/TF0_25x.rep5.bam.bai
[W::hts_idx_load3] The index file is older than the data file: /bip7_disk/pingting114/mixed_bam/COLO829_PAO/TF0_25x/TF0_25x.rep5.bam.bai
[W::hts_idx_load3] The index file is older than the data file: /bip7_disk/pingting114/mixed_bam/COLO829_PAO/TF0_25x/TF0_25x.rep5.bam.bai
[E::bam_parse_basemod2] 2142ab1a-12c8-43f6-b282-705018ce32d9: MM tag refers to bases beyond sequence length
[W::hts_idx_load3] The index file is older than the data file: /bip7_disk/pingting114/mixed_bam/COLO829_PAO/TF0_25x/TF0_25x.rep5.bam.bai
[W::hts_idx_load3] The index file is older than the data file: /bip7_disk/pingting114/mixed_bam/COLO829_PAO/TF0_25x/TF0_25x.rep5.bam.bai
[W::bam_next_basemod] MM tag refers to bases beyond sequence length
[W::hts_idx_load3] The index file is older than the data file: /bip7_disk/pingting114/mixed_bam/COLO829_PAO/TF0_25x/TF0_25x.rep5.bam.bai
[W::hts_idx_load3] The index file is older than the data file: /bip7_disk/pingting114/mixed_bam/COLO829_PAO/TF0_25x/TF0_25x.rep5.bam.bai
[W::hts_idx_load3] The index file is older than the data file: /bip7_disk/pingting114/mixed_bam/COLO829_PAO/TF0_25x/TF0_25x.rep5.bam.bai
[W::bam_next_basemod] MM tag refers to bases beyond sequence length
[E::bam_parse_basemod2] fb55dafe-274f-40cf-8870-b8c81328ebb5: MM tag refers to bases beyond sequence length
[W::hts_idx_load3] The index file is older than the data file: /bip7_disk/pingting114/mixed_bam/COLO829_PAO/TF0_25x/TF0_25x.rep5.bam.bai
[W::hts_idx_load3] The index file is older than the data file: /bip7_disk/pingting114/mixed_bam/COLO829_PAO/TF0_25x/TF0_25x.rep5.bam.bai
[W::hts_idx_load3] The index file is older than the data file: /bip7_disk/pingting114/mixed_bam/COLO829_PAO/TF0_25x/TF0_25x.rep5.bam.bai
[W::bam_next_basemod] MM tag refers to bases beyond sequence length
[W::hts_idx_load3] The index file is older than the data file: /bip7_disk/pingting114/mixed_bam/COLO829_PAO/TF0_25x/TF0_25x.rep5.bam.bai
[W::hts_idx_load3] The index file is older than the data file: /bip7_disk/pingting114/mixed_bam/COLO829_PAO/TF0_25x/TF0_25x.rep5.bam.bai
[W::hts_idx_load3] The index file is older than the data file: /bip7_disk/pingting114/mixed_bam/COLO829_PAO/TF0_25x/TF0_25x.rep5.bam.bai
[W::hts_idx_load3] The index file is older than the data file: /bip7_disk/pingting114/mixed_bam/COLO829_PAO/TF0_25x/TF0_25x.rep5.bam.bai
[W::hts_idx_load3] The index file is older than the data file: /bip7_disk/pingting114/mixed_bam/COLO829_PAO/TF0_25x/TF0_25x.rep5.bam.bai
[W::hts_idx_load3] The index file is older than the data file: /bip7_disk/pingting114/mixed_bam/COLO829_PAO/TF0_25x/TF0_25x.rep5.bam.bai
[W::hts_idx_load3] The index file is older than the data file: /bip7_disk/pingting114/mixed_bam/COLO829_PAO/TF0_25x/TF0_25x.rep5.bam.bai
[W::bam_next_basemod] MM tag refers to bases beyond sequence length
[W::hts_idx_load3] The index file is older than the data file: /bip7_disk/pingting114/mixed_bam/COLO829_PAO/TF0_25x/TF0_25x.rep5.bam.bai
[W::hts_idx_load3] The index file is older than the data file: /bip7_disk/pingting114/mixed_bam/COLO829_PAO/TF0_25x/TF0_25x.rep5.bam.bai
[W::hts_idx_load3] The index file is older than the data file: /bip7_disk/pingting114/mixed_bam/COLO829_PAO/TF0_25x/TF0_25x.rep5.bam.bai
[W::hts_idx_load3] The index file is older than the data file: /bip7_disk/pingting114/mixed_bam/COLO829_PAO/TF0_25x/TF0_25x.rep5.bam.bai
[W::hts_idx_load3] The index file is older than the data file: /bip7_disk/pingting114/mixed_bam/COLO829_PAO/TF0_25x/TF0_25x.rep5.bam.bai
[W::hts_idx_load3] The index file is older than the data file: /bip7_disk/pingting114/mixed_bam/COLO829_PAO/TF0_25x/TF0_25x.rep5.bam.bai
[W::bam_next_basemod] MM tag refers to bases beyond sequence length
[W::hts_idx_load3] The index file is older than the data file: /bip7_disk/pingting114/mixed_bam/COLO829_PAO/TF0_25x/TF0_25x.rep5.bam.bai
[W::hts_idx_load3] The index file is older than the data file: /bip7_disk/pingting114/mixed_bam/COLO829_PAO/TF0_25x/TF0_25x.rep5.bam.bai
[W::hts_idx_load3] The index file is older than the data file: /bip7_disk/pingting114/mixed_bam/COLO829_PAO/TF0_25x/TF0_25x.rep5.bam.bai
[W::hts_idx_load3] The index file is older than the data file: /bip7_disk/pingting114/mixed_bam/COLO829_PAO/TF0_25x/TF0_25x.rep5.bam.bai
[E::bam_parse_basemod2] 9419c8ef-9945-4260-ab49-9a2fbfd9e5a4: MM tag refers to bases beyond sequence length
[W::hts_idx_load3] The index file is older than the data file: /bip7_disk/pingting114/mixed_bam/COLO829_PAO/TF0_25x/TF0_25x.rep5.bam.bai
[W::hts_idx_load3] The index file is older than the data file: /bip7_disk/pingting114/mixed_bam/COLO829_PAO/TF0_25x/TF0_25x.rep5.bam.bai
[W::bam_next_basemod] MM tag refers to bases beyond sequence length
[E::bam_parse_basemod2] 5b168b6f-bcf4-49dd-8788-9f12ce1d67c6: MM tag refers to bases beyond sequence length
[W::hts_idx_load3] The index file is older than the data file: /bip7_disk/pingting114/mixed_bam/COLO829_PAO/TF0_25x/TF0_25x.rep5.bam.bai
[W::bam_next_basemod] MM tag refers to bases beyond sequence length
[W::bam_next_basemod] MM tag refers to bases beyond sequence length
[W::hts_idx_load3] The index file is older than the data file: /bip7_disk/pingting114/mixed_bam/COLO829_PAO/TF0_25x/TF0_25x.rep5.bam.bai
[W::hts_idx_load3] The index file is older than the data file: /bip7_disk/pingting114/mixed_bam/COLO829_PAO/TF0_25x/TF0_25x.rep5.bam.bai
[W::bam_next_basemod] MM tag refers to bases beyond sequence length
[W::hts_idx_load3] The index file is older than the data file: /bip7_disk/pingting114/mixed_bam/COLO829_PAO/TF0_25x/TF0_25x.rep5.bam.bai
[W::hts_idx_load3] The index file is older than the data file: /bip7_disk/pingting114/mixed_bam/COLO829_PAO/TF0_25x/TF0_25x.rep5.bam.bai
[W::hts_idx_load3] The index file is older than the data file: /bip7_disk/pingting114/mixed_bam/COLO829_PAO/TF0_25x/TF0_25x.rep5.bam.bai
[W::bam_next_basemod] MM tag refers to bases beyond sequence length
[W::hts_idx_load3] The index file is older than the data file: /bip7_disk/pingting114/mixed_bam/COLO829_PAO/TF0_25x/TF0_25x.rep5.bam.bai
[W::bam_next_basemod] MM tag refers to bases beyond sequence length
[W::hts_idx_load3] The index file is older than the data file: /bip7_disk/pingting114/mixed_bam/COLO829_PAO/TF0_25x/TF0_25x.rep5.bam.bai
[E::bam_parse_basemod2] 67d0c38f-e04d-44dd-a25f-d1bb35503e96: MM tag refers to bases beyond sequence length
[E::bam_parse_basemod2] 94749576-ecb0-4882-8637-9e3dcd34df41: MM tag refers to bases beyond sequence length
[W::hts_idx_load3] The index file is older than the data file: /bip7_disk/pingting114/mixed_bam/COLO829_PAO/TF0_25x/TF0_25x.rep5.bam.bai
[W::hts_idx_load3] The index file is older than the data file: /bip7_disk/pingting114/mixed_bam/COLO829_PAO/TF0_25x/TF0_25x.rep5.bam.bai
[E::bam_parse_basemod2] dc7e7b1c-b9be-4ffe-afb1-850bd7aa6a6c: MM tag refers to bases beyond sequence length
[W::bam_next_basemod] MM tag refers to bases beyond sequence length
[W::hts_idx_load3] The index file is older than the data file: /bip7_disk/pingting114/mixed_bam/COLO829_PAO/TF0_25x/TF0_25x.rep5.bam.bai
[W::hts_idx_load3] The index file is older than the data file: /bip7_disk/pingting114/mixed_bam/COLO829_PAO/TF0_25x/TF0_25x.rep5.bam.bai
[W::bam_next_basemod] MM tag refers to bases beyond sequence length
[W::hts_idx_load3] The index file is older than the data file: /bip7_disk/pingting114/mixed_bam/COLO829_PAO/TF0_25x/TF0_25x.rep5.bam.bai
[W::hts_idx_load3] The index file is older than the data file: /bip7_disk/pingting114/mixed_bam/COLO829_PAO/TF0_25x/TF0_25x.rep5.bam.bai
[W::hts_idx_load3] The index file is older than the data file: /bip7_disk/pingting114/mixed_bam/COLO829_PAO/TF0_25x/TF0_25x.rep5.bam.bai
[W::hts_idx_load3] The index file is older than the data file: /bip7_disk/pingting114/mixed_bam/COLO829_PAO/TF0_25x/TF0_25x.rep5.bam.bai
[W::hts_idx_load3] The index file is older than the data file: /bip7_disk/pingting114/mixed_bam/COLO829_PAO/TF0_25x/TF0_25x.rep5.bam.bai
[E::bam_parse_basemod2] 0e8ea524-dc1d-4f0b-adb0-29cc95ba6303: MM tag refers to bases beyond sequence length
[W::bam_next_basemod] MM tag refers to bases beyond sequence length
[W::hts_idx_load3] The index file is older than the data file: /bip7_disk/pingting114/mixed_bam/COLO829_PAO/TF0_25x/TF0_25x.rep5.bam.bai
[W::hts_idx_load3] The index file is older than the data file: /bip7_disk/pingting114/mixed_bam/COLO829_PAO/TF0_25x/TF0_25x.rep5.bam.bai
[E::bam_parse_basemod2] 6b700601-0edf-4dcb-a4f1-f0eb36c3bdec: MM tag refers to bases beyond sequence length
[W::bam_next_basemod] MM tag refers to bases beyond sequence length
[W::hts_idx_load3] The index file is older than the data file: /bip7_disk/pingting114/mixed_bam/COLO829_PAO/TF0_25x/TF0_25x.rep5.bam.bai
[W::hts_idx_load3] The index file is older than the data file: /bip7_disk/pingting114/mixed_bam/COLO829_PAO/TF0_25x/TF0_25x.rep5.bam.bai
[W::hts_idx_load3] The index file is older than the data file: /bip7_disk/pingting114/mixed_bam/COLO829_PAO/TF0_25x/TF0_25x.rep5.bam.bai
[W::hts_idx_load3] The index file is older than the data file: /bip7_disk/pingting114/mixed_bam/COLO829_PAO/TF0_25x/TF0_25x.rep5.bam.bai
[W::hts_idx_load3] The index file is older than the data file: /bip7_disk/pingting114/mixed_bam/COLO829_PAO/TF0_25x/TF0_25x.rep5.bam.bai
[W::hts_idx_load3] The index file is older than the data file: /bip7_disk/pingting114/mixed_bam/COLO829_PAO/TF0_25x/TF0_25x.rep5.bam.bai
[E::bam_parse_basemod2] 30a0e74d-b5e7-4d74-aae1-057b804ec511: MM tag refers to bases beyond sequence length
[W::hts_idx_load3] The index file is older than the data file: /bip7_disk/pingting114/mixed_bam/COLO829_PAO/TF0_25x/TF0_25x.rep5.bam.bai
[W::hts_idx_load3] The index file is older than the data file: /bip7_disk/pingting114/mixed_bam/COLO829_PAO/TF0_25x/TF0_25x.rep5.bam.bai
[W::hts_idx_load3] The index file is older than the data file: /bip7_disk/pingting114/mixed_bam/COLO829_PAO/TF0_25x/TF0_25x.rep5.bam.bai
[W::hts_idx_load3] The index file is older than the data file: /bip7_disk/pingting114/mixed_bam/COLO829_PAO/TF0_25x/TF0_25x.rep5.bam.bai
[W::hts_idx_load3] The index file is older than the data file: /bip7_disk/pingting114/mixed_bam/COLO829_PAO/TF0_25x/TF0_25x.rep5.bam.bai
[W::hts_idx_load3] The index file is older than the data file: /bip7_disk/pingting114/mixed_bam/COLO829_PAO/TF0_25x/TF0_25x.rep5.bam.bai
[W::hts_idx_load3] The index file is older than the data file: /bip7_disk/pingting114/mixed_bam/COLO829_PAO/TF0_25x/TF0_25x.rep5.bam.bai
[W::hts_idx_load3] The index file is older than the data file: /bip7_disk/pingting114/mixed_bam/COLO829_PAO/TF0_25x/TF0_25x.rep5.bam.bai
[W::hts_idx_load3] The index file is older than the data file: /bip7_disk/pingting114/mixed_bam/COLO829_PAO/TF0_25x/TF0_25x.rep5.bam.bai
[W::hts_idx_load3] The index file is older than the data file: /bip7_disk/pingting114/mixed_bam/COLO829_PAO/TF0_25x/TF0_25x.rep5.bam.bai
[W::hts_idx_load3] The index file is older than the data file: /bip7_disk/pingting114/mixed_bam/COLO829_PAO/TF0_25x/TF0_25x.rep5.bam.bai
[W::hts_idx_load3] The index file is older than the data file: /bip7_disk/pingting114/mixed_bam/COLO829_PAO/TF0_25x/TF0_25x.rep5.bam.bai
[W::bam_next_basemod] MM tag refers to bases beyond sequence length
[W::hts_idx_load3] The index file is older than the data file: /bip7_disk/pingting114/mixed_bam/COLO829_PAO/TF0_25x/TF0_25x.rep5.bam.bai
[W::bam_next_basemod] MM tag refers to bases beyond sequence length
[W::hts_idx_load3] The index file is older than the data file: /bip7_disk/pingting114/mixed_bam/COLO829_PAO/TF0_25x/TF0_25x.rep5.bam.bai
[W::hts_idx_load3] The index file is older than the data file: /bip7_disk/pingting114/mixed_bam/COLO829_PAO/TF0_25x/TF0_25x.rep5.bam.bai
[W::hts_idx_load3] The index file is older than the data file: /bip7_disk/pingting114/mixed_bam/COLO829_PAO/TF0_25x/TF0_25x.rep5.bam.bai
[W::hts_idx_load3] The index file is older than the data file: /bip7_disk/pingting114/mixed_bam/COLO829_PAO/TF0_25x/TF0_25x.rep5.bam.bai
[W::hts_idx_load3] The index file is older than the data file: /bip7_disk/pingting114/mixed_bam/COLO829_PAO/TF0_25x/TF0_25x.rep5.bam.bai
[W::hts_idx_load3] The index file is older than the data file: /bip7_disk/pingting114/mixed_bam/COLO829_PAO/TF0_25x/TF0_25x.rep5.bam.bai
[E::bam_parse_basemod2] 4772fd3b-ba7f-485a-8447-5549a34eee17: MM tag refers to bases beyond sequence length
[W::hts_idx_load3] The index file is older than the data file: /bip7_disk/pingting114/mixed_bam/COLO829_PAO/TF0_25x/TF0_25x.rep5.bam.bai
[W::hts_idx_load3] The index file is older than the data file: /bip7_disk/pingting114/mixed_bam/COLO829_PAO/TF0_25x/TF0_25x.rep5.bam.bai
[W::hts_idx_load3] The index file is older than the data file: /bip7_disk/pingting114/mixed_bam/COLO829_PAO/TF0_25x/TF0_25x.rep5.bam.bai
[W::bam_next_basemod] MM tag refers to bases beyond sequence length
[E::bam_parse_basemod2] 14c89bed-4ec9-41ba-8ee5-d73b70109a73: MM tag refers to bases beyond sequence length
[W::hts_idx_load3] The index file is older than the data file: /bip7_disk/pingting114/mixed_bam/COLO829_PAO/TF0_25x/TF0_25x.rep5.bam.bai
[W::hts_idx_load3] The index file is older than the data file: /bip7_disk/pingting114/mixed_bam/COLO829_PAO/TF0_25x/TF0_25x.rep5.bam.bai
[W::hts_idx_load3] The index file is older than the data file: /bip7_disk/pingting114/mixed_bam/COLO829_PAO/TF0_25x/TF0_25x.rep5.bam.bai
[W::hts_idx_load3] The index file is older than the data file: /bip7_disk/pingting114/mixed_bam/COLO829_PAO/TF0_25x/TF0_25x.rep5.bam.bai
[W::hts_idx_load3] The index file is older than the data file: /bip7_disk/pingting114/mixed_bam/COLO829_PAO/TF0_25x/TF0_25x.rep5.bam.bai
[W::hts_idx_load3] The index file is older than the data file: /bip7_disk/pingting114/mixed_bam/COLO829_PAO/TF0_25x/TF0_25x.rep5.bam.bai
[E::bam_parse_basemod2] d581c573-a072-4c6f-8801-cb9c0d096dbf: MM tag refers to bases beyond sequence length
[W::hts_idx_load3] The index file is older than the data file: /bip7_disk/pingting114/mixed_bam/COLO829_PAO/TF0_25x/TF0_25x.rep5.bam.bai
[W::hts_idx_load3] The index file is older than the data file: /bip7_disk/pingting114/mixed_bam/COLO829_PAO/TF0_25x/TF0_25x.rep5.bam.bai
[W::hts_idx_load3] The index file is older than the data file: /bip7_disk/pingting114/mixed_bam/COLO829_PAO/TF0_25x/TF0_25x.rep5.bam.bai
[W::hts_idx_load3] The index file is older than the data file: /bip7_disk/pingting114/mixed_bam/COLO829_PAO/TF0_25x/TF0_25x.rep5.bam.bai
[E::bam_parse_basemod2] edb1d780-9a4b-4b71-b108-a7df6b771550: MM tag refers to bases beyond sequence length
[W::hts_idx_load3] The index file is older than the data file: /bip7_disk/pingting114/mixed_bam/COLO829_PAO/TF0_25x/TF0_25x.rep5.bam.bai
[W::bam_next_basemod] MM tag refers to bases beyond sequence length
[W::hts_idx_load3] The index file is older than the data file: /bip7_disk/pingting114/mixed_bam/COLO829_PAO/TF0_25x/TF0_25x.rep5.bam.bai
[W::hts_idx_load3] The index file is older than the data file: /bip7_disk/pingting114/mixed_bam/COLO829_PAO/TF0_25x/TF0_25x.rep5.bam.bai
[E::bam_parse_basemod2] 3d500288-92c9-4236-a4c4-16ca442c4cce: MM tag refers to bases beyond sequence length
[W::hts_idx_load3] The index file is older than the data file: /bip7_disk/pingting114/mixed_bam/COLO829_PAO/TF0_25x/TF0_25x.rep5.bam.bai
[W::hts_idx_load3] The index file is older than the data file: /bip7_disk/pingting114/mixed_bam/COLO829_PAO/TF0_25x/TF0_25x.rep5.bam.bai
[W::hts_idx_load3] The index file is older than the data file: /bip7_disk/pingting114/mixed_bam/COLO829_PAO/TF0_25x/TF0_25x.rep5.bam.bai
[W::bam_next_basemod] MM tag refers to bases beyond sequence length
[W::hts_idx_load3] The index file is older than the data file: /bip7_disk/pingting114/mixed_bam/COLO829_PAO/TF0_25x/TF0_25x.rep5.bam.bai
[W::hts_idx_load3] The index file is older than the data file: /bip7_disk/pingting114/mixed_bam/COLO829_PAO/TF0_25x/TF0_25x.rep5.bam.bai
[W::hts_idx_load3] The index file is older than the data file: /bip7_disk/pingting114/mixed_bam/COLO829_PAO/TF0_25x/TF0_25x.rep5.bam.bai
[E::bam_parse_basemod2] d73634e9-bc65-46fa-835a-ae7636957219: MM tag refers to bases beyond sequence length
[W::hts_idx_load3] The index file is older than the data file: /bip7_disk/pingting114/mixed_bam/COLO829_PAO/TF0_25x/TF0_25x.rep5.bam.bai
[W::hts_idx_load3] The index file is older than the data file: /bip7_disk/pingting114/mixed_bam/COLO829_PAO/TF0_25x/TF0_25x.rep5.bam.bai
[W::hts_idx_load3] The index file is older than the data file: /bip7_disk/pingting114/mixed_bam/COLO829_PAO/TF0_25x/TF0_25x.rep5.bam.bai
[W::hts_idx_load3] The index file is older than the data file: /bip7_disk/pingting114/mixed_bam/COLO829_PAO/TF0_25x/TF0_25x.rep5.bam.bai
[W::hts_idx_load3] The index file is older than the data file: /bip7_disk/pingting114/mixed_bam/COLO829_PAO/TF0_25x/TF0_25x.rep5.bam.bai
[W::hts_idx_load3] The index file is older than the data file: /bip7_disk/pingting114/mixed_bam/COLO829_PAO/TF0_25x/TF0_25x.rep5.bam.bai
[W::hts_idx_load3] The index file is older than the data file: /bip7_disk/pingting114/mixed_bam/COLO829_PAO/TF0_25x/TF0_25x.rep5.bam.bai
[W::hts_idx_load3] The index file is older than the data file: /bip7_disk/pingting114/mixed_bam/COLO829_PAO/TF0_25x/TF0_25x.rep5.bam.bai
[W::hts_idx_load3] The index file is older than the data file: /bip7_disk/pingting114/mixed_bam/COLO829_PAO/TF0_25x/TF0_25x.rep5.bam.bai
[W::bam_next_basemod] MM tag refers to bases beyond sequence length
[W::hts_idx_load3] The index file is older than the data file: /bip7_disk/pingting114/mixed_bam/COLO829_PAO/TF0_25x/TF0_25x.rep5.bam.bai
[W::hts_idx_load3] The index file is older than the data file: /bip7_disk/pingting114/mixed_bam/COLO829_PAO/TF0_25x/TF0_25x.rep5.bam.bai
[W::bam_next_basemod] MM tag refers to bases beyond sequence length
[W::bam_next_basemod] MM tag refers to bases beyond sequence length
[E::bam_parse_basemod2] 526ed86a-6044-470f-8316-a2c202eceffc: MM tag refers to bases beyond sequence length
[W::hts_idx_load3] The index file is older than the data file: /bip7_disk/pingting114/mixed_bam/COLO829_PAO/TF0_25x/TF0_25x.rep5.bam.bai
[W::hts_idx_load3] The index file is older than the data file: /bip7_disk/pingting114/mixed_bam/COLO829_PAO/TF0_25x/TF0_25x.rep5.bam.bai
[W::hts_idx_load3] The index file is older than the data file: /bip7_disk/pingting114/mixed_bam/COLO829_PAO/TF0_25x/TF0_25x.rep5.bam.bai
[E::bam_parse_basemod2] a0e5750a-de14-42a8-b754-8c1e71b6bdb4: MM tag refers to bases beyond sequence length
[E::bam_parse_basemod2] 0e7ec57c-b229-4e21-a892-be1e1ab55ce7: MM tag refers to bases beyond sequence length
[W::hts_idx_load3] The index file is older than the data file: /bip7_disk/pingting114/mixed_bam/COLO829_PAO/TF0_25x/TF0_25x.rep5.bam.bai
[W::hts_idx_load3] The index file is older than the data file: /bip7_disk/pingting114/mixed_bam/COLO829_PAO/TF0_25x/TF0_25x.rep5.bam.bai
[W::hts_idx_load3] The index file is older than the data file: /bip7_disk/pingting114/mixed_bam/COLO829_PAO/TF0_25x/TF0_25x.rep5.bam.bai
[W::hts_idx_load3] The index file is older than the data file: /bip7_disk/pingting114/mixed_bam/COLO829_PAO/TF0_25x/TF0_25x.rep5.bam.bai
[W::hts_idx_load3] The index file is older than the data file: /bip7_disk/pingting114/mixed_bam/COLO829_PAO/TF0_25x/TF0_25x.rep5.bam.bai
[W::bam_next_basemod] MM tag refers to bases beyond sequence length
[W::hts_idx_load3] The index file is older than the data file: /bip7_disk/pingting114/mixed_bam/COLO829_PAO/TF0_25x/TF0_25x.rep5.bam.bai
[W::hts_idx_load3] The index file is older than the data file: /bip7_disk/pingting114/mixed_bam/COLO829_PAO/TF0_25x/TF0_25x.rep5.bam.bai
[W::hts_idx_load3] The index file is older than the data file: /bip7_disk/pingting114/mixed_bam/COLO829_PAO/TF0_25x/TF0_25x.rep5.bam.bai
[W::hts_idx_load3] The index file is older than the data file: /bip7_disk/pingting114/mixed_bam/COLO829_PAO/TF0_25x/TF0_25x.rep5.bam.bai
[W::hts_idx_load3] The index file is older than the data file: /bip7_disk/pingting114/mixed_bam/COLO829_PAO/TF0_25x/TF0_25x.rep5.bam.bai
[W::bam_next_basemod] MM tag refers to bases beyond sequence length
[W::hts_idx_load3] The index file is older than the data file: /bip7_disk/pingting114/mixed_bam/COLO829_PAO/TF0_25x/TF0_25x.rep5.bam.bai
[W::hts_idx_load3] The index file is older than the data file: /bip7_disk/pingting114/mixed_bam/COLO829_PAO/TF0_25x/TF0_25x.rep5.bam.bai
[W::hts_idx_load3] The index file is older than the data file: /bip7_disk/pingting114/mixed_bam/COLO829_PAO/TF0_25x/TF0_25x.rep5.bam.bai
[W::hts_idx_load3] The index file is older than the data file: /bip7_disk/pingting114/mixed_bam/COLO829_PAO/TF0_25x/TF0_25x.rep5.bam.bai
[W::hts_idx_load3] The index file is older than the data file: /bip7_disk/pingting114/mixed_bam/COLO829_PAO/TF0_25x/TF0_25x.rep5.bam.bai
[W::hts_idx_load3] The index file is older than the data file: /bip7_disk/pingting114/mixed_bam/COLO829_PAO/TF0_25x/TF0_25x.rep5.bam.bai
[W::bam_next_basemod] MM tag refers to bases beyond sequence length
[W::hts_idx_load3] The index file is older than the data file: /bip7_disk/pingting114/mixed_bam/COLO829_PAO/TF0_25x/TF0_25x.rep5.bam.bai
[W::hts_idx_load3] The index file is older than the data file: /bip7_disk/pingting114/mixed_bam/COLO829_PAO/TF0_25x/TF0_25x.rep5.bam.bai
[W::hts_idx_load3] The index file is older than the data file: /bip7_disk/pingting114/mixed_bam/COLO829_PAO/TF0_25x/TF0_25x.rep5.bam.bai
[W::bam_next_basemod] MM tag refers to bases beyond sequence length
[W::hts_idx_load3] The index file is older than the data file: /bip7_disk/pingting114/mixed_bam/COLO829_PAO/TF0_25x/TF0_25x.rep5.bam.bai
[W::bam_next_basemod] MM tag refers to bases beyond sequence length
[W::bam_next_basemod] MM tag refers to bases beyond sequence length
[W::hts_idx_load3] The index file is older than the data file: /bip7_disk/pingting114/mixed_bam/COLO829_PAO/TF0_25x/TF0_25x.rep5.bam.bai
[W::hts_idx_load3] The index file is older than the data file: /bip7_disk/pingting114/mixed_bam/COLO829_PAO/TF0_25x/TF0_25x.rep5.bam.bai
[W::hts_idx_load3] The index file is older than the data file: /bip7_disk/pingting114/mixed_bam/COLO829_PAO/TF0_25x/TF0_25x.rep5.bam.bai
[W::bam_next_basemod] MM tag refers to bases beyond sequence length
[W::bam_next_basemod] MM tag refers to bases beyond sequence length
[W::hts_idx_load3] The index file is older than the data file: /bip7_disk/pingting114/mixed_bam/COLO829_PAO/TF0_25x/TF0_25x.rep5.bam.bai
[W::hts_idx_load3] The index file is older than the data file: /bip7_disk/pingting114/mixed_bam/COLO829_PAO/TF0_25x/TF0_25x.rep5.bam.bai
[W::hts_idx_load3] The index file is older than the data file: /bip7_disk/pingting114/mixed_bam/COLO829_PAO/TF0_25x/TF0_25x.rep5.bam.bai
[W::hts_idx_load3] The index file is older than the data file: /bip7_disk/pingting114/mixed_bam/COLO829_PAO/TF0_25x/TF0_25x.rep5.bam.bai
[W::hts_idx_load3] The index file is older than the data file: /bip7_disk/pingting114/mixed_bam/COLO829_PAO/TF0_25x/TF0_25x.rep5.bam.bai
[E::bam_parse_basemod2] de8a08d1-f4d5-4c63-b079-28f69f1894c0: MM tag refers to bases beyond sequence length
[W::hts_idx_load3] The index file is older than the data file: /bip7_disk/pingting114/mixed_bam/COLO829_PAO/TF0_25x/TF0_25x.rep5.bam.bai
[W::hts_idx_load3] The index file is older than the data file: /bip7_disk/pingting114/mixed_bam/COLO829_PAO/TF0_25x/TF0_25x.rep5.bam.bai
[E::bam_parse_basemod2] c3f7b103-e426-4451-b205-cc8d9f63d8c0: MM tag refers to bases beyond sequence length
[W::hts_idx_load3] The index file is older than the data file: /bip7_disk/pingting114/mixed_bam/COLO829_PAO/TF0_25x/TF0_25x.rep5.bam.bai
[W::bam_next_basemod] MM tag refers to bases beyond sequence length
[E::bam_parse_basemod2] e9b338da-fc4b-484b-a024-be5bf9080ad3: MM tag refers to bases beyond sequence length
[W::hts_idx_load3] The index file is older than the data file: /bip7_disk/pingting114/mixed_bam/COLO829_PAO/TF0_25x/TF0_25x.rep5.bam.bai
[W::hts_idx_load3] The index file is older than the data file: /bip7_disk/pingting114/mixed_bam/COLO829_PAO/TF0_25x/TF0_25x.rep5.bam.bai
[W::hts_idx_load3] The index file is older than the data file: /bip7_disk/pingting114/mixed_bam/COLO829_PAO/TF0_25x/TF0_25x.rep5.bam.bai
[W::bam_next_basemod] MM tag refers to bases beyond sequence length
[W::hts_idx_load3] The index file is older than the data file: /bip7_disk/pingting114/mixed_bam/COLO829_PAO/TF0_25x/TF0_25x.rep5.bam.bai
[W::hts_idx_load3] The index file is older than the data file: /bip7_disk/pingting114/mixed_bam/COLO829_PAO/TF0_25x/TF0_25x.rep5.bam.bai
[W::hts_idx_load3] The index file is older than the data file: /bip7_disk/pingting114/mixed_bam/COLO829_PAO/TF0_25x/TF0_25x.rep5.bam.bai
[W::hts_idx_load3] The index file is older than the data file: /bip7_disk/pingting114/mixed_bam/COLO829_PAO/TF0_25x/TF0_25x.rep5.bam.bai
[W::bam_next_basemod] MM tag refers to bases beyond sequence length
[W::hts_idx_load3] The index file is older than the data file: /bip7_disk/pingting114/mixed_bam/COLO829_PAO/TF0_25x/TF0_25x.rep5.bam.bai
[W::hts_idx_load3] The index file is older than the data file: /bip7_disk/pingting114/mixed_bam/COLO829_PAO/TF0_25x/TF0_25x.rep5.bam.bai
[E::bam_parse_basemod2] d30c296b-1811-42ad-a190-42ea27beeb3f: MM tag refers to bases beyond sequence length
[W::hts_idx_load3] The index file is older than the data file: /bip7_disk/pingting114/mixed_bam/COLO829_PAO/TF0_25x/TF0_25x.rep5.bam.bai
[W::hts_idx_load3] The index file is older than the data file: /bip7_disk/pingting114/mixed_bam/COLO829_PAO/TF0_25x/TF0_25x.rep5.bam.bai
[W::hts_idx_load3] The index file is older than the data file: /bip7_disk/pingting114/mixed_bam/COLO829_PAO/TF0_25x/TF0_25x.rep5.bam.bai
[W::hts_idx_load3] The index file is older than the data file: /bip7_disk/pingting114/mixed_bam/COLO829_PAO/TF0_25x/TF0_25x.rep5.bam.bai
[W::hts_idx_load3] The index file is older than the data file: /bip7_disk/pingting114/mixed_bam/COLO829_PAO/TF0_25x/TF0_25x.rep5.bam.bai
[W::hts_idx_load3] The index file is older than the data file: /bip7_disk/pingting114/mixed_bam/COLO829_PAO/TF0_25x/TF0_25x.rep5.bam.bai
[W::hts_idx_load3] The index file is older than the data file: /bip7_disk/pingting114/mixed_bam/COLO829_PAO/TF0_25x/TF0_25x.rep5.bam.bai
[E::bam_parse_basemod2] 3af69e3c-4a99-472c-abf4-c1f7cedbda05: MM tag refers to bases beyond sequence length
[W::hts_idx_load3] The index file is older than the data file: /bip7_disk/pingting114/mixed_bam/COLO829_PAO/TF0_25x/TF0_25x.rep5.bam.bai
[W::hts_idx_load3] The index file is older than the data file: /bip7_disk/pingting114/mixed_bam/COLO829_PAO/TF0_25x/TF0_25x.rep5.bam.bai
[W::bam_next_basemod] MM tag refers to bases beyond sequence length
[W::hts_idx_load3] The index file is older than the data file: /bip7_disk/pingting114/mixed_bam/COLO829_PAO/TF0_25x/TF0_25x.rep5.bam.bai
[W::hts_idx_load3] The index file is older than the data file: /bip7_disk/pingting114/mixed_bam/COLO829_PAO/TF0_25x/TF0_25x.rep5.bam.bai
[E::bam_parse_basemod2] b8c3a4f8-eed5-4641-90dc-1824f7da226d: MM tag refers to bases beyond sequence length
[W::bam_next_basemod] MM tag refers to bases beyond sequence length
[W::hts_idx_load3] The index file is older than the data file: /bip7_disk/pingting114/mixed_bam/COLO829_PAO/TF0_25x/TF0_25x.rep5.bam.bai
[W::hts_idx_load3] The index file is older than the data file: /bip7_disk/pingting114/mixed_bam/COLO829_PAO/TF0_25x/TF0_25x.rep5.bam.bai
[W::hts_idx_load3] The index file is older than the data file: /bip7_disk/pingting114/mixed_bam/COLO829_PAO/TF0_25x/TF0_25x.rep5.bam.bai
[W::hts_idx_load3] The index file is older than the data file: /bip7_disk/pingting114/mixed_bam/COLO829_PAO/TF0_25x/TF0_25x.rep5.bam.bai
[W::hts_idx_load3] The index file is older than the data file: /bip7_disk/pingting114/mixed_bam/COLO829_PAO/TF0_25x/TF0_25x.rep5.bam.bai
[W::bam_next_basemod] MM tag refers to bases beyond sequence length
[W::hts_idx_load3] The index file is older than the data file: /bip7_disk/pingting114/mixed_bam/COLO829_PAO/TF0_25x/TF0_25x.rep5.bam.bai
[W::hts_idx_load3] The index file is older than the data file: /bip7_disk/pingting114/mixed_bam/COLO829_PAO/TF0_25x/TF0_25x.rep5.bam.bai
  TF0_25x.rep5.bam cand 500/4000
[W::hts_idx_load3] The index file is older than the data file: /bip7_disk/pingting114/mixed_bam/COLO829_PAO/TF0_25x/TF0_25x.rep5.bam.bai
[W::hts_idx_load3] The index file is older than the data file: /bip7_disk/pingting114/mixed_bam/COLO829_PAO/TF0_25x/TF0_25x.rep5.bam.bai
[W::hts_idx_load3] The index file is older than the data file: /bip7_disk/pingting114/mixed_bam/COLO829_PAO/TF0_25x/TF0_25x.rep5.bam.bai
[W::hts_idx_load3] The index file is older than the data file: /bip7_disk/pingting114/mixed_bam/COLO829_PAO/TF0_25x/TF0_25x.rep5.bam.bai
[W::hts_idx_load3] The index file is older than the data file: /bip7_disk/pingting114/mixed_bam/COLO829_PAO/TF0_25x/TF0_25x.rep5.bam.bai
[W::hts_idx_load3] The index file is older than the data file: /bip7_disk/pingting114/mixed_bam/COLO829_PAO/TF0_25x/TF0_25x.rep5.bam.bai
[E::bam_parse_basemod2] 3696e6a2-42e3-4c41-8e58-92478a112cb3: MM tag refers to bases beyond sequence length
[W::hts_idx_load3] The index file is older than the data file: /bip7_disk/pingting114/mixed_bam/COLO829_PAO/TF0_25x/TF0_25x.rep5.bam.bai
[W::hts_idx_load3] The index file is older than the data file: /bip7_disk/pingting114/mixed_bam/COLO829_PAO/TF0_25x/TF0_25x.rep5.bam.bai
[W::hts_idx_load3] The index file is older than the data file: /bip7_disk/pingting114/mixed_bam/COLO829_PAO/TF0_25x/TF0_25x.rep5.bam.bai
[W::bam_next_basemod] MM tag refers to bases beyond sequence length
[W::hts_idx_load3] The index file is older than the data file: /bip7_disk/pingting114/mixed_bam/COLO829_PAO/TF0_25x/TF0_25x.rep5.bam.bai
[E::bam_parse_basemod2] 209d21b3-6f37-4e3f-9b03-70c38c4fe5be: MM tag refers to bases beyond sequence length
[W::hts_idx_load3] The index file is older than the data file: /bip7_disk/pingting114/mixed_bam/COLO829_PAO/TF0_25x/TF0_25x.rep5.bam.bai
[W::hts_idx_load3] The index file is older than the data file: /bip7_disk/pingting114/mixed_bam/COLO829_PAO/TF0_25x/TF0_25x.rep5.bam.bai
[W::hts_idx_load3] The index file is older than the data file: /bip7_disk/pingting114/mixed_bam/COLO829_PAO/TF0_25x/TF0_25x.rep5.bam.bai
[W::bam_next_basemod] MM tag refers to bases beyond sequence length
[W::hts_idx_load3] The index file is older than the data file: /bip7_disk/pingting114/mixed_bam/COLO829_PAO/TF0_25x/TF0_25x.rep5.bam.bai
[W::hts_idx_load3] The index file is older than the data file: /bip7_disk/pingting114/mixed_bam/COLO829_PAO/TF0_25x/TF0_25x.rep5.bam.bai
[W::hts_idx_load3] The index file is older than the data file: /bip7_disk/pingting114/mixed_bam/COLO829_PAO/TF0_25x/TF0_25x.rep5.bam.bai
[W::hts_idx_load3] The index file is older than the data file: /bip7_disk/pingting114/mixed_bam/COLO829_PAO/TF0_25x/TF0_25x.rep5.bam.bai
[W::bam_next_basemod] MM tag refers to bases beyond sequence length
[W::hts_idx_load3] The index file is older than the data file: /bip7_disk/pingting114/mixed_bam/COLO829_PAO/TF0_25x/TF0_25x.rep5.bam.bai
[W::hts_idx_load3] The index file is older than the data file: /bip7_disk/pingting114/mixed_bam/COLO829_PAO/TF0_25x/TF0_25x.rep5.bam.bai
[W::hts_idx_load3] The index file is older than the data file: /bip7_disk/pingting114/mixed_bam/COLO829_PAO/TF0_25x/TF0_25x.rep5.bam.bai
[W::hts_idx_load3] The index file is older than the data file: /bip7_disk/pingting114/mixed_bam/COLO829_PAO/TF0_25x/TF0_25x.rep5.bam.bai
[W::hts_idx_load3] The index file is older than the data file: /bip7_disk/pingting114/mixed_bam/COLO829_PAO/TF0_25x/TF0_25x.rep5.bam.bai
[W::hts_idx_load3] The index file is older than the data file: /bip7_disk/pingting114/mixed_bam/COLO829_PAO/TF0_25x/TF0_25x.rep5.bam.bai
[W::bam_next_basemod] MM tag refers to bases beyond sequence length
[W::bam_next_basemod] MM tag refers to bases beyond sequence length
[W::hts_idx_load3] The index file is older than the data file: /bip7_disk/pingting114/mixed_bam/COLO829_PAO/TF0_25x/TF0_25x.rep5.bam.bai
[W::hts_idx_load3] The index file is older than the data file: /bip7_disk/pingting114/mixed_bam/COLO829_PAO/TF0_25x/TF0_25x.rep5.bam.bai
[E::bam_parse_basemod2] 4d3a6515-217c-4865-8eda-3b871e7ee2cc: MM tag refers to bases beyond sequence length
[E::bam_parse_basemod2] cedc71d8-eaed-4a0d-8786-465623b7967c: MM tag refers to bases beyond sequence length
[W::hts_idx_load3] The index file is older than the data file: /bip7_disk/pingting114/mixed_bam/COLO829_PAO/TF0_25x/TF0_25x.rep5.bam.bai
[W::hts_idx_load3] The index file is older than the data file: /bip7_disk/pingting114/mixed_bam/COLO829_PAO/TF0_25x/TF0_25x.rep5.bam.bai
[W::hts_idx_load3] The index file is older than the data file: /bip7_disk/pingting114/mixed_bam/COLO829_PAO/TF0_25x/TF0_25x.rep5.bam.bai
[W::hts_idx_load3] The index file is older than the data file: /bip7_disk/pingting114/mixed_bam/COLO829_PAO/TF0_25x/TF0_25x.rep5.bam.bai
[W::hts_idx_load3] The index file is older than the data file: /bip7_disk/pingting114/mixed_bam/COLO829_PAO/TF0_25x/TF0_25x.rep5.bam.bai
[W::hts_idx_load3] The index file is older than the data file: /bip7_disk/pingting114/mixed_bam/COLO829_PAO/TF0_25x/TF0_25x.rep5.bam.bai
[E::bam_parse_basemod2] e8ade6db-84c7-4a78-bbb6-12b5c0245948: MM tag refers to bases beyond sequence length
[W::bam_next_basemod] MM tag refers to bases beyond sequence length
[W::hts_idx_load3] The index file is older than the data file: /bip7_disk/pingting114/mixed_bam/COLO829_PAO/TF0_25x/TF0_25x.rep5.bam.bai
[W::hts_idx_load3] The index file is older than the data file: /bip7_disk/pingting114/mixed_bam/COLO829_PAO/TF0_25x/TF0_25x.rep5.bam.bai
[W::hts_idx_load3] The index file is older than the data file: /bip7_disk/pingting114/mixed_bam/COLO829_PAO/TF0_25x/TF0_25x.rep5.bam.bai
[W::hts_idx_load3] The index file is older than the data file: /bip7_disk/pingting114/mixed_bam/COLO829_PAO/TF0_25x/TF0_25x.rep5.bam.bai
[E::bam_parse_basemod2] 0661f890-25eb-4c1b-8df3-15fa5e497143: MM tag refers to bases beyond sequence length
[W::hts_idx_load3] The index file is older than the data file: /bip7_disk/pingting114/mixed_bam/COLO829_PAO/TF0_25x/TF0_25x.rep5.bam.bai
[W::hts_idx_load3] The index file is older than the data file: /bip7_disk/pingting114/mixed_bam/COLO829_PAO/TF0_25x/TF0_25x.rep5.bam.bai
[W::hts_idx_load3] The index file is older than the data file: /bip7_disk/pingting114/mixed_bam/COLO829_PAO/TF0_25x/TF0_25x.rep5.bam.bai
[E::bam_parse_basemod2] 5ea84471-646d-41ca-bead-145a847bdbd6: MM tag refers to bases beyond sequence length
[W::hts_idx_load3] The index file is older than the data file: /bip7_disk/pingting114/mixed_bam/COLO829_PAO/TF0_25x/TF0_25x.rep5.bam.bai
[W::hts_idx_load3] The index file is older than the data file: /bip7_disk/pingting114/mixed_bam/COLO829_PAO/TF0_25x/TF0_25x.rep5.bam.bai
[W::hts_idx_load3] The index file is older than the data file: /bip7_disk/pingting114/mixed_bam/COLO829_PAO/TF0_25x/TF0_25x.rep5.bam.bai
[W::hts_idx_load3] The index file is older than the data file: /bip7_disk/pingting114/mixed_bam/COLO829_PAO/TF0_25x/TF0_25x.rep5.bam.bai
[W::hts_idx_load3] The index file is older than the data file: /bip7_disk/pingting114/mixed_bam/COLO829_PAO/TF0_25x/TF0_25x.rep5.bam.bai
[W::bam_next_basemod] MM tag refers to bases beyond sequence length
[W::hts_idx_load3] The index file is older than the data file: /bip7_disk/pingting114/mixed_bam/COLO829_PAO/TF0_25x/TF0_25x.rep5.bam.bai
[E::bam_parse_basemod2] 87bdd35a-d6ba-4659-b423-f0575cc7b96c: MM tag refers to bases beyond sequence length
[W::hts_idx_load3] The index file is older than the data file: /bip7_disk/pingting114/mixed_bam/COLO829_PAO/TF0_25x/TF0_25x.rep5.bam.bai
[W::hts_idx_load3] The index file is older than the data file: /bip7_disk/pingting114/mixed_bam/COLO829_PAO/TF0_25x/TF0_25x.rep5.bam.bai
[E::bam_parse_basemod2] 037a9ddd-3f44-4ee1-9a80-8b313b7a2d97: MM tag refers to bases beyond sequence length
[W::hts_idx_load3] The index file is older than the data file: /bip7_disk/pingting114/mixed_bam/COLO829_PAO/TF0_25x/TF0_25x.rep5.bam.bai
[W::hts_idx_load3] The index file is older than the data file: /bip7_disk/pingting114/mixed_bam/COLO829_PAO/TF0_25x/TF0_25x.rep5.bam.bai
[W::hts_idx_load3] The index file is older than the data file: /bip7_disk/pingting114/mixed_bam/COLO829_PAO/TF0_25x/TF0_25x.rep5.bam.bai
[W::hts_idx_load3] The index file is older than the data file: /bip7_disk/pingting114/mixed_bam/COLO829_PAO/TF0_25x/TF0_25x.rep5.bam.bai
[W::hts_idx_load3] The index file is older than the data file: /bip7_disk/pingting114/mixed_bam/COLO829_PAO/TF0_25x/TF0_25x.rep5.bam.bai
[W::bam_next_basemod] MM tag refers to bases beyond sequence length
[W::hts_idx_load3] The index file is older than the data file: /bip7_disk/pingting114/mixed_bam/COLO829_PAO/TF0_25x/TF0_25x.rep5.bam.bai
[E::bam_parse_basemod2] ac974801-0c06-4638-98fe-1608dcf8c110: MM tag refers to bases beyond sequence length
[W::hts_idx_load3] The index file is older than the data file: /bip7_disk/pingting114/mixed_bam/COLO829_PAO/TF0_25x/TF0_25x.rep5.bam.bai
[W::hts_idx_load3] The index file is older than the data file: /bip7_disk/pingting114/mixed_bam/COLO829_PAO/TF0_25x/TF0_25x.rep5.bam.bai
[W::hts_idx_load3] The index file is older than the data file: /bip7_disk/pingting114/mixed_bam/COLO829_PAO/TF0_25x/TF0_25x.rep5.bam.bai
[W::hts_idx_load3] The index file is older than the data file: /bip7_disk/pingting114/mixed_bam/COLO829_PAO/TF0_25x/TF0_25x.rep5.bam.bai
[W::bam_next_basemod] MM tag refers to bases beyond sequence length
[W::hts_idx_load3] The index file is older than the data file: /bip7_disk/pingting114/mixed_bam/COLO829_PAO/TF0_25x/TF0_25x.rep5.bam.bai
[E::bam_parse_basemod2] 5b5dc5ce-ccac-4fe7-a6ce-db5b0e6de21b: MM tag refers to bases beyond sequence length
[W::hts_idx_load3] The index file is older than the data file: /bip7_disk/pingting114/mixed_bam/COLO829_PAO/TF0_25x/TF0_25x.rep5.bam.bai
[W::bam_next_basemod] MM tag refers to bases beyond sequence length
[E::bam_parse_basemod2] d1dce694-2da3-45c7-9a2a-063c004fe852: MM tag refers to bases beyond sequence length
[E::bam_parse_basemod2] 417bdbcb-82db-4cf3-ab90-3e14013f7fd8: MM tag refers to bases beyond sequence length
[W::hts_idx_load3] The index file is older than the data file: /bip7_disk/pingting114/mixed_bam/COLO829_PAO/TF0_25x/TF0_25x.rep5.bam.bai
[E::bam_parse_basemod2] 5e9c5fd0-b91a-46ed-ab32-a9ca51c79501: MM tag refers to bases beyond sequence length
[W::hts_idx_load3] The index file is older than the data file: /bip7_disk/pingting114/mixed_bam/COLO829_PAO/TF0_25x/TF0_25x.rep5.bam.bai
[W::hts_idx_load3] The index file is older than the data file: /bip7_disk/pingting114/mixed_bam/COLO829_PAO/TF0_25x/TF0_25x.rep5.bam.bai
[W::bam_next_basemod] MM tag refers to bases beyond sequence length
[W::hts_idx_load3] The index file is older than the data file: /bip7_disk/pingting114/mixed_bam/COLO829_PAO/TF0_25x/TF0_25x.rep5.bam.bai
[W::hts_idx_load3] The index file is older than the data file: /bip7_disk/pingting114/mixed_bam/COLO829_PAO/TF0_25x/TF0_25x.rep5.bam.bai
[W::hts_idx_load3] The index file is older than the data file: /bip7_disk/pingting114/mixed_bam/COLO829_PAO/TF0_25x/TF0_25x.rep5.bam.bai
[W::bam_next_basemod] MM tag refers to bases beyond sequence length
[W::hts_idx_load3] The index file is older than the data file: /bip7_disk/pingting114/mixed_bam/COLO829_PAO/TF0_25x/TF0_25x.rep5.bam.bai
[W::bam_next_basemod] MM tag refers to bases beyond sequence length
[W::bam_next_basemod] MM tag refers to bases beyond sequence length
[W::hts_idx_load3] The index file is older than the data file: /bip7_disk/pingting114/mixed_bam/COLO829_PAO/TF0_25x/TF0_25x.rep5.bam.bai
[W::hts_idx_load3] The index file is older than the data file: /bip7_disk/pingting114/mixed_bam/COLO829_PAO/TF0_25x/TF0_25x.rep5.bam.bai
[E::bam_parse_basemod2] 68f128f1-4c44-4d16-9f66-1784652baa5f: MM tag refers to bases beyond sequence length
[W::hts_idx_load3] The index file is older than the data file: /bip7_disk/pingting114/mixed_bam/COLO829_PAO/TF0_25x/TF0_25x.rep5.bam.bai
[W::hts_idx_load3] The index file is older than the data file: /bip7_disk/pingting114/mixed_bam/COLO829_PAO/TF0_25x/TF0_25x.rep5.bam.bai
[E::bam_parse_basemod2] 2a7520fd-927a-450d-a164-c8d985ad477d: MM tag refers to bases beyond sequence length
[W::hts_idx_load3] The index file is older than the data file: /bip7_disk/pingting114/mixed_bam/COLO829_PAO/TF0_25x/TF0_25x.rep5.bam.bai
[W::hts_idx_load3] The index file is older than the data file: /bip7_disk/pingting114/mixed_bam/COLO829_PAO/TF0_25x/TF0_25x.rep5.bam.bai
[W::hts_idx_load3] The index file is older than the data file: /bip7_disk/pingting114/mixed_bam/COLO829_PAO/TF0_25x/TF0_25x.rep5.bam.bai
[E::bam_parse_basemod2] e7b6229d-fedd-4229-93ea-88085f7abe2f: MM tag refers to bases beyond sequence length
[W::hts_idx_load3] The index file is older than the data file: /bip7_disk/pingting114/mixed_bam/COLO829_PAO/TF0_25x/TF0_25x.rep5.bam.bai
[W::hts_idx_load3] The index file is older than the data file: /bip7_disk/pingting114/mixed_bam/COLO829_PAO/TF0_25x/TF0_25x.rep5.bam.bai
[W::hts_idx_load3] The index file is older than the data file: /bip7_disk/pingting114/mixed_bam/COLO829_PAO/TF0_25x/TF0_25x.rep5.bam.bai
[E::bam_parse_basemod2] 5403223f-606a-48f7-ae4e-876042ce7fb4: MM tag refers to bases beyond sequence length
[W::bam_next_basemod] MM tag refers to bases beyond sequence length
[E::bam_parse_basemod2] bf3103b0-bf67-4689-a451-d74b10791e1c: MM tag refers to bases beyond sequence length
[W::hts_idx_load3] The index file is older than the data file: /bip7_disk/pingting114/mixed_bam/COLO829_PAO/TF0_25x/TF0_25x.rep5.bam.bai
[W::hts_idx_load3] The index file is older than the data file: /bip7_disk/pingting114/mixed_bam/COLO829_PAO/TF0_25x/TF0_25x.rep5.bam.bai
[W::hts_idx_load3] The index file is older than the data file: /bip7_disk/pingting114/mixed_bam/COLO829_PAO/TF0_25x/TF0_25x.rep5.bam.bai
[W::hts_idx_load3] The index file is older than the data file: /bip7_disk/pingting114/mixed_bam/COLO829_PAO/TF0_25x/TF0_25x.rep5.bam.bai
[E::bam_parse_basemod2] 3b8a22eb-26cf-4f44-920e-7e530b6af40a: MM tag refers to bases beyond sequence length
[W::bam_next_basemod] MM tag refers to bases beyond sequence length
[W::hts_idx_load3] The index file is older than the data file: /bip7_disk/pingting114/mixed_bam/COLO829_PAO/TF0_25x/TF0_25x.rep5.bam.bai
[W::hts_idx_load3] The index file is older than the data file: /bip7_disk/pingting114/mixed_bam/COLO829_PAO/TF0_25x/TF0_25x.rep5.bam.bai
[W::hts_idx_load3] The index file is older than the data file: /bip7_disk/pingting114/mixed_bam/COLO829_PAO/TF0_25x/TF0_25x.rep5.bam.bai
[W::hts_idx_load3] The index file is older than the data file: /bip7_disk/pingting114/mixed_bam/COLO829_PAO/TF0_25x/TF0_25x.rep5.bam.bai
[E::bam_parse_basemod2] 99816d3b-64c7-4107-acb7-a506ab2078d7: MM tag refers to bases beyond sequence length
[W::hts_idx_load3] The index file is older than the data file: /bip7_disk/pingting114/mixed_bam/COLO829_PAO/TF0_25x/TF0_25x.rep5.bam.bai
[W::hts_idx_load3] The index file is older than the data file: /bip7_disk/pingting114/mixed_bam/COLO829_PAO/TF0_25x/TF0_25x.rep5.bam.bai
[E::bam_parse_basemod2] 27b7f19b-5f73-411d-be77-4692ae2271f6: MM tag refers to bases beyond sequence length
[E::bam_parse_basemod2] 9382a862-24a2-4d6a-9e8d-25a8883d8339: MM tag refers to bases beyond sequence length
[W::hts_idx_load3] The index file is older than the data file: /bip7_disk/pingting114/mixed_bam/COLO829_PAO/TF0_25x/TF0_25x.rep5.bam.bai
[W::hts_idx_load3] The index file is older than the data file: /bip7_disk/pingting114/mixed_bam/COLO829_PAO/TF0_25x/TF0_25x.rep5.bam.bai
[W::hts_idx_load3] The index file is older than the data file: /bip7_disk/pingting114/mixed_bam/COLO829_PAO/TF0_25x/TF0_25x.rep5.bam.bai
[W::hts_idx_load3] The index file is older than the data file: /bip7_disk/pingting114/mixed_bam/COLO829_PAO/TF0_25x/TF0_25x.rep5.bam.bai
[E::bam_parse_basemod2] 836e1107-a5e4-431b-82d8-0b9d30ed81a0: MM tag refers to bases beyond sequence length
[W::hts_idx_load3] The index file is older than the data file: /bip7_disk/pingting114/mixed_bam/COLO829_PAO/TF0_25x/TF0_25x.rep5.bam.bai
[W::hts_idx_load3] The index file is older than the data file: /bip7_disk/pingting114/mixed_bam/COLO829_PAO/TF0_25x/TF0_25x.rep5.bam.bai
[W::bam_next_basemod] MM tag refers to bases beyond sequence length
[E::bam_parse_basemod2] 0746b5cc-c7e3-4e6f-8c1f-5fc8747133e4: MM tag refers to bases beyond sequence length
[W::hts_idx_load3] The index file is older than the data file: /bip7_disk/pingting114/mixed_bam/COLO829_PAO/TF0_25x/TF0_25x.rep5.bam.bai
[W::hts_idx_load3] The index file is older than the data file: /bip7_disk/pingting114/mixed_bam/COLO829_PAO/TF0_25x/TF0_25x.rep5.bam.bai
[W::hts_idx_load3] The index file is older than the data file: /bip7_disk/pingting114/mixed_bam/COLO829_PAO/TF0_25x/TF0_25x.rep5.bam.bai
[W::bam_next_basemod] MM tag refers to bases beyond sequence length
[W::hts_idx_load3] The index file is older than the data file: /bip7_disk/pingting114/mixed_bam/COLO829_PAO/TF0_25x/TF0_25x.rep5.bam.bai
[W::bam_next_basemod] MM tag refers to bases beyond sequence length
[W::hts_idx_load3] The index file is older than the data file: /bip7_disk/pingting114/mixed_bam/COLO829_PAO/TF0_25x/TF0_25x.rep5.bam.bai
[W::hts_idx_load3] The index file is older than the data file: /bip7_disk/pingting114/mixed_bam/COLO829_PAO/TF0_25x/TF0_25x.rep5.bam.bai
[W::hts_idx_load3] The index file is older than the data file: /bip7_disk/pingting114/mixed_bam/COLO829_PAO/TF0_25x/TF0_25x.rep5.bam.bai
[W::bam_next_basemod] MM tag refers to bases beyond sequence length
[W::hts_idx_load3] The index file is older than the data file: /bip7_disk/pingting114/mixed_bam/COLO829_PAO/TF0_25x/TF0_25x.rep5.bam.bai
[W::hts_idx_load3] The index file is older than the data file: /bip7_disk/pingting114/mixed_bam/COLO829_PAO/TF0_25x/TF0_25x.rep5.bam.bai
[W::hts_idx_load3] The index file is older than the data file: /bip7_disk/pingting114/mixed_bam/COLO829_PAO/TF0_25x/TF0_25x.rep5.bam.bai
[W::hts_idx_load3] The index file is older than the data file: /bip7_disk/pingting114/mixed_bam/COLO829_PAO/TF0_25x/TF0_25x.rep5.bam.bai
[E::bam_parse_basemod2] fa6007f0-7bdf-49f7-99e5-773a219ffc86: MM tag refers to bases beyond sequence length
[W::hts_idx_load3] The index file is older than the data file: /bip7_disk/pingting114/mixed_bam/COLO829_PAO/TF0_25x/TF0_25x.rep5.bam.bai
[W::hts_idx_load3] The index file is older than the data file: /bip7_disk/pingting114/mixed_bam/COLO829_PAO/TF0_25x/TF0_25x.rep5.bam.bai
[W::bam_next_basemod] MM tag refers to bases beyond sequence length
[W::hts_idx_load3] The index file is older than the data file: /bip7_disk/pingting114/mixed_bam/COLO829_PAO/TF0_25x/TF0_25x.rep5.bam.bai
[W::hts_idx_load3] The index file is older than the data file: /bip7_disk/pingting114/mixed_bam/COLO829_PAO/TF0_25x/TF0_25x.rep5.bam.bai
[E::bam_parse_basemod2] 9a19c99c-0a12-419a-9bfb-58db1da0785f: MM tag refers to bases beyond sequence length
[E::bam_parse_basemod2] 3a075474-64d2-4c5a-a8e8-00dfe48d4107: MM tag refers to bases beyond sequence length
[W::hts_idx_load3] The index file is older than the data file: /bip7_disk/pingting114/mixed_bam/COLO829_PAO/TF0_25x/TF0_25x.rep5.bam.bai
[W::hts_idx_load3] The index file is older than the data file: /bip7_disk/pingting114/mixed_bam/COLO829_PAO/TF0_25x/TF0_25x.rep5.bam.bai
[W::hts_idx_load3] The index file is older than the data file: /bip7_disk/pingting114/mixed_bam/COLO829_PAO/TF0_25x/TF0_25x.rep5.bam.bai
[W::hts_idx_load3] The index file is older than the data file: /bip7_disk/pingting114/mixed_bam/COLO829_PAO/TF0_25x/TF0_25x.rep5.bam.bai
[E::bam_parse_basemod2] dac75428-0bc5-42e0-b1a5-c843dce1604f: MM tag refers to bases beyond sequence length
[W::bam_next_basemod] MM tag refers to bases beyond sequence length
[E::bam_parse_basemod2] d9d2108c-108d-4f28-9b63-33a6d6171c58: MM tag refers to bases beyond sequence length
[W::hts_idx_load3] The index file is older than the data file: /bip7_disk/pingting114/mixed_bam/COLO829_PAO/TF0_25x/TF0_25x.rep5.bam.bai
[E::bam_parse_basemod2] a9ca4617-ad0f-43d9-a9fb-7f2a764856ac: MM tag refers to bases beyond sequence length
[W::hts_idx_load3] The index file is older than the data file: /bip7_disk/pingting114/mixed_bam/COLO829_PAO/TF0_25x/TF0_25x.rep5.bam.bai
[W::hts_idx_load3] The index file is older than the data file: /bip7_disk/pingting114/mixed_bam/COLO829_PAO/TF0_25x/TF0_25x.rep5.bam.bai
[E::bam_parse_basemod2] df3d9aeb-865a-4e6e-b690-bc13955fc849: MM tag refers to bases beyond sequence length
[W::bam_next_basemod] MM tag refers to bases beyond sequence length
[W::hts_idx_load3] The index file is older than the data file: /bip7_disk/pingting114/mixed_bam/COLO829_PAO/TF0_25x/TF0_25x.rep5.bam.bai
[W::hts_idx_load3] The index file is older than the data file: /bip7_disk/pingting114/mixed_bam/COLO829_PAO/TF0_25x/TF0_25x.rep5.bam.bai
[W::hts_idx_load3] The index file is older than the data file: /bip7_disk/pingting114/mixed_bam/COLO829_PAO/TF0_25x/TF0_25x.rep5.bam.bai
[W::hts_idx_load3] The index file is older than the data file: /bip7_disk/pingting114/mixed_bam/COLO829_PAO/TF0_25x/TF0_25x.rep5.bam.bai
[E::bam_parse_basemod2] fc4798db-2659-47d3-9710-c6b80d27319d: MM tag refers to bases beyond sequence length
[W::hts_idx_load3] The index file is older than the data file: /bip7_disk/pingting114/mixed_bam/COLO829_PAO/TF0_25x/TF0_25x.rep5.bam.bai
[W::hts_idx_load3] The index file is older than the data file: /bip7_disk/pingting114/mixed_bam/COLO829_PAO/TF0_25x/TF0_25x.rep5.bam.bai
[W::bam_next_basemod] MM tag refers to bases beyond sequence length
[W::bam_next_basemod] MM tag refers to bases beyond sequence length
[W::hts_idx_load3] The index file is older than the data file: /bip7_disk/pingting114/mixed_bam/COLO829_PAO/TF0_25x/TF0_25x.rep5.bam.bai
[E::bam_parse_basemod2] 0f369f36-30f2-4e08-b5f7-fe34f67892ed: MM tag refers to bases beyond sequence length
[W::hts_idx_load3] The index file is older than the data file: /bip7_disk/pingting114/mixed_bam/COLO829_PAO/TF0_25x/TF0_25x.rep5.bam.bai
[W::hts_idx_load3] The index file is older than the data file: /bip7_disk/pingting114/mixed_bam/COLO829_PAO/TF0_25x/TF0_25x.rep5.bam.bai
[E::bam_parse_basemod2] 3d126e59-aad6-43aa-b8d3-7f9d0c290b26: MM tag refers to bases beyond sequence length
[W::hts_idx_load3] The index file is older than the data file: /bip7_disk/pingting114/mixed_bam/COLO829_PAO/TF0_25x/TF0_25x.rep5.bam.bai
[W::hts_idx_load3] The index file is older than the data file: /bip7_disk/pingting114/mixed_bam/COLO829_PAO/TF0_25x/TF0_25x.rep5.bam.bai
[W::hts_idx_load3] The index file is older than the data file: /bip7_disk/pingting114/mixed_bam/COLO829_PAO/TF0_25x/TF0_25x.rep5.bam.bai
[W::hts_idx_load3] The index file is older than the data file: /bip7_disk/pingting114/mixed_bam/COLO829_PAO/TF0_25x/TF0_25x.rep5.bam.bai
[E::bam_parse_basemod2] 781cca3d-e29e-4b16-8ff6-99c196bfffa1: MM tag refers to bases beyond sequence length
[W::hts_idx_load3] The index file is older than the data file: /bip7_disk/pingting114/mixed_bam/COLO829_PAO/TF0_25x/TF0_25x.rep5.bam.bai
[W::hts_idx_load3] The index file is older than the data file: /bip7_disk/pingting114/mixed_bam/COLO829_PAO/TF0_25x/TF0_25x.rep5.bam.bai
[W::hts_idx_load3] The index file is older than the data file: /bip7_disk/pingting114/mixed_bam/COLO829_PAO/TF0_25x/TF0_25x.rep5.bam.bai
[W::hts_idx_load3] The index file is older than the data file: /bip7_disk/pingting114/mixed_bam/COLO829_PAO/TF0_25x/TF0_25x.rep5.bam.bai
[W::hts_idx_load3] The index file is older than the data file: /bip7_disk/pingting114/mixed_bam/COLO829_PAO/TF0_25x/TF0_25x.rep5.bam.bai
[W::hts_idx_load3] The index file is older than the data file: /bip7_disk/pingting114/mixed_bam/COLO829_PAO/TF0_25x/TF0_25x.rep5.bam.bai
[W::bam_next_basemod] MM tag refers to bases beyond sequence length
[W::hts_idx_load3] The index file is older than the data file: /bip7_disk/pingting114/mixed_bam/COLO829_PAO/TF0_25x/TF0_25x.rep5.bam.bai
[W::bam_next_basemod] MM tag refers to bases beyond sequence length
[W::bam_next_basemod] MM tag refers to bases beyond sequence length
[W::hts_idx_load3] The index file is older than the data file: /bip7_disk/pingting114/mixed_bam/COLO829_PAO/TF0_25x/TF0_25x.rep5.bam.bai
[W::hts_idx_load3] The index file is older than the data file: /bip7_disk/pingting114/mixed_bam/COLO829_PAO/TF0_25x/TF0_25x.rep5.bam.bai
[W::hts_idx_load3] The index file is older than the data file: /bip7_disk/pingting114/mixed_bam/COLO829_PAO/TF0_25x/TF0_25x.rep5.bam.bai
[E::bam_parse_basemod2] ff75504f-32a0-4d56-9d4c-61d81642a9c7: MM tag refers to bases beyond sequence length
[E::bam_parse_basemod2] 993cf982-a6fa-4bbe-8a90-e84727491974: MM tag refers to bases beyond sequence length
[W::hts_idx_load3] The index file is older than the data file: /bip7_disk/pingting114/mixed_bam/COLO829_PAO/TF0_25x/TF0_25x.rep5.bam.bai
[W::hts_idx_load3] The index file is older than the data file: /bip7_disk/pingting114/mixed_bam/COLO829_PAO/TF0_25x/TF0_25x.rep5.bam.bai
[W::hts_idx_load3] The index file is older than the data file: /bip7_disk/pingting114/mixed_bam/COLO829_PAO/TF0_25x/TF0_25x.rep5.bam.bai
[W::hts_idx_load3] The index file is older than the data file: /bip7_disk/pingting114/mixed_bam/COLO829_PAO/TF0_25x/TF0_25x.rep5.bam.bai
[W::hts_idx_load3] The index file is older than the data file: /bip7_disk/pingting114/mixed_bam/COLO829_PAO/TF0_25x/TF0_25x.rep5.bam.bai
[W::hts_idx_load3] The index file is older than the data file: /bip7_disk/pingting114/mixed_bam/COLO829_PAO/TF0_25x/TF0_25x.rep5.bam.bai
[W::hts_idx_load3] The index file is older than the data file: /bip7_disk/pingting114/mixed_bam/COLO829_PAO/TF0_25x/TF0_25x.rep5.bam.bai
[E::bam_parse_basemod2] fe794356-dd34-44e9-a692-855a3fb69eb9: MM tag refers to bases beyond sequence length
[W::hts_idx_load3] The index file is older than the data file: /bip7_disk/pingting114/mixed_bam/COLO829_PAO/TF0_25x/TF0_25x.rep5.bam.bai
[W::bam_next_basemod] MM tag refers to bases beyond sequence length
[E::bam_parse_basemod2] 3b8c1106-d0ed-442e-baaf-4ce64d8d0256: MM tag refers to bases beyond sequence length
[W::hts_idx_load3] The index file is older than the data file: /bip7_disk/pingting114/mixed_bam/COLO829_PAO/TF0_25x/TF0_25x.rep5.bam.bai
[W::hts_idx_load3] The index file is older than the data file: /bip7_disk/pingting114/mixed_bam/COLO829_PAO/TF0_25x/TF0_25x.rep5.bam.bai
[W::bam_next_basemod] MM tag refers to bases beyond sequence length
[W::hts_idx_load3] The index file is older than the data file: /bip7_disk/pingting114/mixed_bam/COLO829_PAO/TF0_25x/TF0_25x.rep5.bam.bai
[E::bam_parse_basemod2] 2acf16d4-c1a5-494f-9811-5498fd56cbc9: MM tag refers to bases beyond sequence length
[W::hts_idx_load3] The index file is older than the data file: /bip7_disk/pingting114/mixed_bam/COLO829_PAO/TF0_25x/TF0_25x.rep5.bam.bai
[W::hts_idx_load3] The index file is older than the data file: /bip7_disk/pingting114/mixed_bam/COLO829_PAO/TF0_25x/TF0_25x.rep5.bam.bai
[W::hts_idx_load3] The index file is older than the data file: /bip7_disk/pingting114/mixed_bam/COLO829_PAO/TF0_25x/TF0_25x.rep5.bam.bai
[W::hts_idx_load3] The index file is older than the data file: /bip7_disk/pingting114/mixed_bam/COLO829_PAO/TF0_25x/TF0_25x.rep5.bam.bai
[W::hts_idx_load3] The index file is older than the data file: /bip7_disk/pingting114/mixed_bam/COLO829_PAO/TF0_25x/TF0_25x.rep5.bam.bai
[W::hts_idx_load3] The index file is older than the data file: /bip7_disk/pingting114/mixed_bam/COLO829_PAO/TF0_25x/TF0_25x.rep5.bam.bai
[W::hts_idx_load3] The index file is older than the data file: /bip7_disk/pingting114/mixed_bam/COLO829_PAO/TF0_25x/TF0_25x.rep5.bam.bai
[W::bam_next_basemod] MM tag refers to bases beyond sequence length
[W::hts_idx_load3] The index file is older than the data file: /bip7_disk/pingting114/mixed_bam/COLO829_PAO/TF0_25x/TF0_25x.rep5.bam.bai
[W::bam_next_basemod] MM tag refers to bases beyond sequence length
[E::bam_parse_basemod2] bdb15c33-7622-4d3c-947e-16633e15114c: MM tag refers to bases beyond sequence length
[W::hts_idx_load3] The index file is older than the data file: /bip7_disk/pingting114/mixed_bam/COLO829_PAO/TF0_25x/TF0_25x.rep5.bam.bai
[W::hts_idx_load3] The index file is older than the data file: /bip7_disk/pingting114/mixed_bam/COLO829_PAO/TF0_25x/TF0_25x.rep5.bam.bai
[W::hts_idx_load3] The index file is older than the data file: /bip7_disk/pingting114/mixed_bam/COLO829_PAO/TF0_25x/TF0_25x.rep5.bam.bai
[E::bam_parse_basemod2] 3f1088bb-cb2b-46f6-9416-0f9ce0dc88a8: MM tag refers to bases beyond sequence length
[W::hts_idx_load3] The index file is older than the data file: /bip7_disk/pingting114/mixed_bam/COLO829_PAO/TF0_25x/TF0_25x.rep5.bam.bai
[W::hts_idx_load3] The index file is older than the data file: /bip7_disk/pingting114/mixed_bam/COLO829_PAO/TF0_25x/TF0_25x.rep5.bam.bai
[W::hts_idx_load3] The index file is older than the data file: /bip7_disk/pingting114/mixed_bam/COLO829_PAO/TF0_25x/TF0_25x.rep5.bam.bai
[W::hts_idx_load3] The index file is older than the data file: /bip7_disk/pingting114/mixed_bam/COLO829_PAO/TF0_25x/TF0_25x.rep5.bam.bai
[W::hts_idx_load3] The index file is older than the data file: /bip7_disk/pingting114/mixed_bam/COLO829_PAO/TF0_25x/TF0_25x.rep5.bam.bai
[W::hts_idx_load3] The index file is older than the data file: /bip7_disk/pingting114/mixed_bam/COLO829_PAO/TF0_25x/TF0_25x.rep5.bam.bai
[W::hts_idx_load3] The index file is older than the data file: /bip7_disk/pingting114/mixed_bam/COLO829_PAO/TF0_25x/TF0_25x.rep5.bam.bai
[W::hts_idx_load3] The index file is older than the data file: /bip7_disk/pingting114/mixed_bam/COLO829_PAO/TF0_25x/TF0_25x.rep5.bam.bai
[W::hts_idx_load3] The index file is older than the data file: /bip7_disk/pingting114/mixed_bam/COLO829_PAO/TF0_25x/TF0_25x.rep5.bam.bai
[W::hts_idx_load3] The index file is older than the data file: /bip7_disk/pingting114/mixed_bam/COLO829_PAO/TF0_25x/TF0_25x.rep5.bam.bai
[E::bam_parse_basemod2] 58397e8a-937e-4a91-8d3b-85624e664ab8: MM tag refers to bases beyond sequence length
[W::hts_idx_load3] The index file is older than the data file: /bip7_disk/pingting114/mixed_bam/COLO829_PAO/TF0_25x/TF0_25x.rep5.bam.bai
[W::hts_idx_load3] The index file is older than the data file: /bip7_disk/pingting114/mixed_bam/COLO829_PAO/TF0_25x/TF0_25x.rep5.bam.bai
[W::hts_idx_load3] The index file is older than the data file: /bip7_disk/pingting114/mixed_bam/COLO829_PAO/TF0_25x/TF0_25x.rep5.bam.bai
[W::hts_idx_load3] The index file is older than the data file: /bip7_disk/pingting114/mixed_bam/COLO829_PAO/TF0_25x/TF0_25x.rep5.bam.bai
[W::hts_idx_load3] The index file is older than the data file: /bip7_disk/pingting114/mixed_bam/COLO829_PAO/TF0_25x/TF0_25x.rep5.bam.bai
[W::hts_idx_load3] The index file is older than the data file: /bip7_disk/pingting114/mixed_bam/COLO829_PAO/TF0_25x/TF0_25x.rep5.bam.bai
[W::hts_idx_load3] The index file is older than the data file: /bip7_disk/pingting114/mixed_bam/COLO829_PAO/TF0_25x/TF0_25x.rep5.bam.bai
[W::hts_idx_load3] The index file is older than the data file: /bip7_disk/pingting114/mixed_bam/COLO829_PAO/TF0_25x/TF0_25x.rep5.bam.bai
[W::hts_idx_load3] The index file is older than the data file: /bip7_disk/pingting114/mixed_bam/COLO829_PAO/TF0_25x/TF0_25x.rep5.bam.bai
[W::hts_idx_load3] The index file is older than the data file: /bip7_disk/pingting114/mixed_bam/COLO829_PAO/TF0_25x/TF0_25x.rep5.bam.bai
[W::hts_idx_load3] The index file is older than the data file: /bip7_disk/pingting114/mixed_bam/COLO829_PAO/TF0_25x/TF0_25x.rep5.bam.bai
[W::hts_idx_load3] The index file is older than the data file: /bip7_disk/pingting114/mixed_bam/COLO829_PAO/TF0_25x/TF0_25x.rep5.bam.bai
[W::hts_idx_load3] The index file is older than the data file: /bip7_disk/pingting114/mixed_bam/COLO829_PAO/TF0_25x/TF0_25x.rep5.bam.bai
[W::hts_idx_load3] The index file is older than the data file: /bip7_disk/pingting114/mixed_bam/COLO829_PAO/TF0_25x/TF0_25x.rep5.bam.bai
[W::hts_idx_load3] The index file is older than the data file: /bip7_disk/pingting114/mixed_bam/COLO829_PAO/TF0_25x/TF0_25x.rep5.bam.bai
[W::hts_idx_load3] The index file is older than the data file: /bip7_disk/pingting114/mixed_bam/COLO829_PAO/TF0_25x/TF0_25x.rep5.bam.bai
[W::hts_idx_load3] The index file is older than the data file: /bip7_disk/pingting114/mixed_bam/COLO829_PAO/TF0_25x/TF0_25x.rep5.bam.bai
[W::hts_idx_load3] The index file is older than the data file: /bip7_disk/pingting114/mixed_bam/COLO829_PAO/TF0_25x/TF0_25x.rep5.bam.bai
[W::bam_next_basemod] MM tag refers to bases beyond sequence length
[E::bam_parse_basemod2] e1a385fa-8236-40bc-a29f-d824f0bcf197: MM tag refers to bases beyond sequence length
[W::hts_idx_load3] The index file is older than the data file: /bip7_disk/pingting114/mixed_bam/COLO829_PAO/TF0_25x/TF0_25x.rep5.bam.bai
[W::hts_idx_load3] The index file is older than the data file: /bip7_disk/pingting114/mixed_bam/COLO829_PAO/TF0_25x/TF0_25x.rep5.bam.bai
[W::bam_next_basemod] MM tag refers to bases beyond sequence length
[W::hts_idx_load3] The index file is older than the data file: /bip7_disk/pingting114/mixed_bam/COLO829_PAO/TF0_25x/TF0_25x.rep5.bam.bai
[W::bam_next_basemod] MM tag refers to bases beyond sequence length
[W::hts_idx_load3] The index file is older than the data file: /bip7_disk/pingting114/mixed_bam/COLO829_PAO/TF0_25x/TF0_25x.rep5.bam.bai
[W::bam_next_basemod] MM tag refers to bases beyond sequence length
[W::hts_idx_load3] The index file is older than the data file: /bip7_disk/pingting114/mixed_bam/COLO829_PAO/TF0_25x/TF0_25x.rep5.bam.bai
[W::hts_idx_load3] The index file is older than the data file: /bip7_disk/pingting114/mixed_bam/COLO829_PAO/TF0_25x/TF0_25x.rep5.bam.bai
[W::hts_idx_load3] The index file is older than the data file: /bip7_disk/pingting114/mixed_bam/COLO829_PAO/TF0_25x/TF0_25x.rep5.bam.bai
[E::bam_parse_basemod2] cbb6d20f-96ee-476a-8ad5-13c8b9b0c797: MM tag refers to bases beyond sequence length
[W::hts_idx_load3] The index file is older than the data file: /bip7_disk/pingting114/mixed_bam/COLO829_PAO/TF0_25x/TF0_25x.rep5.bam.bai
[W::hts_idx_load3] The index file is older than the data file: /bip7_disk/pingting114/mixed_bam/COLO829_PAO/TF0_25x/TF0_25x.rep5.bam.bai
[W::hts_idx_load3] The index file is older than the data file: /bip7_disk/pingting114/mixed_bam/COLO829_PAO/TF0_25x/TF0_25x.rep5.bam.bai
[W::bam_next_basemod] MM tag refers to bases beyond sequence length
[W::bam_next_basemod] MM tag refers to bases beyond sequence length
[W::hts_idx_load3] The index file is older than the data file: /bip7_disk/pingting114/mixed_bam/COLO829_PAO/TF0_25x/TF0_25x.rep5.bam.bai
[W::bam_next_basemod] MM tag refers to bases beyond sequence length
[W::hts_idx_load3] The index file is older than the data file: /bip7_disk/pingting114/mixed_bam/COLO829_PAO/TF0_25x/TF0_25x.rep5.bam.bai
[W::hts_idx_load3] The index file is older than the data file: /bip7_disk/pingting114/mixed_bam/COLO829_PAO/TF0_25x/TF0_25x.rep5.bam.bai
[W::hts_idx_load3] The index file is older than the data file: /bip7_disk/pingting114/mixed_bam/COLO829_PAO/TF0_25x/TF0_25x.rep5.bam.bai
[W::hts_idx_load3] The index file is older than the data file: /bip7_disk/pingting114/mixed_bam/COLO829_PAO/TF0_25x/TF0_25x.rep5.bam.bai
[W::bam_next_basemod] MM tag refers to bases beyond sequence length
[W::hts_idx_load3] The index file is older than the data file: /bip7_disk/pingting114/mixed_bam/COLO829_PAO/TF0_25x/TF0_25x.rep5.bam.bai
[W::bam_next_basemod] MM tag refers to bases beyond sequence length
[W::hts_idx_load3] The index file is older than the data file: /bip7_disk/pingting114/mixed_bam/COLO829_PAO/TF0_25x/TF0_25x.rep5.bam.bai
[W::hts_idx_load3] The index file is older than the data file: /bip7_disk/pingting114/mixed_bam/COLO829_PAO/TF0_25x/TF0_25x.rep5.bam.bai
[W::hts_idx_load3] The index file is older than the data file: /bip7_disk/pingting114/mixed_bam/COLO829_PAO/TF0_25x/TF0_25x.rep5.bam.bai
[E::bam_parse_basemod2] 75091089-b291-4774-a9e6-6f7264ac05df: MM tag refers to bases beyond sequence length
[W::hts_idx_load3] The index file is older than the data file: /bip7_disk/pingting114/mixed_bam/COLO829_PAO/TF0_25x/TF0_25x.rep5.bam.bai
[W::bam_next_basemod] MM tag refers to bases beyond sequence length
[W::hts_idx_load3] The index file is older than the data file: /bip7_disk/pingting114/mixed_bam/COLO829_PAO/TF0_25x/TF0_25x.rep5.bam.bai
[W::hts_idx_load3] The index file is older than the data file: /bip7_disk/pingting114/mixed_bam/COLO829_PAO/TF0_25x/TF0_25x.rep5.bam.bai
[W::hts_idx_load3] The index file is older than the data file: /bip7_disk/pingting114/mixed_bam/COLO829_PAO/TF0_25x/TF0_25x.rep5.bam.bai
[W::hts_idx_load3] The index file is older than the data file: /bip7_disk/pingting114/mixed_bam/COLO829_PAO/TF0_25x/TF0_25x.rep5.bam.bai
[E::bam_parse_basemod2] 9e04e0e9-70c8-4492-aab6-e5fd38648721: MM tag refers to bases beyond sequence length
[W::hts_idx_load3] The index file is older than the data file: /bip7_disk/pingting114/mixed_bam/COLO829_PAO/TF0_25x/TF0_25x.rep5.bam.bai
[W::hts_idx_load3] The index file is older than the data file: /bip7_disk/pingting114/mixed_bam/COLO829_PAO/TF0_25x/TF0_25x.rep5.bam.bai
[W::hts_idx_load3] The index file is older than the data file: /bip7_disk/pingting114/mixed_bam/COLO829_PAO/TF0_25x/TF0_25x.rep5.bam.bai
[W::hts_idx_load3] The index file is older than the data file: /bip7_disk/pingting114/mixed_bam/COLO829_PAO/TF0_25x/TF0_25x.rep5.bam.bai
[E::bam_parse_basemod2] 04919def-1f37-4f61-a7e2-320a6a63a43e: MM tag refers to bases beyond sequence length
[W::hts_idx_load3] The index file is older than the data file: /bip7_disk/pingting114/mixed_bam/COLO829_PAO/TF0_25x/TF0_25x.rep5.bam.bai
[E::bam_parse_basemod2] 83c43feb-a02f-4e2a-bd01-28d037dd31d0: MM tag refers to bases beyond sequence length
[W::bam_next_basemod] MM tag refers to bases beyond sequence length
[W::hts_idx_load3] The index file is older than the data file: /bip7_disk/pingting114/mixed_bam/COLO829_PAO/TF0_25x/TF0_25x.rep5.bam.bai
[W::hts_idx_load3] The index file is older than the data file: /bip7_disk/pingting114/mixed_bam/COLO829_PAO/TF0_25x/TF0_25x.rep5.bam.bai
[W::hts_idx_load3] The index file is older than the data file: /bip7_disk/pingting114/mixed_bam/COLO829_PAO/TF0_25x/TF0_25x.rep5.bam.bai
[W::bam_next_basemod] MM tag refers to bases beyond sequence length
[W::hts_idx_load3] The index file is older than the data file: /bip7_disk/pingting114/mixed_bam/COLO829_PAO/TF0_25x/TF0_25x.rep5.bam.bai
[W::hts_idx_load3] The index file is older than the data file: /bip7_disk/pingting114/mixed_bam/COLO829_PAO/TF0_25x/TF0_25x.rep5.bam.bai
[E::bam_parse_basemod2] 8caef7f2-5287-44ae-b437-c7b44d0aea42: MM tag refers to bases beyond sequence length
[W::hts_idx_load3] The index file is older than the data file: /bip7_disk/pingting114/mixed_bam/COLO829_PAO/TF0_25x/TF0_25x.rep5.bam.bai
[W::bam_next_basemod] MM tag refers to bases beyond sequence length
[W::hts_idx_load3] The index file is older than the data file: /bip7_disk/pingting114/mixed_bam/COLO829_PAO/TF0_25x/TF0_25x.rep5.bam.bai
[W::bam_next_basemod] MM tag refers to bases beyond sequence length
[E::bam_parse_basemod2] 39998301-34b7-474c-9c4b-0617f96ba46b: MM tag refers to bases beyond sequence length
[W::hts_idx_load3] The index file is older than the data file: /bip7_disk/pingting114/mixed_bam/COLO829_PAO/TF0_25x/TF0_25x.rep5.bam.bai
[W::bam_next_basemod] MM tag refers to bases beyond sequence length
[W::hts_idx_load3] The index file is older than the data file: /bip7_disk/pingting114/mixed_bam/COLO829_PAO/TF0_25x/TF0_25x.rep5.bam.bai
[W::hts_idx_load3] The index file is older than the data file: /bip7_disk/pingting114/mixed_bam/COLO829_PAO/TF0_25x/TF0_25x.rep5.bam.bai
[W::bam_next_basemod] MM tag refers to bases beyond sequence length
[W::hts_idx_load3] The index file is older than the data file: /bip7_disk/pingting114/mixed_bam/COLO829_PAO/TF0_25x/TF0_25x.rep5.bam.bai
[W::hts_idx_load3] The index file is older than the data file: /bip7_disk/pingting114/mixed_bam/COLO829_PAO/TF0_25x/TF0_25x.rep5.bam.bai
[W::hts_idx_load3] The index file is older than the data file: /bip7_disk/pingting114/mixed_bam/COLO829_PAO/TF0_25x/TF0_25x.rep5.bam.bai
[E::bam_parse_basemod2] 45d0bca2-6c26-4929-9793-3845186f22a0: MM tag refers to bases beyond sequence length
[E::bam_parse_basemod2] 13f0884a-2840-4adc-a796-dbec1243b9a8: MM tag refers to bases beyond sequence length
[W::hts_idx_load3] The index file is older than the data file: /bip7_disk/pingting114/mixed_bam/COLO829_PAO/TF0_25x/TF0_25x.rep5.bam.bai
[W::bam_next_basemod] MM tag refers to bases beyond sequence length
[W::hts_idx_load3] The index file is older than the data file: /bip7_disk/pingting114/mixed_bam/COLO829_PAO/TF0_25x/TF0_25x.rep5.bam.bai
[W::hts_idx_load3] The index file is older than the data file: /bip7_disk/pingting114/mixed_bam/COLO829_PAO/TF0_25x/TF0_25x.rep5.bam.bai
[W::hts_idx_load3] The index file is older than the data file: /bip7_disk/pingting114/mixed_bam/COLO829_PAO/TF0_25x/TF0_25x.rep5.bam.bai
[W::hts_idx_load3] The index file is older than the data file: /bip7_disk/pingting114/mixed_bam/COLO829_PAO/TF0_25x/TF0_25x.rep5.bam.bai
[W::hts_idx_load3] The index file is older than the data file: /bip7_disk/pingting114/mixed_bam/COLO829_PAO/TF0_25x/TF0_25x.rep5.bam.bai
[W::hts_idx_load3] The index file is older than the data file: /bip7_disk/pingting114/mixed_bam/COLO829_PAO/TF0_25x/TF0_25x.rep5.bam.bai
[W::hts_idx_load3] The index file is older than the data file: /bip7_disk/pingting114/mixed_bam/COLO829_PAO/TF0_25x/TF0_25x.rep5.bam.bai
[E::bam_parse_basemod2] afe1d06b-01f3-4952-904c-5683db2784e9: MM tag refers to bases beyond sequence length
[W::hts_idx_load3] The index file is older than the data file: /bip7_disk/pingting114/mixed_bam/COLO829_PAO/TF0_25x/TF0_25x.rep5.bam.bai
[E::bam_parse_basemod2] 1ac53a27-72bd-437c-8526-4162b840433f: MM tag refers to bases beyond sequence length
[W::hts_idx_load3] The index file is older than the data file: /bip7_disk/pingting114/mixed_bam/COLO829_PAO/TF0_25x/TF0_25x.rep5.bam.bai
[W::hts_idx_load3] The index file is older than the data file: /bip7_disk/pingting114/mixed_bam/COLO829_PAO/TF0_25x/TF0_25x.rep5.bam.bai
[E::bam_parse_basemod2] c0913022-62e3-4cd0-93a6-61a5f84fc1ef: MM tag refers to bases beyond sequence length
[W::hts_idx_load3] The index file is older than the data file: /bip7_disk/pingting114/mixed_bam/COLO829_PAO/TF0_25x/TF0_25x.rep5.bam.bai
[W::hts_idx_load3] The index file is older than the data file: /bip7_disk/pingting114/mixed_bam/COLO829_PAO/TF0_25x/TF0_25x.rep5.bam.bai
[W::hts_idx_load3] The index file is older than the data file: /bip7_disk/pingting114/mixed_bam/COLO829_PAO/TF0_25x/TF0_25x.rep5.bam.bai
[W::hts_idx_load3] The index file is older than the data file: /bip7_disk/pingting114/mixed_bam/COLO829_PAO/TF0_25x/TF0_25x.rep5.bam.bai
[W::hts_idx_load3] The index file is older than the data file: /bip7_disk/pingting114/mixed_bam/COLO829_PAO/TF0_25x/TF0_25x.rep5.bam.bai
[W::bam_next_basemod] MM tag refers to bases beyond sequence length
[W::hts_idx_load3] The index file is older than the data file: /bip7_disk/pingting114/mixed_bam/COLO829_PAO/TF0_25x/TF0_25x.rep5.bam.bai
[W::hts_idx_load3] The index file is older than the data file: /bip7_disk/pingting114/mixed_bam/COLO829_PAO/TF0_25x/TF0_25x.rep5.bam.bai
[E::bam_parse_basemod2] 10a86df4-d3b1-4c5e-9ff9-3ad53a8188bf: MM tag refers to bases beyond sequence length
[W::bam_next_basemod] MM tag refers to bases beyond sequence length
[W::hts_idx_load3] The index file is older than the data file: /bip7_disk/pingting114/mixed_bam/COLO829_PAO/TF0_25x/TF0_25x.rep5.bam.bai
[W::hts_idx_load3] The index file is older than the data file: /bip7_disk/pingting114/mixed_bam/COLO829_PAO/TF0_25x/TF0_25x.rep5.bam.bai
[W::hts_idx_load3] The index file is older than the data file: /bip7_disk/pingting114/mixed_bam/COLO829_PAO/TF0_25x/TF0_25x.rep5.bam.bai
[W::hts_idx_load3] The index file is older than the data file: /bip7_disk/pingting114/mixed_bam/COLO829_PAO/TF0_25x/TF0_25x.rep5.bam.bai
[W::hts_idx_load3] The index file is older than the data file: /bip7_disk/pingting114/mixed_bam/COLO829_PAO/TF0_25x/TF0_25x.rep5.bam.bai
[E::bam_parse_basemod2] a39bb30c-0927-4922-bdd3-a94b1638635d: MM tag refers to bases beyond sequence length
[E::bam_parse_basemod2] c22e9424-4a5d-4c44-bbe8-032d3d4e26f1: MM tag refers to bases beyond sequence length
[W::hts_idx_load3] The index file is older than the data file: /bip7_disk/pingting114/mixed_bam/COLO829_PAO/TF0_25x/TF0_25x.rep5.bam.bai
[W::bam_next_basemod] MM tag refers to bases beyond sequence length
[W::hts_idx_load3] The index file is older than the data file: /bip7_disk/pingting114/mixed_bam/COLO829_PAO/TF0_25x/TF0_25x.rep5.bam.bai
[W::hts_idx_load3] The index file is older than the data file: /bip7_disk/pingting114/mixed_bam/COLO829_PAO/TF0_25x/TF0_25x.rep5.bam.bai
[W::hts_idx_load3] The index file is older than the data file: /bip7_disk/pingting114/mixed_bam/COLO829_PAO/TF0_25x/TF0_25x.rep5.bam.bai
[W::hts_idx_load3] The index file is older than the data file: /bip7_disk/pingting114/mixed_bam/COLO829_PAO/TF0_25x/TF0_25x.rep5.bam.bai
[W::hts_idx_load3] The index file is older than the data file: /bip7_disk/pingting114/mixed_bam/COLO829_PAO/TF0_25x/TF0_25x.rep5.bam.bai
[W::bam_next_basemod] MM tag refers to bases beyond sequence length
[W::bam_next_basemod] MM tag refers to bases beyond sequence length
[W::hts_idx_load3] The index file is older than the data file: /bip7_disk/pingting114/mixed_bam/COLO829_PAO/TF0_25x/TF0_25x.rep5.bam.bai
[W::hts_idx_load3] The index file is older than the data file: /bip7_disk/pingting114/mixed_bam/COLO829_PAO/TF0_25x/TF0_25x.rep5.bam.bai
[E::bam_parse_basemod2] b536c5a7-0a09-4c4a-9415-e2c8302d844f: MM tag refers to bases beyond sequence length
[E::bam_parse_basemod2] 78d1789d-cc81-4553-8a2a-359c4012ab96: MM tag refers to bases beyond sequence length
[W::hts_idx_load3] The index file is older than the data file: /bip7_disk/pingting114/mixed_bam/COLO829_PAO/TF0_25x/TF0_25x.rep5.bam.bai
[W::hts_idx_load3] The index file is older than the data file: /bip7_disk/pingting114/mixed_bam/COLO829_PAO/TF0_25x/TF0_25x.rep5.bam.bai
[W::hts_idx_load3] The index file is older than the data file: /bip7_disk/pingting114/mixed_bam/COLO829_PAO/TF0_25x/TF0_25x.rep5.bam.bai
[W::hts_idx_load3] The index file is older than the data file: /bip7_disk/pingting114/mixed_bam/COLO829_PAO/TF0_25x/TF0_25x.rep5.bam.bai
[W::hts_idx_load3] The index file is older than the data file: /bip7_disk/pingting114/mixed_bam/COLO829_PAO/TF0_25x/TF0_25x.rep5.bam.bai
[E::bam_parse_basemod2] 035dcc9a-cb19-4e6e-82b6-47743783681e: MM tag refers to bases beyond sequence length
[W::hts_idx_load3] The index file is older than the data file: /bip7_disk/pingting114/mixed_bam/COLO829_PAO/TF0_25x/TF0_25x.rep5.bam.bai
[W::hts_idx_load3] The index file is older than the data file: /bip7_disk/pingting114/mixed_bam/COLO829_PAO/TF0_25x/TF0_25x.rep5.bam.bai
[W::hts_idx_load3] The index file is older than the data file: /bip7_disk/pingting114/mixed_bam/COLO829_PAO/TF0_25x/TF0_25x.rep5.bam.bai
[W::hts_idx_load3] The index file is older than the data file: /bip7_disk/pingting114/mixed_bam/COLO829_PAO/TF0_25x/TF0_25x.rep5.bam.bai
[W::hts_idx_load3] The index file is older than the data file: /bip7_disk/pingting114/mixed_bam/COLO829_PAO/TF0_25x/TF0_25x.rep5.bam.bai
[W::hts_idx_load3] The index file is older than the data file: /bip7_disk/pingting114/mixed_bam/COLO829_PAO/TF0_25x/TF0_25x.rep5.bam.bai
[W::bam_next_basemod] MM tag refers to bases beyond sequence length
[W::hts_idx_load3] The index file is older than the data file: /bip7_disk/pingting114/mixed_bam/COLO829_PAO/TF0_25x/TF0_25x.rep5.bam.bai
[E::bam_parse_basemod2] 15af6637-8ce9-425e-8f80-b354beea1808: MM tag refers to bases beyond sequence length
[W::hts_idx_load3] The index file is older than the data file: /bip7_disk/pingting114/mixed_bam/COLO829_PAO/TF0_25x/TF0_25x.rep5.bam.bai
[W::hts_idx_load3] The index file is older than the data file: /bip7_disk/pingting114/mixed_bam/COLO829_PAO/TF0_25x/TF0_25x.rep5.bam.bai
[W::hts_idx_load3] The index file is older than the data file: /bip7_disk/pingting114/mixed_bam/COLO829_PAO/TF0_25x/TF0_25x.rep5.bam.bai
[W::hts_idx_load3] The index file is older than the data file: /bip7_disk/pingting114/mixed_bam/COLO829_PAO/TF0_25x/TF0_25x.rep5.bam.bai
[W::hts_idx_load3] The index file is older than the data file: /bip7_disk/pingting114/mixed_bam/COLO829_PAO/TF0_25x/TF0_25x.rep5.bam.bai
[W::hts_idx_load3] The index file is older than the data file: /bip7_disk/pingting114/mixed_bam/COLO829_PAO/TF0_25x/TF0_25x.rep5.bam.bai
[W::hts_idx_load3] The index file is older than the data file: /bip7_disk/pingting114/mixed_bam/COLO829_PAO/TF0_25x/TF0_25x.rep5.bam.bai
[W::hts_idx_load3] The index file is older than the data file: /bip7_disk/pingting114/mixed_bam/COLO829_PAO/TF0_25x/TF0_25x.rep5.bam.bai
[W::bam_next_basemod] MM tag refers to bases beyond sequence length
[W::hts_idx_load3] The index file is older than the data file: /bip7_disk/pingting114/mixed_bam/COLO829_PAO/TF0_25x/TF0_25x.rep5.bam.bai
[W::hts_idx_load3] The index file is older than the data file: /bip7_disk/pingting114/mixed_bam/COLO829_PAO/TF0_25x/TF0_25x.rep5.bam.bai
[W::hts_idx_load3] The index file is older than the data file: /bip7_disk/pingting114/mixed_bam/COLO829_PAO/TF0_25x/TF0_25x.rep5.bam.bai
[W::hts_idx_load3] The index file is older than the data file: /bip7_disk/pingting114/mixed_bam/COLO829_PAO/TF0_25x/TF0_25x.rep5.bam.bai
[E::bam_parse_basemod2] fb4aed07-3a56-4ae1-8c0e-beefa37d359f: MM tag refers to bases beyond sequence length
[W::hts_idx_load3] The index file is older than the data file: /bip7_disk/pingting114/mixed_bam/COLO829_PAO/TF0_25x/TF0_25x.rep5.bam.bai
[W::hts_idx_load3] The index file is older than the data file: /bip7_disk/pingting114/mixed_bam/COLO829_PAO/TF0_25x/TF0_25x.rep5.bam.bai
[W::bam_next_basemod] MM tag refers to bases beyond sequence length
[W::hts_idx_load3] The index file is older than the data file: /bip7_disk/pingting114/mixed_bam/COLO829_PAO/TF0_25x/TF0_25x.rep5.bam.bai
[E::bam_parse_basemod2] e6d7109f-7757-42f8-84c9-29b3d6c828e9: MM tag refers to bases beyond sequence length
[W::hts_idx_load3] The index file is older than the data file: /bip7_disk/pingting114/mixed_bam/COLO829_PAO/TF0_25x/TF0_25x.rep5.bam.bai
[W::hts_idx_load3] The index file is older than the data file: /bip7_disk/pingting114/mixed_bam/COLO829_PAO/TF0_25x/TF0_25x.rep5.bam.bai
[W::hts_idx_load3] The index file is older than the data file: /bip7_disk/pingting114/mixed_bam/COLO829_PAO/TF0_25x/TF0_25x.rep5.bam.bai
[W::hts_idx_load3] The index file is older than the data file: /bip7_disk/pingting114/mixed_bam/COLO829_PAO/TF0_25x/TF0_25x.rep5.bam.bai
[W::bam_next_basemod] MM tag refers to bases beyond sequence length
[E::bam_parse_basemod2] 846c2a84-8573-466a-a875-a6a4154a1f34: MM tag refers to bases beyond sequence length
[W::hts_idx_load3] The index file is older than the data file: /bip7_disk/pingting114/mixed_bam/COLO829_PAO/TF0_25x/TF0_25x.rep5.bam.bai
[E::bam_parse_basemod2] a06996ef-d05a-4dbb-8772-b3bbd0f126f2: MM tag refers to bases beyond sequence length
[W::hts_idx_load3] The index file is older than the data file: /bip7_disk/pingting114/mixed_bam/COLO829_PAO/TF0_25x/TF0_25x.rep5.bam.bai
[W::bam_next_basemod] MM tag refers to bases beyond sequence length
[W::bam_next_basemod] MM tag refers to bases beyond sequence length
[W::hts_idx_load3] The index file is older than the data file: /bip7_disk/pingting114/mixed_bam/COLO829_PAO/TF0_25x/TF0_25x.rep5.bam.bai
[W::bam_next_basemod] MM tag refers to bases beyond sequence length
[W::hts_idx_load3] The index file is older than the data file: /bip7_disk/pingting114/mixed_bam/COLO829_PAO/TF0_25x/TF0_25x.rep5.bam.bai
[W::hts_idx_load3] The index file is older than the data file: /bip7_disk/pingting114/mixed_bam/COLO829_PAO/TF0_25x/TF0_25x.rep5.bam.bai
[E::bam_parse_basemod2] b7c21aee-0c4f-42b1-a55b-1a8927b772fa: MM tag refers to bases beyond sequence length
[W::hts_idx_load3] The index file is older than the data file: /bip7_disk/pingting114/mixed_bam/COLO829_PAO/TF0_25x/TF0_25x.rep5.bam.bai
[W::bam_next_basemod] MM tag refers to bases beyond sequence length
[W::bam_next_basemod] MM tag refers to bases beyond sequence length
[W::hts_idx_load3] The index file is older than the data file: /bip7_disk/pingting114/mixed_bam/COLO829_PAO/TF0_25x/TF0_25x.rep5.bam.bai
[W::hts_idx_load3] The index file is older than the data file: /bip7_disk/pingting114/mixed_bam/COLO829_PAO/TF0_25x/TF0_25x.rep5.bam.bai
[E::bam_parse_basemod2] 557e0b95-ce99-4230-b56b-32cf5fc1972b: MM tag refers to bases beyond sequence length
[W::hts_idx_load3] The index file is older than the data file: /bip7_disk/pingting114/mixed_bam/COLO829_PAO/TF0_25x/TF0_25x.rep5.bam.bai
[E::bam_parse_basemod2] 601c70ba-1b01-4d7e-bf82-a0974a5bc901: MM tag refers to bases beyond sequence length
[W::hts_idx_load3] The index file is older than the data file: /bip7_disk/pingting114/mixed_bam/COLO829_PAO/TF0_25x/TF0_25x.rep5.bam.bai
[W::hts_idx_load3] The index file is older than the data file: /bip7_disk/pingting114/mixed_bam/COLO829_PAO/TF0_25x/TF0_25x.rep5.bam.bai
[E::bam_parse_basemod2] e7e621d2-0bea-48c7-9b8f-c8d8209ad068: MM tag refers to bases beyond sequence length
[W::hts_idx_load3] The index file is older than the data file: /bip7_disk/pingting114/mixed_bam/COLO829_PAO/TF0_25x/TF0_25x.rep5.bam.bai
[W::bam_next_basemod] MM tag refers to bases beyond sequence length
[W::bam_next_basemod] MM tag refers to bases beyond sequence length
[W::hts_idx_load3] The index file is older than the data file: /bip7_disk/pingting114/mixed_bam/COLO829_PAO/TF0_25x/TF0_25x.rep5.bam.bai
[W::hts_idx_load3] The index file is older than the data file: /bip7_disk/pingting114/mixed_bam/COLO829_PAO/TF0_25x/TF0_25x.rep5.bam.bai
[W::hts_idx_load3] The index file is older than the data file: /bip7_disk/pingting114/mixed_bam/COLO829_PAO/TF0_25x/TF0_25x.rep5.bam.bai
[E::bam_parse_basemod2] 238fdd9d-ed9c-46fc-b5dd-1544723a2cd4: MM tag refers to bases beyond sequence length
[E::bam_parse_basemod2] 7463726d-5d2f-4b02-9a1c-59cb2bab84a7: MM tag refers to bases beyond sequence length
[W::hts_idx_load3] The index file is older than the data file: /bip7_disk/pingting114/mixed_bam/COLO829_PAO/TF0_25x/TF0_25x.rep5.bam.bai
[W::hts_idx_load3] The index file is older than the data file: /bip7_disk/pingting114/mixed_bam/COLO829_PAO/TF0_25x/TF0_25x.rep5.bam.bai
[E::bam_parse_basemod2] 9a24a191-9301-4017-844e-d99bfe84bd9e: MM tag refers to bases beyond sequence length
[W::hts_idx_load3] The index file is older than the data file: /bip7_disk/pingting114/mixed_bam/COLO829_PAO/TF0_25x/TF0_25x.rep5.bam.bai
[W::bam_next_basemod] MM tag refers to bases beyond sequence length
[E::bam_parse_basemod2] 387a05f2-132b-427f-9188-a7cfe3881b52: MM tag refers to bases beyond sequence length
[W::hts_idx_load3] The index file is older than the data file: /bip7_disk/pingting114/mixed_bam/COLO829_PAO/TF0_25x/TF0_25x.rep5.bam.bai
[W::hts_idx_load3] The index file is older than the data file: /bip7_disk/pingting114/mixed_bam/COLO829_PAO/TF0_25x/TF0_25x.rep5.bam.bai
[W::bam_next_basemod] MM tag refers to bases beyond sequence length
[W::hts_idx_load3] The index file is older than the data file: /bip7_disk/pingting114/mixed_bam/COLO829_PAO/TF0_25x/TF0_25x.rep5.bam.bai
[W::hts_idx_load3] The index file is older than the data file: /bip7_disk/pingting114/mixed_bam/COLO829_PAO/TF0_25x/TF0_25x.rep5.bam.bai
[W::bam_next_basemod] MM tag refers to bases beyond sequence length
[W::hts_idx_load3] The index file is older than the data file: /bip7_disk/pingting114/mixed_bam/COLO829_PAO/TF0_25x/TF0_25x.rep5.bam.bai
[W::hts_idx_load3] The index file is older than the data file: /bip7_disk/pingting114/mixed_bam/COLO829_PAO/TF0_25x/TF0_25x.rep5.bam.bai
[W::hts_idx_load3] The index file is older than the data file: /bip7_disk/pingting114/mixed_bam/COLO829_PAO/TF0_25x/TF0_25x.rep5.bam.bai
[W::hts_idx_load3] The index file is older than the data file: /bip7_disk/pingting114/mixed_bam/COLO829_PAO/TF0_25x/TF0_25x.rep5.bam.bai
[E::bam_parse_basemod2] f706211a-aeb1-47e0-874b-b864a793b4b3: MM tag refers to bases beyond sequence length
[W::hts_idx_load3] The index file is older than the data file: /bip7_disk/pingting114/mixed_bam/COLO829_PAO/TF0_25x/TF0_25x.rep5.bam.bai
[W::hts_idx_load3] The index file is older than the data file: /bip7_disk/pingting114/mixed_bam/COLO829_PAO/TF0_25x/TF0_25x.rep5.bam.bai
[W::hts_idx_load3] The index file is older than the data file: /bip7_disk/pingting114/mixed_bam/COLO829_PAO/TF0_25x/TF0_25x.rep5.bam.bai
[E::bam_parse_basemod2] 1df65a8c-3e43-49d2-8887-c72c9815cc09: MM tag refers to bases beyond sequence length
[W::hts_idx_load3] The index file is older than the data file: /bip7_disk/pingting114/mixed_bam/COLO829_PAO/TF0_25x/TF0_25x.rep5.bam.bai
[W::hts_idx_load3] The index file is older than the data file: /bip7_disk/pingting114/mixed_bam/COLO829_PAO/TF0_25x/TF0_25x.rep5.bam.bai
[W::hts_idx_load3] The index file is older than the data file: /bip7_disk/pingting114/mixed_bam/COLO829_PAO/TF0_25x/TF0_25x.rep5.bam.bai
[W::hts_idx_load3] The index file is older than the data file: /bip7_disk/pingting114/mixed_bam/COLO829_PAO/TF0_25x/TF0_25x.rep5.bam.bai
[E::bam_parse_basemod2] f61a3c38-acc0-4f3c-b0ff-0d49a798b8df: MM tag refers to bases beyond sequence length
[W::hts_idx_load3] The index file is older than the data file: /bip7_disk/pingting114/mixed_bam/COLO829_PAO/TF0_25x/TF0_25x.rep5.bam.bai
[W::bam_next_basemod] MM tag refers to bases beyond sequence length
[W::hts_idx_load3] The index file is older than the data file: /bip7_disk/pingting114/mixed_bam/COLO829_PAO/TF0_25x/TF0_25x.rep5.bam.bai
[W::hts_idx_load3] The index file is older than the data file: /bip7_disk/pingting114/mixed_bam/COLO829_PAO/TF0_25x/TF0_25x.rep5.bam.bai
[W::hts_idx_load3] The index file is older than the data file: /bip7_disk/pingting114/mixed_bam/COLO829_PAO/TF0_25x/TF0_25x.rep5.bam.bai
[E::bam_parse_basemod2] 9ca605a2-0f55-481f-a36c-87accf5ad1c3: MM tag refers to bases beyond sequence length
[W::hts_idx_load3] The index file is older than the data file: /bip7_disk/pingting114/mixed_bam/COLO829_PAO/TF0_25x/TF0_25x.rep5.bam.bai
[W::hts_idx_load3] The index file is older than the data file: /bip7_disk/pingting114/mixed_bam/COLO829_PAO/TF0_25x/TF0_25x.rep5.bam.bai
[W::hts_idx_load3] The index file is older than the data file: /bip7_disk/pingting114/mixed_bam/COLO829_PAO/TF0_25x/TF0_25x.rep5.bam.bai
[W::hts_idx_load3] The index file is older than the data file: /bip7_disk/pingting114/mixed_bam/COLO829_PAO/TF0_25x/TF0_25x.rep5.bam.bai
[W::hts_idx_load3] The index file is older than the data file: /bip7_disk/pingting114/mixed_bam/COLO829_PAO/TF0_25x/TF0_25x.rep5.bam.bai
[W::hts_idx_load3] The index file is older than the data file: /bip7_disk/pingting114/mixed_bam/COLO829_PAO/TF0_25x/TF0_25x.rep5.bam.bai
[E::bam_parse_basemod2] f1e18e11-9b7a-4ad8-8f7a-d4aa0c87024e: MM tag refers to bases beyond sequence length
[W::hts_idx_load3] The index file is older than the data file: /bip7_disk/pingting114/mixed_bam/COLO829_PAO/TF0_25x/TF0_25x.rep5.bam.bai
[W::hts_idx_load3] The index file is older than the data file: /bip7_disk/pingting114/mixed_bam/COLO829_PAO/TF0_25x/TF0_25x.rep5.bam.bai
[W::bam_next_basemod] MM tag refers to bases beyond sequence length
[W::bam_next_basemod] MM tag refers to bases beyond sequence length
[E::bam_parse_basemod2] 0f006b5b-bd95-40c8-9f7f-df02b3284006: MM tag refers to bases beyond sequence length
[W::hts_idx_load3] The index file is older than the data file: /bip7_disk/pingting114/mixed_bam/COLO829_PAO/TF0_25x/TF0_25x.rep5.bam.bai
[W::hts_idx_load3] The index file is older than the data file: /bip7_disk/pingting114/mixed_bam/COLO829_PAO/TF0_25x/TF0_25x.rep5.bam.bai
[E::bam_parse_basemod2] 0dac1baa-ec49-4252-9d79-ff94685ffa7b: MM tag refers to bases beyond sequence length
[W::hts_idx_load3] The index file is older than the data file: /bip7_disk/pingting114/mixed_bam/COLO829_PAO/TF0_25x/TF0_25x.rep5.bam.bai
[W::hts_idx_load3] The index file is older than the data file: /bip7_disk/pingting114/mixed_bam/COLO829_PAO/TF0_25x/TF0_25x.rep5.bam.bai
[W::bam_next_basemod] MM tag refers to bases beyond sequence length
[W::hts_idx_load3] The index file is older than the data file: /bip7_disk/pingting114/mixed_bam/COLO829_PAO/TF0_25x/TF0_25x.rep5.bam.bai
[W::bam_next_basemod] MM tag refers to bases beyond sequence length
[W::hts_idx_load3] The index file is older than the data file: /bip7_disk/pingting114/mixed_bam/COLO829_PAO/TF0_25x/TF0_25x.rep5.bam.bai
[W::hts_idx_load3] The index file is older than the data file: /bip7_disk/pingting114/mixed_bam/COLO829_PAO/TF0_25x/TF0_25x.rep5.bam.bai
[W::hts_idx_load3] The index file is older than the data file: /bip7_disk/pingting114/mixed_bam/COLO829_PAO/TF0_25x/TF0_25x.rep5.bam.bai
[W::hts_idx_load3] The index file is older than the data file: /bip7_disk/pingting114/mixed_bam/COLO829_PAO/TF0_25x/TF0_25x.rep5.bam.bai
[W::hts_idx_load3] The index file is older than the data file: /bip7_disk/pingting114/mixed_bam/COLO829_PAO/TF0_25x/TF0_25x.rep5.bam.bai
[W::hts_idx_load3] The index file is older than the data file: /bip7_disk/pingting114/mixed_bam/COLO829_PAO/TF0_25x/TF0_25x.rep5.bam.bai
[W::hts_idx_load3] The index file is older than the data file: /bip7_disk/pingting114/mixed_bam/COLO829_PAO/TF0_25x/TF0_25x.rep5.bam.bai
[W::hts_idx_load3] The index file is older than the data file: /bip7_disk/pingting114/mixed_bam/COLO829_PAO/TF0_25x/TF0_25x.rep5.bam.bai
[W::hts_idx_load3] The index file is older than the data file: /bip7_disk/pingting114/mixed_bam/COLO829_PAO/TF0_25x/TF0_25x.rep5.bam.bai
[W::hts_idx_load3] The index file is older than the data file: /bip7_disk/pingting114/mixed_bam/COLO829_PAO/TF0_25x/TF0_25x.rep5.bam.bai
[W::bam_next_basemod] MM tag refers to bases beyond sequence length
[W::hts_idx_load3] The index file is older than the data file: /bip7_disk/pingting114/mixed_bam/COLO829_PAO/TF0_25x/TF0_25x.rep5.bam.bai
[W::hts_idx_load3] The index file is older than the data file: /bip7_disk/pingting114/mixed_bam/COLO829_PAO/TF0_25x/TF0_25x.rep5.bam.bai
[W::hts_idx_load3] The index file is older than the data file: /bip7_disk/pingting114/mixed_bam/COLO829_PAO/TF0_25x/TF0_25x.rep5.bam.bai
[W::hts_idx_load3] The index file is older than the data file: /bip7_disk/pingting114/mixed_bam/COLO829_PAO/TF0_25x/TF0_25x.rep5.bam.bai
[W::hts_idx_load3] The index file is older than the data file: /bip7_disk/pingting114/mixed_bam/COLO829_PAO/TF0_25x/TF0_25x.rep5.bam.bai
[W::hts_idx_load3] The index file is older than the data file: /bip7_disk/pingting114/mixed_bam/COLO829_PAO/TF0_25x/TF0_25x.rep5.bam.bai
[W::bam_next_basemod] MM tag refers to bases beyond sequence length
[W::hts_idx_load3] The index file is older than the data file: /bip7_disk/pingting114/mixed_bam/COLO829_PAO/TF0_25x/TF0_25x.rep5.bam.bai
[W::hts_idx_load3] The index file is older than the data file: /bip7_disk/pingting114/mixed_bam/COLO829_PAO/TF0_25x/TF0_25x.rep5.bam.bai
[W::hts_idx_load3] The index file is older than the data file: /bip7_disk/pingting114/mixed_bam/COLO829_PAO/TF0_25x/TF0_25x.rep5.bam.bai
[W::hts_idx_load3] The index file is older than the data file: /bip7_disk/pingting114/mixed_bam/COLO829_PAO/TF0_25x/TF0_25x.rep5.bam.bai
[W::hts_idx_load3] The index file is older than the data file: /bip7_disk/pingting114/mixed_bam/COLO829_PAO/TF0_25x/TF0_25x.rep5.bam.bai
[W::hts_idx_load3] The index file is older than the data file: /bip7_disk/pingting114/mixed_bam/COLO829_PAO/TF0_25x/TF0_25x.rep5.bam.bai
[W::hts_idx_load3] The index file is older than the data file: /bip7_disk/pingting114/mixed_bam/COLO829_PAO/TF0_25x/TF0_25x.rep5.bam.bai
[W::hts_idx_load3] The index file is older than the data file: /bip7_disk/pingting114/mixed_bam/COLO829_PAO/TF0_25x/TF0_25x.rep5.bam.bai
[E::bam_parse_basemod2] 82a2b050-7306-4ef8-ad0b-cd8966b9d6b5: MM tag refers to bases beyond sequence length
[W::hts_idx_load3] The index file is older than the data file: /bip7_disk/pingting114/mixed_bam/COLO829_PAO/TF0_25x/TF0_25x.rep5.bam.bai
[W::hts_idx_load3] The index file is older than the data file: /bip7_disk/pingting114/mixed_bam/COLO829_PAO/TF0_25x/TF0_25x.rep5.bam.bai
[W::bam_next_basemod] MM tag refers to bases beyond sequence length
[W::hts_idx_load3] The index file is older than the data file: /bip7_disk/pingting114/mixed_bam/COLO829_PAO/TF0_25x/TF0_25x.rep5.bam.bai
[W::hts_idx_load3] The index file is older than the data file: /bip7_disk/pingting114/mixed_bam/COLO829_PAO/TF0_25x/TF0_25x.rep5.bam.bai
[W::bam_next_basemod] MM tag refers to bases beyond sequence length
[E::bam_parse_basemod2] 4e5d6773-b163-443a-85e4-eeebbc672ca8: MM tag refers to bases beyond sequence length
[W::hts_idx_load3] The index file is older than the data file: /bip7_disk/pingting114/mixed_bam/COLO829_PAO/TF0_25x/TF0_25x.rep5.bam.bai
[W::hts_idx_load3] The index file is older than the data file: /bip7_disk/pingting114/mixed_bam/COLO829_PAO/TF0_25x/TF0_25x.rep5.bam.bai
[W::hts_idx_load3] The index file is older than the data file: /bip7_disk/pingting114/mixed_bam/COLO829_PAO/TF0_25x/TF0_25x.rep5.bam.bai
[W::hts_idx_load3] The index file is older than the data file: /bip7_disk/pingting114/mixed_bam/COLO829_PAO/TF0_25x/TF0_25x.rep5.bam.bai
[W::hts_idx_load3] The index file is older than the data file: /bip7_disk/pingting114/mixed_bam/COLO829_PAO/TF0_25x/TF0_25x.rep5.bam.bai
[E::bam_parse_basemod2] 38475b7e-8455-4e02-9344-54dfd7b59cbb: MM tag refers to bases beyond sequence length
[W::hts_idx_load3] The index file is older than the data file: /bip7_disk/pingting114/mixed_bam/COLO829_PAO/TF0_25x/TF0_25x.rep5.bam.bai
[W::hts_idx_load3] The index file is older than the data file: /bip7_disk/pingting114/mixed_bam/COLO829_PAO/TF0_25x/TF0_25x.rep5.bam.bai
[W::hts_idx_load3] The index file is older than the data file: /bip7_disk/pingting114/mixed_bam/COLO829_PAO/TF0_25x/TF0_25x.rep5.bam.bai
[W::hts_idx_load3] The index file is older than the data file: /bip7_disk/pingting114/mixed_bam/COLO829_PAO/TF0_25x/TF0_25x.rep5.bam.bai
[W::hts_idx_load3] The index file is older than the data file: /bip7_disk/pingting114/mixed_bam/COLO829_PAO/TF0_25x/TF0_25x.rep5.bam.bai
[W::bam_next_basemod] MM tag refers to bases beyond sequence length
[W::bam_next_basemod] MM tag refers to bases beyond sequence length
[W::hts_idx_load3] The index file is older than the data file: /bip7_disk/pingting114/mixed_bam/COLO829_PAO/TF0_25x/TF0_25x.rep5.bam.bai
[W::hts_idx_load3] The index file is older than the data file: /bip7_disk/pingting114/mixed_bam/COLO829_PAO/TF0_25x/TF0_25x.rep5.bam.bai
[W::hts_idx_load3] The index file is older than the data file: /bip7_disk/pingting114/mixed_bam/COLO829_PAO/TF0_25x/TF0_25x.rep5.bam.bai
[W::hts_idx_load3] The index file is older than the data file: /bip7_disk/pingting114/mixed_bam/COLO829_PAO/TF0_25x/TF0_25x.rep5.bam.bai
[W::hts_idx_load3] The index file is older than the data file: /bip7_disk/pingting114/mixed_bam/COLO829_PAO/TF0_25x/TF0_25x.rep5.bam.bai
[W::bam_next_basemod] MM tag refers to bases beyond sequence length
[W::hts_idx_load3] The index file is older than the data file: /bip7_disk/pingting114/mixed_bam/COLO829_PAO/TF0_25x/TF0_25x.rep5.bam.bai
[W::hts_idx_load3] The index file is older than the data file: /bip7_disk/pingting114/mixed_bam/COLO829_PAO/TF0_25x/TF0_25x.rep5.bam.bai
[W::bam_next_basemod] MM tag refers to bases beyond sequence length
[W::hts_idx_load3] The index file is older than the data file: /bip7_disk/pingting114/mixed_bam/COLO829_PAO/TF0_25x/TF0_25x.rep5.bam.bai
[W::hts_idx_load3] The index file is older than the data file: /bip7_disk/pingting114/mixed_bam/COLO829_PAO/TF0_25x/TF0_25x.rep5.bam.bai
[W::hts_idx_load3] The index file is older than the data file: /bip7_disk/pingting114/mixed_bam/COLO829_PAO/TF0_25x/TF0_25x.rep5.bam.bai
[E::bam_parse_basemod2] 6d1e9834-cd3e-41af-b6b1-aca464810972: MM tag refers to bases beyond sequence length
[W::hts_idx_load3] The index file is older than the data file: /bip7_disk/pingting114/mixed_bam/COLO829_PAO/TF0_25x/TF0_25x.rep5.bam.bai
[W::hts_idx_load3] The index file is older than the data file: /bip7_disk/pingting114/mixed_bam/COLO829_PAO/TF0_25x/TF0_25x.rep5.bam.bai
[W::hts_idx_load3] The index file is older than the data file: /bip7_disk/pingting114/mixed_bam/COLO829_PAO/TF0_25x/TF0_25x.rep5.bam.bai
[W::hts_idx_load3] The index file is older than the data file: /bip7_disk/pingting114/mixed_bam/COLO829_PAO/TF0_25x/TF0_25x.rep5.bam.bai
[W::hts_idx_load3] The index file is older than the data file: /bip7_disk/pingting114/mixed_bam/COLO829_PAO/TF0_25x/TF0_25x.rep5.bam.bai
[W::bam_next_basemod] MM tag refers to bases beyond sequence length
[W::hts_idx_load3] The index file is older than the data file: /bip7_disk/pingting114/mixed_bam/COLO829_PAO/TF0_25x/TF0_25x.rep5.bam.bai
[W::hts_idx_load3] The index file is older than the data file: /bip7_disk/pingting114/mixed_bam/COLO829_PAO/TF0_25x/TF0_25x.rep5.bam.bai
[W::hts_idx_load3] The index file is older than the data file: /bip7_disk/pingting114/mixed_bam/COLO829_PAO/TF0_25x/TF0_25x.rep5.bam.bai
[W::hts_idx_load3] The index file is older than the data file: /bip7_disk/pingting114/mixed_bam/COLO829_PAO/TF0_25x/TF0_25x.rep5.bam.bai
[W::hts_idx_load3] The index file is older than the data file: /bip7_disk/pingting114/mixed_bam/COLO829_PAO/TF0_25x/TF0_25x.rep5.bam.bai
[W::hts_idx_load3] The index file is older than the data file: /bip7_disk/pingting114/mixed_bam/COLO829_PAO/TF0_25x/TF0_25x.rep5.bam.bai
[W::hts_idx_load3] The index file is older than the data file: /bip7_disk/pingting114/mixed_bam/COLO829_PAO/TF0_25x/TF0_25x.rep5.bam.bai
[W::hts_idx_load3] The index file is older than the data file: /bip7_disk/pingting114/mixed_bam/COLO829_PAO/TF0_25x/TF0_25x.rep5.bam.bai
[W::hts_idx_load3] The index file is older than the data file: /bip7_disk/pingting114/mixed_bam/COLO829_PAO/TF0_25x/TF0_25x.rep5.bam.bai
[W::hts_idx_load3] The index file is older than the data file: /bip7_disk/pingting114/mixed_bam/COLO829_PAO/TF0_25x/TF0_25x.rep5.bam.bai
[E::bam_parse_basemod2] 4a9360a7-b994-4e8d-9de6-d8cc9fcc5d8d: MM tag refers to bases beyond sequence length
[W::hts_idx_load3] The index file is older than the data file: /bip7_disk/pingting114/mixed_bam/COLO829_PAO/TF0_25x/TF0_25x.rep5.bam.bai
[W::hts_idx_load3] The index file is older than the data file: /bip7_disk/pingting114/mixed_bam/COLO829_PAO/TF0_25x/TF0_25x.rep5.bam.bai
[W::hts_idx_load3] The index file is older than the data file: /bip7_disk/pingting114/mixed_bam/COLO829_PAO/TF0_25x/TF0_25x.rep5.bam.bai
[W::hts_idx_load3] The index file is older than the data file: /bip7_disk/pingting114/mixed_bam/COLO829_PAO/TF0_25x/TF0_25x.rep5.bam.bai
[W::hts_idx_load3] The index file is older than the data file: /bip7_disk/pingting114/mixed_bam/COLO829_PAO/TF0_25x/TF0_25x.rep5.bam.bai
[W::hts_idx_load3] The index file is older than the data file: /bip7_disk/pingting114/mixed_bam/COLO829_PAO/TF0_25x/TF0_25x.rep5.bam.bai
[W::bam_next_basemod] MM tag refers to bases beyond sequence length
[W::hts_idx_load3] The index file is older than the data file: /bip7_disk/pingting114/mixed_bam/COLO829_PAO/TF0_25x/TF0_25x.rep5.bam.bai
[W::hts_idx_load3] The index file is older than the data file: /bip7_disk/pingting114/mixed_bam/COLO829_PAO/TF0_25x/TF0_25x.rep5.bam.bai
[E::bam_parse_basemod2] 7e3f08a2-bd1b-4ac8-8817-9cecc4422e71: MM tag refers to bases beyond sequence length
[W::hts_idx_load3] The index file is older than the data file: /bip7_disk/pingting114/mixed_bam/COLO829_PAO/TF0_25x/TF0_25x.rep5.bam.bai
[W::hts_idx_load3] The index file is older than the data file: /bip7_disk/pingting114/mixed_bam/COLO829_PAO/TF0_25x/TF0_25x.rep5.bam.bai
[W::bam_next_basemod] MM tag refers to bases beyond sequence length
[W::hts_idx_load3] The index file is older than the data file: /bip7_disk/pingting114/mixed_bam/COLO829_PAO/TF0_25x/TF0_25x.rep5.bam.bai
[W::hts_idx_load3] The index file is older than the data file: /bip7_disk/pingting114/mixed_bam/COLO829_PAO/TF0_25x/TF0_25x.rep5.bam.bai
[W::hts_idx_load3] The index file is older than the data file: /bip7_disk/pingting114/mixed_bam/COLO829_PAO/TF0_25x/TF0_25x.rep5.bam.bai
[W::hts_idx_load3] The index file is older than the data file: /bip7_disk/pingting114/mixed_bam/COLO829_PAO/TF0_25x/TF0_25x.rep5.bam.bai
[W::hts_idx_load3] The index file is older than the data file: /bip7_disk/pingting114/mixed_bam/COLO829_PAO/TF0_25x/TF0_25x.rep5.bam.bai
[W::hts_idx_load3] The index file is older than the data file: /bip7_disk/pingting114/mixed_bam/COLO829_PAO/TF0_25x/TF0_25x.rep5.bam.bai
[E::bam_parse_basemod2] 7faaffe4-3d75-4f4e-a7dc-f417c75ef96c: MM tag refers to bases beyond sequence length
[W::bam_next_basemod] MM tag refers to bases beyond sequence length
[W::hts_idx_load3] The index file is older than the data file: /bip7_disk/pingting114/mixed_bam/COLO829_PAO/TF0_25x/TF0_25x.rep5.bam.bai
[E::bam_parse_basemod2] c0ef479d-a716-443f-af2e-44901b69205f: MM tag refers to bases beyond sequence length
[W::hts_idx_load3] The index file is older than the data file: /bip7_disk/pingting114/mixed_bam/COLO829_PAO/TF0_25x/TF0_25x.rep5.bam.bai
[W::hts_idx_load3] The index file is older than the data file: /bip7_disk/pingting114/mixed_bam/COLO829_PAO/TF0_25x/TF0_25x.rep5.bam.bai
[W::hts_idx_load3] The index file is older than the data file: /bip7_disk/pingting114/mixed_bam/COLO829_PAO/TF0_25x/TF0_25x.rep5.bam.bai
[W::hts_idx_load3] The index file is older than the data file: /bip7_disk/pingting114/mixed_bam/COLO829_PAO/TF0_25x/TF0_25x.rep5.bam.bai
[W::hts_idx_load3] The index file is older than the data file: /bip7_disk/pingting114/mixed_bam/COLO829_PAO/TF0_25x/TF0_25x.rep5.bam.bai
[W::hts_idx_load3] The index file is older than the data file: /bip7_disk/pingting114/mixed_bam/COLO829_PAO/TF0_25x/TF0_25x.rep5.bam.bai
[W::hts_idx_load3] The index file is older than the data file: /bip7_disk/pingting114/mixed_bam/COLO829_PAO/TF0_25x/TF0_25x.rep5.bam.bai
[W::hts_idx_load3] The index file is older than the data file: /bip7_disk/pingting114/mixed_bam/COLO829_PAO/TF0_25x/TF0_25x.rep5.bam.bai
[W::hts_idx_load3] The index file is older than the data file: /bip7_disk/pingting114/mixed_bam/COLO829_PAO/TF0_25x/TF0_25x.rep5.bam.bai
[W::hts_idx_load3] The index file is older than the data file: /bip7_disk/pingting114/mixed_bam/COLO829_PAO/TF0_25x/TF0_25x.rep5.bam.bai
[W::hts_idx_load3] The index file is older than the data file: /bip7_disk/pingting114/mixed_bam/COLO829_PAO/TF0_25x/TF0_25x.rep5.bam.bai
[W::hts_idx_load3] The index file is older than the data file: /bip7_disk/pingting114/mixed_bam/COLO829_PAO/TF0_25x/TF0_25x.rep5.bam.bai
[W::hts_idx_load3] The index file is older than the data file: /bip7_disk/pingting114/mixed_bam/COLO829_PAO/TF0_25x/TF0_25x.rep5.bam.bai
[W::bam_next_basemod] MM tag refers to bases beyond sequence length
[E::bam_parse_basemod2] 11de9e66-7247-49c0-ba16-0ac650192da3: MM tag refers to bases beyond sequence length
[W::bam_next_basemod] MM tag refers to bases beyond sequence length
[W::hts_idx_load3] The index file is older than the data file: /bip7_disk/pingting114/mixed_bam/COLO829_PAO/TF0_25x/TF0_25x.rep5.bam.bai
[W::hts_idx_load3] The index file is older than the data file: /bip7_disk/pingting114/mixed_bam/COLO829_PAO/TF0_25x/TF0_25x.rep5.bam.bai
[E::bam_parse_basemod2] afc1e996-956f-4561-acbd-b16720fa9c47: MM tag refers to bases beyond sequence length
[W::hts_idx_load3] The index file is older than the data file: /bip7_disk/pingting114/mixed_bam/COLO829_PAO/TF0_25x/TF0_25x.rep5.bam.bai
[E::bam_parse_basemod2] 8039333c-4811-49b3-aa2d-bd04872c5b41: MM tag refers to bases beyond sequence length
[E::bam_parse_basemod2] 32121697-e3d6-4f58-9b22-616ffe05ef6d: MM tag refers to bases beyond sequence length
[W::hts_idx_load3] The index file is older than the data file: /bip7_disk/pingting114/mixed_bam/COLO829_PAO/TF0_25x/TF0_25x.rep5.bam.bai
[W::hts_idx_load3] The index file is older than the data file: /bip7_disk/pingting114/mixed_bam/COLO829_PAO/TF0_25x/TF0_25x.rep5.bam.bai
[W::hts_idx_load3] The index file is older than the data file: /bip7_disk/pingting114/mixed_bam/COLO829_PAO/TF0_25x/TF0_25x.rep5.bam.bai
[W::hts_idx_load3] The index file is older than the data file: /bip7_disk/pingting114/mixed_bam/COLO829_PAO/TF0_25x/TF0_25x.rep5.bam.bai
[W::hts_idx_load3] The index file is older than the data file: /bip7_disk/pingting114/mixed_bam/COLO829_PAO/TF0_25x/TF0_25x.rep5.bam.bai
[E::bam_parse_basemod2] 296f5229-7d85-48a5-a270-d819a46a48c6: MM tag refers to bases beyond sequence length
[W::hts_idx_load3] The index file is older than the data file: /bip7_disk/pingting114/mixed_bam/COLO829_PAO/TF0_25x/TF0_25x.rep5.bam.bai
[W::hts_idx_load3] The index file is older than the data file: /bip7_disk/pingting114/mixed_bam/COLO829_PAO/TF0_25x/TF0_25x.rep5.bam.bai
[W::bam_next_basemod] MM tag refers to bases beyond sequence length
[W::hts_idx_load3] The index file is older than the data file: /bip7_disk/pingting114/mixed_bam/COLO829_PAO/TF0_25x/TF0_25x.rep5.bam.bai
[W::hts_idx_load3] The index file is older than the data file: /bip7_disk/pingting114/mixed_bam/COLO829_PAO/TF0_25x/TF0_25x.rep5.bam.bai
[W::hts_idx_load3] The index file is older than the data file: /bip7_disk/pingting114/mixed_bam/COLO829_PAO/TF0_25x/TF0_25x.rep5.bam.bai
[W::bam_next_basemod] MM tag refers to bases beyond sequence length
[W::hts_idx_load3] The index file is older than the data file: /bip7_disk/pingting114/mixed_bam/COLO829_PAO/TF0_25x/TF0_25x.rep5.bam.bai
[W::hts_idx_load3] The index file is older than the data file: /bip7_disk/pingting114/mixed_bam/COLO829_PAO/TF0_25x/TF0_25x.rep5.bam.bai
[W::hts_idx_load3] The index file is older than the data file: /bip7_disk/pingting114/mixed_bam/COLO829_PAO/TF0_25x/TF0_25x.rep5.bam.bai
[W::hts_idx_load3] The index file is older than the data file: /bip7_disk/pingting114/mixed_bam/COLO829_PAO/TF0_25x/TF0_25x.rep5.bam.bai
[W::bam_next_basemod] MM tag refers to bases beyond sequence length
[W::hts_idx_load3] The index file is older than the data file: /bip7_disk/pingting114/mixed_bam/COLO829_PAO/TF0_25x/TF0_25x.rep5.bam.bai
[W::hts_idx_load3] The index file is older than the data file: /bip7_disk/pingting114/mixed_bam/COLO829_PAO/TF0_25x/TF0_25x.rep5.bam.bai
[W::hts_idx_load3] The index file is older than the data file: /bip7_disk/pingting114/mixed_bam/COLO829_PAO/TF0_25x/TF0_25x.rep5.bam.bai
[W::bam_next_basemod] MM tag refers to bases beyond sequence length
[W::hts_idx_load3] The index file is older than the data file: /bip7_disk/pingting114/mixed_bam/COLO829_PAO/TF0_25x/TF0_25x.rep5.bam.bai
[E::bam_parse_basemod2] 5d84a5c4-6ec8-4ffa-be0e-fc7940ca38bf: MM tag refers to bases beyond sequence length
[W::bam_next_basemod] MM tag refers to bases beyond sequence length
[W::hts_idx_load3] The index file is older than the data file: /bip7_disk/pingting114/mixed_bam/COLO829_PAO/TF0_25x/TF0_25x.rep5.bam.bai
[W::hts_idx_load3] The index file is older than the data file: /bip7_disk/pingting114/mixed_bam/COLO829_PAO/TF0_25x/TF0_25x.rep5.bam.bai
[W::hts_idx_load3] The index file is older than the data file: /bip7_disk/pingting114/mixed_bam/COLO829_PAO/TF0_25x/TF0_25x.rep5.bam.bai
[W::hts_idx_load3] The index file is older than the data file: /bip7_disk/pingting114/mixed_bam/COLO829_PAO/TF0_25x/TF0_25x.rep5.bam.bai
[W::hts_idx_load3] The index file is older than the data file: /bip7_disk/pingting114/mixed_bam/COLO829_PAO/TF0_25x/TF0_25x.rep5.bam.bai
[E::bam_parse_basemod2] 4dd7ae60-de44-40e7-b6f0-dd1143a57c35: MM tag refers to bases beyond sequence length
[W::hts_idx_load3] The index file is older than the data file: /bip7_disk/pingting114/mixed_bam/COLO829_PAO/TF0_25x/TF0_25x.rep5.bam.bai
[W::hts_idx_load3] The index file is older than the data file: /bip7_disk/pingting114/mixed_bam/COLO829_PAO/TF0_25x/TF0_25x.rep5.bam.bai
[W::hts_idx_load3] The index file is older than the data file: /bip7_disk/pingting114/mixed_bam/COLO829_PAO/TF0_25x/TF0_25x.rep5.bam.bai
[W::hts_idx_load3] The index file is older than the data file: /bip7_disk/pingting114/mixed_bam/COLO829_PAO/TF0_25x/TF0_25x.rep5.bam.bai
[W::bam_next_basemod] MM tag refers to bases beyond sequence length
[E::bam_parse_basemod2] 1f36bb23-b5a3-42a7-af24-392dc21ff35e: MM tag refers to bases beyond sequence length
[W::hts_idx_load3] The index file is older than the data file: /bip7_disk/pingting114/mixed_bam/COLO829_PAO/TF0_25x/TF0_25x.rep5.bam.bai
[W::bam_next_basemod] MM tag refers to bases beyond sequence length
[W::hts_idx_load3] The index file is older than the data file: /bip7_disk/pingting114/mixed_bam/COLO829_PAO/TF0_25x/TF0_25x.rep5.bam.bai
[W::hts_idx_load3] The index file is older than the data file: /bip7_disk/pingting114/mixed_bam/COLO829_PAO/TF0_25x/TF0_25x.rep5.bam.bai
[W::hts_idx_load3] The index file is older than the data file: /bip7_disk/pingting114/mixed_bam/COLO829_PAO/TF0_25x/TF0_25x.rep5.bam.bai
[W::hts_idx_load3] The index file is older than the data file: /bip7_disk/pingting114/mixed_bam/COLO829_PAO/TF0_25x/TF0_25x.rep5.bam.bai
[W::hts_idx_load3] The index file is older than the data file: /bip7_disk/pingting114/mixed_bam/COLO829_PAO/TF0_25x/TF0_25x.rep5.bam.bai
[W::hts_idx_load3] The index file is older than the data file: /bip7_disk/pingting114/mixed_bam/COLO829_PAO/TF0_25x/TF0_25x.rep5.bam.bai
[W::bam_next_basemod] MM tag refers to bases beyond sequence length
[E::bam_parse_basemod2] 8ba6f425-f639-4bc6-896c-db1ab012c2e7: MM tag refers to bases beyond sequence length
[W::hts_idx_load3] The index file is older than the data file: /bip7_disk/pingting114/mixed_bam/COLO829_PAO/TF0_25x/TF0_25x.rep5.bam.bai
[W::hts_idx_load3] The index file is older than the data file: /bip7_disk/pingting114/mixed_bam/COLO829_PAO/TF0_25x/TF0_25x.rep5.bam.bai
[W::hts_idx_load3] The index file is older than the data file: /bip7_disk/pingting114/mixed_bam/COLO829_PAO/TF0_25x/TF0_25x.rep5.bam.bai
[W::bam_next_basemod] MM tag refers to bases beyond sequence length
[E::bam_parse_basemod2] a35783e1-e8b4-4119-88e1-6de51e06d8a4: MM tag refers to bases beyond sequence length
[E::bam_parse_basemod2] 8b52f1a3-5bed-49ff-adcb-4bb3723999ca: MM tag refers to bases beyond sequence length
[W::hts_idx_load3] The index file is older than the data file: /bip7_disk/pingting114/mixed_bam/COLO829_PAO/TF0_25x/TF0_25x.rep5.bam.bai
[W::hts_idx_load3] The index file is older than the data file: /bip7_disk/pingting114/mixed_bam/COLO829_PAO/TF0_25x/TF0_25x.rep5.bam.bai
[W::bam_next_basemod] MM tag refers to bases beyond sequence length
[W::hts_idx_load3] The index file is older than the data file: /bip7_disk/pingting114/mixed_bam/COLO829_PAO/TF0_25x/TF0_25x.rep5.bam.bai
[W::hts_idx_load3] The index file is older than the data file: /bip7_disk/pingting114/mixed_bam/COLO829_PAO/TF0_25x/TF0_25x.rep5.bam.bai
[W::hts_idx_load3] The index file is older than the data file: /bip7_disk/pingting114/mixed_bam/COLO829_PAO/TF0_25x/TF0_25x.rep5.bam.bai
[W::bam_next_basemod] MM tag refers to bases beyond sequence length
[W::hts_idx_load3] The index file is older than the data file: /bip7_disk/pingting114/mixed_bam/COLO829_PAO/TF0_25x/TF0_25x.rep5.bam.bai
[W::bam_next_basemod] MM tag refers to bases beyond sequence length
[W::hts_idx_load3] The index file is older than the data file: /bip7_disk/pingting114/mixed_bam/COLO829_PAO/TF0_25x/TF0_25x.rep5.bam.bai
[W::hts_idx_load3] The index file is older than the data file: /bip7_disk/pingting114/mixed_bam/COLO829_PAO/TF0_25x/TF0_25x.rep5.bam.bai
[E::bam_parse_basemod2] 477ee87c-885e-4e93-8f10-9ab67a0b1ab0: MM tag refers to bases beyond sequence length
[W::hts_idx_load3] The index file is older than the data file: /bip7_disk/pingting114/mixed_bam/COLO829_PAO/TF0_25x/TF0_25x.rep5.bam.bai
[W::hts_idx_load3] The index file is older than the data file: /bip7_disk/pingting114/mixed_bam/COLO829_PAO/TF0_25x/TF0_25x.rep5.bam.bai
[W::hts_idx_load3] The index file is older than the data file: /bip7_disk/pingting114/mixed_bam/COLO829_PAO/TF0_25x/TF0_25x.rep5.bam.bai
[W::hts_idx_load3] The index file is older than the data file: /bip7_disk/pingting114/mixed_bam/COLO829_PAO/TF0_25x/TF0_25x.rep5.bam.bai
[W::hts_idx_load3] The index file is older than the data file: /bip7_disk/pingting114/mixed_bam/COLO829_PAO/TF0_25x/TF0_25x.rep5.bam.bai
[W::hts_idx_load3] The index file is older than the data file: /bip7_disk/pingting114/mixed_bam/COLO829_PAO/TF0_25x/TF0_25x.rep5.bam.bai
[W::hts_idx_load3] The index file is older than the data file: /bip7_disk/pingting114/mixed_bam/COLO829_PAO/TF0_25x/TF0_25x.rep5.bam.bai
[W::hts_idx_load3] The index file is older than the data file: /bip7_disk/pingting114/mixed_bam/COLO829_PAO/TF0_25x/TF0_25x.rep5.bam.bai
[W::hts_idx_load3] The index file is older than the data file: /bip7_disk/pingting114/mixed_bam/COLO829_PAO/TF0_25x/TF0_25x.rep5.bam.bai
[E::bam_parse_basemod2] fab21b01-8b9e-4b13-b209-77f140479972: MM tag refers to bases beyond sequence length
[W::hts_idx_load3] The index file is older than the data file: /bip7_disk/pingting114/mixed_bam/COLO829_PAO/TF0_25x/TF0_25x.rep5.bam.bai
[W::bam_next_basemod] MM tag refers to bases beyond sequence length
[E::bam_parse_basemod2] 0b762b48-5e71-4cb0-a813-8a21fde30fd3: MM tag refers to bases beyond sequence length
[W::bam_next_basemod] MM tag refers to bases beyond sequence length
[W::bam_next_basemod] MM tag refers to bases beyond sequence length
[E::bam_parse_basemod2] 71fe11b2-ba20-4170-bfc7-c11ee91dae9b: MM tag refers to bases beyond sequence length
[W::hts_idx_load3] The index file is older than the data file: /bip7_disk/pingting114/mixed_bam/COLO829_PAO/TF0_25x/TF0_25x.rep5.bam.bai
[W::hts_idx_load3] The index file is older than the data file: /bip7_disk/pingting114/mixed_bam/COLO829_PAO/TF0_25x/TF0_25x.rep5.bam.bai
[W::hts_idx_load3] The index file is older than the data file: /bip7_disk/pingting114/mixed_bam/COLO829_PAO/TF0_25x/TF0_25x.rep5.bam.bai
[W::hts_idx_load3] The index file is older than the data file: /bip7_disk/pingting114/mixed_bam/COLO829_PAO/TF0_25x/TF0_25x.rep5.bam.bai
[W::bam_next_basemod] MM tag refers to bases beyond sequence length
[E::bam_parse_basemod2] 26dc5447-58e7-465d-97a0-9d9d0de7c5a8: MM tag refers to bases beyond sequence length
[W::bam_next_basemod] MM tag refers to bases beyond sequence length
[E::bam_parse_basemod2] 8b105cd1-910f-4d61-9dfe-5e0a437cd757: MM tag refers to bases beyond sequence length
[W::hts_idx_load3] The index file is older than the data file: /bip7_disk/pingting114/mixed_bam/COLO829_PAO/TF0_25x/TF0_25x.rep5.bam.bai
[W::hts_idx_load3] The index file is older than the data file: /bip7_disk/pingting114/mixed_bam/COLO829_PAO/TF0_25x/TF0_25x.rep5.bam.bai
[W::bam_next_basemod] MM tag refers to bases beyond sequence length
[W::hts_idx_load3] The index file is older than the data file: /bip7_disk/pingting114/mixed_bam/COLO829_PAO/TF0_25x/TF0_25x.rep5.bam.bai
[W::hts_idx_load3] The index file is older than the data file: /bip7_disk/pingting114/mixed_bam/COLO829_PAO/TF0_25x/TF0_25x.rep5.bam.bai
[W::hts_idx_load3] The index file is older than the data file: /bip7_disk/pingting114/mixed_bam/COLO829_PAO/TF0_25x/TF0_25x.rep5.bam.bai
[W::bam_next_basemod] MM tag refers to bases beyond sequence length
  TF0_25x.rep5.bam cand 1000/4000
[W::hts_idx_load3] The index file is older than the data file: /bip7_disk/pingting114/mixed_bam/COLO829_PAO/TF0_25x/TF0_25x.rep5.bam.bai
[W::hts_idx_load3] The index file is older than the data file: /bip7_disk/pingting114/mixed_bam/COLO829_PAO/TF0_25x/TF0_25x.rep5.bam.bai
[W::hts_idx_load3] The index file is older than the data file: /bip7_disk/pingting114/mixed_bam/COLO829_PAO/TF0_25x/TF0_25x.rep5.bam.bai
[W::hts_idx_load3] The index file is older than the data file: /bip7_disk/pingting114/mixed_bam/COLO829_PAO/TF0_25x/TF0_25x.rep5.bam.bai
[W::hts_idx_load3] The index file is older than the data file: /bip7_disk/pingting114/mixed_bam/COLO829_PAO/TF0_25x/TF0_25x.rep5.bam.bai
[E::bam_parse_basemod2] be592922-577f-4ec5-8f8e-339bb1a9141e: MM tag refers to bases beyond sequence length
[W::hts_idx_load3] The index file is older than the data file: /bip7_disk/pingting114/mixed_bam/COLO829_PAO/TF0_25x/TF0_25x.rep5.bam.bai
[W::hts_idx_load3] The index file is older than the data file: /bip7_disk/pingting114/mixed_bam/COLO829_PAO/TF0_25x/TF0_25x.rep5.bam.bai
[W::hts_idx_load3] The index file is older than the data file: /bip7_disk/pingting114/mixed_bam/COLO829_PAO/TF0_25x/TF0_25x.rep5.bam.bai
[W::hts_idx_load3] The index file is older than the data file: /bip7_disk/pingting114/mixed_bam/COLO829_PAO/TF0_25x/TF0_25x.rep5.bam.bai
[W::hts_idx_load3] The index file is older than the data file: /bip7_disk/pingting114/mixed_bam/COLO829_PAO/TF0_25x/TF0_25x.rep5.bam.bai
[W::hts_idx_load3] The index file is older than the data file: /bip7_disk/pingting114/mixed_bam/COLO829_PAO/TF0_25x/TF0_25x.rep5.bam.bai
[W::hts_idx_load3] The index file is older than the data file: /bip7_disk/pingting114/mixed_bam/COLO829_PAO/TF0_25x/TF0_25x.rep5.bam.bai
[E::bam_parse_basemod2] b1a4e2ff-237b-4734-831c-92fc423fcb55: MM tag refers to bases beyond sequence length
[W::hts_idx_load3] The index file is older than the data file: /bip7_disk/pingting114/mixed_bam/COLO829_PAO/TF0_25x/TF0_25x.rep5.bam.bai
[W::bam_next_basemod] MM tag refers to bases beyond sequence length
[W::hts_idx_load3] The index file is older than the data file: /bip7_disk/pingting114/mixed_bam/COLO829_PAO/TF0_25x/TF0_25x.rep5.bam.bai
[E::bam_parse_basemod2] 1295df3d-3af6-495f-9254-22a22d6f5c0d: MM tag refers to bases beyond sequence length
[W::bam_next_basemod] MM tag refers to bases beyond sequence length
[W::hts_idx_load3] The index file is older than the data file: /bip7_disk/pingting114/mixed_bam/COLO829_PAO/TF0_25x/TF0_25x.rep5.bam.bai
[W::hts_idx_load3] The index file is older than the data file: /bip7_disk/pingting114/mixed_bam/COLO829_PAO/TF0_25x/TF0_25x.rep5.bam.bai
[W::hts_idx_load3] The index file is older than the data file: /bip7_disk/pingting114/mixed_bam/COLO829_PAO/TF0_25x/TF0_25x.rep5.bam.bai
[W::hts_idx_load3] The index file is older than the data file: /bip7_disk/pingting114/mixed_bam/COLO829_PAO/TF0_25x/TF0_25x.rep5.bam.bai
[W::hts_idx_load3] The index file is older than the data file: /bip7_disk/pingting114/mixed_bam/COLO829_PAO/TF0_25x/TF0_25x.rep5.bam.bai
[W::hts_idx_load3] The index file is older than the data file: /bip7_disk/pingting114/mixed_bam/COLO829_PAO/TF0_25x/TF0_25x.rep5.bam.bai
[W::hts_idx_load3] The index file is older than the data file: /bip7_disk/pingting114/mixed_bam/COLO829_PAO/TF0_25x/TF0_25x.rep5.bam.bai
[W::hts_idx_load3] The index file is older than the data file: /bip7_disk/pingting114/mixed_bam/COLO829_PAO/TF0_25x/TF0_25x.rep5.bam.bai
[E::bam_parse_basemod2] 20af2c87-df3f-40ef-9f39-b22d2dab96a6: MM tag refers to bases beyond sequence length
[W::hts_idx_load3] The index file is older than the data file: /bip7_disk/pingting114/mixed_bam/COLO829_PAO/TF0_25x/TF0_25x.rep5.bam.bai
[W::bam_next_basemod] MM tag refers to bases beyond sequence length
[W::hts_idx_load3] The index file is older than the data file: /bip7_disk/pingting114/mixed_bam/COLO829_PAO/TF0_25x/TF0_25x.rep5.bam.bai
[W::hts_idx_load3] The index file is older than the data file: /bip7_disk/pingting114/mixed_bam/COLO829_PAO/TF0_25x/TF0_25x.rep5.bam.bai
[W::hts_idx_load3] The index file is older than the data file: /bip7_disk/pingting114/mixed_bam/COLO829_PAO/TF0_25x/TF0_25x.rep5.bam.bai
[W::hts_idx_load3] The index file is older than the data file: /bip7_disk/pingting114/mixed_bam/COLO829_PAO/TF0_25x/TF0_25x.rep5.bam.bai
[W::bam_next_basemod] MM tag refers to bases beyond sequence length
[W::bam_next_basemod] MM tag refers to bases beyond sequence length
[W::hts_idx_load3] The index file is older than the data file: /bip7_disk/pingting114/mixed_bam/COLO829_PAO/TF0_25x/TF0_25x.rep5.bam.bai
[W::hts_idx_load3] The index file is older than the data file: /bip7_disk/pingting114/mixed_bam/COLO829_PAO/TF0_25x/TF0_25x.rep5.bam.bai
[W::hts_idx_load3] The index file is older than the data file: /bip7_disk/pingting114/mixed_bam/COLO829_PAO/TF0_25x/TF0_25x.rep5.bam.bai
[W::hts_idx_load3] The index file is older than the data file: /bip7_disk/pingting114/mixed_bam/COLO829_PAO/TF0_25x/TF0_25x.rep5.bam.bai
[W::hts_idx_load3] The index file is older than the data file: /bip7_disk/pingting114/mixed_bam/COLO829_PAO/TF0_25x/TF0_25x.rep5.bam.bai
[E::bam_parse_basemod2] 2fcd63b9-9802-4c37-955f-1e00b5acbd20: MM tag refers to bases beyond sequence length
[W::hts_idx_load3] The index file is older than the data file: /bip7_disk/pingting114/mixed_bam/COLO829_PAO/TF0_25x/TF0_25x.rep5.bam.bai
[W::hts_idx_load3] The index file is older than the data file: /bip7_disk/pingting114/mixed_bam/COLO829_PAO/TF0_25x/TF0_25x.rep5.bam.bai
[W::hts_idx_load3] The index file is older than the data file: /bip7_disk/pingting114/mixed_bam/COLO829_PAO/TF0_25x/TF0_25x.rep5.bam.bai
[W::hts_idx_load3] The index file is older than the data file: /bip7_disk/pingting114/mixed_bam/COLO829_PAO/TF0_25x/TF0_25x.rep5.bam.bai
[W::hts_idx_load3] The index file is older than the data file: /bip7_disk/pingting114/mixed_bam/COLO829_PAO/TF0_25x/TF0_25x.rep5.bam.bai
[W::hts_idx_load3] The index file is older than the data file: /bip7_disk/pingting114/mixed_bam/COLO829_PAO/TF0_25x/TF0_25x.rep5.bam.bai
[W::hts_idx_load3] The index file is older than the data file: /bip7_disk/pingting114/mixed_bam/COLO829_PAO/TF0_25x/TF0_25x.rep5.bam.bai
[W::bam_next_basemod] MM tag refers to bases beyond sequence length
[W::hts_idx_load3] The index file is older than the data file: /bip7_disk/pingting114/mixed_bam/COLO829_PAO/TF0_25x/TF0_25x.rep5.bam.bai
[W::bam_next_basemod] MM tag refers to bases beyond sequence length
[W::hts_idx_load3] The index file is older than the data file: /bip7_disk/pingting114/mixed_bam/COLO829_PAO/TF0_25x/TF0_25x.rep5.bam.bai
[W::hts_idx_load3] The index file is older than the data file: /bip7_disk/pingting114/mixed_bam/COLO829_PAO/TF0_25x/TF0_25x.rep5.bam.bai
[W::hts_idx_load3] The index file is older than the data file: /bip7_disk/pingting114/mixed_bam/COLO829_PAO/TF0_25x/TF0_25x.rep5.bam.bai
[W::hts_idx_load3] The index file is older than the data file: /bip7_disk/pingting114/mixed_bam/COLO829_PAO/TF0_25x/TF0_25x.rep5.bam.bai
[W::bam_next_basemod] MM tag refers to bases beyond sequence length
[W::hts_idx_load3] The index file is older than the data file: /bip7_disk/pingting114/mixed_bam/COLO829_PAO/TF0_25x/TF0_25x.rep5.bam.bai
[W::hts_idx_load3] The index file is older than the data file: /bip7_disk/pingting114/mixed_bam/COLO829_PAO/TF0_25x/TF0_25x.rep5.bam.bai
[W::bam_next_basemod] MM tag refers to bases beyond sequence length
[W::hts_idx_load3] The index file is older than the data file: /bip7_disk/pingting114/mixed_bam/COLO829_PAO/TF0_25x/TF0_25x.rep5.bam.bai
[W::bam_next_basemod] MM tag refers to bases beyond sequence length
[W::bam_next_basemod] MM tag refers to bases beyond sequence length
[W::hts_idx_load3] The index file is older than the data file: /bip7_disk/pingting114/mixed_bam/COLO829_PAO/TF0_25x/TF0_25x.rep5.bam.bai
[E::bam_parse_basemod2] 31ce8d45-71a2-48c5-b816-96caa3f47026: MM tag refers to bases beyond sequence length
[W::hts_idx_load3] The index file is older than the data file: /bip7_disk/pingting114/mixed_bam/COLO829_PAO/TF0_25x/TF0_25x.rep5.bam.bai
[W::hts_idx_load3] The index file is older than the data file: /bip7_disk/pingting114/mixed_bam/COLO829_PAO/TF0_25x/TF0_25x.rep5.bam.bai
[W::hts_idx_load3] The index file is older than the data file: /bip7_disk/pingting114/mixed_bam/COLO829_PAO/TF0_25x/TF0_25x.rep5.bam.bai
[W::hts_idx_load3] The index file is older than the data file: /bip7_disk/pingting114/mixed_bam/COLO829_PAO/TF0_25x/TF0_25x.rep5.bam.bai
[W::hts_idx_load3] The index file is older than the data file: /bip7_disk/pingting114/mixed_bam/COLO829_PAO/TF0_25x/TF0_25x.rep5.bam.bai
[W::hts_idx_load3] The index file is older than the data file: /bip7_disk/pingting114/mixed_bam/COLO829_PAO/TF0_25x/TF0_25x.rep5.bam.bai
[W::bam_next_basemod] MM tag refers to bases beyond sequence length
[E::bam_parse_basemod2] 97f74ace-b3e9-4867-945d-4bc3c2126315: MM tag refers to bases beyond sequence length
[W::bam_next_basemod] MM tag refers to bases beyond sequence length
[W::hts_idx_load3] The index file is older than the data file: /bip7_disk/pingting114/mixed_bam/COLO829_PAO/TF0_25x/TF0_25x.rep5.bam.bai
[W::bam_next_basemod] MM tag refers to bases beyond sequence length
[W::hts_idx_load3] The index file is older than the data file: /bip7_disk/pingting114/mixed_bam/COLO829_PAO/TF0_25x/TF0_25x.rep5.bam.bai
[W::hts_idx_load3] The index file is older than the data file: /bip7_disk/pingting114/mixed_bam/COLO829_PAO/TF0_25x/TF0_25x.rep5.bam.bai
[E::bam_parse_basemod2] 91c30e72-9b85-4fa8-b825-d251116d4a43: MM tag refers to bases beyond sequence length
[W::bam_next_basemod] MM tag refers to bases beyond sequence length
[W::hts_idx_load3] The index file is older than the data file: /bip7_disk/pingting114/mixed_bam/COLO829_PAO/TF0_25x/TF0_25x.rep5.bam.bai
[W::hts_idx_load3] The index file is older than the data file: /bip7_disk/pingting114/mixed_bam/COLO829_PAO/TF0_25x/TF0_25x.rep5.bam.bai
[W::hts_idx_load3] The index file is older than the data file: /bip7_disk/pingting114/mixed_bam/COLO829_PAO/TF0_25x/TF0_25x.rep5.bam.bai
[W::hts_idx_load3] The index file is older than the data file: /bip7_disk/pingting114/mixed_bam/COLO829_PAO/TF0_25x/TF0_25x.rep5.bam.bai
[W::hts_idx_load3] The index file is older than the data file: /bip7_disk/pingting114/mixed_bam/COLO829_PAO/TF0_25x/TF0_25x.rep5.bam.bai
[E::bam_parse_basemod2] 4c400a62-3fe4-41ff-9496-b96f153f7b86: MM tag refers to bases beyond sequence length
[W::hts_idx_load3] The index file is older than the data file: /bip7_disk/pingting114/mixed_bam/COLO829_PAO/TF0_25x/TF0_25x.rep5.bam.bai
[W::hts_idx_load3] The index file is older than the data file: /bip7_disk/pingting114/mixed_bam/COLO829_PAO/TF0_25x/TF0_25x.rep5.bam.bai
[W::bam_next_basemod] MM tag refers to bases beyond sequence length
[W::hts_idx_load3] The index file is older than the data file: /bip7_disk/pingting114/mixed_bam/COLO829_PAO/TF0_25x/TF0_25x.rep5.bam.bai
[W::hts_idx_load3] The index file is older than the data file: /bip7_disk/pingting114/mixed_bam/COLO829_PAO/TF0_25x/TF0_25x.rep5.bam.bai
[W::hts_idx_load3] The index file is older than the data file: /bip7_disk/pingting114/mixed_bam/COLO829_PAO/TF0_25x/TF0_25x.rep5.bam.bai
[W::hts_idx_load3] The index file is older than the data file: /bip7_disk/pingting114/mixed_bam/COLO829_PAO/TF0_25x/TF0_25x.rep5.bam.bai
[W::hts_idx_load3] The index file is older than the data file: /bip7_disk/pingting114/mixed_bam/COLO829_PAO/TF0_25x/TF0_25x.rep5.bam.bai
[W::hts_idx_load3] The index file is older than the data file: /bip7_disk/pingting114/mixed_bam/COLO829_PAO/TF0_25x/TF0_25x.rep5.bam.bai
[W::hts_idx_load3] The index file is older than the data file: /bip7_disk/pingting114/mixed_bam/COLO829_PAO/TF0_25x/TF0_25x.rep5.bam.bai
[W::hts_idx_load3] The index file is older than the data file: /bip7_disk/pingting114/mixed_bam/COLO829_PAO/TF0_25x/TF0_25x.rep5.bam.bai
[W::hts_idx_load3] The index file is older than the data file: /bip7_disk/pingting114/mixed_bam/COLO829_PAO/TF0_25x/TF0_25x.rep5.bam.bai
[W::bam_next_basemod] MM tag refers to bases beyond sequence length
[W::hts_idx_load3] The index file is older than the data file: /bip7_disk/pingting114/mixed_bam/COLO829_PAO/TF0_25x/TF0_25x.rep5.bam.bai
[W::bam_next_basemod] MM tag refers to bases beyond sequence length
[W::hts_idx_load3] The index file is older than the data file: /bip7_disk/pingting114/mixed_bam/COLO829_PAO/TF0_25x/TF0_25x.rep5.bam.bai
[W::hts_idx_load3] The index file is older than the data file: /bip7_disk/pingting114/mixed_bam/COLO829_PAO/TF0_25x/TF0_25x.rep5.bam.bai
[W::hts_idx_load3] The index file is older than the data file: /bip7_disk/pingting114/mixed_bam/COLO829_PAO/TF0_25x/TF0_25x.rep5.bam.bai
[W::bam_next_basemod] MM tag refers to bases beyond sequence length
[W::hts_idx_load3] The index file is older than the data file: /bip7_disk/pingting114/mixed_bam/COLO829_PAO/TF0_25x/TF0_25x.rep5.bam.bai
[W::hts_idx_load3] The index file is older than the data file: /bip7_disk/pingting114/mixed_bam/COLO829_PAO/TF0_25x/TF0_25x.rep5.bam.bai
[E::bam_parse_basemod2] cacddb4c-696d-42ac-9c35-75abb5ef03dc: MM tag refers to bases beyond sequence length
[W::hts_idx_load3] The index file is older than the data file: /bip7_disk/pingting114/mixed_bam/COLO829_PAO/TF0_25x/TF0_25x.rep5.bam.bai
[W::hts_idx_load3] The index file is older than the data file: /bip7_disk/pingting114/mixed_bam/COLO829_PAO/TF0_25x/TF0_25x.rep5.bam.bai
[W::hts_idx_load3] The index file is older than the data file: /bip7_disk/pingting114/mixed_bam/COLO829_PAO/TF0_25x/TF0_25x.rep5.bam.bai
[W::hts_idx_load3] The index file is older than the data file: /bip7_disk/pingting114/mixed_bam/COLO829_PAO/TF0_25x/TF0_25x.rep5.bam.bai
[W::hts_idx_load3] The index file is older than the data file: /bip7_disk/pingting114/mixed_bam/COLO829_PAO/TF0_25x/TF0_25x.rep5.bam.bai
[W::hts_idx_load3] The index file is older than the data file: /bip7_disk/pingting114/mixed_bam/COLO829_PAO/TF0_25x/TF0_25x.rep5.bam.bai
[W::hts_idx_load3] The index file is older than the data file: /bip7_disk/pingting114/mixed_bam/COLO829_PAO/TF0_25x/TF0_25x.rep5.bam.bai
[W::hts_idx_load3] The index file is older than the data file: /bip7_disk/pingting114/mixed_bam/COLO829_PAO/TF0_25x/TF0_25x.rep5.bam.bai
[W::hts_idx_load3] The index file is older than the data file: /bip7_disk/pingting114/mixed_bam/COLO829_PAO/TF0_25x/TF0_25x.rep5.bam.bai
[W::hts_idx_load3] The index file is older than the data file: /bip7_disk/pingting114/mixed_bam/COLO829_PAO/TF0_25x/TF0_25x.rep5.bam.bai
[W::hts_idx_load3] The index file is older than the data file: /bip7_disk/pingting114/mixed_bam/COLO829_PAO/TF0_25x/TF0_25x.rep5.bam.bai
[E::bam_parse_basemod2] 74b855c5-1e65-48ad-86a0-59462dcc82ae: MM tag refers to bases beyond sequence length
[W::hts_idx_load3] The index file is older than the data file: /bip7_disk/pingting114/mixed_bam/COLO829_PAO/TF0_25x/TF0_25x.rep5.bam.bai
[W::bam_next_basemod] MM tag refers to bases beyond sequence length
[W::hts_idx_load3] The index file is older than the data file: /bip7_disk/pingting114/mixed_bam/COLO829_PAO/TF0_25x/TF0_25x.rep5.bam.bai
[W::hts_idx_load3] The index file is older than the data file: /bip7_disk/pingting114/mixed_bam/COLO829_PAO/TF0_25x/TF0_25x.rep5.bam.bai
[W::hts_idx_load3] The index file is older than the data file: /bip7_disk/pingting114/mixed_bam/COLO829_PAO/TF0_25x/TF0_25x.rep5.bam.bai
[W::hts_idx_load3] The index file is older than the data file: /bip7_disk/pingting114/mixed_bam/COLO829_PAO/TF0_25x/TF0_25x.rep5.bam.bai
[W::hts_idx_load3] The index file is older than the data file: /bip7_disk/pingting114/mixed_bam/COLO829_PAO/TF0_25x/TF0_25x.rep5.bam.bai
[W::hts_idx_load3] The index file is older than the data file: /bip7_disk/pingting114/mixed_bam/COLO829_PAO/TF0_25x/TF0_25x.rep5.bam.bai
[W::hts_idx_load3] The index file is older than the data file: /bip7_disk/pingting114/mixed_bam/COLO829_PAO/TF0_25x/TF0_25x.rep5.bam.bai
[W::bam_next_basemod] MM tag refers to bases beyond sequence length
[W::hts_idx_load3] The index file is older than the data file: /bip7_disk/pingting114/mixed_bam/COLO829_PAO/TF0_25x/TF0_25x.rep5.bam.bai
[W::hts_idx_load3] The index file is older than the data file: /bip7_disk/pingting114/mixed_bam/COLO829_PAO/TF0_25x/TF0_25x.rep5.bam.bai
[W::hts_idx_load3] The index file is older than the data file: /bip7_disk/pingting114/mixed_bam/COLO829_PAO/TF0_25x/TF0_25x.rep5.bam.bai
[W::hts_idx_load3] The index file is older than the data file: /bip7_disk/pingting114/mixed_bam/COLO829_PAO/TF0_25x/TF0_25x.rep5.bam.bai
[W::hts_idx_load3] The index file is older than the data file: /bip7_disk/pingting114/mixed_bam/COLO829_PAO/TF0_25x/TF0_25x.rep5.bam.bai
[W::hts_idx_load3] The index file is older than the data file: /bip7_disk/pingting114/mixed_bam/COLO829_PAO/TF0_25x/TF0_25x.rep5.bam.bai
[W::hts_idx_load3] The index file is older than the data file: /bip7_disk/pingting114/mixed_bam/COLO829_PAO/TF0_25x/TF0_25x.rep5.bam.bai
[W::hts_idx_load3] The index file is older than the data file: /bip7_disk/pingting114/mixed_bam/COLO829_PAO/TF0_25x/TF0_25x.rep5.bam.bai
[W::hts_idx_load3] The index file is older than the data file: /bip7_disk/pingting114/mixed_bam/COLO829_PAO/TF0_25x/TF0_25x.rep5.bam.bai
[W::hts_idx_load3] The index file is older than the data file: /bip7_disk/pingting114/mixed_bam/COLO829_PAO/TF0_25x/TF0_25x.rep5.bam.bai
[W::hts_idx_load3] The index file is older than the data file: /bip7_disk/pingting114/mixed_bam/COLO829_PAO/TF0_25x/TF0_25x.rep5.bam.bai
[W::bam_next_basemod] MM tag refers to bases beyond sequence length
[W::hts_idx_load3] The index file is older than the data file: /bip7_disk/pingting114/mixed_bam/COLO829_PAO/TF0_25x/TF0_25x.rep5.bam.bai
[W::hts_idx_load3] The index file is older than the data file: /bip7_disk/pingting114/mixed_bam/COLO829_PAO/TF0_25x/TF0_25x.rep5.bam.bai
[W::hts_idx_load3] The index file is older than the data file: /bip7_disk/pingting114/mixed_bam/COLO829_PAO/TF0_25x/TF0_25x.rep5.bam.bai
[W::hts_idx_load3] The index file is older than the data file: /bip7_disk/pingting114/mixed_bam/COLO829_PAO/TF0_25x/TF0_25x.rep5.bam.bai
[W::bam_next_basemod] MM tag refers to bases beyond sequence length
[W::hts_idx_load3] The index file is older than the data file: /bip7_disk/pingting114/mixed_bam/COLO829_PAO/TF0_25x/TF0_25x.rep5.bam.bai
[W::hts_idx_load3] The index file is older than the data file: /bip7_disk/pingting114/mixed_bam/COLO829_PAO/TF0_25x/TF0_25x.rep5.bam.bai
[W::hts_idx_load3] The index file is older than the data file: /bip7_disk/pingting114/mixed_bam/COLO829_PAO/TF0_25x/TF0_25x.rep5.bam.bai
[W::hts_idx_load3] The index file is older than the data file: /bip7_disk/pingting114/mixed_bam/COLO829_PAO/TF0_25x/TF0_25x.rep5.bam.bai
[W::hts_idx_load3] The index file is older than the data file: /bip7_disk/pingting114/mixed_bam/COLO829_PAO/TF0_25x/TF0_25x.rep5.bam.bai
[W::hts_idx_load3] The index file is older than the data file: /bip7_disk/pingting114/mixed_bam/COLO829_PAO/TF0_25x/TF0_25x.rep5.bam.bai
[W::hts_idx_load3] The index file is older than the data file: /bip7_disk/pingting114/mixed_bam/COLO829_PAO/TF0_25x/TF0_25x.rep5.bam.bai
[E::bam_parse_basemod2] 515f1733-df12-4335-997b-055dabe657ac: MM tag refers to bases beyond sequence length
[W::bam_next_basemod] MM tag refers to bases beyond sequence length
[W::hts_idx_load3] The index file is older than the data file: /bip7_disk/pingting114/mixed_bam/COLO829_PAO/TF0_25x/TF0_25x.rep5.bam.bai
[W::bam_next_basemod] MM tag refers to bases beyond sequence length
[W::hts_idx_load3] The index file is older than the data file: /bip7_disk/pingting114/mixed_bam/COLO829_PAO/TF0_25x/TF0_25x.rep5.bam.bai
[W::hts_idx_load3] The index file is older than the data file: /bip7_disk/pingting114/mixed_bam/COLO829_PAO/TF0_25x/TF0_25x.rep5.bam.bai
[W::hts_idx_load3] The index file is older than the data file: /bip7_disk/pingting114/mixed_bam/COLO829_PAO/TF0_25x/TF0_25x.rep5.bam.bai
[W::hts_idx_load3] The index file is older than the data file: /bip7_disk/pingting114/mixed_bam/COLO829_PAO/TF0_25x/TF0_25x.rep5.bam.bai
[W::bam_next_basemod] MM tag refers to bases beyond sequence length
[W::hts_idx_load3] The index file is older than the data file: /bip7_disk/pingting114/mixed_bam/COLO829_PAO/TF0_25x/TF0_25x.rep5.bam.bai
[W::hts_idx_load3] The index file is older than the data file: /bip7_disk/pingting114/mixed_bam/COLO829_PAO/TF0_25x/TF0_25x.rep5.bam.bai
[E::bam_parse_basemod2] a7ff1047-d7de-451a-9565-627a50f57bbf: MM tag refers to bases beyond sequence length
[W::hts_idx_load3] The index file is older than the data file: /bip7_disk/pingting114/mixed_bam/COLO829_PAO/TF0_25x/TF0_25x.rep5.bam.bai
[W::bam_next_basemod] MM tag refers to bases beyond sequence length
[W::hts_idx_load3] The index file is older than the data file: /bip7_disk/pingting114/mixed_bam/COLO829_PAO/TF0_25x/TF0_25x.rep5.bam.bai
[E::bam_parse_basemod2] 0619c9f2-9996-44f5-813a-6e688145ad06: MM tag refers to bases beyond sequence length
[W::hts_idx_load3] The index file is older than the data file: /bip7_disk/pingting114/mixed_bam/COLO829_PAO/TF0_25x/TF0_25x.rep5.bam.bai
[W::hts_idx_load3] The index file is older than the data file: /bip7_disk/pingting114/mixed_bam/COLO829_PAO/TF0_25x/TF0_25x.rep5.bam.bai
[E::bam_parse_basemod2] b491e951-10fd-414d-9853-7a96a35fe98f: MM tag refers to bases beyond sequence length
[W::hts_idx_load3] The index file is older than the data file: /bip7_disk/pingting114/mixed_bam/COLO829_PAO/TF0_25x/TF0_25x.rep5.bam.bai
[W::bam_next_basemod] MM tag refers to bases beyond sequence length
[W::hts_idx_load3] The index file is older than the data file: /bip7_disk/pingting114/mixed_bam/COLO829_PAO/TF0_25x/TF0_25x.rep5.bam.bai
[E::bam_parse_basemod2] dcda5833-3fe5-416f-97af-031cacbe93b7: MM tag refers to bases beyond sequence length
[W::hts_idx_load3] The index file is older than the data file: /bip7_disk/pingting114/mixed_bam/COLO829_PAO/TF0_25x/TF0_25x.rep5.bam.bai
[W::hts_idx_load3] The index file is older than the data file: /bip7_disk/pingting114/mixed_bam/COLO829_PAO/TF0_25x/TF0_25x.rep5.bam.bai
[W::hts_idx_load3] The index file is older than the data file: /bip7_disk/pingting114/mixed_bam/COLO829_PAO/TF0_25x/TF0_25x.rep5.bam.bai
[W::hts_idx_load3] The index file is older than the data file: /bip7_disk/pingting114/mixed_bam/COLO829_PAO/TF0_25x/TF0_25x.rep5.bam.bai
[W::hts_idx_load3] The index file is older than the data file: /bip7_disk/pingting114/mixed_bam/COLO829_PAO/TF0_25x/TF0_25x.rep5.bam.bai
[W::hts_idx_load3] The index file is older than the data file: /bip7_disk/pingting114/mixed_bam/COLO829_PAO/TF0_25x/TF0_25x.rep5.bam.bai
[W::hts_idx_load3] The index file is older than the data file: /bip7_disk/pingting114/mixed_bam/COLO829_PAO/TF0_25x/TF0_25x.rep5.bam.bai
[W::bam_next_basemod] MM tag refers to bases beyond sequence length
[W::hts_idx_load3] The index file is older than the data file: /bip7_disk/pingting114/mixed_bam/COLO829_PAO/TF0_25x/TF0_25x.rep5.bam.bai
[W::hts_idx_load3] The index file is older than the data file: /bip7_disk/pingting114/mixed_bam/COLO829_PAO/TF0_25x/TF0_25x.rep5.bam.bai
[W::hts_idx_load3] The index file is older than the data file: /bip7_disk/pingting114/mixed_bam/COLO829_PAO/TF0_25x/TF0_25x.rep5.bam.bai
[W::bam_next_basemod] MM tag refers to bases beyond sequence length
[W::hts_idx_load3] The index file is older than the data file: /bip7_disk/pingting114/mixed_bam/COLO829_PAO/TF0_25x/TF0_25x.rep5.bam.bai
[E::bam_parse_basemod2] 64ba3d2d-3dbe-42e8-9ebe-db84e222025e: MM tag refers to bases beyond sequence length
[W::bam_next_basemod] MM tag refers to bases beyond sequence length
[W::hts_idx_load3] The index file is older than the data file: /bip7_disk/pingting114/mixed_bam/COLO829_PAO/TF0_25x/TF0_25x.rep5.bam.bai
[W::hts_idx_load3] The index file is older than the data file: /bip7_disk/pingting114/mixed_bam/COLO829_PAO/TF0_25x/TF0_25x.rep5.bam.bai
[E::bam_parse_basemod2] 2875cc3f-9a1b-4318-a748-79e2299f3aa6: MM tag refers to bases beyond sequence length
[W::hts_idx_load3] The index file is older than the data file: /bip7_disk/pingting114/mixed_bam/COLO829_PAO/TF0_25x/TF0_25x.rep5.bam.bai
[W::bam_next_basemod] MM tag refers to bases beyond sequence length
[W::hts_idx_load3] The index file is older than the data file: /bip7_disk/pingting114/mixed_bam/COLO829_PAO/TF0_25x/TF0_25x.rep5.bam.bai
[W::bam_next_basemod] MM tag refers to bases beyond sequence length
[W::hts_idx_load3] The index file is older than the data file: /bip7_disk/pingting114/mixed_bam/COLO829_PAO/TF0_25x/TF0_25x.rep5.bam.bai
[W::hts_idx_load3] The index file is older than the data file: /bip7_disk/pingting114/mixed_bam/COLO829_PAO/TF0_25x/TF0_25x.rep5.bam.bai
[W::bam_next_basemod] MM tag refers to bases beyond sequence length
[W::hts_idx_load3] The index file is older than the data file: /bip7_disk/pingting114/mixed_bam/COLO829_PAO/TF0_25x/TF0_25x.rep5.bam.bai
[W::bam_next_basemod] MM tag refers to bases beyond sequence length
[W::hts_idx_load3] The index file is older than the data file: /bip7_disk/pingting114/mixed_bam/COLO829_PAO/TF0_25x/TF0_25x.rep5.bam.bai
[W::hts_idx_load3] The index file is older than the data file: /bip7_disk/pingting114/mixed_bam/COLO829_PAO/TF0_25x/TF0_25x.rep5.bam.bai
[W::hts_idx_load3] The index file is older than the data file: /bip7_disk/pingting114/mixed_bam/COLO829_PAO/TF0_25x/TF0_25x.rep5.bam.bai
[W::hts_idx_load3] The index file is older than the data file: /bip7_disk/pingting114/mixed_bam/COLO829_PAO/TF0_25x/TF0_25x.rep5.bam.bai
[W::hts_idx_load3] The index file is older than the data file: /bip7_disk/pingting114/mixed_bam/COLO829_PAO/TF0_25x/TF0_25x.rep5.bam.bai
[W::bam_next_basemod] MM tag refers to bases beyond sequence length
[W::bam_next_basemod] MM tag refers to bases beyond sequence length
[W::hts_idx_load3] The index file is older than the data file: /bip7_disk/pingting114/mixed_bam/COLO829_PAO/TF0_25x/TF0_25x.rep5.bam.bai
[W::hts_idx_load3] The index file is older than the data file: /bip7_disk/pingting114/mixed_bam/COLO829_PAO/TF0_25x/TF0_25x.rep5.bam.bai
[W::hts_idx_load3] The index file is older than the data file: /bip7_disk/pingting114/mixed_bam/COLO829_PAO/TF0_25x/TF0_25x.rep5.bam.bai
[W::hts_idx_load3] The index file is older than the data file: /bip7_disk/pingting114/mixed_bam/COLO829_PAO/TF0_25x/TF0_25x.rep5.bam.bai
[W::bam_next_basemod] MM tag refers to bases beyond sequence length
[W::hts_idx_load3] The index file is older than the data file: /bip7_disk/pingting114/mixed_bam/COLO829_PAO/TF0_25x/TF0_25x.rep5.bam.bai
[W::hts_idx_load3] The index file is older than the data file: /bip7_disk/pingting114/mixed_bam/COLO829_PAO/TF0_25x/TF0_25x.rep5.bam.bai
[W::hts_idx_load3] The index file is older than the data file: /bip7_disk/pingting114/mixed_bam/COLO829_PAO/TF0_25x/TF0_25x.rep5.bam.bai
[W::hts_idx_load3] The index file is older than the data file: /bip7_disk/pingting114/mixed_bam/COLO829_PAO/TF0_25x/TF0_25x.rep5.bam.bai
[W::hts_idx_load3] The index file is older than the data file: /bip7_disk/pingting114/mixed_bam/COLO829_PAO/TF0_25x/TF0_25x.rep5.bam.bai
[W::hts_idx_load3] The index file is older than the data file: /bip7_disk/pingting114/mixed_bam/COLO829_PAO/TF0_25x/TF0_25x.rep5.bam.bai
[W::hts_idx_load3] The index file is older than the data file: /bip7_disk/pingting114/mixed_bam/COLO829_PAO/TF0_25x/TF0_25x.rep5.bam.bai
[W::hts_idx_load3] The index file is older than the data file: /bip7_disk/pingting114/mixed_bam/COLO829_PAO/TF0_25x/TF0_25x.rep5.bam.bai
[W::hts_idx_load3] The index file is older than the data file: /bip7_disk/pingting114/mixed_bam/COLO829_PAO/TF0_25x/TF0_25x.rep5.bam.bai
[W::hts_idx_load3] The index file is older than the data file: /bip7_disk/pingting114/mixed_bam/COLO829_PAO/TF0_25x/TF0_25x.rep5.bam.bai
[W::hts_idx_load3] The index file is older than the data file: /bip7_disk/pingting114/mixed_bam/COLO829_PAO/TF0_25x/TF0_25x.rep5.bam.bai
[W::hts_idx_load3] The index file is older than the data file: /bip7_disk/pingting114/mixed_bam/COLO829_PAO/TF0_25x/TF0_25x.rep5.bam.bai
[W::hts_idx_load3] The index file is older than the data file: /bip7_disk/pingting114/mixed_bam/COLO829_PAO/TF0_25x/TF0_25x.rep5.bam.bai
[E::bam_parse_basemod2] d798fd6e-efa1-41aa-b47e-f684d66db844: MM tag refers to bases beyond sequence length
[W::hts_idx_load3] The index file is older than the data file: /bip7_disk/pingting114/mixed_bam/COLO829_PAO/TF0_25x/TF0_25x.rep5.bam.bai
[W::hts_idx_load3] The index file is older than the data file: /bip7_disk/pingting114/mixed_bam/COLO829_PAO/TF0_25x/TF0_25x.rep5.bam.bai
[W::hts_idx_load3] The index file is older than the data file: /bip7_disk/pingting114/mixed_bam/COLO829_PAO/TF0_25x/TF0_25x.rep5.bam.bai
[W::bam_next_basemod] MM tag refers to bases beyond sequence length
[W::hts_idx_load3] The index file is older than the data file: /bip7_disk/pingting114/mixed_bam/COLO829_PAO/TF0_25x/TF0_25x.rep5.bam.bai
[W::hts_idx_load3] The index file is older than the data file: /bip7_disk/pingting114/mixed_bam/COLO829_PAO/TF0_25x/TF0_25x.rep5.bam.bai
[W::hts_idx_load3] The index file is older than the data file: /bip7_disk/pingting114/mixed_bam/COLO829_PAO/TF0_25x/TF0_25x.rep5.bam.bai
[W::hts_idx_load3] The index file is older than the data file: /bip7_disk/pingting114/mixed_bam/COLO829_PAO/TF0_25x/TF0_25x.rep5.bam.bai
[W::hts_idx_load3] The index file is older than the data file: /bip7_disk/pingting114/mixed_bam/COLO829_PAO/TF0_25x/TF0_25x.rep5.bam.bai
[W::bam_next_basemod] MM tag refers to bases beyond sequence length
[W::bam_next_basemod] MM tag refers to bases beyond sequence length
[W::bam_next_basemod] MM tag refers to bases beyond sequence length
[W::bam_next_basemod] MM tag refers to bases beyond sequence length
[E::bam_parse_basemod2] 36f73c23-0dd9-4bc7-ad68-e117055c8876: MM tag refers to bases beyond sequence length
[E::bam_parse_basemod2] 4daec48b-4c7b-448e-85e5-dfdbf8cff728: MM tag refers to bases beyond sequence length
[E::bam_parse_basemod2] e503dd0e-67c0-4ebc-a418-2c4b8315f8d4: MM tag refers to bases beyond sequence length
[E::bam_parse_basemod2] 8ec74a55-774f-4526-a0e8-cc1798e0d080: MM tag refers to bases beyond sequence length
[E::bam_parse_basemod2] 558187bf-9357-4bbf-9921-3669c94174f2: MM tag refers to bases beyond sequence length
[W::bam_next_basemod] MM tag refers to bases beyond sequence length
[W::hts_idx_load3] The index file is older than the data file: /bip7_disk/pingting114/mixed_bam/COLO829_PAO/TF0_25x/TF0_25x.rep5.bam.bai
[W::hts_idx_load3] The index file is older than the data file: /bip7_disk/pingting114/mixed_bam/COLO829_PAO/TF0_25x/TF0_25x.rep5.bam.bai
[W::bam_next_basemod] MM tag refers to bases beyond sequence length
[W::bam_next_basemod] MM tag refers to bases beyond sequence length
[W::hts_idx_load3] The index file is older than the data file: /bip7_disk/pingting114/mixed_bam/COLO829_PAO/TF0_25x/TF0_25x.rep5.bam.bai
[E::bam_parse_basemod2] 7bd3fcc1-9509-4a25-a22e-cdd235bddcc6: MM tag refers to bases beyond sequence length
[W::hts_idx_load3] The index file is older than the data file: /bip7_disk/pingting114/mixed_bam/COLO829_PAO/TF0_25x/TF0_25x.rep5.bam.bai
[W::hts_idx_load3] The index file is older than the data file: /bip7_disk/pingting114/mixed_bam/COLO829_PAO/TF0_25x/TF0_25x.rep5.bam.bai
[W::hts_idx_load3] The index file is older than the data file: /bip7_disk/pingting114/mixed_bam/COLO829_PAO/TF0_25x/TF0_25x.rep5.bam.bai
[W::hts_idx_load3] The index file is older than the data file: /bip7_disk/pingting114/mixed_bam/COLO829_PAO/TF0_25x/TF0_25x.rep5.bam.bai
[W::hts_idx_load3] The index file is older than the data file: /bip7_disk/pingting114/mixed_bam/COLO829_PAO/TF0_25x/TF0_25x.rep5.bam.bai
[W::hts_idx_load3] The index file is older than the data file: /bip7_disk/pingting114/mixed_bam/COLO829_PAO/TF0_25x/TF0_25x.rep5.bam.bai
[W::hts_idx_load3] The index file is older than the data file: /bip7_disk/pingting114/mixed_bam/COLO829_PAO/TF0_25x/TF0_25x.rep5.bam.bai
[W::hts_idx_load3] The index file is older than the data file: /bip7_disk/pingting114/mixed_bam/COLO829_PAO/TF0_25x/TF0_25x.rep5.bam.bai
[W::hts_idx_load3] The index file is older than the data file: /bip7_disk/pingting114/mixed_bam/COLO829_PAO/TF0_25x/TF0_25x.rep5.bam.bai
[W::bam_next_basemod] MM tag refers to bases beyond sequence length
[W::bam_next_basemod] MM tag refers to bases beyond sequence length
[W::hts_idx_load3] The index file is older than the data file: /bip7_disk/pingting114/mixed_bam/COLO829_PAO/TF0_25x/TF0_25x.rep5.bam.bai
[W::hts_idx_load3] The index file is older than the data file: /bip7_disk/pingting114/mixed_bam/COLO829_PAO/TF0_25x/TF0_25x.rep5.bam.bai
[W::hts_idx_load3] The index file is older than the data file: /bip7_disk/pingting114/mixed_bam/COLO829_PAO/TF0_25x/TF0_25x.rep5.bam.bai
[W::hts_idx_load3] The index file is older than the data file: /bip7_disk/pingting114/mixed_bam/COLO829_PAO/TF0_25x/TF0_25x.rep5.bam.bai
[W::hts_idx_load3] The index file is older than the data file: /bip7_disk/pingting114/mixed_bam/COLO829_PAO/TF0_25x/TF0_25x.rep5.bam.bai
[W::hts_idx_load3] The index file is older than the data file: /bip7_disk/pingting114/mixed_bam/COLO829_PAO/TF0_25x/TF0_25x.rep5.bam.bai
[W::hts_idx_load3] The index file is older than the data file: /bip7_disk/pingting114/mixed_bam/COLO829_PAO/TF0_25x/TF0_25x.rep5.bam.bai
[W::hts_idx_load3] The index file is older than the data file: /bip7_disk/pingting114/mixed_bam/COLO829_PAO/TF0_25x/TF0_25x.rep5.bam.bai
[W::bam_next_basemod] MM tag refers to bases beyond sequence length
[W::hts_idx_load3] The index file is older than the data file: /bip7_disk/pingting114/mixed_bam/COLO829_PAO/TF0_25x/TF0_25x.rep5.bam.bai
[W::hts_idx_load3] The index file is older than the data file: /bip7_disk/pingting114/mixed_bam/COLO829_PAO/TF0_25x/TF0_25x.rep5.bam.bai
[W::bam_next_basemod] MM tag refers to bases beyond sequence length
[W::hts_idx_load3] The index file is older than the data file: /bip7_disk/pingting114/mixed_bam/COLO829_PAO/TF0_25x/TF0_25x.rep5.bam.bai
[E::bam_parse_basemod2] 55d8475c-40b8-41f2-8a9e-47fbd96cccdf: MM tag refers to bases beyond sequence length
[E::bam_parse_basemod2] 4ec6ef7a-ec76-48b5-9c5f-8f11cebfc2ca: MM tag refers to bases beyond sequence length
[W::bam_next_basemod] MM tag refers to bases beyond sequence length
[W::hts_idx_load3] The index file is older than the data file: /bip7_disk/pingting114/mixed_bam/COLO829_PAO/TF0_25x/TF0_25x.rep5.bam.bai
[W::hts_idx_load3] The index file is older than the data file: /bip7_disk/pingting114/mixed_bam/COLO829_PAO/TF0_25x/TF0_25x.rep5.bam.bai
[W::hts_idx_load3] The index file is older than the data file: /bip7_disk/pingting114/mixed_bam/COLO829_PAO/TF0_25x/TF0_25x.rep5.bam.bai
[W::hts_idx_load3] The index file is older than the data file: /bip7_disk/pingting114/mixed_bam/COLO829_PAO/TF0_25x/TF0_25x.rep5.bam.bai
[W::bam_next_basemod] MM tag refers to bases beyond sequence length
[W::bam_next_basemod] MM tag refers to bases beyond sequence length
[E::bam_parse_basemod2] bcf13403-7e92-4e75-a233-87eb9883eeb1: MM tag refers to bases beyond sequence length
[W::hts_idx_load3] The index file is older than the data file: /bip7_disk/pingting114/mixed_bam/COLO829_PAO/TF0_25x/TF0_25x.rep5.bam.bai
[E::bam_parse_basemod2] 601e800e-1750-43c0-aec4-d2666453ea0c: MM tag refers to bases beyond sequence length
[E::bam_parse_basemod2] 6b665509-6abf-4600-b8e5-80e839817f7a: MM tag refers to bases beyond sequence length
[W::hts_idx_load3] The index file is older than the data file: /bip7_disk/pingting114/mixed_bam/COLO829_PAO/TF0_25x/TF0_25x.rep5.bam.bai
[W::bam_next_basemod] MM tag refers to bases beyond sequence length
[W::hts_idx_load3] The index file is older than the data file: /bip7_disk/pingting114/mixed_bam/COLO829_PAO/TF0_25x/TF0_25x.rep5.bam.bai
[W::hts_idx_load3] The index file is older than the data file: /bip7_disk/pingting114/mixed_bam/COLO829_PAO/TF0_25x/TF0_25x.rep5.bam.bai
[W::hts_idx_load3] The index file is older than the data file: /bip7_disk/pingting114/mixed_bam/COLO829_PAO/TF0_25x/TF0_25x.rep5.bam.bai
[W::bam_next_basemod] MM tag refers to bases beyond sequence length
[W::hts_idx_load3] The index file is older than the data file: /bip7_disk/pingting114/mixed_bam/COLO829_PAO/TF0_25x/TF0_25x.rep5.bam.bai
[W::hts_idx_load3] The index file is older than the data file: /bip7_disk/pingting114/mixed_bam/COLO829_PAO/TF0_25x/TF0_25x.rep5.bam.bai
[W::hts_idx_load3] The index file is older than the data file: /bip7_disk/pingting114/mixed_bam/COLO829_PAO/TF0_25x/TF0_25x.rep5.bam.bai
[W::hts_idx_load3] The index file is older than the data file: /bip7_disk/pingting114/mixed_bam/COLO829_PAO/TF0_25x/TF0_25x.rep5.bam.bai
[W::hts_idx_load3] The index file is older than the data file: /bip7_disk/pingting114/mixed_bam/COLO829_PAO/TF0_25x/TF0_25x.rep5.bam.bai
[W::bam_next_basemod] MM tag refers to bases beyond sequence length
[W::hts_idx_load3] The index file is older than the data file: /bip7_disk/pingting114/mixed_bam/COLO829_PAO/TF0_25x/TF0_25x.rep5.bam.bai
[W::hts_idx_load3] The index file is older than the data file: /bip7_disk/pingting114/mixed_bam/COLO829_PAO/TF0_25x/TF0_25x.rep5.bam.bai
[W::hts_idx_load3] The index file is older than the data file: /bip7_disk/pingting114/mixed_bam/COLO829_PAO/TF0_25x/TF0_25x.rep5.bam.bai
[E::bam_parse_basemod2] f53193ed-b089-4314-8fb4-bfd447778473: MM tag refers to bases beyond sequence length
[W::hts_idx_load3] The index file is older than the data file: /bip7_disk/pingting114/mixed_bam/COLO829_PAO/TF0_25x/TF0_25x.rep5.bam.bai
[W::hts_idx_load3] The index file is older than the data file: /bip7_disk/pingting114/mixed_bam/COLO829_PAO/TF0_25x/TF0_25x.rep5.bam.bai
[W::hts_idx_load3] The index file is older than the data file: /bip7_disk/pingting114/mixed_bam/COLO829_PAO/TF0_25x/TF0_25x.rep5.bam.bai
[W::hts_idx_load3] The index file is older than the data file: /bip7_disk/pingting114/mixed_bam/COLO829_PAO/TF0_25x/TF0_25x.rep5.bam.bai
[W::hts_idx_load3] The index file is older than the data file: /bip7_disk/pingting114/mixed_bam/COLO829_PAO/TF0_25x/TF0_25x.rep5.bam.bai
[W::hts_idx_load3] The index file is older than the data file: /bip7_disk/pingting114/mixed_bam/COLO829_PAO/TF0_25x/TF0_25x.rep5.bam.bai
[E::bam_parse_basemod2] e7fddede-f496-478f-b122-ef78226eab16: MM tag refers to bases beyond sequence length
[E::bam_parse_basemod2] b236f8b4-9d41-4ec1-8a65-ffd01c9d89c8: MM tag refers to bases beyond sequence length
[W::bam_next_basemod] MM tag refers to bases beyond sequence length
[W::bam_next_basemod] MM tag refers to bases beyond sequence length
[E::bam_parse_basemod2] 3d478fdf-cf07-4c49-b244-b43efe9f7a0d: MM tag refers to bases beyond sequence length
[W::hts_idx_load3] The index file is older than the data file: /bip7_disk/pingting114/mixed_bam/COLO829_PAO/TF0_25x/TF0_25x.rep5.bam.bai
[W::hts_idx_load3] The index file is older than the data file: /bip7_disk/pingting114/mixed_bam/COLO829_PAO/TF0_25x/TF0_25x.rep5.bam.bai
[W::hts_idx_load3] The index file is older than the data file: /bip7_disk/pingting114/mixed_bam/COLO829_PAO/TF0_25x/TF0_25x.rep5.bam.bai
[W::hts_idx_load3] The index file is older than the data file: /bip7_disk/pingting114/mixed_bam/COLO829_PAO/TF0_25x/TF0_25x.rep5.bam.bai
[W::hts_idx_load3] The index file is older than the data file: /bip7_disk/pingting114/mixed_bam/COLO829_PAO/TF0_25x/TF0_25x.rep5.bam.bai
[W::hts_idx_load3] The index file is older than the data file: /bip7_disk/pingting114/mixed_bam/COLO829_PAO/TF0_25x/TF0_25x.rep5.bam.bai
[E::bam_parse_basemod2] ebbedf0b-9f1c-43b8-82a7-6eed9228973a: MM tag refers to bases beyond sequence length
[E::bam_parse_basemod2] 883e85ac-dc80-4bdf-81d0-9e1c9fee5cf2: MM tag refers to bases beyond sequence length
[W::hts_idx_load3] The index file is older than the data file: /bip7_disk/pingting114/mixed_bam/COLO829_PAO/TF0_25x/TF0_25x.rep5.bam.bai
[W::hts_idx_load3] The index file is older than the data file: /bip7_disk/pingting114/mixed_bam/COLO829_PAO/TF0_25x/TF0_25x.rep5.bam.bai
[W::hts_idx_load3] The index file is older than the data file: /bip7_disk/pingting114/mixed_bam/COLO829_PAO/TF0_25x/TF0_25x.rep5.bam.bai
[W::hts_idx_load3] The index file is older than the data file: /bip7_disk/pingting114/mixed_bam/COLO829_PAO/TF0_25x/TF0_25x.rep5.bam.bai
[W::hts_idx_load3] The index file is older than the data file: /bip7_disk/pingting114/mixed_bam/COLO829_PAO/TF0_25x/TF0_25x.rep5.bam.bai
[W::hts_idx_load3] The index file is older than the data file: /bip7_disk/pingting114/mixed_bam/COLO829_PAO/TF0_25x/TF0_25x.rep5.bam.bai
[W::hts_idx_load3] The index file is older than the data file: /bip7_disk/pingting114/mixed_bam/COLO829_PAO/TF0_25x/TF0_25x.rep5.bam.bai
[W::hts_idx_load3] The index file is older than the data file: /bip7_disk/pingting114/mixed_bam/COLO829_PAO/TF0_25x/TF0_25x.rep5.bam.bai
[W::hts_idx_load3] The index file is older than the data file: /bip7_disk/pingting114/mixed_bam/COLO829_PAO/TF0_25x/TF0_25x.rep5.bam.bai
[W::hts_idx_load3] The index file is older than the data file: /bip7_disk/pingting114/mixed_bam/COLO829_PAO/TF0_25x/TF0_25x.rep5.bam.bai
[W::hts_idx_load3] The index file is older than the data file: /bip7_disk/pingting114/mixed_bam/COLO829_PAO/TF0_25x/TF0_25x.rep5.bam.bai
[W::hts_idx_load3] The index file is older than the data file: /bip7_disk/pingting114/mixed_bam/COLO829_PAO/TF0_25x/TF0_25x.rep5.bam.bai
[W::bam_next_basemod] MM tag refers to bases beyond sequence length
[W::hts_idx_load3] The index file is older than the data file: /bip7_disk/pingting114/mixed_bam/COLO829_PAO/TF0_25x/TF0_25x.rep5.bam.bai
[W::hts_idx_load3] The index file is older than the data file: /bip7_disk/pingting114/mixed_bam/COLO829_PAO/TF0_25x/TF0_25x.rep5.bam.bai
[W::hts_idx_load3] The index file is older than the data file: /bip7_disk/pingting114/mixed_bam/COLO829_PAO/TF0_25x/TF0_25x.rep5.bam.bai
[W::hts_idx_load3] The index file is older than the data file: /bip7_disk/pingting114/mixed_bam/COLO829_PAO/TF0_25x/TF0_25x.rep5.bam.bai
[W::hts_idx_load3] The index file is older than the data file: /bip7_disk/pingting114/mixed_bam/COLO829_PAO/TF0_25x/TF0_25x.rep5.bam.bai
[W::hts_idx_load3] The index file is older than the data file: /bip7_disk/pingting114/mixed_bam/COLO829_PAO/TF0_25x/TF0_25x.rep5.bam.bai
[E::bam_parse_basemod2] 9493a478-7cf4-4688-b03e-37f572cf5ab4: MM tag refers to bases beyond sequence length
[W::hts_idx_load3] The index file is older than the data file: /bip7_disk/pingting114/mixed_bam/COLO829_PAO/TF0_25x/TF0_25x.rep5.bam.bai
[W::hts_idx_load3] The index file is older than the data file: /bip7_disk/pingting114/mixed_bam/COLO829_PAO/TF0_25x/TF0_25x.rep5.bam.bai
[W::hts_idx_load3] The index file is older than the data file: /bip7_disk/pingting114/mixed_bam/COLO829_PAO/TF0_25x/TF0_25x.rep5.bam.bai
[E::bam_parse_basemod2] 9519a8cb-ebe0-422e-878e-1fab4da97af1: MM tag refers to bases beyond sequence length
[W::hts_idx_load3] The index file is older than the data file: /bip7_disk/pingting114/mixed_bam/COLO829_PAO/TF0_25x/TF0_25x.rep5.bam.bai
[W::hts_idx_load3] The index file is older than the data file: /bip7_disk/pingting114/mixed_bam/COLO829_PAO/TF0_25x/TF0_25x.rep5.bam.bai
[W::bam_next_basemod] MM tag refers to bases beyond sequence length
[W::hts_idx_load3] The index file is older than the data file: /bip7_disk/pingting114/mixed_bam/COLO829_PAO/TF0_25x/TF0_25x.rep5.bam.bai
[W::hts_idx_load3] The index file is older than the data file: /bip7_disk/pingting114/mixed_bam/COLO829_PAO/TF0_25x/TF0_25x.rep5.bam.bai
[W::hts_idx_load3] The index file is older than the data file: /bip7_disk/pingting114/mixed_bam/COLO829_PAO/TF0_25x/TF0_25x.rep5.bam.bai
[W::hts_idx_load3] The index file is older than the data file: /bip7_disk/pingting114/mixed_bam/COLO829_PAO/TF0_25x/TF0_25x.rep5.bam.bai
[W::hts_idx_load3] The index file is older than the data file: /bip7_disk/pingting114/mixed_bam/COLO829_PAO/TF0_25x/TF0_25x.rep5.bam.bai
[W::hts_idx_load3] The index file is older than the data file: /bip7_disk/pingting114/mixed_bam/COLO829_PAO/TF0_25x/TF0_25x.rep5.bam.bai
[W::hts_idx_load3] The index file is older than the data file: /bip7_disk/pingting114/mixed_bam/COLO829_PAO/TF0_25x/TF0_25x.rep5.bam.bai
[E::bam_parse_basemod2] 7eaa9b95-9f83-497e-aab8-b14dc43f7a1c: MM tag refers to bases beyond sequence length
[W::hts_idx_load3] The index file is older than the data file: /bip7_disk/pingting114/mixed_bam/COLO829_PAO/TF0_25x/TF0_25x.rep5.bam.bai
[W::hts_idx_load3] The index file is older than the data file: /bip7_disk/pingting114/mixed_bam/COLO829_PAO/TF0_25x/TF0_25x.rep5.bam.bai
[W::bam_next_basemod] MM tag refers to bases beyond sequence length
[W::bam_next_basemod] MM tag refers to bases beyond sequence length
[W::hts_idx_load3] The index file is older than the data file: /bip7_disk/pingting114/mixed_bam/COLO829_PAO/TF0_25x/TF0_25x.rep5.bam.bai
[E::bam_parse_basemod2] 66453bc1-3af0-417f-b976-69d16b753b8a: MM tag refers to bases beyond sequence length
[W::hts_idx_load3] The index file is older than the data file: /bip7_disk/pingting114/mixed_bam/COLO829_PAO/TF0_25x/TF0_25x.rep5.bam.bai
[W::hts_idx_load3] The index file is older than the data file: /bip7_disk/pingting114/mixed_bam/COLO829_PAO/TF0_25x/TF0_25x.rep5.bam.bai
[W::hts_idx_load3] The index file is older than the data file: /bip7_disk/pingting114/mixed_bam/COLO829_PAO/TF0_25x/TF0_25x.rep5.bam.bai
[W::hts_idx_load3] The index file is older than the data file: /bip7_disk/pingting114/mixed_bam/COLO829_PAO/TF0_25x/TF0_25x.rep5.bam.bai
[W::bam_next_basemod] MM tag refers to bases beyond sequence length
[W::hts_idx_load3] The index file is older than the data file: /bip7_disk/pingting114/mixed_bam/COLO829_PAO/TF0_25x/TF0_25x.rep5.bam.bai
[W::hts_idx_load3] The index file is older than the data file: /bip7_disk/pingting114/mixed_bam/COLO829_PAO/TF0_25x/TF0_25x.rep5.bam.bai
[E::bam_parse_basemod2] 2ee5dbfc-4a38-4e7e-9927-3199d47b9e5c: MM tag refers to bases beyond sequence length
[W::hts_idx_load3] The index file is older than the data file: /bip7_disk/pingting114/mixed_bam/COLO829_PAO/TF0_25x/TF0_25x.rep5.bam.bai
[W::bam_next_basemod] MM tag refers to bases beyond sequence length
[W::hts_idx_load3] The index file is older than the data file: /bip7_disk/pingting114/mixed_bam/COLO829_PAO/TF0_25x/TF0_25x.rep5.bam.bai
[W::hts_idx_load3] The index file is older than the data file: /bip7_disk/pingting114/mixed_bam/COLO829_PAO/TF0_25x/TF0_25x.rep5.bam.bai
[W::hts_idx_load3] The index file is older than the data file: /bip7_disk/pingting114/mixed_bam/COLO829_PAO/TF0_25x/TF0_25x.rep5.bam.bai
[W::hts_idx_load3] The index file is older than the data file: /bip7_disk/pingting114/mixed_bam/COLO829_PAO/TF0_25x/TF0_25x.rep5.bam.bai
[W::hts_idx_load3] The index file is older than the data file: /bip7_disk/pingting114/mixed_bam/COLO829_PAO/TF0_25x/TF0_25x.rep5.bam.bai
[W::hts_idx_load3] The index file is older than the data file: /bip7_disk/pingting114/mixed_bam/COLO829_PAO/TF0_25x/TF0_25x.rep5.bam.bai
[W::bam_next_basemod] MM tag refers to bases beyond sequence length
[W::hts_idx_load3] The index file is older than the data file: /bip7_disk/pingting114/mixed_bam/COLO829_PAO/TF0_25x/TF0_25x.rep5.bam.bai
[E::bam_parse_basemod2] c88d5b2b-5373-4a3e-b102-77b40c3e6527: MM tag refers to bases beyond sequence length
[W::hts_idx_load3] The index file is older than the data file: /bip7_disk/pingting114/mixed_bam/COLO829_PAO/TF0_25x/TF0_25x.rep5.bam.bai
[W::bam_next_basemod] MM tag refers to bases beyond sequence length
[W::hts_idx_load3] The index file is older than the data file: /bip7_disk/pingting114/mixed_bam/COLO829_PAO/TF0_25x/TF0_25x.rep5.bam.bai
[W::hts_idx_load3] The index file is older than the data file: /bip7_disk/pingting114/mixed_bam/COLO829_PAO/TF0_25x/TF0_25x.rep5.bam.bai
[W::hts_idx_load3] The index file is older than the data file: /bip7_disk/pingting114/mixed_bam/COLO829_PAO/TF0_25x/TF0_25x.rep5.bam.bai
[W::hts_idx_load3] The index file is older than the data file: /bip7_disk/pingting114/mixed_bam/COLO829_PAO/TF0_25x/TF0_25x.rep5.bam.bai
[W::hts_idx_load3] The index file is older than the data file: /bip7_disk/pingting114/mixed_bam/COLO829_PAO/TF0_25x/TF0_25x.rep5.bam.bai
[W::hts_idx_load3] The index file is older than the data file: /bip7_disk/pingting114/mixed_bam/COLO829_PAO/TF0_25x/TF0_25x.rep5.bam.bai
[W::hts_idx_load3] The index file is older than the data file: /bip7_disk/pingting114/mixed_bam/COLO829_PAO/TF0_25x/TF0_25x.rep5.bam.bai
[W::hts_idx_load3] The index file is older than the data file: /bip7_disk/pingting114/mixed_bam/COLO829_PAO/TF0_25x/TF0_25x.rep5.bam.bai
[W::bam_next_basemod] MM tag refers to bases beyond sequence length
[W::hts_idx_load3] The index file is older than the data file: /bip7_disk/pingting114/mixed_bam/COLO829_PAO/TF0_25x/TF0_25x.rep5.bam.bai
[W::bam_next_basemod] MM tag refers to bases beyond sequence length
[W::hts_idx_load3] The index file is older than the data file: /bip7_disk/pingting114/mixed_bam/COLO829_PAO/TF0_25x/TF0_25x.rep5.bam.bai
[E::bam_parse_basemod2] f32908ee-e470-42f3-9e44-4204f52b59e6: MM tag refers to bases beyond sequence length
[W::hts_idx_load3] The index file is older than the data file: /bip7_disk/pingting114/mixed_bam/COLO829_PAO/TF0_25x/TF0_25x.rep5.bam.bai
[W::hts_idx_load3] The index file is older than the data file: /bip7_disk/pingting114/mixed_bam/COLO829_PAO/TF0_25x/TF0_25x.rep5.bam.bai
[W::hts_idx_load3] The index file is older than the data file: /bip7_disk/pingting114/mixed_bam/COLO829_PAO/TF0_25x/TF0_25x.rep5.bam.bai
[W::hts_idx_load3] The index file is older than the data file: /bip7_disk/pingting114/mixed_bam/COLO829_PAO/TF0_25x/TF0_25x.rep5.bam.bai
[W::hts_idx_load3] The index file is older than the data file: /bip7_disk/pingting114/mixed_bam/COLO829_PAO/TF0_25x/TF0_25x.rep5.bam.bai
[W::hts_idx_load3] The index file is older than the data file: /bip7_disk/pingting114/mixed_bam/COLO829_PAO/TF0_25x/TF0_25x.rep5.bam.bai
[W::bam_next_basemod] MM tag refers to bases beyond sequence length
[W::hts_idx_load3] The index file is older than the data file: /bip7_disk/pingting114/mixed_bam/COLO829_PAO/TF0_25x/TF0_25x.rep5.bam.bai
[W::hts_idx_load3] The index file is older than the data file: /bip7_disk/pingting114/mixed_bam/COLO829_PAO/TF0_25x/TF0_25x.rep5.bam.bai
[W::hts_idx_load3] The index file is older than the data file: /bip7_disk/pingting114/mixed_bam/COLO829_PAO/TF0_25x/TF0_25x.rep5.bam.bai
[W::hts_idx_load3] The index file is older than the data file: /bip7_disk/pingting114/mixed_bam/COLO829_PAO/TF0_25x/TF0_25x.rep5.bam.bai
[W::hts_idx_load3] The index file is older than the data file: /bip7_disk/pingting114/mixed_bam/COLO829_PAO/TF0_25x/TF0_25x.rep5.bam.bai
[W::hts_idx_load3] The index file is older than the data file: /bip7_disk/pingting114/mixed_bam/COLO829_PAO/TF0_25x/TF0_25x.rep5.bam.bai
[W::hts_idx_load3] The index file is older than the data file: /bip7_disk/pingting114/mixed_bam/COLO829_PAO/TF0_25x/TF0_25x.rep5.bam.bai
[W::hts_idx_load3] The index file is older than the data file: /bip7_disk/pingting114/mixed_bam/COLO829_PAO/TF0_25x/TF0_25x.rep5.bam.bai
[E::bam_parse_basemod2] b2d15abb-4a87-4a80-9630-a82a8abc654c: MM tag refers to bases beyond sequence length
[W::hts_idx_load3] The index file is older than the data file: /bip7_disk/pingting114/mixed_bam/COLO829_PAO/TF0_25x/TF0_25x.rep5.bam.bai
[W::hts_idx_load3] The index file is older than the data file: /bip7_disk/pingting114/mixed_bam/COLO829_PAO/TF0_25x/TF0_25x.rep5.bam.bai
[W::hts_idx_load3] The index file is older than the data file: /bip7_disk/pingting114/mixed_bam/COLO829_PAO/TF0_25x/TF0_25x.rep5.bam.bai
[E::bam_parse_basemod2] 47cce7ad-a7a5-483a-902f-89f32678992a: MM tag refers to bases beyond sequence length
[W::hts_idx_load3] The index file is older than the data file: /bip7_disk/pingting114/mixed_bam/COLO829_PAO/TF0_25x/TF0_25x.rep5.bam.bai
[W::hts_idx_load3] The index file is older than the data file: /bip7_disk/pingting114/mixed_bam/COLO829_PAO/TF0_25x/TF0_25x.rep5.bam.bai
[W::hts_idx_load3] The index file is older than the data file: /bip7_disk/pingting114/mixed_bam/COLO829_PAO/TF0_25x/TF0_25x.rep5.bam.bai
[W::bam_next_basemod] MM tag refers to bases beyond sequence length
[W::hts_idx_load3] The index file is older than the data file: /bip7_disk/pingting114/mixed_bam/COLO829_PAO/TF0_25x/TF0_25x.rep5.bam.bai
[W::bam_next_basemod] MM tag refers to bases beyond sequence length
[W::hts_idx_load3] The index file is older than the data file: /bip7_disk/pingting114/mixed_bam/COLO829_PAO/TF0_25x/TF0_25x.rep5.bam.bai
[W::hts_idx_load3] The index file is older than the data file: /bip7_disk/pingting114/mixed_bam/COLO829_PAO/TF0_25x/TF0_25x.rep5.bam.bai
[W::hts_idx_load3] The index file is older than the data file: /bip7_disk/pingting114/mixed_bam/COLO829_PAO/TF0_25x/TF0_25x.rep5.bam.bai
[W::hts_idx_load3] The index file is older than the data file: /bip7_disk/pingting114/mixed_bam/COLO829_PAO/TF0_25x/TF0_25x.rep5.bam.bai
[W::hts_idx_load3] The index file is older than the data file: /bip7_disk/pingting114/mixed_bam/COLO829_PAO/TF0_25x/TF0_25x.rep5.bam.bai
[W::hts_idx_load3] The index file is older than the data file: /bip7_disk/pingting114/mixed_bam/COLO829_PAO/TF0_25x/TF0_25x.rep5.bam.bai
[W::hts_idx_load3] The index file is older than the data file: /bip7_disk/pingting114/mixed_bam/COLO829_PAO/TF0_25x/TF0_25x.rep5.bam.bai
[W::hts_idx_load3] The index file is older than the data file: /bip7_disk/pingting114/mixed_bam/COLO829_PAO/TF0_25x/TF0_25x.rep5.bam.bai
[E::bam_parse_basemod2] ef3512e9-6369-4615-9458-1cfe91ca6d11: MM tag refers to bases beyond sequence length
[W::hts_idx_load3] The index file is older than the data file: /bip7_disk/pingting114/mixed_bam/COLO829_PAO/TF0_25x/TF0_25x.rep5.bam.bai
[W::hts_idx_load3] The index file is older than the data file: /bip7_disk/pingting114/mixed_bam/COLO829_PAO/TF0_25x/TF0_25x.rep5.bam.bai
[W::bam_next_basemod] MM tag refers to bases beyond sequence length
[W::hts_idx_load3] The index file is older than the data file: /bip7_disk/pingting114/mixed_bam/COLO829_PAO/TF0_25x/TF0_25x.rep5.bam.bai
[W::hts_idx_load3] The index file is older than the data file: /bip7_disk/pingting114/mixed_bam/COLO829_PAO/TF0_25x/TF0_25x.rep5.bam.bai
[E::bam_parse_basemod2] c26a88e6-2e37-4b39-af34-9f6f76c50708: MM tag refers to bases beyond sequence length
[W::hts_idx_load3] The index file is older than the data file: /bip7_disk/pingting114/mixed_bam/COLO829_PAO/TF0_25x/TF0_25x.rep5.bam.bai
[W::hts_idx_load3] The index file is older than the data file: /bip7_disk/pingting114/mixed_bam/COLO829_PAO/TF0_25x/TF0_25x.rep5.bam.bai
[W::bam_next_basemod] MM tag refers to bases beyond sequence length
[W::hts_idx_load3] The index file is older than the data file: /bip7_disk/pingting114/mixed_bam/COLO829_PAO/TF0_25x/TF0_25x.rep5.bam.bai
[E::bam_parse_basemod2] fde4db8d-356f-4646-853c-03d92f698111: MM tag refers to bases beyond sequence length
[W::hts_idx_load3] The index file is older than the data file: /bip7_disk/pingting114/mixed_bam/COLO829_PAO/TF0_25x/TF0_25x.rep5.bam.bai
[E::bam_parse_basemod2] b5ba0bb8-2e49-4a50-beeb-a252942f8844: MM tag refers to bases beyond sequence length
[W::hts_idx_load3] The index file is older than the data file: /bip7_disk/pingting114/mixed_bam/COLO829_PAO/TF0_25x/TF0_25x.rep5.bam.bai
[W::hts_idx_load3] The index file is older than the data file: /bip7_disk/pingting114/mixed_bam/COLO829_PAO/TF0_25x/TF0_25x.rep5.bam.bai
[W::hts_idx_load3] The index file is older than the data file: /bip7_disk/pingting114/mixed_bam/COLO829_PAO/TF0_25x/TF0_25x.rep5.bam.bai
[W::bam_next_basemod] MM tag refers to bases beyond sequence length
[W::hts_idx_load3] The index file is older than the data file: /bip7_disk/pingting114/mixed_bam/COLO829_PAO/TF0_25x/TF0_25x.rep5.bam.bai
[W::bam_next_basemod] MM tag refers to bases beyond sequence length
[W::hts_idx_load3] The index file is older than the data file: /bip7_disk/pingting114/mixed_bam/COLO829_PAO/TF0_25x/TF0_25x.rep5.bam.bai
[W::hts_idx_load3] The index file is older than the data file: /bip7_disk/pingting114/mixed_bam/COLO829_PAO/TF0_25x/TF0_25x.rep5.bam.bai
[W::hts_idx_load3] The index file is older than the data file: /bip7_disk/pingting114/mixed_bam/COLO829_PAO/TF0_25x/TF0_25x.rep5.bam.bai
[W::hts_idx_load3] The index file is older than the data file: /bip7_disk/pingting114/mixed_bam/COLO829_PAO/TF0_25x/TF0_25x.rep5.bam.bai
[W::hts_idx_load3] The index file is older than the data file: /bip7_disk/pingting114/mixed_bam/COLO829_PAO/TF0_25x/TF0_25x.rep5.bam.bai
[W::hts_idx_load3] The index file is older than the data file: /bip7_disk/pingting114/mixed_bam/COLO829_PAO/TF0_25x/TF0_25x.rep5.bam.bai
[W::hts_idx_load3] The index file is older than the data file: /bip7_disk/pingting114/mixed_bam/COLO829_PAO/TF0_25x/TF0_25x.rep5.bam.bai
[W::hts_idx_load3] The index file is older than the data file: /bip7_disk/pingting114/mixed_bam/COLO829_PAO/TF0_25x/TF0_25x.rep5.bam.bai
[W::hts_idx_load3] The index file is older than the data file: /bip7_disk/pingting114/mixed_bam/COLO829_PAO/TF0_25x/TF0_25x.rep5.bam.bai
[E::bam_parse_basemod2] 77720e39-558b-4f8f-bfa0-14ef32258c23: MM tag refers to bases beyond sequence length
[W::hts_idx_load3] The index file is older than the data file: /bip7_disk/pingting114/mixed_bam/COLO829_PAO/TF0_25x/TF0_25x.rep5.bam.bai
[W::hts_idx_load3] The index file is older than the data file: /bip7_disk/pingting114/mixed_bam/COLO829_PAO/TF0_25x/TF0_25x.rep5.bam.bai
[W::bam_next_basemod] MM tag refers to bases beyond sequence length
[W::hts_idx_load3] The index file is older than the data file: /bip7_disk/pingting114/mixed_bam/COLO829_PAO/TF0_25x/TF0_25x.rep5.bam.bai
[W::hts_idx_load3] The index file is older than the data file: /bip7_disk/pingting114/mixed_bam/COLO829_PAO/TF0_25x/TF0_25x.rep5.bam.bai
[E::bam_parse_basemod2] 6ab47172-5cf7-47cb-973f-8ec4d0afdfdb: MM tag refers to bases beyond sequence length
[W::hts_idx_load3] The index file is older than the data file: /bip7_disk/pingting114/mixed_bam/COLO829_PAO/TF0_25x/TF0_25x.rep5.bam.bai
[W::bam_next_basemod] MM tag refers to bases beyond sequence length
[W::hts_idx_load3] The index file is older than the data file: /bip7_disk/pingting114/mixed_bam/COLO829_PAO/TF0_25x/TF0_25x.rep5.bam.bai
[W::hts_idx_load3] The index file is older than the data file: /bip7_disk/pingting114/mixed_bam/COLO829_PAO/TF0_25x/TF0_25x.rep5.bam.bai
[W::hts_idx_load3] The index file is older than the data file: /bip7_disk/pingting114/mixed_bam/COLO829_PAO/TF0_25x/TF0_25x.rep5.bam.bai
[W::hts_idx_load3] The index file is older than the data file: /bip7_disk/pingting114/mixed_bam/COLO829_PAO/TF0_25x/TF0_25x.rep5.bam.bai
[W::hts_idx_load3] The index file is older than the data file: /bip7_disk/pingting114/mixed_bam/COLO829_PAO/TF0_25x/TF0_25x.rep5.bam.bai
[W::hts_idx_load3] The index file is older than the data file: /bip7_disk/pingting114/mixed_bam/COLO829_PAO/TF0_25x/TF0_25x.rep5.bam.bai
[E::bam_parse_basemod2] f994aff0-cc62-4e27-98b6-bbd0b10c9c53: MM tag refers to bases beyond sequence length
[W::hts_idx_load3] The index file is older than the data file: /bip7_disk/pingting114/mixed_bam/COLO829_PAO/TF0_25x/TF0_25x.rep5.bam.bai
[W::hts_idx_load3] The index file is older than the data file: /bip7_disk/pingting114/mixed_bam/COLO829_PAO/TF0_25x/TF0_25x.rep5.bam.bai
[W::bam_next_basemod] MM tag refers to bases beyond sequence length
[E::bam_parse_basemod2] 65bdcee0-6206-4d5a-ae2d-6eeb79e44c94: MM tag refers to bases beyond sequence length
[W::hts_idx_load3] The index file is older than the data file: /bip7_disk/pingting114/mixed_bam/COLO829_PAO/TF0_25x/TF0_25x.rep5.bam.bai
[E::bam_parse_basemod2] a37122b7-65f4-4f51-b039-b1e75a7ed51e: MM tag refers to bases beyond sequence length
[W::hts_idx_load3] The index file is older than the data file: /bip7_disk/pingting114/mixed_bam/COLO829_PAO/TF0_25x/TF0_25x.rep5.bam.bai
[W::hts_idx_load3] The index file is older than the data file: /bip7_disk/pingting114/mixed_bam/COLO829_PAO/TF0_25x/TF0_25x.rep5.bam.bai
[W::hts_idx_load3] The index file is older than the data file: /bip7_disk/pingting114/mixed_bam/COLO829_PAO/TF0_25x/TF0_25x.rep5.bam.bai
[E::bam_parse_basemod2] bf9bae9c-3a22-477d-9432-48dd7465e782: MM tag refers to bases beyond sequence length
[W::hts_idx_load3] The index file is older than the data file: /bip7_disk/pingting114/mixed_bam/COLO829_PAO/TF0_25x/TF0_25x.rep5.bam.bai
[E::bam_parse_basemod2] 6e87c3e6-b8eb-412b-89bc-2b1da30b66e3: MM tag refers to bases beyond sequence length
[W::hts_idx_load3] The index file is older than the data file: /bip7_disk/pingting114/mixed_bam/COLO829_PAO/TF0_25x/TF0_25x.rep5.bam.bai
[E::bam_parse_basemod2] 3a6773a4-2afa-4599-978d-6c29ca5b2edb: MM tag refers to bases beyond sequence length
[W::bam_next_basemod] MM tag refers to bases beyond sequence length
[W::hts_idx_load3] The index file is older than the data file: /bip7_disk/pingting114/mixed_bam/COLO829_PAO/TF0_25x/TF0_25x.rep5.bam.bai
[W::bam_next_basemod] MM tag refers to bases beyond sequence length
[W::hts_idx_load3] The index file is older than the data file: /bip7_disk/pingting114/mixed_bam/COLO829_PAO/TF0_25x/TF0_25x.rep5.bam.bai
[W::hts_idx_load3] The index file is older than the data file: /bip7_disk/pingting114/mixed_bam/COLO829_PAO/TF0_25x/TF0_25x.rep5.bam.bai
[W::hts_idx_load3] The index file is older than the data file: /bip7_disk/pingting114/mixed_bam/COLO829_PAO/TF0_25x/TF0_25x.rep5.bam.bai
[E::bam_parse_basemod2] 3e5dcf61-b683-4c05-80f7-0ad146fec8df: MM tag refers to bases beyond sequence length
[W::hts_idx_load3] The index file is older than the data file: /bip7_disk/pingting114/mixed_bam/COLO829_PAO/TF0_25x/TF0_25x.rep5.bam.bai
[W::bam_next_basemod] MM tag refers to bases beyond sequence length
[W::hts_idx_load3] The index file is older than the data file: /bip7_disk/pingting114/mixed_bam/COLO829_PAO/TF0_25x/TF0_25x.rep5.bam.bai
[W::hts_idx_load3] The index file is older than the data file: /bip7_disk/pingting114/mixed_bam/COLO829_PAO/TF0_25x/TF0_25x.rep5.bam.bai
[W::bam_next_basemod] MM tag refers to bases beyond sequence length
[E::bam_parse_basemod2] 94882d7f-200e-4c18-bdd6-808a3b83678d: MM tag refers to bases beyond sequence length
[W::hts_idx_load3] The index file is older than the data file: /bip7_disk/pingting114/mixed_bam/COLO829_PAO/TF0_25x/TF0_25x.rep5.bam.bai
[W::bam_next_basemod] MM tag refers to bases beyond sequence length
[W::bam_next_basemod] MM tag refers to bases beyond sequence length
[W::hts_idx_load3] The index file is older than the data file: /bip7_disk/pingting114/mixed_bam/COLO829_PAO/TF0_25x/TF0_25x.rep5.bam.bai
[W::hts_idx_load3] The index file is older than the data file: /bip7_disk/pingting114/mixed_bam/COLO829_PAO/TF0_25x/TF0_25x.rep5.bam.bai
[W::hts_idx_load3] The index file is older than the data file: /bip7_disk/pingting114/mixed_bam/COLO829_PAO/TF0_25x/TF0_25x.rep5.bam.bai
[W::hts_idx_load3] The index file is older than the data file: /bip7_disk/pingting114/mixed_bam/COLO829_PAO/TF0_25x/TF0_25x.rep5.bam.bai
[W::hts_idx_load3] The index file is older than the data file: /bip7_disk/pingting114/mixed_bam/COLO829_PAO/TF0_25x/TF0_25x.rep5.bam.bai
[E::bam_parse_basemod2] 93858b44-527b-43c9-b2d3-66930b2424a8: MM tag refers to bases beyond sequence length
[W::hts_idx_load3] The index file is older than the data file: /bip7_disk/pingting114/mixed_bam/COLO829_PAO/TF0_25x/TF0_25x.rep5.bam.bai
[W::hts_idx_load3] The index file is older than the data file: /bip7_disk/pingting114/mixed_bam/COLO829_PAO/TF0_25x/TF0_25x.rep5.bam.bai
[W::hts_idx_load3] The index file is older than the data file: /bip7_disk/pingting114/mixed_bam/COLO829_PAO/TF0_25x/TF0_25x.rep5.bam.bai
[W::bam_next_basemod] MM tag refers to bases beyond sequence length
[W::hts_idx_load3] The index file is older than the data file: /bip7_disk/pingting114/mixed_bam/COLO829_PAO/TF0_25x/TF0_25x.rep5.bam.bai
[W::hts_idx_load3] The index file is older than the data file: /bip7_disk/pingting114/mixed_bam/COLO829_PAO/TF0_25x/TF0_25x.rep5.bam.bai
[W::bam_next_basemod] MM tag refers to bases beyond sequence length
[W::hts_idx_load3] The index file is older than the data file: /bip7_disk/pingting114/mixed_bam/COLO829_PAO/TF0_25x/TF0_25x.rep5.bam.bai
[W::hts_idx_load3] The index file is older than the data file: /bip7_disk/pingting114/mixed_bam/COLO829_PAO/TF0_25x/TF0_25x.rep5.bam.bai
[W::hts_idx_load3] The index file is older than the data file: /bip7_disk/pingting114/mixed_bam/COLO829_PAO/TF0_25x/TF0_25x.rep5.bam.bai
[W::hts_idx_load3] The index file is older than the data file: /bip7_disk/pingting114/mixed_bam/COLO829_PAO/TF0_25x/TF0_25x.rep5.bam.bai
[W::hts_idx_load3] The index file is older than the data file: /bip7_disk/pingting114/mixed_bam/COLO829_PAO/TF0_25x/TF0_25x.rep5.bam.bai
[W::hts_idx_load3] The index file is older than the data file: /bip7_disk/pingting114/mixed_bam/COLO829_PAO/TF0_25x/TF0_25x.rep5.bam.bai
[W::hts_idx_load3] The index file is older than the data file: /bip7_disk/pingting114/mixed_bam/COLO829_PAO/TF0_25x/TF0_25x.rep5.bam.bai
[E::bam_parse_basemod2] 2d52afd5-b22c-4e80-9409-0b90292794ee: MM tag refers to bases beyond sequence length
[W::hts_idx_load3] The index file is older than the data file: /bip7_disk/pingting114/mixed_bam/COLO829_PAO/TF0_25x/TF0_25x.rep5.bam.bai
[W::hts_idx_load3] The index file is older than the data file: /bip7_disk/pingting114/mixed_bam/COLO829_PAO/TF0_25x/TF0_25x.rep5.bam.bai
[W::hts_idx_load3] The index file is older than the data file: /bip7_disk/pingting114/mixed_bam/COLO829_PAO/TF0_25x/TF0_25x.rep5.bam.bai
[E::bam_parse_basemod2] 711fc338-c96c-4cb1-bff0-2484f4f1c1fe: MM tag refers to bases beyond sequence length
[W::hts_idx_load3] The index file is older than the data file: /bip7_disk/pingting114/mixed_bam/COLO829_PAO/TF0_25x/TF0_25x.rep5.bam.bai
[W::hts_idx_load3] The index file is older than the data file: /bip7_disk/pingting114/mixed_bam/COLO829_PAO/TF0_25x/TF0_25x.rep5.bam.bai
[W::hts_idx_load3] The index file is older than the data file: /bip7_disk/pingting114/mixed_bam/COLO829_PAO/TF0_25x/TF0_25x.rep5.bam.bai
[E::bam_parse_basemod2] ffeb72c2-cf55-4c72-aa67-fec61580fb74: MM tag refers to bases beyond sequence length
[W::hts_idx_load3] The index file is older than the data file: /bip7_disk/pingting114/mixed_bam/COLO829_PAO/TF0_25x/TF0_25x.rep5.bam.bai
[W::bam_next_basemod] MM tag refers to bases beyond sequence length
[E::bam_parse_basemod2] 68d84c48-ee4a-45da-91a6-628df3138960: MM tag refers to bases beyond sequence length
[W::hts_idx_load3] The index file is older than the data file: /bip7_disk/pingting114/mixed_bam/COLO829_PAO/TF0_25x/TF0_25x.rep5.bam.bai
[W::bam_next_basemod] MM tag refers to bases beyond sequence length
[W::hts_idx_load3] The index file is older than the data file: /bip7_disk/pingting114/mixed_bam/COLO829_PAO/TF0_25x/TF0_25x.rep5.bam.bai
[W::hts_idx_load3] The index file is older than the data file: /bip7_disk/pingting114/mixed_bam/COLO829_PAO/TF0_25x/TF0_25x.rep5.bam.bai
[W::hts_idx_load3] The index file is older than the data file: /bip7_disk/pingting114/mixed_bam/COLO829_PAO/TF0_25x/TF0_25x.rep5.bam.bai
[W::hts_idx_load3] The index file is older than the data file: /bip7_disk/pingting114/mixed_bam/COLO829_PAO/TF0_25x/TF0_25x.rep5.bam.bai
[W::hts_idx_load3] The index file is older than the data file: /bip7_disk/pingting114/mixed_bam/COLO829_PAO/TF0_25x/TF0_25x.rep5.bam.bai
[W::hts_idx_load3] The index file is older than the data file: /bip7_disk/pingting114/mixed_bam/COLO829_PAO/TF0_25x/TF0_25x.rep5.bam.bai
[W::hts_idx_load3] The index file is older than the data file: /bip7_disk/pingting114/mixed_bam/COLO829_PAO/TF0_25x/TF0_25x.rep5.bam.bai
[W::bam_next_basemod] MM tag refers to bases beyond sequence length
[W::hts_idx_load3] The index file is older than the data file: /bip7_disk/pingting114/mixed_bam/COLO829_PAO/TF0_25x/TF0_25x.rep5.bam.bai
[E::bam_parse_basemod2] 6cd59ddf-a5de-47fb-ae67-cb7343204d43: MM tag refers to bases beyond sequence length
[W::hts_idx_load3] The index file is older than the data file: /bip7_disk/pingting114/mixed_bam/COLO829_PAO/TF0_25x/TF0_25x.rep5.bam.bai
[E::bam_parse_basemod2] 3435eda3-d61d-41c6-867a-4ab56f2477ab: MM tag refers to bases beyond sequence length
[W::hts_idx_load3] The index file is older than the data file: /bip7_disk/pingting114/mixed_bam/COLO829_PAO/TF0_25x/TF0_25x.rep5.bam.bai
[W::hts_idx_load3] The index file is older than the data file: /bip7_disk/pingting114/mixed_bam/COLO829_PAO/TF0_25x/TF0_25x.rep5.bam.bai
[W::hts_idx_load3] The index file is older than the data file: /bip7_disk/pingting114/mixed_bam/COLO829_PAO/TF0_25x/TF0_25x.rep5.bam.bai
[W::bam_next_basemod] MM tag refers to bases beyond sequence length
[E::bam_parse_basemod2] 6e29579a-7c20-4cad-8b2f-215782a1b13d: MM tag refers to bases beyond sequence length
[E::bam_parse_basemod2] e17483a0-c95b-4c30-a56e-64fc29dbe9cf: MM tag refers to bases beyond sequence length
[W::hts_idx_load3] The index file is older than the data file: /bip7_disk/pingting114/mixed_bam/COLO829_PAO/TF0_25x/TF0_25x.rep5.bam.bai
[W::hts_idx_load3] The index file is older than the data file: /bip7_disk/pingting114/mixed_bam/COLO829_PAO/TF0_25x/TF0_25x.rep5.bam.bai
[W::bam_next_basemod] MM tag refers to bases beyond sequence length
[W::hts_idx_load3] The index file is older than the data file: /bip7_disk/pingting114/mixed_bam/COLO829_PAO/TF0_25x/TF0_25x.rep5.bam.bai
[E::bam_parse_basemod2] 0a2c5c66-066a-4aff-a2db-3dd94e386f88: MM tag refers to bases beyond sequence length
[W::hts_idx_load3] The index file is older than the data file: /bip7_disk/pingting114/mixed_bam/COLO829_PAO/TF0_25x/TF0_25x.rep5.bam.bai
[W::hts_idx_load3] The index file is older than the data file: /bip7_disk/pingting114/mixed_bam/COLO829_PAO/TF0_25x/TF0_25x.rep5.bam.bai
[W::hts_idx_load3] The index file is older than the data file: /bip7_disk/pingting114/mixed_bam/COLO829_PAO/TF0_25x/TF0_25x.rep5.bam.bai
[W::bam_next_basemod] MM tag refers to bases beyond sequence length
[W::hts_idx_load3] The index file is older than the data file: /bip7_disk/pingting114/mixed_bam/COLO829_PAO/TF0_25x/TF0_25x.rep5.bam.bai
[W::hts_idx_load3] The index file is older than the data file: /bip7_disk/pingting114/mixed_bam/COLO829_PAO/TF0_25x/TF0_25x.rep5.bam.bai
[E::bam_parse_basemod2] 36568260-a39d-4263-81ca-e3a975b23358: MM tag refers to bases beyond sequence length
[W::hts_idx_load3] The index file is older than the data file: /bip7_disk/pingting114/mixed_bam/COLO829_PAO/TF0_25x/TF0_25x.rep5.bam.bai
[W::hts_idx_load3] The index file is older than the data file: /bip7_disk/pingting114/mixed_bam/COLO829_PAO/TF0_25x/TF0_25x.rep5.bam.bai
[W::hts_idx_load3] The index file is older than the data file: /bip7_disk/pingting114/mixed_bam/COLO829_PAO/TF0_25x/TF0_25x.rep5.bam.bai
[W::hts_idx_load3] The index file is older than the data file: /bip7_disk/pingting114/mixed_bam/COLO829_PAO/TF0_25x/TF0_25x.rep5.bam.bai
[W::hts_idx_load3] The index file is older than the data file: /bip7_disk/pingting114/mixed_bam/COLO829_PAO/TF0_25x/TF0_25x.rep5.bam.bai
[W::hts_idx_load3] The index file is older than the data file: /bip7_disk/pingting114/mixed_bam/COLO829_PAO/TF0_25x/TF0_25x.rep5.bam.bai
[W::hts_idx_load3] The index file is older than the data file: /bip7_disk/pingting114/mixed_bam/COLO829_PAO/TF0_25x/TF0_25x.rep5.bam.bai
[W::hts_idx_load3] The index file is older than the data file: /bip7_disk/pingting114/mixed_bam/COLO829_PAO/TF0_25x/TF0_25x.rep5.bam.bai
[W::hts_idx_load3] The index file is older than the data file: /bip7_disk/pingting114/mixed_bam/COLO829_PAO/TF0_25x/TF0_25x.rep5.bam.bai
[W::hts_idx_load3] The index file is older than the data file: /bip7_disk/pingting114/mixed_bam/COLO829_PAO/TF0_25x/TF0_25x.rep5.bam.bai
[W::bam_next_basemod] MM tag refers to bases beyond sequence length
[W::hts_idx_load3] The index file is older than the data file: /bip7_disk/pingting114/mixed_bam/COLO829_PAO/TF0_25x/TF0_25x.rep5.bam.bai
[W::hts_idx_load3] The index file is older than the data file: /bip7_disk/pingting114/mixed_bam/COLO829_PAO/TF0_25x/TF0_25x.rep5.bam.bai
[W::bam_next_basemod] MM tag refers to bases beyond sequence length
[W::hts_idx_load3] The index file is older than the data file: /bip7_disk/pingting114/mixed_bam/COLO829_PAO/TF0_25x/TF0_25x.rep5.bam.bai
[W::hts_idx_load3] The index file is older than the data file: /bip7_disk/pingting114/mixed_bam/COLO829_PAO/TF0_25x/TF0_25x.rep5.bam.bai
[W::hts_idx_load3] The index file is older than the data file: /bip7_disk/pingting114/mixed_bam/COLO829_PAO/TF0_25x/TF0_25x.rep5.bam.bai
[W::hts_idx_load3] The index file is older than the data file: /bip7_disk/pingting114/mixed_bam/COLO829_PAO/TF0_25x/TF0_25x.rep5.bam.bai
[W::hts_idx_load3] The index file is older than the data file: /bip7_disk/pingting114/mixed_bam/COLO829_PAO/TF0_25x/TF0_25x.rep5.bam.bai
[W::hts_idx_load3] The index file is older than the data file: /bip7_disk/pingting114/mixed_bam/COLO829_PAO/TF0_25x/TF0_25x.rep5.bam.bai
[W::hts_idx_load3] The index file is older than the data file: /bip7_disk/pingting114/mixed_bam/COLO829_PAO/TF0_25x/TF0_25x.rep5.bam.bai
[E::bam_parse_basemod2] f8cbf0bb-db9a-48f7-8d52-39a83556d314: MM tag refers to bases beyond sequence length
[W::hts_idx_load3] The index file is older than the data file: /bip7_disk/pingting114/mixed_bam/COLO829_PAO/TF0_25x/TF0_25x.rep5.bam.bai
[E::bam_parse_basemod2] 04be2717-abfd-471d-8a53-9ea2dcdb7061: MM tag refers to bases beyond sequence length
[W::hts_idx_load3] The index file is older than the data file: /bip7_disk/pingting114/mixed_bam/COLO829_PAO/TF0_25x/TF0_25x.rep5.bam.bai
[W::hts_idx_load3] The index file is older than the data file: /bip7_disk/pingting114/mixed_bam/COLO829_PAO/TF0_25x/TF0_25x.rep5.bam.bai
[W::hts_idx_load3] The index file is older than the data file: /bip7_disk/pingting114/mixed_bam/COLO829_PAO/TF0_25x/TF0_25x.rep5.bam.bai
[W::bam_next_basemod] MM tag refers to bases beyond sequence length
[W::hts_idx_load3] The index file is older than the data file: /bip7_disk/pingting114/mixed_bam/COLO829_PAO/TF0_25x/TF0_25x.rep5.bam.bai
[W::bam_next_basemod] MM tag refers to bases beyond sequence length
[W::hts_idx_load3] The index file is older than the data file: /bip7_disk/pingting114/mixed_bam/COLO829_PAO/TF0_25x/TF0_25x.rep5.bam.bai
[W::hts_idx_load3] The index file is older than the data file: /bip7_disk/pingting114/mixed_bam/COLO829_PAO/TF0_25x/TF0_25x.rep5.bam.bai
[W::hts_idx_load3] The index file is older than the data file: /bip7_disk/pingting114/mixed_bam/COLO829_PAO/TF0_25x/TF0_25x.rep5.bam.bai
[W::hts_idx_load3] The index file is older than the data file: /bip7_disk/pingting114/mixed_bam/COLO829_PAO/TF0_25x/TF0_25x.rep5.bam.bai
[W::hts_idx_load3] The index file is older than the data file: /bip7_disk/pingting114/mixed_bam/COLO829_PAO/TF0_25x/TF0_25x.rep5.bam.bai
[W::bam_next_basemod] MM tag refers to bases beyond sequence length
[E::bam_parse_basemod2] 55d79a8b-c7ee-4a2f-9276-d61c3cf9edd9: MM tag refers to bases beyond sequence length
[W::hts_idx_load3] The index file is older than the data file: /bip7_disk/pingting114/mixed_bam/COLO829_PAO/TF0_25x/TF0_25x.rep5.bam.bai
[W::hts_idx_load3] The index file is older than the data file: /bip7_disk/pingting114/mixed_bam/COLO829_PAO/TF0_25x/TF0_25x.rep5.bam.bai
[W::bam_next_basemod] MM tag refers to bases beyond sequence length
[W::bam_next_basemod] MM tag refers to bases beyond sequence length
[W::hts_idx_load3] The index file is older than the data file: /bip7_disk/pingting114/mixed_bam/COLO829_PAO/TF0_25x/TF0_25x.rep5.bam.bai
[W::hts_idx_load3] The index file is older than the data file: /bip7_disk/pingting114/mixed_bam/COLO829_PAO/TF0_25x/TF0_25x.rep5.bam.bai
[W::hts_idx_load3] The index file is older than the data file: /bip7_disk/pingting114/mixed_bam/COLO829_PAO/TF0_25x/TF0_25x.rep5.bam.bai
[W::hts_idx_load3] The index file is older than the data file: /bip7_disk/pingting114/mixed_bam/COLO829_PAO/TF0_25x/TF0_25x.rep5.bam.bai
[E::bam_parse_basemod2] 83ac636f-9531-4bec-a3d1-3de91879c3ca: MM tag refers to bases beyond sequence length
[W::bam_next_basemod] MM tag refers to bases beyond sequence length
[W::hts_idx_load3] The index file is older than the data file: /bip7_disk/pingting114/mixed_bam/COLO829_PAO/TF0_25x/TF0_25x.rep5.bam.bai
[W::hts_idx_load3] The index file is older than the data file: /bip7_disk/pingting114/mixed_bam/COLO829_PAO/TF0_25x/TF0_25x.rep5.bam.bai
[W::hts_idx_load3] The index file is older than the data file: /bip7_disk/pingting114/mixed_bam/COLO829_PAO/TF0_25x/TF0_25x.rep5.bam.bai
[W::hts_idx_load3] The index file is older than the data file: /bip7_disk/pingting114/mixed_bam/COLO829_PAO/TF0_25x/TF0_25x.rep5.bam.bai
[W::hts_idx_load3] The index file is older than the data file: /bip7_disk/pingting114/mixed_bam/COLO829_PAO/TF0_25x/TF0_25x.rep5.bam.bai
[W::bam_next_basemod] MM tag refers to bases beyond sequence length
[W::hts_idx_load3] The index file is older than the data file: /bip7_disk/pingting114/mixed_bam/COLO829_PAO/TF0_25x/TF0_25x.rep5.bam.bai
[W::hts_idx_load3] The index file is older than the data file: /bip7_disk/pingting114/mixed_bam/COLO829_PAO/TF0_25x/TF0_25x.rep5.bam.bai
[W::hts_idx_load3] The index file is older than the data file: /bip7_disk/pingting114/mixed_bam/COLO829_PAO/TF0_25x/TF0_25x.rep5.bam.bai
[W::hts_idx_load3] The index file is older than the data file: /bip7_disk/pingting114/mixed_bam/COLO829_PAO/TF0_25x/TF0_25x.rep5.bam.bai
[W::hts_idx_load3] The index file is older than the data file: /bip7_disk/pingting114/mixed_bam/COLO829_PAO/TF0_25x/TF0_25x.rep5.bam.bai
[E::bam_parse_basemod2] 5d009f98-6b72-4277-bfe8-d160c0358ca8: MM tag refers to bases beyond sequence length
[W::hts_idx_load3] The index file is older than the data file: /bip7_disk/pingting114/mixed_bam/COLO829_PAO/TF0_25x/TF0_25x.rep5.bam.bai
[W::hts_idx_load3] The index file is older than the data file: /bip7_disk/pingting114/mixed_bam/COLO829_PAO/TF0_25x/TF0_25x.rep5.bam.bai
[W::hts_idx_load3] The index file is older than the data file: /bip7_disk/pingting114/mixed_bam/COLO829_PAO/TF0_25x/TF0_25x.rep5.bam.bai
[W::hts_idx_load3] The index file is older than the data file: /bip7_disk/pingting114/mixed_bam/COLO829_PAO/TF0_25x/TF0_25x.rep5.bam.bai
[E::bam_parse_basemod2] 04a61a13-611c-4ebf-a3b8-7ad5b9f3d701: MM tag refers to bases beyond sequence length
[E::bam_parse_basemod2] 6e2453ed-2389-4223-b65f-9981d8c79631: MM tag refers to bases beyond sequence length
[W::hts_idx_load3] The index file is older than the data file: /bip7_disk/pingting114/mixed_bam/COLO829_PAO/TF0_25x/TF0_25x.rep5.bam.bai
[W::hts_idx_load3] The index file is older than the data file: /bip7_disk/pingting114/mixed_bam/COLO829_PAO/TF0_25x/TF0_25x.rep5.bam.bai
[W::hts_idx_load3] The index file is older than the data file: /bip7_disk/pingting114/mixed_bam/COLO829_PAO/TF0_25x/TF0_25x.rep5.bam.bai
[W::hts_idx_load3] The index file is older than the data file: /bip7_disk/pingting114/mixed_bam/COLO829_PAO/TF0_25x/TF0_25x.rep5.bam.bai
[W::hts_idx_load3] The index file is older than the data file: /bip7_disk/pingting114/mixed_bam/COLO829_PAO/TF0_25x/TF0_25x.rep5.bam.bai
[W::bam_next_basemod] MM tag refers to bases beyond sequence length
[W::hts_idx_load3] The index file is older than the data file: /bip7_disk/pingting114/mixed_bam/COLO829_PAO/TF0_25x/TF0_25x.rep5.bam.bai
[W::bam_next_basemod] MM tag refers to bases beyond sequence length
[W::hts_idx_load3] The index file is older than the data file: /bip7_disk/pingting114/mixed_bam/COLO829_PAO/TF0_25x/TF0_25x.rep5.bam.bai
[W::hts_idx_load3] The index file is older than the data file: /bip7_disk/pingting114/mixed_bam/COLO829_PAO/TF0_25x/TF0_25x.rep5.bam.bai
[W::hts_idx_load3] The index file is older than the data file: /bip7_disk/pingting114/mixed_bam/COLO829_PAO/TF0_25x/TF0_25x.rep5.bam.bai
[W::hts_idx_load3] The index file is older than the data file: /bip7_disk/pingting114/mixed_bam/COLO829_PAO/TF0_25x/TF0_25x.rep5.bam.bai
[W::bam_next_basemod] MM tag refers to bases beyond sequence length
[W::hts_idx_load3] The index file is older than the data file: /bip7_disk/pingting114/mixed_bam/COLO829_PAO/TF0_25x/TF0_25x.rep5.bam.bai
[W::bam_next_basemod] MM tag refers to bases beyond sequence length
[W::bam_next_basemod] MM tag refers to bases beyond sequence length
[W::hts_idx_load3] The index file is older than the data file: /bip7_disk/pingting114/mixed_bam/COLO829_PAO/TF0_25x/TF0_25x.rep5.bam.bai
[W::hts_idx_load3] The index file is older than the data file: /bip7_disk/pingting114/mixed_bam/COLO829_PAO/TF0_25x/TF0_25x.rep5.bam.bai
[W::hts_idx_load3] The index file is older than the data file: /bip7_disk/pingting114/mixed_bam/COLO829_PAO/TF0_25x/TF0_25x.rep5.bam.bai
[W::bam_next_basemod] MM tag refers to bases beyond sequence length
[W::hts_idx_load3] The index file is older than the data file: /bip7_disk/pingting114/mixed_bam/COLO829_PAO/TF0_25x/TF0_25x.rep5.bam.bai
[W::bam_next_basemod] MM tag refers to bases beyond sequence length
[W::hts_idx_load3] The index file is older than the data file: /bip7_disk/pingting114/mixed_bam/COLO829_PAO/TF0_25x/TF0_25x.rep5.bam.bai
[W::hts_idx_load3] The index file is older than the data file: /bip7_disk/pingting114/mixed_bam/COLO829_PAO/TF0_25x/TF0_25x.rep5.bam.bai
[W::bam_next_basemod] MM tag refers to bases beyond sequence length
[W::hts_idx_load3] The index file is older than the data file: /bip7_disk/pingting114/mixed_bam/COLO829_PAO/TF0_25x/TF0_25x.rep5.bam.bai
[W::hts_idx_load3] The index file is older than the data file: /bip7_disk/pingting114/mixed_bam/COLO829_PAO/TF0_25x/TF0_25x.rep5.bam.bai
[W::bam_next_basemod] MM tag refers to bases beyond sequence length
[W::hts_idx_load3] The index file is older than the data file: /bip7_disk/pingting114/mixed_bam/COLO829_PAO/TF0_25x/TF0_25x.rep5.bam.bai
[W::hts_idx_load3] The index file is older than the data file: /bip7_disk/pingting114/mixed_bam/COLO829_PAO/TF0_25x/TF0_25x.rep5.bam.bai
[W::hts_idx_load3] The index file is older than the data file: /bip7_disk/pingting114/mixed_bam/COLO829_PAO/TF0_25x/TF0_25x.rep5.bam.bai
[W::hts_idx_load3] The index file is older than the data file: /bip7_disk/pingting114/mixed_bam/COLO829_PAO/TF0_25x/TF0_25x.rep5.bam.bai
[W::hts_idx_load3] The index file is older than the data file: /bip7_disk/pingting114/mixed_bam/COLO829_PAO/TF0_25x/TF0_25x.rep5.bam.bai
[W::hts_idx_load3] The index file is older than the data file: /bip7_disk/pingting114/mixed_bam/COLO829_PAO/TF0_25x/TF0_25x.rep5.bam.bai
[W::hts_idx_load3] The index file is older than the data file: /bip7_disk/pingting114/mixed_bam/COLO829_PAO/TF0_25x/TF0_25x.rep5.bam.bai
[W::hts_idx_load3] The index file is older than the data file: /bip7_disk/pingting114/mixed_bam/COLO829_PAO/TF0_25x/TF0_25x.rep5.bam.bai
[W::hts_idx_load3] The index file is older than the data file: /bip7_disk/pingting114/mixed_bam/COLO829_PAO/TF0_25x/TF0_25x.rep5.bam.bai
[W::hts_idx_load3] The index file is older than the data file: /bip7_disk/pingting114/mixed_bam/COLO829_PAO/TF0_25x/TF0_25x.rep5.bam.bai
[W::hts_idx_load3] The index file is older than the data file: /bip7_disk/pingting114/mixed_bam/COLO829_PAO/TF0_25x/TF0_25x.rep5.bam.bai
[W::hts_idx_load3] The index file is older than the data file: /bip7_disk/pingting114/mixed_bam/COLO829_PAO/TF0_25x/TF0_25x.rep5.bam.bai
[E::bam_parse_basemod2] cee65866-9ecb-4790-975d-54ad8562dc9b: MM tag refers to bases beyond sequence length
[W::hts_idx_load3] The index file is older than the data file: /bip7_disk/pingting114/mixed_bam/COLO829_PAO/TF0_25x/TF0_25x.rep5.bam.bai
[W::hts_idx_load3] The index file is older than the data file: /bip7_disk/pingting114/mixed_bam/COLO829_PAO/TF0_25x/TF0_25x.rep5.bam.bai
[W::hts_idx_load3] The index file is older than the data file: /bip7_disk/pingting114/mixed_bam/COLO829_PAO/TF0_25x/TF0_25x.rep5.bam.bai
[W::hts_idx_load3] The index file is older than the data file: /bip7_disk/pingting114/mixed_bam/COLO829_PAO/TF0_25x/TF0_25x.rep5.bam.bai
[W::hts_idx_load3] The index file is older than the data file: /bip7_disk/pingting114/mixed_bam/COLO829_PAO/TF0_25x/TF0_25x.rep5.bam.bai
[W::hts_idx_load3] The index file is older than the data file: /bip7_disk/pingting114/mixed_bam/COLO829_PAO/TF0_25x/TF0_25x.rep5.bam.bai
[W::bam_next_basemod] MM tag refers to bases beyond sequence length
[W::hts_idx_load3] The index file is older than the data file: /bip7_disk/pingting114/mixed_bam/COLO829_PAO/TF0_25x/TF0_25x.rep5.bam.bai
  TF0_25x.rep5.bam cand 1500/4000
[W::hts_idx_load3] The index file is older than the data file: /bip7_disk/pingting114/mixed_bam/COLO829_PAO/TF0_25x/TF0_25x.rep5.bam.bai
[W::bam_next_basemod] MM tag refers to bases beyond sequence length
[W::hts_idx_load3] The index file is older than the data file: /bip7_disk/pingting114/mixed_bam/COLO829_PAO/TF0_25x/TF0_25x.rep5.bam.bai
[W::hts_idx_load3] The index file is older than the data file: /bip7_disk/pingting114/mixed_bam/COLO829_PAO/TF0_25x/TF0_25x.rep5.bam.bai
[W::hts_idx_load3] The index file is older than the data file: /bip7_disk/pingting114/mixed_bam/COLO829_PAO/TF0_25x/TF0_25x.rep5.bam.bai
[W::hts_idx_load3] The index file is older than the data file: /bip7_disk/pingting114/mixed_bam/COLO829_PAO/TF0_25x/TF0_25x.rep5.bam.bai
[W::hts_idx_load3] The index file is older than the data file: /bip7_disk/pingting114/mixed_bam/COLO829_PAO/TF0_25x/TF0_25x.rep5.bam.bai
[W::hts_idx_load3] The index file is older than the data file: /bip7_disk/pingting114/mixed_bam/COLO829_PAO/TF0_25x/TF0_25x.rep5.bam.bai
[W::hts_idx_load3] The index file is older than the data file: /bip7_disk/pingting114/mixed_bam/COLO829_PAO/TF0_25x/TF0_25x.rep5.bam.bai
[W::hts_idx_load3] The index file is older than the data file: /bip7_disk/pingting114/mixed_bam/COLO829_PAO/TF0_25x/TF0_25x.rep5.bam.bai
[W::hts_idx_load3] The index file is older than the data file: /bip7_disk/pingting114/mixed_bam/COLO829_PAO/TF0_25x/TF0_25x.rep5.bam.bai
[W::hts_idx_load3] The index file is older than the data file: /bip7_disk/pingting114/mixed_bam/COLO829_PAO/TF0_25x/TF0_25x.rep5.bam.bai
[W::hts_idx_load3] The index file is older than the data file: /bip7_disk/pingting114/mixed_bam/COLO829_PAO/TF0_25x/TF0_25x.rep5.bam.bai
[W::hts_idx_load3] The index file is older than the data file: /bip7_disk/pingting114/mixed_bam/COLO829_PAO/TF0_25x/TF0_25x.rep5.bam.bai
[W::hts_idx_load3] The index file is older than the data file: /bip7_disk/pingting114/mixed_bam/COLO829_PAO/TF0_25x/TF0_25x.rep5.bam.bai
[W::hts_idx_load3] The index file is older than the data file: /bip7_disk/pingting114/mixed_bam/COLO829_PAO/TF0_25x/TF0_25x.rep5.bam.bai
[W::hts_idx_load3] The index file is older than the data file: /bip7_disk/pingting114/mixed_bam/COLO829_PAO/TF0_25x/TF0_25x.rep5.bam.bai
[E::bam_parse_basemod2] ce241aed-7588-4a73-974a-ba43413dac61: MM tag refers to bases beyond sequence length
[W::hts_idx_load3] The index file is older than the data file: /bip7_disk/pingting114/mixed_bam/COLO829_PAO/TF0_25x/TF0_25x.rep5.bam.bai
[W::hts_idx_load3] The index file is older than the data file: /bip7_disk/pingting114/mixed_bam/COLO829_PAO/TF0_25x/TF0_25x.rep5.bam.bai
[W::hts_idx_load3] The index file is older than the data file: /bip7_disk/pingting114/mixed_bam/COLO829_PAO/TF0_25x/TF0_25x.rep5.bam.bai
[W::bam_next_basemod] MM tag refers to bases beyond sequence length
[W::hts_idx_load3] The index file is older than the data file: /bip7_disk/pingting114/mixed_bam/COLO829_PAO/TF0_25x/TF0_25x.rep5.bam.bai
[W::hts_idx_load3] The index file is older than the data file: /bip7_disk/pingting114/mixed_bam/COLO829_PAO/TF0_25x/TF0_25x.rep5.bam.bai
[W::hts_idx_load3] The index file is older than the data file: /bip7_disk/pingting114/mixed_bam/COLO829_PAO/TF0_25x/TF0_25x.rep5.bam.bai
[W::hts_idx_load3] The index file is older than the data file: /bip7_disk/pingting114/mixed_bam/COLO829_PAO/TF0_25x/TF0_25x.rep5.bam.bai
[E::bam_parse_basemod2] 2a498464-9fb3-4c3c-ad28-31dab191e9c8: MM tag refers to bases beyond sequence length
[W::hts_idx_load3] The index file is older than the data file: /bip7_disk/pingting114/mixed_bam/COLO829_PAO/TF0_25x/TF0_25x.rep5.bam.bai
[W::hts_idx_load3] The index file is older than the data file: /bip7_disk/pingting114/mixed_bam/COLO829_PAO/TF0_25x/TF0_25x.rep5.bam.bai
[W::hts_idx_load3] The index file is older than the data file: /bip7_disk/pingting114/mixed_bam/COLO829_PAO/TF0_25x/TF0_25x.rep5.bam.bai
[W::hts_idx_load3] The index file is older than the data file: /bip7_disk/pingting114/mixed_bam/COLO829_PAO/TF0_25x/TF0_25x.rep5.bam.bai
[W::hts_idx_load3] The index file is older than the data file: /bip7_disk/pingting114/mixed_bam/COLO829_PAO/TF0_25x/TF0_25x.rep5.bam.bai
[E::bam_parse_basemod2] b268c1d6-17cc-476e-b666-41736084c25e: MM tag refers to bases beyond sequence length
[W::hts_idx_load3] The index file is older than the data file: /bip7_disk/pingting114/mixed_bam/COLO829_PAO/TF0_25x/TF0_25x.rep5.bam.bai
[W::hts_idx_load3] The index file is older than the data file: /bip7_disk/pingting114/mixed_bam/COLO829_PAO/TF0_25x/TF0_25x.rep5.bam.bai
[W::hts_idx_load3] The index file is older than the data file: /bip7_disk/pingting114/mixed_bam/COLO829_PAO/TF0_25x/TF0_25x.rep5.bam.bai
[W::hts_idx_load3] The index file is older than the data file: /bip7_disk/pingting114/mixed_bam/COLO829_PAO/TF0_25x/TF0_25x.rep5.bam.bai
[W::hts_idx_load3] The index file is older than the data file: /bip7_disk/pingting114/mixed_bam/COLO829_PAO/TF0_25x/TF0_25x.rep5.bam.bai
[E::bam_parse_basemod2] 9f06788f-edf4-4868-9c7f-286016e3ad66: MM tag refers to bases beyond sequence length
[W::hts_idx_load3] The index file is older than the data file: /bip7_disk/pingting114/mixed_bam/COLO829_PAO/TF0_25x/TF0_25x.rep5.bam.bai
[W::bam_next_basemod] MM tag refers to bases beyond sequence length
[W::hts_idx_load3] The index file is older than the data file: /bip7_disk/pingting114/mixed_bam/COLO829_PAO/TF0_25x/TF0_25x.rep5.bam.bai
[W::hts_idx_load3] The index file is older than the data file: /bip7_disk/pingting114/mixed_bam/COLO829_PAO/TF0_25x/TF0_25x.rep5.bam.bai
[W::hts_idx_load3] The index file is older than the data file: /bip7_disk/pingting114/mixed_bam/COLO829_PAO/TF0_25x/TF0_25x.rep5.bam.bai
[E::bam_parse_basemod2] 8f6c15d0-453e-4624-bbf0-455953a22fd1: MM tag refers to bases beyond sequence length
[W::hts_idx_load3] The index file is older than the data file: /bip7_disk/pingting114/mixed_bam/COLO829_PAO/TF0_25x/TF0_25x.rep5.bam.bai
[E::bam_parse_basemod2] 5f1d9c99-7d8c-4f2d-b193-e2a604853216: MM tag refers to bases beyond sequence length
[W::hts_idx_load3] The index file is older than the data file: /bip7_disk/pingting114/mixed_bam/COLO829_PAO/TF0_25x/TF0_25x.rep5.bam.bai
[W::bam_next_basemod] MM tag refers to bases beyond sequence length
[W::hts_idx_load3] The index file is older than the data file: /bip7_disk/pingting114/mixed_bam/COLO829_PAO/TF0_25x/TF0_25x.rep5.bam.bai
[W::hts_idx_load3] The index file is older than the data file: /bip7_disk/pingting114/mixed_bam/COLO829_PAO/TF0_25x/TF0_25x.rep5.bam.bai
[W::hts_idx_load3] The index file is older than the data file: /bip7_disk/pingting114/mixed_bam/COLO829_PAO/TF0_25x/TF0_25x.rep5.bam.bai
[W::hts_idx_load3] The index file is older than the data file: /bip7_disk/pingting114/mixed_bam/COLO829_PAO/TF0_25x/TF0_25x.rep5.bam.bai
[W::bam_next_basemod] MM tag refers to bases beyond sequence length
[E::bam_parse_basemod2] f2c9b93d-f518-45b2-8db3-f0851adf6507: MM tag refers to bases beyond sequence length
[W::hts_idx_load3] The index file is older than the data file: /bip7_disk/pingting114/mixed_bam/COLO829_PAO/TF0_25x/TF0_25x.rep5.bam.bai
[W::bam_next_basemod] MM tag refers to bases beyond sequence length
[E::bam_parse_basemod2] 4ef7773a-01ff-4662-b10a-4ad2f1f3cb3e: MM tag refers to bases beyond sequence length
[W::hts_idx_load3] The index file is older than the data file: /bip7_disk/pingting114/mixed_bam/COLO829_PAO/TF0_25x/TF0_25x.rep5.bam.bai
[W::hts_idx_load3] The index file is older than the data file: /bip7_disk/pingting114/mixed_bam/COLO829_PAO/TF0_25x/TF0_25x.rep5.bam.bai
[W::hts_idx_load3] The index file is older than the data file: /bip7_disk/pingting114/mixed_bam/COLO829_PAO/TF0_25x/TF0_25x.rep5.bam.bai
[W::hts_idx_load3] The index file is older than the data file: /bip7_disk/pingting114/mixed_bam/COLO829_PAO/TF0_25x/TF0_25x.rep5.bam.bai
[W::bam_next_basemod] MM tag refers to bases beyond sequence length
[W::hts_idx_load3] The index file is older than the data file: /bip7_disk/pingting114/mixed_bam/COLO829_PAO/TF0_25x/TF0_25x.rep5.bam.bai
[W::hts_idx_load3] The index file is older than the data file: /bip7_disk/pingting114/mixed_bam/COLO829_PAO/TF0_25x/TF0_25x.rep5.bam.bai
[W::hts_idx_load3] The index file is older than the data file: /bip7_disk/pingting114/mixed_bam/COLO829_PAO/TF0_25x/TF0_25x.rep5.bam.bai
[E::bam_parse_basemod2] bd1abc37-8cb8-4785-abbd-9e764454a057: MM tag refers to bases beyond sequence length
[W::hts_idx_load3] The index file is older than the data file: /bip7_disk/pingting114/mixed_bam/COLO829_PAO/TF0_25x/TF0_25x.rep5.bam.bai
[W::hts_idx_load3] The index file is older than the data file: /bip7_disk/pingting114/mixed_bam/COLO829_PAO/TF0_25x/TF0_25x.rep5.bam.bai
[W::bam_next_basemod] MM tag refers to bases beyond sequence length
[E::bam_parse_basemod2] b5dd05c4-697e-4a50-adff-9148e0de7f97: MM tag refers to bases beyond sequence length
[W::hts_idx_load3] The index file is older than the data file: /bip7_disk/pingting114/mixed_bam/COLO829_PAO/TF0_25x/TF0_25x.rep5.bam.bai
[W::hts_idx_load3] The index file is older than the data file: /bip7_disk/pingting114/mixed_bam/COLO829_PAO/TF0_25x/TF0_25x.rep5.bam.bai
[W::bam_next_basemod] MM tag refers to bases beyond sequence length
[W::hts_idx_load3] The index file is older than the data file: /bip7_disk/pingting114/mixed_bam/COLO829_PAO/TF0_25x/TF0_25x.rep5.bam.bai
[W::bam_next_basemod] MM tag refers to bases beyond sequence length
[W::hts_idx_load3] The index file is older than the data file: /bip7_disk/pingting114/mixed_bam/COLO829_PAO/TF0_25x/TF0_25x.rep5.bam.bai
[W::hts_idx_load3] The index file is older than the data file: /bip7_disk/pingting114/mixed_bam/COLO829_PAO/TF0_25x/TF0_25x.rep5.bam.bai
[W::hts_idx_load3] The index file is older than the data file: /bip7_disk/pingting114/mixed_bam/COLO829_PAO/TF0_25x/TF0_25x.rep5.bam.bai
[W::hts_idx_load3] The index file is older than the data file: /bip7_disk/pingting114/mixed_bam/COLO829_PAO/TF0_25x/TF0_25x.rep5.bam.bai
[W::bam_next_basemod] MM tag refers to bases beyond sequence length
[E::bam_parse_basemod2] eaf6e8a7-a0bf-45e8-a755-1771f5ac823d: MM tag refers to bases beyond sequence length
[W::bam_next_basemod] MM tag refers to bases beyond sequence length
[W::hts_idx_load3] The index file is older than the data file: /bip7_disk/pingting114/mixed_bam/COLO829_PAO/TF0_25x/TF0_25x.rep5.bam.bai
[W::hts_idx_load3] The index file is older than the data file: /bip7_disk/pingting114/mixed_bam/COLO829_PAO/TF0_25x/TF0_25x.rep5.bam.bai
[W::hts_idx_load3] The index file is older than the data file: /bip7_disk/pingting114/mixed_bam/COLO829_PAO/TF0_25x/TF0_25x.rep5.bam.bai
[W::bam_next_basemod] MM tag refers to bases beyond sequence length
[W::hts_idx_load3] The index file is older than the data file: /bip7_disk/pingting114/mixed_bam/COLO829_PAO/TF0_25x/TF0_25x.rep5.bam.bai
[W::hts_idx_load3] The index file is older than the data file: /bip7_disk/pingting114/mixed_bam/COLO829_PAO/TF0_25x/TF0_25x.rep5.bam.bai
[W::hts_idx_load3] The index file is older than the data file: /bip7_disk/pingting114/mixed_bam/COLO829_PAO/TF0_25x/TF0_25x.rep5.bam.bai
[W::hts_idx_load3] The index file is older than the data file: /bip7_disk/pingting114/mixed_bam/COLO829_PAO/TF0_25x/TF0_25x.rep5.bam.bai
[W::hts_idx_load3] The index file is older than the data file: /bip7_disk/pingting114/mixed_bam/COLO829_PAO/TF0_25x/TF0_25x.rep5.bam.bai
[W::hts_idx_load3] The index file is older than the data file: /bip7_disk/pingting114/mixed_bam/COLO829_PAO/TF0_25x/TF0_25x.rep5.bam.bai
[W::hts_idx_load3] The index file is older than the data file: /bip7_disk/pingting114/mixed_bam/COLO829_PAO/TF0_25x/TF0_25x.rep5.bam.bai
[W::hts_idx_load3] The index file is older than the data file: /bip7_disk/pingting114/mixed_bam/COLO829_PAO/TF0_25x/TF0_25x.rep5.bam.bai
[E::bam_parse_basemod2] b39c41e9-cb10-41b1-91ff-15aff926a98d: MM tag refers to bases beyond sequence length
[W::bam_next_basemod] MM tag refers to bases beyond sequence length
[W::hts_idx_load3] The index file is older than the data file: /bip7_disk/pingting114/mixed_bam/COLO829_PAO/TF0_25x/TF0_25x.rep5.bam.bai
[W::hts_idx_load3] The index file is older than the data file: /bip7_disk/pingting114/mixed_bam/COLO829_PAO/TF0_25x/TF0_25x.rep5.bam.bai
[W::hts_idx_load3] The index file is older than the data file: /bip7_disk/pingting114/mixed_bam/COLO829_PAO/TF0_25x/TF0_25x.rep5.bam.bai
[W::hts_idx_load3] The index file is older than the data file: /bip7_disk/pingting114/mixed_bam/COLO829_PAO/TF0_25x/TF0_25x.rep5.bam.bai
[W::hts_idx_load3] The index file is older than the data file: /bip7_disk/pingting114/mixed_bam/COLO829_PAO/TF0_25x/TF0_25x.rep5.bam.bai
[W::hts_idx_load3] The index file is older than the data file: /bip7_disk/pingting114/mixed_bam/COLO829_PAO/TF0_25x/TF0_25x.rep5.bam.bai
[E::bam_parse_basemod2] e406401e-3bbc-48f0-9066-2297254251e0: MM tag refers to bases beyond sequence length
[W::hts_idx_load3] The index file is older than the data file: /bip7_disk/pingting114/mixed_bam/COLO829_PAO/TF0_25x/TF0_25x.rep5.bam.bai
[E::bam_parse_basemod2] 5cf71d42-4a2b-4c3b-a9e7-dd8db0a79827: MM tag refers to bases beyond sequence length
[W::hts_idx_load3] The index file is older than the data file: /bip7_disk/pingting114/mixed_bam/COLO829_PAO/TF0_25x/TF0_25x.rep5.bam.bai
[W::bam_next_basemod] MM tag refers to bases beyond sequence length
[W::hts_idx_load3] The index file is older than the data file: /bip7_disk/pingting114/mixed_bam/COLO829_PAO/TF0_25x/TF0_25x.rep5.bam.bai
[W::hts_idx_load3] The index file is older than the data file: /bip7_disk/pingting114/mixed_bam/COLO829_PAO/TF0_25x/TF0_25x.rep5.bam.bai
[W::bam_next_basemod] MM tag refers to bases beyond sequence length
[W::hts_idx_load3] The index file is older than the data file: /bip7_disk/pingting114/mixed_bam/COLO829_PAO/TF0_25x/TF0_25x.rep5.bam.bai
[W::bam_next_basemod] MM tag refers to bases beyond sequence length
[W::hts_idx_load3] The index file is older than the data file: /bip7_disk/pingting114/mixed_bam/COLO829_PAO/TF0_25x/TF0_25x.rep5.bam.bai
[W::bam_next_basemod] MM tag refers to bases beyond sequence length
[W::hts_idx_load3] The index file is older than the data file: /bip7_disk/pingting114/mixed_bam/COLO829_PAO/TF0_25x/TF0_25x.rep5.bam.bai
[W::hts_idx_load3] The index file is older than the data file: /bip7_disk/pingting114/mixed_bam/COLO829_PAO/TF0_25x/TF0_25x.rep5.bam.bai
[W::hts_idx_load3] The index file is older than the data file: /bip7_disk/pingting114/mixed_bam/COLO829_PAO/TF0_25x/TF0_25x.rep5.bam.bai
[W::hts_idx_load3] The index file is older than the data file: /bip7_disk/pingting114/mixed_bam/COLO829_PAO/TF0_25x/TF0_25x.rep5.bam.bai
[W::hts_idx_load3] The index file is older than the data file: /bip7_disk/pingting114/mixed_bam/COLO829_PAO/TF0_25x/TF0_25x.rep5.bam.bai
[W::hts_idx_load3] The index file is older than the data file: /bip7_disk/pingting114/mixed_bam/COLO829_PAO/TF0_25x/TF0_25x.rep5.bam.bai
[W::hts_idx_load3] The index file is older than the data file: /bip7_disk/pingting114/mixed_bam/COLO829_PAO/TF0_25x/TF0_25x.rep5.bam.bai
[W::hts_idx_load3] The index file is older than the data file: /bip7_disk/pingting114/mixed_bam/COLO829_PAO/TF0_25x/TF0_25x.rep5.bam.bai
[W::bam_next_basemod] MM tag refers to bases beyond sequence length
[W::hts_idx_load3] The index file is older than the data file: /bip7_disk/pingting114/mixed_bam/COLO829_PAO/TF0_25x/TF0_25x.rep5.bam.bai
[W::hts_idx_load3] The index file is older than the data file: /bip7_disk/pingting114/mixed_bam/COLO829_PAO/TF0_25x/TF0_25x.rep5.bam.bai
[W::hts_idx_load3] The index file is older than the data file: /bip7_disk/pingting114/mixed_bam/COLO829_PAO/TF0_25x/TF0_25x.rep5.bam.bai
[W::hts_idx_load3] The index file is older than the data file: /bip7_disk/pingting114/mixed_bam/COLO829_PAO/TF0_25x/TF0_25x.rep5.bam.bai
[W::hts_idx_load3] The index file is older than the data file: /bip7_disk/pingting114/mixed_bam/COLO829_PAO/TF0_25x/TF0_25x.rep5.bam.bai
[W::bam_next_basemod] MM tag refers to bases beyond sequence length
[W::hts_idx_load3] The index file is older than the data file: /bip7_disk/pingting114/mixed_bam/COLO829_PAO/TF0_25x/TF0_25x.rep5.bam.bai
[W::hts_idx_load3] The index file is older than the data file: /bip7_disk/pingting114/mixed_bam/COLO829_PAO/TF0_25x/TF0_25x.rep5.bam.bai
[W::bam_next_basemod] MM tag refers to bases beyond sequence length
[W::hts_idx_load3] The index file is older than the data file: /bip7_disk/pingting114/mixed_bam/COLO829_PAO/TF0_25x/TF0_25x.rep5.bam.bai
[W::hts_idx_load3] The index file is older than the data file: /bip7_disk/pingting114/mixed_bam/COLO829_PAO/TF0_25x/TF0_25x.rep5.bam.bai
[W::hts_idx_load3] The index file is older than the data file: /bip7_disk/pingting114/mixed_bam/COLO829_PAO/TF0_25x/TF0_25x.rep5.bam.bai
[E::bam_parse_basemod2] fe8ac358-3b19-4dd3-b16c-ef324e218246: MM tag refers to bases beyond sequence length
[W::hts_idx_load3] The index file is older than the data file: /bip7_disk/pingting114/mixed_bam/COLO829_PAO/TF0_25x/TF0_25x.rep5.bam.bai
[E::bam_parse_basemod2] 1ec7fbd6-be02-4d25-9483-92f0a3a64dde: MM tag refers to bases beyond sequence length
[W::hts_idx_load3] The index file is older than the data file: /bip7_disk/pingting114/mixed_bam/COLO829_PAO/TF0_25x/TF0_25x.rep5.bam.bai
[W::bam_next_basemod] MM tag refers to bases beyond sequence length
[W::hts_idx_load3] The index file is older than the data file: /bip7_disk/pingting114/mixed_bam/COLO829_PAO/TF0_25x/TF0_25x.rep5.bam.bai
[W::hts_idx_load3] The index file is older than the data file: /bip7_disk/pingting114/mixed_bam/COLO829_PAO/TF0_25x/TF0_25x.rep5.bam.bai
[W::hts_idx_load3] The index file is older than the data file: /bip7_disk/pingting114/mixed_bam/COLO829_PAO/TF0_25x/TF0_25x.rep5.bam.bai
[W::hts_idx_load3] The index file is older than the data file: /bip7_disk/pingting114/mixed_bam/COLO829_PAO/TF0_25x/TF0_25x.rep5.bam.bai
[W::hts_idx_load3] The index file is older than the data file: /bip7_disk/pingting114/mixed_bam/COLO829_PAO/TF0_25x/TF0_25x.rep5.bam.bai
[W::hts_idx_load3] The index file is older than the data file: /bip7_disk/pingting114/mixed_bam/COLO829_PAO/TF0_25x/TF0_25x.rep5.bam.bai
[W::hts_idx_load3] The index file is older than the data file: /bip7_disk/pingting114/mixed_bam/COLO829_PAO/TF0_25x/TF0_25x.rep5.bam.bai
[W::hts_idx_load3] The index file is older than the data file: /bip7_disk/pingting114/mixed_bam/COLO829_PAO/TF0_25x/TF0_25x.rep5.bam.bai
[W::hts_idx_load3] The index file is older than the data file: /bip7_disk/pingting114/mixed_bam/COLO829_PAO/TF0_25x/TF0_25x.rep5.bam.bai
[W::hts_idx_load3] The index file is older than the data file: /bip7_disk/pingting114/mixed_bam/COLO829_PAO/TF0_25x/TF0_25x.rep5.bam.bai
[W::bam_next_basemod] MM tag refers to bases beyond sequence length
[W::hts_idx_load3] The index file is older than the data file: /bip7_disk/pingting114/mixed_bam/COLO829_PAO/TF0_25x/TF0_25x.rep5.bam.bai
[E::bam_parse_basemod2] 234e3e82-4c65-4202-904c-4d7aea6e5239: MM tag refers to bases beyond sequence length
[W::hts_idx_load3] The index file is older than the data file: /bip7_disk/pingting114/mixed_bam/COLO829_PAO/TF0_25x/TF0_25x.rep5.bam.bai
[W::bam_next_basemod] MM tag refers to bases beyond sequence length
[W::hts_idx_load3] The index file is older than the data file: /bip7_disk/pingting114/mixed_bam/COLO829_PAO/TF0_25x/TF0_25x.rep5.bam.bai
[E::bam_parse_basemod2] a7bcd54c-8133-4b2b-9b6f-18f952d9174e: MM tag refers to bases beyond sequence length
[E::bam_parse_basemod2] f89bf230-6dbd-47b0-8865-c1fea9d67774: MM tag refers to bases beyond sequence length
[W::bam_next_basemod] MM tag refers to bases beyond sequence length
[W::hts_idx_load3] The index file is older than the data file: /bip7_disk/pingting114/mixed_bam/COLO829_PAO/TF0_25x/TF0_25x.rep5.bam.bai
[W::hts_idx_load3] The index file is older than the data file: /bip7_disk/pingting114/mixed_bam/COLO829_PAO/TF0_25x/TF0_25x.rep5.bam.bai
[E::bam_parse_basemod2] 572607b4-77d8-4aa2-a516-d72dca436057: MM tag refers to bases beyond sequence length
[E::bam_parse_basemod2] e162655b-4369-48f5-9eb4-5d0e355a8662: MM tag refers to bases beyond sequence length
[E::bam_parse_basemod2] 4dbe450f-73d3-44af-aeed-46df54142379: MM tag refers to bases beyond sequence length
[W::hts_idx_load3] The index file is older than the data file: /bip7_disk/pingting114/mixed_bam/COLO829_PAO/TF0_25x/TF0_25x.rep5.bam.bai
[W::hts_idx_load3] The index file is older than the data file: /bip7_disk/pingting114/mixed_bam/COLO829_PAO/TF0_25x/TF0_25x.rep5.bam.bai
[W::hts_idx_load3] The index file is older than the data file: /bip7_disk/pingting114/mixed_bam/COLO829_PAO/TF0_25x/TF0_25x.rep5.bam.bai
[W::hts_idx_load3] The index file is older than the data file: /bip7_disk/pingting114/mixed_bam/COLO829_PAO/TF0_25x/TF0_25x.rep5.bam.bai
[W::hts_idx_load3] The index file is older than the data file: /bip7_disk/pingting114/mixed_bam/COLO829_PAO/TF0_25x/TF0_25x.rep5.bam.bai
[E::bam_parse_basemod2] ed9a1d9a-cc9b-4166-b720-200b27883c45: MM tag refers to bases beyond sequence length
[W::hts_idx_load3] The index file is older than the data file: /bip7_disk/pingting114/mixed_bam/COLO829_PAO/TF0_25x/TF0_25x.rep5.bam.bai
[W::hts_idx_load3] The index file is older than the data file: /bip7_disk/pingting114/mixed_bam/COLO829_PAO/TF0_25x/TF0_25x.rep5.bam.bai
[W::hts_idx_load3] The index file is older than the data file: /bip7_disk/pingting114/mixed_bam/COLO829_PAO/TF0_25x/TF0_25x.rep5.bam.bai
[W::hts_idx_load3] The index file is older than the data file: /bip7_disk/pingting114/mixed_bam/COLO829_PAO/TF0_25x/TF0_25x.rep5.bam.bai
[W::bam_next_basemod] MM tag refers to bases beyond sequence length
[W::hts_idx_load3] The index file is older than the data file: /bip7_disk/pingting114/mixed_bam/COLO829_PAO/TF0_25x/TF0_25x.rep5.bam.bai
[W::hts_idx_load3] The index file is older than the data file: /bip7_disk/pingting114/mixed_bam/COLO829_PAO/TF0_25x/TF0_25x.rep5.bam.bai
[W::hts_idx_load3] The index file is older than the data file: /bip7_disk/pingting114/mixed_bam/COLO829_PAO/TF0_25x/TF0_25x.rep5.bam.bai
[W::hts_idx_load3] The index file is older than the data file: /bip7_disk/pingting114/mixed_bam/COLO829_PAO/TF0_25x/TF0_25x.rep5.bam.bai
[W::hts_idx_load3] The index file is older than the data file: /bip7_disk/pingting114/mixed_bam/COLO829_PAO/TF0_25x/TF0_25x.rep5.bam.bai
[W::hts_idx_load3] The index file is older than the data file: /bip7_disk/pingting114/mixed_bam/COLO829_PAO/TF0_25x/TF0_25x.rep5.bam.bai
[W::hts_idx_load3] The index file is older than the data file: /bip7_disk/pingting114/mixed_bam/COLO829_PAO/TF0_25x/TF0_25x.rep5.bam.bai
[E::bam_parse_basemod2] c0bef277-9114-484c-939e-12442eccf767: MM tag refers to bases beyond sequence length
[W::hts_idx_load3] The index file is older than the data file: /bip7_disk/pingting114/mixed_bam/COLO829_PAO/TF0_25x/TF0_25x.rep5.bam.bai
[W::bam_next_basemod] MM tag refers to bases beyond sequence length
[W::bam_next_basemod] MM tag refers to bases beyond sequence length
[W::hts_idx_load3] The index file is older than the data file: /bip7_disk/pingting114/mixed_bam/COLO829_PAO/TF0_25x/TF0_25x.rep5.bam.bai
[W::bam_next_basemod] MM tag refers to bases beyond sequence length
[W::hts_idx_load3] The index file is older than the data file: /bip7_disk/pingting114/mixed_bam/COLO829_PAO/TF0_25x/TF0_25x.rep5.bam.bai
[W::hts_idx_load3] The index file is older than the data file: /bip7_disk/pingting114/mixed_bam/COLO829_PAO/TF0_25x/TF0_25x.rep5.bam.bai
[W::hts_idx_load3] The index file is older than the data file: /bip7_disk/pingting114/mixed_bam/COLO829_PAO/TF0_25x/TF0_25x.rep5.bam.bai
[W::hts_idx_load3] The index file is older than the data file: /bip7_disk/pingting114/mixed_bam/COLO829_PAO/TF0_25x/TF0_25x.rep5.bam.bai
[E::bam_parse_basemod2] ae9b2d67-b0c0-4a2b-833e-593303d49e71: MM tag refers to bases beyond sequence length
[W::hts_idx_load3] The index file is older than the data file: /bip7_disk/pingting114/mixed_bam/COLO829_PAO/TF0_25x/TF0_25x.rep5.bam.bai
[W::hts_idx_load3] The index file is older than the data file: /bip7_disk/pingting114/mixed_bam/COLO829_PAO/TF0_25x/TF0_25x.rep5.bam.bai
[W::hts_idx_load3] The index file is older than the data file: /bip7_disk/pingting114/mixed_bam/COLO829_PAO/TF0_25x/TF0_25x.rep5.bam.bai
[W::bam_next_basemod] MM tag refers to bases beyond sequence length
[W::hts_idx_load3] The index file is older than the data file: /bip7_disk/pingting114/mixed_bam/COLO829_PAO/TF0_25x/TF0_25x.rep5.bam.bai
[W::hts_idx_load3] The index file is older than the data file: /bip7_disk/pingting114/mixed_bam/COLO829_PAO/TF0_25x/TF0_25x.rep5.bam.bai
[W::hts_idx_load3] The index file is older than the data file: /bip7_disk/pingting114/mixed_bam/COLO829_PAO/TF0_25x/TF0_25x.rep5.bam.bai
[W::hts_idx_load3] The index file is older than the data file: /bip7_disk/pingting114/mixed_bam/COLO829_PAO/TF0_25x/TF0_25x.rep5.bam.bai
[W::hts_idx_load3] The index file is older than the data file: /bip7_disk/pingting114/mixed_bam/COLO829_PAO/TF0_25x/TF0_25x.rep5.bam.bai
[W::hts_idx_load3] The index file is older than the data file: /bip7_disk/pingting114/mixed_bam/COLO829_PAO/TF0_25x/TF0_25x.rep5.bam.bai
[E::bam_parse_basemod2] a4245755-a2f3-41a3-b2fd-b2da73feaf59: MM tag refers to bases beyond sequence length
[W::hts_idx_load3] The index file is older than the data file: /bip7_disk/pingting114/mixed_bam/COLO829_PAO/TF0_25x/TF0_25x.rep5.bam.bai
[W::hts_idx_load3] The index file is older than the data file: /bip7_disk/pingting114/mixed_bam/COLO829_PAO/TF0_25x/TF0_25x.rep5.bam.bai
[W::hts_idx_load3] The index file is older than the data file: /bip7_disk/pingting114/mixed_bam/COLO829_PAO/TF0_25x/TF0_25x.rep5.bam.bai
[W::hts_idx_load3] The index file is older than the data file: /bip7_disk/pingting114/mixed_bam/COLO829_PAO/TF0_25x/TF0_25x.rep5.bam.bai
[W::hts_idx_load3] The index file is older than the data file: /bip7_disk/pingting114/mixed_bam/COLO829_PAO/TF0_25x/TF0_25x.rep5.bam.bai
[W::hts_idx_load3] The index file is older than the data file: /bip7_disk/pingting114/mixed_bam/COLO829_PAO/TF0_25x/TF0_25x.rep5.bam.bai
[W::hts_idx_load3] The index file is older than the data file: /bip7_disk/pingting114/mixed_bam/COLO829_PAO/TF0_25x/TF0_25x.rep5.bam.bai
[W::hts_idx_load3] The index file is older than the data file: /bip7_disk/pingting114/mixed_bam/COLO829_PAO/TF0_25x/TF0_25x.rep5.bam.bai
[W::bam_next_basemod] MM tag refers to bases beyond sequence length
[W::hts_idx_load3] The index file is older than the data file: /bip7_disk/pingting114/mixed_bam/COLO829_PAO/TF0_25x/TF0_25x.rep5.bam.bai
[W::hts_idx_load3] The index file is older than the data file: /bip7_disk/pingting114/mixed_bam/COLO829_PAO/TF0_25x/TF0_25x.rep5.bam.bai
[W::bam_next_basemod] MM tag refers to bases beyond sequence length
[E::bam_parse_basemod2] c99057a2-3467-4d68-b16d-eaa839073e07: MM tag refers to bases beyond sequence length
[W::hts_idx_load3] The index file is older than the data file: /bip7_disk/pingting114/mixed_bam/COLO829_PAO/TF0_25x/TF0_25x.rep5.bam.bai
[W::hts_idx_load3] The index file is older than the data file: /bip7_disk/pingting114/mixed_bam/COLO829_PAO/TF0_25x/TF0_25x.rep5.bam.bai
[W::hts_idx_load3] The index file is older than the data file: /bip7_disk/pingting114/mixed_bam/COLO829_PAO/TF0_25x/TF0_25x.rep5.bam.bai
[W::hts_idx_load3] The index file is older than the data file: /bip7_disk/pingting114/mixed_bam/COLO829_PAO/TF0_25x/TF0_25x.rep5.bam.bai
[W::hts_idx_load3] The index file is older than the data file: /bip7_disk/pingting114/mixed_bam/COLO829_PAO/TF0_25x/TF0_25x.rep5.bam.bai
[W::hts_idx_load3] The index file is older than the data file: /bip7_disk/pingting114/mixed_bam/COLO829_PAO/TF0_25x/TF0_25x.rep5.bam.bai
[W::hts_idx_load3] The index file is older than the data file: /bip7_disk/pingting114/mixed_bam/COLO829_PAO/TF0_25x/TF0_25x.rep5.bam.bai
[W::hts_idx_load3] The index file is older than the data file: /bip7_disk/pingting114/mixed_bam/COLO829_PAO/TF0_25x/TF0_25x.rep5.bam.bai
[W::bam_next_basemod] MM tag refers to bases beyond sequence length
[W::bam_next_basemod] MM tag refers to bases beyond sequence length
[W::hts_idx_load3] The index file is older than the data file: /bip7_disk/pingting114/mixed_bam/COLO829_PAO/TF0_25x/TF0_25x.rep5.bam.bai
[W::hts_idx_load3] The index file is older than the data file: /bip7_disk/pingting114/mixed_bam/COLO829_PAO/TF0_25x/TF0_25x.rep5.bam.bai
[W::bam_next_basemod] MM tag refers to bases beyond sequence length
[W::hts_idx_load3] The index file is older than the data file: /bip7_disk/pingting114/mixed_bam/COLO829_PAO/TF0_25x/TF0_25x.rep5.bam.bai
[W::hts_idx_load3] The index file is older than the data file: /bip7_disk/pingting114/mixed_bam/COLO829_PAO/TF0_25x/TF0_25x.rep5.bam.bai
[W::bam_next_basemod] MM tag refers to bases beyond sequence length
[W::bam_next_basemod] MM tag refers to bases beyond sequence length
[W::hts_idx_load3] The index file is older than the data file: /bip7_disk/pingting114/mixed_bam/COLO829_PAO/TF0_25x/TF0_25x.rep5.bam.bai
[W::bam_next_basemod] MM tag refers to bases beyond sequence length
[W::hts_idx_load3] The index file is older than the data file: /bip7_disk/pingting114/mixed_bam/COLO829_PAO/TF0_25x/TF0_25x.rep5.bam.bai
[W::bam_next_basemod] MM tag refers to bases beyond sequence length
[W::hts_idx_load3] The index file is older than the data file: /bip7_disk/pingting114/mixed_bam/COLO829_PAO/TF0_25x/TF0_25x.rep5.bam.bai
[W::hts_idx_load3] The index file is older than the data file: /bip7_disk/pingting114/mixed_bam/COLO829_PAO/TF0_25x/TF0_25x.rep5.bam.bai
[W::hts_idx_load3] The index file is older than the data file: /bip7_disk/pingting114/mixed_bam/COLO829_PAO/TF0_25x/TF0_25x.rep5.bam.bai
[W::hts_idx_load3] The index file is older than the data file: /bip7_disk/pingting114/mixed_bam/COLO829_PAO/TF0_25x/TF0_25x.rep5.bam.bai
[W::bam_next_basemod] MM tag refers to bases beyond sequence length
[W::hts_idx_load3] The index file is older than the data file: /bip7_disk/pingting114/mixed_bam/COLO829_PAO/TF0_25x/TF0_25x.rep5.bam.bai
[W::hts_idx_load3] The index file is older than the data file: /bip7_disk/pingting114/mixed_bam/COLO829_PAO/TF0_25x/TF0_25x.rep5.bam.bai
[E::bam_parse_basemod2] ec1090d2-0d35-49fc-9292-bfe0873379fb: MM tag refers to bases beyond sequence length
[W::hts_idx_load3] The index file is older than the data file: /bip7_disk/pingting114/mixed_bam/COLO829_PAO/TF0_25x/TF0_25x.rep5.bam.bai
[E::bam_parse_basemod2] 56f995cf-c383-43d9-98c9-bf7e740dd3b7: MM tag refers to bases beyond sequence length
[W::hts_idx_load3] The index file is older than the data file: /bip7_disk/pingting114/mixed_bam/COLO829_PAO/TF0_25x/TF0_25x.rep5.bam.bai
[W::hts_idx_load3] The index file is older than the data file: /bip7_disk/pingting114/mixed_bam/COLO829_PAO/TF0_25x/TF0_25x.rep5.bam.bai
[E::bam_parse_basemod2] 4dd09432-ab82-4c8b-be2b-9b53ee87ec36: MM tag refers to bases beyond sequence length
[W::hts_idx_load3] The index file is older than the data file: /bip7_disk/pingting114/mixed_bam/COLO829_PAO/TF0_25x/TF0_25x.rep5.bam.bai
[W::bam_next_basemod] MM tag refers to bases beyond sequence length
[W::hts_idx_load3] The index file is older than the data file: /bip7_disk/pingting114/mixed_bam/COLO829_PAO/TF0_25x/TF0_25x.rep5.bam.bai
[E::bam_parse_basemod2] decb3f29-a21b-4d98-8e2d-8864833429f7: MM tag refers to bases beyond sequence length
[W::hts_idx_load3] The index file is older than the data file: /bip7_disk/pingting114/mixed_bam/COLO829_PAO/TF0_25x/TF0_25x.rep5.bam.bai
[W::hts_idx_load3] The index file is older than the data file: /bip7_disk/pingting114/mixed_bam/COLO829_PAO/TF0_25x/TF0_25x.rep5.bam.bai
[W::bam_next_basemod] MM tag refers to bases beyond sequence length
[W::hts_idx_load3] The index file is older than the data file: /bip7_disk/pingting114/mixed_bam/COLO829_PAO/TF0_25x/TF0_25x.rep5.bam.bai
[W::hts_idx_load3] The index file is older than the data file: /bip7_disk/pingting114/mixed_bam/COLO829_PAO/TF0_25x/TF0_25x.rep5.bam.bai
[W::hts_idx_load3] The index file is older than the data file: /bip7_disk/pingting114/mixed_bam/COLO829_PAO/TF0_25x/TF0_25x.rep5.bam.bai
[W::hts_idx_load3] The index file is older than the data file: /bip7_disk/pingting114/mixed_bam/COLO829_PAO/TF0_25x/TF0_25x.rep5.bam.bai
[W::hts_idx_load3] The index file is older than the data file: /bip7_disk/pingting114/mixed_bam/COLO829_PAO/TF0_25x/TF0_25x.rep5.bam.bai
[W::hts_idx_load3] The index file is older than the data file: /bip7_disk/pingting114/mixed_bam/COLO829_PAO/TF0_25x/TF0_25x.rep5.bam.bai
[W::hts_idx_load3] The index file is older than the data file: /bip7_disk/pingting114/mixed_bam/COLO829_PAO/TF0_25x/TF0_25x.rep5.bam.bai
[W::bam_next_basemod] MM tag refers to bases beyond sequence length
[W::hts_idx_load3] The index file is older than the data file: /bip7_disk/pingting114/mixed_bam/COLO829_PAO/TF0_25x/TF0_25x.rep5.bam.bai
[W::hts_idx_load3] The index file is older than the data file: /bip7_disk/pingting114/mixed_bam/COLO829_PAO/TF0_25x/TF0_25x.rep5.bam.bai
[E::bam_parse_basemod2] 012f89a4-36f9-44d1-8ee5-fa014192644c: MM tag refers to bases beyond sequence length
[W::hts_idx_load3] The index file is older than the data file: /bip7_disk/pingting114/mixed_bam/COLO829_PAO/TF0_25x/TF0_25x.rep5.bam.bai
[W::hts_idx_load3] The index file is older than the data file: /bip7_disk/pingting114/mixed_bam/COLO829_PAO/TF0_25x/TF0_25x.rep5.bam.bai
[W::bam_next_basemod] MM tag refers to bases beyond sequence length
[E::bam_parse_basemod2] 1c2f0353-6c1e-4c12-bd30-edfb7546165b: MM tag refers to bases beyond sequence length
[W::hts_idx_load3] The index file is older than the data file: /bip7_disk/pingting114/mixed_bam/COLO829_PAO/TF0_25x/TF0_25x.rep5.bam.bai
[W::bam_next_basemod] MM tag refers to bases beyond sequence length
[W::hts_idx_load3] The index file is older than the data file: /bip7_disk/pingting114/mixed_bam/COLO829_PAO/TF0_25x/TF0_25x.rep5.bam.bai
[W::bam_next_basemod] MM tag refers to bases beyond sequence length
[W::hts_idx_load3] The index file is older than the data file: /bip7_disk/pingting114/mixed_bam/COLO829_PAO/TF0_25x/TF0_25x.rep5.bam.bai
[W::hts_idx_load3] The index file is older than the data file: /bip7_disk/pingting114/mixed_bam/COLO829_PAO/TF0_25x/TF0_25x.rep5.bam.bai
[W::hts_idx_load3] The index file is older than the data file: /bip7_disk/pingting114/mixed_bam/COLO829_PAO/TF0_25x/TF0_25x.rep5.bam.bai
[W::hts_idx_load3] The index file is older than the data file: /bip7_disk/pingting114/mixed_bam/COLO829_PAO/TF0_25x/TF0_25x.rep5.bam.bai
[W::hts_idx_load3] The index file is older than the data file: /bip7_disk/pingting114/mixed_bam/COLO829_PAO/TF0_25x/TF0_25x.rep5.bam.bai
[W::hts_idx_load3] The index file is older than the data file: /bip7_disk/pingting114/mixed_bam/COLO829_PAO/TF0_25x/TF0_25x.rep5.bam.bai
[W::hts_idx_load3] The index file is older than the data file: /bip7_disk/pingting114/mixed_bam/COLO829_PAO/TF0_25x/TF0_25x.rep5.bam.bai
[W::hts_idx_load3] The index file is older than the data file: /bip7_disk/pingting114/mixed_bam/COLO829_PAO/TF0_25x/TF0_25x.rep5.bam.bai
[W::hts_idx_load3] The index file is older than the data file: /bip7_disk/pingting114/mixed_bam/COLO829_PAO/TF0_25x/TF0_25x.rep5.bam.bai
[E::bam_parse_basemod2] f86df891-ab12-4033-854c-167b24c6e4da: MM tag refers to bases beyond sequence length
[W::hts_idx_load3] The index file is older than the data file: /bip7_disk/pingting114/mixed_bam/COLO829_PAO/TF0_25x/TF0_25x.rep5.bam.bai
[W::hts_idx_load3] The index file is older than the data file: /bip7_disk/pingting114/mixed_bam/COLO829_PAO/TF0_25x/TF0_25x.rep5.bam.bai
[E::bam_parse_basemod2] 9d9a0775-6192-4f7e-93a9-59b032935ab2: MM tag refers to bases beyond sequence length
[W::hts_idx_load3] The index file is older than the data file: /bip7_disk/pingting114/mixed_bam/COLO829_PAO/TF0_25x/TF0_25x.rep5.bam.bai
[W::hts_idx_load3] The index file is older than the data file: /bip7_disk/pingting114/mixed_bam/COLO829_PAO/TF0_25x/TF0_25x.rep5.bam.bai
[W::hts_idx_load3] The index file is older than the data file: /bip7_disk/pingting114/mixed_bam/COLO829_PAO/TF0_25x/TF0_25x.rep5.bam.bai
[W::hts_idx_load3] The index file is older than the data file: /bip7_disk/pingting114/mixed_bam/COLO829_PAO/TF0_25x/TF0_25x.rep5.bam.bai
[E::bam_parse_basemod2] b19d9b57-1dc5-419e-af2d-033ac86f7ee6: MM tag refers to bases beyond sequence length
[W::hts_idx_load3] The index file is older than the data file: /bip7_disk/pingting114/mixed_bam/COLO829_PAO/TF0_25x/TF0_25x.rep5.bam.bai
[W::hts_idx_load3] The index file is older than the data file: /bip7_disk/pingting114/mixed_bam/COLO829_PAO/TF0_25x/TF0_25x.rep5.bam.bai
[W::hts_idx_load3] The index file is older than the data file: /bip7_disk/pingting114/mixed_bam/COLO829_PAO/TF0_25x/TF0_25x.rep5.bam.bai
[W::hts_idx_load3] The index file is older than the data file: /bip7_disk/pingting114/mixed_bam/COLO829_PAO/TF0_25x/TF0_25x.rep5.bam.bai
[W::hts_idx_load3] The index file is older than the data file: /bip7_disk/pingting114/mixed_bam/COLO829_PAO/TF0_25x/TF0_25x.rep5.bam.bai
[W::bam_next_basemod] MM tag refers to bases beyond sequence length
[W::bam_next_basemod] MM tag refers to bases beyond sequence length
[W::hts_idx_load3] The index file is older than the data file: /bip7_disk/pingting114/mixed_bam/COLO829_PAO/TF0_25x/TF0_25x.rep5.bam.bai
[E::bam_parse_basemod2] 0b650e18-c010-4626-9b44-f05340a0c768: MM tag refers to bases beyond sequence length
[W::bam_next_basemod] MM tag refers to bases beyond sequence length
[E::bam_parse_basemod2] 538abf45-748e-40c0-8bca-543d96dcdf5e: MM tag refers to bases beyond sequence length
[W::hts_idx_load3] The index file is older than the data file: /bip7_disk/pingting114/mixed_bam/COLO829_PAO/TF0_25x/TF0_25x.rep5.bam.bai
[W::hts_idx_load3] The index file is older than the data file: /bip7_disk/pingting114/mixed_bam/COLO829_PAO/TF0_25x/TF0_25x.rep5.bam.bai
[W::hts_idx_load3] The index file is older than the data file: /bip7_disk/pingting114/mixed_bam/COLO829_PAO/TF0_25x/TF0_25x.rep5.bam.bai
[W::hts_idx_load3] The index file is older than the data file: /bip7_disk/pingting114/mixed_bam/COLO829_PAO/TF0_25x/TF0_25x.rep5.bam.bai
[W::hts_idx_load3] The index file is older than the data file: /bip7_disk/pingting114/mixed_bam/COLO829_PAO/TF0_25x/TF0_25x.rep5.bam.bai
[W::hts_idx_load3] The index file is older than the data file: /bip7_disk/pingting114/mixed_bam/COLO829_PAO/TF0_25x/TF0_25x.rep5.bam.bai
[W::hts_idx_load3] The index file is older than the data file: /bip7_disk/pingting114/mixed_bam/COLO829_PAO/TF0_25x/TF0_25x.rep5.bam.bai
[W::bam_next_basemod] MM tag refers to bases beyond sequence length
[W::bam_next_basemod] MM tag refers to bases beyond sequence length
[W::hts_idx_load3] The index file is older than the data file: /bip7_disk/pingting114/mixed_bam/COLO829_PAO/TF0_25x/TF0_25x.rep5.bam.bai
[W::hts_idx_load3] The index file is older than the data file: /bip7_disk/pingting114/mixed_bam/COLO829_PAO/TF0_25x/TF0_25x.rep5.bam.bai
[W::bam_next_basemod] MM tag refers to bases beyond sequence length
[W::hts_idx_load3] The index file is older than the data file: /bip7_disk/pingting114/mixed_bam/COLO829_PAO/TF0_25x/TF0_25x.rep5.bam.bai
[W::hts_idx_load3] The index file is older than the data file: /bip7_disk/pingting114/mixed_bam/COLO829_PAO/TF0_25x/TF0_25x.rep5.bam.bai
[W::hts_idx_load3] The index file is older than the data file: /bip7_disk/pingting114/mixed_bam/COLO829_PAO/TF0_25x/TF0_25x.rep5.bam.bai
[W::hts_idx_load3] The index file is older than the data file: /bip7_disk/pingting114/mixed_bam/COLO829_PAO/TF0_25x/TF0_25x.rep5.bam.bai
[W::hts_idx_load3] The index file is older than the data file: /bip7_disk/pingting114/mixed_bam/COLO829_PAO/TF0_25x/TF0_25x.rep5.bam.bai
[W::hts_idx_load3] The index file is older than the data file: /bip7_disk/pingting114/mixed_bam/COLO829_PAO/TF0_25x/TF0_25x.rep5.bam.bai
[W::bam_next_basemod] MM tag refers to bases beyond sequence length
[W::hts_idx_load3] The index file is older than the data file: /bip7_disk/pingting114/mixed_bam/COLO829_PAO/TF0_25x/TF0_25x.rep5.bam.bai
[W::hts_idx_load3] The index file is older than the data file: /bip7_disk/pingting114/mixed_bam/COLO829_PAO/TF0_25x/TF0_25x.rep5.bam.bai
[W::hts_idx_load3] The index file is older than the data file: /bip7_disk/pingting114/mixed_bam/COLO829_PAO/TF0_25x/TF0_25x.rep5.bam.bai
[W::hts_idx_load3] The index file is older than the data file: /bip7_disk/pingting114/mixed_bam/COLO829_PAO/TF0_25x/TF0_25x.rep5.bam.bai
[W::hts_idx_load3] The index file is older than the data file: /bip7_disk/pingting114/mixed_bam/COLO829_PAO/TF0_25x/TF0_25x.rep5.bam.bai
[W::bam_next_basemod] MM tag refers to bases beyond sequence length
[W::hts_idx_load3] The index file is older than the data file: /bip7_disk/pingting114/mixed_bam/COLO829_PAO/TF0_25x/TF0_25x.rep5.bam.bai
[W::bam_next_basemod] MM tag refers to bases beyond sequence length
[W::hts_idx_load3] The index file is older than the data file: /bip7_disk/pingting114/mixed_bam/COLO829_PAO/TF0_25x/TF0_25x.rep5.bam.bai
[E::bam_parse_basemod2] 7e4bd7a4-3044-4120-abfd-6e14f563863d: MM tag refers to bases beyond sequence length
[W::hts_idx_load3] The index file is older than the data file: /bip7_disk/pingting114/mixed_bam/COLO829_PAO/TF0_25x/TF0_25x.rep5.bam.bai
[W::hts_idx_load3] The index file is older than the data file: /bip7_disk/pingting114/mixed_bam/COLO829_PAO/TF0_25x/TF0_25x.rep5.bam.bai
[W::hts_idx_load3] The index file is older than the data file: /bip7_disk/pingting114/mixed_bam/COLO829_PAO/TF0_25x/TF0_25x.rep5.bam.bai
[W::hts_idx_load3] The index file is older than the data file: /bip7_disk/pingting114/mixed_bam/COLO829_PAO/TF0_25x/TF0_25x.rep5.bam.bai
[W::hts_idx_load3] The index file is older than the data file: /bip7_disk/pingting114/mixed_bam/COLO829_PAO/TF0_25x/TF0_25x.rep5.bam.bai
[E::bam_parse_basemod2] 53e610ec-c180-4501-b39d-c526e9047e3c: MM tag refers to bases beyond sequence length
[W::hts_idx_load3] The index file is older than the data file: /bip7_disk/pingting114/mixed_bam/COLO829_PAO/TF0_25x/TF0_25x.rep5.bam.bai
[W::hts_idx_load3] The index file is older than the data file: /bip7_disk/pingting114/mixed_bam/COLO829_PAO/TF0_25x/TF0_25x.rep5.bam.bai
[W::hts_idx_load3] The index file is older than the data file: /bip7_disk/pingting114/mixed_bam/COLO829_PAO/TF0_25x/TF0_25x.rep5.bam.bai
[W::hts_idx_load3] The index file is older than the data file: /bip7_disk/pingting114/mixed_bam/COLO829_PAO/TF0_25x/TF0_25x.rep5.bam.bai
[E::bam_parse_basemod2] 421e128e-2fbf-4e34-8546-27511d97a6cb: MM tag refers to bases beyond sequence length
[W::hts_idx_load3] The index file is older than the data file: /bip7_disk/pingting114/mixed_bam/COLO829_PAO/TF0_25x/TF0_25x.rep5.bam.bai
[E::bam_parse_basemod2] 1e435e67-9c1d-4df6-8255-4b71936a22ba: MM tag refers to bases beyond sequence length
[W::hts_idx_load3] The index file is older than the data file: /bip7_disk/pingting114/mixed_bam/COLO829_PAO/TF0_25x/TF0_25x.rep5.bam.bai
[W::bam_next_basemod] MM tag refers to bases beyond sequence length
[W::hts_idx_load3] The index file is older than the data file: /bip7_disk/pingting114/mixed_bam/COLO829_PAO/TF0_25x/TF0_25x.rep5.bam.bai
[W::hts_idx_load3] The index file is older than the data file: /bip7_disk/pingting114/mixed_bam/COLO829_PAO/TF0_25x/TF0_25x.rep5.bam.bai
[W::hts_idx_load3] The index file is older than the data file: /bip7_disk/pingting114/mixed_bam/COLO829_PAO/TF0_25x/TF0_25x.rep5.bam.bai
[W::hts_idx_load3] The index file is older than the data file: /bip7_disk/pingting114/mixed_bam/COLO829_PAO/TF0_25x/TF0_25x.rep5.bam.bai
[W::hts_idx_load3] The index file is older than the data file: /bip7_disk/pingting114/mixed_bam/COLO829_PAO/TF0_25x/TF0_25x.rep5.bam.bai
[W::hts_idx_load3] The index file is older than the data file: /bip7_disk/pingting114/mixed_bam/COLO829_PAO/TF0_25x/TF0_25x.rep5.bam.bai
[W::hts_idx_load3] The index file is older than the data file: /bip7_disk/pingting114/mixed_bam/COLO829_PAO/TF0_25x/TF0_25x.rep5.bam.bai
[W::bam_next_basemod] MM tag refers to bases beyond sequence length
[W::hts_idx_load3] The index file is older than the data file: /bip7_disk/pingting114/mixed_bam/COLO829_PAO/TF0_25x/TF0_25x.rep5.bam.bai
[W::hts_idx_load3] The index file is older than the data file: /bip7_disk/pingting114/mixed_bam/COLO829_PAO/TF0_25x/TF0_25x.rep5.bam.bai
[W::hts_idx_load3] The index file is older than the data file: /bip7_disk/pingting114/mixed_bam/COLO829_PAO/TF0_25x/TF0_25x.rep5.bam.bai
[W::hts_idx_load3] The index file is older than the data file: /bip7_disk/pingting114/mixed_bam/COLO829_PAO/TF0_25x/TF0_25x.rep5.bam.bai
[W::hts_idx_load3] The index file is older than the data file: /bip7_disk/pingting114/mixed_bam/COLO829_PAO/TF0_25x/TF0_25x.rep5.bam.bai
[W::hts_idx_load3] The index file is older than the data file: /bip7_disk/pingting114/mixed_bam/COLO829_PAO/TF0_25x/TF0_25x.rep5.bam.bai
[W::hts_idx_load3] The index file is older than the data file: /bip7_disk/pingting114/mixed_bam/COLO829_PAO/TF0_25x/TF0_25x.rep5.bam.bai
[W::hts_idx_load3] The index file is older than the data file: /bip7_disk/pingting114/mixed_bam/COLO829_PAO/TF0_25x/TF0_25x.rep5.bam.bai
[W::hts_idx_load3] The index file is older than the data file: /bip7_disk/pingting114/mixed_bam/COLO829_PAO/TF0_25x/TF0_25x.rep5.bam.bai
[W::hts_idx_load3] The index file is older than the data file: /bip7_disk/pingting114/mixed_bam/COLO829_PAO/TF0_25x/TF0_25x.rep5.bam.bai
[W::hts_idx_load3] The index file is older than the data file: /bip7_disk/pingting114/mixed_bam/COLO829_PAO/TF0_25x/TF0_25x.rep5.bam.bai
[W::bam_next_basemod] MM tag refers to bases beyond sequence length
[W::hts_idx_load3] The index file is older than the data file: /bip7_disk/pingting114/mixed_bam/COLO829_PAO/TF0_25x/TF0_25x.rep5.bam.bai
[W::hts_idx_load3] The index file is older than the data file: /bip7_disk/pingting114/mixed_bam/COLO829_PAO/TF0_25x/TF0_25x.rep5.bam.bai
[W::bam_next_basemod] MM tag refers to bases beyond sequence length
[W::hts_idx_load3] The index file is older than the data file: /bip7_disk/pingting114/mixed_bam/COLO829_PAO/TF0_25x/TF0_25x.rep5.bam.bai
[W::hts_idx_load3] The index file is older than the data file: /bip7_disk/pingting114/mixed_bam/COLO829_PAO/TF0_25x/TF0_25x.rep5.bam.bai
[W::hts_idx_load3] The index file is older than the data file: /bip7_disk/pingting114/mixed_bam/COLO829_PAO/TF0_25x/TF0_25x.rep5.bam.bai
[W::hts_idx_load3] The index file is older than the data file: /bip7_disk/pingting114/mixed_bam/COLO829_PAO/TF0_25x/TF0_25x.rep5.bam.bai
[W::hts_idx_load3] The index file is older than the data file: /bip7_disk/pingting114/mixed_bam/COLO829_PAO/TF0_25x/TF0_25x.rep5.bam.bai
[W::hts_idx_load3] The index file is older than the data file: /bip7_disk/pingting114/mixed_bam/COLO829_PAO/TF0_25x/TF0_25x.rep5.bam.bai
[W::hts_idx_load3] The index file is older than the data file: /bip7_disk/pingting114/mixed_bam/COLO829_PAO/TF0_25x/TF0_25x.rep5.bam.bai
[E::bam_parse_basemod2] 18e91a2c-b9a6-4820-9047-0fc42df26a4b: MM tag refers to bases beyond sequence length
[W::bam_next_basemod] MM tag refers to bases beyond sequence length
[W::hts_idx_load3] The index file is older than the data file: /bip7_disk/pingting114/mixed_bam/COLO829_PAO/TF0_25x/TF0_25x.rep5.bam.bai
[W::bam_next_basemod] MM tag refers to bases beyond sequence length
[W::hts_idx_load3] The index file is older than the data file: /bip7_disk/pingting114/mixed_bam/COLO829_PAO/TF0_25x/TF0_25x.rep5.bam.bai
[W::hts_idx_load3] The index file is older than the data file: /bip7_disk/pingting114/mixed_bam/COLO829_PAO/TF0_25x/TF0_25x.rep5.bam.bai
[W::bam_next_basemod] MM tag refers to bases beyond sequence length
[W::hts_idx_load3] The index file is older than the data file: /bip7_disk/pingting114/mixed_bam/COLO829_PAO/TF0_25x/TF0_25x.rep5.bam.bai
[W::hts_idx_load3] The index file is older than the data file: /bip7_disk/pingting114/mixed_bam/COLO829_PAO/TF0_25x/TF0_25x.rep5.bam.bai
[W::hts_idx_load3] The index file is older than the data file: /bip7_disk/pingting114/mixed_bam/COLO829_PAO/TF0_25x/TF0_25x.rep5.bam.bai
[W::hts_idx_load3] The index file is older than the data file: /bip7_disk/pingting114/mixed_bam/COLO829_PAO/TF0_25x/TF0_25x.rep5.bam.bai
[W::hts_idx_load3] The index file is older than the data file: /bip7_disk/pingting114/mixed_bam/COLO829_PAO/TF0_25x/TF0_25x.rep5.bam.bai
[W::hts_idx_load3] The index file is older than the data file: /bip7_disk/pingting114/mixed_bam/COLO829_PAO/TF0_25x/TF0_25x.rep5.bam.bai
[W::hts_idx_load3] The index file is older than the data file: /bip7_disk/pingting114/mixed_bam/COLO829_PAO/TF0_25x/TF0_25x.rep5.bam.bai
[W::bam_next_basemod] MM tag refers to bases beyond sequence length
[W::hts_idx_load3] The index file is older than the data file: /bip7_disk/pingting114/mixed_bam/COLO829_PAO/TF0_25x/TF0_25x.rep5.bam.bai
[W::hts_idx_load3] The index file is older than the data file: /bip7_disk/pingting114/mixed_bam/COLO829_PAO/TF0_25x/TF0_25x.rep5.bam.bai
[W::hts_idx_load3] The index file is older than the data file: /bip7_disk/pingting114/mixed_bam/COLO829_PAO/TF0_25x/TF0_25x.rep5.bam.bai
[W::hts_idx_load3] The index file is older than the data file: /bip7_disk/pingting114/mixed_bam/COLO829_PAO/TF0_25x/TF0_25x.rep5.bam.bai
[W::hts_idx_load3] The index file is older than the data file: /bip7_disk/pingting114/mixed_bam/COLO829_PAO/TF0_25x/TF0_25x.rep5.bam.bai
[W::hts_idx_load3] The index file is older than the data file: /bip7_disk/pingting114/mixed_bam/COLO829_PAO/TF0_25x/TF0_25x.rep5.bam.bai
[E::bam_parse_basemod2] 4ec85a99-dd08-468e-a34a-80a571353461: MM tag refers to bases beyond sequence length
[W::hts_idx_load3] The index file is older than the data file: /bip7_disk/pingting114/mixed_bam/COLO829_PAO/TF0_25x/TF0_25x.rep5.bam.bai
[W::hts_idx_load3] The index file is older than the data file: /bip7_disk/pingting114/mixed_bam/COLO829_PAO/TF0_25x/TF0_25x.rep5.bam.bai
[W::hts_idx_load3] The index file is older than the data file: /bip7_disk/pingting114/mixed_bam/COLO829_PAO/TF0_25x/TF0_25x.rep5.bam.bai
[W::hts_idx_load3] The index file is older than the data file: /bip7_disk/pingting114/mixed_bam/COLO829_PAO/TF0_25x/TF0_25x.rep5.bam.bai
[W::hts_idx_load3] The index file is older than the data file: /bip7_disk/pingting114/mixed_bam/COLO829_PAO/TF0_25x/TF0_25x.rep5.bam.bai
[W::hts_idx_load3] The index file is older than the data file: /bip7_disk/pingting114/mixed_bam/COLO829_PAO/TF0_25x/TF0_25x.rep5.bam.bai
[W::hts_idx_load3] The index file is older than the data file: /bip7_disk/pingting114/mixed_bam/COLO829_PAO/TF0_25x/TF0_25x.rep5.bam.bai
[W::hts_idx_load3] The index file is older than the data file: /bip7_disk/pingting114/mixed_bam/COLO829_PAO/TF0_25x/TF0_25x.rep5.bam.bai
[W::bam_next_basemod] MM tag refers to bases beyond sequence length
[E::bam_parse_basemod2] 35fa419f-4f79-4f9d-adc3-575bc290cb80: MM tag refers to bases beyond sequence length
[W::hts_idx_load3] The index file is older than the data file: /bip7_disk/pingting114/mixed_bam/COLO829_PAO/TF0_25x/TF0_25x.rep5.bam.bai
[E::bam_parse_basemod2] b284223e-d426-4d25-b9a9-038564ee303a: MM tag refers to bases beyond sequence length
[W::hts_idx_load3] The index file is older than the data file: /bip7_disk/pingting114/mixed_bam/COLO829_PAO/TF0_25x/TF0_25x.rep5.bam.bai
[W::hts_idx_load3] The index file is older than the data file: /bip7_disk/pingting114/mixed_bam/COLO829_PAO/TF0_25x/TF0_25x.rep5.bam.bai
[W::hts_idx_load3] The index file is older than the data file: /bip7_disk/pingting114/mixed_bam/COLO829_PAO/TF0_25x/TF0_25x.rep5.bam.bai
[W::hts_idx_load3] The index file is older than the data file: /bip7_disk/pingting114/mixed_bam/COLO829_PAO/TF0_25x/TF0_25x.rep5.bam.bai
[E::bam_parse_basemod2] b3365964-10d5-481c-95d0-63eb0d3750aa: MM tag refers to bases beyond sequence length
[W::hts_idx_load3] The index file is older than the data file: /bip7_disk/pingting114/mixed_bam/COLO829_PAO/TF0_25x/TF0_25x.rep5.bam.bai
[W::hts_idx_load3] The index file is older than the data file: /bip7_disk/pingting114/mixed_bam/COLO829_PAO/TF0_25x/TF0_25x.rep5.bam.bai
[W::hts_idx_load3] The index file is older than the data file: /bip7_disk/pingting114/mixed_bam/COLO829_PAO/TF0_25x/TF0_25x.rep5.bam.bai
[W::bam_next_basemod] MM tag refers to bases beyond sequence length
[E::bam_parse_basemod2] a2373f6c-015a-4fec-b3a6-079fb97d3d83: MM tag refers to bases beyond sequence length
[W::hts_idx_load3] The index file is older than the data file: /bip7_disk/pingting114/mixed_bam/COLO829_PAO/TF0_25x/TF0_25x.rep5.bam.bai
[E::bam_parse_basemod2] 4e55a3bc-498e-443a-a624-5cfe21307b53: MM tag refers to bases beyond sequence length
[W::hts_idx_load3] The index file is older than the data file: /bip7_disk/pingting114/mixed_bam/COLO829_PAO/TF0_25x/TF0_25x.rep5.bam.bai
[W::hts_idx_load3] The index file is older than the data file: /bip7_disk/pingting114/mixed_bam/COLO829_PAO/TF0_25x/TF0_25x.rep5.bam.bai
[W::hts_idx_load3] The index file is older than the data file: /bip7_disk/pingting114/mixed_bam/COLO829_PAO/TF0_25x/TF0_25x.rep5.bam.bai
[E::bam_parse_basemod2] a83b5a4f-b7a7-4afa-b57e-cb6c27456e66: MM tag refers to bases beyond sequence length
[W::hts_idx_load3] The index file is older than the data file: /bip7_disk/pingting114/mixed_bam/COLO829_PAO/TF0_25x/TF0_25x.rep5.bam.bai
[W::bam_next_basemod] MM tag refers to bases beyond sequence length
[W::hts_idx_load3] The index file is older than the data file: /bip7_disk/pingting114/mixed_bam/COLO829_PAO/TF0_25x/TF0_25x.rep5.bam.bai
[W::hts_idx_load3] The index file is older than the data file: /bip7_disk/pingting114/mixed_bam/COLO829_PAO/TF0_25x/TF0_25x.rep5.bam.bai
[E::bam_parse_basemod2] 2975d2d0-eaa1-44fd-a683-9c981eb7c8dd: MM tag refers to bases beyond sequence length
[W::hts_idx_load3] The index file is older than the data file: /bip7_disk/pingting114/mixed_bam/COLO829_PAO/TF0_25x/TF0_25x.rep5.bam.bai
[W::hts_idx_load3] The index file is older than the data file: /bip7_disk/pingting114/mixed_bam/COLO829_PAO/TF0_25x/TF0_25x.rep5.bam.bai
[W::hts_idx_load3] The index file is older than the data file: /bip7_disk/pingting114/mixed_bam/COLO829_PAO/TF0_25x/TF0_25x.rep5.bam.bai
[W::hts_idx_load3] The index file is older than the data file: /bip7_disk/pingting114/mixed_bam/COLO829_PAO/TF0_25x/TF0_25x.rep5.bam.bai
[E::bam_parse_basemod2] c01243b1-6a1d-4ffc-bf38-310f11d97d6d: MM tag refers to bases beyond sequence length
[W::hts_idx_load3] The index file is older than the data file: /bip7_disk/pingting114/mixed_bam/COLO829_PAO/TF0_25x/TF0_25x.rep5.bam.bai
[E::bam_parse_basemod2] 07f68e97-61f8-41b7-8d6f-ab5cbb205e6f: MM tag refers to bases beyond sequence length
[W::hts_idx_load3] The index file is older than the data file: /bip7_disk/pingting114/mixed_bam/COLO829_PAO/TF0_25x/TF0_25x.rep5.bam.bai
[W::hts_idx_load3] The index file is older than the data file: /bip7_disk/pingting114/mixed_bam/COLO829_PAO/TF0_25x/TF0_25x.rep5.bam.bai
[W::bam_next_basemod] MM tag refers to bases beyond sequence length
[W::hts_idx_load3] The index file is older than the data file: /bip7_disk/pingting114/mixed_bam/COLO829_PAO/TF0_25x/TF0_25x.rep5.bam.bai
[W::hts_idx_load3] The index file is older than the data file: /bip7_disk/pingting114/mixed_bam/COLO829_PAO/TF0_25x/TF0_25x.rep5.bam.bai
[W::bam_next_basemod] MM tag refers to bases beyond sequence length
[W::hts_idx_load3] The index file is older than the data file: /bip7_disk/pingting114/mixed_bam/COLO829_PAO/TF0_25x/TF0_25x.rep5.bam.bai
[W::hts_idx_load3] The index file is older than the data file: /bip7_disk/pingting114/mixed_bam/COLO829_PAO/TF0_25x/TF0_25x.rep5.bam.bai
[W::hts_idx_load3] The index file is older than the data file: /bip7_disk/pingting114/mixed_bam/COLO829_PAO/TF0_25x/TF0_25x.rep5.bam.bai
[W::hts_idx_load3] The index file is older than the data file: /bip7_disk/pingting114/mixed_bam/COLO829_PAO/TF0_25x/TF0_25x.rep5.bam.bai
[E::bam_parse_basemod2] 11d5d0e7-611d-4f78-a6c5-07d996bbf3d8: MM tag refers to bases beyond sequence length
[W::hts_idx_load3] The index file is older than the data file: /bip7_disk/pingting114/mixed_bam/COLO829_PAO/TF0_25x/TF0_25x.rep5.bam.bai
[W::hts_idx_load3] The index file is older than the data file: /bip7_disk/pingting114/mixed_bam/COLO829_PAO/TF0_25x/TF0_25x.rep5.bam.bai
[E::bam_parse_basemod2] 229679d5-9909-4d10-9734-358ba9d11347: MM tag refers to bases beyond sequence length
[W::hts_idx_load3] The index file is older than the data file: /bip7_disk/pingting114/mixed_bam/COLO829_PAO/TF0_25x/TF0_25x.rep5.bam.bai
[W::hts_idx_load3] The index file is older than the data file: /bip7_disk/pingting114/mixed_bam/COLO829_PAO/TF0_25x/TF0_25x.rep5.bam.bai
[W::hts_idx_load3] The index file is older than the data file: /bip7_disk/pingting114/mixed_bam/COLO829_PAO/TF0_25x/TF0_25x.rep5.bam.bai
[W::bam_next_basemod] MM tag refers to bases beyond sequence length
[W::hts_idx_load3] The index file is older than the data file: /bip7_disk/pingting114/mixed_bam/COLO829_PAO/TF0_25x/TF0_25x.rep5.bam.bai
[W::hts_idx_load3] The index file is older than the data file: /bip7_disk/pingting114/mixed_bam/COLO829_PAO/TF0_25x/TF0_25x.rep5.bam.bai
[W::bam_next_basemod] MM tag refers to bases beyond sequence length
[W::bam_next_basemod] MM tag refers to bases beyond sequence length
[W::hts_idx_load3] The index file is older than the data file: /bip7_disk/pingting114/mixed_bam/COLO829_PAO/TF0_25x/TF0_25x.rep5.bam.bai
[W::bam_next_basemod] MM tag refers to bases beyond sequence length
[W::bam_next_basemod] MM tag refers to bases beyond sequence length
[W::hts_idx_load3] The index file is older than the data file: /bip7_disk/pingting114/mixed_bam/COLO829_PAO/TF0_25x/TF0_25x.rep5.bam.bai
[W::hts_idx_load3] The index file is older than the data file: /bip7_disk/pingting114/mixed_bam/COLO829_PAO/TF0_25x/TF0_25x.rep5.bam.bai
[W::hts_idx_load3] The index file is older than the data file: /bip7_disk/pingting114/mixed_bam/COLO829_PAO/TF0_25x/TF0_25x.rep5.bam.bai
[W::hts_idx_load3] The index file is older than the data file: /bip7_disk/pingting114/mixed_bam/COLO829_PAO/TF0_25x/TF0_25x.rep5.bam.bai
[W::hts_idx_load3] The index file is older than the data file: /bip7_disk/pingting114/mixed_bam/COLO829_PAO/TF0_25x/TF0_25x.rep5.bam.bai
[W::hts_idx_load3] The index file is older than the data file: /bip7_disk/pingting114/mixed_bam/COLO829_PAO/TF0_25x/TF0_25x.rep5.bam.bai
[W::hts_idx_load3] The index file is older than the data file: /bip7_disk/pingting114/mixed_bam/COLO829_PAO/TF0_25x/TF0_25x.rep5.bam.bai
[W::hts_idx_load3] The index file is older than the data file: /bip7_disk/pingting114/mixed_bam/COLO829_PAO/TF0_25x/TF0_25x.rep5.bam.bai
[W::hts_idx_load3] The index file is older than the data file: /bip7_disk/pingting114/mixed_bam/COLO829_PAO/TF0_25x/TF0_25x.rep5.bam.bai
[W::hts_idx_load3] The index file is older than the data file: /bip7_disk/pingting114/mixed_bam/COLO829_PAO/TF0_25x/TF0_25x.rep5.bam.bai
[W::hts_idx_load3] The index file is older than the data file: /bip7_disk/pingting114/mixed_bam/COLO829_PAO/TF0_25x/TF0_25x.rep5.bam.bai
[W::hts_idx_load3] The index file is older than the data file: /bip7_disk/pingting114/mixed_bam/COLO829_PAO/TF0_25x/TF0_25x.rep5.bam.bai
[W::hts_idx_load3] The index file is older than the data file: /bip7_disk/pingting114/mixed_bam/COLO829_PAO/TF0_25x/TF0_25x.rep5.bam.bai
[W::hts_idx_load3] The index file is older than the data file: /bip7_disk/pingting114/mixed_bam/COLO829_PAO/TF0_25x/TF0_25x.rep5.bam.bai
[W::hts_idx_load3] The index file is older than the data file: /bip7_disk/pingting114/mixed_bam/COLO829_PAO/TF0_25x/TF0_25x.rep5.bam.bai
[W::hts_idx_load3] The index file is older than the data file: /bip7_disk/pingting114/mixed_bam/COLO829_PAO/TF0_25x/TF0_25x.rep5.bam.bai
[W::hts_idx_load3] The index file is older than the data file: /bip7_disk/pingting114/mixed_bam/COLO829_PAO/TF0_25x/TF0_25x.rep5.bam.bai
[W::hts_idx_load3] The index file is older than the data file: /bip7_disk/pingting114/mixed_bam/COLO829_PAO/TF0_25x/TF0_25x.rep5.bam.bai
[W::hts_idx_load3] The index file is older than the data file: /bip7_disk/pingting114/mixed_bam/COLO829_PAO/TF0_25x/TF0_25x.rep5.bam.bai
[W::hts_idx_load3] The index file is older than the data file: /bip7_disk/pingting114/mixed_bam/COLO829_PAO/TF0_25x/TF0_25x.rep5.bam.bai
[W::hts_idx_load3] The index file is older than the data file: /bip7_disk/pingting114/mixed_bam/COLO829_PAO/TF0_25x/TF0_25x.rep5.bam.bai
[W::bam_next_basemod] MM tag refers to bases beyond sequence length
[W::hts_idx_load3] The index file is older than the data file: /bip7_disk/pingting114/mixed_bam/COLO829_PAO/TF0_25x/TF0_25x.rep5.bam.bai
[W::hts_idx_load3] The index file is older than the data file: /bip7_disk/pingting114/mixed_bam/COLO829_PAO/TF0_25x/TF0_25x.rep5.bam.bai
[W::hts_idx_load3] The index file is older than the data file: /bip7_disk/pingting114/mixed_bam/COLO829_PAO/TF0_25x/TF0_25x.rep5.bam.bai
[W::hts_idx_load3] The index file is older than the data file: /bip7_disk/pingting114/mixed_bam/COLO829_PAO/TF0_25x/TF0_25x.rep5.bam.bai
[E::bam_parse_basemod2] 813e2aaf-1024-41b4-a962-466b9bd6895a: MM tag refers to bases beyond sequence length
[W::hts_idx_load3] The index file is older than the data file: /bip7_disk/pingting114/mixed_bam/COLO829_PAO/TF0_25x/TF0_25x.rep5.bam.bai
[W::bam_next_basemod] MM tag refers to bases beyond sequence length
[E::bam_parse_basemod2] c0d070f9-e4cb-431e-970e-c47097cd3a50: MM tag refers to bases beyond sequence length
[W::hts_idx_load3] The index file is older than the data file: /bip7_disk/pingting114/mixed_bam/COLO829_PAO/TF0_25x/TF0_25x.rep5.bam.bai
[W::hts_idx_load3] The index file is older than the data file: /bip7_disk/pingting114/mixed_bam/COLO829_PAO/TF0_25x/TF0_25x.rep5.bam.bai
[E::bam_parse_basemod2] 6c2f1190-efcb-4198-8c8f-6db020f5f3a5: MM tag refers to bases beyond sequence length
[W::hts_idx_load3] The index file is older than the data file: /bip7_disk/pingting114/mixed_bam/COLO829_PAO/TF0_25x/TF0_25x.rep5.bam.bai
[E::bam_parse_basemod2] 7c076041-9b65-49e5-82ba-ded9c2a8dc3f: MM tag refers to bases beyond sequence length
[W::hts_idx_load3] The index file is older than the data file: /bip7_disk/pingting114/mixed_bam/COLO829_PAO/TF0_25x/TF0_25x.rep5.bam.bai
[W::bam_next_basemod] MM tag refers to bases beyond sequence length
[E::bam_parse_basemod2] 71caa720-b639-4978-b16a-b38859693c80: MM tag refers to bases beyond sequence length
[W::hts_idx_load3] The index file is older than the data file: /bip7_disk/pingting114/mixed_bam/COLO829_PAO/TF0_25x/TF0_25x.rep5.bam.bai
[E::bam_parse_basemod2] e1095272-26f7-4e57-a002-409c22818230: MM tag refers to bases beyond sequence length
[W::hts_idx_load3] The index file is older than the data file: /bip7_disk/pingting114/mixed_bam/COLO829_PAO/TF0_25x/TF0_25x.rep5.bam.bai
[W::bam_next_basemod] MM tag refers to bases beyond sequence length
[W::hts_idx_load3] The index file is older than the data file: /bip7_disk/pingting114/mixed_bam/COLO829_PAO/TF0_25x/TF0_25x.rep5.bam.bai
[E::bam_parse_basemod2] 30739de8-f9cf-4246-ae24-5d5a24550571: MM tag refers to bases beyond sequence length
[E::bam_parse_basemod2] b94d36ad-0d0a-46af-8f69-d5928a9e61b3: MM tag refers to bases beyond sequence length
[W::hts_idx_load3] The index file is older than the data file: /bip7_disk/pingting114/mixed_bam/COLO829_PAO/TF0_25x/TF0_25x.rep5.bam.bai
[W::bam_next_basemod] MM tag refers to bases beyond sequence length
[W::hts_idx_load3] The index file is older than the data file: /bip7_disk/pingting114/mixed_bam/COLO829_PAO/TF0_25x/TF0_25x.rep5.bam.bai
[W::hts_idx_load3] The index file is older than the data file: /bip7_disk/pingting114/mixed_bam/COLO829_PAO/TF0_25x/TF0_25x.rep5.bam.bai
[W::hts_idx_load3] The index file is older than the data file: /bip7_disk/pingting114/mixed_bam/COLO829_PAO/TF0_25x/TF0_25x.rep5.bam.bai
[W::hts_idx_load3] The index file is older than the data file: /bip7_disk/pingting114/mixed_bam/COLO829_PAO/TF0_25x/TF0_25x.rep5.bam.bai
[W::hts_idx_load3] The index file is older than the data file: /bip7_disk/pingting114/mixed_bam/COLO829_PAO/TF0_25x/TF0_25x.rep5.bam.bai
[E::bam_parse_basemod2] 3bcda047-1b4e-4ebc-8fe9-ced21275228d: MM tag refers to bases beyond sequence length
[W::hts_idx_load3] The index file is older than the data file: /bip7_disk/pingting114/mixed_bam/COLO829_PAO/TF0_25x/TF0_25x.rep5.bam.bai
[W::hts_idx_load3] The index file is older than the data file: /bip7_disk/pingting114/mixed_bam/COLO829_PAO/TF0_25x/TF0_25x.rep5.bam.bai
[W::hts_idx_load3] The index file is older than the data file: /bip7_disk/pingting114/mixed_bam/COLO829_PAO/TF0_25x/TF0_25x.rep5.bam.bai
[W::bam_next_basemod] MM tag refers to bases beyond sequence length
[W::hts_idx_load3] The index file is older than the data file: /bip7_disk/pingting114/mixed_bam/COLO829_PAO/TF0_25x/TF0_25x.rep5.bam.bai
[W::hts_idx_load3] The index file is older than the data file: /bip7_disk/pingting114/mixed_bam/COLO829_PAO/TF0_25x/TF0_25x.rep5.bam.bai
[W::hts_idx_load3] The index file is older than the data file: /bip7_disk/pingting114/mixed_bam/COLO829_PAO/TF0_25x/TF0_25x.rep5.bam.bai
[W::hts_idx_load3] The index file is older than the data file: /bip7_disk/pingting114/mixed_bam/COLO829_PAO/TF0_25x/TF0_25x.rep5.bam.bai
[W::hts_idx_load3] The index file is older than the data file: /bip7_disk/pingting114/mixed_bam/COLO829_PAO/TF0_25x/TF0_25x.rep5.bam.bai
[W::hts_idx_load3] The index file is older than the data file: /bip7_disk/pingting114/mixed_bam/COLO829_PAO/TF0_25x/TF0_25x.rep5.bam.bai
[W::hts_idx_load3] The index file is older than the data file: /bip7_disk/pingting114/mixed_bam/COLO829_PAO/TF0_25x/TF0_25x.rep5.bam.bai
[W::hts_idx_load3] The index file is older than the data file: /bip7_disk/pingting114/mixed_bam/COLO829_PAO/TF0_25x/TF0_25x.rep5.bam.bai
[W::bam_next_basemod] MM tag refers to bases beyond sequence length
[W::bam_next_basemod] MM tag refers to bases beyond sequence length
[W::hts_idx_load3] The index file is older than the data file: /bip7_disk/pingting114/mixed_bam/COLO829_PAO/TF0_25x/TF0_25x.rep5.bam.bai
[W::hts_idx_load3] The index file is older than the data file: /bip7_disk/pingting114/mixed_bam/COLO829_PAO/TF0_25x/TF0_25x.rep5.bam.bai
[W::hts_idx_load3] The index file is older than the data file: /bip7_disk/pingting114/mixed_bam/COLO829_PAO/TF0_25x/TF0_25x.rep5.bam.bai
[W::hts_idx_load3] The index file is older than the data file: /bip7_disk/pingting114/mixed_bam/COLO829_PAO/TF0_25x/TF0_25x.rep5.bam.bai
[W::bam_next_basemod] MM tag refers to bases beyond sequence length
[W::hts_idx_load3] The index file is older than the data file: /bip7_disk/pingting114/mixed_bam/COLO829_PAO/TF0_25x/TF0_25x.rep5.bam.bai
[W::bam_next_basemod] MM tag refers to bases beyond sequence length
[W::hts_idx_load3] The index file is older than the data file: /bip7_disk/pingting114/mixed_bam/COLO829_PAO/TF0_25x/TF0_25x.rep5.bam.bai
[W::bam_next_basemod] MM tag refers to bases beyond sequence length
[W::hts_idx_load3] The index file is older than the data file: /bip7_disk/pingting114/mixed_bam/COLO829_PAO/TF0_25x/TF0_25x.rep5.bam.bai
[W::hts_idx_load3] The index file is older than the data file: /bip7_disk/pingting114/mixed_bam/COLO829_PAO/TF0_25x/TF0_25x.rep5.bam.bai
[E::bam_parse_basemod2] 88c34303-bf7a-42fd-ae90-4bc4c90632e8: MM tag refers to bases beyond sequence length
[W::hts_idx_load3] The index file is older than the data file: /bip7_disk/pingting114/mixed_bam/COLO829_PAO/TF0_25x/TF0_25x.rep5.bam.bai
[W::bam_next_basemod] MM tag refers to bases beyond sequence length
[W::hts_idx_load3] The index file is older than the data file: /bip7_disk/pingting114/mixed_bam/COLO829_PAO/TF0_25x/TF0_25x.rep5.bam.bai
[W::hts_idx_load3] The index file is older than the data file: /bip7_disk/pingting114/mixed_bam/COLO829_PAO/TF0_25x/TF0_25x.rep5.bam.bai
[W::hts_idx_load3] The index file is older than the data file: /bip7_disk/pingting114/mixed_bam/COLO829_PAO/TF0_25x/TF0_25x.rep5.bam.bai
[E::bam_parse_basemod2] 77c7eba3-4ca2-46b4-937b-fddb90d60558: MM tag refers to bases beyond sequence length
[W::hts_idx_load3] The index file is older than the data file: /bip7_disk/pingting114/mixed_bam/COLO829_PAO/TF0_25x/TF0_25x.rep5.bam.bai
[W::hts_idx_load3] The index file is older than the data file: /bip7_disk/pingting114/mixed_bam/COLO829_PAO/TF0_25x/TF0_25x.rep5.bam.bai
[W::hts_idx_load3] The index file is older than the data file: /bip7_disk/pingting114/mixed_bam/COLO829_PAO/TF0_25x/TF0_25x.rep5.bam.bai
[W::bam_next_basemod] MM tag refers to bases beyond sequence length
[W::hts_idx_load3] The index file is older than the data file: /bip7_disk/pingting114/mixed_bam/COLO829_PAO/TF0_25x/TF0_25x.rep5.bam.bai
[W::hts_idx_load3] The index file is older than the data file: /bip7_disk/pingting114/mixed_bam/COLO829_PAO/TF0_25x/TF0_25x.rep5.bam.bai
[W::hts_idx_load3] The index file is older than the data file: /bip7_disk/pingting114/mixed_bam/COLO829_PAO/TF0_25x/TF0_25x.rep5.bam.bai
[E::bam_parse_basemod2] 1000bb8e-edc3-4302-93c6-cb57893d3267: MM tag refers to bases beyond sequence length
[W::hts_idx_load3] The index file is older than the data file: /bip7_disk/pingting114/mixed_bam/COLO829_PAO/TF0_25x/TF0_25x.rep5.bam.bai
[W::hts_idx_load3] The index file is older than the data file: /bip7_disk/pingting114/mixed_bam/COLO829_PAO/TF0_25x/TF0_25x.rep5.bam.bai
[E::bam_parse_basemod2] b05e5e9e-23aa-4964-b3e9-90c35348466a: MM tag refers to bases beyond sequence length
[W::hts_idx_load3] The index file is older than the data file: /bip7_disk/pingting114/mixed_bam/COLO829_PAO/TF0_25x/TF0_25x.rep5.bam.bai
[W::hts_idx_load3] The index file is older than the data file: /bip7_disk/pingting114/mixed_bam/COLO829_PAO/TF0_25x/TF0_25x.rep5.bam.bai
[W::hts_idx_load3] The index file is older than the data file: /bip7_disk/pingting114/mixed_bam/COLO829_PAO/TF0_25x/TF0_25x.rep5.bam.bai
[W::hts_idx_load3] The index file is older than the data file: /bip7_disk/pingting114/mixed_bam/COLO829_PAO/TF0_25x/TF0_25x.rep5.bam.bai
[W::bam_next_basemod] MM tag refers to bases beyond sequence length
[W::hts_idx_load3] The index file is older than the data file: /bip7_disk/pingting114/mixed_bam/COLO829_PAO/TF0_25x/TF0_25x.rep5.bam.bai
[W::hts_idx_load3] The index file is older than the data file: /bip7_disk/pingting114/mixed_bam/COLO829_PAO/TF0_25x/TF0_25x.rep5.bam.bai
[W::hts_idx_load3] The index file is older than the data file: /bip7_disk/pingting114/mixed_bam/COLO829_PAO/TF0_25x/TF0_25x.rep5.bam.bai
[E::bam_parse_basemod2] 53bc166e-2a1d-4fb0-afdd-4e929c114bde: MM tag refers to bases beyond sequence length
[W::hts_idx_load3] The index file is older than the data file: /bip7_disk/pingting114/mixed_bam/COLO829_PAO/TF0_25x/TF0_25x.rep5.bam.bai
[E::bam_parse_basemod2] 185163f8-83a4-4769-a7a0-4d6f7b6680ef: MM tag refers to bases beyond sequence length
[W::hts_idx_load3] The index file is older than the data file: /bip7_disk/pingting114/mixed_bam/COLO829_PAO/TF0_25x/TF0_25x.rep5.bam.bai
[W::hts_idx_load3] The index file is older than the data file: /bip7_disk/pingting114/mixed_bam/COLO829_PAO/TF0_25x/TF0_25x.rep5.bam.bai
[W::hts_idx_load3] The index file is older than the data file: /bip7_disk/pingting114/mixed_bam/COLO829_PAO/TF0_25x/TF0_25x.rep5.bam.bai
[W::hts_idx_load3] The index file is older than the data file: /bip7_disk/pingting114/mixed_bam/COLO829_PAO/TF0_25x/TF0_25x.rep5.bam.bai
[E::bam_parse_basemod2] f7196f00-519b-4256-a3d5-451a13309f32: MM tag refers to bases beyond sequence length
[W::hts_idx_load3] The index file is older than the data file: /bip7_disk/pingting114/mixed_bam/COLO829_PAO/TF0_25x/TF0_25x.rep5.bam.bai
[W::hts_idx_load3] The index file is older than the data file: /bip7_disk/pingting114/mixed_bam/COLO829_PAO/TF0_25x/TF0_25x.rep5.bam.bai
[W::hts_idx_load3] The index file is older than the data file: /bip7_disk/pingting114/mixed_bam/COLO829_PAO/TF0_25x/TF0_25x.rep5.bam.bai
[E::bam_parse_basemod2] cbfcf7f7-9960-417a-bf1c-b0ec785d7447: MM tag refers to bases beyond sequence length
[W::hts_idx_load3] The index file is older than the data file: /bip7_disk/pingting114/mixed_bam/COLO829_PAO/TF0_25x/TF0_25x.rep5.bam.bai
[W::hts_idx_load3] The index file is older than the data file: /bip7_disk/pingting114/mixed_bam/COLO829_PAO/TF0_25x/TF0_25x.rep5.bam.bai
[E::bam_parse_basemod2] 8ae92c12-0238-4571-87df-3626dd78c963: MM tag refers to bases beyond sequence length
[W::hts_idx_load3] The index file is older than the data file: /bip7_disk/pingting114/mixed_bam/COLO829_PAO/TF0_25x/TF0_25x.rep5.bam.bai
[E::bam_parse_basemod2] 4f0d50ac-6e26-4853-a214-4852d8e37abb: MM tag refers to bases beyond sequence length
[W::bam_next_basemod] MM tag refers to bases beyond sequence length
[W::hts_idx_load3] The index file is older than the data file: /bip7_disk/pingting114/mixed_bam/COLO829_PAO/TF0_25x/TF0_25x.rep5.bam.bai
[W::hts_idx_load3] The index file is older than the data file: /bip7_disk/pingting114/mixed_bam/COLO829_PAO/TF0_25x/TF0_25x.rep5.bam.bai
[W::hts_idx_load3] The index file is older than the data file: /bip7_disk/pingting114/mixed_bam/COLO829_PAO/TF0_25x/TF0_25x.rep5.bam.bai
[E::bam_parse_basemod2] 20bc9124-a8dc-48f5-8e88-6480675e8f59: MM tag refers to bases beyond sequence length
[W::hts_idx_load3] The index file is older than the data file: /bip7_disk/pingting114/mixed_bam/COLO829_PAO/TF0_25x/TF0_25x.rep5.bam.bai
[W::hts_idx_load3] The index file is older than the data file: /bip7_disk/pingting114/mixed_bam/COLO829_PAO/TF0_25x/TF0_25x.rep5.bam.bai
[W::bam_next_basemod] MM tag refers to bases beyond sequence length
[W::hts_idx_load3] The index file is older than the data file: /bip7_disk/pingting114/mixed_bam/COLO829_PAO/TF0_25x/TF0_25x.rep5.bam.bai
[W::hts_idx_load3] The index file is older than the data file: /bip7_disk/pingting114/mixed_bam/COLO829_PAO/TF0_25x/TF0_25x.rep5.bam.bai
[W::hts_idx_load3] The index file is older than the data file: /bip7_disk/pingting114/mixed_bam/COLO829_PAO/TF0_25x/TF0_25x.rep5.bam.bai
[W::hts_idx_load3] The index file is older than the data file: /bip7_disk/pingting114/mixed_bam/COLO829_PAO/TF0_25x/TF0_25x.rep5.bam.bai
[W::hts_idx_load3] The index file is older than the data file: /bip7_disk/pingting114/mixed_bam/COLO829_PAO/TF0_25x/TF0_25x.rep5.bam.bai
[W::bam_next_basemod] MM tag refers to bases beyond sequence length
[W::hts_idx_load3] The index file is older than the data file: /bip7_disk/pingting114/mixed_bam/COLO829_PAO/TF0_25x/TF0_25x.rep5.bam.bai
[W::bam_next_basemod] MM tag refers to bases beyond sequence length
[W::hts_idx_load3] The index file is older than the data file: /bip7_disk/pingting114/mixed_bam/COLO829_PAO/TF0_25x/TF0_25x.rep5.bam.bai
[E::bam_parse_basemod2] d010717e-6a52-4699-9de4-dc71367215db: MM tag refers to bases beyond sequence length
[W::hts_idx_load3] The index file is older than the data file: /bip7_disk/pingting114/mixed_bam/COLO829_PAO/TF0_25x/TF0_25x.rep5.bam.bai
[W::hts_idx_load3] The index file is older than the data file: /bip7_disk/pingting114/mixed_bam/COLO829_PAO/TF0_25x/TF0_25x.rep5.bam.bai
[W::hts_idx_load3] The index file is older than the data file: /bip7_disk/pingting114/mixed_bam/COLO829_PAO/TF0_25x/TF0_25x.rep5.bam.bai
[W::hts_idx_load3] The index file is older than the data file: /bip7_disk/pingting114/mixed_bam/COLO829_PAO/TF0_25x/TF0_25x.rep5.bam.bai
[E::bam_parse_basemod2] d598ac80-5d6a-4c2b-b520-8abe6c1df3d9: MM tag refers to bases beyond sequence length
[W::hts_idx_load3] The index file is older than the data file: /bip7_disk/pingting114/mixed_bam/COLO829_PAO/TF0_25x/TF0_25x.rep5.bam.bai
[W::hts_idx_load3] The index file is older than the data file: /bip7_disk/pingting114/mixed_bam/COLO829_PAO/TF0_25x/TF0_25x.rep5.bam.bai
[W::hts_idx_load3] The index file is older than the data file: /bip7_disk/pingting114/mixed_bam/COLO829_PAO/TF0_25x/TF0_25x.rep5.bam.bai
[W::hts_idx_load3] The index file is older than the data file: /bip7_disk/pingting114/mixed_bam/COLO829_PAO/TF0_25x/TF0_25x.rep5.bam.bai
[W::hts_idx_load3] The index file is older than the data file: /bip7_disk/pingting114/mixed_bam/COLO829_PAO/TF0_25x/TF0_25x.rep5.bam.bai
[E::bam_parse_basemod2] 1c04a7cd-4ac7-4482-9d05-5d5078d9fd23: MM tag refers to bases beyond sequence length
[W::hts_idx_load3] The index file is older than the data file: /bip7_disk/pingting114/mixed_bam/COLO829_PAO/TF0_25x/TF0_25x.rep5.bam.bai
[W::hts_idx_load3] The index file is older than the data file: /bip7_disk/pingting114/mixed_bam/COLO829_PAO/TF0_25x/TF0_25x.rep5.bam.bai
[W::bam_next_basemod] MM tag refers to bases beyond sequence length
[W::hts_idx_load3] The index file is older than the data file: /bip7_disk/pingting114/mixed_bam/COLO829_PAO/TF0_25x/TF0_25x.rep5.bam.bai
[W::hts_idx_load3] The index file is older than the data file: /bip7_disk/pingting114/mixed_bam/COLO829_PAO/TF0_25x/TF0_25x.rep5.bam.bai
[W::bam_next_basemod] MM tag refers to bases beyond sequence length
[W::hts_idx_load3] The index file is older than the data file: /bip7_disk/pingting114/mixed_bam/COLO829_PAO/TF0_25x/TF0_25x.rep5.bam.bai
[E::bam_parse_basemod2] 32164d63-fbdb-40eb-b97b-34cdb59447d4: MM tag refers to bases beyond sequence length
[W::hts_idx_load3] The index file is older than the data file: /bip7_disk/pingting114/mixed_bam/COLO829_PAO/TF0_25x/TF0_25x.rep5.bam.bai
[W::hts_idx_load3] The index file is older than the data file: /bip7_disk/pingting114/mixed_bam/COLO829_PAO/TF0_25x/TF0_25x.rep5.bam.bai
[W::hts_idx_load3] The index file is older than the data file: /bip7_disk/pingting114/mixed_bam/COLO829_PAO/TF0_25x/TF0_25x.rep5.bam.bai
[W::hts_idx_load3] The index file is older than the data file: /bip7_disk/pingting114/mixed_bam/COLO829_PAO/TF0_25x/TF0_25x.rep5.bam.bai
[W::hts_idx_load3] The index file is older than the data file: /bip7_disk/pingting114/mixed_bam/COLO829_PAO/TF0_25x/TF0_25x.rep5.bam.bai
[W::hts_idx_load3] The index file is older than the data file: /bip7_disk/pingting114/mixed_bam/COLO829_PAO/TF0_25x/TF0_25x.rep5.bam.bai
[W::hts_idx_load3] The index file is older than the data file: /bip7_disk/pingting114/mixed_bam/COLO829_PAO/TF0_25x/TF0_25x.rep5.bam.bai
[W::hts_idx_load3] The index file is older than the data file: /bip7_disk/pingting114/mixed_bam/COLO829_PAO/TF0_25x/TF0_25x.rep5.bam.bai
[W::hts_idx_load3] The index file is older than the data file: /bip7_disk/pingting114/mixed_bam/COLO829_PAO/TF0_25x/TF0_25x.rep5.bam.bai
[W::hts_idx_load3] The index file is older than the data file: /bip7_disk/pingting114/mixed_bam/COLO829_PAO/TF0_25x/TF0_25x.rep5.bam.bai
[E::bam_parse_basemod2] 6cf29d85-7606-4ad4-b493-3308d1582f1f: MM tag refers to bases beyond sequence length
[W::hts_idx_load3] The index file is older than the data file: /bip7_disk/pingting114/mixed_bam/COLO829_PAO/TF0_25x/TF0_25x.rep5.bam.bai
[W::hts_idx_load3] The index file is older than the data file: /bip7_disk/pingting114/mixed_bam/COLO829_PAO/TF0_25x/TF0_25x.rep5.bam.bai
[W::hts_idx_load3] The index file is older than the data file: /bip7_disk/pingting114/mixed_bam/COLO829_PAO/TF0_25x/TF0_25x.rep5.bam.bai
[W::hts_idx_load3] The index file is older than the data file: /bip7_disk/pingting114/mixed_bam/COLO829_PAO/TF0_25x/TF0_25x.rep5.bam.bai
[W::bam_next_basemod] MM tag refers to bases beyond sequence length
[W::hts_idx_load3] The index file is older than the data file: /bip7_disk/pingting114/mixed_bam/COLO829_PAO/TF0_25x/TF0_25x.rep5.bam.bai
[E::bam_parse_basemod2] 030f551d-b77e-43df-b9d2-e1995bd803be: MM tag refers to bases beyond sequence length
[W::hts_idx_load3] The index file is older than the data file: /bip7_disk/pingting114/mixed_bam/COLO829_PAO/TF0_25x/TF0_25x.rep5.bam.bai
[W::hts_idx_load3] The index file is older than the data file: /bip7_disk/pingting114/mixed_bam/COLO829_PAO/TF0_25x/TF0_25x.rep5.bam.bai
[E::bam_parse_basemod2] 6a7aba99-35fe-47e3-bc3f-a4826410f1fe: MM tag refers to bases beyond sequence length
[W::hts_idx_load3] The index file is older than the data file: /bip7_disk/pingting114/mixed_bam/COLO829_PAO/TF0_25x/TF0_25x.rep5.bam.bai
[W::bam_next_basemod] MM tag refers to bases beyond sequence length
[W::hts_idx_load3] The index file is older than the data file: /bip7_disk/pingting114/mixed_bam/COLO829_PAO/TF0_25x/TF0_25x.rep5.bam.bai
[W::hts_idx_load3] The index file is older than the data file: /bip7_disk/pingting114/mixed_bam/COLO829_PAO/TF0_25x/TF0_25x.rep5.bam.bai
[W::hts_idx_load3] The index file is older than the data file: /bip7_disk/pingting114/mixed_bam/COLO829_PAO/TF0_25x/TF0_25x.rep5.bam.bai
[W::hts_idx_load3] The index file is older than the data file: /bip7_disk/pingting114/mixed_bam/COLO829_PAO/TF0_25x/TF0_25x.rep5.bam.bai
[W::bam_next_basemod] MM tag refers to bases beyond sequence length
[W::hts_idx_load3] The index file is older than the data file: /bip7_disk/pingting114/mixed_bam/COLO829_PAO/TF0_25x/TF0_25x.rep5.bam.bai
[W::hts_idx_load3] The index file is older than the data file: /bip7_disk/pingting114/mixed_bam/COLO829_PAO/TF0_25x/TF0_25x.rep5.bam.bai
[W::hts_idx_load3] The index file is older than the data file: /bip7_disk/pingting114/mixed_bam/COLO829_PAO/TF0_25x/TF0_25x.rep5.bam.bai
[W::hts_idx_load3] The index file is older than the data file: /bip7_disk/pingting114/mixed_bam/COLO829_PAO/TF0_25x/TF0_25x.rep5.bam.bai
[W::hts_idx_load3] The index file is older than the data file: /bip7_disk/pingting114/mixed_bam/COLO829_PAO/TF0_25x/TF0_25x.rep5.bam.bai
[W::hts_idx_load3] The index file is older than the data file: /bip7_disk/pingting114/mixed_bam/COLO829_PAO/TF0_25x/TF0_25x.rep5.bam.bai
[W::hts_idx_load3] The index file is older than the data file: /bip7_disk/pingting114/mixed_bam/COLO829_PAO/TF0_25x/TF0_25x.rep5.bam.bai
[W::hts_idx_load3] The index file is older than the data file: /bip7_disk/pingting114/mixed_bam/COLO829_PAO/TF0_25x/TF0_25x.rep5.bam.bai
[E::bam_parse_basemod2] 1192f36b-7ae4-41de-a251-1816884228ba: MM tag refers to bases beyond sequence length
[W::bam_next_basemod] MM tag refers to bases beyond sequence length
[W::hts_idx_load3] The index file is older than the data file: /bip7_disk/pingting114/mixed_bam/COLO829_PAO/TF0_25x/TF0_25x.rep5.bam.bai
[W::hts_idx_load3] The index file is older than the data file: /bip7_disk/pingting114/mixed_bam/COLO829_PAO/TF0_25x/TF0_25x.rep5.bam.bai
[E::bam_parse_basemod2] ec5647b8-0be6-4482-96fe-b8cfacd61b71: MM tag refers to bases beyond sequence length
[E::bam_parse_basemod2] 9ee67a03-97a9-4a29-9cd1-ef38ecd59007: MM tag refers to bases beyond sequence length
[W::hts_idx_load3] The index file is older than the data file: /bip7_disk/pingting114/mixed_bam/COLO829_PAO/TF0_25x/TF0_25x.rep5.bam.bai
[E::bam_parse_basemod2] 91ac75aa-2066-4f87-9e86-c95ff861da34: MM tag refers to bases beyond sequence length
[E::bam_parse_basemod2] 4f0eb229-bc5c-4871-b1cd-4c4dc07b917d: MM tag refers to bases beyond sequence length
[W::hts_idx_load3] The index file is older than the data file: /bip7_disk/pingting114/mixed_bam/COLO829_PAO/TF0_25x/TF0_25x.rep5.bam.bai
[W::bam_next_basemod] MM tag refers to bases beyond sequence length
[W::bam_next_basemod] MM tag refers to bases beyond sequence length
[W::hts_idx_load3] The index file is older than the data file: /bip7_disk/pingting114/mixed_bam/COLO829_PAO/TF0_25x/TF0_25x.rep5.bam.bai
[W::hts_idx_load3] The index file is older than the data file: /bip7_disk/pingting114/mixed_bam/COLO829_PAO/TF0_25x/TF0_25x.rep5.bam.bai
[W::bam_next_basemod] MM tag refers to bases beyond sequence length
[W::hts_idx_load3] The index file is older than the data file: /bip7_disk/pingting114/mixed_bam/COLO829_PAO/TF0_25x/TF0_25x.rep5.bam.bai
[W::hts_idx_load3] The index file is older than the data file: /bip7_disk/pingting114/mixed_bam/COLO829_PAO/TF0_25x/TF0_25x.rep5.bam.bai
[E::bam_parse_basemod2] bff6be2e-3635-4ab0-a8b6-d665ed35bcde: MM tag refers to bases beyond sequence length
[W::hts_idx_load3] The index file is older than the data file: /bip7_disk/pingting114/mixed_bam/COLO829_PAO/TF0_25x/TF0_25x.rep5.bam.bai
[W::bam_next_basemod] MM tag refers to bases beyond sequence length
[E::bam_parse_basemod2] 4be8a0b1-6766-46e8-b01c-debac039a6c2: MM tag refers to bases beyond sequence length
[W::hts_idx_load3] The index file is older than the data file: /bip7_disk/pingting114/mixed_bam/COLO829_PAO/TF0_25x/TF0_25x.rep5.bam.bai
[E::bam_parse_basemod2] e72f7a37-90c7-4e36-9e7c-6e2afed80c5c: MM tag refers to bases beyond sequence length
[W::hts_idx_load3] The index file is older than the data file: /bip7_disk/pingting114/mixed_bam/COLO829_PAO/TF0_25x/TF0_25x.rep5.bam.bai
[E::bam_parse_basemod2] b591a885-5919-45e7-b8d4-eb395bcb0e08: MM tag refers to bases beyond sequence length
[W::hts_idx_load3] The index file is older than the data file: /bip7_disk/pingting114/mixed_bam/COLO829_PAO/TF0_25x/TF0_25x.rep5.bam.bai
[E::bam_parse_basemod2] 81e1e587-5cd3-4955-b532-81e369da8191: MM tag refers to bases beyond sequence length
[W::hts_idx_load3] The index file is older than the data file: /bip7_disk/pingting114/mixed_bam/COLO829_PAO/TF0_25x/TF0_25x.rep5.bam.bai
[W::bam_next_basemod] MM tag refers to bases beyond sequence length
[W::bam_next_basemod] MM tag refers to bases beyond sequence length
[W::hts_idx_load3] The index file is older than the data file: /bip7_disk/pingting114/mixed_bam/COLO829_PAO/TF0_25x/TF0_25x.rep5.bam.bai
[W::hts_idx_load3] The index file is older than the data file: /bip7_disk/pingting114/mixed_bam/COLO829_PAO/TF0_25x/TF0_25x.rep5.bam.bai
[W::hts_idx_load3] The index file is older than the data file: /bip7_disk/pingting114/mixed_bam/COLO829_PAO/TF0_25x/TF0_25x.rep5.bam.bai
  TF0_25x.rep5.bam cand 2000/4000
[W::hts_idx_load3] The index file is older than the data file: /bip7_disk/pingting114/mixed_bam/COLO829_PAO/TF0_25x/TF0_25x.rep5.bam.bai
[W::hts_idx_load3] The index file is older than the data file: /bip7_disk/pingting114/mixed_bam/COLO829_PAO/TF0_25x/TF0_25x.rep5.bam.bai
[W::hts_idx_load3] The index file is older than the data file: /bip7_disk/pingting114/mixed_bam/COLO829_PAO/TF0_25x/TF0_25x.rep5.bam.bai
[W::hts_idx_load3] The index file is older than the data file: /bip7_disk/pingting114/mixed_bam/COLO829_PAO/TF0_25x/TF0_25x.rep5.bam.bai
[W::bam_next_basemod] MM tag refers to bases beyond sequence length
[W::bam_next_basemod] MM tag refers to bases beyond sequence length
[W::bam_next_basemod] MM tag refers to bases beyond sequence length
[W::hts_idx_load3] The index file is older than the data file: /bip7_disk/pingting114/mixed_bam/COLO829_PAO/TF0_25x/TF0_25x.rep5.bam.bai
[W::hts_idx_load3] The index file is older than the data file: /bip7_disk/pingting114/mixed_bam/COLO829_PAO/TF0_25x/TF0_25x.rep5.bam.bai
[W::hts_idx_load3] The index file is older than the data file: /bip7_disk/pingting114/mixed_bam/COLO829_PAO/TF0_25x/TF0_25x.rep5.bam.bai
[E::bam_parse_basemod2] 3e1eeb0f-021f-4f44-b81e-730c0d638f6f: MM tag refers to bases beyond sequence length
[W::bam_next_basemod] MM tag refers to bases beyond sequence length
[W::hts_idx_load3] The index file is older than the data file: /bip7_disk/pingting114/mixed_bam/COLO829_PAO/TF0_25x/TF0_25x.rep5.bam.bai
[W::hts_idx_load3] The index file is older than the data file: /bip7_disk/pingting114/mixed_bam/COLO829_PAO/TF0_25x/TF0_25x.rep5.bam.bai
[W::hts_idx_load3] The index file is older than the data file: /bip7_disk/pingting114/mixed_bam/COLO829_PAO/TF0_25x/TF0_25x.rep5.bam.bai
[W::bam_next_basemod] MM tag refers to bases beyond sequence length
[W::hts_idx_load3] The index file is older than the data file: /bip7_disk/pingting114/mixed_bam/COLO829_PAO/TF0_25x/TF0_25x.rep5.bam.bai
[W::bam_next_basemod] MM tag refers to bases beyond sequence length
[W::hts_idx_load3] The index file is older than the data file: /bip7_disk/pingting114/mixed_bam/COLO829_PAO/TF0_25x/TF0_25x.rep5.bam.bai
[W::hts_idx_load3] The index file is older than the data file: /bip7_disk/pingting114/mixed_bam/COLO829_PAO/TF0_25x/TF0_25x.rep5.bam.bai
[W::hts_idx_load3] The index file is older than the data file: /bip7_disk/pingting114/mixed_bam/COLO829_PAO/TF0_25x/TF0_25x.rep5.bam.bai
[W::hts_idx_load3] The index file is older than the data file: /bip7_disk/pingting114/mixed_bam/COLO829_PAO/TF0_25x/TF0_25x.rep5.bam.bai
[W::hts_idx_load3] The index file is older than the data file: /bip7_disk/pingting114/mixed_bam/COLO829_PAO/TF0_25x/TF0_25x.rep5.bam.bai
[W::bam_next_basemod] MM tag refers to bases beyond sequence length
[W::bam_next_basemod] MM tag refers to bases beyond sequence length
[W::hts_idx_load3] The index file is older than the data file: /bip7_disk/pingting114/mixed_bam/COLO829_PAO/TF0_25x/TF0_25x.rep5.bam.bai
[E::bam_parse_basemod2] f9078115-b355-4965-b556-d8c6ea00132a: MM tag refers to bases beyond sequence length
[W::hts_idx_load3] The index file is older than the data file: /bip7_disk/pingting114/mixed_bam/COLO829_PAO/TF0_25x/TF0_25x.rep5.bam.bai
[W::hts_idx_load3] The index file is older than the data file: /bip7_disk/pingting114/mixed_bam/COLO829_PAO/TF0_25x/TF0_25x.rep5.bam.bai
[W::hts_idx_load3] The index file is older than the data file: /bip7_disk/pingting114/mixed_bam/COLO829_PAO/TF0_25x/TF0_25x.rep5.bam.bai
[W::hts_idx_load3] The index file is older than the data file: /bip7_disk/pingting114/mixed_bam/COLO829_PAO/TF0_25x/TF0_25x.rep5.bam.bai
[W::hts_idx_load3] The index file is older than the data file: /bip7_disk/pingting114/mixed_bam/COLO829_PAO/TF0_25x/TF0_25x.rep5.bam.bai
[W::hts_idx_load3] The index file is older than the data file: /bip7_disk/pingting114/mixed_bam/COLO829_PAO/TF0_25x/TF0_25x.rep5.bam.bai
[W::bam_next_basemod] MM tag refers to bases beyond sequence length
[W::hts_idx_load3] The index file is older than the data file: /bip7_disk/pingting114/mixed_bam/COLO829_PAO/TF0_25x/TF0_25x.rep5.bam.bai
[W::hts_idx_load3] The index file is older than the data file: /bip7_disk/pingting114/mixed_bam/COLO829_PAO/TF0_25x/TF0_25x.rep5.bam.bai
[W::hts_idx_load3] The index file is older than the data file: /bip7_disk/pingting114/mixed_bam/COLO829_PAO/TF0_25x/TF0_25x.rep5.bam.bai
[W::hts_idx_load3] The index file is older than the data file: /bip7_disk/pingting114/mixed_bam/COLO829_PAO/TF0_25x/TF0_25x.rep5.bam.bai
[W::hts_idx_load3] The index file is older than the data file: /bip7_disk/pingting114/mixed_bam/COLO829_PAO/TF0_25x/TF0_25x.rep5.bam.bai
[W::hts_idx_load3] The index file is older than the data file: /bip7_disk/pingting114/mixed_bam/COLO829_PAO/TF0_25x/TF0_25x.rep5.bam.bai
[W::hts_idx_load3] The index file is older than the data file: /bip7_disk/pingting114/mixed_bam/COLO829_PAO/TF0_25x/TF0_25x.rep5.bam.bai
[E::bam_parse_basemod2] 97e491e5-b063-4706-8e7b-f080a4dcc758: MM tag refers to bases beyond sequence length
[W::hts_idx_load3] The index file is older than the data file: /bip7_disk/pingting114/mixed_bam/COLO829_PAO/TF0_25x/TF0_25x.rep5.bam.bai
[W::hts_idx_load3] The index file is older than the data file: /bip7_disk/pingting114/mixed_bam/COLO829_PAO/TF0_25x/TF0_25x.rep5.bam.bai
[W::hts_idx_load3] The index file is older than the data file: /bip7_disk/pingting114/mixed_bam/COLO829_PAO/TF0_25x/TF0_25x.rep5.bam.bai
[W::hts_idx_load3] The index file is older than the data file: /bip7_disk/pingting114/mixed_bam/COLO829_PAO/TF0_25x/TF0_25x.rep5.bam.bai
[W::hts_idx_load3] The index file is older than the data file: /bip7_disk/pingting114/mixed_bam/COLO829_PAO/TF0_25x/TF0_25x.rep5.bam.bai
[W::hts_idx_load3] The index file is older than the data file: /bip7_disk/pingting114/mixed_bam/COLO829_PAO/TF0_25x/TF0_25x.rep5.bam.bai
[W::hts_idx_load3] The index file is older than the data file: /bip7_disk/pingting114/mixed_bam/COLO829_PAO/TF0_25x/TF0_25x.rep5.bam.bai
[W::bam_next_basemod] MM tag refers to bases beyond sequence length
[W::hts_idx_load3] The index file is older than the data file: /bip7_disk/pingting114/mixed_bam/COLO829_PAO/TF0_25x/TF0_25x.rep5.bam.bai
[W::hts_idx_load3] The index file is older than the data file: /bip7_disk/pingting114/mixed_bam/COLO829_PAO/TF0_25x/TF0_25x.rep5.bam.bai
[W::hts_idx_load3] The index file is older than the data file: /bip7_disk/pingting114/mixed_bam/COLO829_PAO/TF0_25x/TF0_25x.rep5.bam.bai
[W::hts_idx_load3] The index file is older than the data file: /bip7_disk/pingting114/mixed_bam/COLO829_PAO/TF0_25x/TF0_25x.rep5.bam.bai
[W::bam_next_basemod] MM tag refers to bases beyond sequence length
[W::hts_idx_load3] The index file is older than the data file: /bip7_disk/pingting114/mixed_bam/COLO829_PAO/TF0_25x/TF0_25x.rep5.bam.bai
[W::hts_idx_load3] The index file is older than the data file: /bip7_disk/pingting114/mixed_bam/COLO829_PAO/TF0_25x/TF0_25x.rep5.bam.bai
[W::hts_idx_load3] The index file is older than the data file: /bip7_disk/pingting114/mixed_bam/COLO829_PAO/TF0_25x/TF0_25x.rep5.bam.bai
[W::bam_next_basemod] MM tag refers to bases beyond sequence length
[W::hts_idx_load3] The index file is older than the data file: /bip7_disk/pingting114/mixed_bam/COLO829_PAO/TF0_25x/TF0_25x.rep5.bam.bai
[W::hts_idx_load3] The index file is older than the data file: /bip7_disk/pingting114/mixed_bam/COLO829_PAO/TF0_25x/TF0_25x.rep5.bam.bai
[W::hts_idx_load3] The index file is older than the data file: /bip7_disk/pingting114/mixed_bam/COLO829_PAO/TF0_25x/TF0_25x.rep5.bam.bai
[W::hts_idx_load3] The index file is older than the data file: /bip7_disk/pingting114/mixed_bam/COLO829_PAO/TF0_25x/TF0_25x.rep5.bam.bai
[W::hts_idx_load3] The index file is older than the data file: /bip7_disk/pingting114/mixed_bam/COLO829_PAO/TF0_25x/TF0_25x.rep5.bam.bai
[W::hts_idx_load3] The index file is older than the data file: /bip7_disk/pingting114/mixed_bam/COLO829_PAO/TF0_25x/TF0_25x.rep5.bam.bai
[W::bam_next_basemod] MM tag refers to bases beyond sequence length
[W::hts_idx_load3] The index file is older than the data file: /bip7_disk/pingting114/mixed_bam/COLO829_PAO/TF0_25x/TF0_25x.rep5.bam.bai
[E::bam_parse_basemod2] 06d51629-f181-4d75-b43a-0cf13aed5499: MM tag refers to bases beyond sequence length
[W::hts_idx_load3] The index file is older than the data file: /bip7_disk/pingting114/mixed_bam/COLO829_PAO/TF0_25x/TF0_25x.rep5.bam.bai
[W::hts_idx_load3] The index file is older than the data file: /bip7_disk/pingting114/mixed_bam/COLO829_PAO/TF0_25x/TF0_25x.rep5.bam.bai
[W::hts_idx_load3] The index file is older than the data file: /bip7_disk/pingting114/mixed_bam/COLO829_PAO/TF0_25x/TF0_25x.rep5.bam.bai
[W::bam_next_basemod] MM tag refers to bases beyond sequence length
[W::hts_idx_load3] The index file is older than the data file: /bip7_disk/pingting114/mixed_bam/COLO829_PAO/TF0_25x/TF0_25x.rep5.bam.bai
[W::bam_next_basemod] MM tag refers to bases beyond sequence length
[W::hts_idx_load3] The index file is older than the data file: /bip7_disk/pingting114/mixed_bam/COLO829_PAO/TF0_25x/TF0_25x.rep5.bam.bai
[W::hts_idx_load3] The index file is older than the data file: /bip7_disk/pingting114/mixed_bam/COLO829_PAO/TF0_25x/TF0_25x.rep5.bam.bai
[W::hts_idx_load3] The index file is older than the data file: /bip7_disk/pingting114/mixed_bam/COLO829_PAO/TF0_25x/TF0_25x.rep5.bam.bai
[W::hts_idx_load3] The index file is older than the data file: /bip7_disk/pingting114/mixed_bam/COLO829_PAO/TF0_25x/TF0_25x.rep5.bam.bai
[W::hts_idx_load3] The index file is older than the data file: /bip7_disk/pingting114/mixed_bam/COLO829_PAO/TF0_25x/TF0_25x.rep5.bam.bai
[W::hts_idx_load3] The index file is older than the data file: /bip7_disk/pingting114/mixed_bam/COLO829_PAO/TF0_25x/TF0_25x.rep5.bam.bai
[W::hts_idx_load3] The index file is older than the data file: /bip7_disk/pingting114/mixed_bam/COLO829_PAO/TF0_25x/TF0_25x.rep5.bam.bai
[W::hts_idx_load3] The index file is older than the data file: /bip7_disk/pingting114/mixed_bam/COLO829_PAO/TF0_25x/TF0_25x.rep5.bam.bai
[W::hts_idx_load3] The index file is older than the data file: /bip7_disk/pingting114/mixed_bam/COLO829_PAO/TF0_25x/TF0_25x.rep5.bam.bai
[W::bam_next_basemod] MM tag refers to bases beyond sequence length
[W::hts_idx_load3] The index file is older than the data file: /bip7_disk/pingting114/mixed_bam/COLO829_PAO/TF0_25x/TF0_25x.rep5.bam.bai
[W::hts_idx_load3] The index file is older than the data file: /bip7_disk/pingting114/mixed_bam/COLO829_PAO/TF0_25x/TF0_25x.rep5.bam.bai
[W::hts_idx_load3] The index file is older than the data file: /bip7_disk/pingting114/mixed_bam/COLO829_PAO/TF0_25x/TF0_25x.rep5.bam.bai
[W::hts_idx_load3] The index file is older than the data file: /bip7_disk/pingting114/mixed_bam/COLO829_PAO/TF0_25x/TF0_25x.rep5.bam.bai
[W::bam_next_basemod] MM tag refers to bases beyond sequence length
[W::hts_idx_load3] The index file is older than the data file: /bip7_disk/pingting114/mixed_bam/COLO829_PAO/TF0_25x/TF0_25x.rep5.bam.bai
[W::bam_next_basemod] MM tag refers to bases beyond sequence length
[W::hts_idx_load3] The index file is older than the data file: /bip7_disk/pingting114/mixed_bam/COLO829_PAO/TF0_25x/TF0_25x.rep5.bam.bai
[W::hts_idx_load3] The index file is older than the data file: /bip7_disk/pingting114/mixed_bam/COLO829_PAO/TF0_25x/TF0_25x.rep5.bam.bai
[W::hts_idx_load3] The index file is older than the data file: /bip7_disk/pingting114/mixed_bam/COLO829_PAO/TF0_25x/TF0_25x.rep5.bam.bai
[W::hts_idx_load3] The index file is older than the data file: /bip7_disk/pingting114/mixed_bam/COLO829_PAO/TF0_25x/TF0_25x.rep5.bam.bai
[W::hts_idx_load3] The index file is older than the data file: /bip7_disk/pingting114/mixed_bam/COLO829_PAO/TF0_25x/TF0_25x.rep5.bam.bai
[W::hts_idx_load3] The index file is older than the data file: /bip7_disk/pingting114/mixed_bam/COLO829_PAO/TF0_25x/TF0_25x.rep5.bam.bai
[W::hts_idx_load3] The index file is older than the data file: /bip7_disk/pingting114/mixed_bam/COLO829_PAO/TF0_25x/TF0_25x.rep5.bam.bai
[W::hts_idx_load3] The index file is older than the data file: /bip7_disk/pingting114/mixed_bam/COLO829_PAO/TF0_25x/TF0_25x.rep5.bam.bai
[W::hts_idx_load3] The index file is older than the data file: /bip7_disk/pingting114/mixed_bam/COLO829_PAO/TF0_25x/TF0_25x.rep5.bam.bai
[W::hts_idx_load3] The index file is older than the data file: /bip7_disk/pingting114/mixed_bam/COLO829_PAO/TF0_25x/TF0_25x.rep5.bam.bai
[W::hts_idx_load3] The index file is older than the data file: /bip7_disk/pingting114/mixed_bam/COLO829_PAO/TF0_25x/TF0_25x.rep5.bam.bai
[W::hts_idx_load3] The index file is older than the data file: /bip7_disk/pingting114/mixed_bam/COLO829_PAO/TF0_25x/TF0_25x.rep5.bam.bai
[W::hts_idx_load3] The index file is older than the data file: /bip7_disk/pingting114/mixed_bam/COLO829_PAO/TF0_25x/TF0_25x.rep5.bam.bai
[W::bam_next_basemod] MM tag refers to bases beyond sequence length
[W::hts_idx_load3] The index file is older than the data file: /bip7_disk/pingting114/mixed_bam/COLO829_PAO/TF0_25x/TF0_25x.rep5.bam.bai
[W::bam_next_basemod] MM tag refers to bases beyond sequence length
[W::hts_idx_load3] The index file is older than the data file: /bip7_disk/pingting114/mixed_bam/COLO829_PAO/TF0_25x/TF0_25x.rep5.bam.bai
[W::bam_next_basemod] MM tag refers to bases beyond sequence length
[W::hts_idx_load3] The index file is older than the data file: /bip7_disk/pingting114/mixed_bam/COLO829_PAO/TF0_25x/TF0_25x.rep5.bam.bai
[W::hts_idx_load3] The index file is older than the data file: /bip7_disk/pingting114/mixed_bam/COLO829_PAO/TF0_25x/TF0_25x.rep5.bam.bai
[W::hts_idx_load3] The index file is older than the data file: /bip7_disk/pingting114/mixed_bam/COLO829_PAO/TF0_25x/TF0_25x.rep5.bam.bai
[W::hts_idx_load3] The index file is older than the data file: /bip7_disk/pingting114/mixed_bam/COLO829_PAO/TF0_25x/TF0_25x.rep5.bam.bai
[W::bam_next_basemod] MM tag refers to bases beyond sequence length
[W::bam_next_basemod] MM tag refers to bases beyond sequence length
[W::hts_idx_load3] The index file is older than the data file: /bip7_disk/pingting114/mixed_bam/COLO829_PAO/TF0_25x/TF0_25x.rep5.bam.bai
[W::hts_idx_load3] The index file is older than the data file: /bip7_disk/pingting114/mixed_bam/COLO829_PAO/TF0_25x/TF0_25x.rep5.bam.bai
[W::hts_idx_load3] The index file is older than the data file: /bip7_disk/pingting114/mixed_bam/COLO829_PAO/TF0_25x/TF0_25x.rep5.bam.bai
[E::bam_parse_basemod2] 66b80af6-8fac-4550-b83b-6e843bc9225b: MM tag refers to bases beyond sequence length
[W::hts_idx_load3] The index file is older than the data file: /bip7_disk/pingting114/mixed_bam/COLO829_PAO/TF0_25x/TF0_25x.rep5.bam.bai
[E::bam_parse_basemod2] 8a739347-9af6-4217-9b83-ba2d7f4ec79f: MM tag refers to bases beyond sequence length
[W::hts_idx_load3] The index file is older than the data file: /bip7_disk/pingting114/mixed_bam/COLO829_PAO/TF0_25x/TF0_25x.rep5.bam.bai
[W::hts_idx_load3] The index file is older than the data file: /bip7_disk/pingting114/mixed_bam/COLO829_PAO/TF0_25x/TF0_25x.rep5.bam.bai
[W::hts_idx_load3] The index file is older than the data file: /bip7_disk/pingting114/mixed_bam/COLO829_PAO/TF0_25x/TF0_25x.rep5.bam.bai
[W::hts_idx_load3] The index file is older than the data file: /bip7_disk/pingting114/mixed_bam/COLO829_PAO/TF0_25x/TF0_25x.rep5.bam.bai
[W::hts_idx_load3] The index file is older than the data file: /bip7_disk/pingting114/mixed_bam/COLO829_PAO/TF0_25x/TF0_25x.rep5.bam.bai
[W::bam_next_basemod] MM tag refers to bases beyond sequence length
[W::hts_idx_load3] The index file is older than the data file: /bip7_disk/pingting114/mixed_bam/COLO829_PAO/TF0_25x/TF0_25x.rep5.bam.bai
[W::bam_next_basemod] MM tag refers to bases beyond sequence length
[W::hts_idx_load3] The index file is older than the data file: /bip7_disk/pingting114/mixed_bam/COLO829_PAO/TF0_25x/TF0_25x.rep5.bam.bai
[W::bam_next_basemod] MM tag refers to bases beyond sequence length
[W::hts_idx_load3] The index file is older than the data file: /bip7_disk/pingting114/mixed_bam/COLO829_PAO/TF0_25x/TF0_25x.rep5.bam.bai
[W::hts_idx_load3] The index file is older than the data file: /bip7_disk/pingting114/mixed_bam/COLO829_PAO/TF0_25x/TF0_25x.rep5.bam.bai
[E::bam_parse_basemod2] 1c09165e-01c4-4e15-b7e7-5b99df05675a: MM tag refers to bases beyond sequence length
[W::hts_idx_load3] The index file is older than the data file: /bip7_disk/pingting114/mixed_bam/COLO829_PAO/TF0_25x/TF0_25x.rep5.bam.bai
[W::hts_idx_load3] The index file is older than the data file: /bip7_disk/pingting114/mixed_bam/COLO829_PAO/TF0_25x/TF0_25x.rep5.bam.bai
[E::bam_parse_basemod2] e435da26-cee0-4ba5-a3c9-d20b090d40a0: MM tag refers to bases beyond sequence length
[W::hts_idx_load3] The index file is older than the data file: /bip7_disk/pingting114/mixed_bam/COLO829_PAO/TF0_25x/TF0_25x.rep5.bam.bai
[W::hts_idx_load3] The index file is older than the data file: /bip7_disk/pingting114/mixed_bam/COLO829_PAO/TF0_25x/TF0_25x.rep5.bam.bai
[W::bam_next_basemod] MM tag refers to bases beyond sequence length
[W::hts_idx_load3] The index file is older than the data file: /bip7_disk/pingting114/mixed_bam/COLO829_PAO/TF0_25x/TF0_25x.rep5.bam.bai
[W::hts_idx_load3] The index file is older than the data file: /bip7_disk/pingting114/mixed_bam/COLO829_PAO/TF0_25x/TF0_25x.rep5.bam.bai
[W::bam_next_basemod] MM tag refers to bases beyond sequence length
[E::bam_parse_basemod2] a372fcfb-4d33-41f5-812c-2a368ba6a7f3: MM tag refers to bases beyond sequence length
[W::hts_idx_load3] The index file is older than the data file: /bip7_disk/pingting114/mixed_bam/COLO829_PAO/TF0_25x/TF0_25x.rep5.bam.bai
[W::bam_next_basemod] MM tag refers to bases beyond sequence length
[W::hts_idx_load3] The index file is older than the data file: /bip7_disk/pingting114/mixed_bam/COLO829_PAO/TF0_25x/TF0_25x.rep5.bam.bai
[W::bam_next_basemod] MM tag refers to bases beyond sequence length
[E::bam_parse_basemod2] 837b17f7-baba-45e3-9afe-b88e80ed6930: MM tag refers to bases beyond sequence length
[E::bam_parse_basemod2] 26982a14-8e75-47a8-91b1-c578798625db: MM tag refers to bases beyond sequence length
[W::hts_idx_load3] The index file is older than the data file: /bip7_disk/pingting114/mixed_bam/COLO829_PAO/TF0_25x/TF0_25x.rep5.bam.bai
[E::bam_parse_basemod2] 01b75000-b1b5-4b3d-970a-3a1383ba34f7: MM tag refers to bases beyond sequence length
[W::hts_idx_load3] The index file is older than the data file: /bip7_disk/pingting114/mixed_bam/COLO829_PAO/TF0_25x/TF0_25x.rep5.bam.bai
[E::bam_parse_basemod2] e85feb79-367a-48dc-9dc6-d8e9eb4d8f5e: MM tag refers to bases beyond sequence length
[W::hts_idx_load3] The index file is older than the data file: /bip7_disk/pingting114/mixed_bam/COLO829_PAO/TF0_25x/TF0_25x.rep5.bam.bai
[W::bam_next_basemod] MM tag refers to bases beyond sequence length
[W::hts_idx_load3] The index file is older than the data file: /bip7_disk/pingting114/mixed_bam/COLO829_PAO/TF0_25x/TF0_25x.rep5.bam.bai
[W::hts_idx_load3] The index file is older than the data file: /bip7_disk/pingting114/mixed_bam/COLO829_PAO/TF0_25x/TF0_25x.rep5.bam.bai
[W::hts_idx_load3] The index file is older than the data file: /bip7_disk/pingting114/mixed_bam/COLO829_PAO/TF0_25x/TF0_25x.rep5.bam.bai
[W::hts_idx_load3] The index file is older than the data file: /bip7_disk/pingting114/mixed_bam/COLO829_PAO/TF0_25x/TF0_25x.rep5.bam.bai
[W::hts_idx_load3] The index file is older than the data file: /bip7_disk/pingting114/mixed_bam/COLO829_PAO/TF0_25x/TF0_25x.rep5.bam.bai
[W::hts_idx_load3] The index file is older than the data file: /bip7_disk/pingting114/mixed_bam/COLO829_PAO/TF0_25x/TF0_25x.rep5.bam.bai
[W::hts_idx_load3] The index file is older than the data file: /bip7_disk/pingting114/mixed_bam/COLO829_PAO/TF0_25x/TF0_25x.rep5.bam.bai
[W::bam_next_basemod] MM tag refers to bases beyond sequence length
[E::bam_parse_basemod2] 57850534-097e-4b8b-a60f-f2ff1754d31e: MM tag refers to bases beyond sequence length
[W::hts_idx_load3] The index file is older than the data file: /bip7_disk/pingting114/mixed_bam/COLO829_PAO/TF0_25x/TF0_25x.rep5.bam.bai
[W::hts_idx_load3] The index file is older than the data file: /bip7_disk/pingting114/mixed_bam/COLO829_PAO/TF0_25x/TF0_25x.rep5.bam.bai
[W::hts_idx_load3] The index file is older than the data file: /bip7_disk/pingting114/mixed_bam/COLO829_PAO/TF0_25x/TF0_25x.rep5.bam.bai
[E::bam_parse_basemod2] 269daaf7-3b8c-4c67-bebb-46221a914def: MM tag refers to bases beyond sequence length
[W::hts_idx_load3] The index file is older than the data file: /bip7_disk/pingting114/mixed_bam/COLO829_PAO/TF0_25x/TF0_25x.rep5.bam.bai
[E::bam_parse_basemod2] d965e5ec-9332-4ff0-bd2c-fb7fca39d963: MM tag refers to bases beyond sequence length
[W::hts_idx_load3] The index file is older than the data file: /bip7_disk/pingting114/mixed_bam/COLO829_PAO/TF0_25x/TF0_25x.rep5.bam.bai
[W::hts_idx_load3] The index file is older than the data file: /bip7_disk/pingting114/mixed_bam/COLO829_PAO/TF0_25x/TF0_25x.rep5.bam.bai
[W::bam_next_basemod] MM tag refers to bases beyond sequence length
[E::bam_parse_basemod2] 12c9cd2d-7d60-42f1-9e53-127d39879734: MM tag refers to bases beyond sequence length
[W::hts_idx_load3] The index file is older than the data file: /bip7_disk/pingting114/mixed_bam/COLO829_PAO/TF0_25x/TF0_25x.rep5.bam.bai
[W::hts_idx_load3] The index file is older than the data file: /bip7_disk/pingting114/mixed_bam/COLO829_PAO/TF0_25x/TF0_25x.rep5.bam.bai
[W::hts_idx_load3] The index file is older than the data file: /bip7_disk/pingting114/mixed_bam/COLO829_PAO/TF0_25x/TF0_25x.rep5.bam.bai
[W::hts_idx_load3] The index file is older than the data file: /bip7_disk/pingting114/mixed_bam/COLO829_PAO/TF0_25x/TF0_25x.rep5.bam.bai
[W::hts_idx_load3] The index file is older than the data file: /bip7_disk/pingting114/mixed_bam/COLO829_PAO/TF0_25x/TF0_25x.rep5.bam.bai
[W::hts_idx_load3] The index file is older than the data file: /bip7_disk/pingting114/mixed_bam/COLO829_PAO/TF0_25x/TF0_25x.rep5.bam.bai
[W::bam_next_basemod] MM tag refers to bases beyond sequence length
[W::hts_idx_load3] The index file is older than the data file: /bip7_disk/pingting114/mixed_bam/COLO829_PAO/TF0_25x/TF0_25x.rep5.bam.bai
[W::hts_idx_load3] The index file is older than the data file: /bip7_disk/pingting114/mixed_bam/COLO829_PAO/TF0_25x/TF0_25x.rep5.bam.bai
[W::hts_idx_load3] The index file is older than the data file: /bip7_disk/pingting114/mixed_bam/COLO829_PAO/TF0_25x/TF0_25x.rep5.bam.bai
[W::hts_idx_load3] The index file is older than the data file: /bip7_disk/pingting114/mixed_bam/COLO829_PAO/TF0_25x/TF0_25x.rep5.bam.bai
[W::hts_idx_load3] The index file is older than the data file: /bip7_disk/pingting114/mixed_bam/COLO829_PAO/TF0_25x/TF0_25x.rep5.bam.bai
[W::hts_idx_load3] The index file is older than the data file: /bip7_disk/pingting114/mixed_bam/COLO829_PAO/TF0_25x/TF0_25x.rep5.bam.bai
[W::hts_idx_load3] The index file is older than the data file: /bip7_disk/pingting114/mixed_bam/COLO829_PAO/TF0_25x/TF0_25x.rep5.bam.bai
[W::hts_idx_load3] The index file is older than the data file: /bip7_disk/pingting114/mixed_bam/COLO829_PAO/TF0_25x/TF0_25x.rep5.bam.bai
[W::hts_idx_load3] The index file is older than the data file: /bip7_disk/pingting114/mixed_bam/COLO829_PAO/TF0_25x/TF0_25x.rep5.bam.bai
[W::hts_idx_load3] The index file is older than the data file: /bip7_disk/pingting114/mixed_bam/COLO829_PAO/TF0_25x/TF0_25x.rep5.bam.bai
[W::hts_idx_load3] The index file is older than the data file: /bip7_disk/pingting114/mixed_bam/COLO829_PAO/TF0_25x/TF0_25x.rep5.bam.bai
[E::bam_parse_basemod2] 7f57788a-edef-4e48-af3c-f22a51a025c9: MM tag refers to bases beyond sequence length
[W::bam_next_basemod] MM tag refers to bases beyond sequence length
[W::hts_idx_load3] The index file is older than the data file: /bip7_disk/pingting114/mixed_bam/COLO829_PAO/TF0_25x/TF0_25x.rep5.bam.bai
[W::bam_next_basemod] MM tag refers to bases beyond sequence length
[W::hts_idx_load3] The index file is older than the data file: /bip7_disk/pingting114/mixed_bam/COLO829_PAO/TF0_25x/TF0_25x.rep5.bam.bai
[W::bam_next_basemod] MM tag refers to bases beyond sequence length
[W::hts_idx_load3] The index file is older than the data file: /bip7_disk/pingting114/mixed_bam/COLO829_PAO/TF0_25x/TF0_25x.rep5.bam.bai
[W::hts_idx_load3] The index file is older than the data file: /bip7_disk/pingting114/mixed_bam/COLO829_PAO/TF0_25x/TF0_25x.rep5.bam.bai
[W::bam_next_basemod] MM tag refers to bases beyond sequence length
[E::bam_parse_basemod2] 93c5175b-88c4-43b5-a5d8-b0357b1c3665: MM tag refers to bases beyond sequence length
[W::hts_idx_load3] The index file is older than the data file: /bip7_disk/pingting114/mixed_bam/COLO829_PAO/TF0_25x/TF0_25x.rep5.bam.bai
[W::hts_idx_load3] The index file is older than the data file: /bip7_disk/pingting114/mixed_bam/COLO829_PAO/TF0_25x/TF0_25x.rep5.bam.bai
[W::hts_idx_load3] The index file is older than the data file: /bip7_disk/pingting114/mixed_bam/COLO829_PAO/TF0_25x/TF0_25x.rep5.bam.bai
[W::hts_idx_load3] The index file is older than the data file: /bip7_disk/pingting114/mixed_bam/COLO829_PAO/TF0_25x/TF0_25x.rep5.bam.bai
[W::hts_idx_load3] The index file is older than the data file: /bip7_disk/pingting114/mixed_bam/COLO829_PAO/TF0_25x/TF0_25x.rep5.bam.bai
[W::hts_idx_load3] The index file is older than the data file: /bip7_disk/pingting114/mixed_bam/COLO829_PAO/TF0_25x/TF0_25x.rep5.bam.bai
[E::bam_parse_basemod2] cb15d8cf-330a-4902-987a-2033302b1519: MM tag refers to bases beyond sequence length
[W::hts_idx_load3] The index file is older than the data file: /bip7_disk/pingting114/mixed_bam/COLO829_PAO/TF0_25x/TF0_25x.rep5.bam.bai
[W::hts_idx_load3] The index file is older than the data file: /bip7_disk/pingting114/mixed_bam/COLO829_PAO/TF0_25x/TF0_25x.rep5.bam.bai
[W::bam_next_basemod] MM tag refers to bases beyond sequence length
[W::hts_idx_load3] The index file is older than the data file: /bip7_disk/pingting114/mixed_bam/COLO829_PAO/TF0_25x/TF0_25x.rep5.bam.bai
[W::hts_idx_load3] The index file is older than the data file: /bip7_disk/pingting114/mixed_bam/COLO829_PAO/TF0_25x/TF0_25x.rep5.bam.bai
[W::hts_idx_load3] The index file is older than the data file: /bip7_disk/pingting114/mixed_bam/COLO829_PAO/TF0_25x/TF0_25x.rep5.bam.bai
[W::hts_idx_load3] The index file is older than the data file: /bip7_disk/pingting114/mixed_bam/COLO829_PAO/TF0_25x/TF0_25x.rep5.bam.bai
[W::hts_idx_load3] The index file is older than the data file: /bip7_disk/pingting114/mixed_bam/COLO829_PAO/TF0_25x/TF0_25x.rep5.bam.bai
[E::bam_parse_basemod2] 186a4407-1cc9-43b8-8b26-00885524389c: MM tag refers to bases beyond sequence length
[W::hts_idx_load3] The index file is older than the data file: /bip7_disk/pingting114/mixed_bam/COLO829_PAO/TF0_25x/TF0_25x.rep5.bam.bai
[W::hts_idx_load3] The index file is older than the data file: /bip7_disk/pingting114/mixed_bam/COLO829_PAO/TF0_25x/TF0_25x.rep5.bam.bai
[E::bam_parse_basemod2] fe80db3b-5521-4c84-b897-6ff97dbfe135: MM tag refers to bases beyond sequence length
[W::bam_next_basemod] MM tag refers to bases beyond sequence length
[W::bam_next_basemod] MM tag refers to bases beyond sequence length
[W::hts_idx_load3] The index file is older than the data file: /bip7_disk/pingting114/mixed_bam/COLO829_PAO/TF0_25x/TF0_25x.rep5.bam.bai
[W::hts_idx_load3] The index file is older than the data file: /bip7_disk/pingting114/mixed_bam/COLO829_PAO/TF0_25x/TF0_25x.rep5.bam.bai
[E::bam_parse_basemod2] 213d4ce7-9b14-4bf1-a546-6f2bdd627e5f: MM tag refers to bases beyond sequence length
[W::hts_idx_load3] The index file is older than the data file: /bip7_disk/pingting114/mixed_bam/COLO829_PAO/TF0_25x/TF0_25x.rep5.bam.bai
[W::bam_next_basemod] MM tag refers to bases beyond sequence length
[W::bam_next_basemod] MM tag refers to bases beyond sequence length
[W::hts_idx_load3] The index file is older than the data file: /bip7_disk/pingting114/mixed_bam/COLO829_PAO/TF0_25x/TF0_25x.rep5.bam.bai
[W::hts_idx_load3] The index file is older than the data file: /bip7_disk/pingting114/mixed_bam/COLO829_PAO/TF0_25x/TF0_25x.rep5.bam.bai
[E::bam_parse_basemod2] f14f43a8-ba73-40a0-90af-256223f0a26f: MM tag refers to bases beyond sequence length
[W::hts_idx_load3] The index file is older than the data file: /bip7_disk/pingting114/mixed_bam/COLO829_PAO/TF0_25x/TF0_25x.rep5.bam.bai
[W::hts_idx_load3] The index file is older than the data file: /bip7_disk/pingting114/mixed_bam/COLO829_PAO/TF0_25x/TF0_25x.rep5.bam.bai
[W::hts_idx_load3] The index file is older than the data file: /bip7_disk/pingting114/mixed_bam/COLO829_PAO/TF0_25x/TF0_25x.rep5.bam.bai
[W::hts_idx_load3] The index file is older than the data file: /bip7_disk/pingting114/mixed_bam/COLO829_PAO/TF0_25x/TF0_25x.rep5.bam.bai
[W::hts_idx_load3] The index file is older than the data file: /bip7_disk/pingting114/mixed_bam/COLO829_PAO/TF0_25x/TF0_25x.rep5.bam.bai
[E::bam_parse_basemod2] 3af2e249-1def-4db6-87ac-b0422ffaff6e: MM tag refers to bases beyond sequence length
[E::bam_parse_basemod2] d844b37a-67fa-4cb8-bbcd-7cbfb17ac62c: MM tag refers to bases beyond sequence length
[W::hts_idx_load3] The index file is older than the data file: /bip7_disk/pingting114/mixed_bam/COLO829_PAO/TF0_25x/TF0_25x.rep5.bam.bai
[W::hts_idx_load3] The index file is older than the data file: /bip7_disk/pingting114/mixed_bam/COLO829_PAO/TF0_25x/TF0_25x.rep5.bam.bai
[W::hts_idx_load3] The index file is older than the data file: /bip7_disk/pingting114/mixed_bam/COLO829_PAO/TF0_25x/TF0_25x.rep5.bam.bai
[W::hts_idx_load3] The index file is older than the data file: /bip7_disk/pingting114/mixed_bam/COLO829_PAO/TF0_25x/TF0_25x.rep5.bam.bai
[E::bam_parse_basemod2] d95855d1-7b5d-4494-bd2b-5570ca32eafc: MM tag refers to bases beyond sequence length
[W::hts_idx_load3] The index file is older than the data file: /bip7_disk/pingting114/mixed_bam/COLO829_PAO/TF0_25x/TF0_25x.rep5.bam.bai
[W::bam_next_basemod] MM tag refers to bases beyond sequence length
[E::bam_parse_basemod2] 6b44408d-54d3-4ec9-bcf7-6a839e612205: MM tag refers to bases beyond sequence length
[W::hts_idx_load3] The index file is older than the data file: /bip7_disk/pingting114/mixed_bam/COLO829_PAO/TF0_25x/TF0_25x.rep5.bam.bai
[W::bam_next_basemod] MM tag refers to bases beyond sequence length
[W::hts_idx_load3] The index file is older than the data file: /bip7_disk/pingting114/mixed_bam/COLO829_PAO/TF0_25x/TF0_25x.rep5.bam.bai
[W::bam_next_basemod] MM tag refers to bases beyond sequence length
[W::bam_next_basemod] MM tag refers to bases beyond sequence length
[W::hts_idx_load3] The index file is older than the data file: /bip7_disk/pingting114/mixed_bam/COLO829_PAO/TF0_25x/TF0_25x.rep5.bam.bai
[W::hts_idx_load3] The index file is older than the data file: /bip7_disk/pingting114/mixed_bam/COLO829_PAO/TF0_25x/TF0_25x.rep5.bam.bai
[W::hts_idx_load3] The index file is older than the data file: /bip7_disk/pingting114/mixed_bam/COLO829_PAO/TF0_25x/TF0_25x.rep5.bam.bai
[W::bam_next_basemod] MM tag refers to bases beyond sequence length
[W::hts_idx_load3] The index file is older than the data file: /bip7_disk/pingting114/mixed_bam/COLO829_PAO/TF0_25x/TF0_25x.rep5.bam.bai
[W::bam_next_basemod] MM tag refers to bases beyond sequence length
[W::hts_idx_load3] The index file is older than the data file: /bip7_disk/pingting114/mixed_bam/COLO829_PAO/TF0_25x/TF0_25x.rep5.bam.bai
[W::hts_idx_load3] The index file is older than the data file: /bip7_disk/pingting114/mixed_bam/COLO829_PAO/TF0_25x/TF0_25x.rep5.bam.bai
[W::hts_idx_load3] The index file is older than the data file: /bip7_disk/pingting114/mixed_bam/COLO829_PAO/TF0_25x/TF0_25x.rep5.bam.bai
[W::bam_next_basemod] MM tag refers to bases beyond sequence length
[W::hts_idx_load3] The index file is older than the data file: /bip7_disk/pingting114/mixed_bam/COLO829_PAO/TF0_25x/TF0_25x.rep5.bam.bai
[W::hts_idx_load3] The index file is older than the data file: /bip7_disk/pingting114/mixed_bam/COLO829_PAO/TF0_25x/TF0_25x.rep5.bam.bai
[W::hts_idx_load3] The index file is older than the data file: /bip7_disk/pingting114/mixed_bam/COLO829_PAO/TF0_25x/TF0_25x.rep5.bam.bai
[W::hts_idx_load3] The index file is older than the data file: /bip7_disk/pingting114/mixed_bam/COLO829_PAO/TF0_25x/TF0_25x.rep5.bam.bai
[W::hts_idx_load3] The index file is older than the data file: /bip7_disk/pingting114/mixed_bam/COLO829_PAO/TF0_25x/TF0_25x.rep5.bam.bai
[W::hts_idx_load3] The index file is older than the data file: /bip7_disk/pingting114/mixed_bam/COLO829_PAO/TF0_25x/TF0_25x.rep5.bam.bai
[W::hts_idx_load3] The index file is older than the data file: /bip7_disk/pingting114/mixed_bam/COLO829_PAO/TF0_25x/TF0_25x.rep5.bam.bai
[W::hts_idx_load3] The index file is older than the data file: /bip7_disk/pingting114/mixed_bam/COLO829_PAO/TF0_25x/TF0_25x.rep5.bam.bai
[W::bam_next_basemod] MM tag refers to bases beyond sequence length
[W::hts_idx_load3] The index file is older than the data file: /bip7_disk/pingting114/mixed_bam/COLO829_PAO/TF0_25x/TF0_25x.rep5.bam.bai
[W::hts_idx_load3] The index file is older than the data file: /bip7_disk/pingting114/mixed_bam/COLO829_PAO/TF0_25x/TF0_25x.rep5.bam.bai
[W::hts_idx_load3] The index file is older than the data file: /bip7_disk/pingting114/mixed_bam/COLO829_PAO/TF0_25x/TF0_25x.rep5.bam.bai
[W::hts_idx_load3] The index file is older than the data file: /bip7_disk/pingting114/mixed_bam/COLO829_PAO/TF0_25x/TF0_25x.rep5.bam.bai
[W::hts_idx_load3] The index file is older than the data file: /bip7_disk/pingting114/mixed_bam/COLO829_PAO/TF0_25x/TF0_25x.rep5.bam.bai
[W::bam_next_basemod] MM tag refers to bases beyond sequence length
[E::bam_parse_basemod2] fea11396-79a6-4b5a-8104-5a50a32f0e48: MM tag refers to bases beyond sequence length
[W::hts_idx_load3] The index file is older than the data file: /bip7_disk/pingting114/mixed_bam/COLO829_PAO/TF0_25x/TF0_25x.rep5.bam.bai
[W::hts_idx_load3] The index file is older than the data file: /bip7_disk/pingting114/mixed_bam/COLO829_PAO/TF0_25x/TF0_25x.rep5.bam.bai
[W::bam_next_basemod] MM tag refers to bases beyond sequence length
[W::hts_idx_load3] The index file is older than the data file: /bip7_disk/pingting114/mixed_bam/COLO829_PAO/TF0_25x/TF0_25x.rep5.bam.bai
[W::bam_next_basemod] MM tag refers to bases beyond sequence length
[W::bam_next_basemod] MM tag refers to bases beyond sequence length
[W::hts_idx_load3] The index file is older than the data file: /bip7_disk/pingting114/mixed_bam/COLO829_PAO/TF0_25x/TF0_25x.rep5.bam.bai
[W::hts_idx_load3] The index file is older than the data file: /bip7_disk/pingting114/mixed_bam/COLO829_PAO/TF0_25x/TF0_25x.rep5.bam.bai
[W::hts_idx_load3] The index file is older than the data file: /bip7_disk/pingting114/mixed_bam/COLO829_PAO/TF0_25x/TF0_25x.rep5.bam.bai
[W::hts_idx_load3] The index file is older than the data file: /bip7_disk/pingting114/mixed_bam/COLO829_PAO/TF0_25x/TF0_25x.rep5.bam.bai
[W::hts_idx_load3] The index file is older than the data file: /bip7_disk/pingting114/mixed_bam/COLO829_PAO/TF0_25x/TF0_25x.rep5.bam.bai
[E::bam_parse_basemod2] c7f0dd8c-43b3-4a8c-a23d-32cb2cfb1e43: MM tag refers to bases beyond sequence length
[W::bam_next_basemod] MM tag refers to bases beyond sequence length
[W::hts_idx_load3] The index file is older than the data file: /bip7_disk/pingting114/mixed_bam/COLO829_PAO/TF0_25x/TF0_25x.rep5.bam.bai
[W::hts_idx_load3] The index file is older than the data file: /bip7_disk/pingting114/mixed_bam/COLO829_PAO/TF0_25x/TF0_25x.rep5.bam.bai
[W::hts_idx_load3] The index file is older than the data file: /bip7_disk/pingting114/mixed_bam/COLO829_PAO/TF0_25x/TF0_25x.rep5.bam.bai
[W::hts_idx_load3] The index file is older than the data file: /bip7_disk/pingting114/mixed_bam/COLO829_PAO/TF0_25x/TF0_25x.rep5.bam.bai
[W::hts_idx_load3] The index file is older than the data file: /bip7_disk/pingting114/mixed_bam/COLO829_PAO/TF0_25x/TF0_25x.rep5.bam.bai
[W::bam_next_basemod] MM tag refers to bases beyond sequence length
[W::hts_idx_load3] The index file is older than the data file: /bip7_disk/pingting114/mixed_bam/COLO829_PAO/TF0_25x/TF0_25x.rep5.bam.bai
[W::bam_next_basemod] MM tag refers to bases beyond sequence length
[W::hts_idx_load3] The index file is older than the data file: /bip7_disk/pingting114/mixed_bam/COLO829_PAO/TF0_25x/TF0_25x.rep5.bam.bai
[E::bam_parse_basemod2] 23903d54-c558-49a5-b467-9b4f2dd3b62d: MM tag refers to bases beyond sequence length
[W::hts_idx_load3] The index file is older than the data file: /bip7_disk/pingting114/mixed_bam/COLO829_PAO/TF0_25x/TF0_25x.rep5.bam.bai
[W::hts_idx_load3] The index file is older than the data file: /bip7_disk/pingting114/mixed_bam/COLO829_PAO/TF0_25x/TF0_25x.rep5.bam.bai
[W::hts_idx_load3] The index file is older than the data file: /bip7_disk/pingting114/mixed_bam/COLO829_PAO/TF0_25x/TF0_25x.rep5.bam.bai
[W::hts_idx_load3] The index file is older than the data file: /bip7_disk/pingting114/mixed_bam/COLO829_PAO/TF0_25x/TF0_25x.rep5.bam.bai
[W::hts_idx_load3] The index file is older than the data file: /bip7_disk/pingting114/mixed_bam/COLO829_PAO/TF0_25x/TF0_25x.rep5.bam.bai
[W::hts_idx_load3] The index file is older than the data file: /bip7_disk/pingting114/mixed_bam/COLO829_PAO/TF0_25x/TF0_25x.rep5.bam.bai
[W::hts_idx_load3] The index file is older than the data file: /bip7_disk/pingting114/mixed_bam/COLO829_PAO/TF0_25x/TF0_25x.rep5.bam.bai
[W::hts_idx_load3] The index file is older than the data file: /bip7_disk/pingting114/mixed_bam/COLO829_PAO/TF0_25x/TF0_25x.rep5.bam.bai
[W::hts_idx_load3] The index file is older than the data file: /bip7_disk/pingting114/mixed_bam/COLO829_PAO/TF0_25x/TF0_25x.rep5.bam.bai
[W::hts_idx_load3] The index file is older than the data file: /bip7_disk/pingting114/mixed_bam/COLO829_PAO/TF0_25x/TF0_25x.rep5.bam.bai
[W::hts_idx_load3] The index file is older than the data file: /bip7_disk/pingting114/mixed_bam/COLO829_PAO/TF0_25x/TF0_25x.rep5.bam.bai
[E::bam_parse_basemod2] 01a40927-aa9e-42c6-a564-ac9d12e6cb52: MM tag refers to bases beyond sequence length
[W::hts_idx_load3] The index file is older than the data file: /bip7_disk/pingting114/mixed_bam/COLO829_PAO/TF0_25x/TF0_25x.rep5.bam.bai
[W::hts_idx_load3] The index file is older than the data file: /bip7_disk/pingting114/mixed_bam/COLO829_PAO/TF0_25x/TF0_25x.rep5.bam.bai
[W::hts_idx_load3] The index file is older than the data file: /bip7_disk/pingting114/mixed_bam/COLO829_PAO/TF0_25x/TF0_25x.rep5.bam.bai
[W::hts_idx_load3] The index file is older than the data file: /bip7_disk/pingting114/mixed_bam/COLO829_PAO/TF0_25x/TF0_25x.rep5.bam.bai
[W::hts_idx_load3] The index file is older than the data file: /bip7_disk/pingting114/mixed_bam/COLO829_PAO/TF0_25x/TF0_25x.rep5.bam.bai
[W::bam_next_basemod] MM tag refers to bases beyond sequence length
[W::hts_idx_load3] The index file is older than the data file: /bip7_disk/pingting114/mixed_bam/COLO829_PAO/TF0_25x/TF0_25x.rep5.bam.bai
[W::bam_next_basemod] MM tag refers to bases beyond sequence length
[W::hts_idx_load3] The index file is older than the data file: /bip7_disk/pingting114/mixed_bam/COLO829_PAO/TF0_25x/TF0_25x.rep5.bam.bai
[W::bam_next_basemod] MM tag refers to bases beyond sequence length
[W::hts_idx_load3] The index file is older than the data file: /bip7_disk/pingting114/mixed_bam/COLO829_PAO/TF0_25x/TF0_25x.rep5.bam.bai
[W::bam_next_basemod] MM tag refers to bases beyond sequence length
[W::hts_idx_load3] The index file is older than the data file: /bip7_disk/pingting114/mixed_bam/COLO829_PAO/TF0_25x/TF0_25x.rep5.bam.bai
[W::hts_idx_load3] The index file is older than the data file: /bip7_disk/pingting114/mixed_bam/COLO829_PAO/TF0_25x/TF0_25x.rep5.bam.bai
[E::bam_parse_basemod2] b8016827-9ed9-432e-ac17-25d6274885e9: MM tag refers to bases beyond sequence length
[W::bam_next_basemod] MM tag refers to bases beyond sequence length
[W::hts_idx_load3] The index file is older than the data file: /bip7_disk/pingting114/mixed_bam/COLO829_PAO/TF0_25x/TF0_25x.rep5.bam.bai
[W::bam_next_basemod] MM tag refers to bases beyond sequence length
[E::bam_parse_basemod2] f81be32a-8896-4faf-bf4f-745f7c4aa283: MM tag refers to bases beyond sequence length
[W::hts_idx_load3] The index file is older than the data file: /bip7_disk/pingting114/mixed_bam/COLO829_PAO/TF0_25x/TF0_25x.rep5.bam.bai
[W::bam_next_basemod] MM tag refers to bases beyond sequence length
[W::hts_idx_load3] The index file is older than the data file: /bip7_disk/pingting114/mixed_bam/COLO829_PAO/TF0_25x/TF0_25x.rep5.bam.bai
[W::hts_idx_load3] The index file is older than the data file: /bip7_disk/pingting114/mixed_bam/COLO829_PAO/TF0_25x/TF0_25x.rep5.bam.bai
[W::hts_idx_load3] The index file is older than the data file: /bip7_disk/pingting114/mixed_bam/COLO829_PAO/TF0_25x/TF0_25x.rep5.bam.bai
[W::hts_idx_load3] The index file is older than the data file: /bip7_disk/pingting114/mixed_bam/COLO829_PAO/TF0_25x/TF0_25x.rep5.bam.bai
[W::hts_idx_load3] The index file is older than the data file: /bip7_disk/pingting114/mixed_bam/COLO829_PAO/TF0_25x/TF0_25x.rep5.bam.bai
[W::hts_idx_load3] The index file is older than the data file: /bip7_disk/pingting114/mixed_bam/COLO829_PAO/TF0_25x/TF0_25x.rep5.bam.bai
[W::bam_next_basemod] MM tag refers to bases beyond sequence length
[E::bam_parse_basemod2] 19b3f77f-01f7-47c2-9358-824e2dc7ddc8: MM tag refers to bases beyond sequence length
[W::hts_idx_load3] The index file is older than the data file: /bip7_disk/pingting114/mixed_bam/COLO829_PAO/TF0_25x/TF0_25x.rep5.bam.bai
[W::hts_idx_load3] The index file is older than the data file: /bip7_disk/pingting114/mixed_bam/COLO829_PAO/TF0_25x/TF0_25x.rep5.bam.bai
[E::bam_parse_basemod2] e1080b46-de45-4e15-a124-93000d57d685: MM tag refers to bases beyond sequence length
[W::hts_idx_load3] The index file is older than the data file: /bip7_disk/pingting114/mixed_bam/COLO829_PAO/TF0_25x/TF0_25x.rep5.bam.bai
[W::hts_idx_load3] The index file is older than the data file: /bip7_disk/pingting114/mixed_bam/COLO829_PAO/TF0_25x/TF0_25x.rep5.bam.bai
[W::hts_idx_load3] The index file is older than the data file: /bip7_disk/pingting114/mixed_bam/COLO829_PAO/TF0_25x/TF0_25x.rep5.bam.bai
[W::hts_idx_load3] The index file is older than the data file: /bip7_disk/pingting114/mixed_bam/COLO829_PAO/TF0_25x/TF0_25x.rep5.bam.bai
[W::hts_idx_load3] The index file is older than the data file: /bip7_disk/pingting114/mixed_bam/COLO829_PAO/TF0_25x/TF0_25x.rep5.bam.bai
[W::bam_next_basemod] MM tag refers to bases beyond sequence length
[W::hts_idx_load3] The index file is older than the data file: /bip7_disk/pingting114/mixed_bam/COLO829_PAO/TF0_25x/TF0_25x.rep5.bam.bai
[W::hts_idx_load3] The index file is older than the data file: /bip7_disk/pingting114/mixed_bam/COLO829_PAO/TF0_25x/TF0_25x.rep5.bam.bai
[W::hts_idx_load3] The index file is older than the data file: /bip7_disk/pingting114/mixed_bam/COLO829_PAO/TF0_25x/TF0_25x.rep5.bam.bai
[W::hts_idx_load3] The index file is older than the data file: /bip7_disk/pingting114/mixed_bam/COLO829_PAO/TF0_25x/TF0_25x.rep5.bam.bai
[W::hts_idx_load3] The index file is older than the data file: /bip7_disk/pingting114/mixed_bam/COLO829_PAO/TF0_25x/TF0_25x.rep5.bam.bai
[W::hts_idx_load3] The index file is older than the data file: /bip7_disk/pingting114/mixed_bam/COLO829_PAO/TF0_25x/TF0_25x.rep5.bam.bai
[W::hts_idx_load3] The index file is older than the data file: /bip7_disk/pingting114/mixed_bam/COLO829_PAO/TF0_25x/TF0_25x.rep5.bam.bai
[W::hts_idx_load3] The index file is older than the data file: /bip7_disk/pingting114/mixed_bam/COLO829_PAO/TF0_25x/TF0_25x.rep5.bam.bai
[W::hts_idx_load3] The index file is older than the data file: /bip7_disk/pingting114/mixed_bam/COLO829_PAO/TF0_25x/TF0_25x.rep5.bam.bai
[E::bam_parse_basemod2] b0a857a5-6677-4a50-b7f8-d5b6f0c1dafe: MM tag refers to bases beyond sequence length
[W::hts_idx_load3] The index file is older than the data file: /bip7_disk/pingting114/mixed_bam/COLO829_PAO/TF0_25x/TF0_25x.rep5.bam.bai
[W::hts_idx_load3] The index file is older than the data file: /bip7_disk/pingting114/mixed_bam/COLO829_PAO/TF0_25x/TF0_25x.rep5.bam.bai
[W::hts_idx_load3] The index file is older than the data file: /bip7_disk/pingting114/mixed_bam/COLO829_PAO/TF0_25x/TF0_25x.rep5.bam.bai
[W::bam_next_basemod] MM tag refers to bases beyond sequence length
[W::hts_idx_load3] The index file is older than the data file: /bip7_disk/pingting114/mixed_bam/COLO829_PAO/TF0_25x/TF0_25x.rep5.bam.bai
[E::bam_parse_basemod2] 14c0e0e1-779a-4e03-8e90-e11063adbdc5: MM tag refers to bases beyond sequence length
[W::hts_idx_load3] The index file is older than the data file: /bip7_disk/pingting114/mixed_bam/COLO829_PAO/TF0_25x/TF0_25x.rep5.bam.bai
[W::bam_next_basemod] MM tag refers to bases beyond sequence length
[W::hts_idx_load3] The index file is older than the data file: /bip7_disk/pingting114/mixed_bam/COLO829_PAO/TF0_25x/TF0_25x.rep5.bam.bai
[W::hts_idx_load3] The index file is older than the data file: /bip7_disk/pingting114/mixed_bam/COLO829_PAO/TF0_25x/TF0_25x.rep5.bam.bai
[W::hts_idx_load3] The index file is older than the data file: /bip7_disk/pingting114/mixed_bam/COLO829_PAO/TF0_25x/TF0_25x.rep5.bam.bai
[W::hts_idx_load3] The index file is older than the data file: /bip7_disk/pingting114/mixed_bam/COLO829_PAO/TF0_25x/TF0_25x.rep5.bam.bai
[W::hts_idx_load3] The index file is older than the data file: /bip7_disk/pingting114/mixed_bam/COLO829_PAO/TF0_25x/TF0_25x.rep5.bam.bai
[W::hts_idx_load3] The index file is older than the data file: /bip7_disk/pingting114/mixed_bam/COLO829_PAO/TF0_25x/TF0_25x.rep5.bam.bai
[W::hts_idx_load3] The index file is older than the data file: /bip7_disk/pingting114/mixed_bam/COLO829_PAO/TF0_25x/TF0_25x.rep5.bam.bai
[W::bam_next_basemod] MM tag refers to bases beyond sequence length
[W::hts_idx_load3] The index file is older than the data file: /bip7_disk/pingting114/mixed_bam/COLO829_PAO/TF0_25x/TF0_25x.rep5.bam.bai
[W::hts_idx_load3] The index file is older than the data file: /bip7_disk/pingting114/mixed_bam/COLO829_PAO/TF0_25x/TF0_25x.rep5.bam.bai
[W::hts_idx_load3] The index file is older than the data file: /bip7_disk/pingting114/mixed_bam/COLO829_PAO/TF0_25x/TF0_25x.rep5.bam.bai
[W::hts_idx_load3] The index file is older than the data file: /bip7_disk/pingting114/mixed_bam/COLO829_PAO/TF0_25x/TF0_25x.rep5.bam.bai
[W::hts_idx_load3] The index file is older than the data file: /bip7_disk/pingting114/mixed_bam/COLO829_PAO/TF0_25x/TF0_25x.rep5.bam.bai
[W::bam_next_basemod] MM tag refers to bases beyond sequence length
[W::hts_idx_load3] The index file is older than the data file: /bip7_disk/pingting114/mixed_bam/COLO829_PAO/TF0_25x/TF0_25x.rep5.bam.bai
[W::hts_idx_load3] The index file is older than the data file: /bip7_disk/pingting114/mixed_bam/COLO829_PAO/TF0_25x/TF0_25x.rep5.bam.bai
[W::bam_next_basemod] MM tag refers to bases beyond sequence length
[W::hts_idx_load3] The index file is older than the data file: /bip7_disk/pingting114/mixed_bam/COLO829_PAO/TF0_25x/TF0_25x.rep5.bam.bai
[W::hts_idx_load3] The index file is older than the data file: /bip7_disk/pingting114/mixed_bam/COLO829_PAO/TF0_25x/TF0_25x.rep5.bam.bai
[W::hts_idx_load3] The index file is older than the data file: /bip7_disk/pingting114/mixed_bam/COLO829_PAO/TF0_25x/TF0_25x.rep5.bam.bai
[W::hts_idx_load3] The index file is older than the data file: /bip7_disk/pingting114/mixed_bam/COLO829_PAO/TF0_25x/TF0_25x.rep5.bam.bai
[W::hts_idx_load3] The index file is older than the data file: /bip7_disk/pingting114/mixed_bam/COLO829_PAO/TF0_25x/TF0_25x.rep5.bam.bai
[W::hts_idx_load3] The index file is older than the data file: /bip7_disk/pingting114/mixed_bam/COLO829_PAO/TF0_25x/TF0_25x.rep5.bam.bai
[W::hts_idx_load3] The index file is older than the data file: /bip7_disk/pingting114/mixed_bam/COLO829_PAO/TF0_25x/TF0_25x.rep5.bam.bai
[W::hts_idx_load3] The index file is older than the data file: /bip7_disk/pingting114/mixed_bam/COLO829_PAO/TF0_25x/TF0_25x.rep5.bam.bai
[E::bam_parse_basemod2] 5a494c2c-73b6-4c2e-9650-dab6f657ee54: MM tag refers to bases beyond sequence length
[W::hts_idx_load3] The index file is older than the data file: /bip7_disk/pingting114/mixed_bam/COLO829_PAO/TF0_25x/TF0_25x.rep5.bam.bai
[W::hts_idx_load3] The index file is older than the data file: /bip7_disk/pingting114/mixed_bam/COLO829_PAO/TF0_25x/TF0_25x.rep5.bam.bai
[W::hts_idx_load3] The index file is older than the data file: /bip7_disk/pingting114/mixed_bam/COLO829_PAO/TF0_25x/TF0_25x.rep5.bam.bai
[W::hts_idx_load3] The index file is older than the data file: /bip7_disk/pingting114/mixed_bam/COLO829_PAO/TF0_25x/TF0_25x.rep5.bam.bai
[W::hts_idx_load3] The index file is older than the data file: /bip7_disk/pingting114/mixed_bam/COLO829_PAO/TF0_25x/TF0_25x.rep5.bam.bai
[W::bam_next_basemod] MM tag refers to bases beyond sequence length
[E::bam_parse_basemod2] 0383dcb3-208f-4c85-8673-e349598d3660: MM tag refers to bases beyond sequence length
[W::hts_idx_load3] The index file is older than the data file: /bip7_disk/pingting114/mixed_bam/COLO829_PAO/TF0_25x/TF0_25x.rep5.bam.bai
[W::hts_idx_load3] The index file is older than the data file: /bip7_disk/pingting114/mixed_bam/COLO829_PAO/TF0_25x/TF0_25x.rep5.bam.bai
[W::bam_next_basemod] MM tag refers to bases beyond sequence length
[W::hts_idx_load3] The index file is older than the data file: /bip7_disk/pingting114/mixed_bam/COLO829_PAO/TF0_25x/TF0_25x.rep5.bam.bai
[E::bam_parse_basemod2] c528133e-24e4-467a-973b-fa1a5f92b1cf: MM tag refers to bases beyond sequence length
[E::bam_parse_basemod2] 9c216773-4a39-47a5-a1b6-638afa4b1524: MM tag refers to bases beyond sequence length
[W::hts_idx_load3] The index file is older than the data file: /bip7_disk/pingting114/mixed_bam/COLO829_PAO/TF0_25x/TF0_25x.rep5.bam.bai
[W::hts_idx_load3] The index file is older than the data file: /bip7_disk/pingting114/mixed_bam/COLO829_PAO/TF0_25x/TF0_25x.rep5.bam.bai
[W::hts_idx_load3] The index file is older than the data file: /bip7_disk/pingting114/mixed_bam/COLO829_PAO/TF0_25x/TF0_25x.rep5.bam.bai
[W::bam_next_basemod] MM tag refers to bases beyond sequence length
[W::hts_idx_load3] The index file is older than the data file: /bip7_disk/pingting114/mixed_bam/COLO829_PAO/TF0_25x/TF0_25x.rep5.bam.bai
[E::bam_parse_basemod2] 5da127d9-7116-4801-984d-c3ac3387f145: MM tag refers to bases beyond sequence length
[W::hts_idx_load3] The index file is older than the data file: /bip7_disk/pingting114/mixed_bam/COLO829_PAO/TF0_25x/TF0_25x.rep5.bam.bai
[W::hts_idx_load3] The index file is older than the data file: /bip7_disk/pingting114/mixed_bam/COLO829_PAO/TF0_25x/TF0_25x.rep5.bam.bai
[W::hts_idx_load3] The index file is older than the data file: /bip7_disk/pingting114/mixed_bam/COLO829_PAO/TF0_25x/TF0_25x.rep5.bam.bai
[W::bam_next_basemod] MM tag refers to bases beyond sequence length
[E::bam_parse_basemod2] e89742cd-614f-4ddc-9462-38e8352f2d47: MM tag refers to bases beyond sequence length
[W::hts_idx_load3] The index file is older than the data file: /bip7_disk/pingting114/mixed_bam/COLO829_PAO/TF0_25x/TF0_25x.rep5.bam.bai
[W::bam_next_basemod] MM tag refers to bases beyond sequence length
[W::hts_idx_load3] The index file is older than the data file: /bip7_disk/pingting114/mixed_bam/COLO829_PAO/TF0_25x/TF0_25x.rep5.bam.bai
[W::hts_idx_load3] The index file is older than the data file: /bip7_disk/pingting114/mixed_bam/COLO829_PAO/TF0_25x/TF0_25x.rep5.bam.bai
[W::bam_next_basemod] MM tag refers to bases beyond sequence length
[W::hts_idx_load3] The index file is older than the data file: /bip7_disk/pingting114/mixed_bam/COLO829_PAO/TF0_25x/TF0_25x.rep5.bam.bai
[W::hts_idx_load3] The index file is older than the data file: /bip7_disk/pingting114/mixed_bam/COLO829_PAO/TF0_25x/TF0_25x.rep5.bam.bai
[E::bam_parse_basemod2] c2752e99-0c25-4c16-bb45-c66ee308b138: MM tag refers to bases beyond sequence length
[W::hts_idx_load3] The index file is older than the data file: /bip7_disk/pingting114/mixed_bam/COLO829_PAO/TF0_25x/TF0_25x.rep5.bam.bai
[W::hts_idx_load3] The index file is older than the data file: /bip7_disk/pingting114/mixed_bam/COLO829_PAO/TF0_25x/TF0_25x.rep5.bam.bai
[W::hts_idx_load3] The index file is older than the data file: /bip7_disk/pingting114/mixed_bam/COLO829_PAO/TF0_25x/TF0_25x.rep5.bam.bai
[E::bam_parse_basemod2] 874aae0c-ba56-47cc-ba79-8668e665db3e: MM tag refers to bases beyond sequence length
[W::hts_idx_load3] The index file is older than the data file: /bip7_disk/pingting114/mixed_bam/COLO829_PAO/TF0_25x/TF0_25x.rep5.bam.bai
[W::hts_idx_load3] The index file is older than the data file: /bip7_disk/pingting114/mixed_bam/COLO829_PAO/TF0_25x/TF0_25x.rep5.bam.bai
[W::hts_idx_load3] The index file is older than the data file: /bip7_disk/pingting114/mixed_bam/COLO829_PAO/TF0_25x/TF0_25x.rep5.bam.bai
[W::hts_idx_load3] The index file is older than the data file: /bip7_disk/pingting114/mixed_bam/COLO829_PAO/TF0_25x/TF0_25x.rep5.bam.bai
[E::bam_parse_basemod2] 124723de-c801-4766-980f-73163ef42dd0: MM tag refers to bases beyond sequence length
[W::hts_idx_load3] The index file is older than the data file: /bip7_disk/pingting114/mixed_bam/COLO829_PAO/TF0_25x/TF0_25x.rep5.bam.bai
[W::hts_idx_load3] The index file is older than the data file: /bip7_disk/pingting114/mixed_bam/COLO829_PAO/TF0_25x/TF0_25x.rep5.bam.bai
[W::hts_idx_load3] The index file is older than the data file: /bip7_disk/pingting114/mixed_bam/COLO829_PAO/TF0_25x/TF0_25x.rep5.bam.bai
[W::hts_idx_load3] The index file is older than the data file: /bip7_disk/pingting114/mixed_bam/COLO829_PAO/TF0_25x/TF0_25x.rep5.bam.bai
[W::hts_idx_load3] The index file is older than the data file: /bip7_disk/pingting114/mixed_bam/COLO829_PAO/TF0_25x/TF0_25x.rep5.bam.bai
[W::hts_idx_load3] The index file is older than the data file: /bip7_disk/pingting114/mixed_bam/COLO829_PAO/TF0_25x/TF0_25x.rep5.bam.bai
[W::hts_idx_load3] The index file is older than the data file: /bip7_disk/pingting114/mixed_bam/COLO829_PAO/TF0_25x/TF0_25x.rep5.bam.bai
[W::hts_idx_load3] The index file is older than the data file: /bip7_disk/pingting114/mixed_bam/COLO829_PAO/TF0_25x/TF0_25x.rep5.bam.bai
[W::hts_idx_load3] The index file is older than the data file: /bip7_disk/pingting114/mixed_bam/COLO829_PAO/TF0_25x/TF0_25x.rep5.bam.bai
[W::hts_idx_load3] The index file is older than the data file: /bip7_disk/pingting114/mixed_bam/COLO829_PAO/TF0_25x/TF0_25x.rep5.bam.bai
[W::hts_idx_load3] The index file is older than the data file: /bip7_disk/pingting114/mixed_bam/COLO829_PAO/TF0_25x/TF0_25x.rep5.bam.bai
[W::hts_idx_load3] The index file is older than the data file: /bip7_disk/pingting114/mixed_bam/COLO829_PAO/TF0_25x/TF0_25x.rep5.bam.bai
[W::bam_next_basemod] MM tag refers to bases beyond sequence length
[W::hts_idx_load3] The index file is older than the data file: /bip7_disk/pingting114/mixed_bam/COLO829_PAO/TF0_25x/TF0_25x.rep5.bam.bai
[W::bam_next_basemod] MM tag refers to bases beyond sequence length
[W::hts_idx_load3] The index file is older than the data file: /bip7_disk/pingting114/mixed_bam/COLO829_PAO/TF0_25x/TF0_25x.rep5.bam.bai
[E::bam_parse_basemod2] ebc2f5ec-59e5-4e1f-8cbb-42950636dc14: MM tag refers to bases beyond sequence length
[W::hts_idx_load3] The index file is older than the data file: /bip7_disk/pingting114/mixed_bam/COLO829_PAO/TF0_25x/TF0_25x.rep5.bam.bai
[W::bam_next_basemod] MM tag refers to bases beyond sequence length
[W::hts_idx_load3] The index file is older than the data file: /bip7_disk/pingting114/mixed_bam/COLO829_PAO/TF0_25x/TF0_25x.rep5.bam.bai
[W::hts_idx_load3] The index file is older than the data file: /bip7_disk/pingting114/mixed_bam/COLO829_PAO/TF0_25x/TF0_25x.rep5.bam.bai
[W::hts_idx_load3] The index file is older than the data file: /bip7_disk/pingting114/mixed_bam/COLO829_PAO/TF0_25x/TF0_25x.rep5.bam.bai
[W::hts_idx_load3] The index file is older than the data file: /bip7_disk/pingting114/mixed_bam/COLO829_PAO/TF0_25x/TF0_25x.rep5.bam.bai
[W::bam_next_basemod] MM tag refers to bases beyond sequence length
[W::hts_idx_load3] The index file is older than the data file: /bip7_disk/pingting114/mixed_bam/COLO829_PAO/TF0_25x/TF0_25x.rep5.bam.bai
[W::hts_idx_load3] The index file is older than the data file: /bip7_disk/pingting114/mixed_bam/COLO829_PAO/TF0_25x/TF0_25x.rep5.bam.bai
[W::bam_next_basemod] MM tag refers to bases beyond sequence length
[W::bam_next_basemod] MM tag refers to bases beyond sequence length
[E::bam_parse_basemod2] 16594383-6371-4765-9c45-31ead369aa76: MM tag refers to bases beyond sequence length
[E::bam_parse_basemod2] 3d2e82b1-81f0-4185-8b5f-849066cbbdc9: MM tag refers to bases beyond sequence length
[W::bam_next_basemod] MM tag refers to bases beyond sequence length
[E::bam_parse_basemod2] 5fa23b32-9993-4e0f-92d0-3b9b3bfbe3cd: MM tag refers to bases beyond sequence length
[E::bam_parse_basemod2] ebc0aee9-26c9-48a4-b500-4beb7b058a02: MM tag refers to bases beyond sequence length
[E::bam_parse_basemod2] 18e25511-6af0-47d5-bac7-7e8bee8cc08a: MM tag refers to bases beyond sequence length
[W::hts_idx_load3] The index file is older than the data file: /bip7_disk/pingting114/mixed_bam/COLO829_PAO/TF0_25x/TF0_25x.rep5.bam.bai
[W::hts_idx_load3] The index file is older than the data file: /bip7_disk/pingting114/mixed_bam/COLO829_PAO/TF0_25x/TF0_25x.rep5.bam.bai
[W::hts_idx_load3] The index file is older than the data file: /bip7_disk/pingting114/mixed_bam/COLO829_PAO/TF0_25x/TF0_25x.rep5.bam.bai
[W::hts_idx_load3] The index file is older than the data file: /bip7_disk/pingting114/mixed_bam/COLO829_PAO/TF0_25x/TF0_25x.rep5.bam.bai
[W::hts_idx_load3] The index file is older than the data file: /bip7_disk/pingting114/mixed_bam/COLO829_PAO/TF0_25x/TF0_25x.rep5.bam.bai
[W::hts_idx_load3] The index file is older than the data file: /bip7_disk/pingting114/mixed_bam/COLO829_PAO/TF0_25x/TF0_25x.rep5.bam.bai
[W::hts_idx_load3] The index file is older than the data file: /bip7_disk/pingting114/mixed_bam/COLO829_PAO/TF0_25x/TF0_25x.rep5.bam.bai
[W::hts_idx_load3] The index file is older than the data file: /bip7_disk/pingting114/mixed_bam/COLO829_PAO/TF0_25x/TF0_25x.rep5.bam.bai
[E::bam_parse_basemod2] 4a5201a8-414d-4eb1-a80e-c41cd32d44d7: MM tag refers to bases beyond sequence length
[W::hts_idx_load3] The index file is older than the data file: /bip7_disk/pingting114/mixed_bam/COLO829_PAO/TF0_25x/TF0_25x.rep5.bam.bai
[W::hts_idx_load3] The index file is older than the data file: /bip7_disk/pingting114/mixed_bam/COLO829_PAO/TF0_25x/TF0_25x.rep5.bam.bai
[W::hts_idx_load3] The index file is older than the data file: /bip7_disk/pingting114/mixed_bam/COLO829_PAO/TF0_25x/TF0_25x.rep5.bam.bai
[E::bam_parse_basemod2] 5f784b2e-6d01-44f6-b0c7-8f996dc467d5: MM tag refers to bases beyond sequence length
[W::hts_idx_load3] The index file is older than the data file: /bip7_disk/pingting114/mixed_bam/COLO829_PAO/TF0_25x/TF0_25x.rep5.bam.bai
[E::bam_parse_basemod2] a2ac098a-2174-4691-a934-ae403e82e0e3: MM tag refers to bases beyond sequence length
[W::hts_idx_load3] The index file is older than the data file: /bip7_disk/pingting114/mixed_bam/COLO829_PAO/TF0_25x/TF0_25x.rep5.bam.bai
[W::hts_idx_load3] The index file is older than the data file: /bip7_disk/pingting114/mixed_bam/COLO829_PAO/TF0_25x/TF0_25x.rep5.bam.bai
[W::hts_idx_load3] The index file is older than the data file: /bip7_disk/pingting114/mixed_bam/COLO829_PAO/TF0_25x/TF0_25x.rep5.bam.bai
[W::hts_idx_load3] The index file is older than the data file: /bip7_disk/pingting114/mixed_bam/COLO829_PAO/TF0_25x/TF0_25x.rep5.bam.bai
[W::bam_next_basemod] MM tag refers to bases beyond sequence length
[W::hts_idx_load3] The index file is older than the data file: /bip7_disk/pingting114/mixed_bam/COLO829_PAO/TF0_25x/TF0_25x.rep5.bam.bai
[W::hts_idx_load3] The index file is older than the data file: /bip7_disk/pingting114/mixed_bam/COLO829_PAO/TF0_25x/TF0_25x.rep5.bam.bai
[W::hts_idx_load3] The index file is older than the data file: /bip7_disk/pingting114/mixed_bam/COLO829_PAO/TF0_25x/TF0_25x.rep5.bam.bai
[W::hts_idx_load3] The index file is older than the data file: /bip7_disk/pingting114/mixed_bam/COLO829_PAO/TF0_25x/TF0_25x.rep5.bam.bai
[W::hts_idx_load3] The index file is older than the data file: /bip7_disk/pingting114/mixed_bam/COLO829_PAO/TF0_25x/TF0_25x.rep5.bam.bai
[W::hts_idx_load3] The index file is older than the data file: /bip7_disk/pingting114/mixed_bam/COLO829_PAO/TF0_25x/TF0_25x.rep5.bam.bai
[W::bam_next_basemod] MM tag refers to bases beyond sequence length
[W::hts_idx_load3] The index file is older than the data file: /bip7_disk/pingting114/mixed_bam/COLO829_PAO/TF0_25x/TF0_25x.rep5.bam.bai
[W::bam_next_basemod] MM tag refers to bases beyond sequence length
[E::bam_parse_basemod2] 0bba6cff-ce8a-46e1-8e8c-6208cb688291: MM tag refers to bases beyond sequence length
[E::bam_parse_basemod2] d16b2549-e740-433d-bfbb-16fa30a8f7e6: MM tag refers to bases beyond sequence length
[W::bam_next_basemod] MM tag refers to bases beyond sequence length
[W::bam_next_basemod] MM tag refers to bases beyond sequence length
[E::bam_parse_basemod2] 3027e55d-c104-4741-adbd-fa958af4e755: MM tag refers to bases beyond sequence length
[E::bam_parse_basemod2] 1d5ee4f4-09d1-41e9-8b46-1671c1a6f8b5: MM tag refers to bases beyond sequence length
[W::bam_next_basemod] MM tag refers to bases beyond sequence length
[W::bam_next_basemod] MM tag refers to bases beyond sequence length
[E::bam_parse_basemod2] 80cf101d-5a89-47ba-83c5-11d24f32adde: MM tag refers to bases beyond sequence length
[W::hts_idx_load3] The index file is older than the data file: /bip7_disk/pingting114/mixed_bam/COLO829_PAO/TF0_25x/TF0_25x.rep5.bam.bai
[W::bam_next_basemod] MM tag refers to bases beyond sequence length
[W::hts_idx_load3] The index file is older than the data file: /bip7_disk/pingting114/mixed_bam/COLO829_PAO/TF0_25x/TF0_25x.rep5.bam.bai
[W::bam_next_basemod] MM tag refers to bases beyond sequence length
[W::hts_idx_load3] The index file is older than the data file: /bip7_disk/pingting114/mixed_bam/COLO829_PAO/TF0_25x/TF0_25x.rep5.bam.bai
[W::hts_idx_load3] The index file is older than the data file: /bip7_disk/pingting114/mixed_bam/COLO829_PAO/TF0_25x/TF0_25x.rep5.bam.bai
[W::hts_idx_load3] The index file is older than the data file: /bip7_disk/pingting114/mixed_bam/COLO829_PAO/TF0_25x/TF0_25x.rep5.bam.bai
[W::hts_idx_load3] The index file is older than the data file: /bip7_disk/pingting114/mixed_bam/COLO829_PAO/TF0_25x/TF0_25x.rep5.bam.bai
[E::bam_parse_basemod2] 575f32f3-d705-4380-a79f-d46c2a0551f8: MM tag refers to bases beyond sequence length
[W::hts_idx_load3] The index file is older than the data file: /bip7_disk/pingting114/mixed_bam/COLO829_PAO/TF0_25x/TF0_25x.rep5.bam.bai
[W::hts_idx_load3] The index file is older than the data file: /bip7_disk/pingting114/mixed_bam/COLO829_PAO/TF0_25x/TF0_25x.rep5.bam.bai
[W::hts_idx_load3] The index file is older than the data file: /bip7_disk/pingting114/mixed_bam/COLO829_PAO/TF0_25x/TF0_25x.rep5.bam.bai
[W::bam_next_basemod] MM tag refers to bases beyond sequence length
[W::hts_idx_load3] The index file is older than the data file: /bip7_disk/pingting114/mixed_bam/COLO829_PAO/TF0_25x/TF0_25x.rep5.bam.bai
[W::hts_idx_load3] The index file is older than the data file: /bip7_disk/pingting114/mixed_bam/COLO829_PAO/TF0_25x/TF0_25x.rep5.bam.bai
[W::hts_idx_load3] The index file is older than the data file: /bip7_disk/pingting114/mixed_bam/COLO829_PAO/TF0_25x/TF0_25x.rep5.bam.bai
[W::hts_idx_load3] The index file is older than the data file: /bip7_disk/pingting114/mixed_bam/COLO829_PAO/TF0_25x/TF0_25x.rep5.bam.bai
[W::hts_idx_load3] The index file is older than the data file: /bip7_disk/pingting114/mixed_bam/COLO829_PAO/TF0_25x/TF0_25x.rep5.bam.bai
[W::hts_idx_load3] The index file is older than the data file: /bip7_disk/pingting114/mixed_bam/COLO829_PAO/TF0_25x/TF0_25x.rep5.bam.bai
[W::hts_idx_load3] The index file is older than the data file: /bip7_disk/pingting114/mixed_bam/COLO829_PAO/TF0_25x/TF0_25x.rep5.bam.bai
[W::hts_idx_load3] The index file is older than the data file: /bip7_disk/pingting114/mixed_bam/COLO829_PAO/TF0_25x/TF0_25x.rep5.bam.bai
[W::bam_next_basemod] MM tag refers to bases beyond sequence length
[W::hts_idx_load3] The index file is older than the data file: /bip7_disk/pingting114/mixed_bam/COLO829_PAO/TF0_25x/TF0_25x.rep5.bam.bai
[W::hts_idx_load3] The index file is older than the data file: /bip7_disk/pingting114/mixed_bam/COLO829_PAO/TF0_25x/TF0_25x.rep5.bam.bai
[W::hts_idx_load3] The index file is older than the data file: /bip7_disk/pingting114/mixed_bam/COLO829_PAO/TF0_25x/TF0_25x.rep5.bam.bai
[W::hts_idx_load3] The index file is older than the data file: /bip7_disk/pingting114/mixed_bam/COLO829_PAO/TF0_25x/TF0_25x.rep5.bam.bai
[W::hts_idx_load3] The index file is older than the data file: /bip7_disk/pingting114/mixed_bam/COLO829_PAO/TF0_25x/TF0_25x.rep5.bam.bai
[E::bam_parse_basemod2] 9e1fad8c-4af5-472a-88d7-a6add3849e0f: MM tag refers to bases beyond sequence length
[W::hts_idx_load3] The index file is older than the data file: /bip7_disk/pingting114/mixed_bam/COLO829_PAO/TF0_25x/TF0_25x.rep5.bam.bai
[W::hts_idx_load3] The index file is older than the data file: /bip7_disk/pingting114/mixed_bam/COLO829_PAO/TF0_25x/TF0_25x.rep5.bam.bai
[W::hts_idx_load3] The index file is older than the data file: /bip7_disk/pingting114/mixed_bam/COLO829_PAO/TF0_25x/TF0_25x.rep5.bam.bai
[W::hts_idx_load3] The index file is older than the data file: /bip7_disk/pingting114/mixed_bam/COLO829_PAO/TF0_25x/TF0_25x.rep5.bam.bai
[W::hts_idx_load3] The index file is older than the data file: /bip7_disk/pingting114/mixed_bam/COLO829_PAO/TF0_25x/TF0_25x.rep5.bam.bai
[W::bam_next_basemod] MM tag refers to bases beyond sequence length
[W::bam_next_basemod] MM tag refers to bases beyond sequence length
[W::hts_idx_load3] The index file is older than the data file: /bip7_disk/pingting114/mixed_bam/COLO829_PAO/TF0_25x/TF0_25x.rep5.bam.bai
[W::hts_idx_load3] The index file is older than the data file: /bip7_disk/pingting114/mixed_bam/COLO829_PAO/TF0_25x/TF0_25x.rep5.bam.bai
[W::bam_next_basemod] MM tag refers to bases beyond sequence length
[W::hts_idx_load3] The index file is older than the data file: /bip7_disk/pingting114/mixed_bam/COLO829_PAO/TF0_25x/TF0_25x.rep5.bam.bai
[W::bam_next_basemod] MM tag refers to bases beyond sequence length
[W::hts_idx_load3] The index file is older than the data file: /bip7_disk/pingting114/mixed_bam/COLO829_PAO/TF0_25x/TF0_25x.rep5.bam.bai
[E::bam_parse_basemod2] 80598e39-9daa-466e-84a9-e3f60744a029: MM tag refers to bases beyond sequence length
[W::hts_idx_load3] The index file is older than the data file: /bip7_disk/pingting114/mixed_bam/COLO829_PAO/TF0_25x/TF0_25x.rep5.bam.bai
[E::bam_parse_basemod2] 5c6a31e6-6010-4935-8712-e522599f80d0: MM tag refers to bases beyond sequence length
[W::bam_next_basemod] MM tag refers to bases beyond sequence length
[W::hts_idx_load3] The index file is older than the data file: /bip7_disk/pingting114/mixed_bam/COLO829_PAO/TF0_25x/TF0_25x.rep5.bam.bai
[W::bam_next_basemod] MM tag refers to bases beyond sequence length
[W::bam_next_basemod] MM tag refers to bases beyond sequence length
[W::hts_idx_load3] The index file is older than the data file: /bip7_disk/pingting114/mixed_bam/COLO829_PAO/TF0_25x/TF0_25x.rep5.bam.bai
[W::hts_idx_load3] The index file is older than the data file: /bip7_disk/pingting114/mixed_bam/COLO829_PAO/TF0_25x/TF0_25x.rep5.bam.bai
[W::hts_idx_load3] The index file is older than the data file: /bip7_disk/pingting114/mixed_bam/COLO829_PAO/TF0_25x/TF0_25x.rep5.bam.bai
[W::hts_idx_load3] The index file is older than the data file: /bip7_disk/pingting114/mixed_bam/COLO829_PAO/TF0_25x/TF0_25x.rep5.bam.bai
[W::hts_idx_load3] The index file is older than the data file: /bip7_disk/pingting114/mixed_bam/COLO829_PAO/TF0_25x/TF0_25x.rep5.bam.bai
[W::hts_idx_load3] The index file is older than the data file: /bip7_disk/pingting114/mixed_bam/COLO829_PAO/TF0_25x/TF0_25x.rep5.bam.bai
[W::hts_idx_load3] The index file is older than the data file: /bip7_disk/pingting114/mixed_bam/COLO829_PAO/TF0_25x/TF0_25x.rep5.bam.bai
[W::hts_idx_load3] The index file is older than the data file: /bip7_disk/pingting114/mixed_bam/COLO829_PAO/TF0_25x/TF0_25x.rep5.bam.bai
[W::hts_idx_load3] The index file is older than the data file: /bip7_disk/pingting114/mixed_bam/COLO829_PAO/TF0_25x/TF0_25x.rep5.bam.bai
[W::hts_idx_load3] The index file is older than the data file: /bip7_disk/pingting114/mixed_bam/COLO829_PAO/TF0_25x/TF0_25x.rep5.bam.bai
[W::hts_idx_load3] The index file is older than the data file: /bip7_disk/pingting114/mixed_bam/COLO829_PAO/TF0_25x/TF0_25x.rep5.bam.bai
[W::hts_idx_load3] The index file is older than the data file: /bip7_disk/pingting114/mixed_bam/COLO829_PAO/TF0_25x/TF0_25x.rep5.bam.bai
[E::bam_parse_basemod2] 2c71a2a1-a868-4b6d-acc5-190355555519: MM tag refers to bases beyond sequence length
[W::hts_idx_load3] The index file is older than the data file: /bip7_disk/pingting114/mixed_bam/COLO829_PAO/TF0_25x/TF0_25x.rep5.bam.bai
[W::hts_idx_load3] The index file is older than the data file: /bip7_disk/pingting114/mixed_bam/COLO829_PAO/TF0_25x/TF0_25x.rep5.bam.bai
[W::hts_idx_load3] The index file is older than the data file: /bip7_disk/pingting114/mixed_bam/COLO829_PAO/TF0_25x/TF0_25x.rep5.bam.bai
[E::bam_parse_basemod2] 7986ce64-8017-46d3-bc94-98df44226ddd: MM tag refers to bases beyond sequence length
[W::hts_idx_load3] The index file is older than the data file: /bip7_disk/pingting114/mixed_bam/COLO829_PAO/TF0_25x/TF0_25x.rep5.bam.bai
[W::hts_idx_load3] The index file is older than the data file: /bip7_disk/pingting114/mixed_bam/COLO829_PAO/TF0_25x/TF0_25x.rep5.bam.bai
[W::hts_idx_load3] The index file is older than the data file: /bip7_disk/pingting114/mixed_bam/COLO829_PAO/TF0_25x/TF0_25x.rep5.bam.bai
[W::hts_idx_load3] The index file is older than the data file: /bip7_disk/pingting114/mixed_bam/COLO829_PAO/TF0_25x/TF0_25x.rep5.bam.bai
[W::hts_idx_load3] The index file is older than the data file: /bip7_disk/pingting114/mixed_bam/COLO829_PAO/TF0_25x/TF0_25x.rep5.bam.bai
[W::hts_idx_load3] The index file is older than the data file: /bip7_disk/pingting114/mixed_bam/COLO829_PAO/TF0_25x/TF0_25x.rep5.bam.bai
[E::bam_parse_basemod2] aff7927a-a28c-4fd1-9672-222339ad7114: MM tag refers to bases beyond sequence length
[E::bam_parse_basemod2] e6743cb1-57fc-4e7f-9095-e6c93f372033: MM tag refers to bases beyond sequence length
[W::hts_idx_load3] The index file is older than the data file: /bip7_disk/pingting114/mixed_bam/COLO829_PAO/TF0_25x/TF0_25x.rep5.bam.bai
[W::hts_idx_load3] The index file is older than the data file: /bip7_disk/pingting114/mixed_bam/COLO829_PAO/TF0_25x/TF0_25x.rep5.bam.bai
[W::hts_idx_load3] The index file is older than the data file: /bip7_disk/pingting114/mixed_bam/COLO829_PAO/TF0_25x/TF0_25x.rep5.bam.bai
[W::hts_idx_load3] The index file is older than the data file: /bip7_disk/pingting114/mixed_bam/COLO829_PAO/TF0_25x/TF0_25x.rep5.bam.bai
[W::hts_idx_load3] The index file is older than the data file: /bip7_disk/pingting114/mixed_bam/COLO829_PAO/TF0_25x/TF0_25x.rep5.bam.bai
[W::hts_idx_load3] The index file is older than the data file: /bip7_disk/pingting114/mixed_bam/COLO829_PAO/TF0_25x/TF0_25x.rep5.bam.bai
[W::hts_idx_load3] The index file is older than the data file: /bip7_disk/pingting114/mixed_bam/COLO829_PAO/TF0_25x/TF0_25x.rep5.bam.bai
[W::hts_idx_load3] The index file is older than the data file: /bip7_disk/pingting114/mixed_bam/COLO829_PAO/TF0_25x/TF0_25x.rep5.bam.bai
[W::hts_idx_load3] The index file is older than the data file: /bip7_disk/pingting114/mixed_bam/COLO829_PAO/TF0_25x/TF0_25x.rep5.bam.bai
[W::hts_idx_load3] The index file is older than the data file: /bip7_disk/pingting114/mixed_bam/COLO829_PAO/TF0_25x/TF0_25x.rep5.bam.bai
[E::bam_parse_basemod2] 2c274caa-966c-4a7b-a173-48c672566816: MM tag refers to bases beyond sequence length
[W::hts_idx_load3] The index file is older than the data file: /bip7_disk/pingting114/mixed_bam/COLO829_PAO/TF0_25x/TF0_25x.rep5.bam.bai
[E::bam_parse_basemod2] 15e8950e-9b40-425f-9752-5d96e0d3aa52: MM tag refers to bases beyond sequence length
[W::hts_idx_load3] The index file is older than the data file: /bip7_disk/pingting114/mixed_bam/COLO829_PAO/TF0_25x/TF0_25x.rep5.bam.bai
[W::hts_idx_load3] The index file is older than the data file: /bip7_disk/pingting114/mixed_bam/COLO829_PAO/TF0_25x/TF0_25x.rep5.bam.bai
[E::bam_parse_basemod2] 8c558e28-28f2-4f71-879e-ffd476090136: MM tag refers to bases beyond sequence length
[W::hts_idx_load3] The index file is older than the data file: /bip7_disk/pingting114/mixed_bam/COLO829_PAO/TF0_25x/TF0_25x.rep5.bam.bai
[W::hts_idx_load3] The index file is older than the data file: /bip7_disk/pingting114/mixed_bam/COLO829_PAO/TF0_25x/TF0_25x.rep5.bam.bai
[W::hts_idx_load3] The index file is older than the data file: /bip7_disk/pingting114/mixed_bam/COLO829_PAO/TF0_25x/TF0_25x.rep5.bam.bai
[W::hts_idx_load3] The index file is older than the data file: /bip7_disk/pingting114/mixed_bam/COLO829_PAO/TF0_25x/TF0_25x.rep5.bam.bai
[W::hts_idx_load3] The index file is older than the data file: /bip7_disk/pingting114/mixed_bam/COLO829_PAO/TF0_25x/TF0_25x.rep5.bam.bai
[W::hts_idx_load3] The index file is older than the data file: /bip7_disk/pingting114/mixed_bam/COLO829_PAO/TF0_25x/TF0_25x.rep5.bam.bai
[W::hts_idx_load3] The index file is older than the data file: /bip7_disk/pingting114/mixed_bam/COLO829_PAO/TF0_25x/TF0_25x.rep5.bam.bai
[W::bam_next_basemod] MM tag refers to bases beyond sequence length
[W::bam_next_basemod] MM tag refers to bases beyond sequence length
[W::bam_next_basemod] MM tag refers to bases beyond sequence length
[E::bam_parse_basemod2] 161acf7a-d13c-437d-a462-cbf1f6d9cf04: MM tag refers to bases beyond sequence length
[W::hts_idx_load3] The index file is older than the data file: /bip7_disk/pingting114/mixed_bam/COLO829_PAO/TF0_25x/TF0_25x.rep5.bam.bai
[W::hts_idx_load3] The index file is older than the data file: /bip7_disk/pingting114/mixed_bam/COLO829_PAO/TF0_25x/TF0_25x.rep5.bam.bai
[W::hts_idx_load3] The index file is older than the data file: /bip7_disk/pingting114/mixed_bam/COLO829_PAO/TF0_25x/TF0_25x.rep5.bam.bai
[W::hts_idx_load3] The index file is older than the data file: /bip7_disk/pingting114/mixed_bam/COLO829_PAO/TF0_25x/TF0_25x.rep5.bam.bai
[W::hts_idx_load3] The index file is older than the data file: /bip7_disk/pingting114/mixed_bam/COLO829_PAO/TF0_25x/TF0_25x.rep5.bam.bai
[W::bam_next_basemod] MM tag refers to bases beyond sequence length
[W::hts_idx_load3] The index file is older than the data file: /bip7_disk/pingting114/mixed_bam/COLO829_PAO/TF0_25x/TF0_25x.rep5.bam.bai
[W::hts_idx_load3] The index file is older than the data file: /bip7_disk/pingting114/mixed_bam/COLO829_PAO/TF0_25x/TF0_25x.rep5.bam.bai
[W::hts_idx_load3] The index file is older than the data file: /bip7_disk/pingting114/mixed_bam/COLO829_PAO/TF0_25x/TF0_25x.rep5.bam.bai
[W::hts_idx_load3] The index file is older than the data file: /bip7_disk/pingting114/mixed_bam/COLO829_PAO/TF0_25x/TF0_25x.rep5.bam.bai
[W::hts_idx_load3] The index file is older than the data file: /bip7_disk/pingting114/mixed_bam/COLO829_PAO/TF0_25x/TF0_25x.rep5.bam.bai
[E::bam_parse_basemod2] d0589774-99c5-4910-9144-fe70d348f14d: MM tag refers to bases beyond sequence length
[W::hts_idx_load3] The index file is older than the data file: /bip7_disk/pingting114/mixed_bam/COLO829_PAO/TF0_25x/TF0_25x.rep5.bam.bai
[W::bam_next_basemod] MM tag refers to bases beyond sequence length
[W::hts_idx_load3] The index file is older than the data file: /bip7_disk/pingting114/mixed_bam/COLO829_PAO/TF0_25x/TF0_25x.rep5.bam.bai
[W::bam_next_basemod] MM tag refers to bases beyond sequence length
[W::hts_idx_load3] The index file is older than the data file: /bip7_disk/pingting114/mixed_bam/COLO829_PAO/TF0_25x/TF0_25x.rep5.bam.bai
[W::hts_idx_load3] The index file is older than the data file: /bip7_disk/pingting114/mixed_bam/COLO829_PAO/TF0_25x/TF0_25x.rep5.bam.bai
[W::hts_idx_load3] The index file is older than the data file: /bip7_disk/pingting114/mixed_bam/COLO829_PAO/TF0_25x/TF0_25x.rep5.bam.bai
[W::hts_idx_load3] The index file is older than the data file: /bip7_disk/pingting114/mixed_bam/COLO829_PAO/TF0_25x/TF0_25x.rep5.bam.bai
[W::hts_idx_load3] The index file is older than the data file: /bip7_disk/pingting114/mixed_bam/COLO829_PAO/TF0_25x/TF0_25x.rep5.bam.bai
[W::hts_idx_load3] The index file is older than the data file: /bip7_disk/pingting114/mixed_bam/COLO829_PAO/TF0_25x/TF0_25x.rep5.bam.bai
[W::hts_idx_load3] The index file is older than the data file: /bip7_disk/pingting114/mixed_bam/COLO829_PAO/TF0_25x/TF0_25x.rep5.bam.bai
[W::bam_next_basemod] MM tag refers to bases beyond sequence length
[W::hts_idx_load3] The index file is older than the data file: /bip7_disk/pingting114/mixed_bam/COLO829_PAO/TF0_25x/TF0_25x.rep5.bam.bai
[E::bam_parse_basemod2] 8c927e55-2f7e-424d-9679-08c5732bbdf8: MM tag refers to bases beyond sequence length
[W::hts_idx_load3] The index file is older than the data file: /bip7_disk/pingting114/mixed_bam/COLO829_PAO/TF0_25x/TF0_25x.rep5.bam.bai
[W::bam_next_basemod] MM tag refers to bases beyond sequence length
[E::bam_parse_basemod2] bc126ebd-cc1b-4080-867e-f19013843dd7: MM tag refers to bases beyond sequence length
[E::bam_parse_basemod2] b0e82921-f222-485c-bc74-1bee8fa75410: MM tag refers to bases beyond sequence length
[W::hts_idx_load3] The index file is older than the data file: /bip7_disk/pingting114/mixed_bam/COLO829_PAO/TF0_25x/TF0_25x.rep5.bam.bai
[W::bam_next_basemod] MM tag refers to bases beyond sequence length
[W::bam_next_basemod] MM tag refers to bases beyond sequence length
[W::hts_idx_load3] The index file is older than the data file: /bip7_disk/pingting114/mixed_bam/COLO829_PAO/TF0_25x/TF0_25x.rep5.bam.bai
[W::hts_idx_load3] The index file is older than the data file: /bip7_disk/pingting114/mixed_bam/COLO829_PAO/TF0_25x/TF0_25x.rep5.bam.bai
[W::hts_idx_load3] The index file is older than the data file: /bip7_disk/pingting114/mixed_bam/COLO829_PAO/TF0_25x/TF0_25x.rep5.bam.bai
[W::hts_idx_load3] The index file is older than the data file: /bip7_disk/pingting114/mixed_bam/COLO829_PAO/TF0_25x/TF0_25x.rep5.bam.bai
[W::hts_idx_load3] The index file is older than the data file: /bip7_disk/pingting114/mixed_bam/COLO829_PAO/TF0_25x/TF0_25x.rep5.bam.bai
[W::bam_next_basemod] MM tag refers to bases beyond sequence length
[W::hts_idx_load3] The index file is older than the data file: /bip7_disk/pingting114/mixed_bam/COLO829_PAO/TF0_25x/TF0_25x.rep5.bam.bai
[W::hts_idx_load3] The index file is older than the data file: /bip7_disk/pingting114/mixed_bam/COLO829_PAO/TF0_25x/TF0_25x.rep5.bam.bai
[W::bam_next_basemod] MM tag refers to bases beyond sequence length
[W::bam_next_basemod] MM tag refers to bases beyond sequence length
[W::hts_idx_load3] The index file is older than the data file: /bip7_disk/pingting114/mixed_bam/COLO829_PAO/TF0_25x/TF0_25x.rep5.bam.bai
[W::hts_idx_load3] The index file is older than the data file: /bip7_disk/pingting114/mixed_bam/COLO829_PAO/TF0_25x/TF0_25x.rep5.bam.bai
[W::hts_idx_load3] The index file is older than the data file: /bip7_disk/pingting114/mixed_bam/COLO829_PAO/TF0_25x/TF0_25x.rep5.bam.bai
[W::hts_idx_load3] The index file is older than the data file: /bip7_disk/pingting114/mixed_bam/COLO829_PAO/TF0_25x/TF0_25x.rep5.bam.bai
[W::hts_idx_load3] The index file is older than the data file: /bip7_disk/pingting114/mixed_bam/COLO829_PAO/TF0_25x/TF0_25x.rep5.bam.bai
[E::bam_parse_basemod2] 6e56b1b5-f83c-4f89-a73f-b724bafd0815: MM tag refers to bases beyond sequence length
[W::bam_next_basemod] MM tag refers to bases beyond sequence length
[W::hts_idx_load3] The index file is older than the data file: /bip7_disk/pingting114/mixed_bam/COLO829_PAO/TF0_25x/TF0_25x.rep5.bam.bai
[W::hts_idx_load3] The index file is older than the data file: /bip7_disk/pingting114/mixed_bam/COLO829_PAO/TF0_25x/TF0_25x.rep5.bam.bai
[E::bam_parse_basemod2] 32d08d74-b7c1-461e-9811-0f53086741ed: MM tag refers to bases beyond sequence length
[W::hts_idx_load3] The index file is older than the data file: /bip7_disk/pingting114/mixed_bam/COLO829_PAO/TF0_25x/TF0_25x.rep5.bam.bai
[W::bam_next_basemod] MM tag refers to bases beyond sequence length
[W::hts_idx_load3] The index file is older than the data file: /bip7_disk/pingting114/mixed_bam/COLO829_PAO/TF0_25x/TF0_25x.rep5.bam.bai
[W::hts_idx_load3] The index file is older than the data file: /bip7_disk/pingting114/mixed_bam/COLO829_PAO/TF0_25x/TF0_25x.rep5.bam.bai
[W::hts_idx_load3] The index file is older than the data file: /bip7_disk/pingting114/mixed_bam/COLO829_PAO/TF0_25x/TF0_25x.rep5.bam.bai
[E::bam_parse_basemod2] 72b244b3-056c-46cb-a12b-9f638aadbb73: MM tag refers to bases beyond sequence length
[E::bam_parse_basemod2] 97dd9ba4-ab25-4d46-af9c-5b77d36a42cc: MM tag refers to bases beyond sequence length
[W::hts_idx_load3] The index file is older than the data file: /bip7_disk/pingting114/mixed_bam/COLO829_PAO/TF0_25x/TF0_25x.rep5.bam.bai
[W::hts_idx_load3] The index file is older than the data file: /bip7_disk/pingting114/mixed_bam/COLO829_PAO/TF0_25x/TF0_25x.rep5.bam.bai
[E::bam_parse_basemod2] 473da472-816c-4ddf-afe7-12ba51296218: MM tag refers to bases beyond sequence length
[W::hts_idx_load3] The index file is older than the data file: /bip7_disk/pingting114/mixed_bam/COLO829_PAO/TF0_25x/TF0_25x.rep5.bam.bai
[W::hts_idx_load3] The index file is older than the data file: /bip7_disk/pingting114/mixed_bam/COLO829_PAO/TF0_25x/TF0_25x.rep5.bam.bai
[W::hts_idx_load3] The index file is older than the data file: /bip7_disk/pingting114/mixed_bam/COLO829_PAO/TF0_25x/TF0_25x.rep5.bam.bai
[W::bam_next_basemod] MM tag refers to bases beyond sequence length
[W::hts_idx_load3] The index file is older than the data file: /bip7_disk/pingting114/mixed_bam/COLO829_PAO/TF0_25x/TF0_25x.rep5.bam.bai
[W::hts_idx_load3] The index file is older than the data file: /bip7_disk/pingting114/mixed_bam/COLO829_PAO/TF0_25x/TF0_25x.rep5.bam.bai
[W::hts_idx_load3] The index file is older than the data file: /bip7_disk/pingting114/mixed_bam/COLO829_PAO/TF0_25x/TF0_25x.rep5.bam.bai
[W::hts_idx_load3] The index file is older than the data file: /bip7_disk/pingting114/mixed_bam/COLO829_PAO/TF0_25x/TF0_25x.rep5.bam.bai
[W::hts_idx_load3] The index file is older than the data file: /bip7_disk/pingting114/mixed_bam/COLO829_PAO/TF0_25x/TF0_25x.rep5.bam.bai
[W::hts_idx_load3] The index file is older than the data file: /bip7_disk/pingting114/mixed_bam/COLO829_PAO/TF0_25x/TF0_25x.rep5.bam.bai
[W::hts_idx_load3] The index file is older than the data file: /bip7_disk/pingting114/mixed_bam/COLO829_PAO/TF0_25x/TF0_25x.rep5.bam.bai
[W::hts_idx_load3] The index file is older than the data file: /bip7_disk/pingting114/mixed_bam/COLO829_PAO/TF0_25x/TF0_25x.rep5.bam.bai
[E::bam_parse_basemod2] 5ba10a6d-a6c9-4df9-a157-a894b3d26efd: MM tag refers to bases beyond sequence length
[W::hts_idx_load3] The index file is older than the data file: /bip7_disk/pingting114/mixed_bam/COLO829_PAO/TF0_25x/TF0_25x.rep5.bam.bai
[W::hts_idx_load3] The index file is older than the data file: /bip7_disk/pingting114/mixed_bam/COLO829_PAO/TF0_25x/TF0_25x.rep5.bam.bai
[W::hts_idx_load3] The index file is older than the data file: /bip7_disk/pingting114/mixed_bam/COLO829_PAO/TF0_25x/TF0_25x.rep5.bam.bai
[W::hts_idx_load3] The index file is older than the data file: /bip7_disk/pingting114/mixed_bam/COLO829_PAO/TF0_25x/TF0_25x.rep5.bam.bai
[W::hts_idx_load3] The index file is older than the data file: /bip7_disk/pingting114/mixed_bam/COLO829_PAO/TF0_25x/TF0_25x.rep5.bam.bai
[E::bam_parse_basemod2] 0eed609e-0232-4438-a177-636bb9a40ba6: MM tag refers to bases beyond sequence length
[W::hts_idx_load3] The index file is older than the data file: /bip7_disk/pingting114/mixed_bam/COLO829_PAO/TF0_25x/TF0_25x.rep5.bam.bai
[W::hts_idx_load3] The index file is older than the data file: /bip7_disk/pingting114/mixed_bam/COLO829_PAO/TF0_25x/TF0_25x.rep5.bam.bai
[W::hts_idx_load3] The index file is older than the data file: /bip7_disk/pingting114/mixed_bam/COLO829_PAO/TF0_25x/TF0_25x.rep5.bam.bai
[W::bam_next_basemod] MM tag refers to bases beyond sequence length
[E::bam_parse_basemod2] e80f4080-c168-471b-bf5d-c19f9025b864: MM tag refers to bases beyond sequence length
[W::bam_next_basemod] MM tag refers to bases beyond sequence length
[W::bam_next_basemod] MM tag refers to bases beyond sequence length
[E::bam_parse_basemod2] f1b80cc0-73a7-48f0-9a9f-bd48457d69b3: MM tag refers to bases beyond sequence length
[E::bam_parse_basemod2] fdecea7b-a405-4bab-9362-0be8e1ce8f6f: MM tag refers to bases beyond sequence length
[W::hts_idx_load3] The index file is older than the data file: /bip7_disk/pingting114/mixed_bam/COLO829_PAO/TF0_25x/TF0_25x.rep5.bam.bai
[W::hts_idx_load3] The index file is older than the data file: /bip7_disk/pingting114/mixed_bam/COLO829_PAO/TF0_25x/TF0_25x.rep5.bam.bai
[W::hts_idx_load3] The index file is older than the data file: /bip7_disk/pingting114/mixed_bam/COLO829_PAO/TF0_25x/TF0_25x.rep5.bam.bai
[W::hts_idx_load3] The index file is older than the data file: /bip7_disk/pingting114/mixed_bam/COLO829_PAO/TF0_25x/TF0_25x.rep5.bam.bai
[W::hts_idx_load3] The index file is older than the data file: /bip7_disk/pingting114/mixed_bam/COLO829_PAO/TF0_25x/TF0_25x.rep5.bam.bai
[W::hts_idx_load3] The index file is older than the data file: /bip7_disk/pingting114/mixed_bam/COLO829_PAO/TF0_25x/TF0_25x.rep5.bam.bai
[W::hts_idx_load3] The index file is older than the data file: /bip7_disk/pingting114/mixed_bam/COLO829_PAO/TF0_25x/TF0_25x.rep5.bam.bai
[W::hts_idx_load3] The index file is older than the data file: /bip7_disk/pingting114/mixed_bam/COLO829_PAO/TF0_25x/TF0_25x.rep5.bam.bai
[W::bam_next_basemod] MM tag refers to bases beyond sequence length
[W::hts_idx_load3] The index file is older than the data file: /bip7_disk/pingting114/mixed_bam/COLO829_PAO/TF0_25x/TF0_25x.rep5.bam.bai
  TF0_25x.rep5.bam cand 2500/4000
[W::hts_idx_load3] The index file is older than the data file: /bip7_disk/pingting114/mixed_bam/COLO829_PAO/TF0_25x/TF0_25x.rep5.bam.bai
[W::hts_idx_load3] The index file is older than the data file: /bip7_disk/pingting114/mixed_bam/COLO829_PAO/TF0_25x/TF0_25x.rep5.bam.bai
[W::hts_idx_load3] The index file is older than the data file: /bip7_disk/pingting114/mixed_bam/COLO829_PAO/TF0_25x/TF0_25x.rep5.bam.bai
[E::bam_parse_basemod2] 8267193b-7359-4f38-93e4-fe3f5914b52e: MM tag refers to bases beyond sequence length
[W::hts_idx_load3] The index file is older than the data file: /bip7_disk/pingting114/mixed_bam/COLO829_PAO/TF0_25x/TF0_25x.rep5.bam.bai
[W::hts_idx_load3] The index file is older than the data file: /bip7_disk/pingting114/mixed_bam/COLO829_PAO/TF0_25x/TF0_25x.rep5.bam.bai
[W::hts_idx_load3] The index file is older than the data file: /bip7_disk/pingting114/mixed_bam/COLO829_PAO/TF0_25x/TF0_25x.rep5.bam.bai
[W::hts_idx_load3] The index file is older than the data file: /bip7_disk/pingting114/mixed_bam/COLO829_PAO/TF0_25x/TF0_25x.rep5.bam.bai
[W::bam_next_basemod] MM tag refers to bases beyond sequence length
[W::hts_idx_load3] The index file is older than the data file: /bip7_disk/pingting114/mixed_bam/COLO829_PAO/TF0_25x/TF0_25x.rep5.bam.bai
[W::hts_idx_load3] The index file is older than the data file: /bip7_disk/pingting114/mixed_bam/COLO829_PAO/TF0_25x/TF0_25x.rep5.bam.bai
[W::hts_idx_load3] The index file is older than the data file: /bip7_disk/pingting114/mixed_bam/COLO829_PAO/TF0_25x/TF0_25x.rep5.bam.bai
[W::hts_idx_load3] The index file is older than the data file: /bip7_disk/pingting114/mixed_bam/COLO829_PAO/TF0_25x/TF0_25x.rep5.bam.bai
[W::hts_idx_load3] The index file is older than the data file: /bip7_disk/pingting114/mixed_bam/COLO829_PAO/TF0_25x/TF0_25x.rep5.bam.bai
[W::hts_idx_load3] The index file is older than the data file: /bip7_disk/pingting114/mixed_bam/COLO829_PAO/TF0_25x/TF0_25x.rep5.bam.bai
[W::hts_idx_load3] The index file is older than the data file: /bip7_disk/pingting114/mixed_bam/COLO829_PAO/TF0_25x/TF0_25x.rep5.bam.bai
[W::bam_next_basemod] MM tag refers to bases beyond sequence length
[W::hts_idx_load3] The index file is older than the data file: /bip7_disk/pingting114/mixed_bam/COLO829_PAO/TF0_25x/TF0_25x.rep5.bam.bai
[W::hts_idx_load3] The index file is older than the data file: /bip7_disk/pingting114/mixed_bam/COLO829_PAO/TF0_25x/TF0_25x.rep5.bam.bai
[W::hts_idx_load3] The index file is older than the data file: /bip7_disk/pingting114/mixed_bam/COLO829_PAO/TF0_25x/TF0_25x.rep5.bam.bai
[W::hts_idx_load3] The index file is older than the data file: /bip7_disk/pingting114/mixed_bam/COLO829_PAO/TF0_25x/TF0_25x.rep5.bam.bai
[W::hts_idx_load3] The index file is older than the data file: /bip7_disk/pingting114/mixed_bam/COLO829_PAO/TF0_25x/TF0_25x.rep5.bam.bai
[W::hts_idx_load3] The index file is older than the data file: /bip7_disk/pingting114/mixed_bam/COLO829_PAO/TF0_25x/TF0_25x.rep5.bam.bai
[W::hts_idx_load3] The index file is older than the data file: /bip7_disk/pingting114/mixed_bam/COLO829_PAO/TF0_25x/TF0_25x.rep5.bam.bai
[W::bam_next_basemod] MM tag refers to bases beyond sequence length
[W::hts_idx_load3] The index file is older than the data file: /bip7_disk/pingting114/mixed_bam/COLO829_PAO/TF0_25x/TF0_25x.rep5.bam.bai
[W::hts_idx_load3] The index file is older than the data file: /bip7_disk/pingting114/mixed_bam/COLO829_PAO/TF0_25x/TF0_25x.rep5.bam.bai
[W::hts_idx_load3] The index file is older than the data file: /bip7_disk/pingting114/mixed_bam/COLO829_PAO/TF0_25x/TF0_25x.rep5.bam.bai
[W::bam_next_basemod] MM tag refers to bases beyond sequence length
[W::hts_idx_load3] The index file is older than the data file: /bip7_disk/pingting114/mixed_bam/COLO829_PAO/TF0_25x/TF0_25x.rep5.bam.bai
[W::hts_idx_load3] The index file is older than the data file: /bip7_disk/pingting114/mixed_bam/COLO829_PAO/TF0_25x/TF0_25x.rep5.bam.bai
[W::hts_idx_load3] The index file is older than the data file: /bip7_disk/pingting114/mixed_bam/COLO829_PAO/TF0_25x/TF0_25x.rep5.bam.bai
[W::hts_idx_load3] The index file is older than the data file: /bip7_disk/pingting114/mixed_bam/COLO829_PAO/TF0_25x/TF0_25x.rep5.bam.bai
[W::hts_idx_load3] The index file is older than the data file: /bip7_disk/pingting114/mixed_bam/COLO829_PAO/TF0_25x/TF0_25x.rep5.bam.bai
[E::bam_parse_basemod2] 7e65f2a4-477f-49d7-be82-91abf990b7db: MM tag refers to bases beyond sequence length
[W::hts_idx_load3] The index file is older than the data file: /bip7_disk/pingting114/mixed_bam/COLO829_PAO/TF0_25x/TF0_25x.rep5.bam.bai
[W::hts_idx_load3] The index file is older than the data file: /bip7_disk/pingting114/mixed_bam/COLO829_PAO/TF0_25x/TF0_25x.rep5.bam.bai
[W::hts_idx_load3] The index file is older than the data file: /bip7_disk/pingting114/mixed_bam/COLO829_PAO/TF0_25x/TF0_25x.rep5.bam.bai
[W::hts_idx_load3] The index file is older than the data file: /bip7_disk/pingting114/mixed_bam/COLO829_PAO/TF0_25x/TF0_25x.rep5.bam.bai
[W::bam_next_basemod] MM tag refers to bases beyond sequence length
[W::bam_next_basemod] MM tag refers to bases beyond sequence length
[W::hts_idx_load3] The index file is older than the data file: /bip7_disk/pingting114/mixed_bam/COLO829_PAO/TF0_25x/TF0_25x.rep5.bam.bai
[W::hts_idx_load3] The index file is older than the data file: /bip7_disk/pingting114/mixed_bam/COLO829_PAO/TF0_25x/TF0_25x.rep5.bam.bai
[W::hts_idx_load3] The index file is older than the data file: /bip7_disk/pingting114/mixed_bam/COLO829_PAO/TF0_25x/TF0_25x.rep5.bam.bai
[W::hts_idx_load3] The index file is older than the data file: /bip7_disk/pingting114/mixed_bam/COLO829_PAO/TF0_25x/TF0_25x.rep5.bam.bai
[W::hts_idx_load3] The index file is older than the data file: /bip7_disk/pingting114/mixed_bam/COLO829_PAO/TF0_25x/TF0_25x.rep5.bam.bai
[W::bam_next_basemod] MM tag refers to bases beyond sequence length
[W::hts_idx_load3] The index file is older than the data file: /bip7_disk/pingting114/mixed_bam/COLO829_PAO/TF0_25x/TF0_25x.rep5.bam.bai
[W::hts_idx_load3] The index file is older than the data file: /bip7_disk/pingting114/mixed_bam/COLO829_PAO/TF0_25x/TF0_25x.rep5.bam.bai
[W::hts_idx_load3] The index file is older than the data file: /bip7_disk/pingting114/mixed_bam/COLO829_PAO/TF0_25x/TF0_25x.rep5.bam.bai
[E::bam_parse_basemod2] dce8a8fc-a40c-4bdc-8d57-c739562ce4b9: MM tag refers to bases beyond sequence length
[W::hts_idx_load3] The index file is older than the data file: /bip7_disk/pingting114/mixed_bam/COLO829_PAO/TF0_25x/TF0_25x.rep5.bam.bai
[W::hts_idx_load3] The index file is older than the data file: /bip7_disk/pingting114/mixed_bam/COLO829_PAO/TF0_25x/TF0_25x.rep5.bam.bai
[W::hts_idx_load3] The index file is older than the data file: /bip7_disk/pingting114/mixed_bam/COLO829_PAO/TF0_25x/TF0_25x.rep5.bam.bai
[W::hts_idx_load3] The index file is older than the data file: /bip7_disk/pingting114/mixed_bam/COLO829_PAO/TF0_25x/TF0_25x.rep5.bam.bai
[W::hts_idx_load3] The index file is older than the data file: /bip7_disk/pingting114/mixed_bam/COLO829_PAO/TF0_25x/TF0_25x.rep5.bam.bai
[W::hts_idx_load3] The index file is older than the data file: /bip7_disk/pingting114/mixed_bam/COLO829_PAO/TF0_25x/TF0_25x.rep5.bam.bai
[W::hts_idx_load3] The index file is older than the data file: /bip7_disk/pingting114/mixed_bam/COLO829_PAO/TF0_25x/TF0_25x.rep5.bam.bai
[W::hts_idx_load3] The index file is older than the data file: /bip7_disk/pingting114/mixed_bam/COLO829_PAO/TF0_25x/TF0_25x.rep5.bam.bai
[E::bam_parse_basemod2] 7b41a466-6446-4ac1-8745-11c9530b9096: MM tag refers to bases beyond sequence length
[W::hts_idx_load3] The index file is older than the data file: /bip7_disk/pingting114/mixed_bam/COLO829_PAO/TF0_25x/TF0_25x.rep5.bam.bai
[W::hts_idx_load3] The index file is older than the data file: /bip7_disk/pingting114/mixed_bam/COLO829_PAO/TF0_25x/TF0_25x.rep5.bam.bai
[W::hts_idx_load3] The index file is older than the data file: /bip7_disk/pingting114/mixed_bam/COLO829_PAO/TF0_25x/TF0_25x.rep5.bam.bai
[W::hts_idx_load3] The index file is older than the data file: /bip7_disk/pingting114/mixed_bam/COLO829_PAO/TF0_25x/TF0_25x.rep5.bam.bai
[W::hts_idx_load3] The index file is older than the data file: /bip7_disk/pingting114/mixed_bam/COLO829_PAO/TF0_25x/TF0_25x.rep5.bam.bai
[E::bam_parse_basemod2] 396bc494-2f96-4bc9-b398-c42474f83ad9: MM tag refers to bases beyond sequence length
[W::hts_idx_load3] The index file is older than the data file: /bip7_disk/pingting114/mixed_bam/COLO829_PAO/TF0_25x/TF0_25x.rep5.bam.bai
[W::bam_next_basemod] MM tag refers to bases beyond sequence length
[W::bam_next_basemod] MM tag refers to bases beyond sequence length
[W::hts_idx_load3] The index file is older than the data file: /bip7_disk/pingting114/mixed_bam/COLO829_PAO/TF0_25x/TF0_25x.rep5.bam.bai
[W::hts_idx_load3] The index file is older than the data file: /bip7_disk/pingting114/mixed_bam/COLO829_PAO/TF0_25x/TF0_25x.rep5.bam.bai
[W::hts_idx_load3] The index file is older than the data file: /bip7_disk/pingting114/mixed_bam/COLO829_PAO/TF0_25x/TF0_25x.rep5.bam.bai
[W::bam_next_basemod] MM tag refers to bases beyond sequence length
[W::hts_idx_load3] The index file is older than the data file: /bip7_disk/pingting114/mixed_bam/COLO829_PAO/TF0_25x/TF0_25x.rep5.bam.bai
[W::hts_idx_load3] The index file is older than the data file: /bip7_disk/pingting114/mixed_bam/COLO829_PAO/TF0_25x/TF0_25x.rep5.bam.bai
[W::hts_idx_load3] The index file is older than the data file: /bip7_disk/pingting114/mixed_bam/COLO829_PAO/TF0_25x/TF0_25x.rep5.bam.bai
[W::hts_idx_load3] The index file is older than the data file: /bip7_disk/pingting114/mixed_bam/COLO829_PAO/TF0_25x/TF0_25x.rep5.bam.bai
[W::hts_idx_load3] The index file is older than the data file: /bip7_disk/pingting114/mixed_bam/COLO829_PAO/TF0_25x/TF0_25x.rep5.bam.bai
[W::hts_idx_load3] The index file is older than the data file: /bip7_disk/pingting114/mixed_bam/COLO829_PAO/TF0_25x/TF0_25x.rep5.bam.bai
[W::hts_idx_load3] The index file is older than the data file: /bip7_disk/pingting114/mixed_bam/COLO829_PAO/TF0_25x/TF0_25x.rep5.bam.bai
[W::hts_idx_load3] The index file is older than the data file: /bip7_disk/pingting114/mixed_bam/COLO829_PAO/TF0_25x/TF0_25x.rep5.bam.bai
[W::hts_idx_load3] The index file is older than the data file: /bip7_disk/pingting114/mixed_bam/COLO829_PAO/TF0_25x/TF0_25x.rep5.bam.bai
[W::bam_next_basemod] MM tag refers to bases beyond sequence length
[W::hts_idx_load3] The index file is older than the data file: /bip7_disk/pingting114/mixed_bam/COLO829_PAO/TF0_25x/TF0_25x.rep5.bam.bai
[W::hts_idx_load3] The index file is older than the data file: /bip7_disk/pingting114/mixed_bam/COLO829_PAO/TF0_25x/TF0_25x.rep5.bam.bai
[W::hts_idx_load3] The index file is older than the data file: /bip7_disk/pingting114/mixed_bam/COLO829_PAO/TF0_25x/TF0_25x.rep5.bam.bai
[W::hts_idx_load3] The index file is older than the data file: /bip7_disk/pingting114/mixed_bam/COLO829_PAO/TF0_25x/TF0_25x.rep5.bam.bai
[W::hts_idx_load3] The index file is older than the data file: /bip7_disk/pingting114/mixed_bam/COLO829_PAO/TF0_25x/TF0_25x.rep5.bam.bai
[W::hts_idx_load3] The index file is older than the data file: /bip7_disk/pingting114/mixed_bam/COLO829_PAO/TF0_25x/TF0_25x.rep5.bam.bai
[W::bam_next_basemod] MM tag refers to bases beyond sequence length
[W::hts_idx_load3] The index file is older than the data file: /bip7_disk/pingting114/mixed_bam/COLO829_PAO/TF0_25x/TF0_25x.rep5.bam.bai
[W::hts_idx_load3] The index file is older than the data file: /bip7_disk/pingting114/mixed_bam/COLO829_PAO/TF0_25x/TF0_25x.rep5.bam.bai
[W::hts_idx_load3] The index file is older than the data file: /bip7_disk/pingting114/mixed_bam/COLO829_PAO/TF0_25x/TF0_25x.rep5.bam.bai
[W::hts_idx_load3] The index file is older than the data file: /bip7_disk/pingting114/mixed_bam/COLO829_PAO/TF0_25x/TF0_25x.rep5.bam.bai
[W::hts_idx_load3] The index file is older than the data file: /bip7_disk/pingting114/mixed_bam/COLO829_PAO/TF0_25x/TF0_25x.rep5.bam.bai
[E::bam_parse_basemod2] 8217c24a-ccf1-4a5d-9ecf-2b3212c83f44: MM tag refers to bases beyond sequence length
[W::hts_idx_load3] The index file is older than the data file: /bip7_disk/pingting114/mixed_bam/COLO829_PAO/TF0_25x/TF0_25x.rep5.bam.bai
[W::hts_idx_load3] The index file is older than the data file: /bip7_disk/pingting114/mixed_bam/COLO829_PAO/TF0_25x/TF0_25x.rep5.bam.bai
[W::bam_next_basemod] MM tag refers to bases beyond sequence length
[W::hts_idx_load3] The index file is older than the data file: /bip7_disk/pingting114/mixed_bam/COLO829_PAO/TF0_25x/TF0_25x.rep5.bam.bai
[W::hts_idx_load3] The index file is older than the data file: /bip7_disk/pingting114/mixed_bam/COLO829_PAO/TF0_25x/TF0_25x.rep5.bam.bai
[W::bam_next_basemod] MM tag refers to bases beyond sequence length
[W::hts_idx_load3] The index file is older than the data file: /bip7_disk/pingting114/mixed_bam/COLO829_PAO/TF0_25x/TF0_25x.rep5.bam.bai
[W::hts_idx_load3] The index file is older than the data file: /bip7_disk/pingting114/mixed_bam/COLO829_PAO/TF0_25x/TF0_25x.rep5.bam.bai
[W::hts_idx_load3] The index file is older than the data file: /bip7_disk/pingting114/mixed_bam/COLO829_PAO/TF0_25x/TF0_25x.rep5.bam.bai
[W::hts_idx_load3] The index file is older than the data file: /bip7_disk/pingting114/mixed_bam/COLO829_PAO/TF0_25x/TF0_25x.rep5.bam.bai
[W::hts_idx_load3] The index file is older than the data file: /bip7_disk/pingting114/mixed_bam/COLO829_PAO/TF0_25x/TF0_25x.rep5.bam.bai
[W::bam_next_basemod] MM tag refers to bases beyond sequence length
[E::bam_parse_basemod2] ab1c1de3-265a-46e9-bfe0-525248f85704: MM tag refers to bases beyond sequence length
[W::hts_idx_load3] The index file is older than the data file: /bip7_disk/pingting114/mixed_bam/COLO829_PAO/TF0_25x/TF0_25x.rep5.bam.bai
[W::hts_idx_load3] The index file is older than the data file: /bip7_disk/pingting114/mixed_bam/COLO829_PAO/TF0_25x/TF0_25x.rep5.bam.bai
[W::hts_idx_load3] The index file is older than the data file: /bip7_disk/pingting114/mixed_bam/COLO829_PAO/TF0_25x/TF0_25x.rep5.bam.bai
[W::hts_idx_load3] The index file is older than the data file: /bip7_disk/pingting114/mixed_bam/COLO829_PAO/TF0_25x/TF0_25x.rep5.bam.bai
[W::hts_idx_load3] The index file is older than the data file: /bip7_disk/pingting114/mixed_bam/COLO829_PAO/TF0_25x/TF0_25x.rep5.bam.bai
[W::bam_next_basemod] MM tag refers to bases beyond sequence length
[W::hts_idx_load3] The index file is older than the data file: /bip7_disk/pingting114/mixed_bam/COLO829_PAO/TF0_25x/TF0_25x.rep5.bam.bai
[W::hts_idx_load3] The index file is older than the data file: /bip7_disk/pingting114/mixed_bam/COLO829_PAO/TF0_25x/TF0_25x.rep5.bam.bai
[W::hts_idx_load3] The index file is older than the data file: /bip7_disk/pingting114/mixed_bam/COLO829_PAO/TF0_25x/TF0_25x.rep5.bam.bai
[W::hts_idx_load3] The index file is older than the data file: /bip7_disk/pingting114/mixed_bam/COLO829_PAO/TF0_25x/TF0_25x.rep5.bam.bai
[W::hts_idx_load3] The index file is older than the data file: /bip7_disk/pingting114/mixed_bam/COLO829_PAO/TF0_25x/TF0_25x.rep5.bam.bai
[W::hts_idx_load3] The index file is older than the data file: /bip7_disk/pingting114/mixed_bam/COLO829_PAO/TF0_25x/TF0_25x.rep5.bam.bai
[W::hts_idx_load3] The index file is older than the data file: /bip7_disk/pingting114/mixed_bam/COLO829_PAO/TF0_25x/TF0_25x.rep5.bam.bai
[W::hts_idx_load3] The index file is older than the data file: /bip7_disk/pingting114/mixed_bam/COLO829_PAO/TF0_25x/TF0_25x.rep5.bam.bai
[W::bam_next_basemod] MM tag refers to bases beyond sequence length
[E::bam_parse_basemod2] 723b6783-89ae-4504-ba0b-086999362221: MM tag refers to bases beyond sequence length
[W::hts_idx_load3] The index file is older than the data file: /bip7_disk/pingting114/mixed_bam/COLO829_PAO/TF0_25x/TF0_25x.rep5.bam.bai
[E::bam_parse_basemod2] bb34068b-652f-4d03-8e2c-2978cae9ddcd: MM tag refers to bases beyond sequence length
[W::hts_idx_load3] The index file is older than the data file: /bip7_disk/pingting114/mixed_bam/COLO829_PAO/TF0_25x/TF0_25x.rep5.bam.bai
[W::bam_next_basemod] MM tag refers to bases beyond sequence length
[W::hts_idx_load3] The index file is older than the data file: /bip7_disk/pingting114/mixed_bam/COLO829_PAO/TF0_25x/TF0_25x.rep5.bam.bai
[W::hts_idx_load3] The index file is older than the data file: /bip7_disk/pingting114/mixed_bam/COLO829_PAO/TF0_25x/TF0_25x.rep5.bam.bai
[E::bam_parse_basemod2] 023d9bec-e8fd-4746-a5b1-29f0f03c92cb: MM tag refers to bases beyond sequence length
[W::hts_idx_load3] The index file is older than the data file: /bip7_disk/pingting114/mixed_bam/COLO829_PAO/TF0_25x/TF0_25x.rep5.bam.bai
[W::hts_idx_load3] The index file is older than the data file: /bip7_disk/pingting114/mixed_bam/COLO829_PAO/TF0_25x/TF0_25x.rep5.bam.bai
[W::bam_next_basemod] MM tag refers to bases beyond sequence length
[W::bam_next_basemod] MM tag refers to bases beyond sequence length
[E::bam_parse_basemod2] c62b43e7-930d-4a6b-9c2a-c7dc70da1757: MM tag refers to bases beyond sequence length
[W::hts_idx_load3] The index file is older than the data file: /bip7_disk/pingting114/mixed_bam/COLO829_PAO/TF0_25x/TF0_25x.rep5.bam.bai
[W::hts_idx_load3] The index file is older than the data file: /bip7_disk/pingting114/mixed_bam/COLO829_PAO/TF0_25x/TF0_25x.rep5.bam.bai
[W::hts_idx_load3] The index file is older than the data file: /bip7_disk/pingting114/mixed_bam/COLO829_PAO/TF0_25x/TF0_25x.rep5.bam.bai
[W::hts_idx_load3] The index file is older than the data file: /bip7_disk/pingting114/mixed_bam/COLO829_PAO/TF0_25x/TF0_25x.rep5.bam.bai
[W::hts_idx_load3] The index file is older than the data file: /bip7_disk/pingting114/mixed_bam/COLO829_PAO/TF0_25x/TF0_25x.rep5.bam.bai
[W::hts_idx_load3] The index file is older than the data file: /bip7_disk/pingting114/mixed_bam/COLO829_PAO/TF0_25x/TF0_25x.rep5.bam.bai
[W::hts_idx_load3] The index file is older than the data file: /bip7_disk/pingting114/mixed_bam/COLO829_PAO/TF0_25x/TF0_25x.rep5.bam.bai
[W::hts_idx_load3] The index file is older than the data file: /bip7_disk/pingting114/mixed_bam/COLO829_PAO/TF0_25x/TF0_25x.rep5.bam.bai
[W::hts_idx_load3] The index file is older than the data file: /bip7_disk/pingting114/mixed_bam/COLO829_PAO/TF0_25x/TF0_25x.rep5.bam.bai
[W::hts_idx_load3] The index file is older than the data file: /bip7_disk/pingting114/mixed_bam/COLO829_PAO/TF0_25x/TF0_25x.rep5.bam.bai
[W::hts_idx_load3] The index file is older than the data file: /bip7_disk/pingting114/mixed_bam/COLO829_PAO/TF0_25x/TF0_25x.rep5.bam.bai
[W::hts_idx_load3] The index file is older than the data file: /bip7_disk/pingting114/mixed_bam/COLO829_PAO/TF0_25x/TF0_25x.rep5.bam.bai
[E::bam_parse_basemod2] dc3a0d4b-a9e5-45ed-a65a-f386d598424e: MM tag refers to bases beyond sequence length
[W::hts_idx_load3] The index file is older than the data file: /bip7_disk/pingting114/mixed_bam/COLO829_PAO/TF0_25x/TF0_25x.rep5.bam.bai
[W::hts_idx_load3] The index file is older than the data file: /bip7_disk/pingting114/mixed_bam/COLO829_PAO/TF0_25x/TF0_25x.rep5.bam.bai
[W::hts_idx_load3] The index file is older than the data file: /bip7_disk/pingting114/mixed_bam/COLO829_PAO/TF0_25x/TF0_25x.rep5.bam.bai
[W::hts_idx_load3] The index file is older than the data file: /bip7_disk/pingting114/mixed_bam/COLO829_PAO/TF0_25x/TF0_25x.rep5.bam.bai
[E::bam_parse_basemod2] 37d8d966-324e-4f35-b397-8b43b9ff8a42: MM tag refers to bases beyond sequence length
[W::hts_idx_load3] The index file is older than the data file: /bip7_disk/pingting114/mixed_bam/COLO829_PAO/TF0_25x/TF0_25x.rep5.bam.bai
[W::hts_idx_load3] The index file is older than the data file: /bip7_disk/pingting114/mixed_bam/COLO829_PAO/TF0_25x/TF0_25x.rep5.bam.bai
[W::hts_idx_load3] The index file is older than the data file: /bip7_disk/pingting114/mixed_bam/COLO829_PAO/TF0_25x/TF0_25x.rep5.bam.bai
[W::hts_idx_load3] The index file is older than the data file: /bip7_disk/pingting114/mixed_bam/COLO829_PAO/TF0_25x/TF0_25x.rep5.bam.bai
[W::hts_idx_load3] The index file is older than the data file: /bip7_disk/pingting114/mixed_bam/COLO829_PAO/TF0_25x/TF0_25x.rep5.bam.bai
[W::hts_idx_load3] The index file is older than the data file: /bip7_disk/pingting114/mixed_bam/COLO829_PAO/TF0_25x/TF0_25x.rep5.bam.bai
[W::hts_idx_load3] The index file is older than the data file: /bip7_disk/pingting114/mixed_bam/COLO829_PAO/TF0_25x/TF0_25x.rep5.bam.bai
[E::bam_parse_basemod2] ef7abe93-4569-4ba1-8018-f2bbf728c0ae: MM tag refers to bases beyond sequence length
[W::hts_idx_load3] The index file is older than the data file: /bip7_disk/pingting114/mixed_bam/COLO829_PAO/TF0_25x/TF0_25x.rep5.bam.bai
[W::hts_idx_load3] The index file is older than the data file: /bip7_disk/pingting114/mixed_bam/COLO829_PAO/TF0_25x/TF0_25x.rep5.bam.bai
[W::hts_idx_load3] The index file is older than the data file: /bip7_disk/pingting114/mixed_bam/COLO829_PAO/TF0_25x/TF0_25x.rep5.bam.bai
[W::hts_idx_load3] The index file is older than the data file: /bip7_disk/pingting114/mixed_bam/COLO829_PAO/TF0_25x/TF0_25x.rep5.bam.bai
[W::bam_next_basemod] MM tag refers to bases beyond sequence length
[W::hts_idx_load3] The index file is older than the data file: /bip7_disk/pingting114/mixed_bam/COLO829_PAO/TF0_25x/TF0_25x.rep5.bam.bai
[W::bam_next_basemod] MM tag refers to bases beyond sequence length
[W::hts_idx_load3] The index file is older than the data file: /bip7_disk/pingting114/mixed_bam/COLO829_PAO/TF0_25x/TF0_25x.rep5.bam.bai
[W::hts_idx_load3] The index file is older than the data file: /bip7_disk/pingting114/mixed_bam/COLO829_PAO/TF0_25x/TF0_25x.rep5.bam.bai
[W::hts_idx_load3] The index file is older than the data file: /bip7_disk/pingting114/mixed_bam/COLO829_PAO/TF0_25x/TF0_25x.rep5.bam.bai
[W::hts_idx_load3] The index file is older than the data file: /bip7_disk/pingting114/mixed_bam/COLO829_PAO/TF0_25x/TF0_25x.rep5.bam.bai
[W::bam_next_basemod] MM tag refers to bases beyond sequence length
[W::hts_idx_load3] The index file is older than the data file: /bip7_disk/pingting114/mixed_bam/COLO829_PAO/TF0_25x/TF0_25x.rep5.bam.bai
[W::hts_idx_load3] The index file is older than the data file: /bip7_disk/pingting114/mixed_bam/COLO829_PAO/TF0_25x/TF0_25x.rep5.bam.bai
[W::bam_next_basemod] MM tag refers to bases beyond sequence length
[W::hts_idx_load3] The index file is older than the data file: /bip7_disk/pingting114/mixed_bam/COLO829_PAO/TF0_25x/TF0_25x.rep5.bam.bai
[W::hts_idx_load3] The index file is older than the data file: /bip7_disk/pingting114/mixed_bam/COLO829_PAO/TF0_25x/TF0_25x.rep5.bam.bai
[W::hts_idx_load3] The index file is older than the data file: /bip7_disk/pingting114/mixed_bam/COLO829_PAO/TF0_25x/TF0_25x.rep5.bam.bai
[W::hts_idx_load3] The index file is older than the data file: /bip7_disk/pingting114/mixed_bam/COLO829_PAO/TF0_25x/TF0_25x.rep5.bam.bai
[E::bam_parse_basemod2] 13def9c1-c2aa-496c-a4fc-5f2c304b21bf: MM tag refers to bases beyond sequence length
[W::bam_next_basemod] MM tag refers to bases beyond sequence length
[W::hts_idx_load3] The index file is older than the data file: /bip7_disk/pingting114/mixed_bam/COLO829_PAO/TF0_25x/TF0_25x.rep5.bam.bai
[W::bam_next_basemod] MM tag refers to bases beyond sequence length
[W::bam_next_basemod] MM tag refers to bases beyond sequence length
[W::hts_idx_load3] The index file is older than the data file: /bip7_disk/pingting114/mixed_bam/COLO829_PAO/TF0_25x/TF0_25x.rep5.bam.bai
[W::hts_idx_load3] The index file is older than the data file: /bip7_disk/pingting114/mixed_bam/COLO829_PAO/TF0_25x/TF0_25x.rep5.bam.bai
[E::bam_parse_basemod2] f1e4bee4-d628-46d3-8427-6225537e0776: MM tag refers to bases beyond sequence length
[W::hts_idx_load3] The index file is older than the data file: /bip7_disk/pingting114/mixed_bam/COLO829_PAO/TF0_25x/TF0_25x.rep5.bam.bai
[W::bam_next_basemod] MM tag refers to bases beyond sequence length
[W::bam_next_basemod] MM tag refers to bases beyond sequence length
[W::hts_idx_load3] The index file is older than the data file: /bip7_disk/pingting114/mixed_bam/COLO829_PAO/TF0_25x/TF0_25x.rep5.bam.bai
[W::hts_idx_load3] The index file is older than the data file: /bip7_disk/pingting114/mixed_bam/COLO829_PAO/TF0_25x/TF0_25x.rep5.bam.bai
[W::hts_idx_load3] The index file is older than the data file: /bip7_disk/pingting114/mixed_bam/COLO829_PAO/TF0_25x/TF0_25x.rep5.bam.bai
[W::bam_next_basemod] MM tag refers to bases beyond sequence length
[W::bam_next_basemod] MM tag refers to bases beyond sequence length
[W::hts_idx_load3] The index file is older than the data file: /bip7_disk/pingting114/mixed_bam/COLO829_PAO/TF0_25x/TF0_25x.rep5.bam.bai
[E::bam_parse_basemod2] da52163e-66b4-460a-9352-00133d8d505f: MM tag refers to bases beyond sequence length
[W::hts_idx_load3] The index file is older than the data file: /bip7_disk/pingting114/mixed_bam/COLO829_PAO/TF0_25x/TF0_25x.rep5.bam.bai
[W::hts_idx_load3] The index file is older than the data file: /bip7_disk/pingting114/mixed_bam/COLO829_PAO/TF0_25x/TF0_25x.rep5.bam.bai
[W::hts_idx_load3] The index file is older than the data file: /bip7_disk/pingting114/mixed_bam/COLO829_PAO/TF0_25x/TF0_25x.rep5.bam.bai
[W::bam_next_basemod] MM tag refers to bases beyond sequence length
[W::hts_idx_load3] The index file is older than the data file: /bip7_disk/pingting114/mixed_bam/COLO829_PAO/TF0_25x/TF0_25x.rep5.bam.bai
[W::hts_idx_load3] The index file is older than the data file: /bip7_disk/pingting114/mixed_bam/COLO829_PAO/TF0_25x/TF0_25x.rep5.bam.bai
[W::hts_idx_load3] The index file is older than the data file: /bip7_disk/pingting114/mixed_bam/COLO829_PAO/TF0_25x/TF0_25x.rep5.bam.bai
[W::hts_idx_load3] The index file is older than the data file: /bip7_disk/pingting114/mixed_bam/COLO829_PAO/TF0_25x/TF0_25x.rep5.bam.bai
[W::hts_idx_load3] The index file is older than the data file: /bip7_disk/pingting114/mixed_bam/COLO829_PAO/TF0_25x/TF0_25x.rep5.bam.bai
[W::hts_idx_load3] The index file is older than the data file: /bip7_disk/pingting114/mixed_bam/COLO829_PAO/TF0_25x/TF0_25x.rep5.bam.bai
[W::hts_idx_load3] The index file is older than the data file: /bip7_disk/pingting114/mixed_bam/COLO829_PAO/TF0_25x/TF0_25x.rep5.bam.bai
[W::hts_idx_load3] The index file is older than the data file: /bip7_disk/pingting114/mixed_bam/COLO829_PAO/TF0_25x/TF0_25x.rep5.bam.bai
[E::bam_parse_basemod2] fe88b674-64af-4bb7-aec5-1014d676ed1b: MM tag refers to bases beyond sequence length
[W::hts_idx_load3] The index file is older than the data file: /bip7_disk/pingting114/mixed_bam/COLO829_PAO/TF0_25x/TF0_25x.rep5.bam.bai
[W::hts_idx_load3] The index file is older than the data file: /bip7_disk/pingting114/mixed_bam/COLO829_PAO/TF0_25x/TF0_25x.rep5.bam.bai
[W::bam_next_basemod] MM tag refers to bases beyond sequence length
[W::hts_idx_load3] The index file is older than the data file: /bip7_disk/pingting114/mixed_bam/COLO829_PAO/TF0_25x/TF0_25x.rep5.bam.bai
[W::hts_idx_load3] The index file is older than the data file: /bip7_disk/pingting114/mixed_bam/COLO829_PAO/TF0_25x/TF0_25x.rep5.bam.bai
[W::bam_next_basemod] MM tag refers to bases beyond sequence length
[W::hts_idx_load3] The index file is older than the data file: /bip7_disk/pingting114/mixed_bam/COLO829_PAO/TF0_25x/TF0_25x.rep5.bam.bai
[W::hts_idx_load3] The index file is older than the data file: /bip7_disk/pingting114/mixed_bam/COLO829_PAO/TF0_25x/TF0_25x.rep5.bam.bai
[W::hts_idx_load3] The index file is older than the data file: /bip7_disk/pingting114/mixed_bam/COLO829_PAO/TF0_25x/TF0_25x.rep5.bam.bai
[W::hts_idx_load3] The index file is older than the data file: /bip7_disk/pingting114/mixed_bam/COLO829_PAO/TF0_25x/TF0_25x.rep5.bam.bai
[W::hts_idx_load3] The index file is older than the data file: /bip7_disk/pingting114/mixed_bam/COLO829_PAO/TF0_25x/TF0_25x.rep5.bam.bai
[W::hts_idx_load3] The index file is older than the data file: /bip7_disk/pingting114/mixed_bam/COLO829_PAO/TF0_25x/TF0_25x.rep5.bam.bai
[W::hts_idx_load3] The index file is older than the data file: /bip7_disk/pingting114/mixed_bam/COLO829_PAO/TF0_25x/TF0_25x.rep5.bam.bai
[W::hts_idx_load3] The index file is older than the data file: /bip7_disk/pingting114/mixed_bam/COLO829_PAO/TF0_25x/TF0_25x.rep5.bam.bai
[E::bam_parse_basemod2] 3a91e141-c761-4a9e-ae8a-245e80a6e25b: MM tag refers to bases beyond sequence length
[W::hts_idx_load3] The index file is older than the data file: /bip7_disk/pingting114/mixed_bam/COLO829_PAO/TF0_25x/TF0_25x.rep5.bam.bai
[E::bam_parse_basemod2] 478e7022-a43d-43e1-b935-7d0bfeac9bfb: MM tag refers to bases beyond sequence length
[W::hts_idx_load3] The index file is older than the data file: /bip7_disk/pingting114/mixed_bam/COLO829_PAO/TF0_25x/TF0_25x.rep5.bam.bai
[W::bam_next_basemod] MM tag refers to bases beyond sequence length
[W::hts_idx_load3] The index file is older than the data file: /bip7_disk/pingting114/mixed_bam/COLO829_PAO/TF0_25x/TF0_25x.rep5.bam.bai
[E::bam_parse_basemod2] 6276c828-f7ae-417b-be21-665de70fc60d: MM tag refers to bases beyond sequence length
[W::hts_idx_load3] The index file is older than the data file: /bip7_disk/pingting114/mixed_bam/COLO829_PAO/TF0_25x/TF0_25x.rep5.bam.bai
[W::bam_next_basemod] MM tag refers to bases beyond sequence length
[W::hts_idx_load3] The index file is older than the data file: /bip7_disk/pingting114/mixed_bam/COLO829_PAO/TF0_25x/TF0_25x.rep5.bam.bai
[W::hts_idx_load3] The index file is older than the data file: /bip7_disk/pingting114/mixed_bam/COLO829_PAO/TF0_25x/TF0_25x.rep5.bam.bai
[W::hts_idx_load3] The index file is older than the data file: /bip7_disk/pingting114/mixed_bam/COLO829_PAO/TF0_25x/TF0_25x.rep5.bam.bai
[W::bam_next_basemod] MM tag refers to bases beyond sequence length
[W::hts_idx_load3] The index file is older than the data file: /bip7_disk/pingting114/mixed_bam/COLO829_PAO/TF0_25x/TF0_25x.rep5.bam.bai
[W::hts_idx_load3] The index file is older than the data file: /bip7_disk/pingting114/mixed_bam/COLO829_PAO/TF0_25x/TF0_25x.rep5.bam.bai
[W::hts_idx_load3] The index file is older than the data file: /bip7_disk/pingting114/mixed_bam/COLO829_PAO/TF0_25x/TF0_25x.rep5.bam.bai
[W::hts_idx_load3] The index file is older than the data file: /bip7_disk/pingting114/mixed_bam/COLO829_PAO/TF0_25x/TF0_25x.rep5.bam.bai
[W::hts_idx_load3] The index file is older than the data file: /bip7_disk/pingting114/mixed_bam/COLO829_PAO/TF0_25x/TF0_25x.rep5.bam.bai
[W::hts_idx_load3] The index file is older than the data file: /bip7_disk/pingting114/mixed_bam/COLO829_PAO/TF0_25x/TF0_25x.rep5.bam.bai
[W::hts_idx_load3] The index file is older than the data file: /bip7_disk/pingting114/mixed_bam/COLO829_PAO/TF0_25x/TF0_25x.rep5.bam.bai
[W::hts_idx_load3] The index file is older than the data file: /bip7_disk/pingting114/mixed_bam/COLO829_PAO/TF0_25x/TF0_25x.rep5.bam.bai
[W::hts_idx_load3] The index file is older than the data file: /bip7_disk/pingting114/mixed_bam/COLO829_PAO/TF0_25x/TF0_25x.rep5.bam.bai
[E::bam_parse_basemod2] fd102447-61f0-405d-a917-a0f12a0affe8: MM tag refers to bases beyond sequence length
[W::hts_idx_load3] The index file is older than the data file: /bip7_disk/pingting114/mixed_bam/COLO829_PAO/TF0_25x/TF0_25x.rep5.bam.bai
[W::hts_idx_load3] The index file is older than the data file: /bip7_disk/pingting114/mixed_bam/COLO829_PAO/TF0_25x/TF0_25x.rep5.bam.bai
[W::hts_idx_load3] The index file is older than the data file: /bip7_disk/pingting114/mixed_bam/COLO829_PAO/TF0_25x/TF0_25x.rep5.bam.bai
[W::bam_next_basemod] MM tag refers to bases beyond sequence length
[W::hts_idx_load3] The index file is older than the data file: /bip7_disk/pingting114/mixed_bam/COLO829_PAO/TF0_25x/TF0_25x.rep5.bam.bai
[W::bam_next_basemod] MM tag refers to bases beyond sequence length
[W::hts_idx_load3] The index file is older than the data file: /bip7_disk/pingting114/mixed_bam/COLO829_PAO/TF0_25x/TF0_25x.rep5.bam.bai
[W::hts_idx_load3] The index file is older than the data file: /bip7_disk/pingting114/mixed_bam/COLO829_PAO/TF0_25x/TF0_25x.rep5.bam.bai
[E::bam_parse_basemod2] 6311de66-e2dc-4cd5-b26c-c3d6ee163314: MM tag refers to bases beyond sequence length
[W::bam_next_basemod] MM tag refers to bases beyond sequence length
[W::hts_idx_load3] The index file is older than the data file: /bip7_disk/pingting114/mixed_bam/COLO829_PAO/TF0_25x/TF0_25x.rep5.bam.bai
[W::hts_idx_load3] The index file is older than the data file: /bip7_disk/pingting114/mixed_bam/COLO829_PAO/TF0_25x/TF0_25x.rep5.bam.bai
[E::bam_parse_basemod2] f0710927-a234-4833-aa53-5bae2ecea1cb: MM tag refers to bases beyond sequence length
[W::hts_idx_load3] The index file is older than the data file: /bip7_disk/pingting114/mixed_bam/COLO829_PAO/TF0_25x/TF0_25x.rep5.bam.bai
[W::bam_next_basemod] MM tag refers to bases beyond sequence length
[W::hts_idx_load3] The index file is older than the data file: /bip7_disk/pingting114/mixed_bam/COLO829_PAO/TF0_25x/TF0_25x.rep5.bam.bai
[W::hts_idx_load3] The index file is older than the data file: /bip7_disk/pingting114/mixed_bam/COLO829_PAO/TF0_25x/TF0_25x.rep5.bam.bai
[W::hts_idx_load3] The index file is older than the data file: /bip7_disk/pingting114/mixed_bam/COLO829_PAO/TF0_25x/TF0_25x.rep5.bam.bai
[W::hts_idx_load3] The index file is older than the data file: /bip7_disk/pingting114/mixed_bam/COLO829_PAO/TF0_25x/TF0_25x.rep5.bam.bai
[W::bam_next_basemod] MM tag refers to bases beyond sequence length
[W::hts_idx_load3] The index file is older than the data file: /bip7_disk/pingting114/mixed_bam/COLO829_PAO/TF0_25x/TF0_25x.rep5.bam.bai
[W::hts_idx_load3] The index file is older than the data file: /bip7_disk/pingting114/mixed_bam/COLO829_PAO/TF0_25x/TF0_25x.rep5.bam.bai
[W::hts_idx_load3] The index file is older than the data file: /bip7_disk/pingting114/mixed_bam/COLO829_PAO/TF0_25x/TF0_25x.rep5.bam.bai
[W::hts_idx_load3] The index file is older than the data file: /bip7_disk/pingting114/mixed_bam/COLO829_PAO/TF0_25x/TF0_25x.rep5.bam.bai
[W::hts_idx_load3] The index file is older than the data file: /bip7_disk/pingting114/mixed_bam/COLO829_PAO/TF0_25x/TF0_25x.rep5.bam.bai
[W::hts_idx_load3] The index file is older than the data file: /bip7_disk/pingting114/mixed_bam/COLO829_PAO/TF0_25x/TF0_25x.rep5.bam.bai
[W::hts_idx_load3] The index file is older than the data file: /bip7_disk/pingting114/mixed_bam/COLO829_PAO/TF0_25x/TF0_25x.rep5.bam.bai
[W::bam_next_basemod] MM tag refers to bases beyond sequence length
[W::hts_idx_load3] The index file is older than the data file: /bip7_disk/pingting114/mixed_bam/COLO829_PAO/TF0_25x/TF0_25x.rep5.bam.bai
[W::bam_next_basemod] MM tag refers to bases beyond sequence length
[W::hts_idx_load3] The index file is older than the data file: /bip7_disk/pingting114/mixed_bam/COLO829_PAO/TF0_25x/TF0_25x.rep5.bam.bai
[W::hts_idx_load3] The index file is older than the data file: /bip7_disk/pingting114/mixed_bam/COLO829_PAO/TF0_25x/TF0_25x.rep5.bam.bai
[W::hts_idx_load3] The index file is older than the data file: /bip7_disk/pingting114/mixed_bam/COLO829_PAO/TF0_25x/TF0_25x.rep5.bam.bai
[W::hts_idx_load3] The index file is older than the data file: /bip7_disk/pingting114/mixed_bam/COLO829_PAO/TF0_25x/TF0_25x.rep5.bam.bai
[W::hts_idx_load3] The index file is older than the data file: /bip7_disk/pingting114/mixed_bam/COLO829_PAO/TF0_25x/TF0_25x.rep5.bam.bai
[W::hts_idx_load3] The index file is older than the data file: /bip7_disk/pingting114/mixed_bam/COLO829_PAO/TF0_25x/TF0_25x.rep5.bam.bai
[W::hts_idx_load3] The index file is older than the data file: /bip7_disk/pingting114/mixed_bam/COLO829_PAO/TF0_25x/TF0_25x.rep5.bam.bai
[W::hts_idx_load3] The index file is older than the data file: /bip7_disk/pingting114/mixed_bam/COLO829_PAO/TF0_25x/TF0_25x.rep5.bam.bai
[W::hts_idx_load3] The index file is older than the data file: /bip7_disk/pingting114/mixed_bam/COLO829_PAO/TF0_25x/TF0_25x.rep5.bam.bai
[W::hts_idx_load3] The index file is older than the data file: /bip7_disk/pingting114/mixed_bam/COLO829_PAO/TF0_25x/TF0_25x.rep5.bam.bai
[E::bam_parse_basemod2] 8bc2ab47-e2eb-48e5-89af-c1cffbd53b08: MM tag refers to bases beyond sequence length
[E::bam_parse_basemod2] e3ca72f2-cb89-45c2-9ba0-9cb53ebd6afa: MM tag refers to bases beyond sequence length
[W::hts_idx_load3] The index file is older than the data file: /bip7_disk/pingting114/mixed_bam/COLO829_PAO/TF0_25x/TF0_25x.rep5.bam.bai
[W::hts_idx_load3] The index file is older than the data file: /bip7_disk/pingting114/mixed_bam/COLO829_PAO/TF0_25x/TF0_25x.rep5.bam.bai
[W::hts_idx_load3] The index file is older than the data file: /bip7_disk/pingting114/mixed_bam/COLO829_PAO/TF0_25x/TF0_25x.rep5.bam.bai
[W::hts_idx_load3] The index file is older than the data file: /bip7_disk/pingting114/mixed_bam/COLO829_PAO/TF0_25x/TF0_25x.rep5.bam.bai
[W::hts_idx_load3] The index file is older than the data file: /bip7_disk/pingting114/mixed_bam/COLO829_PAO/TF0_25x/TF0_25x.rep5.bam.bai
[W::hts_idx_load3] The index file is older than the data file: /bip7_disk/pingting114/mixed_bam/COLO829_PAO/TF0_25x/TF0_25x.rep5.bam.bai
[E::bam_parse_basemod2] e69a53ab-f5f6-422d-acd8-65a91f89246d: MM tag refers to bases beyond sequence length
[E::bam_parse_basemod2] 82ef3966-adc0-4716-8cb9-90159281e1c5: MM tag refers to bases beyond sequence length
[W::hts_idx_load3] The index file is older than the data file: /bip7_disk/pingting114/mixed_bam/COLO829_PAO/TF0_25x/TF0_25x.rep5.bam.bai
[W::hts_idx_load3] The index file is older than the data file: /bip7_disk/pingting114/mixed_bam/COLO829_PAO/TF0_25x/TF0_25x.rep5.bam.bai
[W::hts_idx_load3] The index file is older than the data file: /bip7_disk/pingting114/mixed_bam/COLO829_PAO/TF0_25x/TF0_25x.rep5.bam.bai
[W::hts_idx_load3] The index file is older than the data file: /bip7_disk/pingting114/mixed_bam/COLO829_PAO/TF0_25x/TF0_25x.rep5.bam.bai
[W::hts_idx_load3] The index file is older than the data file: /bip7_disk/pingting114/mixed_bam/COLO829_PAO/TF0_25x/TF0_25x.rep5.bam.bai
[W::bam_next_basemod] MM tag refers to bases beyond sequence length
[E::bam_parse_basemod2] ac4a3948-59e2-4c70-b22c-6d4f9020f2a8: MM tag refers to bases beyond sequence length
[W::hts_idx_load3] The index file is older than the data file: /bip7_disk/pingting114/mixed_bam/COLO829_PAO/TF0_25x/TF0_25x.rep5.bam.bai
[W::hts_idx_load3] The index file is older than the data file: /bip7_disk/pingting114/mixed_bam/COLO829_PAO/TF0_25x/TF0_25x.rep5.bam.bai
[E::bam_parse_basemod2] d54f2ef3-0ddb-44bb-8e19-60fa77818806: MM tag refers to bases beyond sequence length
[W::bam_next_basemod] MM tag refers to bases beyond sequence length
[W::bam_next_basemod] MM tag refers to bases beyond sequence length
[E::bam_parse_basemod2] f1e0635e-c22b-4d7d-b7c6-0c2614cac343: MM tag refers to bases beyond sequence length
[W::hts_idx_load3] The index file is older than the data file: /bip7_disk/pingting114/mixed_bam/COLO829_PAO/TF0_25x/TF0_25x.rep5.bam.bai
[W::hts_idx_load3] The index file is older than the data file: /bip7_disk/pingting114/mixed_bam/COLO829_PAO/TF0_25x/TF0_25x.rep5.bam.bai
[W::hts_idx_load3] The index file is older than the data file: /bip7_disk/pingting114/mixed_bam/COLO829_PAO/TF0_25x/TF0_25x.rep5.bam.bai
[W::hts_idx_load3] The index file is older than the data file: /bip7_disk/pingting114/mixed_bam/COLO829_PAO/TF0_25x/TF0_25x.rep5.bam.bai
[W::bam_next_basemod] MM tag refers to bases beyond sequence length
[W::bam_next_basemod] MM tag refers to bases beyond sequence length
[W::hts_idx_load3] The index file is older than the data file: /bip7_disk/pingting114/mixed_bam/COLO829_PAO/TF0_25x/TF0_25x.rep5.bam.bai
[W::bam_next_basemod] MM tag refers to bases beyond sequence length
[W::hts_idx_load3] The index file is older than the data file: /bip7_disk/pingting114/mixed_bam/COLO829_PAO/TF0_25x/TF0_25x.rep5.bam.bai
[W::hts_idx_load3] The index file is older than the data file: /bip7_disk/pingting114/mixed_bam/COLO829_PAO/TF0_25x/TF0_25x.rep5.bam.bai
[W::hts_idx_load3] The index file is older than the data file: /bip7_disk/pingting114/mixed_bam/COLO829_PAO/TF0_25x/TF0_25x.rep5.bam.bai
[W::hts_idx_load3] The index file is older than the data file: /bip7_disk/pingting114/mixed_bam/COLO829_PAO/TF0_25x/TF0_25x.rep5.bam.bai
[W::hts_idx_load3] The index file is older than the data file: /bip7_disk/pingting114/mixed_bam/COLO829_PAO/TF0_25x/TF0_25x.rep5.bam.bai
[W::bam_next_basemod] MM tag refers to bases beyond sequence length
[E::bam_parse_basemod2] 3573fe0b-677f-44a0-a004-0c8b494ee056: MM tag refers to bases beyond sequence length
[W::hts_idx_load3] The index file is older than the data file: /bip7_disk/pingting114/mixed_bam/COLO829_PAO/TF0_25x/TF0_25x.rep5.bam.bai
[W::bam_next_basemod] MM tag refers to bases beyond sequence length
[E::bam_parse_basemod2] ea45e4e5-1d39-4f1e-877d-3169da6ecd37: MM tag refers to bases beyond sequence length
[W::hts_idx_load3] The index file is older than the data file: /bip7_disk/pingting114/mixed_bam/COLO829_PAO/TF0_25x/TF0_25x.rep5.bam.bai
[W::hts_idx_load3] The index file is older than the data file: /bip7_disk/pingting114/mixed_bam/COLO829_PAO/TF0_25x/TF0_25x.rep5.bam.bai
[W::bam_next_basemod] MM tag refers to bases beyond sequence length
[W::hts_idx_load3] The index file is older than the data file: /bip7_disk/pingting114/mixed_bam/COLO829_PAO/TF0_25x/TF0_25x.rep5.bam.bai
[W::hts_idx_load3] The index file is older than the data file: /bip7_disk/pingting114/mixed_bam/COLO829_PAO/TF0_25x/TF0_25x.rep5.bam.bai
[W::hts_idx_load3] The index file is older than the data file: /bip7_disk/pingting114/mixed_bam/COLO829_PAO/TF0_25x/TF0_25x.rep5.bam.bai
[W::bam_next_basemod] MM tag refers to bases beyond sequence length
[W::hts_idx_load3] The index file is older than the data file: /bip7_disk/pingting114/mixed_bam/COLO829_PAO/TF0_25x/TF0_25x.rep5.bam.bai
[W::bam_next_basemod] MM tag refers to bases beyond sequence length
[W::hts_idx_load3] The index file is older than the data file: /bip7_disk/pingting114/mixed_bam/COLO829_PAO/TF0_25x/TF0_25x.rep5.bam.bai
[W::hts_idx_load3] The index file is older than the data file: /bip7_disk/pingting114/mixed_bam/COLO829_PAO/TF0_25x/TF0_25x.rep5.bam.bai
[E::bam_parse_basemod2] 3201bc50-47bc-478b-baa5-fb1736255d37: MM tag refers to bases beyond sequence length
[W::hts_idx_load3] The index file is older than the data file: /bip7_disk/pingting114/mixed_bam/COLO829_PAO/TF0_25x/TF0_25x.rep5.bam.bai
[W::hts_idx_load3] The index file is older than the data file: /bip7_disk/pingting114/mixed_bam/COLO829_PAO/TF0_25x/TF0_25x.rep5.bam.bai
[W::hts_idx_load3] The index file is older than the data file: /bip7_disk/pingting114/mixed_bam/COLO829_PAO/TF0_25x/TF0_25x.rep5.bam.bai
[W::bam_next_basemod] MM tag refers to bases beyond sequence length
[W::hts_idx_load3] The index file is older than the data file: /bip7_disk/pingting114/mixed_bam/COLO829_PAO/TF0_25x/TF0_25x.rep5.bam.bai
[W::hts_idx_load3] The index file is older than the data file: /bip7_disk/pingting114/mixed_bam/COLO829_PAO/TF0_25x/TF0_25x.rep5.bam.bai
[E::bam_parse_basemod2] 41cc76e1-29e3-420f-b305-dafdcd60277e: MM tag refers to bases beyond sequence length
[W::hts_idx_load3] The index file is older than the data file: /bip7_disk/pingting114/mixed_bam/COLO829_PAO/TF0_25x/TF0_25x.rep5.bam.bai
[W::bam_next_basemod] MM tag refers to bases beyond sequence length
[W::hts_idx_load3] The index file is older than the data file: /bip7_disk/pingting114/mixed_bam/COLO829_PAO/TF0_25x/TF0_25x.rep5.bam.bai
[W::hts_idx_load3] The index file is older than the data file: /bip7_disk/pingting114/mixed_bam/COLO829_PAO/TF0_25x/TF0_25x.rep5.bam.bai
[W::hts_idx_load3] The index file is older than the data file: /bip7_disk/pingting114/mixed_bam/COLO829_PAO/TF0_25x/TF0_25x.rep5.bam.bai
[W::hts_idx_load3] The index file is older than the data file: /bip7_disk/pingting114/mixed_bam/COLO829_PAO/TF0_25x/TF0_25x.rep5.bam.bai
[W::hts_idx_load3] The index file is older than the data file: /bip7_disk/pingting114/mixed_bam/COLO829_PAO/TF0_25x/TF0_25x.rep5.bam.bai
[W::bam_next_basemod] MM tag refers to bases beyond sequence length
[W::hts_idx_load3] The index file is older than the data file: /bip7_disk/pingting114/mixed_bam/COLO829_PAO/TF0_25x/TF0_25x.rep5.bam.bai
[W::bam_next_basemod] MM tag refers to bases beyond sequence length
[W::bam_next_basemod] MM tag refers to bases beyond sequence length
[W::bam_next_basemod] MM tag refers to bases beyond sequence length
[W::bam_next_basemod] MM tag refers to bases beyond sequence length
[E::bam_parse_basemod2] a39805bb-d8a0-4e3a-8022-f79040e7062a: MM tag refers to bases beyond sequence length
[E::bam_parse_basemod2] 18620641-6f5b-43d9-ae1d-9e995090b23d: MM tag refers to bases beyond sequence length
[E::bam_parse_basemod2] 5de3bf57-b42a-4790-ac61-1be6736bb01e: MM tag refers to bases beyond sequence length
[E::bam_parse_basemod2] 1eb468de-b026-4c78-835b-e5409cf88d88: MM tag refers to bases beyond sequence length
[E::bam_parse_basemod2] b96f547e-754f-46e8-84b3-37f02894f23b: MM tag refers to bases beyond sequence length
[E::bam_parse_basemod2] 9a0f7bbe-fcca-4f05-866b-dd9d305f028f: MM tag refers to bases beyond sequence length
[E::bam_parse_basemod2] 886520a0-07a8-4eee-8e87-52f6610cdaa3: MM tag refers to bases beyond sequence length
[W::bam_next_basemod] MM tag refers to bases beyond sequence length
[W::hts_idx_load3] The index file is older than the data file: /bip7_disk/pingting114/mixed_bam/COLO829_PAO/TF0_25x/TF0_25x.rep5.bam.bai
[E::bam_parse_basemod2] 2d2d9c69-4066-4dff-a577-6a3cb0eb2ec1: MM tag refers to bases beyond sequence length
[W::hts_idx_load3] The index file is older than the data file: /bip7_disk/pingting114/mixed_bam/COLO829_PAO/TF0_25x/TF0_25x.rep5.bam.bai
[W::bam_next_basemod] MM tag refers to bases beyond sequence length
[W::bam_next_basemod] MM tag refers to bases beyond sequence length
[W::hts_idx_load3] The index file is older than the data file: /bip7_disk/pingting114/mixed_bam/COLO829_PAO/TF0_25x/TF0_25x.rep5.bam.bai
[W::bam_next_basemod] MM tag refers to bases beyond sequence length
[W::hts_idx_load3] The index file is older than the data file: /bip7_disk/pingting114/mixed_bam/COLO829_PAO/TF0_25x/TF0_25x.rep5.bam.bai
[W::hts_idx_load3] The index file is older than the data file: /bip7_disk/pingting114/mixed_bam/COLO829_PAO/TF0_25x/TF0_25x.rep5.bam.bai
[W::hts_idx_load3] The index file is older than the data file: /bip7_disk/pingting114/mixed_bam/COLO829_PAO/TF0_25x/TF0_25x.rep5.bam.bai
[W::hts_idx_load3] The index file is older than the data file: /bip7_disk/pingting114/mixed_bam/COLO829_PAO/TF0_25x/TF0_25x.rep5.bam.bai
[W::hts_idx_load3] The index file is older than the data file: /bip7_disk/pingting114/mixed_bam/COLO829_PAO/TF0_25x/TF0_25x.rep5.bam.bai
[W::hts_idx_load3] The index file is older than the data file: /bip7_disk/pingting114/mixed_bam/COLO829_PAO/TF0_25x/TF0_25x.rep5.bam.bai
[W::hts_idx_load3] The index file is older than the data file: /bip7_disk/pingting114/mixed_bam/COLO829_PAO/TF0_25x/TF0_25x.rep5.bam.bai
[W::bam_next_basemod] MM tag refers to bases beyond sequence length
[W::hts_idx_load3] The index file is older than the data file: /bip7_disk/pingting114/mixed_bam/COLO829_PAO/TF0_25x/TF0_25x.rep5.bam.bai
[W::bam_next_basemod] MM tag refers to bases beyond sequence length
[W::hts_idx_load3] The index file is older than the data file: /bip7_disk/pingting114/mixed_bam/COLO829_PAO/TF0_25x/TF0_25x.rep5.bam.bai
[W::hts_idx_load3] The index file is older than the data file: /bip7_disk/pingting114/mixed_bam/COLO829_PAO/TF0_25x/TF0_25x.rep5.bam.bai
[W::hts_idx_load3] The index file is older than the data file: /bip7_disk/pingting114/mixed_bam/COLO829_PAO/TF0_25x/TF0_25x.rep5.bam.bai
[W::bam_next_basemod] MM tag refers to bases beyond sequence length
[W::bam_next_basemod] MM tag refers to bases beyond sequence length
[W::hts_idx_load3] The index file is older than the data file: /bip7_disk/pingting114/mixed_bam/COLO829_PAO/TF0_25x/TF0_25x.rep5.bam.bai
[W::bam_next_basemod] MM tag refers to bases beyond sequence length
[W::hts_idx_load3] The index file is older than the data file: /bip7_disk/pingting114/mixed_bam/COLO829_PAO/TF0_25x/TF0_25x.rep5.bam.bai
[W::hts_idx_load3] The index file is older than the data file: /bip7_disk/pingting114/mixed_bam/COLO829_PAO/TF0_25x/TF0_25x.rep5.bam.bai
[E::bam_parse_basemod2] 50748771-6bf6-4e99-82d5-35627f779005: MM tag refers to bases beyond sequence length
[W::hts_idx_load3] The index file is older than the data file: /bip7_disk/pingting114/mixed_bam/COLO829_PAO/TF0_25x/TF0_25x.rep5.bam.bai
[W::hts_idx_load3] The index file is older than the data file: /bip7_disk/pingting114/mixed_bam/COLO829_PAO/TF0_25x/TF0_25x.rep5.bam.bai
[W::hts_idx_load3] The index file is older than the data file: /bip7_disk/pingting114/mixed_bam/COLO829_PAO/TF0_25x/TF0_25x.rep5.bam.bai
[E::bam_parse_basemod2] 4d71a620-2fe2-4712-ac1e-08e3bb31dd33: MM tag refers to bases beyond sequence length
[W::hts_idx_load3] The index file is older than the data file: /bip7_disk/pingting114/mixed_bam/COLO829_PAO/TF0_25x/TF0_25x.rep5.bam.bai
[W::hts_idx_load3] The index file is older than the data file: /bip7_disk/pingting114/mixed_bam/COLO829_PAO/TF0_25x/TF0_25x.rep5.bam.bai
[W::bam_next_basemod] MM tag refers to bases beyond sequence length
[E::bam_parse_basemod2] ffeb6e65-f3a0-48b0-94f7-84dd22925545: MM tag refers to bases beyond sequence length
[W::hts_idx_load3] The index file is older than the data file: /bip7_disk/pingting114/mixed_bam/COLO829_PAO/TF0_25x/TF0_25x.rep5.bam.bai
[W::hts_idx_load3] The index file is older than the data file: /bip7_disk/pingting114/mixed_bam/COLO829_PAO/TF0_25x/TF0_25x.rep5.bam.bai
[W::hts_idx_load3] The index file is older than the data file: /bip7_disk/pingting114/mixed_bam/COLO829_PAO/TF0_25x/TF0_25x.rep5.bam.bai
[W::hts_idx_load3] The index file is older than the data file: /bip7_disk/pingting114/mixed_bam/COLO829_PAO/TF0_25x/TF0_25x.rep5.bam.bai
[W::hts_idx_load3] The index file is older than the data file: /bip7_disk/pingting114/mixed_bam/COLO829_PAO/TF0_25x/TF0_25x.rep5.bam.bai
[W::hts_idx_load3] The index file is older than the data file: /bip7_disk/pingting114/mixed_bam/COLO829_PAO/TF0_25x/TF0_25x.rep5.bam.bai
[W::hts_idx_load3] The index file is older than the data file: /bip7_disk/pingting114/mixed_bam/COLO829_PAO/TF0_25x/TF0_25x.rep5.bam.bai
[W::hts_idx_load3] The index file is older than the data file: /bip7_disk/pingting114/mixed_bam/COLO829_PAO/TF0_25x/TF0_25x.rep5.bam.bai
[W::hts_idx_load3] The index file is older than the data file: /bip7_disk/pingting114/mixed_bam/COLO829_PAO/TF0_25x/TF0_25x.rep5.bam.bai
[W::bam_next_basemod] MM tag refers to bases beyond sequence length
[W::hts_idx_load3] The index file is older than the data file: /bip7_disk/pingting114/mixed_bam/COLO829_PAO/TF0_25x/TF0_25x.rep5.bam.bai
[E::bam_parse_basemod2] caa87ae7-6047-474a-9388-08cc47daa3ce: MM tag refers to bases beyond sequence length
[W::hts_idx_load3] The index file is older than the data file: /bip7_disk/pingting114/mixed_bam/COLO829_PAO/TF0_25x/TF0_25x.rep5.bam.bai
[W::hts_idx_load3] The index file is older than the data file: /bip7_disk/pingting114/mixed_bam/COLO829_PAO/TF0_25x/TF0_25x.rep5.bam.bai
[W::bam_next_basemod] MM tag refers to bases beyond sequence length
[W::hts_idx_load3] The index file is older than the data file: /bip7_disk/pingting114/mixed_bam/COLO829_PAO/TF0_25x/TF0_25x.rep5.bam.bai
[W::hts_idx_load3] The index file is older than the data file: /bip7_disk/pingting114/mixed_bam/COLO829_PAO/TF0_25x/TF0_25x.rep5.bam.bai
[E::bam_parse_basemod2] 3251a5c8-da85-434e-9bfa-774d3550de43: MM tag refers to bases beyond sequence length
[W::hts_idx_load3] The index file is older than the data file: /bip7_disk/pingting114/mixed_bam/COLO829_PAO/TF0_25x/TF0_25x.rep5.bam.bai
[W::bam_next_basemod] MM tag refers to bases beyond sequence length
[W::hts_idx_load3] The index file is older than the data file: /bip7_disk/pingting114/mixed_bam/COLO829_PAO/TF0_25x/TF0_25x.rep5.bam.bai
[W::hts_idx_load3] The index file is older than the data file: /bip7_disk/pingting114/mixed_bam/COLO829_PAO/TF0_25x/TF0_25x.rep5.bam.bai
[W::hts_idx_load3] The index file is older than the data file: /bip7_disk/pingting114/mixed_bam/COLO829_PAO/TF0_25x/TF0_25x.rep5.bam.bai
[E::bam_parse_basemod2] cabc2ef2-1ec0-4924-862f-1bbfda0ecb79: MM tag refers to bases beyond sequence length
[W::hts_idx_load3] The index file is older than the data file: /bip7_disk/pingting114/mixed_bam/COLO829_PAO/TF0_25x/TF0_25x.rep5.bam.bai
[W::hts_idx_load3] The index file is older than the data file: /bip7_disk/pingting114/mixed_bam/COLO829_PAO/TF0_25x/TF0_25x.rep5.bam.bai
[W::hts_idx_load3] The index file is older than the data file: /bip7_disk/pingting114/mixed_bam/COLO829_PAO/TF0_25x/TF0_25x.rep5.bam.bai
[W::hts_idx_load3] The index file is older than the data file: /bip7_disk/pingting114/mixed_bam/COLO829_PAO/TF0_25x/TF0_25x.rep5.bam.bai
[W::hts_idx_load3] The index file is older than the data file: /bip7_disk/pingting114/mixed_bam/COLO829_PAO/TF0_25x/TF0_25x.rep5.bam.bai
[W::bam_next_basemod] MM tag refers to bases beyond sequence length
[W::hts_idx_load3] The index file is older than the data file: /bip7_disk/pingting114/mixed_bam/COLO829_PAO/TF0_25x/TF0_25x.rep5.bam.bai
[E::bam_parse_basemod2] ee025df7-e9ba-4567-afce-1ccf66130ea1: MM tag refers to bases beyond sequence length
[W::hts_idx_load3] The index file is older than the data file: /bip7_disk/pingting114/mixed_bam/COLO829_PAO/TF0_25x/TF0_25x.rep5.bam.bai
[W::hts_idx_load3] The index file is older than the data file: /bip7_disk/pingting114/mixed_bam/COLO829_PAO/TF0_25x/TF0_25x.rep5.bam.bai
[E::bam_parse_basemod2] c1a1c65e-b2a0-42e0-b707-d0511149be2e: MM tag refers to bases beyond sequence length
[W::hts_idx_load3] The index file is older than the data file: /bip7_disk/pingting114/mixed_bam/COLO829_PAO/TF0_25x/TF0_25x.rep5.bam.bai
[W::hts_idx_load3] The index file is older than the data file: /bip7_disk/pingting114/mixed_bam/COLO829_PAO/TF0_25x/TF0_25x.rep5.bam.bai
[W::bam_next_basemod] MM tag refers to bases beyond sequence length
[W::hts_idx_load3] The index file is older than the data file: /bip7_disk/pingting114/mixed_bam/COLO829_PAO/TF0_25x/TF0_25x.rep5.bam.bai
[E::bam_parse_basemod2] 540f4242-2bf2-43e2-97a2-666b9c56c4f5: MM tag refers to bases beyond sequence length
[W::hts_idx_load3] The index file is older than the data file: /bip7_disk/pingting114/mixed_bam/COLO829_PAO/TF0_25x/TF0_25x.rep5.bam.bai
[W::bam_next_basemod] MM tag refers to bases beyond sequence length
[W::hts_idx_load3] The index file is older than the data file: /bip7_disk/pingting114/mixed_bam/COLO829_PAO/TF0_25x/TF0_25x.rep5.bam.bai
[W::bam_next_basemod] MM tag refers to bases beyond sequence length
[W::hts_idx_load3] The index file is older than the data file: /bip7_disk/pingting114/mixed_bam/COLO829_PAO/TF0_25x/TF0_25x.rep5.bam.bai
[W::bam_next_basemod] MM tag refers to bases beyond sequence length
[W::hts_idx_load3] The index file is older than the data file: /bip7_disk/pingting114/mixed_bam/COLO829_PAO/TF0_25x/TF0_25x.rep5.bam.bai
[W::hts_idx_load3] The index file is older than the data file: /bip7_disk/pingting114/mixed_bam/COLO829_PAO/TF0_25x/TF0_25x.rep5.bam.bai
[W::hts_idx_load3] The index file is older than the data file: /bip7_disk/pingting114/mixed_bam/COLO829_PAO/TF0_25x/TF0_25x.rep5.bam.bai
[W::hts_idx_load3] The index file is older than the data file: /bip7_disk/pingting114/mixed_bam/COLO829_PAO/TF0_25x/TF0_25x.rep5.bam.bai
[W::hts_idx_load3] The index file is older than the data file: /bip7_disk/pingting114/mixed_bam/COLO829_PAO/TF0_25x/TF0_25x.rep5.bam.bai
[W::hts_idx_load3] The index file is older than the data file: /bip7_disk/pingting114/mixed_bam/COLO829_PAO/TF0_25x/TF0_25x.rep5.bam.bai
[W::bam_next_basemod] MM tag refers to bases beyond sequence length
[W::hts_idx_load3] The index file is older than the data file: /bip7_disk/pingting114/mixed_bam/COLO829_PAO/TF0_25x/TF0_25x.rep5.bam.bai
[W::bam_next_basemod] MM tag refers to bases beyond sequence length
[W::hts_idx_load3] The index file is older than the data file: /bip7_disk/pingting114/mixed_bam/COLO829_PAO/TF0_25x/TF0_25x.rep5.bam.bai
[W::hts_idx_load3] The index file is older than the data file: /bip7_disk/pingting114/mixed_bam/COLO829_PAO/TF0_25x/TF0_25x.rep5.bam.bai
[W::hts_idx_load3] The index file is older than the data file: /bip7_disk/pingting114/mixed_bam/COLO829_PAO/TF0_25x/TF0_25x.rep5.bam.bai
[W::bam_next_basemod] MM tag refers to bases beyond sequence length
[W::hts_idx_load3] The index file is older than the data file: /bip7_disk/pingting114/mixed_bam/COLO829_PAO/TF0_25x/TF0_25x.rep5.bam.bai
[E::bam_parse_basemod2] 7ef6854e-d477-4b08-a40a-5494184366e9: MM tag refers to bases beyond sequence length
[W::hts_idx_load3] The index file is older than the data file: /bip7_disk/pingting114/mixed_bam/COLO829_PAO/TF0_25x/TF0_25x.rep5.bam.bai
[W::bam_next_basemod] MM tag refers to bases beyond sequence length
[W::hts_idx_load3] The index file is older than the data file: /bip7_disk/pingting114/mixed_bam/COLO829_PAO/TF0_25x/TF0_25x.rep5.bam.bai
[W::hts_idx_load3] The index file is older than the data file: /bip7_disk/pingting114/mixed_bam/COLO829_PAO/TF0_25x/TF0_25x.rep5.bam.bai
[W::hts_idx_load3] The index file is older than the data file: /bip7_disk/pingting114/mixed_bam/COLO829_PAO/TF0_25x/TF0_25x.rep5.bam.bai
[W::hts_idx_load3] The index file is older than the data file: /bip7_disk/pingting114/mixed_bam/COLO829_PAO/TF0_25x/TF0_25x.rep5.bam.bai
[E::bam_parse_basemod2] aa2ba0fc-74b2-4c45-ad28-1aff6ba961e5: MM tag refers to bases beyond sequence length
[W::hts_idx_load3] The index file is older than the data file: /bip7_disk/pingting114/mixed_bam/COLO829_PAO/TF0_25x/TF0_25x.rep5.bam.bai
[W::bam_next_basemod] MM tag refers to bases beyond sequence length
[W::hts_idx_load3] The index file is older than the data file: /bip7_disk/pingting114/mixed_bam/COLO829_PAO/TF0_25x/TF0_25x.rep5.bam.bai
[W::hts_idx_load3] The index file is older than the data file: /bip7_disk/pingting114/mixed_bam/COLO829_PAO/TF0_25x/TF0_25x.rep5.bam.bai
[W::hts_idx_load3] The index file is older than the data file: /bip7_disk/pingting114/mixed_bam/COLO829_PAO/TF0_25x/TF0_25x.rep5.bam.bai
[W::hts_idx_load3] The index file is older than the data file: /bip7_disk/pingting114/mixed_bam/COLO829_PAO/TF0_25x/TF0_25x.rep5.bam.bai
[W::hts_idx_load3] The index file is older than the data file: /bip7_disk/pingting114/mixed_bam/COLO829_PAO/TF0_25x/TF0_25x.rep5.bam.bai
[W::hts_idx_load3] The index file is older than the data file: /bip7_disk/pingting114/mixed_bam/COLO829_PAO/TF0_25x/TF0_25x.rep5.bam.bai
[W::hts_idx_load3] The index file is older than the data file: /bip7_disk/pingting114/mixed_bam/COLO829_PAO/TF0_25x/TF0_25x.rep5.bam.bai
[W::hts_idx_load3] The index file is older than the data file: /bip7_disk/pingting114/mixed_bam/COLO829_PAO/TF0_25x/TF0_25x.rep5.bam.bai
[W::hts_idx_load3] The index file is older than the data file: /bip7_disk/pingting114/mixed_bam/COLO829_PAO/TF0_25x/TF0_25x.rep5.bam.bai
[W::hts_idx_load3] The index file is older than the data file: /bip7_disk/pingting114/mixed_bam/COLO829_PAO/TF0_25x/TF0_25x.rep5.bam.bai
[W::hts_idx_load3] The index file is older than the data file: /bip7_disk/pingting114/mixed_bam/COLO829_PAO/TF0_25x/TF0_25x.rep5.bam.bai
[W::bam_next_basemod] MM tag refers to bases beyond sequence length
[W::hts_idx_load3] The index file is older than the data file: /bip7_disk/pingting114/mixed_bam/COLO829_PAO/TF0_25x/TF0_25x.rep5.bam.bai
[W::hts_idx_load3] The index file is older than the data file: /bip7_disk/pingting114/mixed_bam/COLO829_PAO/TF0_25x/TF0_25x.rep5.bam.bai
[W::hts_idx_load3] The index file is older than the data file: /bip7_disk/pingting114/mixed_bam/COLO829_PAO/TF0_25x/TF0_25x.rep5.bam.bai
[W::hts_idx_load3] The index file is older than the data file: /bip7_disk/pingting114/mixed_bam/COLO829_PAO/TF0_25x/TF0_25x.rep5.bam.bai
[E::bam_parse_basemod2] 33d3c31c-bbb1-4a58-9d3c-b8de28e28174: MM tag refers to bases beyond sequence length
[W::hts_idx_load3] The index file is older than the data file: /bip7_disk/pingting114/mixed_bam/COLO829_PAO/TF0_25x/TF0_25x.rep5.bam.bai
[W::bam_next_basemod] MM tag refers to bases beyond sequence length
[E::bam_parse_basemod2] d5e4962a-1ab4-460c-8116-be1c46feaade: MM tag refers to bases beyond sequence length
[W::bam_next_basemod] MM tag refers to bases beyond sequence length
[W::hts_idx_load3] The index file is older than the data file: /bip7_disk/pingting114/mixed_bam/COLO829_PAO/TF0_25x/TF0_25x.rep5.bam.bai
[W::hts_idx_load3] The index file is older than the data file: /bip7_disk/pingting114/mixed_bam/COLO829_PAO/TF0_25x/TF0_25x.rep5.bam.bai
[W::hts_idx_load3] The index file is older than the data file: /bip7_disk/pingting114/mixed_bam/COLO829_PAO/TF0_25x/TF0_25x.rep5.bam.bai
[W::hts_idx_load3] The index file is older than the data file: /bip7_disk/pingting114/mixed_bam/COLO829_PAO/TF0_25x/TF0_25x.rep5.bam.bai
[W::hts_idx_load3] The index file is older than the data file: /bip7_disk/pingting114/mixed_bam/COLO829_PAO/TF0_25x/TF0_25x.rep5.bam.bai
[W::hts_idx_load3] The index file is older than the data file: /bip7_disk/pingting114/mixed_bam/COLO829_PAO/TF0_25x/TF0_25x.rep5.bam.bai
[W::hts_idx_load3] The index file is older than the data file: /bip7_disk/pingting114/mixed_bam/COLO829_PAO/TF0_25x/TF0_25x.rep5.bam.bai
[E::bam_parse_basemod2] fd95b0bd-c16b-40a2-83d2-54e8951c2976: MM tag refers to bases beyond sequence length
[W::hts_idx_load3] The index file is older than the data file: /bip7_disk/pingting114/mixed_bam/COLO829_PAO/TF0_25x/TF0_25x.rep5.bam.bai
[W::hts_idx_load3] The index file is older than the data file: /bip7_disk/pingting114/mixed_bam/COLO829_PAO/TF0_25x/TF0_25x.rep5.bam.bai
[W::bam_next_basemod] MM tag refers to bases beyond sequence length
[W::hts_idx_load3] The index file is older than the data file: /bip7_disk/pingting114/mixed_bam/COLO829_PAO/TF0_25x/TF0_25x.rep5.bam.bai
[W::hts_idx_load3] The index file is older than the data file: /bip7_disk/pingting114/mixed_bam/COLO829_PAO/TF0_25x/TF0_25x.rep5.bam.bai
[W::bam_next_basemod] MM tag refers to bases beyond sequence length
[E::bam_parse_basemod2] 4c66bf96-c69d-402f-81d2-386c53748bee: MM tag refers to bases beyond sequence length
[W::bam_next_basemod] MM tag refers to bases beyond sequence length
[W::hts_idx_load3] The index file is older than the data file: /bip7_disk/pingting114/mixed_bam/COLO829_PAO/TF0_25x/TF0_25x.rep5.bam.bai
[W::bam_next_basemod] MM tag refers to bases beyond sequence length
[W::hts_idx_load3] The index file is older than the data file: /bip7_disk/pingting114/mixed_bam/COLO829_PAO/TF0_25x/TF0_25x.rep5.bam.bai
[W::hts_idx_load3] The index file is older than the data file: /bip7_disk/pingting114/mixed_bam/COLO829_PAO/TF0_25x/TF0_25x.rep5.bam.bai
[E::bam_parse_basemod2] b8308d78-c37a-4487-93ca-14c52b6cbdd2: MM tag refers to bases beyond sequence length
[W::hts_idx_load3] The index file is older than the data file: /bip7_disk/pingting114/mixed_bam/COLO829_PAO/TF0_25x/TF0_25x.rep5.bam.bai
[E::bam_parse_basemod2] adabbf53-3c52-4cca-888d-bbd60a1011a1: MM tag refers to bases beyond sequence length
[E::bam_parse_basemod2] 759f6559-9229-46da-a2c9-66bf20e85b7b: MM tag refers to bases beyond sequence length
[W::hts_idx_load3] The index file is older than the data file: /bip7_disk/pingting114/mixed_bam/COLO829_PAO/TF0_25x/TF0_25x.rep5.bam.bai
[W::hts_idx_load3] The index file is older than the data file: /bip7_disk/pingting114/mixed_bam/COLO829_PAO/TF0_25x/TF0_25x.rep5.bam.bai
[W::hts_idx_load3] The index file is older than the data file: /bip7_disk/pingting114/mixed_bam/COLO829_PAO/TF0_25x/TF0_25x.rep5.bam.bai
[W::bam_next_basemod] MM tag refers to bases beyond sequence length
[W::hts_idx_load3] The index file is older than the data file: /bip7_disk/pingting114/mixed_bam/COLO829_PAO/TF0_25x/TF0_25x.rep5.bam.bai
[E::bam_parse_basemod2] 7eeb76b4-e428-4d7a-8804-241bb1dff5df: MM tag refers to bases beyond sequence length
[W::bam_next_basemod] MM tag refers to bases beyond sequence length
[W::hts_idx_load3] The index file is older than the data file: /bip7_disk/pingting114/mixed_bam/COLO829_PAO/TF0_25x/TF0_25x.rep5.bam.bai
[W::hts_idx_load3] The index file is older than the data file: /bip7_disk/pingting114/mixed_bam/COLO829_PAO/TF0_25x/TF0_25x.rep5.bam.bai
[W::hts_idx_load3] The index file is older than the data file: /bip7_disk/pingting114/mixed_bam/COLO829_PAO/TF0_25x/TF0_25x.rep5.bam.bai
[W::hts_idx_load3] The index file is older than the data file: /bip7_disk/pingting114/mixed_bam/COLO829_PAO/TF0_25x/TF0_25x.rep5.bam.bai
[W::hts_idx_load3] The index file is older than the data file: /bip7_disk/pingting114/mixed_bam/COLO829_PAO/TF0_25x/TF0_25x.rep5.bam.bai
[W::hts_idx_load3] The index file is older than the data file: /bip7_disk/pingting114/mixed_bam/COLO829_PAO/TF0_25x/TF0_25x.rep5.bam.bai
[W::hts_idx_load3] The index file is older than the data file: /bip7_disk/pingting114/mixed_bam/COLO829_PAO/TF0_25x/TF0_25x.rep5.bam.bai
[W::hts_idx_load3] The index file is older than the data file: /bip7_disk/pingting114/mixed_bam/COLO829_PAO/TF0_25x/TF0_25x.rep5.bam.bai
[W::hts_idx_load3] The index file is older than the data file: /bip7_disk/pingting114/mixed_bam/COLO829_PAO/TF0_25x/TF0_25x.rep5.bam.bai
[W::bam_next_basemod] MM tag refers to bases beyond sequence length
[E::bam_parse_basemod2] 8e1c2f9a-8188-4359-8177-7b50b8ffa75d: MM tag refers to bases beyond sequence length
[W::hts_idx_load3] The index file is older than the data file: /bip7_disk/pingting114/mixed_bam/COLO829_PAO/TF0_25x/TF0_25x.rep5.bam.bai
[W::hts_idx_load3] The index file is older than the data file: /bip7_disk/pingting114/mixed_bam/COLO829_PAO/TF0_25x/TF0_25x.rep5.bam.bai
[W::hts_idx_load3] The index file is older than the data file: /bip7_disk/pingting114/mixed_bam/COLO829_PAO/TF0_25x/TF0_25x.rep5.bam.bai
[W::bam_next_basemod] MM tag refers to bases beyond sequence length
[W::hts_idx_load3] The index file is older than the data file: /bip7_disk/pingting114/mixed_bam/COLO829_PAO/TF0_25x/TF0_25x.rep5.bam.bai
[W::hts_idx_load3] The index file is older than the data file: /bip7_disk/pingting114/mixed_bam/COLO829_PAO/TF0_25x/TF0_25x.rep5.bam.bai
[W::bam_next_basemod] MM tag refers to bases beyond sequence length
[W::hts_idx_load3] The index file is older than the data file: /bip7_disk/pingting114/mixed_bam/COLO829_PAO/TF0_25x/TF0_25x.rep5.bam.bai
[W::hts_idx_load3] The index file is older than the data file: /bip7_disk/pingting114/mixed_bam/COLO829_PAO/TF0_25x/TF0_25x.rep5.bam.bai
[W::hts_idx_load3] The index file is older than the data file: /bip7_disk/pingting114/mixed_bam/COLO829_PAO/TF0_25x/TF0_25x.rep5.bam.bai
[E::bam_parse_basemod2] aafa3734-1400-44ee-9ec7-f9670c17938c: MM tag refers to bases beyond sequence length
[W::bam_next_basemod] MM tag refers to bases beyond sequence length
[W::hts_idx_load3] The index file is older than the data file: /bip7_disk/pingting114/mixed_bam/COLO829_PAO/TF0_25x/TF0_25x.rep5.bam.bai
[W::hts_idx_load3] The index file is older than the data file: /bip7_disk/pingting114/mixed_bam/COLO829_PAO/TF0_25x/TF0_25x.rep5.bam.bai
[W::hts_idx_load3] The index file is older than the data file: /bip7_disk/pingting114/mixed_bam/COLO829_PAO/TF0_25x/TF0_25x.rep5.bam.bai
[W::hts_idx_load3] The index file is older than the data file: /bip7_disk/pingting114/mixed_bam/COLO829_PAO/TF0_25x/TF0_25x.rep5.bam.bai
[E::bam_parse_basemod2] 54e8e03d-e491-4e4e-b719-be5ea863cc8c: MM tag refers to bases beyond sequence length
[W::hts_idx_load3] The index file is older than the data file: /bip7_disk/pingting114/mixed_bam/COLO829_PAO/TF0_25x/TF0_25x.rep5.bam.bai
[W::hts_idx_load3] The index file is older than the data file: /bip7_disk/pingting114/mixed_bam/COLO829_PAO/TF0_25x/TF0_25x.rep5.bam.bai
[W::bam_next_basemod] MM tag refers to bases beyond sequence length
[W::hts_idx_load3] The index file is older than the data file: /bip7_disk/pingting114/mixed_bam/COLO829_PAO/TF0_25x/TF0_25x.rep5.bam.bai
[W::hts_idx_load3] The index file is older than the data file: /bip7_disk/pingting114/mixed_bam/COLO829_PAO/TF0_25x/TF0_25x.rep5.bam.bai
[W::bam_next_basemod] MM tag refers to bases beyond sequence length
[W::hts_idx_load3] The index file is older than the data file: /bip7_disk/pingting114/mixed_bam/COLO829_PAO/TF0_25x/TF0_25x.rep5.bam.bai
[W::hts_idx_load3] The index file is older than the data file: /bip7_disk/pingting114/mixed_bam/COLO829_PAO/TF0_25x/TF0_25x.rep5.bam.bai
[E::bam_parse_basemod2] a712f1d9-7712-43c3-b40e-67c0837bad28: MM tag refers to bases beyond sequence length
[W::bam_next_basemod] MM tag refers to bases beyond sequence length
[W::bam_next_basemod] MM tag refers to bases beyond sequence length
[E::bam_parse_basemod2] 662f1627-5d2e-43fc-856f-44678369c088: MM tag refers to bases beyond sequence length
[W::bam_next_basemod] MM tag refers to bases beyond sequence length
[W::bam_next_basemod] MM tag refers to bases beyond sequence length
[E::bam_parse_basemod2] ff9c1af5-48ae-45ed-9baf-d2b5913c6c03: MM tag refers to bases beyond sequence length
[W::bam_next_basemod] MM tag refers to bases beyond sequence length
[W::hts_idx_load3] The index file is older than the data file: /bip7_disk/pingting114/mixed_bam/COLO829_PAO/TF0_25x/TF0_25x.rep5.bam.bai
[W::hts_idx_load3] The index file is older than the data file: /bip7_disk/pingting114/mixed_bam/COLO829_PAO/TF0_25x/TF0_25x.rep5.bam.bai
[W::hts_idx_load3] The index file is older than the data file: /bip7_disk/pingting114/mixed_bam/COLO829_PAO/TF0_25x/TF0_25x.rep5.bam.bai
[E::bam_parse_basemod2] dc23fa15-43de-49a8-8b0e-23e2d6a11bc1: MM tag refers to bases beyond sequence length
[W::hts_idx_load3] The index file is older than the data file: /bip7_disk/pingting114/mixed_bam/COLO829_PAO/TF0_25x/TF0_25x.rep5.bam.bai
[W::bam_next_basemod] MM tag refers to bases beyond sequence length
[W::hts_idx_load3] The index file is older than the data file: /bip7_disk/pingting114/mixed_bam/COLO829_PAO/TF0_25x/TF0_25x.rep5.bam.bai
[W::hts_idx_load3] The index file is older than the data file: /bip7_disk/pingting114/mixed_bam/COLO829_PAO/TF0_25x/TF0_25x.rep5.bam.bai
[W::hts_idx_load3] The index file is older than the data file: /bip7_disk/pingting114/mixed_bam/COLO829_PAO/TF0_25x/TF0_25x.rep5.bam.bai
[W::bam_next_basemod] MM tag refers to bases beyond sequence length
[E::bam_parse_basemod2] 346345af-262e-42ac-8270-4ff9f3b15651: MM tag refers to bases beyond sequence length
[W::hts_idx_load3] The index file is older than the data file: /bip7_disk/pingting114/mixed_bam/COLO829_PAO/TF0_25x/TF0_25x.rep5.bam.bai
[W::hts_idx_load3] The index file is older than the data file: /bip7_disk/pingting114/mixed_bam/COLO829_PAO/TF0_25x/TF0_25x.rep5.bam.bai
[W::bam_next_basemod] MM tag refers to bases beyond sequence length
[W::hts_idx_load3] The index file is older than the data file: /bip7_disk/pingting114/mixed_bam/COLO829_PAO/TF0_25x/TF0_25x.rep5.bam.bai
[W::hts_idx_load3] The index file is older than the data file: /bip7_disk/pingting114/mixed_bam/COLO829_PAO/TF0_25x/TF0_25x.rep5.bam.bai
[W::bam_next_basemod] MM tag refers to bases beyond sequence length
[W::bam_next_basemod] MM tag refers to bases beyond sequence length
[W::hts_idx_load3] The index file is older than the data file: /bip7_disk/pingting114/mixed_bam/COLO829_PAO/TF0_25x/TF0_25x.rep5.bam.bai
[W::bam_next_basemod] MM tag refers to bases beyond sequence length
[W::hts_idx_load3] The index file is older than the data file: /bip7_disk/pingting114/mixed_bam/COLO829_PAO/TF0_25x/TF0_25x.rep5.bam.bai
[W::hts_idx_load3] The index file is older than the data file: /bip7_disk/pingting114/mixed_bam/COLO829_PAO/TF0_25x/TF0_25x.rep5.bam.bai
[W::hts_idx_load3] The index file is older than the data file: /bip7_disk/pingting114/mixed_bam/COLO829_PAO/TF0_25x/TF0_25x.rep5.bam.bai
[E::bam_parse_basemod2] 7fb7f728-b4f4-4367-adbf-9fd02370dc9d: MM tag refers to bases beyond sequence length
[W::hts_idx_load3] The index file is older than the data file: /bip7_disk/pingting114/mixed_bam/COLO829_PAO/TF0_25x/TF0_25x.rep5.bam.bai
[W::bam_next_basemod] MM tag refers to bases beyond sequence length
[W::hts_idx_load3] The index file is older than the data file: /bip7_disk/pingting114/mixed_bam/COLO829_PAO/TF0_25x/TF0_25x.rep5.bam.bai
[W::hts_idx_load3] The index file is older than the data file: /bip7_disk/pingting114/mixed_bam/COLO829_PAO/TF0_25x/TF0_25x.rep5.bam.bai
[E::bam_parse_basemod2] 39bc29d5-0c10-487f-a384-b790a152d045: MM tag refers to bases beyond sequence length
[W::hts_idx_load3] The index file is older than the data file: /bip7_disk/pingting114/mixed_bam/COLO829_PAO/TF0_25x/TF0_25x.rep5.bam.bai
[W::hts_idx_load3] The index file is older than the data file: /bip7_disk/pingting114/mixed_bam/COLO829_PAO/TF0_25x/TF0_25x.rep5.bam.bai
[E::bam_parse_basemod2] 432dc2b3-3b83-46d0-a669-40f3a3c45caa: MM tag refers to bases beyond sequence length
[W::hts_idx_load3] The index file is older than the data file: /bip7_disk/pingting114/mixed_bam/COLO829_PAO/TF0_25x/TF0_25x.rep5.bam.bai
[W::bam_next_basemod] MM tag refers to bases beyond sequence length
[E::bam_parse_basemod2] a6cbdb9b-f4b9-4556-b015-905c3d5df29c: MM tag refers to bases beyond sequence length
[W::hts_idx_load3] The index file is older than the data file: /bip7_disk/pingting114/mixed_bam/COLO829_PAO/TF0_25x/TF0_25x.rep5.bam.bai
[W::hts_idx_load3] The index file is older than the data file: /bip7_disk/pingting114/mixed_bam/COLO829_PAO/TF0_25x/TF0_25x.rep5.bam.bai
[W::hts_idx_load3] The index file is older than the data file: /bip7_disk/pingting114/mixed_bam/COLO829_PAO/TF0_25x/TF0_25x.rep5.bam.bai
[W::bam_next_basemod] MM tag refers to bases beyond sequence length
[W::bam_next_basemod] MM tag refers to bases beyond sequence length
[W::hts_idx_load3] The index file is older than the data file: /bip7_disk/pingting114/mixed_bam/COLO829_PAO/TF0_25x/TF0_25x.rep5.bam.bai
[W::hts_idx_load3] The index file is older than the data file: /bip7_disk/pingting114/mixed_bam/COLO829_PAO/TF0_25x/TF0_25x.rep5.bam.bai
[W::hts_idx_load3] The index file is older than the data file: /bip7_disk/pingting114/mixed_bam/COLO829_PAO/TF0_25x/TF0_25x.rep5.bam.bai
[W::hts_idx_load3] The index file is older than the data file: /bip7_disk/pingting114/mixed_bam/COLO829_PAO/TF0_25x/TF0_25x.rep5.bam.bai
[W::hts_idx_load3] The index file is older than the data file: /bip7_disk/pingting114/mixed_bam/COLO829_PAO/TF0_25x/TF0_25x.rep5.bam.bai
[W::hts_idx_load3] The index file is older than the data file: /bip7_disk/pingting114/mixed_bam/COLO829_PAO/TF0_25x/TF0_25x.rep5.bam.bai
[W::bam_next_basemod] MM tag refers to bases beyond sequence length
[W::hts_idx_load3] The index file is older than the data file: /bip7_disk/pingting114/mixed_bam/COLO829_PAO/TF0_25x/TF0_25x.rep5.bam.bai
[W::hts_idx_load3] The index file is older than the data file: /bip7_disk/pingting114/mixed_bam/COLO829_PAO/TF0_25x/TF0_25x.rep5.bam.bai
[E::bam_parse_basemod2] caede00b-05f1-49b6-934f-72eb6a912376: MM tag refers to bases beyond sequence length
[W::hts_idx_load3] The index file is older than the data file: /bip7_disk/pingting114/mixed_bam/COLO829_PAO/TF0_25x/TF0_25x.rep5.bam.bai
[W::hts_idx_load3] The index file is older than the data file: /bip7_disk/pingting114/mixed_bam/COLO829_PAO/TF0_25x/TF0_25x.rep5.bam.bai
[W::hts_idx_load3] The index file is older than the data file: /bip7_disk/pingting114/mixed_bam/COLO829_PAO/TF0_25x/TF0_25x.rep5.bam.bai
[W::hts_idx_load3] The index file is older than the data file: /bip7_disk/pingting114/mixed_bam/COLO829_PAO/TF0_25x/TF0_25x.rep5.bam.bai
[W::hts_idx_load3] The index file is older than the data file: /bip7_disk/pingting114/mixed_bam/COLO829_PAO/TF0_25x/TF0_25x.rep5.bam.bai
[W::hts_idx_load3] The index file is older than the data file: /bip7_disk/pingting114/mixed_bam/COLO829_PAO/TF0_25x/TF0_25x.rep5.bam.bai
[E::bam_parse_basemod2] 6d3dbd19-2484-4ad3-b281-9e751bea64af: MM tag refers to bases beyond sequence length
[W::hts_idx_load3] The index file is older than the data file: /bip7_disk/pingting114/mixed_bam/COLO829_PAO/TF0_25x/TF0_25x.rep5.bam.bai
[W::hts_idx_load3] The index file is older than the data file: /bip7_disk/pingting114/mixed_bam/COLO829_PAO/TF0_25x/TF0_25x.rep5.bam.bai
[W::hts_idx_load3] The index file is older than the data file: /bip7_disk/pingting114/mixed_bam/COLO829_PAO/TF0_25x/TF0_25x.rep5.bam.bai
[W::bam_next_basemod] MM tag refers to bases beyond sequence length
[W::hts_idx_load3] The index file is older than the data file: /bip7_disk/pingting114/mixed_bam/COLO829_PAO/TF0_25x/TF0_25x.rep5.bam.bai
[W::hts_idx_load3] The index file is older than the data file: /bip7_disk/pingting114/mixed_bam/COLO829_PAO/TF0_25x/TF0_25x.rep5.bam.bai
[W::hts_idx_load3] The index file is older than the data file: /bip7_disk/pingting114/mixed_bam/COLO829_PAO/TF0_25x/TF0_25x.rep5.bam.bai
[W::hts_idx_load3] The index file is older than the data file: /bip7_disk/pingting114/mixed_bam/COLO829_PAO/TF0_25x/TF0_25x.rep5.bam.bai
[W::hts_idx_load3] The index file is older than the data file: /bip7_disk/pingting114/mixed_bam/COLO829_PAO/TF0_25x/TF0_25x.rep5.bam.bai
[W::hts_idx_load3] The index file is older than the data file: /bip7_disk/pingting114/mixed_bam/COLO829_PAO/TF0_25x/TF0_25x.rep5.bam.bai
[W::hts_idx_load3] The index file is older than the data file: /bip7_disk/pingting114/mixed_bam/COLO829_PAO/TF0_25x/TF0_25x.rep5.bam.bai
[W::hts_idx_load3] The index file is older than the data file: /bip7_disk/pingting114/mixed_bam/COLO829_PAO/TF0_25x/TF0_25x.rep5.bam.bai
[W::hts_idx_load3] The index file is older than the data file: /bip7_disk/pingting114/mixed_bam/COLO829_PAO/TF0_25x/TF0_25x.rep5.bam.bai
[W::hts_idx_load3] The index file is older than the data file: /bip7_disk/pingting114/mixed_bam/COLO829_PAO/TF0_25x/TF0_25x.rep5.bam.bai
[W::hts_idx_load3] The index file is older than the data file: /bip7_disk/pingting114/mixed_bam/COLO829_PAO/TF0_25x/TF0_25x.rep5.bam.bai
[W::hts_idx_load3] The index file is older than the data file: /bip7_disk/pingting114/mixed_bam/COLO829_PAO/TF0_25x/TF0_25x.rep5.bam.bai
[W::hts_idx_load3] The index file is older than the data file: /bip7_disk/pingting114/mixed_bam/COLO829_PAO/TF0_25x/TF0_25x.rep5.bam.bai
[W::hts_idx_load3] The index file is older than the data file: /bip7_disk/pingting114/mixed_bam/COLO829_PAO/TF0_25x/TF0_25x.rep5.bam.bai
[W::hts_idx_load3] The index file is older than the data file: /bip7_disk/pingting114/mixed_bam/COLO829_PAO/TF0_25x/TF0_25x.rep5.bam.bai
[W::hts_idx_load3] The index file is older than the data file: /bip7_disk/pingting114/mixed_bam/COLO829_PAO/TF0_25x/TF0_25x.rep5.bam.bai
[W::hts_idx_load3] The index file is older than the data file: /bip7_disk/pingting114/mixed_bam/COLO829_PAO/TF0_25x/TF0_25x.rep5.bam.bai
[E::bam_parse_basemod2] 9cc61cb8-752f-4329-8e9b-d46d930a9a2d: MM tag refers to bases beyond sequence length
[W::hts_idx_load3] The index file is older than the data file: /bip7_disk/pingting114/mixed_bam/COLO829_PAO/TF0_25x/TF0_25x.rep5.bam.bai
[W::bam_next_basemod] MM tag refers to bases beyond sequence length
[E::bam_parse_basemod2] 4d1982b9-411e-4529-9292-203bf4bf386b: MM tag refers to bases beyond sequence length
[W::hts_idx_load3] The index file is older than the data file: /bip7_disk/pingting114/mixed_bam/COLO829_PAO/TF0_25x/TF0_25x.rep5.bam.bai
[E::bam_parse_basemod2] 88f7b042-fc1f-4155-92fe-d6877c08aea7: MM tag refers to bases beyond sequence length
[W::hts_idx_load3] The index file is older than the data file: /bip7_disk/pingting114/mixed_bam/COLO829_PAO/TF0_25x/TF0_25x.rep5.bam.bai
[W::hts_idx_load3] The index file is older than the data file: /bip7_disk/pingting114/mixed_bam/COLO829_PAO/TF0_25x/TF0_25x.rep5.bam.bai
[W::bam_next_basemod] MM tag refers to bases beyond sequence length
[W::hts_idx_load3] The index file is older than the data file: /bip7_disk/pingting114/mixed_bam/COLO829_PAO/TF0_25x/TF0_25x.rep5.bam.bai
[W::hts_idx_load3] The index file is older than the data file: /bip7_disk/pingting114/mixed_bam/COLO829_PAO/TF0_25x/TF0_25x.rep5.bam.bai
[W::bam_next_basemod] MM tag refers to bases beyond sequence length
[W::hts_idx_load3] The index file is older than the data file: /bip7_disk/pingting114/mixed_bam/COLO829_PAO/TF0_25x/TF0_25x.rep5.bam.bai
[W::hts_idx_load3] The index file is older than the data file: /bip7_disk/pingting114/mixed_bam/COLO829_PAO/TF0_25x/TF0_25x.rep5.bam.bai
[W::hts_idx_load3] The index file is older than the data file: /bip7_disk/pingting114/mixed_bam/COLO829_PAO/TF0_25x/TF0_25x.rep5.bam.bai
[W::hts_idx_load3] The index file is older than the data file: /bip7_disk/pingting114/mixed_bam/COLO829_PAO/TF0_25x/TF0_25x.rep5.bam.bai
[E::bam_parse_basemod2] 618f6e9b-baa7-4864-ab3a-d4aa1c293364: MM tag refers to bases beyond sequence length
[W::hts_idx_load3] The index file is older than the data file: /bip7_disk/pingting114/mixed_bam/COLO829_PAO/TF0_25x/TF0_25x.rep5.bam.bai
[W::hts_idx_load3] The index file is older than the data file: /bip7_disk/pingting114/mixed_bam/COLO829_PAO/TF0_25x/TF0_25x.rep5.bam.bai
[W::bam_next_basemod] MM tag refers to bases beyond sequence length
[W::hts_idx_load3] The index file is older than the data file: /bip7_disk/pingting114/mixed_bam/COLO829_PAO/TF0_25x/TF0_25x.rep5.bam.bai
[W::hts_idx_load3] The index file is older than the data file: /bip7_disk/pingting114/mixed_bam/COLO829_PAO/TF0_25x/TF0_25x.rep5.bam.bai
[W::hts_idx_load3] The index file is older than the data file: /bip7_disk/pingting114/mixed_bam/COLO829_PAO/TF0_25x/TF0_25x.rep5.bam.bai
[W::hts_idx_load3] The index file is older than the data file: /bip7_disk/pingting114/mixed_bam/COLO829_PAO/TF0_25x/TF0_25x.rep5.bam.bai
[W::hts_idx_load3] The index file is older than the data file: /bip7_disk/pingting114/mixed_bam/COLO829_PAO/TF0_25x/TF0_25x.rep5.bam.bai
[W::hts_idx_load3] The index file is older than the data file: /bip7_disk/pingting114/mixed_bam/COLO829_PAO/TF0_25x/TF0_25x.rep5.bam.bai
[W::hts_idx_load3] The index file is older than the data file: /bip7_disk/pingting114/mixed_bam/COLO829_PAO/TF0_25x/TF0_25x.rep5.bam.bai
[W::bam_next_basemod] MM tag refers to bases beyond sequence length
[W::hts_idx_load3] The index file is older than the data file: /bip7_disk/pingting114/mixed_bam/COLO829_PAO/TF0_25x/TF0_25x.rep5.bam.bai
[W::bam_next_basemod] MM tag refers to bases beyond sequence length
[W::hts_idx_load3] The index file is older than the data file: /bip7_disk/pingting114/mixed_bam/COLO829_PAO/TF0_25x/TF0_25x.rep5.bam.bai
[W::hts_idx_load3] The index file is older than the data file: /bip7_disk/pingting114/mixed_bam/COLO829_PAO/TF0_25x/TF0_25x.rep5.bam.bai
[W::hts_idx_load3] The index file is older than the data file: /bip7_disk/pingting114/mixed_bam/COLO829_PAO/TF0_25x/TF0_25x.rep5.bam.bai
[W::bam_next_basemod] MM tag refers to bases beyond sequence length
[W::hts_idx_load3] The index file is older than the data file: /bip7_disk/pingting114/mixed_bam/COLO829_PAO/TF0_25x/TF0_25x.rep5.bam.bai
[W::hts_idx_load3] The index file is older than the data file: /bip7_disk/pingting114/mixed_bam/COLO829_PAO/TF0_25x/TF0_25x.rep5.bam.bai
[W::bam_next_basemod] MM tag refers to bases beyond sequence length
[E::bam_parse_basemod2] 71029cd3-0176-483f-9501-a53c883813b6: MM tag refers to bases beyond sequence length
[W::hts_idx_load3] The index file is older than the data file: /bip7_disk/pingting114/mixed_bam/COLO829_PAO/TF0_25x/TF0_25x.rep5.bam.bai
[W::hts_idx_load3] The index file is older than the data file: /bip7_disk/pingting114/mixed_bam/COLO829_PAO/TF0_25x/TF0_25x.rep5.bam.bai
[W::hts_idx_load3] The index file is older than the data file: /bip7_disk/pingting114/mixed_bam/COLO829_PAO/TF0_25x/TF0_25x.rep5.bam.bai
[W::hts_idx_load3] The index file is older than the data file: /bip7_disk/pingting114/mixed_bam/COLO829_PAO/TF0_25x/TF0_25x.rep5.bam.bai
[E::bam_parse_basemod2] 6fd296f0-80ef-40e4-8805-b320dbebac2c: MM tag refers to bases beyond sequence length
[W::hts_idx_load3] The index file is older than the data file: /bip7_disk/pingting114/mixed_bam/COLO829_PAO/TF0_25x/TF0_25x.rep5.bam.bai
[W::hts_idx_load3] The index file is older than the data file: /bip7_disk/pingting114/mixed_bam/COLO829_PAO/TF0_25x/TF0_25x.rep5.bam.bai
[W::hts_idx_load3] The index file is older than the data file: /bip7_disk/pingting114/mixed_bam/COLO829_PAO/TF0_25x/TF0_25x.rep5.bam.bai
[W::hts_idx_load3] The index file is older than the data file: /bip7_disk/pingting114/mixed_bam/COLO829_PAO/TF0_25x/TF0_25x.rep5.bam.bai
[W::bam_next_basemod] MM tag refers to bases beyond sequence length
[W::hts_idx_load3] The index file is older than the data file: /bip7_disk/pingting114/mixed_bam/COLO829_PAO/TF0_25x/TF0_25x.rep5.bam.bai
[W::bam_next_basemod] MM tag refers to bases beyond sequence length
[W::hts_idx_load3] The index file is older than the data file: /bip7_disk/pingting114/mixed_bam/COLO829_PAO/TF0_25x/TF0_25x.rep5.bam.bai
[W::hts_idx_load3] The index file is older than the data file: /bip7_disk/pingting114/mixed_bam/COLO829_PAO/TF0_25x/TF0_25x.rep5.bam.bai
[W::hts_idx_load3] The index file is older than the data file: /bip7_disk/pingting114/mixed_bam/COLO829_PAO/TF0_25x/TF0_25x.rep5.bam.bai
[W::hts_idx_load3] The index file is older than the data file: /bip7_disk/pingting114/mixed_bam/COLO829_PAO/TF0_25x/TF0_25x.rep5.bam.bai
[W::hts_idx_load3] The index file is older than the data file: /bip7_disk/pingting114/mixed_bam/COLO829_PAO/TF0_25x/TF0_25x.rep5.bam.bai
[W::hts_idx_load3] The index file is older than the data file: /bip7_disk/pingting114/mixed_bam/COLO829_PAO/TF0_25x/TF0_25x.rep5.bam.bai
[W::hts_idx_load3] The index file is older than the data file: /bip7_disk/pingting114/mixed_bam/COLO829_PAO/TF0_25x/TF0_25x.rep5.bam.bai
[W::hts_idx_load3] The index file is older than the data file: /bip7_disk/pingting114/mixed_bam/COLO829_PAO/TF0_25x/TF0_25x.rep5.bam.bai
[W::hts_idx_load3] The index file is older than the data file: /bip7_disk/pingting114/mixed_bam/COLO829_PAO/TF0_25x/TF0_25x.rep5.bam.bai
  TF0_25x.rep5.bam cand 3000/4000
[W::hts_idx_load3] The index file is older than the data file: /bip7_disk/pingting114/mixed_bam/COLO829_PAO/TF0_25x/TF0_25x.rep5.bam.bai
[W::hts_idx_load3] The index file is older than the data file: /bip7_disk/pingting114/mixed_bam/COLO829_PAO/TF0_25x/TF0_25x.rep5.bam.bai
[W::hts_idx_load3] The index file is older than the data file: /bip7_disk/pingting114/mixed_bam/COLO829_PAO/TF0_25x/TF0_25x.rep5.bam.bai
[W::hts_idx_load3] The index file is older than the data file: /bip7_disk/pingting114/mixed_bam/COLO829_PAO/TF0_25x/TF0_25x.rep5.bam.bai
[E::bam_parse_basemod2] 838105b7-4577-475e-8116-92668d0077c5: MM tag refers to bases beyond sequence length
[W::hts_idx_load3] The index file is older than the data file: /bip7_disk/pingting114/mixed_bam/COLO829_PAO/TF0_25x/TF0_25x.rep5.bam.bai
[W::hts_idx_load3] The index file is older than the data file: /bip7_disk/pingting114/mixed_bam/COLO829_PAO/TF0_25x/TF0_25x.rep5.bam.bai
[W::hts_idx_load3] The index file is older than the data file: /bip7_disk/pingting114/mixed_bam/COLO829_PAO/TF0_25x/TF0_25x.rep5.bam.bai
[W::hts_idx_load3] The index file is older than the data file: /bip7_disk/pingting114/mixed_bam/COLO829_PAO/TF0_25x/TF0_25x.rep5.bam.bai
[W::hts_idx_load3] The index file is older than the data file: /bip7_disk/pingting114/mixed_bam/COLO829_PAO/TF0_25x/TF0_25x.rep5.bam.bai
[W::bam_next_basemod] MM tag refers to bases beyond sequence length
[W::hts_idx_load3] The index file is older than the data file: /bip7_disk/pingting114/mixed_bam/COLO829_PAO/TF0_25x/TF0_25x.rep5.bam.bai
[W::hts_idx_load3] The index file is older than the data file: /bip7_disk/pingting114/mixed_bam/COLO829_PAO/TF0_25x/TF0_25x.rep5.bam.bai
[W::hts_idx_load3] The index file is older than the data file: /bip7_disk/pingting114/mixed_bam/COLO829_PAO/TF0_25x/TF0_25x.rep5.bam.bai
[W::hts_idx_load3] The index file is older than the data file: /bip7_disk/pingting114/mixed_bam/COLO829_PAO/TF0_25x/TF0_25x.rep5.bam.bai
[W::hts_idx_load3] The index file is older than the data file: /bip7_disk/pingting114/mixed_bam/COLO829_PAO/TF0_25x/TF0_25x.rep5.bam.bai
[W::hts_idx_load3] The index file is older than the data file: /bip7_disk/pingting114/mixed_bam/COLO829_PAO/TF0_25x/TF0_25x.rep5.bam.bai
[W::hts_idx_load3] The index file is older than the data file: /bip7_disk/pingting114/mixed_bam/COLO829_PAO/TF0_25x/TF0_25x.rep5.bam.bai
[W::hts_idx_load3] The index file is older than the data file: /bip7_disk/pingting114/mixed_bam/COLO829_PAO/TF0_25x/TF0_25x.rep5.bam.bai
[W::bam_next_basemod] MM tag refers to bases beyond sequence length
[W::hts_idx_load3] The index file is older than the data file: /bip7_disk/pingting114/mixed_bam/COLO829_PAO/TF0_25x/TF0_25x.rep5.bam.bai
[W::hts_idx_load3] The index file is older than the data file: /bip7_disk/pingting114/mixed_bam/COLO829_PAO/TF0_25x/TF0_25x.rep5.bam.bai
[E::bam_parse_basemod2] 2683d3c0-291f-4e58-acd8-7a131ac2a5fc: MM tag refers to bases beyond sequence length
[W::bam_next_basemod] MM tag refers to bases beyond sequence length
[E::bam_parse_basemod2] 83bd2a81-02a8-4e26-bdb7-dbf0ebc9ae83: MM tag refers to bases beyond sequence length
[W::bam_next_basemod] MM tag refers to bases beyond sequence length
[W::hts_idx_load3] The index file is older than the data file: /bip7_disk/pingting114/mixed_bam/COLO829_PAO/TF0_25x/TF0_25x.rep5.bam.bai
[W::hts_idx_load3] The index file is older than the data file: /bip7_disk/pingting114/mixed_bam/COLO829_PAO/TF0_25x/TF0_25x.rep5.bam.bai
[W::hts_idx_load3] The index file is older than the data file: /bip7_disk/pingting114/mixed_bam/COLO829_PAO/TF0_25x/TF0_25x.rep5.bam.bai
[W::hts_idx_load3] The index file is older than the data file: /bip7_disk/pingting114/mixed_bam/COLO829_PAO/TF0_25x/TF0_25x.rep5.bam.bai
[W::hts_idx_load3] The index file is older than the data file: /bip7_disk/pingting114/mixed_bam/COLO829_PAO/TF0_25x/TF0_25x.rep5.bam.bai
[W::hts_idx_load3] The index file is older than the data file: /bip7_disk/pingting114/mixed_bam/COLO829_PAO/TF0_25x/TF0_25x.rep5.bam.bai
[W::hts_idx_load3] The index file is older than the data file: /bip7_disk/pingting114/mixed_bam/COLO829_PAO/TF0_25x/TF0_25x.rep5.bam.bai
[W::hts_idx_load3] The index file is older than the data file: /bip7_disk/pingting114/mixed_bam/COLO829_PAO/TF0_25x/TF0_25x.rep5.bam.bai
[W::hts_idx_load3] The index file is older than the data file: /bip7_disk/pingting114/mixed_bam/COLO829_PAO/TF0_25x/TF0_25x.rep5.bam.bai
[W::hts_idx_load3] The index file is older than the data file: /bip7_disk/pingting114/mixed_bam/COLO829_PAO/TF0_25x/TF0_25x.rep5.bam.bai
[W::hts_idx_load3] The index file is older than the data file: /bip7_disk/pingting114/mixed_bam/COLO829_PAO/TF0_25x/TF0_25x.rep5.bam.bai
[W::hts_idx_load3] The index file is older than the data file: /bip7_disk/pingting114/mixed_bam/COLO829_PAO/TF0_25x/TF0_25x.rep5.bam.bai
[W::hts_idx_load3] The index file is older than the data file: /bip7_disk/pingting114/mixed_bam/COLO829_PAO/TF0_25x/TF0_25x.rep5.bam.bai
[W::bam_next_basemod] MM tag refers to bases beyond sequence length
[W::hts_idx_load3] The index file is older than the data file: /bip7_disk/pingting114/mixed_bam/COLO829_PAO/TF0_25x/TF0_25x.rep5.bam.bai
[W::hts_idx_load3] The index file is older than the data file: /bip7_disk/pingting114/mixed_bam/COLO829_PAO/TF0_25x/TF0_25x.rep5.bam.bai
[W::hts_idx_load3] The index file is older than the data file: /bip7_disk/pingting114/mixed_bam/COLO829_PAO/TF0_25x/TF0_25x.rep5.bam.bai
[E::bam_parse_basemod2] ea39eebf-c485-441d-94e8-5563bc718bac: MM tag refers to bases beyond sequence length
[W::hts_idx_load3] The index file is older than the data file: /bip7_disk/pingting114/mixed_bam/COLO829_PAO/TF0_25x/TF0_25x.rep5.bam.bai
[W::hts_idx_load3] The index file is older than the data file: /bip7_disk/pingting114/mixed_bam/COLO829_PAO/TF0_25x/TF0_25x.rep5.bam.bai
[W::hts_idx_load3] The index file is older than the data file: /bip7_disk/pingting114/mixed_bam/COLO829_PAO/TF0_25x/TF0_25x.rep5.bam.bai
[W::hts_idx_load3] The index file is older than the data file: /bip7_disk/pingting114/mixed_bam/COLO829_PAO/TF0_25x/TF0_25x.rep5.bam.bai
[W::hts_idx_load3] The index file is older than the data file: /bip7_disk/pingting114/mixed_bam/COLO829_PAO/TF0_25x/TF0_25x.rep5.bam.bai
[W::bam_next_basemod] MM tag refers to bases beyond sequence length
[W::hts_idx_load3] The index file is older than the data file: /bip7_disk/pingting114/mixed_bam/COLO829_PAO/TF0_25x/TF0_25x.rep5.bam.bai
[W::hts_idx_load3] The index file is older than the data file: /bip7_disk/pingting114/mixed_bam/COLO829_PAO/TF0_25x/TF0_25x.rep5.bam.bai
[W::bam_next_basemod] MM tag refers to bases beyond sequence length
[W::hts_idx_load3] The index file is older than the data file: /bip7_disk/pingting114/mixed_bam/COLO829_PAO/TF0_25x/TF0_25x.rep5.bam.bai
[W::hts_idx_load3] The index file is older than the data file: /bip7_disk/pingting114/mixed_bam/COLO829_PAO/TF0_25x/TF0_25x.rep5.bam.bai
[W::hts_idx_load3] The index file is older than the data file: /bip7_disk/pingting114/mixed_bam/COLO829_PAO/TF0_25x/TF0_25x.rep5.bam.bai
[W::hts_idx_load3] The index file is older than the data file: /bip7_disk/pingting114/mixed_bam/COLO829_PAO/TF0_25x/TF0_25x.rep5.bam.bai
[W::hts_idx_load3] The index file is older than the data file: /bip7_disk/pingting114/mixed_bam/COLO829_PAO/TF0_25x/TF0_25x.rep5.bam.bai
[W::hts_idx_load3] The index file is older than the data file: /bip7_disk/pingting114/mixed_bam/COLO829_PAO/TF0_25x/TF0_25x.rep5.bam.bai
[W::hts_idx_load3] The index file is older than the data file: /bip7_disk/pingting114/mixed_bam/COLO829_PAO/TF0_25x/TF0_25x.rep5.bam.bai
[W::hts_idx_load3] The index file is older than the data file: /bip7_disk/pingting114/mixed_bam/COLO829_PAO/TF0_25x/TF0_25x.rep5.bam.bai
[W::hts_idx_load3] The index file is older than the data file: /bip7_disk/pingting114/mixed_bam/COLO829_PAO/TF0_25x/TF0_25x.rep5.bam.bai
[W::hts_idx_load3] The index file is older than the data file: /bip7_disk/pingting114/mixed_bam/COLO829_PAO/TF0_25x/TF0_25x.rep5.bam.bai
[W::hts_idx_load3] The index file is older than the data file: /bip7_disk/pingting114/mixed_bam/COLO829_PAO/TF0_25x/TF0_25x.rep5.bam.bai
[E::bam_parse_basemod2] 29460daa-60f6-4932-ad8b-eb3e68a044dd: MM tag refers to bases beyond sequence length
[W::hts_idx_load3] The index file is older than the data file: /bip7_disk/pingting114/mixed_bam/COLO829_PAO/TF0_25x/TF0_25x.rep5.bam.bai
[W::hts_idx_load3] The index file is older than the data file: /bip7_disk/pingting114/mixed_bam/COLO829_PAO/TF0_25x/TF0_25x.rep5.bam.bai
[W::bam_next_basemod] MM tag refers to bases beyond sequence length
[E::bam_parse_basemod2] d69a9e40-fd01-4982-aa0a-ffc39cbff3f8: MM tag refers to bases beyond sequence length
[W::hts_idx_load3] The index file is older than the data file: /bip7_disk/pingting114/mixed_bam/COLO829_PAO/TF0_25x/TF0_25x.rep5.bam.bai
[W::hts_idx_load3] The index file is older than the data file: /bip7_disk/pingting114/mixed_bam/COLO829_PAO/TF0_25x/TF0_25x.rep5.bam.bai
[W::hts_idx_load3] The index file is older than the data file: /bip7_disk/pingting114/mixed_bam/COLO829_PAO/TF0_25x/TF0_25x.rep5.bam.bai
[W::hts_idx_load3] The index file is older than the data file: /bip7_disk/pingting114/mixed_bam/COLO829_PAO/TF0_25x/TF0_25x.rep5.bam.bai
[E::bam_parse_basemod2] 01597bc3-b5e6-45d3-a5d8-c6896ce1ccc1: MM tag refers to bases beyond sequence length
[W::hts_idx_load3] The index file is older than the data file: /bip7_disk/pingting114/mixed_bam/COLO829_PAO/TF0_25x/TF0_25x.rep5.bam.bai
[W::hts_idx_load3] The index file is older than the data file: /bip7_disk/pingting114/mixed_bam/COLO829_PAO/TF0_25x/TF0_25x.rep5.bam.bai
[W::bam_next_basemod] MM tag refers to bases beyond sequence length
[W::bam_next_basemod] MM tag refers to bases beyond sequence length
[E::bam_parse_basemod2] 70891429-3a59-41c7-8f9a-168d9ca6f9c3: MM tag refers to bases beyond sequence length
[W::hts_idx_load3] The index file is older than the data file: /bip7_disk/pingting114/mixed_bam/COLO829_PAO/TF0_25x/TF0_25x.rep5.bam.bai
[W::hts_idx_load3] The index file is older than the data file: /bip7_disk/pingting114/mixed_bam/COLO829_PAO/TF0_25x/TF0_25x.rep5.bam.bai
[W::hts_idx_load3] The index file is older than the data file: /bip7_disk/pingting114/mixed_bam/COLO829_PAO/TF0_25x/TF0_25x.rep5.bam.bai
[W::hts_idx_load3] The index file is older than the data file: /bip7_disk/pingting114/mixed_bam/COLO829_PAO/TF0_25x/TF0_25x.rep5.bam.bai
[W::hts_idx_load3] The index file is older than the data file: /bip7_disk/pingting114/mixed_bam/COLO829_PAO/TF0_25x/TF0_25x.rep5.bam.bai
[W::hts_idx_load3] The index file is older than the data file: /bip7_disk/pingting114/mixed_bam/COLO829_PAO/TF0_25x/TF0_25x.rep5.bam.bai
[W::hts_idx_load3] The index file is older than the data file: /bip7_disk/pingting114/mixed_bam/COLO829_PAO/TF0_25x/TF0_25x.rep5.bam.bai
[W::hts_idx_load3] The index file is older than the data file: /bip7_disk/pingting114/mixed_bam/COLO829_PAO/TF0_25x/TF0_25x.rep5.bam.bai
[W::hts_idx_load3] The index file is older than the data file: /bip7_disk/pingting114/mixed_bam/COLO829_PAO/TF0_25x/TF0_25x.rep5.bam.bai
[W::bam_next_basemod] MM tag refers to bases beyond sequence length
[W::hts_idx_load3] The index file is older than the data file: /bip7_disk/pingting114/mixed_bam/COLO829_PAO/TF0_25x/TF0_25x.rep5.bam.bai
[E::bam_parse_basemod2] 4fff5b7d-05d4-4721-988a-e4c9e0a0504c: MM tag refers to bases beyond sequence length
[W::hts_idx_load3] The index file is older than the data file: /bip7_disk/pingting114/mixed_bam/COLO829_PAO/TF0_25x/TF0_25x.rep5.bam.bai
[W::bam_next_basemod] MM tag refers to bases beyond sequence length
[W::hts_idx_load3] The index file is older than the data file: /bip7_disk/pingting114/mixed_bam/COLO829_PAO/TF0_25x/TF0_25x.rep5.bam.bai
[E::bam_parse_basemod2] a65b4b42-5ae3-4d31-9dca-0e12781bffa7: MM tag refers to bases beyond sequence length
[W::hts_idx_load3] The index file is older than the data file: /bip7_disk/pingting114/mixed_bam/COLO829_PAO/TF0_25x/TF0_25x.rep5.bam.bai
[W::hts_idx_load3] The index file is older than the data file: /bip7_disk/pingting114/mixed_bam/COLO829_PAO/TF0_25x/TF0_25x.rep5.bam.bai
[W::hts_idx_load3] The index file is older than the data file: /bip7_disk/pingting114/mixed_bam/COLO829_PAO/TF0_25x/TF0_25x.rep5.bam.bai
[W::hts_idx_load3] The index file is older than the data file: /bip7_disk/pingting114/mixed_bam/COLO829_PAO/TF0_25x/TF0_25x.rep5.bam.bai
[W::hts_idx_load3] The index file is older than the data file: /bip7_disk/pingting114/mixed_bam/COLO829_PAO/TF0_25x/TF0_25x.rep5.bam.bai
[W::bam_next_basemod] MM tag refers to bases beyond sequence length
[W::hts_idx_load3] The index file is older than the data file: /bip7_disk/pingting114/mixed_bam/COLO829_PAO/TF0_25x/TF0_25x.rep5.bam.bai
[W::hts_idx_load3] The index file is older than the data file: /bip7_disk/pingting114/mixed_bam/COLO829_PAO/TF0_25x/TF0_25x.rep5.bam.bai
[W::hts_idx_load3] The index file is older than the data file: /bip7_disk/pingting114/mixed_bam/COLO829_PAO/TF0_25x/TF0_25x.rep5.bam.bai
[W::hts_idx_load3] The index file is older than the data file: /bip7_disk/pingting114/mixed_bam/COLO829_PAO/TF0_25x/TF0_25x.rep5.bam.bai
[E::bam_parse_basemod2] 811dcb74-21a8-4679-868e-e567a7afa9ed: MM tag refers to bases beyond sequence length
[W::hts_idx_load3] The index file is older than the data file: /bip7_disk/pingting114/mixed_bam/COLO829_PAO/TF0_25x/TF0_25x.rep5.bam.bai
[W::bam_next_basemod] MM tag refers to bases beyond sequence length
[W::hts_idx_load3] The index file is older than the data file: /bip7_disk/pingting114/mixed_bam/COLO829_PAO/TF0_25x/TF0_25x.rep5.bam.bai
[W::hts_idx_load3] The index file is older than the data file: /bip7_disk/pingting114/mixed_bam/COLO829_PAO/TF0_25x/TF0_25x.rep5.bam.bai
[W::bam_next_basemod] MM tag refers to bases beyond sequence length
[W::hts_idx_load3] The index file is older than the data file: /bip7_disk/pingting114/mixed_bam/COLO829_PAO/TF0_25x/TF0_25x.rep5.bam.bai
[W::hts_idx_load3] The index file is older than the data file: /bip7_disk/pingting114/mixed_bam/COLO829_PAO/TF0_25x/TF0_25x.rep5.bam.bai
[W::bam_next_basemod] MM tag refers to bases beyond sequence length
[W::hts_idx_load3] The index file is older than the data file: /bip7_disk/pingting114/mixed_bam/COLO829_PAO/TF0_25x/TF0_25x.rep5.bam.bai
[W::hts_idx_load3] The index file is older than the data file: /bip7_disk/pingting114/mixed_bam/COLO829_PAO/TF0_25x/TF0_25x.rep5.bam.bai
[E::bam_parse_basemod2] d9eebb5e-a5cd-4c8f-b232-e4b2fc22b555: MM tag refers to bases beyond sequence length
[W::hts_idx_load3] The index file is older than the data file: /bip7_disk/pingting114/mixed_bam/COLO829_PAO/TF0_25x/TF0_25x.rep5.bam.bai
[W::hts_idx_load3] The index file is older than the data file: /bip7_disk/pingting114/mixed_bam/COLO829_PAO/TF0_25x/TF0_25x.rep5.bam.bai
[W::hts_idx_load3] The index file is older than the data file: /bip7_disk/pingting114/mixed_bam/COLO829_PAO/TF0_25x/TF0_25x.rep5.bam.bai
[W::bam_next_basemod] MM tag refers to bases beyond sequence length
[W::bam_next_basemod] MM tag refers to bases beyond sequence length
[W::hts_idx_load3] The index file is older than the data file: /bip7_disk/pingting114/mixed_bam/COLO829_PAO/TF0_25x/TF0_25x.rep5.bam.bai
[E::bam_parse_basemod2] 855dc0c8-e6d2-4019-ba46-af469d22862b: MM tag refers to bases beyond sequence length
[W::hts_idx_load3] The index file is older than the data file: /bip7_disk/pingting114/mixed_bam/COLO829_PAO/TF0_25x/TF0_25x.rep5.bam.bai
[W::hts_idx_load3] The index file is older than the data file: /bip7_disk/pingting114/mixed_bam/COLO829_PAO/TF0_25x/TF0_25x.rep5.bam.bai
[W::bam_next_basemod] MM tag refers to bases beyond sequence length
[W::hts_idx_load3] The index file is older than the data file: /bip7_disk/pingting114/mixed_bam/COLO829_PAO/TF0_25x/TF0_25x.rep5.bam.bai
[W::hts_idx_load3] The index file is older than the data file: /bip7_disk/pingting114/mixed_bam/COLO829_PAO/TF0_25x/TF0_25x.rep5.bam.bai
[W::hts_idx_load3] The index file is older than the data file: /bip7_disk/pingting114/mixed_bam/COLO829_PAO/TF0_25x/TF0_25x.rep5.bam.bai
[W::hts_idx_load3] The index file is older than the data file: /bip7_disk/pingting114/mixed_bam/COLO829_PAO/TF0_25x/TF0_25x.rep5.bam.bai
[W::bam_next_basemod] MM tag refers to bases beyond sequence length
[W::hts_idx_load3] The index file is older than the data file: /bip7_disk/pingting114/mixed_bam/COLO829_PAO/TF0_25x/TF0_25x.rep5.bam.bai
[W::hts_idx_load3] The index file is older than the data file: /bip7_disk/pingting114/mixed_bam/COLO829_PAO/TF0_25x/TF0_25x.rep5.bam.bai
[E::bam_parse_basemod2] 50e72072-adf8-482f-b4e5-567d091ad057: MM tag refers to bases beyond sequence length
[W::bam_next_basemod] MM tag refers to bases beyond sequence length
[W::hts_idx_load3] The index file is older than the data file: /bip7_disk/pingting114/mixed_bam/COLO829_PAO/TF0_25x/TF0_25x.rep5.bam.bai
[W::bam_next_basemod] MM tag refers to bases beyond sequence length
[W::hts_idx_load3] The index file is older than the data file: /bip7_disk/pingting114/mixed_bam/COLO829_PAO/TF0_25x/TF0_25x.rep5.bam.bai
[W::hts_idx_load3] The index file is older than the data file: /bip7_disk/pingting114/mixed_bam/COLO829_PAO/TF0_25x/TF0_25x.rep5.bam.bai
[W::hts_idx_load3] The index file is older than the data file: /bip7_disk/pingting114/mixed_bam/COLO829_PAO/TF0_25x/TF0_25x.rep5.bam.bai
[W::bam_next_basemod] MM tag refers to bases beyond sequence length
[W::bam_next_basemod] MM tag refers to bases beyond sequence length
[E::bam_parse_basemod2] e864b2eb-02f1-458e-88e0-4e12dabdfbbc: MM tag refers to bases beyond sequence length
[W::hts_idx_load3] The index file is older than the data file: /bip7_disk/pingting114/mixed_bam/COLO829_PAO/TF0_25x/TF0_25x.rep5.bam.bai
[W::hts_idx_load3] The index file is older than the data file: /bip7_disk/pingting114/mixed_bam/COLO829_PAO/TF0_25x/TF0_25x.rep5.bam.bai
[E::bam_parse_basemod2] 99f18c4d-cb96-4b50-b020-32c3ef97b1df: MM tag refers to bases beyond sequence length
[W::hts_idx_load3] The index file is older than the data file: /bip7_disk/pingting114/mixed_bam/COLO829_PAO/TF0_25x/TF0_25x.rep5.bam.bai
[W::bam_next_basemod] MM tag refers to bases beyond sequence length
[W::hts_idx_load3] The index file is older than the data file: /bip7_disk/pingting114/mixed_bam/COLO829_PAO/TF0_25x/TF0_25x.rep5.bam.bai
[W::hts_idx_load3] The index file is older than the data file: /bip7_disk/pingting114/mixed_bam/COLO829_PAO/TF0_25x/TF0_25x.rep5.bam.bai
[W::hts_idx_load3] The index file is older than the data file: /bip7_disk/pingting114/mixed_bam/COLO829_PAO/TF0_25x/TF0_25x.rep5.bam.bai
[E::bam_parse_basemod2] b2a08182-c0c0-47e7-8e0a-dec38fe1f2db: MM tag refers to bases beyond sequence length
[W::bam_next_basemod] MM tag refers to bases beyond sequence length
[W::hts_idx_load3] The index file is older than the data file: /bip7_disk/pingting114/mixed_bam/COLO829_PAO/TF0_25x/TF0_25x.rep5.bam.bai
[W::hts_idx_load3] The index file is older than the data file: /bip7_disk/pingting114/mixed_bam/COLO829_PAO/TF0_25x/TF0_25x.rep5.bam.bai
[W::hts_idx_load3] The index file is older than the data file: /bip7_disk/pingting114/mixed_bam/COLO829_PAO/TF0_25x/TF0_25x.rep5.bam.bai
[W::hts_idx_load3] The index file is older than the data file: /bip7_disk/pingting114/mixed_bam/COLO829_PAO/TF0_25x/TF0_25x.rep5.bam.bai
[W::bam_next_basemod] MM tag refers to bases beyond sequence length
[W::bam_next_basemod] MM tag refers to bases beyond sequence length
[W::hts_idx_load3] The index file is older than the data file: /bip7_disk/pingting114/mixed_bam/COLO829_PAO/TF0_25x/TF0_25x.rep5.bam.bai
[W::hts_idx_load3] The index file is older than the data file: /bip7_disk/pingting114/mixed_bam/COLO829_PAO/TF0_25x/TF0_25x.rep5.bam.bai
[W::hts_idx_load3] The index file is older than the data file: /bip7_disk/pingting114/mixed_bam/COLO829_PAO/TF0_25x/TF0_25x.rep5.bam.bai
[W::bam_next_basemod] MM tag refers to bases beyond sequence length
[W::hts_idx_load3] The index file is older than the data file: /bip7_disk/pingting114/mixed_bam/COLO829_PAO/TF0_25x/TF0_25x.rep5.bam.bai
[W::hts_idx_load3] The index file is older than the data file: /bip7_disk/pingting114/mixed_bam/COLO829_PAO/TF0_25x/TF0_25x.rep5.bam.bai
[W::hts_idx_load3] The index file is older than the data file: /bip7_disk/pingting114/mixed_bam/COLO829_PAO/TF0_25x/TF0_25x.rep5.bam.bai
[E::bam_parse_basemod2] 88276e4d-f10d-4d40-84a4-fb3fe4d84118: MM tag refers to bases beyond sequence length
[W::bam_next_basemod] MM tag refers to bases beyond sequence length
[W::hts_idx_load3] The index file is older than the data file: /bip7_disk/pingting114/mixed_bam/COLO829_PAO/TF0_25x/TF0_25x.rep5.bam.bai
[W::hts_idx_load3] The index file is older than the data file: /bip7_disk/pingting114/mixed_bam/COLO829_PAO/TF0_25x/TF0_25x.rep5.bam.bai
[W::hts_idx_load3] The index file is older than the data file: /bip7_disk/pingting114/mixed_bam/COLO829_PAO/TF0_25x/TF0_25x.rep5.bam.bai
[W::hts_idx_load3] The index file is older than the data file: /bip7_disk/pingting114/mixed_bam/COLO829_PAO/TF0_25x/TF0_25x.rep5.bam.bai
[W::bam_next_basemod] MM tag refers to bases beyond sequence length
[W::hts_idx_load3] The index file is older than the data file: /bip7_disk/pingting114/mixed_bam/COLO829_PAO/TF0_25x/TF0_25x.rep5.bam.bai
[W::hts_idx_load3] The index file is older than the data file: /bip7_disk/pingting114/mixed_bam/COLO829_PAO/TF0_25x/TF0_25x.rep5.bam.bai
[W::hts_idx_load3] The index file is older than the data file: /bip7_disk/pingting114/mixed_bam/COLO829_PAO/TF0_25x/TF0_25x.rep5.bam.bai
[W::hts_idx_load3] The index file is older than the data file: /bip7_disk/pingting114/mixed_bam/COLO829_PAO/TF0_25x/TF0_25x.rep5.bam.bai
[W::hts_idx_load3] The index file is older than the data file: /bip7_disk/pingting114/mixed_bam/COLO829_PAO/TF0_25x/TF0_25x.rep5.bam.bai
[W::bam_next_basemod] MM tag refers to bases beyond sequence length
[W::hts_idx_load3] The index file is older than the data file: /bip7_disk/pingting114/mixed_bam/COLO829_PAO/TF0_25x/TF0_25x.rep5.bam.bai
[W::hts_idx_load3] The index file is older than the data file: /bip7_disk/pingting114/mixed_bam/COLO829_PAO/TF0_25x/TF0_25x.rep5.bam.bai
[W::hts_idx_load3] The index file is older than the data file: /bip7_disk/pingting114/mixed_bam/COLO829_PAO/TF0_25x/TF0_25x.rep5.bam.bai
[W::hts_idx_load3] The index file is older than the data file: /bip7_disk/pingting114/mixed_bam/COLO829_PAO/TF0_25x/TF0_25x.rep5.bam.bai
[W::hts_idx_load3] The index file is older than the data file: /bip7_disk/pingting114/mixed_bam/COLO829_PAO/TF0_25x/TF0_25x.rep5.bam.bai
[W::hts_idx_load3] The index file is older than the data file: /bip7_disk/pingting114/mixed_bam/COLO829_PAO/TF0_25x/TF0_25x.rep5.bam.bai
[E::bam_parse_basemod2] 23b1fb29-c438-4f6b-b8d5-9696907eec11: MM tag refers to bases beyond sequence length
[W::hts_idx_load3] The index file is older than the data file: /bip7_disk/pingting114/mixed_bam/COLO829_PAO/TF0_25x/TF0_25x.rep5.bam.bai
[W::bam_next_basemod] MM tag refers to bases beyond sequence length
[W::hts_idx_load3] The index file is older than the data file: /bip7_disk/pingting114/mixed_bam/COLO829_PAO/TF0_25x/TF0_25x.rep5.bam.bai
[W::hts_idx_load3] The index file is older than the data file: /bip7_disk/pingting114/mixed_bam/COLO829_PAO/TF0_25x/TF0_25x.rep5.bam.bai
[W::hts_idx_load3] The index file is older than the data file: /bip7_disk/pingting114/mixed_bam/COLO829_PAO/TF0_25x/TF0_25x.rep5.bam.bai
[W::hts_idx_load3] The index file is older than the data file: /bip7_disk/pingting114/mixed_bam/COLO829_PAO/TF0_25x/TF0_25x.rep5.bam.bai
[W::hts_idx_load3] The index file is older than the data file: /bip7_disk/pingting114/mixed_bam/COLO829_PAO/TF0_25x/TF0_25x.rep5.bam.bai
[W::hts_idx_load3] The index file is older than the data file: /bip7_disk/pingting114/mixed_bam/COLO829_PAO/TF0_25x/TF0_25x.rep5.bam.bai
[W::hts_idx_load3] The index file is older than the data file: /bip7_disk/pingting114/mixed_bam/COLO829_PAO/TF0_25x/TF0_25x.rep5.bam.bai
[W::bam_next_basemod] MM tag refers to bases beyond sequence length
[E::bam_parse_basemod2] a64d9eb1-5b41-4adc-90f3-ac27846e9858: MM tag refers to bases beyond sequence length
[W::hts_idx_load3] The index file is older than the data file: /bip7_disk/pingting114/mixed_bam/COLO829_PAO/TF0_25x/TF0_25x.rep5.bam.bai
[W::bam_next_basemod] MM tag refers to bases beyond sequence length
[E::bam_parse_basemod2] 1d161394-cc92-4c50-be96-bcc78c817ded: MM tag refers to bases beyond sequence length
[W::hts_idx_load3] The index file is older than the data file: /bip7_disk/pingting114/mixed_bam/COLO829_PAO/TF0_25x/TF0_25x.rep5.bam.bai
[W::hts_idx_load3] The index file is older than the data file: /bip7_disk/pingting114/mixed_bam/COLO829_PAO/TF0_25x/TF0_25x.rep5.bam.bai
[E::bam_parse_basemod2] d14de449-a42e-4f84-842c-6ba24a6102d9: MM tag refers to bases beyond sequence length
[W::hts_idx_load3] The index file is older than the data file: /bip7_disk/pingting114/mixed_bam/COLO829_PAO/TF0_25x/TF0_25x.rep5.bam.bai
[W::hts_idx_load3] The index file is older than the data file: /bip7_disk/pingting114/mixed_bam/COLO829_PAO/TF0_25x/TF0_25x.rep5.bam.bai
[W::hts_idx_load3] The index file is older than the data file: /bip7_disk/pingting114/mixed_bam/COLO829_PAO/TF0_25x/TF0_25x.rep5.bam.bai
[W::hts_idx_load3] The index file is older than the data file: /bip7_disk/pingting114/mixed_bam/COLO829_PAO/TF0_25x/TF0_25x.rep5.bam.bai
[W::hts_idx_load3] The index file is older than the data file: /bip7_disk/pingting114/mixed_bam/COLO829_PAO/TF0_25x/TF0_25x.rep5.bam.bai
[W::hts_idx_load3] The index file is older than the data file: /bip7_disk/pingting114/mixed_bam/COLO829_PAO/TF0_25x/TF0_25x.rep5.bam.bai
[W::hts_idx_load3] The index file is older than the data file: /bip7_disk/pingting114/mixed_bam/COLO829_PAO/TF0_25x/TF0_25x.rep5.bam.bai
[W::hts_idx_load3] The index file is older than the data file: /bip7_disk/pingting114/mixed_bam/COLO829_PAO/TF0_25x/TF0_25x.rep5.bam.bai
[W::hts_idx_load3] The index file is older than the data file: /bip7_disk/pingting114/mixed_bam/COLO829_PAO/TF0_25x/TF0_25x.rep5.bam.bai
[W::hts_idx_load3] The index file is older than the data file: /bip7_disk/pingting114/mixed_bam/COLO829_PAO/TF0_25x/TF0_25x.rep5.bam.bai
[W::bam_next_basemod] MM tag refers to bases beyond sequence length
[W::hts_idx_load3] The index file is older than the data file: /bip7_disk/pingting114/mixed_bam/COLO829_PAO/TF0_25x/TF0_25x.rep5.bam.bai
[W::hts_idx_load3] The index file is older than the data file: /bip7_disk/pingting114/mixed_bam/COLO829_PAO/TF0_25x/TF0_25x.rep5.bam.bai
[W::hts_idx_load3] The index file is older than the data file: /bip7_disk/pingting114/mixed_bam/COLO829_PAO/TF0_25x/TF0_25x.rep5.bam.bai
[W::hts_idx_load3] The index file is older than the data file: /bip7_disk/pingting114/mixed_bam/COLO829_PAO/TF0_25x/TF0_25x.rep5.bam.bai
[W::hts_idx_load3] The index file is older than the data file: /bip7_disk/pingting114/mixed_bam/COLO829_PAO/TF0_25x/TF0_25x.rep5.bam.bai
[W::bam_next_basemod] MM tag refers to bases beyond sequence length
[E::bam_parse_basemod2] 64d9e6f4-f455-4f82-b0bf-e7ed6000f476: MM tag refers to bases beyond sequence length
[W::hts_idx_load3] The index file is older than the data file: /bip7_disk/pingting114/mixed_bam/COLO829_PAO/TF0_25x/TF0_25x.rep5.bam.bai
[E::bam_parse_basemod2] 1c640181-8b55-4866-8efe-210ef3865dc6: MM tag refers to bases beyond sequence length
[W::hts_idx_load3] The index file is older than the data file: /bip7_disk/pingting114/mixed_bam/COLO829_PAO/TF0_25x/TF0_25x.rep5.bam.bai
[W::bam_next_basemod] MM tag refers to bases beyond sequence length
[W::hts_idx_load3] The index file is older than the data file: /bip7_disk/pingting114/mixed_bam/COLO829_PAO/TF0_25x/TF0_25x.rep5.bam.bai
[W::hts_idx_load3] The index file is older than the data file: /bip7_disk/pingting114/mixed_bam/COLO829_PAO/TF0_25x/TF0_25x.rep5.bam.bai
[W::hts_idx_load3] The index file is older than the data file: /bip7_disk/pingting114/mixed_bam/COLO829_PAO/TF0_25x/TF0_25x.rep5.bam.bai
[W::hts_idx_load3] The index file is older than the data file: /bip7_disk/pingting114/mixed_bam/COLO829_PAO/TF0_25x/TF0_25x.rep5.bam.bai
[E::bam_parse_basemod2] d0f0d656-9243-4120-b0ea-57d094e562d2: MM tag refers to bases beyond sequence length
[W::hts_idx_load3] The index file is older than the data file: /bip7_disk/pingting114/mixed_bam/COLO829_PAO/TF0_25x/TF0_25x.rep5.bam.bai
[E::bam_parse_basemod2] 4646c00a-c3c0-47e0-8434-f3c9eb469573: MM tag refers to bases beyond sequence length
[W::hts_idx_load3] The index file is older than the data file: /bip7_disk/pingting114/mixed_bam/COLO829_PAO/TF0_25x/TF0_25x.rep5.bam.bai
[W::hts_idx_load3] The index file is older than the data file: /bip7_disk/pingting114/mixed_bam/COLO829_PAO/TF0_25x/TF0_25x.rep5.bam.bai
[W::bam_next_basemod] MM tag refers to bases beyond sequence length
[W::hts_idx_load3] The index file is older than the data file: /bip7_disk/pingting114/mixed_bam/COLO829_PAO/TF0_25x/TF0_25x.rep5.bam.bai
[W::bam_next_basemod] MM tag refers to bases beyond sequence length
[W::hts_idx_load3] The index file is older than the data file: /bip7_disk/pingting114/mixed_bam/COLO829_PAO/TF0_25x/TF0_25x.rep5.bam.bai
[W::hts_idx_load3] The index file is older than the data file: /bip7_disk/pingting114/mixed_bam/COLO829_PAO/TF0_25x/TF0_25x.rep5.bam.bai
[W::hts_idx_load3] The index file is older than the data file: /bip7_disk/pingting114/mixed_bam/COLO829_PAO/TF0_25x/TF0_25x.rep5.bam.bai
[W::bam_next_basemod] MM tag refers to bases beyond sequence length
[W::bam_next_basemod] MM tag refers to bases beyond sequence length
[W::hts_idx_load3] The index file is older than the data file: /bip7_disk/pingting114/mixed_bam/COLO829_PAO/TF0_25x/TF0_25x.rep5.bam.bai
[W::hts_idx_load3] The index file is older than the data file: /bip7_disk/pingting114/mixed_bam/COLO829_PAO/TF0_25x/TF0_25x.rep5.bam.bai
[W::hts_idx_load3] The index file is older than the data file: /bip7_disk/pingting114/mixed_bam/COLO829_PAO/TF0_25x/TF0_25x.rep5.bam.bai
[E::bam_parse_basemod2] 82baced5-cf5c-4f80-838c-2ff71c700dba: MM tag refers to bases beyond sequence length
[W::hts_idx_load3] The index file is older than the data file: /bip7_disk/pingting114/mixed_bam/COLO829_PAO/TF0_25x/TF0_25x.rep5.bam.bai
[E::bam_parse_basemod2] 80d5d4e6-eaae-489e-addf-732683f6d9e9: MM tag refers to bases beyond sequence length
[W::hts_idx_load3] The index file is older than the data file: /bip7_disk/pingting114/mixed_bam/COLO829_PAO/TF0_25x/TF0_25x.rep5.bam.bai
[W::hts_idx_load3] The index file is older than the data file: /bip7_disk/pingting114/mixed_bam/COLO829_PAO/TF0_25x/TF0_25x.rep5.bam.bai
[W::hts_idx_load3] The index file is older than the data file: /bip7_disk/pingting114/mixed_bam/COLO829_PAO/TF0_25x/TF0_25x.rep5.bam.bai
[W::hts_idx_load3] The index file is older than the data file: /bip7_disk/pingting114/mixed_bam/COLO829_PAO/TF0_25x/TF0_25x.rep5.bam.bai
[W::hts_idx_load3] The index file is older than the data file: /bip7_disk/pingting114/mixed_bam/COLO829_PAO/TF0_25x/TF0_25x.rep5.bam.bai
[W::bam_next_basemod] MM tag refers to bases beyond sequence length
[W::hts_idx_load3] The index file is older than the data file: /bip7_disk/pingting114/mixed_bam/COLO829_PAO/TF0_25x/TF0_25x.rep5.bam.bai
[W::bam_next_basemod] MM tag refers to bases beyond sequence length
[W::hts_idx_load3] The index file is older than the data file: /bip7_disk/pingting114/mixed_bam/COLO829_PAO/TF0_25x/TF0_25x.rep5.bam.bai
[W::hts_idx_load3] The index file is older than the data file: /bip7_disk/pingting114/mixed_bam/COLO829_PAO/TF0_25x/TF0_25x.rep5.bam.bai
[W::bam_next_basemod] MM tag refers to bases beyond sequence length
[W::hts_idx_load3] The index file is older than the data file: /bip7_disk/pingting114/mixed_bam/COLO829_PAO/TF0_25x/TF0_25x.rep5.bam.bai
[E::bam_parse_basemod2] 42710711-fc54-41ab-a59f-5e1aa2aa4c0d: MM tag refers to bases beyond sequence length
[W::hts_idx_load3] The index file is older than the data file: /bip7_disk/pingting114/mixed_bam/COLO829_PAO/TF0_25x/TF0_25x.rep5.bam.bai
[W::hts_idx_load3] The index file is older than the data file: /bip7_disk/pingting114/mixed_bam/COLO829_PAO/TF0_25x/TF0_25x.rep5.bam.bai
[W::hts_idx_load3] The index file is older than the data file: /bip7_disk/pingting114/mixed_bam/COLO829_PAO/TF0_25x/TF0_25x.rep5.bam.bai
[W::hts_idx_load3] The index file is older than the data file: /bip7_disk/pingting114/mixed_bam/COLO829_PAO/TF0_25x/TF0_25x.rep5.bam.bai
[W::hts_idx_load3] The index file is older than the data file: /bip7_disk/pingting114/mixed_bam/COLO829_PAO/TF0_25x/TF0_25x.rep5.bam.bai
[W::hts_idx_load3] The index file is older than the data file: /bip7_disk/pingting114/mixed_bam/COLO829_PAO/TF0_25x/TF0_25x.rep5.bam.bai
[W::hts_idx_load3] The index file is older than the data file: /bip7_disk/pingting114/mixed_bam/COLO829_PAO/TF0_25x/TF0_25x.rep5.bam.bai
[W::hts_idx_load3] The index file is older than the data file: /bip7_disk/pingting114/mixed_bam/COLO829_PAO/TF0_25x/TF0_25x.rep5.bam.bai
[W::bam_next_basemod] MM tag refers to bases beyond sequence length
[W::hts_idx_load3] The index file is older than the data file: /bip7_disk/pingting114/mixed_bam/COLO829_PAO/TF0_25x/TF0_25x.rep5.bam.bai
[W::hts_idx_load3] The index file is older than the data file: /bip7_disk/pingting114/mixed_bam/COLO829_PAO/TF0_25x/TF0_25x.rep5.bam.bai
[W::hts_idx_load3] The index file is older than the data file: /bip7_disk/pingting114/mixed_bam/COLO829_PAO/TF0_25x/TF0_25x.rep5.bam.bai
[W::hts_idx_load3] The index file is older than the data file: /bip7_disk/pingting114/mixed_bam/COLO829_PAO/TF0_25x/TF0_25x.rep5.bam.bai
[W::hts_idx_load3] The index file is older than the data file: /bip7_disk/pingting114/mixed_bam/COLO829_PAO/TF0_25x/TF0_25x.rep5.bam.bai
[W::bam_next_basemod] MM tag refers to bases beyond sequence length
[W::hts_idx_load3] The index file is older than the data file: /bip7_disk/pingting114/mixed_bam/COLO829_PAO/TF0_25x/TF0_25x.rep5.bam.bai
[W::bam_next_basemod] MM tag refers to bases beyond sequence length
[W::hts_idx_load3] The index file is older than the data file: /bip7_disk/pingting114/mixed_bam/COLO829_PAO/TF0_25x/TF0_25x.rep5.bam.bai
[W::hts_idx_load3] The index file is older than the data file: /bip7_disk/pingting114/mixed_bam/COLO829_PAO/TF0_25x/TF0_25x.rep5.bam.bai
[W::hts_idx_load3] The index file is older than the data file: /bip7_disk/pingting114/mixed_bam/COLO829_PAO/TF0_25x/TF0_25x.rep5.bam.bai
[W::hts_idx_load3] The index file is older than the data file: /bip7_disk/pingting114/mixed_bam/COLO829_PAO/TF0_25x/TF0_25x.rep5.bam.bai
[W::bam_next_basemod] MM tag refers to bases beyond sequence length
[W::bam_next_basemod] MM tag refers to bases beyond sequence length
[W::hts_idx_load3] The index file is older than the data file: /bip7_disk/pingting114/mixed_bam/COLO829_PAO/TF0_25x/TF0_25x.rep5.bam.bai
[W::hts_idx_load3] The index file is older than the data file: /bip7_disk/pingting114/mixed_bam/COLO829_PAO/TF0_25x/TF0_25x.rep5.bam.bai
[W::hts_idx_load3] The index file is older than the data file: /bip7_disk/pingting114/mixed_bam/COLO829_PAO/TF0_25x/TF0_25x.rep5.bam.bai
[W::bam_next_basemod] MM tag refers to bases beyond sequence length
[W::hts_idx_load3] The index file is older than the data file: /bip7_disk/pingting114/mixed_bam/COLO829_PAO/TF0_25x/TF0_25x.rep5.bam.bai
[W::hts_idx_load3] The index file is older than the data file: /bip7_disk/pingting114/mixed_bam/COLO829_PAO/TF0_25x/TF0_25x.rep5.bam.bai
[W::hts_idx_load3] The index file is older than the data file: /bip7_disk/pingting114/mixed_bam/COLO829_PAO/TF0_25x/TF0_25x.rep5.bam.bai
[W::hts_idx_load3] The index file is older than the data file: /bip7_disk/pingting114/mixed_bam/COLO829_PAO/TF0_25x/TF0_25x.rep5.bam.bai
[W::bam_next_basemod] MM tag refers to bases beyond sequence length
[W::bam_next_basemod] MM tag refers to bases beyond sequence length
[E::bam_parse_basemod2] 7e104331-0c06-4282-9c44-9d99aba5170c: MM tag refers to bases beyond sequence length
[E::bam_parse_basemod2] 9007822e-1b82-41c6-9850-2e4bca751970: MM tag refers to bases beyond sequence length
[W::hts_idx_load3] The index file is older than the data file: /bip7_disk/pingting114/mixed_bam/COLO829_PAO/TF0_25x/TF0_25x.rep5.bam.bai
[E::bam_parse_basemod2] 54bd7723-f3c3-40bd-8796-b67732617199: MM tag refers to bases beyond sequence length
[E::bam_parse_basemod2] c3fee7ad-387e-4f52-bad4-8cab3700e0b4: MM tag refers to bases beyond sequence length
[W::hts_idx_load3] The index file is older than the data file: /bip7_disk/pingting114/mixed_bam/COLO829_PAO/TF0_25x/TF0_25x.rep5.bam.bai
[W::hts_idx_load3] The index file is older than the data file: /bip7_disk/pingting114/mixed_bam/COLO829_PAO/TF0_25x/TF0_25x.rep5.bam.bai
[W::hts_idx_load3] The index file is older than the data file: /bip7_disk/pingting114/mixed_bam/COLO829_PAO/TF0_25x/TF0_25x.rep5.bam.bai
[W::hts_idx_load3] The index file is older than the data file: /bip7_disk/pingting114/mixed_bam/COLO829_PAO/TF0_25x/TF0_25x.rep5.bam.bai
[W::hts_idx_load3] The index file is older than the data file: /bip7_disk/pingting114/mixed_bam/COLO829_PAO/TF0_25x/TF0_25x.rep5.bam.bai
[W::hts_idx_load3] The index file is older than the data file: /bip7_disk/pingting114/mixed_bam/COLO829_PAO/TF0_25x/TF0_25x.rep5.bam.bai
[E::bam_parse_basemod2] 0260906c-79d7-4a7e-b923-065ffc0235f5: MM tag refers to bases beyond sequence length
[W::hts_idx_load3] The index file is older than the data file: /bip7_disk/pingting114/mixed_bam/COLO829_PAO/TF0_25x/TF0_25x.rep5.bam.bai
[W::hts_idx_load3] The index file is older than the data file: /bip7_disk/pingting114/mixed_bam/COLO829_PAO/TF0_25x/TF0_25x.rep5.bam.bai
[W::hts_idx_load3] The index file is older than the data file: /bip7_disk/pingting114/mixed_bam/COLO829_PAO/TF0_25x/TF0_25x.rep5.bam.bai
[W::hts_idx_load3] The index file is older than the data file: /bip7_disk/pingting114/mixed_bam/COLO829_PAO/TF0_25x/TF0_25x.rep5.bam.bai
[W::hts_idx_load3] The index file is older than the data file: /bip7_disk/pingting114/mixed_bam/COLO829_PAO/TF0_25x/TF0_25x.rep5.bam.bai
[W::hts_idx_load3] The index file is older than the data file: /bip7_disk/pingting114/mixed_bam/COLO829_PAO/TF0_25x/TF0_25x.rep5.bam.bai
[W::hts_idx_load3] The index file is older than the data file: /bip7_disk/pingting114/mixed_bam/COLO829_PAO/TF0_25x/TF0_25x.rep5.bam.bai
[W::hts_idx_load3] The index file is older than the data file: /bip7_disk/pingting114/mixed_bam/COLO829_PAO/TF0_25x/TF0_25x.rep5.bam.bai
[W::hts_idx_load3] The index file is older than the data file: /bip7_disk/pingting114/mixed_bam/COLO829_PAO/TF0_25x/TF0_25x.rep5.bam.bai
[W::hts_idx_load3] The index file is older than the data file: /bip7_disk/pingting114/mixed_bam/COLO829_PAO/TF0_25x/TF0_25x.rep5.bam.bai
[W::bam_next_basemod] MM tag refers to bases beyond sequence length
[W::hts_idx_load3] The index file is older than the data file: /bip7_disk/pingting114/mixed_bam/COLO829_PAO/TF0_25x/TF0_25x.rep5.bam.bai
[W::hts_idx_load3] The index file is older than the data file: /bip7_disk/pingting114/mixed_bam/COLO829_PAO/TF0_25x/TF0_25x.rep5.bam.bai
[W::hts_idx_load3] The index file is older than the data file: /bip7_disk/pingting114/mixed_bam/COLO829_PAO/TF0_25x/TF0_25x.rep5.bam.bai
[W::hts_idx_load3] The index file is older than the data file: /bip7_disk/pingting114/mixed_bam/COLO829_PAO/TF0_25x/TF0_25x.rep5.bam.bai
[W::bam_next_basemod] MM tag refers to bases beyond sequence length
[W::hts_idx_load3] The index file is older than the data file: /bip7_disk/pingting114/mixed_bam/COLO829_PAO/TF0_25x/TF0_25x.rep5.bam.bai
[W::hts_idx_load3] The index file is older than the data file: /bip7_disk/pingting114/mixed_bam/COLO829_PAO/TF0_25x/TF0_25x.rep5.bam.bai
[W::bam_next_basemod] MM tag refers to bases beyond sequence length
[W::bam_next_basemod] MM tag refers to bases beyond sequence length
[W::hts_idx_load3] The index file is older than the data file: /bip7_disk/pingting114/mixed_bam/COLO829_PAO/TF0_25x/TF0_25x.rep5.bam.bai
[W::hts_idx_load3] The index file is older than the data file: /bip7_disk/pingting114/mixed_bam/COLO829_PAO/TF0_25x/TF0_25x.rep5.bam.bai
[W::hts_idx_load3] The index file is older than the data file: /bip7_disk/pingting114/mixed_bam/COLO829_PAO/TF0_25x/TF0_25x.rep5.bam.bai
[W::hts_idx_load3] The index file is older than the data file: /bip7_disk/pingting114/mixed_bam/COLO829_PAO/TF0_25x/TF0_25x.rep5.bam.bai
[W::hts_idx_load3] The index file is older than the data file: /bip7_disk/pingting114/mixed_bam/COLO829_PAO/TF0_25x/TF0_25x.rep5.bam.bai
[W::hts_idx_load3] The index file is older than the data file: /bip7_disk/pingting114/mixed_bam/COLO829_PAO/TF0_25x/TF0_25x.rep5.bam.bai
[W::hts_idx_load3] The index file is older than the data file: /bip7_disk/pingting114/mixed_bam/COLO829_PAO/TF0_25x/TF0_25x.rep5.bam.bai
[W::hts_idx_load3] The index file is older than the data file: /bip7_disk/pingting114/mixed_bam/COLO829_PAO/TF0_25x/TF0_25x.rep5.bam.bai
[W::hts_idx_load3] The index file is older than the data file: /bip7_disk/pingting114/mixed_bam/COLO829_PAO/TF0_25x/TF0_25x.rep5.bam.bai
[W::hts_idx_load3] The index file is older than the data file: /bip7_disk/pingting114/mixed_bam/COLO829_PAO/TF0_25x/TF0_25x.rep5.bam.bai
[W::hts_idx_load3] The index file is older than the data file: /bip7_disk/pingting114/mixed_bam/COLO829_PAO/TF0_25x/TF0_25x.rep5.bam.bai
[W::bam_next_basemod] MM tag refers to bases beyond sequence length
[W::hts_idx_load3] The index file is older than the data file: /bip7_disk/pingting114/mixed_bam/COLO829_PAO/TF0_25x/TF0_25x.rep5.bam.bai
[W::hts_idx_load3] The index file is older than the data file: /bip7_disk/pingting114/mixed_bam/COLO829_PAO/TF0_25x/TF0_25x.rep5.bam.bai
[W::hts_idx_load3] The index file is older than the data file: /bip7_disk/pingting114/mixed_bam/COLO829_PAO/TF0_25x/TF0_25x.rep5.bam.bai
[W::hts_idx_load3] The index file is older than the data file: /bip7_disk/pingting114/mixed_bam/COLO829_PAO/TF0_25x/TF0_25x.rep5.bam.bai
[W::bam_next_basemod] MM tag refers to bases beyond sequence length
[W::hts_idx_load3] The index file is older than the data file: /bip7_disk/pingting114/mixed_bam/COLO829_PAO/TF0_25x/TF0_25x.rep5.bam.bai
[W::hts_idx_load3] The index file is older than the data file: /bip7_disk/pingting114/mixed_bam/COLO829_PAO/TF0_25x/TF0_25x.rep5.bam.bai
[W::hts_idx_load3] The index file is older than the data file: /bip7_disk/pingting114/mixed_bam/COLO829_PAO/TF0_25x/TF0_25x.rep5.bam.bai
[W::hts_idx_load3] The index file is older than the data file: /bip7_disk/pingting114/mixed_bam/COLO829_PAO/TF0_25x/TF0_25x.rep5.bam.bai
[W::hts_idx_load3] The index file is older than the data file: /bip7_disk/pingting114/mixed_bam/COLO829_PAO/TF0_25x/TF0_25x.rep5.bam.bai
[W::hts_idx_load3] The index file is older than the data file: /bip7_disk/pingting114/mixed_bam/COLO829_PAO/TF0_25x/TF0_25x.rep5.bam.bai
[W::hts_idx_load3] The index file is older than the data file: /bip7_disk/pingting114/mixed_bam/COLO829_PAO/TF0_25x/TF0_25x.rep5.bam.bai
[W::hts_idx_load3] The index file is older than the data file: /bip7_disk/pingting114/mixed_bam/COLO829_PAO/TF0_25x/TF0_25x.rep5.bam.bai
[W::hts_idx_load3] The index file is older than the data file: /bip7_disk/pingting114/mixed_bam/COLO829_PAO/TF0_25x/TF0_25x.rep5.bam.bai
[W::hts_idx_load3] The index file is older than the data file: /bip7_disk/pingting114/mixed_bam/COLO829_PAO/TF0_25x/TF0_25x.rep5.bam.bai
[W::hts_idx_load3] The index file is older than the data file: /bip7_disk/pingting114/mixed_bam/COLO829_PAO/TF0_25x/TF0_25x.rep5.bam.bai
[W::hts_idx_load3] The index file is older than the data file: /bip7_disk/pingting114/mixed_bam/COLO829_PAO/TF0_25x/TF0_25x.rep5.bam.bai
[E::bam_parse_basemod2] fe1a510a-903a-4cf6-a925-2f452cdbbad4: MM tag refers to bases beyond sequence length
[W::hts_idx_load3] The index file is older than the data file: /bip7_disk/pingting114/mixed_bam/COLO829_PAO/TF0_25x/TF0_25x.rep5.bam.bai
[W::hts_idx_load3] The index file is older than the data file: /bip7_disk/pingting114/mixed_bam/COLO829_PAO/TF0_25x/TF0_25x.rep5.bam.bai
[W::hts_idx_load3] The index file is older than the data file: /bip7_disk/pingting114/mixed_bam/COLO829_PAO/TF0_25x/TF0_25x.rep5.bam.bai
[W::bam_next_basemod] MM tag refers to bases beyond sequence length
[W::hts_idx_load3] The index file is older than the data file: /bip7_disk/pingting114/mixed_bam/COLO829_PAO/TF0_25x/TF0_25x.rep5.bam.bai
[W::hts_idx_load3] The index file is older than the data file: /bip7_disk/pingting114/mixed_bam/COLO829_PAO/TF0_25x/TF0_25x.rep5.bam.bai
[E::bam_parse_basemod2] 69b71c4d-edcb-4207-9c60-121e892120a2: MM tag refers to bases beyond sequence length
[W::hts_idx_load3] The index file is older than the data file: /bip7_disk/pingting114/mixed_bam/COLO829_PAO/TF0_25x/TF0_25x.rep5.bam.bai
[W::hts_idx_load3] The index file is older than the data file: /bip7_disk/pingting114/mixed_bam/COLO829_PAO/TF0_25x/TF0_25x.rep5.bam.bai
[W::bam_next_basemod] MM tag refers to bases beyond sequence length
[W::hts_idx_load3] The index file is older than the data file: /bip7_disk/pingting114/mixed_bam/COLO829_PAO/TF0_25x/TF0_25x.rep5.bam.bai
[W::bam_next_basemod] MM tag refers to bases beyond sequence length
[W::hts_idx_load3] The index file is older than the data file: /bip7_disk/pingting114/mixed_bam/COLO829_PAO/TF0_25x/TF0_25x.rep5.bam.bai
[E::bam_parse_basemod2] ea858cc9-1d2d-4fa2-9557-ad73c023f2b8: MM tag refers to bases beyond sequence length
[W::hts_idx_load3] The index file is older than the data file: /bip7_disk/pingting114/mixed_bam/COLO829_PAO/TF0_25x/TF0_25x.rep5.bam.bai
[W::hts_idx_load3] The index file is older than the data file: /bip7_disk/pingting114/mixed_bam/COLO829_PAO/TF0_25x/TF0_25x.rep5.bam.bai
[W::hts_idx_load3] The index file is older than the data file: /bip7_disk/pingting114/mixed_bam/COLO829_PAO/TF0_25x/TF0_25x.rep5.bam.bai
[E::bam_parse_basemod2] 0e292d4d-89da-47c0-bf97-fe0122c81469: MM tag refers to bases beyond sequence length
[W::hts_idx_load3] The index file is older than the data file: /bip7_disk/pingting114/mixed_bam/COLO829_PAO/TF0_25x/TF0_25x.rep5.bam.bai
[W::hts_idx_load3] The index file is older than the data file: /bip7_disk/pingting114/mixed_bam/COLO829_PAO/TF0_25x/TF0_25x.rep5.bam.bai
[W::hts_idx_load3] The index file is older than the data file: /bip7_disk/pingting114/mixed_bam/COLO829_PAO/TF0_25x/TF0_25x.rep5.bam.bai
[W::hts_idx_load3] The index file is older than the data file: /bip7_disk/pingting114/mixed_bam/COLO829_PAO/TF0_25x/TF0_25x.rep5.bam.bai
[W::hts_idx_load3] The index file is older than the data file: /bip7_disk/pingting114/mixed_bam/COLO829_PAO/TF0_25x/TF0_25x.rep5.bam.bai
[E::bam_parse_basemod2] 968f7672-9b30-46cc-981e-43262a3e1e5a: MM tag refers to bases beyond sequence length
[W::bam_next_basemod] MM tag refers to bases beyond sequence length
[W::hts_idx_load3] The index file is older than the data file: /bip7_disk/pingting114/mixed_bam/COLO829_PAO/TF0_25x/TF0_25x.rep5.bam.bai
[W::hts_idx_load3] The index file is older than the data file: /bip7_disk/pingting114/mixed_bam/COLO829_PAO/TF0_25x/TF0_25x.rep5.bam.bai
[W::hts_idx_load3] The index file is older than the data file: /bip7_disk/pingting114/mixed_bam/COLO829_PAO/TF0_25x/TF0_25x.rep5.bam.bai
[W::bam_next_basemod] MM tag refers to bases beyond sequence length
[W::hts_idx_load3] The index file is older than the data file: /bip7_disk/pingting114/mixed_bam/COLO829_PAO/TF0_25x/TF0_25x.rep5.bam.bai
[W::hts_idx_load3] The index file is older than the data file: /bip7_disk/pingting114/mixed_bam/COLO829_PAO/TF0_25x/TF0_25x.rep5.bam.bai
[W::hts_idx_load3] The index file is older than the data file: /bip7_disk/pingting114/mixed_bam/COLO829_PAO/TF0_25x/TF0_25x.rep5.bam.bai
[W::hts_idx_load3] The index file is older than the data file: /bip7_disk/pingting114/mixed_bam/COLO829_PAO/TF0_25x/TF0_25x.rep5.bam.bai
[W::bam_next_basemod] MM tag refers to bases beyond sequence length
[W::hts_idx_load3] The index file is older than the data file: /bip7_disk/pingting114/mixed_bam/COLO829_PAO/TF0_25x/TF0_25x.rep5.bam.bai
[W::hts_idx_load3] The index file is older than the data file: /bip7_disk/pingting114/mixed_bam/COLO829_PAO/TF0_25x/TF0_25x.rep5.bam.bai
[W::bam_next_basemod] MM tag refers to bases beyond sequence length
[W::bam_next_basemod] MM tag refers to bases beyond sequence length
[W::hts_idx_load3] The index file is older than the data file: /bip7_disk/pingting114/mixed_bam/COLO829_PAO/TF0_25x/TF0_25x.rep5.bam.bai
[W::hts_idx_load3] The index file is older than the data file: /bip7_disk/pingting114/mixed_bam/COLO829_PAO/TF0_25x/TF0_25x.rep5.bam.bai
[W::bam_next_basemod] MM tag refers to bases beyond sequence length
[E::bam_parse_basemod2] 4e849b71-1f8e-42e9-8cbc-da2c2ea1d572: MM tag refers to bases beyond sequence length
[E::bam_parse_basemod2] 75030f1e-7b65-47c2-b872-ccb0cf08b9b9: MM tag refers to bases beyond sequence length
[W::hts_idx_load3] The index file is older than the data file: /bip7_disk/pingting114/mixed_bam/COLO829_PAO/TF0_25x/TF0_25x.rep5.bam.bai
[W::bam_next_basemod] MM tag refers to bases beyond sequence length
[W::hts_idx_load3] The index file is older than the data file: /bip7_disk/pingting114/mixed_bam/COLO829_PAO/TF0_25x/TF0_25x.rep5.bam.bai
[W::hts_idx_load3] The index file is older than the data file: /bip7_disk/pingting114/mixed_bam/COLO829_PAO/TF0_25x/TF0_25x.rep5.bam.bai
[W::hts_idx_load3] The index file is older than the data file: /bip7_disk/pingting114/mixed_bam/COLO829_PAO/TF0_25x/TF0_25x.rep5.bam.bai
[E::bam_parse_basemod2] 52962e10-2e91-4062-b729-86ae0228a1aa: MM tag refers to bases beyond sequence length
[W::bam_next_basemod] MM tag refers to bases beyond sequence length
[W::hts_idx_load3] The index file is older than the data file: /bip7_disk/pingting114/mixed_bam/COLO829_PAO/TF0_25x/TF0_25x.rep5.bam.bai
[W::hts_idx_load3] The index file is older than the data file: /bip7_disk/pingting114/mixed_bam/COLO829_PAO/TF0_25x/TF0_25x.rep5.bam.bai
[W::hts_idx_load3] The index file is older than the data file: /bip7_disk/pingting114/mixed_bam/COLO829_PAO/TF0_25x/TF0_25x.rep5.bam.bai
[W::hts_idx_load3] The index file is older than the data file: /bip7_disk/pingting114/mixed_bam/COLO829_PAO/TF0_25x/TF0_25x.rep5.bam.bai
[W::hts_idx_load3] The index file is older than the data file: /bip7_disk/pingting114/mixed_bam/COLO829_PAO/TF0_25x/TF0_25x.rep5.bam.bai
[W::bam_next_basemod] MM tag refers to bases beyond sequence length
[E::bam_parse_basemod2] 4ee933a4-9ba9-4530-a82d-46d0bbf35e37: MM tag refers to bases beyond sequence length
[W::hts_idx_load3] The index file is older than the data file: /bip7_disk/pingting114/mixed_bam/COLO829_PAO/TF0_25x/TF0_25x.rep5.bam.bai
[W::hts_idx_load3] The index file is older than the data file: /bip7_disk/pingting114/mixed_bam/COLO829_PAO/TF0_25x/TF0_25x.rep5.bam.bai
[E::bam_parse_basemod2] 5ad72067-58e1-46ec-88c6-eb8f1b5c0dee: MM tag refers to bases beyond sequence length
[W::hts_idx_load3] The index file is older than the data file: /bip7_disk/pingting114/mixed_bam/COLO829_PAO/TF0_25x/TF0_25x.rep5.bam.bai
[W::hts_idx_load3] The index file is older than the data file: /bip7_disk/pingting114/mixed_bam/COLO829_PAO/TF0_25x/TF0_25x.rep5.bam.bai
[W::hts_idx_load3] The index file is older than the data file: /bip7_disk/pingting114/mixed_bam/COLO829_PAO/TF0_25x/TF0_25x.rep5.bam.bai
[W::hts_idx_load3] The index file is older than the data file: /bip7_disk/pingting114/mixed_bam/COLO829_PAO/TF0_25x/TF0_25x.rep5.bam.bai
[W::hts_idx_load3] The index file is older than the data file: /bip7_disk/pingting114/mixed_bam/COLO829_PAO/TF0_25x/TF0_25x.rep5.bam.bai
[W::bam_next_basemod] MM tag refers to bases beyond sequence length
[W::hts_idx_load3] The index file is older than the data file: /bip7_disk/pingting114/mixed_bam/COLO829_PAO/TF0_25x/TF0_25x.rep5.bam.bai
[W::bam_next_basemod] MM tag refers to bases beyond sequence length
[W::hts_idx_load3] The index file is older than the data file: /bip7_disk/pingting114/mixed_bam/COLO829_PAO/TF0_25x/TF0_25x.rep5.bam.bai
[W::bam_next_basemod] MM tag refers to bases beyond sequence length
[W::hts_idx_load3] The index file is older than the data file: /bip7_disk/pingting114/mixed_bam/COLO829_PAO/TF0_25x/TF0_25x.rep5.bam.bai
[E::bam_parse_basemod2] e25ec332-b955-4a23-a3f2-e7285796771a: MM tag refers to bases beyond sequence length
[W::hts_idx_load3] The index file is older than the data file: /bip7_disk/pingting114/mixed_bam/COLO829_PAO/TF0_25x/TF0_25x.rep5.bam.bai
[W::hts_idx_load3] The index file is older than the data file: /bip7_disk/pingting114/mixed_bam/COLO829_PAO/TF0_25x/TF0_25x.rep5.bam.bai
[W::hts_idx_load3] The index file is older than the data file: /bip7_disk/pingting114/mixed_bam/COLO829_PAO/TF0_25x/TF0_25x.rep5.bam.bai
[W::hts_idx_load3] The index file is older than the data file: /bip7_disk/pingting114/mixed_bam/COLO829_PAO/TF0_25x/TF0_25x.rep5.bam.bai
[W::bam_next_basemod] MM tag refers to bases beyond sequence length
[W::hts_idx_load3] The index file is older than the data file: /bip7_disk/pingting114/mixed_bam/COLO829_PAO/TF0_25x/TF0_25x.rep5.bam.bai
[W::bam_next_basemod] MM tag refers to bases beyond sequence length
[W::hts_idx_load3] The index file is older than the data file: /bip7_disk/pingting114/mixed_bam/COLO829_PAO/TF0_25x/TF0_25x.rep5.bam.bai
[W::bam_next_basemod] MM tag refers to bases beyond sequence length
[W::hts_idx_load3] The index file is older than the data file: /bip7_disk/pingting114/mixed_bam/COLO829_PAO/TF0_25x/TF0_25x.rep5.bam.bai
[W::hts_idx_load3] The index file is older than the data file: /bip7_disk/pingting114/mixed_bam/COLO829_PAO/TF0_25x/TF0_25x.rep5.bam.bai
[W::bam_next_basemod] MM tag refers to bases beyond sequence length
[W::hts_idx_load3] The index file is older than the data file: /bip7_disk/pingting114/mixed_bam/COLO829_PAO/TF0_25x/TF0_25x.rep5.bam.bai
[W::hts_idx_load3] The index file is older than the data file: /bip7_disk/pingting114/mixed_bam/COLO829_PAO/TF0_25x/TF0_25x.rep5.bam.bai
[W::hts_idx_load3] The index file is older than the data file: /bip7_disk/pingting114/mixed_bam/COLO829_PAO/TF0_25x/TF0_25x.rep5.bam.bai
[E::bam_parse_basemod2] 9e274ddd-f42a-42d1-8dfc-b59440324db1: MM tag refers to bases beyond sequence length
[W::hts_idx_load3] The index file is older than the data file: /bip7_disk/pingting114/mixed_bam/COLO829_PAO/TF0_25x/TF0_25x.rep5.bam.bai
[W::hts_idx_load3] The index file is older than the data file: /bip7_disk/pingting114/mixed_bam/COLO829_PAO/TF0_25x/TF0_25x.rep5.bam.bai
[W::hts_idx_load3] The index file is older than the data file: /bip7_disk/pingting114/mixed_bam/COLO829_PAO/TF0_25x/TF0_25x.rep5.bam.bai
[W::bam_next_basemod] MM tag refers to bases beyond sequence length
[W::hts_idx_load3] The index file is older than the data file: /bip7_disk/pingting114/mixed_bam/COLO829_PAO/TF0_25x/TF0_25x.rep5.bam.bai
[E::bam_parse_basemod2] 4fe30cd2-9903-411b-9887-57fc62ee75d7: MM tag refers to bases beyond sequence length
[W::hts_idx_load3] The index file is older than the data file: /bip7_disk/pingting114/mixed_bam/COLO829_PAO/TF0_25x/TF0_25x.rep5.bam.bai
[W::hts_idx_load3] The index file is older than the data file: /bip7_disk/pingting114/mixed_bam/COLO829_PAO/TF0_25x/TF0_25x.rep5.bam.bai
[E::bam_parse_basemod2] c2c12675-814a-4a48-a99b-77032da5cacc: MM tag refers to bases beyond sequence length
[W::hts_idx_load3] The index file is older than the data file: /bip7_disk/pingting114/mixed_bam/COLO829_PAO/TF0_25x/TF0_25x.rep5.bam.bai
[W::hts_idx_load3] The index file is older than the data file: /bip7_disk/pingting114/mixed_bam/COLO829_PAO/TF0_25x/TF0_25x.rep5.bam.bai
[E::bam_parse_basemod2] b55f6500-8de9-4954-8ba2-575acd531284: MM tag refers to bases beyond sequence length
[W::hts_idx_load3] The index file is older than the data file: /bip7_disk/pingting114/mixed_bam/COLO829_PAO/TF0_25x/TF0_25x.rep5.bam.bai
[W::hts_idx_load3] The index file is older than the data file: /bip7_disk/pingting114/mixed_bam/COLO829_PAO/TF0_25x/TF0_25x.rep5.bam.bai
[W::hts_idx_load3] The index file is older than the data file: /bip7_disk/pingting114/mixed_bam/COLO829_PAO/TF0_25x/TF0_25x.rep5.bam.bai
[E::bam_parse_basemod2] 1837c983-e3d1-4dc8-8513-96c07a8cde53: MM tag refers to bases beyond sequence length
[W::hts_idx_load3] The index file is older than the data file: /bip7_disk/pingting114/mixed_bam/COLO829_PAO/TF0_25x/TF0_25x.rep5.bam.bai
[W::bam_next_basemod] MM tag refers to bases beyond sequence length
[W::hts_idx_load3] The index file is older than the data file: /bip7_disk/pingting114/mixed_bam/COLO829_PAO/TF0_25x/TF0_25x.rep5.bam.bai
[W::hts_idx_load3] The index file is older than the data file: /bip7_disk/pingting114/mixed_bam/COLO829_PAO/TF0_25x/TF0_25x.rep5.bam.bai
[W::hts_idx_load3] The index file is older than the data file: /bip7_disk/pingting114/mixed_bam/COLO829_PAO/TF0_25x/TF0_25x.rep5.bam.bai
[W::hts_idx_load3] The index file is older than the data file: /bip7_disk/pingting114/mixed_bam/COLO829_PAO/TF0_25x/TF0_25x.rep5.bam.bai
[W::bam_next_basemod] MM tag refers to bases beyond sequence length
[W::hts_idx_load3] The index file is older than the data file: /bip7_disk/pingting114/mixed_bam/COLO829_PAO/TF0_25x/TF0_25x.rep5.bam.bai
[E::bam_parse_basemod2] 8f3fb9c7-15fc-4980-8578-64a70d0a0592: MM tag refers to bases beyond sequence length
[W::hts_idx_load3] The index file is older than the data file: /bip7_disk/pingting114/mixed_bam/COLO829_PAO/TF0_25x/TF0_25x.rep5.bam.bai
[W::hts_idx_load3] The index file is older than the data file: /bip7_disk/pingting114/mixed_bam/COLO829_PAO/TF0_25x/TF0_25x.rep5.bam.bai
[W::hts_idx_load3] The index file is older than the data file: /bip7_disk/pingting114/mixed_bam/COLO829_PAO/TF0_25x/TF0_25x.rep5.bam.bai
[W::hts_idx_load3] The index file is older than the data file: /bip7_disk/pingting114/mixed_bam/COLO829_PAO/TF0_25x/TF0_25x.rep5.bam.bai
[W::hts_idx_load3] The index file is older than the data file: /bip7_disk/pingting114/mixed_bam/COLO829_PAO/TF0_25x/TF0_25x.rep5.bam.bai
[W::bam_next_basemod] MM tag refers to bases beyond sequence length
[W::hts_idx_load3] The index file is older than the data file: /bip7_disk/pingting114/mixed_bam/COLO829_PAO/TF0_25x/TF0_25x.rep5.bam.bai
[W::bam_next_basemod] MM tag refers to bases beyond sequence length
[W::hts_idx_load3] The index file is older than the data file: /bip7_disk/pingting114/mixed_bam/COLO829_PAO/TF0_25x/TF0_25x.rep5.bam.bai
[W::hts_idx_load3] The index file is older than the data file: /bip7_disk/pingting114/mixed_bam/COLO829_PAO/TF0_25x/TF0_25x.rep5.bam.bai
[E::bam_parse_basemod2] 80f1a205-b7ef-4149-acc9-276b48b81f62: MM tag refers to bases beyond sequence length
[W::hts_idx_load3] The index file is older than the data file: /bip7_disk/pingting114/mixed_bam/COLO829_PAO/TF0_25x/TF0_25x.rep5.bam.bai
[W::hts_idx_load3] The index file is older than the data file: /bip7_disk/pingting114/mixed_bam/COLO829_PAO/TF0_25x/TF0_25x.rep5.bam.bai
[W::hts_idx_load3] The index file is older than the data file: /bip7_disk/pingting114/mixed_bam/COLO829_PAO/TF0_25x/TF0_25x.rep5.bam.bai
[W::bam_next_basemod] MM tag refers to bases beyond sequence length
[W::hts_idx_load3] The index file is older than the data file: /bip7_disk/pingting114/mixed_bam/COLO829_PAO/TF0_25x/TF0_25x.rep5.bam.bai
[W::hts_idx_load3] The index file is older than the data file: /bip7_disk/pingting114/mixed_bam/COLO829_PAO/TF0_25x/TF0_25x.rep5.bam.bai
[W::hts_idx_load3] The index file is older than the data file: /bip7_disk/pingting114/mixed_bam/COLO829_PAO/TF0_25x/TF0_25x.rep5.bam.bai
[W::hts_idx_load3] The index file is older than the data file: /bip7_disk/pingting114/mixed_bam/COLO829_PAO/TF0_25x/TF0_25x.rep5.bam.bai
[W::hts_idx_load3] The index file is older than the data file: /bip7_disk/pingting114/mixed_bam/COLO829_PAO/TF0_25x/TF0_25x.rep5.bam.bai
[W::hts_idx_load3] The index file is older than the data file: /bip7_disk/pingting114/mixed_bam/COLO829_PAO/TF0_25x/TF0_25x.rep5.bam.bai
[W::hts_idx_load3] The index file is older than the data file: /bip7_disk/pingting114/mixed_bam/COLO829_PAO/TF0_25x/TF0_25x.rep5.bam.bai
[W::hts_idx_load3] The index file is older than the data file: /bip7_disk/pingting114/mixed_bam/COLO829_PAO/TF0_25x/TF0_25x.rep5.bam.bai
[W::hts_idx_load3] The index file is older than the data file: /bip7_disk/pingting114/mixed_bam/COLO829_PAO/TF0_25x/TF0_25x.rep5.bam.bai
[W::bam_next_basemod] MM tag refers to bases beyond sequence length
[W::hts_idx_load3] The index file is older than the data file: /bip7_disk/pingting114/mixed_bam/COLO829_PAO/TF0_25x/TF0_25x.rep5.bam.bai
[W::hts_idx_load3] The index file is older than the data file: /bip7_disk/pingting114/mixed_bam/COLO829_PAO/TF0_25x/TF0_25x.rep5.bam.bai
[W::hts_idx_load3] The index file is older than the data file: /bip7_disk/pingting114/mixed_bam/COLO829_PAO/TF0_25x/TF0_25x.rep5.bam.bai
[W::hts_idx_load3] The index file is older than the data file: /bip7_disk/pingting114/mixed_bam/COLO829_PAO/TF0_25x/TF0_25x.rep5.bam.bai
[W::hts_idx_load3] The index file is older than the data file: /bip7_disk/pingting114/mixed_bam/COLO829_PAO/TF0_25x/TF0_25x.rep5.bam.bai
[W::hts_idx_load3] The index file is older than the data file: /bip7_disk/pingting114/mixed_bam/COLO829_PAO/TF0_25x/TF0_25x.rep5.bam.bai
[W::bam_next_basemod] MM tag refers to bases beyond sequence length
[W::hts_idx_load3] The index file is older than the data file: /bip7_disk/pingting114/mixed_bam/COLO829_PAO/TF0_25x/TF0_25x.rep5.bam.bai
[W::bam_next_basemod] MM tag refers to bases beyond sequence length
[E::bam_parse_basemod2] c501eb91-142d-40cc-ab77-05adde047416: MM tag refers to bases beyond sequence length
[W::hts_idx_load3] The index file is older than the data file: /bip7_disk/pingting114/mixed_bam/COLO829_PAO/TF0_25x/TF0_25x.rep5.bam.bai
[W::hts_idx_load3] The index file is older than the data file: /bip7_disk/pingting114/mixed_bam/COLO829_PAO/TF0_25x/TF0_25x.rep5.bam.bai
[W::hts_idx_load3] The index file is older than the data file: /bip7_disk/pingting114/mixed_bam/COLO829_PAO/TF0_25x/TF0_25x.rep5.bam.bai
[W::hts_idx_load3] The index file is older than the data file: /bip7_disk/pingting114/mixed_bam/COLO829_PAO/TF0_25x/TF0_25x.rep5.bam.bai
[W::hts_idx_load3] The index file is older than the data file: /bip7_disk/pingting114/mixed_bam/COLO829_PAO/TF0_25x/TF0_25x.rep5.bam.bai
[E::bam_parse_basemod2] 25d608fe-8f8f-4f38-8f0b-d8e47e87f6d1: MM tag refers to bases beyond sequence length
[W::hts_idx_load3] The index file is older than the data file: /bip7_disk/pingting114/mixed_bam/COLO829_PAO/TF0_25x/TF0_25x.rep5.bam.bai
[W::bam_next_basemod] MM tag refers to bases beyond sequence length
[E::bam_parse_basemod2] 3dabad48-56c8-4432-b335-589c0214b49e: MM tag refers to bases beyond sequence length
[W::hts_idx_load3] The index file is older than the data file: /bip7_disk/pingting114/mixed_bam/COLO829_PAO/TF0_25x/TF0_25x.rep5.bam.bai
[W::hts_idx_load3] The index file is older than the data file: /bip7_disk/pingting114/mixed_bam/COLO829_PAO/TF0_25x/TF0_25x.rep5.bam.bai
[W::hts_idx_load3] The index file is older than the data file: /bip7_disk/pingting114/mixed_bam/COLO829_PAO/TF0_25x/TF0_25x.rep5.bam.bai
[W::hts_idx_load3] The index file is older than the data file: /bip7_disk/pingting114/mixed_bam/COLO829_PAO/TF0_25x/TF0_25x.rep5.bam.bai
[E::bam_parse_basemod2] a828b427-f269-4a18-88a0-f4e0d711bf7c: MM tag refers to bases beyond sequence length
[W::hts_idx_load3] The index file is older than the data file: /bip7_disk/pingting114/mixed_bam/COLO829_PAO/TF0_25x/TF0_25x.rep5.bam.bai
[W::hts_idx_load3] The index file is older than the data file: /bip7_disk/pingting114/mixed_bam/COLO829_PAO/TF0_25x/TF0_25x.rep5.bam.bai
[W::hts_idx_load3] The index file is older than the data file: /bip7_disk/pingting114/mixed_bam/COLO829_PAO/TF0_25x/TF0_25x.rep5.bam.bai
[W::hts_idx_load3] The index file is older than the data file: /bip7_disk/pingting114/mixed_bam/COLO829_PAO/TF0_25x/TF0_25x.rep5.bam.bai
[W::hts_idx_load3] The index file is older than the data file: /bip7_disk/pingting114/mixed_bam/COLO829_PAO/TF0_25x/TF0_25x.rep5.bam.bai
[W::hts_idx_load3] The index file is older than the data file: /bip7_disk/pingting114/mixed_bam/COLO829_PAO/TF0_25x/TF0_25x.rep5.bam.bai
[W::hts_idx_load3] The index file is older than the data file: /bip7_disk/pingting114/mixed_bam/COLO829_PAO/TF0_25x/TF0_25x.rep5.bam.bai
[W::hts_idx_load3] The index file is older than the data file: /bip7_disk/pingting114/mixed_bam/COLO829_PAO/TF0_25x/TF0_25x.rep5.bam.bai
[W::hts_idx_load3] The index file is older than the data file: /bip7_disk/pingting114/mixed_bam/COLO829_PAO/TF0_25x/TF0_25x.rep5.bam.bai
[E::bam_parse_basemod2] 12fa8d26-1575-479a-a89f-31c43e349d08: MM tag refers to bases beyond sequence length
[W::hts_idx_load3] The index file is older than the data file: /bip7_disk/pingting114/mixed_bam/COLO829_PAO/TF0_25x/TF0_25x.rep5.bam.bai
[W::hts_idx_load3] The index file is older than the data file: /bip7_disk/pingting114/mixed_bam/COLO829_PAO/TF0_25x/TF0_25x.rep5.bam.bai
[W::hts_idx_load3] The index file is older than the data file: /bip7_disk/pingting114/mixed_bam/COLO829_PAO/TF0_25x/TF0_25x.rep5.bam.bai
[W::hts_idx_load3] The index file is older than the data file: /bip7_disk/pingting114/mixed_bam/COLO829_PAO/TF0_25x/TF0_25x.rep5.bam.bai
[W::bam_next_basemod] MM tag refers to bases beyond sequence length
[W::hts_idx_load3] The index file is older than the data file: /bip7_disk/pingting114/mixed_bam/COLO829_PAO/TF0_25x/TF0_25x.rep5.bam.bai
[W::bam_next_basemod] MM tag refers to bases beyond sequence length
[W::hts_idx_load3] The index file is older than the data file: /bip7_disk/pingting114/mixed_bam/COLO829_PAO/TF0_25x/TF0_25x.rep5.bam.bai
[W::hts_idx_load3] The index file is older than the data file: /bip7_disk/pingting114/mixed_bam/COLO829_PAO/TF0_25x/TF0_25x.rep5.bam.bai
[W::hts_idx_load3] The index file is older than the data file: /bip7_disk/pingting114/mixed_bam/COLO829_PAO/TF0_25x/TF0_25x.rep5.bam.bai
[W::hts_idx_load3] The index file is older than the data file: /bip7_disk/pingting114/mixed_bam/COLO829_PAO/TF0_25x/TF0_25x.rep5.bam.bai
[W::hts_idx_load3] The index file is older than the data file: /bip7_disk/pingting114/mixed_bam/COLO829_PAO/TF0_25x/TF0_25x.rep5.bam.bai
[W::hts_idx_load3] The index file is older than the data file: /bip7_disk/pingting114/mixed_bam/COLO829_PAO/TF0_25x/TF0_25x.rep5.bam.bai
[W::hts_idx_load3] The index file is older than the data file: /bip7_disk/pingting114/mixed_bam/COLO829_PAO/TF0_25x/TF0_25x.rep5.bam.bai
[W::hts_idx_load3] The index file is older than the data file: /bip7_disk/pingting114/mixed_bam/COLO829_PAO/TF0_25x/TF0_25x.rep5.bam.bai
[W::hts_idx_load3] The index file is older than the data file: /bip7_disk/pingting114/mixed_bam/COLO829_PAO/TF0_25x/TF0_25x.rep5.bam.bai
[W::hts_idx_load3] The index file is older than the data file: /bip7_disk/pingting114/mixed_bam/COLO829_PAO/TF0_25x/TF0_25x.rep5.bam.bai
[W::hts_idx_load3] The index file is older than the data file: /bip7_disk/pingting114/mixed_bam/COLO829_PAO/TF0_25x/TF0_25x.rep5.bam.bai
[E::bam_parse_basemod2] b00cd966-181d-471b-b662-e3f4a229e6a3: MM tag refers to bases beyond sequence length
[W::bam_next_basemod] MM tag refers to bases beyond sequence length
[W::hts_idx_load3] The index file is older than the data file: /bip7_disk/pingting114/mixed_bam/COLO829_PAO/TF0_25x/TF0_25x.rep5.bam.bai
[W::bam_next_basemod] MM tag refers to bases beyond sequence length
[W::hts_idx_load3] The index file is older than the data file: /bip7_disk/pingting114/mixed_bam/COLO829_PAO/TF0_25x/TF0_25x.rep5.bam.bai
[W::hts_idx_load3] The index file is older than the data file: /bip7_disk/pingting114/mixed_bam/COLO829_PAO/TF0_25x/TF0_25x.rep5.bam.bai
[W::hts_idx_load3] The index file is older than the data file: /bip7_disk/pingting114/mixed_bam/COLO829_PAO/TF0_25x/TF0_25x.rep5.bam.bai
[W::hts_idx_load3] The index file is older than the data file: /bip7_disk/pingting114/mixed_bam/COLO829_PAO/TF0_25x/TF0_25x.rep5.bam.bai
[W::hts_idx_load3] The index file is older than the data file: /bip7_disk/pingting114/mixed_bam/COLO829_PAO/TF0_25x/TF0_25x.rep5.bam.bai
[W::bam_next_basemod] MM tag refers to bases beyond sequence length
[E::bam_parse_basemod2] 965d7f33-a49d-46cb-8641-e1f5f23f1325: MM tag refers to bases beyond sequence length
[W::hts_idx_load3] The index file is older than the data file: /bip7_disk/pingting114/mixed_bam/COLO829_PAO/TF0_25x/TF0_25x.rep5.bam.bai
[W::hts_idx_load3] The index file is older than the data file: /bip7_disk/pingting114/mixed_bam/COLO829_PAO/TF0_25x/TF0_25x.rep5.bam.bai
[E::bam_parse_basemod2] 2011fe9a-6603-4df0-816b-b731fd7dbc05: MM tag refers to bases beyond sequence length
[W::hts_idx_load3] The index file is older than the data file: /bip7_disk/pingting114/mixed_bam/COLO829_PAO/TF0_25x/TF0_25x.rep5.bam.bai
[E::bam_parse_basemod2] a59b78a3-ef80-471d-8622-47eb826746ed: MM tag refers to bases beyond sequence length
[E::bam_parse_basemod2] ddf4ef12-062c-4a19-a9c1-2234e6f26339: MM tag refers to bases beyond sequence length
[W::hts_idx_load3] The index file is older than the data file: /bip7_disk/pingting114/mixed_bam/COLO829_PAO/TF0_25x/TF0_25x.rep5.bam.bai
[W::bam_next_basemod] MM tag refers to bases beyond sequence length
[W::hts_idx_load3] The index file is older than the data file: /bip7_disk/pingting114/mixed_bam/COLO829_PAO/TF0_25x/TF0_25x.rep5.bam.bai
[W::hts_idx_load3] The index file is older than the data file: /bip7_disk/pingting114/mixed_bam/COLO829_PAO/TF0_25x/TF0_25x.rep5.bam.bai
[W::hts_idx_load3] The index file is older than the data file: /bip7_disk/pingting114/mixed_bam/COLO829_PAO/TF0_25x/TF0_25x.rep5.bam.bai
[E::bam_parse_basemod2] 90851ed3-db32-477c-b02c-d522193dd371: MM tag refers to bases beyond sequence length
[W::bam_next_basemod] MM tag refers to bases beyond sequence length
[W::hts_idx_load3] The index file is older than the data file: /bip7_disk/pingting114/mixed_bam/COLO829_PAO/TF0_25x/TF0_25x.rep5.bam.bai
[W::hts_idx_load3] The index file is older than the data file: /bip7_disk/pingting114/mixed_bam/COLO829_PAO/TF0_25x/TF0_25x.rep5.bam.bai
[W::hts_idx_load3] The index file is older than the data file: /bip7_disk/pingting114/mixed_bam/COLO829_PAO/TF0_25x/TF0_25x.rep5.bam.bai
[W::bam_next_basemod] MM tag refers to bases beyond sequence length
[W::hts_idx_load3] The index file is older than the data file: /bip7_disk/pingting114/mixed_bam/COLO829_PAO/TF0_25x/TF0_25x.rep5.bam.bai
[W::hts_idx_load3] The index file is older than the data file: /bip7_disk/pingting114/mixed_bam/COLO829_PAO/TF0_25x/TF0_25x.rep5.bam.bai
[W::hts_idx_load3] The index file is older than the data file: /bip7_disk/pingting114/mixed_bam/COLO829_PAO/TF0_25x/TF0_25x.rep5.bam.bai
[W::bam_next_basemod] MM tag refers to bases beyond sequence length
[W::hts_idx_load3] The index file is older than the data file: /bip7_disk/pingting114/mixed_bam/COLO829_PAO/TF0_25x/TF0_25x.rep5.bam.bai
[W::hts_idx_load3] The index file is older than the data file: /bip7_disk/pingting114/mixed_bam/COLO829_PAO/TF0_25x/TF0_25x.rep5.bam.bai
[W::hts_idx_load3] The index file is older than the data file: /bip7_disk/pingting114/mixed_bam/COLO829_PAO/TF0_25x/TF0_25x.rep5.bam.bai
[W::hts_idx_load3] The index file is older than the data file: /bip7_disk/pingting114/mixed_bam/COLO829_PAO/TF0_25x/TF0_25x.rep5.bam.bai
[W::hts_idx_load3] The index file is older than the data file: /bip7_disk/pingting114/mixed_bam/COLO829_PAO/TF0_25x/TF0_25x.rep5.bam.bai
[W::hts_idx_load3] The index file is older than the data file: /bip7_disk/pingting114/mixed_bam/COLO829_PAO/TF0_25x/TF0_25x.rep5.bam.bai
[W::hts_idx_load3] The index file is older than the data file: /bip7_disk/pingting114/mixed_bam/COLO829_PAO/TF0_25x/TF0_25x.rep5.bam.bai
[W::hts_idx_load3] The index file is older than the data file: /bip7_disk/pingting114/mixed_bam/COLO829_PAO/TF0_25x/TF0_25x.rep5.bam.bai
[W::hts_idx_load3] The index file is older than the data file: /bip7_disk/pingting114/mixed_bam/COLO829_PAO/TF0_25x/TF0_25x.rep5.bam.bai
[W::hts_idx_load3] The index file is older than the data file: /bip7_disk/pingting114/mixed_bam/COLO829_PAO/TF0_25x/TF0_25x.rep5.bam.bai
[W::bam_next_basemod] MM tag refers to bases beyond sequence length
[W::hts_idx_load3] The index file is older than the data file: /bip7_disk/pingting114/mixed_bam/COLO829_PAO/TF0_25x/TF0_25x.rep5.bam.bai
[W::hts_idx_load3] The index file is older than the data file: /bip7_disk/pingting114/mixed_bam/COLO829_PAO/TF0_25x/TF0_25x.rep5.bam.bai
[W::hts_idx_load3] The index file is older than the data file: /bip7_disk/pingting114/mixed_bam/COLO829_PAO/TF0_25x/TF0_25x.rep5.bam.bai
[W::hts_idx_load3] The index file is older than the data file: /bip7_disk/pingting114/mixed_bam/COLO829_PAO/TF0_25x/TF0_25x.rep5.bam.bai
[W::hts_idx_load3] The index file is older than the data file: /bip7_disk/pingting114/mixed_bam/COLO829_PAO/TF0_25x/TF0_25x.rep5.bam.bai
[W::hts_idx_load3] The index file is older than the data file: /bip7_disk/pingting114/mixed_bam/COLO829_PAO/TF0_25x/TF0_25x.rep5.bam.bai
[E::bam_parse_basemod2] 6f1084c1-077a-45cb-84da-f003dc92581e: MM tag refers to bases beyond sequence length
[W::hts_idx_load3] The index file is older than the data file: /bip7_disk/pingting114/mixed_bam/COLO829_PAO/TF0_25x/TF0_25x.rep5.bam.bai
[W::bam_next_basemod] MM tag refers to bases beyond sequence length
[W::hts_idx_load3] The index file is older than the data file: /bip7_disk/pingting114/mixed_bam/COLO829_PAO/TF0_25x/TF0_25x.rep5.bam.bai
[W::hts_idx_load3] The index file is older than the data file: /bip7_disk/pingting114/mixed_bam/COLO829_PAO/TF0_25x/TF0_25x.rep5.bam.bai
[W::bam_next_basemod] MM tag refers to bases beyond sequence length
[W::hts_idx_load3] The index file is older than the data file: /bip7_disk/pingting114/mixed_bam/COLO829_PAO/TF0_25x/TF0_25x.rep5.bam.bai
[W::hts_idx_load3] The index file is older than the data file: /bip7_disk/pingting114/mixed_bam/COLO829_PAO/TF0_25x/TF0_25x.rep5.bam.bai
[W::hts_idx_load3] The index file is older than the data file: /bip7_disk/pingting114/mixed_bam/COLO829_PAO/TF0_25x/TF0_25x.rep5.bam.bai
[W::bam_next_basemod] MM tag refers to bases beyond sequence length
[W::bam_next_basemod] MM tag refers to bases beyond sequence length
[W::hts_idx_load3] The index file is older than the data file: /bip7_disk/pingting114/mixed_bam/COLO829_PAO/TF0_25x/TF0_25x.rep5.bam.bai
[W::hts_idx_load3] The index file is older than the data file: /bip7_disk/pingting114/mixed_bam/COLO829_PAO/TF0_25x/TF0_25x.rep5.bam.bai
[W::hts_idx_load3] The index file is older than the data file: /bip7_disk/pingting114/mixed_bam/COLO829_PAO/TF0_25x/TF0_25x.rep5.bam.bai
[W::hts_idx_load3] The index file is older than the data file: /bip7_disk/pingting114/mixed_bam/COLO829_PAO/TF0_25x/TF0_25x.rep5.bam.bai
[W::hts_idx_load3] The index file is older than the data file: /bip7_disk/pingting114/mixed_bam/COLO829_PAO/TF0_25x/TF0_25x.rep5.bam.bai
[W::bam_next_basemod] MM tag refers to bases beyond sequence length
[W::hts_idx_load3] The index file is older than the data file: /bip7_disk/pingting114/mixed_bam/COLO829_PAO/TF0_25x/TF0_25x.rep5.bam.bai
[W::hts_idx_load3] The index file is older than the data file: /bip7_disk/pingting114/mixed_bam/COLO829_PAO/TF0_25x/TF0_25x.rep5.bam.bai
[W::hts_idx_load3] The index file is older than the data file: /bip7_disk/pingting114/mixed_bam/COLO829_PAO/TF0_25x/TF0_25x.rep5.bam.bai
[E::bam_parse_basemod2] 18ee00b5-196b-457d-9c6b-5b1098db2a03: MM tag refers to bases beyond sequence length
[W::hts_idx_load3] The index file is older than the data file: /bip7_disk/pingting114/mixed_bam/COLO829_PAO/TF0_25x/TF0_25x.rep5.bam.bai
[W::hts_idx_load3] The index file is older than the data file: /bip7_disk/pingting114/mixed_bam/COLO829_PAO/TF0_25x/TF0_25x.rep5.bam.bai
[W::hts_idx_load3] The index file is older than the data file: /bip7_disk/pingting114/mixed_bam/COLO829_PAO/TF0_25x/TF0_25x.rep5.bam.bai
[W::hts_idx_load3] The index file is older than the data file: /bip7_disk/pingting114/mixed_bam/COLO829_PAO/TF0_25x/TF0_25x.rep5.bam.bai
[W::hts_idx_load3] The index file is older than the data file: /bip7_disk/pingting114/mixed_bam/COLO829_PAO/TF0_25x/TF0_25x.rep5.bam.bai
[W::hts_idx_load3] The index file is older than the data file: /bip7_disk/pingting114/mixed_bam/COLO829_PAO/TF0_25x/TF0_25x.rep5.bam.bai
[W::bam_next_basemod] MM tag refers to bases beyond sequence length
[W::hts_idx_load3] The index file is older than the data file: /bip7_disk/pingting114/mixed_bam/COLO829_PAO/TF0_25x/TF0_25x.rep5.bam.bai
[W::hts_idx_load3] The index file is older than the data file: /bip7_disk/pingting114/mixed_bam/COLO829_PAO/TF0_25x/TF0_25x.rep5.bam.bai
[E::bam_parse_basemod2] ff6e389d-96b0-4f4b-be03-0e46666bd058: MM tag refers to bases beyond sequence length
[E::bam_parse_basemod2] 20dad495-f338-4347-8952-c459d6da4f28: MM tag refers to bases beyond sequence length
[W::hts_idx_load3] The index file is older than the data file: /bip7_disk/pingting114/mixed_bam/COLO829_PAO/TF0_25x/TF0_25x.rep5.bam.bai
[W::hts_idx_load3] The index file is older than the data file: /bip7_disk/pingting114/mixed_bam/COLO829_PAO/TF0_25x/TF0_25x.rep5.bam.bai
[W::hts_idx_load3] The index file is older than the data file: /bip7_disk/pingting114/mixed_bam/COLO829_PAO/TF0_25x/TF0_25x.rep5.bam.bai
[W::hts_idx_load3] The index file is older than the data file: /bip7_disk/pingting114/mixed_bam/COLO829_PAO/TF0_25x/TF0_25x.rep5.bam.bai
[W::hts_idx_load3] The index file is older than the data file: /bip7_disk/pingting114/mixed_bam/COLO829_PAO/TF0_25x/TF0_25x.rep5.bam.bai
[W::hts_idx_load3] The index file is older than the data file: /bip7_disk/pingting114/mixed_bam/COLO829_PAO/TF0_25x/TF0_25x.rep5.bam.bai
[W::bam_next_basemod] MM tag refers to bases beyond sequence length
[E::bam_parse_basemod2] 315da0eb-211d-4dea-9ed3-43e76908120c: MM tag refers to bases beyond sequence length
[W::hts_idx_load3] The index file is older than the data file: /bip7_disk/pingting114/mixed_bam/COLO829_PAO/TF0_25x/TF0_25x.rep5.bam.bai
[W::hts_idx_load3] The index file is older than the data file: /bip7_disk/pingting114/mixed_bam/COLO829_PAO/TF0_25x/TF0_25x.rep5.bam.bai
[W::hts_idx_load3] The index file is older than the data file: /bip7_disk/pingting114/mixed_bam/COLO829_PAO/TF0_25x/TF0_25x.rep5.bam.bai
[W::bam_next_basemod] MM tag refers to bases beyond sequence length
[W::bam_next_basemod] MM tag refers to bases beyond sequence length
[W::hts_idx_load3] The index file is older than the data file: /bip7_disk/pingting114/mixed_bam/COLO829_PAO/TF0_25x/TF0_25x.rep5.bam.bai
[E::bam_parse_basemod2] f3ce69c1-b149-4eb2-a0f1-d0dd4110917a: MM tag refers to bases beyond sequence length
[W::hts_idx_load3] The index file is older than the data file: /bip7_disk/pingting114/mixed_bam/COLO829_PAO/TF0_25x/TF0_25x.rep5.bam.bai
[W::hts_idx_load3] The index file is older than the data file: /bip7_disk/pingting114/mixed_bam/COLO829_PAO/TF0_25x/TF0_25x.rep5.bam.bai
[W::bam_next_basemod] MM tag refers to bases beyond sequence length
[W::hts_idx_load3] The index file is older than the data file: /bip7_disk/pingting114/mixed_bam/COLO829_PAO/TF0_25x/TF0_25x.rep5.bam.bai
[W::hts_idx_load3] The index file is older than the data file: /bip7_disk/pingting114/mixed_bam/COLO829_PAO/TF0_25x/TF0_25x.rep5.bam.bai
[W::hts_idx_load3] The index file is older than the data file: /bip7_disk/pingting114/mixed_bam/COLO829_PAO/TF0_25x/TF0_25x.rep5.bam.bai
[W::hts_idx_load3] The index file is older than the data file: /bip7_disk/pingting114/mixed_bam/COLO829_PAO/TF0_25x/TF0_25x.rep5.bam.bai
[W::hts_idx_load3] The index file is older than the data file: /bip7_disk/pingting114/mixed_bam/COLO829_PAO/TF0_25x/TF0_25x.rep5.bam.bai
[E::bam_parse_basemod2] 62d125a3-a1c7-4946-808c-e4b912c60e41: MM tag refers to bases beyond sequence length
[W::hts_idx_load3] The index file is older than the data file: /bip7_disk/pingting114/mixed_bam/COLO829_PAO/TF0_25x/TF0_25x.rep5.bam.bai
[W::hts_idx_load3] The index file is older than the data file: /bip7_disk/pingting114/mixed_bam/COLO829_PAO/TF0_25x/TF0_25x.rep5.bam.bai
[W::hts_idx_load3] The index file is older than the data file: /bip7_disk/pingting114/mixed_bam/COLO829_PAO/TF0_25x/TF0_25x.rep5.bam.bai
[W::hts_idx_load3] The index file is older than the data file: /bip7_disk/pingting114/mixed_bam/COLO829_PAO/TF0_25x/TF0_25x.rep5.bam.bai
[W::hts_idx_load3] The index file is older than the data file: /bip7_disk/pingting114/mixed_bam/COLO829_PAO/TF0_25x/TF0_25x.rep5.bam.bai
[W::hts_idx_load3] The index file is older than the data file: /bip7_disk/pingting114/mixed_bam/COLO829_PAO/TF0_25x/TF0_25x.rep5.bam.bai
[W::hts_idx_load3] The index file is older than the data file: /bip7_disk/pingting114/mixed_bam/COLO829_PAO/TF0_25x/TF0_25x.rep5.bam.bai
[W::hts_idx_load3] The index file is older than the data file: /bip7_disk/pingting114/mixed_bam/COLO829_PAO/TF0_25x/TF0_25x.rep5.bam.bai
[W::hts_idx_load3] The index file is older than the data file: /bip7_disk/pingting114/mixed_bam/COLO829_PAO/TF0_25x/TF0_25x.rep5.bam.bai
[W::bam_next_basemod] MM tag refers to bases beyond sequence length
[W::hts_idx_load3] The index file is older than the data file: /bip7_disk/pingting114/mixed_bam/COLO829_PAO/TF0_25x/TF0_25x.rep5.bam.bai
[W::hts_idx_load3] The index file is older than the data file: /bip7_disk/pingting114/mixed_bam/COLO829_PAO/TF0_25x/TF0_25x.rep5.bam.bai
[W::hts_idx_load3] The index file is older than the data file: /bip7_disk/pingting114/mixed_bam/COLO829_PAO/TF0_25x/TF0_25x.rep5.bam.bai
[W::hts_idx_load3] The index file is older than the data file: /bip7_disk/pingting114/mixed_bam/COLO829_PAO/TF0_25x/TF0_25x.rep5.bam.bai
[W::bam_next_basemod] MM tag refers to bases beyond sequence length
[W::bam_next_basemod] MM tag refers to bases beyond sequence length
[W::hts_idx_load3] The index file is older than the data file: /bip7_disk/pingting114/mixed_bam/COLO829_PAO/TF0_25x/TF0_25x.rep5.bam.bai
[W::hts_idx_load3] The index file is older than the data file: /bip7_disk/pingting114/mixed_bam/COLO829_PAO/TF0_25x/TF0_25x.rep5.bam.bai
[W::hts_idx_load3] The index file is older than the data file: /bip7_disk/pingting114/mixed_bam/COLO829_PAO/TF0_25x/TF0_25x.rep5.bam.bai
[W::bam_next_basemod] MM tag refers to bases beyond sequence length
[W::hts_idx_load3] The index file is older than the data file: /bip7_disk/pingting114/mixed_bam/COLO829_PAO/TF0_25x/TF0_25x.rep5.bam.bai
[W::hts_idx_load3] The index file is older than the data file: /bip7_disk/pingting114/mixed_bam/COLO829_PAO/TF0_25x/TF0_25x.rep5.bam.bai
[W::hts_idx_load3] The index file is older than the data file: /bip7_disk/pingting114/mixed_bam/COLO829_PAO/TF0_25x/TF0_25x.rep5.bam.bai
[W::bam_next_basemod] MM tag refers to bases beyond sequence length
[W::hts_idx_load3] The index file is older than the data file: /bip7_disk/pingting114/mixed_bam/COLO829_PAO/TF0_25x/TF0_25x.rep5.bam.bai
[W::hts_idx_load3] The index file is older than the data file: /bip7_disk/pingting114/mixed_bam/COLO829_PAO/TF0_25x/TF0_25x.rep5.bam.bai
[W::hts_idx_load3] The index file is older than the data file: /bip7_disk/pingting114/mixed_bam/COLO829_PAO/TF0_25x/TF0_25x.rep5.bam.bai
[W::hts_idx_load3] The index file is older than the data file: /bip7_disk/pingting114/mixed_bam/COLO829_PAO/TF0_25x/TF0_25x.rep5.bam.bai
[W::hts_idx_load3] The index file is older than the data file: /bip7_disk/pingting114/mixed_bam/COLO829_PAO/TF0_25x/TF0_25x.rep5.bam.bai
[W::bam_next_basemod] MM tag refers to bases beyond sequence length
[W::hts_idx_load3] The index file is older than the data file: /bip7_disk/pingting114/mixed_bam/COLO829_PAO/TF0_25x/TF0_25x.rep5.bam.bai
[W::hts_idx_load3] The index file is older than the data file: /bip7_disk/pingting114/mixed_bam/COLO829_PAO/TF0_25x/TF0_25x.rep5.bam.bai
  TF0_25x.rep5.bam cand 3500/4000
[W::hts_idx_load3] The index file is older than the data file: /bip7_disk/pingting114/mixed_bam/COLO829_PAO/TF0_25x/TF0_25x.rep5.bam.bai
[W::hts_idx_load3] The index file is older than the data file: /bip7_disk/pingting114/mixed_bam/COLO829_PAO/TF0_25x/TF0_25x.rep5.bam.bai
[W::hts_idx_load3] The index file is older than the data file: /bip7_disk/pingting114/mixed_bam/COLO829_PAO/TF0_25x/TF0_25x.rep5.bam.bai
[W::hts_idx_load3] The index file is older than the data file: /bip7_disk/pingting114/mixed_bam/COLO829_PAO/TF0_25x/TF0_25x.rep5.bam.bai
[W::hts_idx_load3] The index file is older than the data file: /bip7_disk/pingting114/mixed_bam/COLO829_PAO/TF0_25x/TF0_25x.rep5.bam.bai
[W::hts_idx_load3] The index file is older than the data file: /bip7_disk/pingting114/mixed_bam/COLO829_PAO/TF0_25x/TF0_25x.rep5.bam.bai
[W::hts_idx_load3] The index file is older than the data file: /bip7_disk/pingting114/mixed_bam/COLO829_PAO/TF0_25x/TF0_25x.rep5.bam.bai
[W::hts_idx_load3] The index file is older than the data file: /bip7_disk/pingting114/mixed_bam/COLO829_PAO/TF0_25x/TF0_25x.rep5.bam.bai
[W::hts_idx_load3] The index file is older than the data file: /bip7_disk/pingting114/mixed_bam/COLO829_PAO/TF0_25x/TF0_25x.rep5.bam.bai
[W::hts_idx_load3] The index file is older than the data file: /bip7_disk/pingting114/mixed_bam/COLO829_PAO/TF0_25x/TF0_25x.rep5.bam.bai
[W::hts_idx_load3] The index file is older than the data file: /bip7_disk/pingting114/mixed_bam/COLO829_PAO/TF0_25x/TF0_25x.rep5.bam.bai
[W::hts_idx_load3] The index file is older than the data file: /bip7_disk/pingting114/mixed_bam/COLO829_PAO/TF0_25x/TF0_25x.rep5.bam.bai
[W::hts_idx_load3] The index file is older than the data file: /bip7_disk/pingting114/mixed_bam/COLO829_PAO/TF0_25x/TF0_25x.rep5.bam.bai
[W::hts_idx_load3] The index file is older than the data file: /bip7_disk/pingting114/mixed_bam/COLO829_PAO/TF0_25x/TF0_25x.rep5.bam.bai
[W::hts_idx_load3] The index file is older than the data file: /bip7_disk/pingting114/mixed_bam/COLO829_PAO/TF0_25x/TF0_25x.rep5.bam.bai
[W::hts_idx_load3] The index file is older than the data file: /bip7_disk/pingting114/mixed_bam/COLO829_PAO/TF0_25x/TF0_25x.rep5.bam.bai
[W::hts_idx_load3] The index file is older than the data file: /bip7_disk/pingting114/mixed_bam/COLO829_PAO/TF0_25x/TF0_25x.rep5.bam.bai
[W::bam_next_basemod] MM tag refers to bases beyond sequence length
[W::hts_idx_load3] The index file is older than the data file: /bip7_disk/pingting114/mixed_bam/COLO829_PAO/TF0_25x/TF0_25x.rep5.bam.bai
[W::hts_idx_load3] The index file is older than the data file: /bip7_disk/pingting114/mixed_bam/COLO829_PAO/TF0_25x/TF0_25x.rep5.bam.bai
[W::hts_idx_load3] The index file is older than the data file: /bip7_disk/pingting114/mixed_bam/COLO829_PAO/TF0_25x/TF0_25x.rep5.bam.bai
[W::hts_idx_load3] The index file is older than the data file: /bip7_disk/pingting114/mixed_bam/COLO829_PAO/TF0_25x/TF0_25x.rep5.bam.bai
[W::hts_idx_load3] The index file is older than the data file: /bip7_disk/pingting114/mixed_bam/COLO829_PAO/TF0_25x/TF0_25x.rep5.bam.bai
[W::hts_idx_load3] The index file is older than the data file: /bip7_disk/pingting114/mixed_bam/COLO829_PAO/TF0_25x/TF0_25x.rep5.bam.bai
[W::hts_idx_load3] The index file is older than the data file: /bip7_disk/pingting114/mixed_bam/COLO829_PAO/TF0_25x/TF0_25x.rep5.bam.bai
[W::hts_idx_load3] The index file is older than the data file: /bip7_disk/pingting114/mixed_bam/COLO829_PAO/TF0_25x/TF0_25x.rep5.bam.bai
[W::hts_idx_load3] The index file is older than the data file: /bip7_disk/pingting114/mixed_bam/COLO829_PAO/TF0_25x/TF0_25x.rep5.bam.bai
[W::hts_idx_load3] The index file is older than the data file: /bip7_disk/pingting114/mixed_bam/COLO829_PAO/TF0_25x/TF0_25x.rep5.bam.bai
[W::hts_idx_load3] The index file is older than the data file: /bip7_disk/pingting114/mixed_bam/COLO829_PAO/TF0_25x/TF0_25x.rep5.bam.bai
[W::hts_idx_load3] The index file is older than the data file: /bip7_disk/pingting114/mixed_bam/COLO829_PAO/TF0_25x/TF0_25x.rep5.bam.bai
[W::hts_idx_load3] The index file is older than the data file: /bip7_disk/pingting114/mixed_bam/COLO829_PAO/TF0_25x/TF0_25x.rep5.bam.bai
[W::hts_idx_load3] The index file is older than the data file: /bip7_disk/pingting114/mixed_bam/COLO829_PAO/TF0_25x/TF0_25x.rep5.bam.bai
[W::hts_idx_load3] The index file is older than the data file: /bip7_disk/pingting114/mixed_bam/COLO829_PAO/TF0_25x/TF0_25x.rep5.bam.bai
[W::bam_next_basemod] MM tag refers to bases beyond sequence length
[W::bam_next_basemod] MM tag refers to bases beyond sequence length
[W::hts_idx_load3] The index file is older than the data file: /bip7_disk/pingting114/mixed_bam/COLO829_PAO/TF0_25x/TF0_25x.rep5.bam.bai
[W::hts_idx_load3] The index file is older than the data file: /bip7_disk/pingting114/mixed_bam/COLO829_PAO/TF0_25x/TF0_25x.rep5.bam.bai
[W::hts_idx_load3] The index file is older than the data file: /bip7_disk/pingting114/mixed_bam/COLO829_PAO/TF0_25x/TF0_25x.rep5.bam.bai
[W::hts_idx_load3] The index file is older than the data file: /bip7_disk/pingting114/mixed_bam/COLO829_PAO/TF0_25x/TF0_25x.rep5.bam.bai
[W::hts_idx_load3] The index file is older than the data file: /bip7_disk/pingting114/mixed_bam/COLO829_PAO/TF0_25x/TF0_25x.rep5.bam.bai
[E::bam_parse_basemod2] 1fc30062-9c3f-49b4-89c0-a60f18955001: MM tag refers to bases beyond sequence length
[W::hts_idx_load3] The index file is older than the data file: /bip7_disk/pingting114/mixed_bam/COLO829_PAO/TF0_25x/TF0_25x.rep5.bam.bai
[W::hts_idx_load3] The index file is older than the data file: /bip7_disk/pingting114/mixed_bam/COLO829_PAO/TF0_25x/TF0_25x.rep5.bam.bai
[E::bam_parse_basemod2] f02bc5e4-900b-446d-a36c-6867f7b12a2b: MM tag refers to bases beyond sequence length
[W::hts_idx_load3] The index file is older than the data file: /bip7_disk/pingting114/mixed_bam/COLO829_PAO/TF0_25x/TF0_25x.rep5.bam.bai
[E::bam_parse_basemod2] afb509e5-9dba-4eae-9c87-061e7f4f580b: MM tag refers to bases beyond sequence length
[W::hts_idx_load3] The index file is older than the data file: /bip7_disk/pingting114/mixed_bam/COLO829_PAO/TF0_25x/TF0_25x.rep5.bam.bai
[W::hts_idx_load3] The index file is older than the data file: /bip7_disk/pingting114/mixed_bam/COLO829_PAO/TF0_25x/TF0_25x.rep5.bam.bai
[E::bam_parse_basemod2] ae3759d1-a070-43f5-9879-01b3d6a5f390: MM tag refers to bases beyond sequence length
[W::hts_idx_load3] The index file is older than the data file: /bip7_disk/pingting114/mixed_bam/COLO829_PAO/TF0_25x/TF0_25x.rep5.bam.bai
[E::bam_parse_basemod2] b5abcd7a-943e-4811-9a4e-981319919fc1: MM tag refers to bases beyond sequence length
[W::hts_idx_load3] The index file is older than the data file: /bip7_disk/pingting114/mixed_bam/COLO829_PAO/TF0_25x/TF0_25x.rep5.bam.bai
[W::hts_idx_load3] The index file is older than the data file: /bip7_disk/pingting114/mixed_bam/COLO829_PAO/TF0_25x/TF0_25x.rep5.bam.bai
[W::hts_idx_load3] The index file is older than the data file: /bip7_disk/pingting114/mixed_bam/COLO829_PAO/TF0_25x/TF0_25x.rep5.bam.bai
[W::hts_idx_load3] The index file is older than the data file: /bip7_disk/pingting114/mixed_bam/COLO829_PAO/TF0_25x/TF0_25x.rep5.bam.bai
[W::bam_next_basemod] MM tag refers to bases beyond sequence length
[W::hts_idx_load3] The index file is older than the data file: /bip7_disk/pingting114/mixed_bam/COLO829_PAO/TF0_25x/TF0_25x.rep5.bam.bai
[W::hts_idx_load3] The index file is older than the data file: /bip7_disk/pingting114/mixed_bam/COLO829_PAO/TF0_25x/TF0_25x.rep5.bam.bai
[W::hts_idx_load3] The index file is older than the data file: /bip7_disk/pingting114/mixed_bam/COLO829_PAO/TF0_25x/TF0_25x.rep5.bam.bai
[W::hts_idx_load3] The index file is older than the data file: /bip7_disk/pingting114/mixed_bam/COLO829_PAO/TF0_25x/TF0_25x.rep5.bam.bai
[W::hts_idx_load3] The index file is older than the data file: /bip7_disk/pingting114/mixed_bam/COLO829_PAO/TF0_25x/TF0_25x.rep5.bam.bai
[W::hts_idx_load3] The index file is older than the data file: /bip7_disk/pingting114/mixed_bam/COLO829_PAO/TF0_25x/TF0_25x.rep5.bam.bai
[W::hts_idx_load3] The index file is older than the data file: /bip7_disk/pingting114/mixed_bam/COLO829_PAO/TF0_25x/TF0_25x.rep5.bam.bai
[W::hts_idx_load3] The index file is older than the data file: /bip7_disk/pingting114/mixed_bam/COLO829_PAO/TF0_25x/TF0_25x.rep5.bam.bai
[W::hts_idx_load3] The index file is older than the data file: /bip7_disk/pingting114/mixed_bam/COLO829_PAO/TF0_25x/TF0_25x.rep5.bam.bai
[W::hts_idx_load3] The index file is older than the data file: /bip7_disk/pingting114/mixed_bam/COLO829_PAO/TF0_25x/TF0_25x.rep5.bam.bai
[W::hts_idx_load3] The index file is older than the data file: /bip7_disk/pingting114/mixed_bam/COLO829_PAO/TF0_25x/TF0_25x.rep5.bam.bai
[W::hts_idx_load3] The index file is older than the data file: /bip7_disk/pingting114/mixed_bam/COLO829_PAO/TF0_25x/TF0_25x.rep5.bam.bai
[W::hts_idx_load3] The index file is older than the data file: /bip7_disk/pingting114/mixed_bam/COLO829_PAO/TF0_25x/TF0_25x.rep5.bam.bai
[W::hts_idx_load3] The index file is older than the data file: /bip7_disk/pingting114/mixed_bam/COLO829_PAO/TF0_25x/TF0_25x.rep5.bam.bai
[W::hts_idx_load3] The index file is older than the data file: /bip7_disk/pingting114/mixed_bam/COLO829_PAO/TF0_25x/TF0_25x.rep5.bam.bai
[W::hts_idx_load3] The index file is older than the data file: /bip7_disk/pingting114/mixed_bam/COLO829_PAO/TF0_25x/TF0_25x.rep5.bam.bai
[E::bam_parse_basemod2] fb5625a9-5dba-4c4f-bbad-bc02aa31b8a0: MM tag refers to bases beyond sequence length
[W::hts_idx_load3] The index file is older than the data file: /bip7_disk/pingting114/mixed_bam/COLO829_PAO/TF0_25x/TF0_25x.rep5.bam.bai
[W::hts_idx_load3] The index file is older than the data file: /bip7_disk/pingting114/mixed_bam/COLO829_PAO/TF0_25x/TF0_25x.rep5.bam.bai
[E::bam_parse_basemod2] 2e8a631c-f2fe-461d-82ad-52cb0f56a374: MM tag refers to bases beyond sequence length
[W::hts_idx_load3] The index file is older than the data file: /bip7_disk/pingting114/mixed_bam/COLO829_PAO/TF0_25x/TF0_25x.rep5.bam.bai
[W::hts_idx_load3] The index file is older than the data file: /bip7_disk/pingting114/mixed_bam/COLO829_PAO/TF0_25x/TF0_25x.rep5.bam.bai
[W::hts_idx_load3] The index file is older than the data file: /bip7_disk/pingting114/mixed_bam/COLO829_PAO/TF0_25x/TF0_25x.rep5.bam.bai
[W::hts_idx_load3] The index file is older than the data file: /bip7_disk/pingting114/mixed_bam/COLO829_PAO/TF0_25x/TF0_25x.rep5.bam.bai
[E::bam_parse_basemod2] 38ea1153-91e7-401d-9f62-6f5203e28c83: MM tag refers to bases beyond sequence length
[W::bam_next_basemod] MM tag refers to bases beyond sequence length
[W::hts_idx_load3] The index file is older than the data file: /bip7_disk/pingting114/mixed_bam/COLO829_PAO/TF0_25x/TF0_25x.rep5.bam.bai
[E::bam_parse_basemod2] f9530849-8a92-4ae5-8b36-534b1004e66d: MM tag refers to bases beyond sequence length
[W::hts_idx_load3] The index file is older than the data file: /bip7_disk/pingting114/mixed_bam/COLO829_PAO/TF0_25x/TF0_25x.rep5.bam.bai
[W::hts_idx_load3] The index file is older than the data file: /bip7_disk/pingting114/mixed_bam/COLO829_PAO/TF0_25x/TF0_25x.rep5.bam.bai
[W::hts_idx_load3] The index file is older than the data file: /bip7_disk/pingting114/mixed_bam/COLO829_PAO/TF0_25x/TF0_25x.rep5.bam.bai
[W::hts_idx_load3] The index file is older than the data file: /bip7_disk/pingting114/mixed_bam/COLO829_PAO/TF0_25x/TF0_25x.rep5.bam.bai
[W::hts_idx_load3] The index file is older than the data file: /bip7_disk/pingting114/mixed_bam/COLO829_PAO/TF0_25x/TF0_25x.rep5.bam.bai
[W::hts_idx_load3] The index file is older than the data file: /bip7_disk/pingting114/mixed_bam/COLO829_PAO/TF0_25x/TF0_25x.rep5.bam.bai
[W::hts_idx_load3] The index file is older than the data file: /bip7_disk/pingting114/mixed_bam/COLO829_PAO/TF0_25x/TF0_25x.rep5.bam.bai
[W::bam_next_basemod] MM tag refers to bases beyond sequence length
[W::hts_idx_load3] The index file is older than the data file: /bip7_disk/pingting114/mixed_bam/COLO829_PAO/TF0_25x/TF0_25x.rep5.bam.bai
[E::bam_parse_basemod2] 5d86622e-724e-4f84-8ebe-322a54320f0d: MM tag refers to bases beyond sequence length
[W::hts_idx_load3] The index file is older than the data file: /bip7_disk/pingting114/mixed_bam/COLO829_PAO/TF0_25x/TF0_25x.rep5.bam.bai
[W::hts_idx_load3] The index file is older than the data file: /bip7_disk/pingting114/mixed_bam/COLO829_PAO/TF0_25x/TF0_25x.rep5.bam.bai
[W::hts_idx_load3] The index file is older than the data file: /bip7_disk/pingting114/mixed_bam/COLO829_PAO/TF0_25x/TF0_25x.rep5.bam.bai
[W::bam_next_basemod] MM tag refers to bases beyond sequence length
[E::bam_parse_basemod2] 979c0979-9b41-4318-8e07-4da9c4d5f54d: MM tag refers to bases beyond sequence length
[W::hts_idx_load3] The index file is older than the data file: /bip7_disk/pingting114/mixed_bam/COLO829_PAO/TF0_25x/TF0_25x.rep5.bam.bai
[E::bam_parse_basemod2] 96c1ae2f-05f3-4288-b2e2-288ad2ad6853: MM tag refers to bases beyond sequence length
[W::hts_idx_load3] The index file is older than the data file: /bip7_disk/pingting114/mixed_bam/COLO829_PAO/TF0_25x/TF0_25x.rep5.bam.bai
[W::hts_idx_load3] The index file is older than the data file: /bip7_disk/pingting114/mixed_bam/COLO829_PAO/TF0_25x/TF0_25x.rep5.bam.bai
[W::hts_idx_load3] The index file is older than the data file: /bip7_disk/pingting114/mixed_bam/COLO829_PAO/TF0_25x/TF0_25x.rep5.bam.bai
[W::hts_idx_load3] The index file is older than the data file: /bip7_disk/pingting114/mixed_bam/COLO829_PAO/TF0_25x/TF0_25x.rep5.bam.bai
[W::hts_idx_load3] The index file is older than the data file: /bip7_disk/pingting114/mixed_bam/COLO829_PAO/TF0_25x/TF0_25x.rep5.bam.bai
[W::bam_next_basemod] MM tag refers to bases beyond sequence length
[W::hts_idx_load3] The index file is older than the data file: /bip7_disk/pingting114/mixed_bam/COLO829_PAO/TF0_25x/TF0_25x.rep5.bam.bai
[W::hts_idx_load3] The index file is older than the data file: /bip7_disk/pingting114/mixed_bam/COLO829_PAO/TF0_25x/TF0_25x.rep5.bam.bai
[W::bam_next_basemod] MM tag refers to bases beyond sequence length
[E::bam_parse_basemod2] dee8e617-15e3-4593-87d2-7f2b0fc6e69c: MM tag refers to bases beyond sequence length
[W::hts_idx_load3] The index file is older than the data file: /bip7_disk/pingting114/mixed_bam/COLO829_PAO/TF0_25x/TF0_25x.rep5.bam.bai
[W::hts_idx_load3] The index file is older than the data file: /bip7_disk/pingting114/mixed_bam/COLO829_PAO/TF0_25x/TF0_25x.rep5.bam.bai
[E::bam_parse_basemod2] 2238874c-2348-4712-abc8-f3a89ef4471b: MM tag refers to bases beyond sequence length
[W::hts_idx_load3] The index file is older than the data file: /bip7_disk/pingting114/mixed_bam/COLO829_PAO/TF0_25x/TF0_25x.rep5.bam.bai
[W::bam_next_basemod] MM tag refers to bases beyond sequence length
[W::hts_idx_load3] The index file is older than the data file: /bip7_disk/pingting114/mixed_bam/COLO829_PAO/TF0_25x/TF0_25x.rep5.bam.bai
[W::bam_next_basemod] MM tag refers to bases beyond sequence length
[W::hts_idx_load3] The index file is older than the data file: /bip7_disk/pingting114/mixed_bam/COLO829_PAO/TF0_25x/TF0_25x.rep5.bam.bai
[W::hts_idx_load3] The index file is older than the data file: /bip7_disk/pingting114/mixed_bam/COLO829_PAO/TF0_25x/TF0_25x.rep5.bam.bai
[W::hts_idx_load3] The index file is older than the data file: /bip7_disk/pingting114/mixed_bam/COLO829_PAO/TF0_25x/TF0_25x.rep5.bam.bai
[W::hts_idx_load3] The index file is older than the data file: /bip7_disk/pingting114/mixed_bam/COLO829_PAO/TF0_25x/TF0_25x.rep5.bam.bai
[W::bam_next_basemod] MM tag refers to bases beyond sequence length
[W::bam_next_basemod] MM tag refers to bases beyond sequence length
[W::hts_idx_load3] The index file is older than the data file: /bip7_disk/pingting114/mixed_bam/COLO829_PAO/TF0_25x/TF0_25x.rep5.bam.bai
[W::hts_idx_load3] The index file is older than the data file: /bip7_disk/pingting114/mixed_bam/COLO829_PAO/TF0_25x/TF0_25x.rep5.bam.bai
[W::hts_idx_load3] The index file is older than the data file: /bip7_disk/pingting114/mixed_bam/COLO829_PAO/TF0_25x/TF0_25x.rep5.bam.bai
[W::bam_next_basemod] MM tag refers to bases beyond sequence length
[E::bam_parse_basemod2] 8acaac37-1ae9-4d87-aeab-9a147b17d949: MM tag refers to bases beyond sequence length
[W::hts_idx_load3] The index file is older than the data file: /bip7_disk/pingting114/mixed_bam/COLO829_PAO/TF0_25x/TF0_25x.rep5.bam.bai
[W::hts_idx_load3] The index file is older than the data file: /bip7_disk/pingting114/mixed_bam/COLO829_PAO/TF0_25x/TF0_25x.rep5.bam.bai
[W::hts_idx_load3] The index file is older than the data file: /bip7_disk/pingting114/mixed_bam/COLO829_PAO/TF0_25x/TF0_25x.rep5.bam.bai
[W::hts_idx_load3] The index file is older than the data file: /bip7_disk/pingting114/mixed_bam/COLO829_PAO/TF0_25x/TF0_25x.rep5.bam.bai
[W::hts_idx_load3] The index file is older than the data file: /bip7_disk/pingting114/mixed_bam/COLO829_PAO/TF0_25x/TF0_25x.rep5.bam.bai
[W::hts_idx_load3] The index file is older than the data file: /bip7_disk/pingting114/mixed_bam/COLO829_PAO/TF0_25x/TF0_25x.rep5.bam.bai
[W::bam_next_basemod] MM tag refers to bases beyond sequence length
[W::hts_idx_load3] The index file is older than the data file: /bip7_disk/pingting114/mixed_bam/COLO829_PAO/TF0_25x/TF0_25x.rep5.bam.bai
[W::hts_idx_load3] The index file is older than the data file: /bip7_disk/pingting114/mixed_bam/COLO829_PAO/TF0_25x/TF0_25x.rep5.bam.bai
[W::hts_idx_load3] The index file is older than the data file: /bip7_disk/pingting114/mixed_bam/COLO829_PAO/TF0_25x/TF0_25x.rep5.bam.bai
[W::hts_idx_load3] The index file is older than the data file: /bip7_disk/pingting114/mixed_bam/COLO829_PAO/TF0_25x/TF0_25x.rep5.bam.bai
[W::hts_idx_load3] The index file is older than the data file: /bip7_disk/pingting114/mixed_bam/COLO829_PAO/TF0_25x/TF0_25x.rep5.bam.bai
[W::bam_next_basemod] MM tag refers to bases beyond sequence length
[W::hts_idx_load3] The index file is older than the data file: /bip7_disk/pingting114/mixed_bam/COLO829_PAO/TF0_25x/TF0_25x.rep5.bam.bai
[W::hts_idx_load3] The index file is older than the data file: /bip7_disk/pingting114/mixed_bam/COLO829_PAO/TF0_25x/TF0_25x.rep5.bam.bai
[W::hts_idx_load3] The index file is older than the data file: /bip7_disk/pingting114/mixed_bam/COLO829_PAO/TF0_25x/TF0_25x.rep5.bam.bai
[W::hts_idx_load3] The index file is older than the data file: /bip7_disk/pingting114/mixed_bam/COLO829_PAO/TF0_25x/TF0_25x.rep5.bam.bai
[W::bam_next_basemod] MM tag refers to bases beyond sequence length
[W::hts_idx_load3] The index file is older than the data file: /bip7_disk/pingting114/mixed_bam/COLO829_PAO/TF0_25x/TF0_25x.rep5.bam.bai
[W::hts_idx_load3] The index file is older than the data file: /bip7_disk/pingting114/mixed_bam/COLO829_PAO/TF0_25x/TF0_25x.rep5.bam.bai
[W::hts_idx_load3] The index file is older than the data file: /bip7_disk/pingting114/mixed_bam/COLO829_PAO/TF0_25x/TF0_25x.rep5.bam.bai
[W::bam_next_basemod] MM tag refers to bases beyond sequence length
[W::bam_next_basemod] MM tag refers to bases beyond sequence length
[W::hts_idx_load3] The index file is older than the data file: /bip7_disk/pingting114/mixed_bam/COLO829_PAO/TF0_25x/TF0_25x.rep5.bam.bai
[E::bam_parse_basemod2] c5f9ee8a-c70a-4051-a467-614d863ada65: MM tag refers to bases beyond sequence length
[W::hts_idx_load3] The index file is older than the data file: /bip7_disk/pingting114/mixed_bam/COLO829_PAO/TF0_25x/TF0_25x.rep5.bam.bai
[W::hts_idx_load3] The index file is older than the data file: /bip7_disk/pingting114/mixed_bam/COLO829_PAO/TF0_25x/TF0_25x.rep5.bam.bai
[W::hts_idx_load3] The index file is older than the data file: /bip7_disk/pingting114/mixed_bam/COLO829_PAO/TF0_25x/TF0_25x.rep5.bam.bai
[E::bam_parse_basemod2] 022cb3c4-31e4-4f7a-bab5-85e7b3e2326d: MM tag refers to bases beyond sequence length
[W::hts_idx_load3] The index file is older than the data file: /bip7_disk/pingting114/mixed_bam/COLO829_PAO/TF0_25x/TF0_25x.rep5.bam.bai
[E::bam_parse_basemod2] e882031f-8bf7-4542-b74b-d97ddc593744: MM tag refers to bases beyond sequence length
[W::hts_idx_load3] The index file is older than the data file: /bip7_disk/pingting114/mixed_bam/COLO829_PAO/TF0_25x/TF0_25x.rep5.bam.bai
[W::hts_idx_load3] The index file is older than the data file: /bip7_disk/pingting114/mixed_bam/COLO829_PAO/TF0_25x/TF0_25x.rep5.bam.bai
[W::hts_idx_load3] The index file is older than the data file: /bip7_disk/pingting114/mixed_bam/COLO829_PAO/TF0_25x/TF0_25x.rep5.bam.bai
[E::bam_parse_basemod2] 8e8c615d-2d71-4423-9fb6-a91da418c675: MM tag refers to bases beyond sequence length
[W::hts_idx_load3] The index file is older than the data file: /bip7_disk/pingting114/mixed_bam/COLO829_PAO/TF0_25x/TF0_25x.rep5.bam.bai
[W::hts_idx_load3] The index file is older than the data file: /bip7_disk/pingting114/mixed_bam/COLO829_PAO/TF0_25x/TF0_25x.rep5.bam.bai
[W::hts_idx_load3] The index file is older than the data file: /bip7_disk/pingting114/mixed_bam/COLO829_PAO/TF0_25x/TF0_25x.rep5.bam.bai
[W::hts_idx_load3] The index file is older than the data file: /bip7_disk/pingting114/mixed_bam/COLO829_PAO/TF0_25x/TF0_25x.rep5.bam.bai
[W::hts_idx_load3] The index file is older than the data file: /bip7_disk/pingting114/mixed_bam/COLO829_PAO/TF0_25x/TF0_25x.rep5.bam.bai
[W::hts_idx_load3] The index file is older than the data file: /bip7_disk/pingting114/mixed_bam/COLO829_PAO/TF0_25x/TF0_25x.rep5.bam.bai
[W::hts_idx_load3] The index file is older than the data file: /bip7_disk/pingting114/mixed_bam/COLO829_PAO/TF0_25x/TF0_25x.rep5.bam.bai
[W::hts_idx_load3] The index file is older than the data file: /bip7_disk/pingting114/mixed_bam/COLO829_PAO/TF0_25x/TF0_25x.rep5.bam.bai
[W::hts_idx_load3] The index file is older than the data file: /bip7_disk/pingting114/mixed_bam/COLO829_PAO/TF0_25x/TF0_25x.rep5.bam.bai
[W::hts_idx_load3] The index file is older than the data file: /bip7_disk/pingting114/mixed_bam/COLO829_PAO/TF0_25x/TF0_25x.rep5.bam.bai
[W::bam_next_basemod] MM tag refers to bases beyond sequence length
[W::hts_idx_load3] The index file is older than the data file: /bip7_disk/pingting114/mixed_bam/COLO829_PAO/TF0_25x/TF0_25x.rep5.bam.bai
[W::bam_next_basemod] MM tag refers to bases beyond sequence length
[W::bam_next_basemod] MM tag refers to bases beyond sequence length
[W::bam_next_basemod] MM tag refers to bases beyond sequence length
[W::hts_idx_load3] The index file is older than the data file: /bip7_disk/pingting114/mixed_bam/COLO829_PAO/TF0_25x/TF0_25x.rep5.bam.bai
[W::bam_next_basemod] MM tag refers to bases beyond sequence length
[W::hts_idx_load3] The index file is older than the data file: /bip7_disk/pingting114/mixed_bam/COLO829_PAO/TF0_25x/TF0_25x.rep5.bam.bai
[W::hts_idx_load3] The index file is older than the data file: /bip7_disk/pingting114/mixed_bam/COLO829_PAO/TF0_25x/TF0_25x.rep5.bam.bai
[W::bam_next_basemod] MM tag refers to bases beyond sequence length
[W::hts_idx_load3] The index file is older than the data file: /bip7_disk/pingting114/mixed_bam/COLO829_PAO/TF0_25x/TF0_25x.rep5.bam.bai
[W::hts_idx_load3] The index file is older than the data file: /bip7_disk/pingting114/mixed_bam/COLO829_PAO/TF0_25x/TF0_25x.rep5.bam.bai
[W::bam_next_basemod] MM tag refers to bases beyond sequence length
[W::hts_idx_load3] The index file is older than the data file: /bip7_disk/pingting114/mixed_bam/COLO829_PAO/TF0_25x/TF0_25x.rep5.bam.bai
[E::bam_parse_basemod2] ba8f60f0-8d7b-4f5e-846c-7b1295b4c58d: MM tag refers to bases beyond sequence length
[W::bam_next_basemod] MM tag refers to bases beyond sequence length
[W::hts_idx_load3] The index file is older than the data file: /bip7_disk/pingting114/mixed_bam/COLO829_PAO/TF0_25x/TF0_25x.rep5.bam.bai
[W::bam_next_basemod] MM tag refers to bases beyond sequence length
[W::hts_idx_load3] The index file is older than the data file: /bip7_disk/pingting114/mixed_bam/COLO829_PAO/TF0_25x/TF0_25x.rep5.bam.bai
[W::hts_idx_load3] The index file is older than the data file: /bip7_disk/pingting114/mixed_bam/COLO829_PAO/TF0_25x/TF0_25x.rep5.bam.bai
[W::hts_idx_load3] The index file is older than the data file: /bip7_disk/pingting114/mixed_bam/COLO829_PAO/TF0_25x/TF0_25x.rep5.bam.bai
[E::bam_parse_basemod2] 83553df8-ea65-43b8-81d8-b66b7b2b4043: MM tag refers to bases beyond sequence length
[W::hts_idx_load3] The index file is older than the data file: /bip7_disk/pingting114/mixed_bam/COLO829_PAO/TF0_25x/TF0_25x.rep5.bam.bai
[W::hts_idx_load3] The index file is older than the data file: /bip7_disk/pingting114/mixed_bam/COLO829_PAO/TF0_25x/TF0_25x.rep5.bam.bai
[W::bam_next_basemod] MM tag refers to bases beyond sequence length
[W::hts_idx_load3] The index file is older than the data file: /bip7_disk/pingting114/mixed_bam/COLO829_PAO/TF0_25x/TF0_25x.rep5.bam.bai
[W::hts_idx_load3] The index file is older than the data file: /bip7_disk/pingting114/mixed_bam/COLO829_PAO/TF0_25x/TF0_25x.rep5.bam.bai
[E::bam_parse_basemod2] 518e235b-e3ab-417f-9204-96821f0db284: MM tag refers to bases beyond sequence length
[W::hts_idx_load3] The index file is older than the data file: /bip7_disk/pingting114/mixed_bam/COLO829_PAO/TF0_25x/TF0_25x.rep5.bam.bai
[W::hts_idx_load3] The index file is older than the data file: /bip7_disk/pingting114/mixed_bam/COLO829_PAO/TF0_25x/TF0_25x.rep5.bam.bai
[W::bam_next_basemod] MM tag refers to bases beyond sequence length
[W::bam_next_basemod] MM tag refers to bases beyond sequence length
[W::hts_idx_load3] The index file is older than the data file: /bip7_disk/pingting114/mixed_bam/COLO829_PAO/TF0_25x/TF0_25x.rep5.bam.bai
[W::hts_idx_load3] The index file is older than the data file: /bip7_disk/pingting114/mixed_bam/COLO829_PAO/TF0_25x/TF0_25x.rep5.bam.bai
[W::hts_idx_load3] The index file is older than the data file: /bip7_disk/pingting114/mixed_bam/COLO829_PAO/TF0_25x/TF0_25x.rep5.bam.bai
[W::hts_idx_load3] The index file is older than the data file: /bip7_disk/pingting114/mixed_bam/COLO829_PAO/TF0_25x/TF0_25x.rep5.bam.bai
[W::hts_idx_load3] The index file is older than the data file: /bip7_disk/pingting114/mixed_bam/COLO829_PAO/TF0_25x/TF0_25x.rep5.bam.bai
[W::hts_idx_load3] The index file is older than the data file: /bip7_disk/pingting114/mixed_bam/COLO829_PAO/TF0_25x/TF0_25x.rep5.bam.bai
[W::hts_idx_load3] The index file is older than the data file: /bip7_disk/pingting114/mixed_bam/COLO829_PAO/TF0_25x/TF0_25x.rep5.bam.bai
[E::bam_parse_basemod2] abd93d87-e935-4bcb-a89c-69b7cfb5e574: MM tag refers to bases beyond sequence length
[W::hts_idx_load3] The index file is older than the data file: /bip7_disk/pingting114/mixed_bam/COLO829_PAO/TF0_25x/TF0_25x.rep5.bam.bai
[W::hts_idx_load3] The index file is older than the data file: /bip7_disk/pingting114/mixed_bam/COLO829_PAO/TF0_25x/TF0_25x.rep5.bam.bai
[W::hts_idx_load3] The index file is older than the data file: /bip7_disk/pingting114/mixed_bam/COLO829_PAO/TF0_25x/TF0_25x.rep5.bam.bai
[W::hts_idx_load3] The index file is older than the data file: /bip7_disk/pingting114/mixed_bam/COLO829_PAO/TF0_25x/TF0_25x.rep5.bam.bai
[W::hts_idx_load3] The index file is older than the data file: /bip7_disk/pingting114/mixed_bam/COLO829_PAO/TF0_25x/TF0_25x.rep5.bam.bai
[W::bam_next_basemod] MM tag refers to bases beyond sequence length
[W::hts_idx_load3] The index file is older than the data file: /bip7_disk/pingting114/mixed_bam/COLO829_PAO/TF0_25x/TF0_25x.rep5.bam.bai
[W::hts_idx_load3] The index file is older than the data file: /bip7_disk/pingting114/mixed_bam/COLO829_PAO/TF0_25x/TF0_25x.rep5.bam.bai
[W::hts_idx_load3] The index file is older than the data file: /bip7_disk/pingting114/mixed_bam/COLO829_PAO/TF0_25x/TF0_25x.rep5.bam.bai
[W::hts_idx_load3] The index file is older than the data file: /bip7_disk/pingting114/mixed_bam/COLO829_PAO/TF0_25x/TF0_25x.rep5.bam.bai
[W::bam_next_basemod] MM tag refers to bases beyond sequence length
[W::hts_idx_load3] The index file is older than the data file: /bip7_disk/pingting114/mixed_bam/COLO829_PAO/TF0_25x/TF0_25x.rep5.bam.bai
[E::bam_parse_basemod2] 7684b1a6-0f19-499c-87f5-81e38601fb12: MM tag refers to bases beyond sequence length
[W::bam_next_basemod] MM tag refers to bases beyond sequence length
[W::hts_idx_load3] The index file is older than the data file: /bip7_disk/pingting114/mixed_bam/COLO829_PAO/TF0_25x/TF0_25x.rep5.bam.bai
[E::bam_parse_basemod2] 8e54c20e-827e-471f-890e-b6e8ea8aae91: MM tag refers to bases beyond sequence length
[W::hts_idx_load3] The index file is older than the data file: /bip7_disk/pingting114/mixed_bam/COLO829_PAO/TF0_25x/TF0_25x.rep5.bam.bai
[W::hts_idx_load3] The index file is older than the data file: /bip7_disk/pingting114/mixed_bam/COLO829_PAO/TF0_25x/TF0_25x.rep5.bam.bai
[W::bam_next_basemod] MM tag refers to bases beyond sequence length
[W::hts_idx_load3] The index file is older than the data file: /bip7_disk/pingting114/mixed_bam/COLO829_PAO/TF0_25x/TF0_25x.rep5.bam.bai
[W::hts_idx_load3] The index file is older than the data file: /bip7_disk/pingting114/mixed_bam/COLO829_PAO/TF0_25x/TF0_25x.rep5.bam.bai
[W::hts_idx_load3] The index file is older than the data file: /bip7_disk/pingting114/mixed_bam/COLO829_PAO/TF0_25x/TF0_25x.rep5.bam.bai
[W::bam_next_basemod] MM tag refers to bases beyond sequence length
[W::hts_idx_load3] The index file is older than the data file: /bip7_disk/pingting114/mixed_bam/COLO829_PAO/TF0_25x/TF0_25x.rep5.bam.bai
[W::hts_idx_load3] The index file is older than the data file: /bip7_disk/pingting114/mixed_bam/COLO829_PAO/TF0_25x/TF0_25x.rep5.bam.bai
[E::bam_parse_basemod2] 33b5e723-1d2a-46e2-9c80-ff5b3b3ba770: MM tag refers to bases beyond sequence length
[W::bam_next_basemod] MM tag refers to bases beyond sequence length
[W::bam_next_basemod] MM tag refers to bases beyond sequence length
[W::bam_next_basemod] MM tag refers to bases beyond sequence length
[W::hts_idx_load3] The index file is older than the data file: /bip7_disk/pingting114/mixed_bam/COLO829_PAO/TF0_25x/TF0_25x.rep5.bam.bai
[W::hts_idx_load3] The index file is older than the data file: /bip7_disk/pingting114/mixed_bam/COLO829_PAO/TF0_25x/TF0_25x.rep5.bam.bai
[W::hts_idx_load3] The index file is older than the data file: /bip7_disk/pingting114/mixed_bam/COLO829_PAO/TF0_25x/TF0_25x.rep5.bam.bai
[W::hts_idx_load3] The index file is older than the data file: /bip7_disk/pingting114/mixed_bam/COLO829_PAO/TF0_25x/TF0_25x.rep5.bam.bai
[W::bam_next_basemod] MM tag refers to bases beyond sequence length
[W::hts_idx_load3] The index file is older than the data file: /bip7_disk/pingting114/mixed_bam/COLO829_PAO/TF0_25x/TF0_25x.rep5.bam.bai
[W::hts_idx_load3] The index file is older than the data file: /bip7_disk/pingting114/mixed_bam/COLO829_PAO/TF0_25x/TF0_25x.rep5.bam.bai
[W::hts_idx_load3] The index file is older than the data file: /bip7_disk/pingting114/mixed_bam/COLO829_PAO/TF0_25x/TF0_25x.rep5.bam.bai
[W::bam_next_basemod] MM tag refers to bases beyond sequence length
[E::bam_parse_basemod2] 94103757-50f9-4b0a-9f66-2150dde654ff: MM tag refers to bases beyond sequence length
[W::hts_idx_load3] The index file is older than the data file: /bip7_disk/pingting114/mixed_bam/COLO829_PAO/TF0_25x/TF0_25x.rep5.bam.bai
[W::hts_idx_load3] The index file is older than the data file: /bip7_disk/pingting114/mixed_bam/COLO829_PAO/TF0_25x/TF0_25x.rep5.bam.bai
[W::hts_idx_load3] The index file is older than the data file: /bip7_disk/pingting114/mixed_bam/COLO829_PAO/TF0_25x/TF0_25x.rep5.bam.bai
[W::hts_idx_load3] The index file is older than the data file: /bip7_disk/pingting114/mixed_bam/COLO829_PAO/TF0_25x/TF0_25x.rep5.bam.bai
[E::bam_parse_basemod2] 7b1db82f-5863-46d8-a7d5-0cc69661ea29: MM tag refers to bases beyond sequence length
[W::hts_idx_load3] The index file is older than the data file: /bip7_disk/pingting114/mixed_bam/COLO829_PAO/TF0_25x/TF0_25x.rep5.bam.bai
[W::hts_idx_load3] The index file is older than the data file: /bip7_disk/pingting114/mixed_bam/COLO829_PAO/TF0_25x/TF0_25x.rep5.bam.bai
[W::hts_idx_load3] The index file is older than the data file: /bip7_disk/pingting114/mixed_bam/COLO829_PAO/TF0_25x/TF0_25x.rep5.bam.bai
[W::hts_idx_load3] The index file is older than the data file: /bip7_disk/pingting114/mixed_bam/COLO829_PAO/TF0_25x/TF0_25x.rep5.bam.bai
[E::bam_parse_basemod2] 7f6c80c2-49d7-49c5-bdc9-76ee875d718c: MM tag refers to bases beyond sequence length
[W::hts_idx_load3] The index file is older than the data file: /bip7_disk/pingting114/mixed_bam/COLO829_PAO/TF0_25x/TF0_25x.rep5.bam.bai
[W::bam_next_basemod] MM tag refers to bases beyond sequence length
[W::hts_idx_load3] The index file is older than the data file: /bip7_disk/pingting114/mixed_bam/COLO829_PAO/TF0_25x/TF0_25x.rep5.bam.bai
[W::bam_next_basemod] MM tag refers to bases beyond sequence length
[W::hts_idx_load3] The index file is older than the data file: /bip7_disk/pingting114/mixed_bam/COLO829_PAO/TF0_25x/TF0_25x.rep5.bam.bai
[W::hts_idx_load3] The index file is older than the data file: /bip7_disk/pingting114/mixed_bam/COLO829_PAO/TF0_25x/TF0_25x.rep5.bam.bai
[W::hts_idx_load3] The index file is older than the data file: /bip7_disk/pingting114/mixed_bam/COLO829_PAO/TF0_25x/TF0_25x.rep5.bam.bai
[W::hts_idx_load3] The index file is older than the data file: /bip7_disk/pingting114/mixed_bam/COLO829_PAO/TF0_25x/TF0_25x.rep5.bam.bai
[W::hts_idx_load3] The index file is older than the data file: /bip7_disk/pingting114/mixed_bam/COLO829_PAO/TF0_25x/TF0_25x.rep5.bam.bai
[W::hts_idx_load3] The index file is older than the data file: /bip7_disk/pingting114/mixed_bam/COLO829_PAO/TF0_25x/TF0_25x.rep5.bam.bai
[W::hts_idx_load3] The index file is older than the data file: /bip7_disk/pingting114/mixed_bam/COLO829_PAO/TF0_25x/TF0_25x.rep5.bam.bai
[W::hts_idx_load3] The index file is older than the data file: /bip7_disk/pingting114/mixed_bam/COLO829_PAO/TF0_25x/TF0_25x.rep5.bam.bai
[W::hts_idx_load3] The index file is older than the data file: /bip7_disk/pingting114/mixed_bam/COLO829_PAO/TF0_25x/TF0_25x.rep5.bam.bai
[W::hts_idx_load3] The index file is older than the data file: /bip7_disk/pingting114/mixed_bam/COLO829_PAO/TF0_25x/TF0_25x.rep5.bam.bai
[W::hts_idx_load3] The index file is older than the data file: /bip7_disk/pingting114/mixed_bam/COLO829_PAO/TF0_25x/TF0_25x.rep5.bam.bai
[E::bam_parse_basemod2] e0a9fd9e-2cc3-43ef-a1b7-87141ed6199f: MM tag refers to bases beyond sequence length
[E::bam_parse_basemod2] 5835befa-9044-4f5f-84f1-0d899397c0fd: MM tag refers to bases beyond sequence length
[W::hts_idx_load3] The index file is older than the data file: /bip7_disk/pingting114/mixed_bam/COLO829_PAO/TF0_25x/TF0_25x.rep5.bam.bai
[W::hts_idx_load3] The index file is older than the data file: /bip7_disk/pingting114/mixed_bam/COLO829_PAO/TF0_25x/TF0_25x.rep5.bam.bai
[W::hts_idx_load3] The index file is older than the data file: /bip7_disk/pingting114/mixed_bam/COLO829_PAO/TF0_25x/TF0_25x.rep5.bam.bai
[E::bam_parse_basemod2] 0261ec46-8009-4972-8d83-3800dabcfc50: MM tag refers to bases beyond sequence length
[W::hts_idx_load3] The index file is older than the data file: /bip7_disk/pingting114/mixed_bam/COLO829_PAO/TF0_25x/TF0_25x.rep5.bam.bai
[W::bam_next_basemod] MM tag refers to bases beyond sequence length
[W::bam_next_basemod] MM tag refers to bases beyond sequence length
[W::hts_idx_load3] The index file is older than the data file: /bip7_disk/pingting114/mixed_bam/COLO829_PAO/TF0_25x/TF0_25x.rep5.bam.bai
[W::hts_idx_load3] The index file is older than the data file: /bip7_disk/pingting114/mixed_bam/COLO829_PAO/TF0_25x/TF0_25x.rep5.bam.bai
[W::bam_next_basemod] MM tag refers to bases beyond sequence length
[E::bam_parse_basemod2] 227449a3-ce79-4a7a-8684-e828b566f036: MM tag refers to bases beyond sequence length
[W::hts_idx_load3] The index file is older than the data file: /bip7_disk/pingting114/mixed_bam/COLO829_PAO/TF0_25x/TF0_25x.rep5.bam.bai
[W::hts_idx_load3] The index file is older than the data file: /bip7_disk/pingting114/mixed_bam/COLO829_PAO/TF0_25x/TF0_25x.rep5.bam.bai
[W::hts_idx_load3] The index file is older than the data file: /bip7_disk/pingting114/mixed_bam/COLO829_PAO/TF0_25x/TF0_25x.rep5.bam.bai
[W::hts_idx_load3] The index file is older than the data file: /bip7_disk/pingting114/mixed_bam/COLO829_PAO/TF0_25x/TF0_25x.rep5.bam.bai
[W::hts_idx_load3] The index file is older than the data file: /bip7_disk/pingting114/mixed_bam/COLO829_PAO/TF0_25x/TF0_25x.rep5.bam.bai
[W::hts_idx_load3] The index file is older than the data file: /bip7_disk/pingting114/mixed_bam/COLO829_PAO/TF0_25x/TF0_25x.rep5.bam.bai
[W::bam_next_basemod] MM tag refers to bases beyond sequence length
[W::hts_idx_load3] The index file is older than the data file: /bip7_disk/pingting114/mixed_bam/COLO829_PAO/TF0_25x/TF0_25x.rep5.bam.bai
[W::hts_idx_load3] The index file is older than the data file: /bip7_disk/pingting114/mixed_bam/COLO829_PAO/TF0_25x/TF0_25x.rep5.bam.bai
[W::hts_idx_load3] The index file is older than the data file: /bip7_disk/pingting114/mixed_bam/COLO829_PAO/TF0_25x/TF0_25x.rep5.bam.bai
[W::hts_idx_load3] The index file is older than the data file: /bip7_disk/pingting114/mixed_bam/COLO829_PAO/TF0_25x/TF0_25x.rep5.bam.bai
[W::hts_idx_load3] The index file is older than the data file: /bip7_disk/pingting114/mixed_bam/COLO829_PAO/TF0_25x/TF0_25x.rep5.bam.bai
[W::hts_idx_load3] The index file is older than the data file: /bip7_disk/pingting114/mixed_bam/COLO829_PAO/TF0_25x/TF0_25x.rep5.bam.bai
[W::hts_idx_load3] The index file is older than the data file: /bip7_disk/pingting114/mixed_bam/COLO829_PAO/TF0_25x/TF0_25x.rep5.bam.bai
[W::hts_idx_load3] The index file is older than the data file: /bip7_disk/pingting114/mixed_bam/COLO829_PAO/TF0_25x/TF0_25x.rep5.bam.bai
[W::hts_idx_load3] The index file is older than the data file: /bip7_disk/pingting114/mixed_bam/COLO829_PAO/TF0_25x/TF0_25x.rep5.bam.bai
[W::hts_idx_load3] The index file is older than the data file: /bip7_disk/pingting114/mixed_bam/COLO829_PAO/TF0_25x/TF0_25x.rep5.bam.bai
[W::hts_idx_load3] The index file is older than the data file: /bip7_disk/pingting114/mixed_bam/COLO829_PAO/TF0_25x/TF0_25x.rep5.bam.bai
[W::hts_idx_load3] The index file is older than the data file: /bip7_disk/pingting114/mixed_bam/COLO829_PAO/TF0_25x/TF0_25x.rep5.bam.bai
[W::hts_idx_load3] The index file is older than the data file: /bip7_disk/pingting114/mixed_bam/COLO829_PAO/TF0_25x/TF0_25x.rep5.bam.bai
[W::hts_idx_load3] The index file is older than the data file: /bip7_disk/pingting114/mixed_bam/COLO829_PAO/TF0_25x/TF0_25x.rep5.bam.bai
[E::bam_parse_basemod2] eaac9e1d-b2b7-4e0e-98a3-02c4c2afcc9b: MM tag refers to bases beyond sequence length
[W::hts_idx_load3] The index file is older than the data file: /bip7_disk/pingting114/mixed_bam/COLO829_PAO/TF0_25x/TF0_25x.rep5.bam.bai
[W::hts_idx_load3] The index file is older than the data file: /bip7_disk/pingting114/mixed_bam/COLO829_PAO/TF0_25x/TF0_25x.rep5.bam.bai
[W::hts_idx_load3] The index file is older than the data file: /bip7_disk/pingting114/mixed_bam/COLO829_PAO/TF0_25x/TF0_25x.rep5.bam.bai
[W::hts_idx_load3] The index file is older than the data file: /bip7_disk/pingting114/mixed_bam/COLO829_PAO/TF0_25x/TF0_25x.rep5.bam.bai
[W::hts_idx_load3] The index file is older than the data file: /bip7_disk/pingting114/mixed_bam/COLO829_PAO/TF0_25x/TF0_25x.rep5.bam.bai
[E::bam_parse_basemod2] cc7afd30-7cd1-497a-8ca5-edec8383ed19: MM tag refers to bases beyond sequence length
[W::hts_idx_load3] The index file is older than the data file: /bip7_disk/pingting114/mixed_bam/COLO829_PAO/TF0_25x/TF0_25x.rep5.bam.bai
[W::hts_idx_load3] The index file is older than the data file: /bip7_disk/pingting114/mixed_bam/COLO829_PAO/TF0_25x/TF0_25x.rep5.bam.bai
[W::hts_idx_load3] The index file is older than the data file: /bip7_disk/pingting114/mixed_bam/COLO829_PAO/TF0_25x/TF0_25x.rep5.bam.bai
[W::hts_idx_load3] The index file is older than the data file: /bip7_disk/pingting114/mixed_bam/COLO829_PAO/TF0_25x/TF0_25x.rep5.bam.bai
[W::bam_next_basemod] MM tag refers to bases beyond sequence length
[W::bam_next_basemod] MM tag refers to bases beyond sequence length
[W::hts_idx_load3] The index file is older than the data file: /bip7_disk/pingting114/mixed_bam/COLO829_PAO/TF0_25x/TF0_25x.rep5.bam.bai
[W::hts_idx_load3] The index file is older than the data file: /bip7_disk/pingting114/mixed_bam/COLO829_PAO/TF0_25x/TF0_25x.rep5.bam.bai
[E::bam_parse_basemod2] 17e9a1d4-6332-437d-9042-1fb30d880bc7: MM tag refers to bases beyond sequence length
[W::hts_idx_load3] The index file is older than the data file: /bip7_disk/pingting114/mixed_bam/COLO829_PAO/TF0_25x/TF0_25x.rep5.bam.bai
[E::bam_parse_basemod2] bd648a6d-fcfc-41a1-9528-18e59b55907e: MM tag refers to bases beyond sequence length
[W::bam_next_basemod] MM tag refers to bases beyond sequence length
[W::hts_idx_load3] The index file is older than the data file: /bip7_disk/pingting114/mixed_bam/COLO829_PAO/TF0_25x/TF0_25x.rep5.bam.bai
[W::hts_idx_load3] The index file is older than the data file: /bip7_disk/pingting114/mixed_bam/COLO829_PAO/TF0_25x/TF0_25x.rep5.bam.bai
[W::hts_idx_load3] The index file is older than the data file: /bip7_disk/pingting114/mixed_bam/COLO829_PAO/TF0_25x/TF0_25x.rep5.bam.bai
[E::bam_parse_basemod2] 41a2dc69-aa8e-4dc5-b77b-67597a62a076: MM tag refers to bases beyond sequence length
[W::hts_idx_load3] The index file is older than the data file: /bip7_disk/pingting114/mixed_bam/COLO829_PAO/TF0_25x/TF0_25x.rep5.bam.bai
[W::hts_idx_load3] The index file is older than the data file: /bip7_disk/pingting114/mixed_bam/COLO829_PAO/TF0_25x/TF0_25x.rep5.bam.bai
[W::hts_idx_load3] The index file is older than the data file: /bip7_disk/pingting114/mixed_bam/COLO829_PAO/TF0_25x/TF0_25x.rep5.bam.bai
[E::bam_parse_basemod2] d769111f-e4b5-4fee-b5d4-b78402762227: MM tag refers to bases beyond sequence length
[W::hts_idx_load3] The index file is older than the data file: /bip7_disk/pingting114/mixed_bam/COLO829_PAO/TF0_25x/TF0_25x.rep5.bam.bai
[W::hts_idx_load3] The index file is older than the data file: /bip7_disk/pingting114/mixed_bam/COLO829_PAO/TF0_25x/TF0_25x.rep5.bam.bai
[W::hts_idx_load3] The index file is older than the data file: /bip7_disk/pingting114/mixed_bam/COLO829_PAO/TF0_25x/TF0_25x.rep5.bam.bai
[W::hts_idx_load3] The index file is older than the data file: /bip7_disk/pingting114/mixed_bam/COLO829_PAO/TF0_25x/TF0_25x.rep5.bam.bai
[W::hts_idx_load3] The index file is older than the data file: /bip7_disk/pingting114/mixed_bam/COLO829_PAO/TF0_25x/TF0_25x.rep5.bam.bai
[W::hts_idx_load3] The index file is older than the data file: /bip7_disk/pingting114/mixed_bam/COLO829_PAO/TF0_25x/TF0_25x.rep5.bam.bai
[W::hts_idx_load3] The index file is older than the data file: /bip7_disk/pingting114/mixed_bam/COLO829_PAO/TF0_25x/TF0_25x.rep5.bam.bai
[W::hts_idx_load3] The index file is older than the data file: /bip7_disk/pingting114/mixed_bam/COLO829_PAO/TF0_25x/TF0_25x.rep5.bam.bai
[W::hts_idx_load3] The index file is older than the data file: /bip7_disk/pingting114/mixed_bam/COLO829_PAO/TF0_25x/TF0_25x.rep5.bam.bai
[E::bam_parse_basemod2] e3120b4e-a60e-44a3-b98f-b3ab9a665c15: MM tag refers to bases beyond sequence length
[W::hts_idx_load3] The index file is older than the data file: /bip7_disk/pingting114/mixed_bam/COLO829_PAO/TF0_25x/TF0_25x.rep5.bam.bai
[W::bam_next_basemod] MM tag refers to bases beyond sequence length
[W::hts_idx_load3] The index file is older than the data file: /bip7_disk/pingting114/mixed_bam/COLO829_PAO/TF0_25x/TF0_25x.rep5.bam.bai
[W::hts_idx_load3] The index file is older than the data file: /bip7_disk/pingting114/mixed_bam/COLO829_PAO/TF0_25x/TF0_25x.rep5.bam.bai
[E::bam_parse_basemod2] 9e76f0c8-e2e8-478c-a1fb-8a001ea81268: MM tag refers to bases beyond sequence length
[W::hts_idx_load3] The index file is older than the data file: /bip7_disk/pingting114/mixed_bam/COLO829_PAO/TF0_25x/TF0_25x.rep5.bam.bai
[W::hts_idx_load3] The index file is older than the data file: /bip7_disk/pingting114/mixed_bam/COLO829_PAO/TF0_25x/TF0_25x.rep5.bam.bai
[W::hts_idx_load3] The index file is older than the data file: /bip7_disk/pingting114/mixed_bam/COLO829_PAO/TF0_25x/TF0_25x.rep5.bam.bai
[W::bam_next_basemod] MM tag refers to bases beyond sequence length
[W::hts_idx_load3] The index file is older than the data file: /bip7_disk/pingting114/mixed_bam/COLO829_PAO/TF0_25x/TF0_25x.rep5.bam.bai
[W::hts_idx_load3] The index file is older than the data file: /bip7_disk/pingting114/mixed_bam/COLO829_PAO/TF0_25x/TF0_25x.rep5.bam.bai
[W::hts_idx_load3] The index file is older than the data file: /bip7_disk/pingting114/mixed_bam/COLO829_PAO/TF0_25x/TF0_25x.rep5.bam.bai
[W::hts_idx_load3] The index file is older than the data file: /bip7_disk/pingting114/mixed_bam/COLO829_PAO/TF0_25x/TF0_25x.rep5.bam.bai
[E::bam_parse_basemod2] 26426324-d22b-4f68-800f-39246b20f6fc: MM tag refers to bases beyond sequence length
[W::hts_idx_load3] The index file is older than the data file: /bip7_disk/pingting114/mixed_bam/COLO829_PAO/TF0_25x/TF0_25x.rep5.bam.bai
[W::bam_next_basemod] MM tag refers to bases beyond sequence length
[W::bam_next_basemod] MM tag refers to bases beyond sequence length
[W::bam_next_basemod] MM tag refers to bases beyond sequence length
[W::hts_idx_load3] The index file is older than the data file: /bip7_disk/pingting114/mixed_bam/COLO829_PAO/TF0_25x/TF0_25x.rep5.bam.bai
[W::hts_idx_load3] The index file is older than the data file: /bip7_disk/pingting114/mixed_bam/COLO829_PAO/TF0_25x/TF0_25x.rep5.bam.bai
[W::bam_next_basemod] MM tag refers to bases beyond sequence length
[W::bam_next_basemod] MM tag refers to bases beyond sequence length
[E::bam_parse_basemod2] 581d8d1a-d21f-4e87-b4b7-d0d2d3e1f690: MM tag refers to bases beyond sequence length
[W::hts_idx_load3] The index file is older than the data file: /bip7_disk/pingting114/mixed_bam/COLO829_PAO/TF0_25x/TF0_25x.rep5.bam.bai
[W::hts_idx_load3] The index file is older than the data file: /bip7_disk/pingting114/mixed_bam/COLO829_PAO/TF0_25x/TF0_25x.rep5.bam.bai
[W::hts_idx_load3] The index file is older than the data file: /bip7_disk/pingting114/mixed_bam/COLO829_PAO/TF0_25x/TF0_25x.rep5.bam.bai
[W::hts_idx_load3] The index file is older than the data file: /bip7_disk/pingting114/mixed_bam/COLO829_PAO/TF0_25x/TF0_25x.rep5.bam.bai
[W::hts_idx_load3] The index file is older than the data file: /bip7_disk/pingting114/mixed_bam/COLO829_PAO/TF0_25x/TF0_25x.rep5.bam.bai
[W::bam_next_basemod] MM tag refers to bases beyond sequence length
[E::bam_parse_basemod2] a0296f74-edbd-48b0-b8aa-6fe98608a5e5: MM tag refers to bases beyond sequence length
[E::bam_parse_basemod2] 2e0b7e83-977c-4bde-a957-42b1749fc6e2: MM tag refers to bases beyond sequence length
[W::hts_idx_load3] The index file is older than the data file: /bip7_disk/pingting114/mixed_bam/COLO829_PAO/TF0_25x/TF0_25x.rep5.bam.bai
[W::hts_idx_load3] The index file is older than the data file: /bip7_disk/pingting114/mixed_bam/COLO829_PAO/TF0_25x/TF0_25x.rep5.bam.bai
[W::hts_idx_load3] The index file is older than the data file: /bip7_disk/pingting114/mixed_bam/COLO829_PAO/TF0_25x/TF0_25x.rep5.bam.bai
[W::bam_next_basemod] MM tag refers to bases beyond sequence length
[W::hts_idx_load3] The index file is older than the data file: /bip7_disk/pingting114/mixed_bam/COLO829_PAO/TF0_25x/TF0_25x.rep5.bam.bai
[W::hts_idx_load3] The index file is older than the data file: /bip7_disk/pingting114/mixed_bam/COLO829_PAO/TF0_25x/TF0_25x.rep5.bam.bai
[W::hts_idx_load3] The index file is older than the data file: /bip7_disk/pingting114/mixed_bam/COLO829_PAO/TF0_25x/TF0_25x.rep5.bam.bai
[W::bam_next_basemod] MM tag refers to bases beyond sequence length
[W::hts_idx_load3] The index file is older than the data file: /bip7_disk/pingting114/mixed_bam/COLO829_PAO/TF0_25x/TF0_25x.rep5.bam.bai
[W::hts_idx_load3] The index file is older than the data file: /bip7_disk/pingting114/mixed_bam/COLO829_PAO/TF0_25x/TF0_25x.rep5.bam.bai
[E::bam_parse_basemod2] 7a6e1eea-1836-4a95-9ca6-d8e9aa46c468: MM tag refers to bases beyond sequence length
[W::hts_idx_load3] The index file is older than the data file: /bip7_disk/pingting114/mixed_bam/COLO829_PAO/TF0_25x/TF0_25x.rep5.bam.bai
[W::bam_next_basemod] MM tag refers to bases beyond sequence length
[W::hts_idx_load3] The index file is older than the data file: /bip7_disk/pingting114/mixed_bam/COLO829_PAO/TF0_25x/TF0_25x.rep5.bam.bai
[W::hts_idx_load3] The index file is older than the data file: /bip7_disk/pingting114/mixed_bam/COLO829_PAO/TF0_25x/TF0_25x.rep5.bam.bai
[W::hts_idx_load3] The index file is older than the data file: /bip7_disk/pingting114/mixed_bam/COLO829_PAO/TF0_25x/TF0_25x.rep5.bam.bai
[W::hts_idx_load3] The index file is older than the data file: /bip7_disk/pingting114/mixed_bam/COLO829_PAO/TF0_25x/TF0_25x.rep5.bam.bai
[W::hts_idx_load3] The index file is older than the data file: /bip7_disk/pingting114/mixed_bam/COLO829_PAO/TF0_25x/TF0_25x.rep5.bam.bai
[W::hts_idx_load3] The index file is older than the data file: /bip7_disk/pingting114/mixed_bam/COLO829_PAO/TF0_25x/TF0_25x.rep5.bam.bai
[W::hts_idx_load3] The index file is older than the data file: /bip7_disk/pingting114/mixed_bam/COLO829_PAO/TF0_25x/TF0_25x.rep5.bam.bai
[W::hts_idx_load3] The index file is older than the data file: /bip7_disk/pingting114/mixed_bam/COLO829_PAO/TF0_25x/TF0_25x.rep5.bam.bai
[W::hts_idx_load3] The index file is older than the data file: /bip7_disk/pingting114/mixed_bam/COLO829_PAO/TF0_25x/TF0_25x.rep5.bam.bai
[W::hts_idx_load3] The index file is older than the data file: /bip7_disk/pingting114/mixed_bam/COLO829_PAO/TF0_25x/TF0_25x.rep5.bam.bai
[W::hts_idx_load3] The index file is older than the data file: /bip7_disk/pingting114/mixed_bam/COLO829_PAO/TF0_25x/TF0_25x.rep5.bam.bai
[W::hts_idx_load3] The index file is older than the data file: /bip7_disk/pingting114/mixed_bam/COLO829_PAO/TF0_25x/TF0_25x.rep5.bam.bai
[E::bam_parse_basemod2] 498e0e05-bca6-446c-bc49-eda9dbbf750e: MM tag refers to bases beyond sequence length
[W::hts_idx_load3] The index file is older than the data file: /bip7_disk/pingting114/mixed_bam/COLO829_PAO/TF0_25x/TF0_25x.rep5.bam.bai
[W::hts_idx_load3] The index file is older than the data file: /bip7_disk/pingting114/mixed_bam/COLO829_PAO/TF0_25x/TF0_25x.rep5.bam.bai
[W::bam_next_basemod] MM tag refers to bases beyond sequence length
[W::hts_idx_load3] The index file is older than the data file: /bip7_disk/pingting114/mixed_bam/COLO829_PAO/TF0_25x/TF0_25x.rep5.bam.bai
[W::hts_idx_load3] The index file is older than the data file: /bip7_disk/pingting114/mixed_bam/COLO829_PAO/TF0_25x/TF0_25x.rep5.bam.bai
[W::hts_idx_load3] The index file is older than the data file: /bip7_disk/pingting114/mixed_bam/COLO829_PAO/TF0_25x/TF0_25x.rep5.bam.bai
[E::bam_parse_basemod2] ea68b167-271c-4215-95a2-51eb7e253310: MM tag refers to bases beyond sequence length
[W::bam_next_basemod] MM tag refers to bases beyond sequence length
[W::hts_idx_load3] The index file is older than the data file: /bip7_disk/pingting114/mixed_bam/COLO829_PAO/TF0_25x/TF0_25x.rep5.bam.bai
[W::hts_idx_load3] The index file is older than the data file: /bip7_disk/pingting114/mixed_bam/COLO829_PAO/TF0_25x/TF0_25x.rep5.bam.bai
[E::bam_parse_basemod2] a5822348-541e-4b9e-bfd3-3bf8369d3aa5: MM tag refers to bases beyond sequence length
[W::hts_idx_load3] The index file is older than the data file: /bip7_disk/pingting114/mixed_bam/COLO829_PAO/TF0_25x/TF0_25x.rep5.bam.bai
[W::hts_idx_load3] The index file is older than the data file: /bip7_disk/pingting114/mixed_bam/COLO829_PAO/TF0_25x/TF0_25x.rep5.bam.bai
[W::bam_next_basemod] MM tag refers to bases beyond sequence length
[W::hts_idx_load3] The index file is older than the data file: /bip7_disk/pingting114/mixed_bam/COLO829_PAO/TF0_25x/TF0_25x.rep5.bam.bai
[W::hts_idx_load3] The index file is older than the data file: /bip7_disk/pingting114/mixed_bam/COLO829_PAO/TF0_25x/TF0_25x.rep5.bam.bai
[W::hts_idx_load3] The index file is older than the data file: /bip7_disk/pingting114/mixed_bam/COLO829_PAO/TF0_25x/TF0_25x.rep5.bam.bai
[E::bam_parse_basemod2] 160ef2dc-9968-4df4-a6c8-8ba482a1067a: MM tag refers to bases beyond sequence length
[W::hts_idx_load3] The index file is older than the data file: /bip7_disk/pingting114/mixed_bam/COLO829_PAO/TF0_25x/TF0_25x.rep5.bam.bai
[W::hts_idx_load3] The index file is older than the data file: /bip7_disk/pingting114/mixed_bam/COLO829_PAO/TF0_25x/TF0_25x.rep5.bam.bai
[W::hts_idx_load3] The index file is older than the data file: /bip7_disk/pingting114/mixed_bam/COLO829_PAO/TF0_25x/TF0_25x.rep5.bam.bai
[W::hts_idx_load3] The index file is older than the data file: /bip7_disk/pingting114/mixed_bam/COLO829_PAO/TF0_25x/TF0_25x.rep5.bam.bai
[W::hts_idx_load3] The index file is older than the data file: /bip7_disk/pingting114/mixed_bam/COLO829_PAO/TF0_25x/TF0_25x.rep5.bam.bai
[W::hts_idx_load3] The index file is older than the data file: /bip7_disk/pingting114/mixed_bam/COLO829_PAO/TF0_25x/TF0_25x.rep5.bam.bai
[W::bam_next_basemod] MM tag refers to bases beyond sequence length
[W::bam_next_basemod] MM tag refers to bases beyond sequence length
[W::hts_idx_load3] The index file is older than the data file: /bip7_disk/pingting114/mixed_bam/COLO829_PAO/TF0_25x/TF0_25x.rep5.bam.bai
[E::bam_parse_basemod2] 19b6f02c-7cba-4ebf-a51e-0b146d1e5e8f: MM tag refers to bases beyond sequence length
[W::hts_idx_load3] The index file is older than the data file: /bip7_disk/pingting114/mixed_bam/COLO829_PAO/TF0_25x/TF0_25x.rep5.bam.bai
[E::bam_parse_basemod2] 2f33726f-79b0-4031-91e6-d9f2c71feb4b: MM tag refers to bases beyond sequence length
[W::hts_idx_load3] The index file is older than the data file: /bip7_disk/pingting114/mixed_bam/COLO829_PAO/TF0_25x/TF0_25x.rep5.bam.bai
[W::hts_idx_load3] The index file is older than the data file: /bip7_disk/pingting114/mixed_bam/COLO829_PAO/TF0_25x/TF0_25x.rep5.bam.bai
[W::hts_idx_load3] The index file is older than the data file: /bip7_disk/pingting114/mixed_bam/COLO829_PAO/TF0_25x/TF0_25x.rep5.bam.bai
[W::hts_idx_load3] The index file is older than the data file: /bip7_disk/pingting114/mixed_bam/COLO829_PAO/TF0_25x/TF0_25x.rep5.bam.bai
[E::bam_parse_basemod2] 2841e574-c1f7-499a-bdae-5fb9f172ee83: MM tag refers to bases beyond sequence length
[W::hts_idx_load3] The index file is older than the data file: /bip7_disk/pingting114/mixed_bam/COLO829_PAO/TF0_25x/TF0_25x.rep5.bam.bai
[W::bam_next_basemod] MM tag refers to bases beyond sequence length
[W::hts_idx_load3] The index file is older than the data file: /bip7_disk/pingting114/mixed_bam/COLO829_PAO/TF0_25x/TF0_25x.rep5.bam.bai
[W::hts_idx_load3] The index file is older than the data file: /bip7_disk/pingting114/mixed_bam/COLO829_PAO/TF0_25x/TF0_25x.rep5.bam.bai
[W::bam_next_basemod] MM tag refers to bases beyond sequence length
[W::hts_idx_load3] The index file is older than the data file: /bip7_disk/pingting114/mixed_bam/COLO829_PAO/TF0_25x/TF0_25x.rep5.bam.bai
[W::hts_idx_load3] The index file is older than the data file: /bip7_disk/pingting114/mixed_bam/COLO829_PAO/TF0_25x/TF0_25x.rep5.bam.bai
[W::hts_idx_load3] The index file is older than the data file: /bip7_disk/pingting114/mixed_bam/COLO829_PAO/TF0_25x/TF0_25x.rep5.bam.bai
[W::bam_next_basemod] MM tag refers to bases beyond sequence length
[W::hts_idx_load3] The index file is older than the data file: /bip7_disk/pingting114/mixed_bam/COLO829_PAO/TF0_25x/TF0_25x.rep5.bam.bai
[W::bam_next_basemod] MM tag refers to bases beyond sequence length
[W::hts_idx_load3] The index file is older than the data file: /bip7_disk/pingting114/mixed_bam/COLO829_PAO/TF0_25x/TF0_25x.rep5.bam.bai
[W::hts_idx_load3] The index file is older than the data file: /bip7_disk/pingting114/mixed_bam/COLO829_PAO/TF0_25x/TF0_25x.rep5.bam.bai
[E::bam_parse_basemod2] e23941be-566a-4d27-902b-79c193642d15: MM tag refers to bases beyond sequence length
[W::hts_idx_load3] The index file is older than the data file: /bip7_disk/pingting114/mixed_bam/COLO829_PAO/TF0_25x/TF0_25x.rep5.bam.bai
[E::bam_parse_basemod2] ec263b30-fc29-4ce5-8678-0ccfc8ead950: MM tag refers to bases beyond sequence length
[W::hts_idx_load3] The index file is older than the data file: /bip7_disk/pingting114/mixed_bam/COLO829_PAO/TF0_25x/TF0_25x.rep5.bam.bai
[W::hts_idx_load3] The index file is older than the data file: /bip7_disk/pingting114/mixed_bam/COLO829_PAO/TF0_25x/TF0_25x.rep5.bam.bai
[W::hts_idx_load3] The index file is older than the data file: /bip7_disk/pingting114/mixed_bam/COLO829_PAO/TF0_25x/TF0_25x.rep5.bam.bai
[W::hts_idx_load3] The index file is older than the data file: /bip7_disk/pingting114/mixed_bam/COLO829_PAO/TF0_25x/TF0_25x.rep5.bam.bai
[W::hts_idx_load3] The index file is older than the data file: /bip7_disk/pingting114/mixed_bam/COLO829_PAO/TF0_25x/TF0_25x.rep5.bam.bai
[W::bam_next_basemod] MM tag refers to bases beyond sequence length
[W::hts_idx_load3] The index file is older than the data file: /bip7_disk/pingting114/mixed_bam/COLO829_PAO/TF0_25x/TF0_25x.rep5.bam.bai
[W::hts_idx_load3] The index file is older than the data file: /bip7_disk/pingting114/mixed_bam/COLO829_PAO/TF0_25x/TF0_25x.rep5.bam.bai
[W::hts_idx_load3] The index file is older than the data file: /bip7_disk/pingting114/mixed_bam/COLO829_PAO/TF0_25x/TF0_25x.rep5.bam.bai
[W::hts_idx_load3] The index file is older than the data file: /bip7_disk/pingting114/mixed_bam/COLO829_PAO/TF0_25x/TF0_25x.rep5.bam.bai
[W::hts_idx_load3] The index file is older than the data file: /bip7_disk/pingting114/mixed_bam/COLO829_PAO/TF0_25x/TF0_25x.rep5.bam.bai
[W::hts_idx_load3] The index file is older than the data file: /bip7_disk/pingting114/mixed_bam/COLO829_PAO/TF0_25x/TF0_25x.rep5.bam.bai
[W::hts_idx_load3] The index file is older than the data file: /bip7_disk/pingting114/mixed_bam/COLO829_PAO/TF0_25x/TF0_25x.rep5.bam.bai
[W::hts_idx_load3] The index file is older than the data file: /bip7_disk/pingting114/mixed_bam/COLO829_PAO/TF0_25x/TF0_25x.rep5.bam.bai
[E::bam_parse_basemod2] 0f091442-fffc-44d2-84a0-c54aec90d39f: MM tag refers to bases beyond sequence length
[W::hts_idx_load3] The index file is older than the data file: /bip7_disk/pingting114/mixed_bam/COLO829_PAO/TF0_25x/TF0_25x.rep5.bam.bai
[W::hts_idx_load3] The index file is older than the data file: /bip7_disk/pingting114/mixed_bam/COLO829_PAO/TF0_25x/TF0_25x.rep5.bam.bai
[W::hts_idx_load3] The index file is older than the data file: /bip7_disk/pingting114/mixed_bam/COLO829_PAO/TF0_25x/TF0_25x.rep5.bam.bai
[W::hts_idx_load3] The index file is older than the data file: /bip7_disk/pingting114/mixed_bam/COLO829_PAO/TF0_25x/TF0_25x.rep5.bam.bai
[W::hts_idx_load3] The index file is older than the data file: /bip7_disk/pingting114/mixed_bam/COLO829_PAO/TF0_25x/TF0_25x.rep5.bam.bai
[W::hts_idx_load3] The index file is older than the data file: /bip7_disk/pingting114/mixed_bam/COLO829_PAO/TF0_25x/TF0_25x.rep5.bam.bai
[W::hts_idx_load3] The index file is older than the data file: /bip7_disk/pingting114/mixed_bam/COLO829_PAO/TF0_25x/TF0_25x.rep5.bam.bai
[W::hts_idx_load3] The index file is older than the data file: /bip7_disk/pingting114/mixed_bam/COLO829_PAO/TF0_25x/TF0_25x.rep5.bam.bai
[W::hts_idx_load3] The index file is older than the data file: /bip7_disk/pingting114/mixed_bam/COLO829_PAO/TF0_25x/TF0_25x.rep5.bam.bai
[W::hts_idx_load3] The index file is older than the data file: /bip7_disk/pingting114/mixed_bam/COLO829_PAO/TF0_25x/TF0_25x.rep5.bam.bai
[W::hts_idx_load3] The index file is older than the data file: /bip7_disk/pingting114/mixed_bam/COLO829_PAO/TF0_25x/TF0_25x.rep5.bam.bai
[E::bam_parse_basemod2] e849b26f-b4fd-4d23-b6be-ba8e4e7968ec: MM tag refers to bases beyond sequence length
[W::hts_idx_load3] The index file is older than the data file: /bip7_disk/pingting114/mixed_bam/COLO829_PAO/TF0_25x/TF0_25x.rep5.bam.bai
[W::hts_idx_load3] The index file is older than the data file: /bip7_disk/pingting114/mixed_bam/COLO829_PAO/TF0_25x/TF0_25x.rep5.bam.bai
[W::bam_next_basemod] MM tag refers to bases beyond sequence length
[W::hts_idx_load3] The index file is older than the data file: /bip7_disk/pingting114/mixed_bam/COLO829_PAO/TF0_25x/TF0_25x.rep5.bam.bai
[E::bam_parse_basemod2] 2f7c7424-8024-4847-97da-ec9a24c3f575: MM tag refers to bases beyond sequence length
[W::bam_next_basemod] MM tag refers to bases beyond sequence length
[W::hts_idx_load3] The index file is older than the data file: /bip7_disk/pingting114/mixed_bam/COLO829_PAO/TF0_25x/TF0_25x.rep5.bam.bai
[W::hts_idx_load3] The index file is older than the data file: /bip7_disk/pingting114/mixed_bam/COLO829_PAO/TF0_25x/TF0_25x.rep5.bam.bai
[W::hts_idx_load3] The index file is older than the data file: /bip7_disk/pingting114/mixed_bam/COLO829_PAO/TF0_25x/TF0_25x.rep5.bam.bai
[W::hts_idx_load3] The index file is older than the data file: /bip7_disk/pingting114/mixed_bam/COLO829_PAO/TF0_25x/TF0_25x.rep5.bam.bai
[W::hts_idx_load3] The index file is older than the data file: /bip7_disk/pingting114/mixed_bam/COLO829_PAO/TF0_25x/TF0_25x.rep5.bam.bai
[W::hts_idx_load3] The index file is older than the data file: /bip7_disk/pingting114/mixed_bam/COLO829_PAO/TF0_25x/TF0_25x.rep5.bam.bai
[W::hts_idx_load3] The index file is older than the data file: /bip7_disk/pingting114/mixed_bam/COLO829_PAO/TF0_25x/TF0_25x.rep5.bam.bai
[W::hts_idx_load3] The index file is older than the data file: /bip7_disk/pingting114/mixed_bam/COLO829_PAO/TF0_25x/TF0_25x.rep5.bam.bai
[W::hts_idx_load3] The index file is older than the data file: /bip7_disk/pingting114/mixed_bam/COLO829_PAO/TF0_25x/TF0_25x.rep5.bam.bai
[W::hts_idx_load3] The index file is older than the data file: /bip7_disk/pingting114/mixed_bam/COLO829_PAO/TF0_25x/TF0_25x.rep5.bam.bai
[W::hts_idx_load3] The index file is older than the data file: /bip7_disk/pingting114/mixed_bam/COLO829_PAO/TF0_25x/TF0_25x.rep5.bam.bai
[W::hts_idx_load3] The index file is older than the data file: /bip7_disk/pingting114/mixed_bam/COLO829_PAO/TF0_25x/TF0_25x.rep5.bam.bai
[W::hts_idx_load3] The index file is older than the data file: /bip7_disk/pingting114/mixed_bam/COLO829_PAO/TF0_25x/TF0_25x.rep5.bam.bai
[W::hts_idx_load3] The index file is older than the data file: /bip7_disk/pingting114/mixed_bam/COLO829_PAO/TF0_25x/TF0_25x.rep5.bam.bai
[W::hts_idx_load3] The index file is older than the data file: /bip7_disk/pingting114/mixed_bam/COLO829_PAO/TF0_25x/TF0_25x.rep5.bam.bai
[E::bam_parse_basemod2] 364e67f2-e024-4a21-bb12-ba014d873611: MM tag refers to bases beyond sequence length
[W::hts_idx_load3] The index file is older than the data file: /bip7_disk/pingting114/mixed_bam/COLO829_PAO/TF0_25x/TF0_25x.rep5.bam.bai
[W::hts_idx_load3] The index file is older than the data file: /bip7_disk/pingting114/mixed_bam/COLO829_PAO/TF0_25x/TF0_25x.rep5.bam.bai
[W::hts_idx_load3] The index file is older than the data file: /bip7_disk/pingting114/mixed_bam/COLO829_PAO/TF0_25x/TF0_25x.rep5.bam.bai
[W::hts_idx_load3] The index file is older than the data file: /bip7_disk/pingting114/mixed_bam/COLO829_PAO/TF0_25x/TF0_25x.rep5.bam.bai
[W::hts_idx_load3] The index file is older than the data file: /bip7_disk/pingting114/mixed_bam/COLO829_PAO/TF0_25x/TF0_25x.rep5.bam.bai
[W::hts_idx_load3] The index file is older than the data file: /bip7_disk/pingting114/mixed_bam/COLO829_PAO/TF0_25x/TF0_25x.rep5.bam.bai
[W::hts_idx_load3] The index file is older than the data file: /bip7_disk/pingting114/mixed_bam/COLO829_PAO/TF0_25x/TF0_25x.rep5.bam.bai
[W::hts_idx_load3] The index file is older than the data file: /bip7_disk/pingting114/mixed_bam/COLO829_PAO/TF0_25x/TF0_25x.rep5.bam.bai
[W::hts_idx_load3] The index file is older than the data file: /bip7_disk/pingting114/mixed_bam/COLO829_PAO/TF0_25x/TF0_25x.rep5.bam.bai
[W::hts_idx_load3] The index file is older than the data file: /bip7_disk/pingting114/mixed_bam/COLO829_PAO/TF0_25x/TF0_25x.rep5.bam.bai
[W::bam_next_basemod] MM tag refers to bases beyond sequence length
[W::hts_idx_load3] The index file is older than the data file: /bip7_disk/pingting114/mixed_bam/COLO829_PAO/TF0_25x/TF0_25x.rep5.bam.bai
[W::bam_next_basemod] MM tag refers to bases beyond sequence length
[W::hts_idx_load3] The index file is older than the data file: /bip7_disk/pingting114/mixed_bam/COLO829_PAO/TF0_25x/TF0_25x.rep5.bam.bai
[W::hts_idx_load3] The index file is older than the data file: /bip7_disk/pingting114/mixed_bam/COLO829_PAO/TF0_25x/TF0_25x.rep5.bam.bai
[W::bam_next_basemod] MM tag refers to bases beyond sequence length
[W::hts_idx_load3] The index file is older than the data file: /bip7_disk/pingting114/mixed_bam/COLO829_PAO/TF0_25x/TF0_25x.rep5.bam.bai
[W::hts_idx_load3] The index file is older than the data file: /bip7_disk/pingting114/mixed_bam/COLO829_PAO/TF0_25x/TF0_25x.rep5.bam.bai
[W::hts_idx_load3] The index file is older than the data file: /bip7_disk/pingting114/mixed_bam/COLO829_PAO/TF0_25x/TF0_25x.rep5.bam.bai
[W::hts_idx_load3] The index file is older than the data file: /bip7_disk/pingting114/mixed_bam/COLO829_PAO/TF0_25x/TF0_25x.rep5.bam.bai
[W::hts_idx_load3] The index file is older than the data file: /bip7_disk/pingting114/mixed_bam/COLO829_PAO/TF0_25x/TF0_25x.rep5.bam.bai
[W::hts_idx_load3] The index file is older than the data file: /bip7_disk/pingting114/mixed_bam/COLO829_PAO/TF0_25x/TF0_25x.rep5.bam.bai
[W::hts_idx_load3] The index file is older than the data file: /bip7_disk/pingting114/mixed_bam/COLO829_PAO/TF0_25x/TF0_25x.rep5.bam.bai
[W::bam_next_basemod] MM tag refers to bases beyond sequence length
[W::hts_idx_load3] The index file is older than the data file: /bip7_disk/pingting114/mixed_bam/COLO829_PAO/TF0_25x/TF0_25x.rep5.bam.bai
[W::hts_idx_load3] The index file is older than the data file: /bip7_disk/pingting114/mixed_bam/COLO829_PAO/TF0_25x/TF0_25x.rep5.bam.bai
[E::bam_parse_basemod2] 56e198b2-f4f6-4b17-b50b-589e7edcc43d: MM tag refers to bases beyond sequence length
[W::bam_next_basemod] MM tag refers to bases beyond sequence length
[E::bam_parse_basemod2] 1bda2d21-229e-4c7a-b8a6-e5dfc4cf870e: MM tag refers to bases beyond sequence length
[W::hts_idx_load3] The index file is older than the data file: /bip7_disk/pingting114/mixed_bam/COLO829_PAO/TF0_25x/TF0_25x.rep5.bam.bai
[W::hts_idx_load3] The index file is older than the data file: /bip7_disk/pingting114/mixed_bam/COLO829_PAO/TF0_25x/TF0_25x.rep5.bam.bai
[W::bam_next_basemod] MM tag refers to bases beyond sequence length
[W::hts_idx_load3] The index file is older than the data file: /bip7_disk/pingting114/mixed_bam/COLO829_PAO/TF0_25x/TF0_25x.rep5.bam.bai
[W::hts_idx_load3] The index file is older than the data file: /bip7_disk/pingting114/mixed_bam/COLO829_PAO/TF0_25x/TF0_25x.rep5.bam.bai
[W::hts_idx_load3] The index file is older than the data file: /bip7_disk/pingting114/mixed_bam/COLO829_PAO/TF0_25x/TF0_25x.rep5.bam.bai
[W::hts_idx_load3] The index file is older than the data file: /bip7_disk/pingting114/mixed_bam/COLO829_PAO/TF0_25x/TF0_25x.rep5.bam.bai
[W::hts_idx_load3] The index file is older than the data file: /bip7_disk/pingting114/mixed_bam/COLO829_PAO/TF0_25x/TF0_25x.rep5.bam.bai
[W::hts_idx_load3] The index file is older than the data file: /bip7_disk/pingting114/mixed_bam/COLO829_PAO/TF0_25x/TF0_25x.rep5.bam.bai
[W::hts_idx_load3] The index file is older than the data file: /bip7_disk/pingting114/mixed_bam/COLO829_PAO/TF0_25x/TF0_25x.rep5.bam.bai
[W::hts_idx_load3] The index file is older than the data file: /bip7_disk/pingting114/mixed_bam/COLO829_PAO/TF0_25x/TF0_25x.rep5.bam.bai
[W::hts_idx_load3] The index file is older than the data file: /bip7_disk/pingting114/mixed_bam/COLO829_PAO/TF0_25x/TF0_25x.rep5.bam.bai
[W::hts_idx_load3] The index file is older than the data file: /bip7_disk/pingting114/mixed_bam/COLO829_PAO/TF0_25x/TF0_25x.rep5.bam.bai
[W::hts_idx_load3] The index file is older than the data file: /bip7_disk/pingting114/mixed_bam/COLO829_PAO/TF0_25x/TF0_25x.rep5.bam.bai
[W::hts_idx_load3] The index file is older than the data file: /bip7_disk/pingting114/mixed_bam/COLO829_PAO/TF0_25x/TF0_25x.rep5.bam.bai
[W::hts_idx_load3] The index file is older than the data file: /bip7_disk/pingting114/mixed_bam/COLO829_PAO/TF0_25x/TF0_25x.rep5.bam.bai
[W::hts_idx_load3] The index file is older than the data file: /bip7_disk/pingting114/mixed_bam/COLO829_PAO/TF0_25x/TF0_25x.rep5.bam.bai
[W::hts_idx_load3] The index file is older than the data file: /bip7_disk/pingting114/mixed_bam/COLO829_PAO/TF0_25x/TF0_25x.rep5.bam.bai
[W::hts_idx_load3] The index file is older than the data file: /bip7_disk/pingting114/mixed_bam/COLO829_PAO/TF0_25x/TF0_25x.rep5.bam.bai
[W::hts_idx_load3] The index file is older than the data file: /bip7_disk/pingting114/mixed_bam/COLO829_PAO/TF0_25x/TF0_25x.rep5.bam.bai
[W::hts_idx_load3] The index file is older than the data file: /bip7_disk/pingting114/mixed_bam/COLO829_PAO/TF0_25x/TF0_25x.rep5.bam.bai
[W::hts_idx_load3] The index file is older than the data file: /bip7_disk/pingting114/mixed_bam/COLO829_PAO/TF0_25x/TF0_25x.rep5.bam.bai
[W::bam_next_basemod] MM tag refers to bases beyond sequence length
[E::bam_parse_basemod2] f3a8b218-b619-4988-8e56-0fd9d8224991: MM tag refers to bases beyond sequence length
[W::hts_idx_load3] The index file is older than the data file: /bip7_disk/pingting114/mixed_bam/COLO829_PAO/TF0_25x/TF0_25x.rep5.bam.bai
[W::hts_idx_load3] The index file is older than the data file: /bip7_disk/pingting114/mixed_bam/COLO829_PAO/TF0_25x/TF0_25x.rep5.bam.bai
[W::hts_idx_load3] The index file is older than the data file: /bip7_disk/pingting114/mixed_bam/COLO829_PAO/TF0_25x/TF0_25x.rep5.bam.bai
[W::hts_idx_load3] The index file is older than the data file: /bip7_disk/pingting114/mixed_bam/COLO829_PAO/TF0_25x/TF0_25x.rep5.bam.bai
[W::hts_idx_load3] The index file is older than the data file: /bip7_disk/pingting114/mixed_bam/COLO829_PAO/TF0_25x/TF0_25x.rep5.bam.bai
[W::hts_idx_load3] The index file is older than the data file: /bip7_disk/pingting114/mixed_bam/COLO829_PAO/TF0_25x/TF0_25x.rep5.bam.bai
[W::hts_idx_load3] The index file is older than the data file: /bip7_disk/pingting114/mixed_bam/COLO829_PAO/TF0_25x/TF0_25x.rep5.bam.bai
[W::hts_idx_load3] The index file is older than the data file: /bip7_disk/pingting114/mixed_bam/COLO829_PAO/TF0_25x/TF0_25x.rep5.bam.bai
[W::hts_idx_load3] The index file is older than the data file: /bip7_disk/pingting114/mixed_bam/COLO829_PAO/TF0_25x/TF0_25x.rep5.bam.bai
[W::hts_idx_load3] The index file is older than the data file: /bip7_disk/pingting114/mixed_bam/COLO829_PAO/TF0_25x/TF0_25x.rep5.bam.bai
[W::hts_idx_load3] The index file is older than the data file: /bip7_disk/pingting114/mixed_bam/COLO829_PAO/TF0_25x/TF0_25x.rep5.bam.bai
[W::hts_idx_load3] The index file is older than the data file: /bip7_disk/pingting114/mixed_bam/COLO829_PAO/TF0_25x/TF0_25x.rep5.bam.bai
[W::hts_idx_load3] The index file is older than the data file: /bip7_disk/pingting114/mixed_bam/COLO829_PAO/TF0_25x/TF0_25x.rep5.bam.bai
[W::hts_idx_load3] The index file is older than the data file: /bip7_disk/pingting114/mixed_bam/COLO829_PAO/TF0_25x/TF0_25x.rep5.bam.bai
[W::hts_idx_load3] The index file is older than the data file: /bip7_disk/pingting114/mixed_bam/COLO829_PAO/TF0_25x/TF0_25x.rep5.bam.bai
[W::hts_idx_load3] The index file is older than the data file: /bip7_disk/pingting114/mixed_bam/COLO829_PAO/TF0_25x/TF0_25x.rep5.bam.bai
[W::hts_idx_load3] The index file is older than the data file: /bip7_disk/pingting114/mixed_bam/COLO829_PAO/TF0_25x/TF0_25x.rep5.bam.bai
[W::hts_idx_load3] The index file is older than the data file: /bip7_disk/pingting114/mixed_bam/COLO829_PAO/TF0_25x/TF0_25x.rep5.bam.bai
[W::hts_idx_load3] The index file is older than the data file: /bip7_disk/pingting114/mixed_bam/COLO829_PAO/TF0_25x/TF0_25x.rep5.bam.bai
[W::hts_idx_load3] The index file is older than the data file: /bip7_disk/pingting114/mixed_bam/COLO829_PAO/TF0_25x/TF0_25x.rep5.bam.bai
[W::hts_idx_load3] The index file is older than the data file: /bip7_disk/pingting114/mixed_bam/COLO829_PAO/TF0_25x/TF0_25x.rep5.bam.bai
[W::bam_next_basemod] MM tag refers to bases beyond sequence length
[W::hts_idx_load3] The index file is older than the data file: /bip7_disk/pingting114/mixed_bam/COLO829_PAO/TF0_25x/TF0_25x.rep5.bam.bai
[W::hts_idx_load3] The index file is older than the data file: /bip7_disk/pingting114/mixed_bam/COLO829_PAO/TF0_25x/TF0_25x.rep5.bam.bai
[W::hts_idx_load3] The index file is older than the data file: /bip7_disk/pingting114/mixed_bam/COLO829_PAO/TF0_25x/TF0_25x.rep5.bam.bai
[W::hts_idx_load3] The index file is older than the data file: /bip7_disk/pingting114/mixed_bam/COLO829_PAO/TF0_25x/TF0_25x.rep5.bam.bai
[W::bam_next_basemod] MM tag refers to bases beyond sequence length
[W::hts_idx_load3] The index file is older than the data file: /bip7_disk/pingting114/mixed_bam/COLO829_PAO/TF0_25x/TF0_25x.rep5.bam.bai
[W::hts_idx_load3] The index file is older than the data file: /bip7_disk/pingting114/mixed_bam/COLO829_PAO/TF0_25x/TF0_25x.rep5.bam.bai
[W::hts_idx_load3] The index file is older than the data file: /bip7_disk/pingting114/mixed_bam/COLO829_PAO/TF0_25x/TF0_25x.rep5.bam.bai
[W::hts_idx_load3] The index file is older than the data file: /bip7_disk/pingting114/mixed_bam/COLO829_PAO/TF0_25x/TF0_25x.rep5.bam.bai
[W::hts_idx_load3] The index file is older than the data file: /bip7_disk/pingting114/mixed_bam/COLO829_PAO/TF0_25x/TF0_25x.rep5.bam.bai
[W::hts_idx_load3] The index file is older than the data file: /bip7_disk/pingting114/mixed_bam/COLO829_PAO/TF0_25x/TF0_25x.rep5.bam.bai
[W::hts_idx_load3] The index file is older than the data file: /bip7_disk/pingting114/mixed_bam/COLO829_PAO/TF0_25x/TF0_25x.rep5.bam.bai
[W::hts_idx_load3] The index file is older than the data file: /bip7_disk/pingting114/mixed_bam/COLO829_PAO/TF0_25x/TF0_25x.rep5.bam.bai
[W::hts_idx_load3] The index file is older than the data file: /bip7_disk/pingting114/mixed_bam/COLO829_PAO/TF0_25x/TF0_25x.rep5.bam.bai
[W::hts_idx_load3] The index file is older than the data file: /bip7_disk/pingting114/mixed_bam/COLO829_PAO/TF0_25x/TF0_25x.rep5.bam.bai
[W::hts_idx_load3] The index file is older than the data file: /bip7_disk/pingting114/mixed_bam/COLO829_PAO/TF0_25x/TF0_25x.rep5.bam.bai
[W::hts_idx_load3] The index file is older than the data file: /bip7_disk/pingting114/mixed_bam/COLO829_PAO/TF0_25x/TF0_25x.rep5.bam.bai
[W::hts_idx_load3] The index file is older than the data file: /bip7_disk/pingting114/mixed_bam/COLO829_PAO/TF0_25x/TF0_25x.rep5.bam.bai
[W::hts_idx_load3] The index file is older than the data file: /bip7_disk/pingting114/mixed_bam/COLO829_PAO/TF0_25x/TF0_25x.rep5.bam.bai
[E::bam_parse_basemod2] 4bcf0b5b-938d-496d-95c5-9c6833af251f: MM tag refers to bases beyond sequence length
[W::hts_idx_load3] The index file is older than the data file: /bip7_disk/pingting114/mixed_bam/COLO829_PAO/TF0_25x/TF0_25x.rep5.bam.bai
[W::bam_next_basemod] MM tag refers to bases beyond sequence length
[W::hts_idx_load3] The index file is older than the data file: /bip7_disk/pingting114/mixed_bam/COLO829_PAO/TF0_25x/TF0_25x.rep5.bam.bai
[W::hts_idx_load3] The index file is older than the data file: /bip7_disk/pingting114/mixed_bam/COLO829_PAO/TF0_25x/TF0_25x.rep5.bam.bai
[W::hts_idx_load3] The index file is older than the data file: /bip7_disk/pingting114/mixed_bam/COLO829_PAO/TF0_25x/TF0_25x.rep5.bam.bai
[W::hts_idx_load3] The index file is older than the data file: /bip7_disk/pingting114/mixed_bam/COLO829_PAO/TF0_25x/TF0_25x.rep5.bam.bai
[W::hts_idx_load3] The index file is older than the data file: /bip7_disk/pingting114/mixed_bam/COLO829_PAO/TF0_25x/TF0_25x.rep5.bam.bai
[W::bam_next_basemod] MM tag refers to bases beyond sequence length
[W::hts_idx_load3] The index file is older than the data file: /bip7_disk/pingting114/mixed_bam/COLO829_PAO/TF0_25x/TF0_25x.rep5.bam.bai
[W::hts_idx_load3] The index file is older than the data file: /bip7_disk/pingting114/mixed_bam/COLO829_PAO/TF0_25x/TF0_25x.rep5.bam.bai
[W::hts_idx_load3] The index file is older than the data file: /bip7_disk/pingting114/mixed_bam/COLO829_PAO/TF0_25x/TF0_25x.rep5.bam.bai
[W::hts_idx_load3] The index file is older than the data file: /bip7_disk/pingting114/mixed_bam/COLO829_PAO/TF0_25x/TF0_25x.rep5.bam.bai
[W::hts_idx_load3] The index file is older than the data file: /bip7_disk/pingting114/mixed_bam/COLO829_PAO/TF0_25x/TF0_25x.rep5.bam.bai
[W::hts_idx_load3] The index file is older than the data file: /bip7_disk/pingting114/mixed_bam/COLO829_PAO/TF0_25x/TF0_25x.rep5.bam.bai
[W::hts_idx_load3] The index file is older than the data file: /bip7_disk/pingting114/mixed_bam/COLO829_PAO/TF0_25x/TF0_25x.rep5.bam.bai
[W::hts_idx_load3] The index file is older than the data file: /bip7_disk/pingting114/mixed_bam/COLO829_PAO/TF0_25x/TF0_25x.rep5.bam.bai
[W::hts_idx_load3] The index file is older than the data file: /bip7_disk/pingting114/mixed_bam/COLO829_PAO/TF0_25x/TF0_25x.rep5.bam.bai
[W::hts_idx_load3] The index file is older than the data file: /bip7_disk/pingting114/mixed_bam/COLO829_PAO/TF0_25x/TF0_25x.rep5.bam.bai
[W::hts_idx_load3] The index file is older than the data file: /bip7_disk/pingting114/mixed_bam/COLO829_PAO/TF0_25x/TF0_25x.rep5.bam.bai
[E::bam_parse_basemod2] fca6a8cb-cdd1-494b-b62c-27e2bf4fb5a4: MM tag refers to bases beyond sequence length
[W::bam_next_basemod] MM tag refers to bases beyond sequence length
[W::hts_idx_load3] The index file is older than the data file: /bip7_disk/pingting114/mixed_bam/COLO829_PAO/TF0_25x/TF0_25x.rep5.bam.bai
[W::hts_idx_load3] The index file is older than the data file: /bip7_disk/pingting114/mixed_bam/COLO829_PAO/TF0_25x/TF0_25x.rep5.bam.bai
[E::bam_parse_basemod2] a5552d75-7c1c-483e-98b4-828a4531fcf8: MM tag refers to bases beyond sequence length
[W::hts_idx_load3] The index file is older than the data file: /bip7_disk/pingting114/mixed_bam/COLO829_PAO/TF0_25x/TF0_25x.rep5.bam.bai
[W::hts_idx_load3] The index file is older than the data file: /bip7_disk/pingting114/mixed_bam/COLO829_PAO/TF0_25x/TF0_25x.rep5.bam.bai
[W::hts_idx_load3] The index file is older than the data file: /bip7_disk/pingting114/mixed_bam/COLO829_PAO/TF0_25x/TF0_25x.rep5.bam.bai
[W::hts_idx_load3] The index file is older than the data file: /bip7_disk/pingting114/mixed_bam/COLO829_PAO/TF0_25x/TF0_25x.rep5.bam.bai
[W::hts_idx_load3] The index file is older than the data file: /bip7_disk/pingting114/mixed_bam/COLO829_PAO/TF0_25x/TF0_25x.rep5.bam.bai
[W::hts_idx_load3] The index file is older than the data file: /bip7_disk/pingting114/mixed_bam/COLO829_PAO/TF0_25x/TF0_25x.rep5.bam.bai
[E::bam_parse_basemod2] 8942e71c-3698-4f51-896c-6d569bd82dc6: MM tag refers to bases beyond sequence length
[W::hts_idx_load3] The index file is older than the data file: /bip7_disk/pingting114/mixed_bam/COLO829_PAO/TF0_25x/TF0_25x.rep5.bam.bai
[W::hts_idx_load3] The index file is older than the data file: /bip7_disk/pingting114/mixed_bam/COLO829_PAO/TF0_25x/TF0_25x.rep5.bam.bai
[W::hts_idx_load3] The index file is older than the data file: /bip7_disk/pingting114/mixed_bam/COLO829_PAO/TF0_25x/TF0_25x.rep5.bam.bai
[W::hts_idx_load3] The index file is older than the data file: /bip7_disk/pingting114/mixed_bam/COLO829_PAO/TF0_25x/TF0_25x.rep5.bam.bai
[W::hts_idx_load3] The index file is older than the data file: /bip7_disk/pingting114/mixed_bam/COLO829_PAO/TF0_25x/TF0_25x.rep5.bam.bai
[W::hts_idx_load3] The index file is older than the data file: /bip7_disk/pingting114/mixed_bam/COLO829_PAO/TF0_25x/TF0_25x.rep5.bam.bai
[W::hts_idx_load3] The index file is older than the data file: /bip7_disk/pingting114/mixed_bam/COLO829_PAO/TF0_25x/TF0_25x.rep5.bam.bai
[W::hts_idx_load3] The index file is older than the data file: /bip7_disk/pingting114/mixed_bam/COLO829_PAO/TF0_25x/TF0_25x.rep5.bam.bai
[W::hts_idx_load3] The index file is older than the data file: /bip7_disk/pingting114/mixed_bam/COLO829_PAO/TF0_25x/TF0_25x.rep5.bam.bai
[E::bam_parse_basemod2] 6d5a454b-1ed5-47b6-96b4-4261e664c2ad: MM tag refers to bases beyond sequence length
[W::hts_idx_load3] The index file is older than the data file: /bip7_disk/pingting114/mixed_bam/COLO829_PAO/TF0_25x/TF0_25x.rep5.bam.bai
[W::hts_idx_load3] The index file is older than the data file: /bip7_disk/pingting114/mixed_bam/COLO829_PAO/TF0_25x/TF0_25x.rep5.bam.bai
[W::bam_next_basemod] MM tag refers to bases beyond sequence length
[E::bam_parse_basemod2] 8c17fa70-cf30-4e9d-aaef-4781a2255f99: MM tag refers to bases beyond sequence length
[W::hts_idx_load3] The index file is older than the data file: /bip7_disk/pingting114/mixed_bam/COLO829_PAO/TF0_25x/TF0_25x.rep5.bam.bai
[E::bam_parse_basemod2] 5a463cf3-71b6-4937-8bd2-4730ee761cff: MM tag refers to bases beyond sequence length
[W::hts_idx_load3] The index file is older than the data file: /bip7_disk/pingting114/mixed_bam/COLO829_PAO/TF0_25x/TF0_25x.rep5.bam.bai
[W::hts_idx_load3] The index file is older than the data file: /bip7_disk/pingting114/mixed_bam/COLO829_PAO/TF0_25x/TF0_25x.rep5.bam.bai
[W::hts_idx_load3] The index file is older than the data file: /bip7_disk/pingting114/mixed_bam/COLO829_PAO/TF0_25x/TF0_25x.rep5.bam.bai
[W::hts_idx_load3] The index file is older than the data file: /bip7_disk/pingting114/mixed_bam/COLO829_PAO/TF0_25x/TF0_25x.rep5.bam.bai
[W::hts_idx_load3] The index file is older than the data file: /bip7_disk/pingting114/mixed_bam/COLO829_PAO/TF0_25x/TF0_25x.rep5.bam.bai
[W::bam_next_basemod] MM tag refers to bases beyond sequence length
[W::hts_idx_load3] The index file is older than the data file: /bip7_disk/pingting114/mixed_bam/COLO829_PAO/TF0_25x/TF0_25x.rep5.bam.bai
DONE /bip7_disk/pingting114/mixed_bam/COLO829_PAO/TF0_25x/TF0_25x.rep5.bam -> execution/raw/COLO829_TF0_rep5.json
